TABLE_SCHEMA,TABLE_NAME,COLUMN_NAME,DATA_TYPE,IS_NULLABLE
dbo,ACCOUNT,ROWID,int,NO
dbo,ACCOUNT,ID,nvarchar,NO
dbo,ACCOUNT,DESCRIPTION,nvarchar,YES
dbo,ACCOUNT,TYPE,nchar,NO
dbo,ACCOUNT,SUMMARY_ACCOUNT,nchar,NO
dbo,ACCOUNT,PARENT_ACCT_ID,nvarchar,YES
dbo,ACCOUNT,CURRENCY_ID,nvarchar,YES
dbo,ACCOUNT,REVALUE,nchar,NO
dbo,ACCOUNT,PROJECT_ACCOUNT,nchar,YES
dbo,ACCOUNT,ACTIVE_FLAG,nchar,YES
dbo,ACCOUNT,STATUS_EFF_DATE,datetime,NO
dbo,ACCOUNT_AT_NATIVE,ROWID,int,NO
dbo,ACCOUNT_AT_NATIVE,ACCOUNT_ID,nvarchar,NO
dbo,ACCOUNT_AT_NATIVE,SITE_ID,nvarchar,NO
dbo,ACCOUNT_AT_NATIVE,ACCT_YEAR,decimal,NO
dbo,ACCOUNT_AT_NATIVE,ACCT_PERIOD,decimal,NO
dbo,ACCOUNT_AT_NATIVE,DEBIT_AMOUNT,decimal,NO
dbo,ACCOUNT_AT_NATIVE,CREDIT_AMOUNT,decimal,NO
dbo,ACCOUNT_AT_NATIVE,CURRENCY_ID,nvarchar,NO
dbo,ACCOUNT_BAL_DIM,ROWID,int,NO
dbo,ACCOUNT_BAL_DIM,ACCOUNT_ID,nvarchar,NO
dbo,ACCOUNT_BAL_DIM,SITE_ID,nvarchar,NO
dbo,ACCOUNT_BAL_DIM,ACCT_YEAR,decimal,NO
dbo,ACCOUNT_BAL_DIM,ACCT_PERIOD,decimal,NO
dbo,ACCOUNT_BAL_DIM,CURRENCY_ID,nvarchar,NO
dbo,ACCOUNT_BAL_DIM,USER_DIMENSION_1,nvarchar,NO
dbo,ACCOUNT_BAL_DIM,USER_DIMENSION_2,nvarchar,NO
dbo,ACCOUNT_BAL_DIM,CUST_ORDER_ID,nvarchar,NO
dbo,ACCOUNT_BAL_DIM,PRODUCT_CODE,nvarchar,NO
dbo,ACCOUNT_BAL_DIM,DEBIT_AMOUNT,decimal,NO
dbo,ACCOUNT_BAL_DIM,CREDIT_AMOUNT,decimal,NO
dbo,ACCOUNT_BAL_DIM,FLAG,int,NO
dbo,ACCOUNT_BAL_DIM,CURR_BALANCE,decimal,YES
dbo,ACCOUNT_BAL_SUM,ROWID,int,NO
dbo,ACCOUNT_BAL_SUM,SPID,nvarchar,NO
dbo,ACCOUNT_BAL_SUM,ACCOUNT_ID,nvarchar,NO
dbo,ACCOUNT_BAL_SUM,SITE_ID,nvarchar,NO
dbo,ACCOUNT_BAL_SUM,ACCT_YEAR,decimal,NO
dbo,ACCOUNT_BAL_SUM,ACCT_PERIOD,decimal,NO
dbo,ACCOUNT_BAL_SUM,O_DEBIT_AMOUNT,decimal,NO
dbo,ACCOUNT_BAL_SUM,O_CREDIT_AMOUNT,decimal,NO
dbo,ACCOUNT_BAL_SUM,O_DEBIT_BUDGET,decimal,NO
dbo,ACCOUNT_BAL_SUM,O_CREDIT_BUDGET,decimal,NO
dbo,ACCOUNT_BAL_SUM,N_DEBIT_AMOUNT,decimal,NO
dbo,ACCOUNT_BAL_SUM,N_CREDIT_AMOUNT,decimal,NO
dbo,ACCOUNT_BAL_SUM,N_DEBIT_BUDGET,decimal,NO
dbo,ACCOUNT_BAL_SUM,N_CREDIT_BUDGET,decimal,NO
dbo,ACCOUNT_BAL_SUM,FLAG,int,NO
dbo,ACCOUNT_BAL_SUM,CURRENCY_ID,nvarchar,NO
dbo,ACCOUNT_BALANCE,ROWID,int,NO
dbo,ACCOUNT_BALANCE,ACCOUNT_ID,nvarchar,NO
dbo,ACCOUNT_BALANCE,SITE_ID,nvarchar,NO
dbo,ACCOUNT_BALANCE,ACCT_YEAR,decimal,NO
dbo,ACCOUNT_BALANCE,ACCT_PERIOD,decimal,NO
dbo,ACCOUNT_BALANCE,DEBIT_AMOUNT,decimal,NO
dbo,ACCOUNT_BALANCE,CREDIT_AMOUNT,decimal,NO
dbo,ACCOUNT_BALANCE,DEBIT_BUDGET,decimal,NO
dbo,ACCOUNT_BALANCE,CREDIT_BUDGET,decimal,NO
dbo,ACCOUNT_BALANCE,FLAG,int,NO
dbo,ACCOUNT_BALANCE,CURRENCY_ID,nvarchar,NO
dbo,ACCOUNT_BALANCE,CURR_BALANCE,decimal,YES
dbo,ACCOUNT_BALANCE,SOA_BAL_SENT,nchar,YES
dbo,ACCOUNT_BUDGET,ROWID,int,NO
dbo,ACCOUNT_BUDGET,account_id,nvarchar,NO
dbo,ACCOUNT_BUDGET,SITE_ID,nvarchar,NO
dbo,ACCOUNT_BUDGET,acct_year,decimal,NO
dbo,ACCOUNT_BUDGET,acct_period,decimal,NO
dbo,ACCOUNT_BUDGET,budget_type,nvarchar,NO
dbo,ACCOUNT_BUDGET,budget_code,nvarchar,NO
dbo,ACCOUNT_BUDGET,currency_id,nvarchar,NO
dbo,ACCOUNT_BUDGET,budget_dr_amount,decimal,NO
dbo,ACCOUNT_BUDGET,budget_cr_amount,decimal,NO
dbo,ACCOUNT_BUDGET,FLAG,int,NO
dbo,ACCOUNT_BUDGET_SUM,ROWID,int,NO
dbo,ACCOUNT_BUDGET_SUM,SPID,nvarchar,NO
dbo,ACCOUNT_BUDGET_SUM,ACCOUNT_ID,nvarchar,NO
dbo,ACCOUNT_BUDGET_SUM,SITE_ID,nvarchar,NO
dbo,ACCOUNT_BUDGET_SUM,ACCT_YEAR,decimal,NO
dbo,ACCOUNT_BUDGET_SUM,ACCT_PERIOD,decimal,NO
dbo,ACCOUNT_BUDGET_SUM,BUDGET_TYPE,nvarchar,NO
dbo,ACCOUNT_BUDGET_SUM,BUDGET_CODE,nvarchar,NO
dbo,ACCOUNT_BUDGET_SUM,CURRENCY_ID,nvarchar,NO
dbo,ACCOUNT_BUDGET_SUM,O_BUDGET_DR_AMOUNT,decimal,NO
dbo,ACCOUNT_BUDGET_SUM,O_BUDGET_CR_AMOUNT,decimal,NO
dbo,ACCOUNT_BUDGET_SUM,N_BUDGET_DR_AMOUNT,decimal,NO
dbo,ACCOUNT_BUDGET_SUM,N_BUDGET_CR_AMOUNT,decimal,NO
dbo,ACCOUNT_BUDGET_SUM,FLAG,int,NO
dbo,ACCOUNT_CHG_LOG,ROWID,int,NO
dbo,ACCOUNT_CHG_LOG,TRANSACTION_ID,smallint,NO
dbo,ACCOUNT_CHG_LOG,ACCOUNT_ID,nvarchar,NO
dbo,ACCOUNT_CHG_LOG,CREATE_DATE,datetime,NO
dbo,ACCOUNT_CHG_LOG,FROM_TYPE,nchar,NO
dbo,ACCOUNT_CHG_LOG,TO_TYPE,nchar,NO
dbo,ACCOUNT_CHG_LOG,USER_ID,nvarchar,NO
dbo,ACCOUNT_GROUP,ROWID,int,NO
dbo,ACCOUNT_GROUP,GROUP_ID,nvarchar,NO
dbo,ACCOUNT_GROUP,ACCOUNT_ID,nvarchar,NO
dbo,ACCOUNT_GROUP,ADD_ASSET_EXPENSE,int,NO
dbo,ACCOUNT_PERIOD,ROWID,int,NO
dbo,ACCOUNT_PERIOD,ACCT_YEAR,decimal,NO
dbo,ACCOUNT_PERIOD,ACCT_PERIOD,decimal,NO
dbo,ACCOUNT_PERIOD,STATUS,nchar,NO
dbo,ACCOUNT_PERIOD,BEGIN_DATE,datetime,YES
dbo,ACCOUNT_PERIOD,END_DATE,datetime,YES
dbo,ACCOUNT_PERIOD,STATUS_EFF_DATE,datetime,NO
dbo,ACCOUNT_PERIOD,SITE_ID,nvarchar,NO
dbo,ACCOUNT_PERIOD,CALENDAR_ID,nvarchar,YES
dbo,ACCOUNT_PROFILE,ROWID,int,NO
dbo,ACCOUNT_PROFILE,account_type,nvarchar,NO
dbo,ACCOUNT_PROFILE,profile_id,nvarchar,NO
dbo,ACCOUNT_PROFILE,start_account,nvarchar,YES
dbo,ACCOUNT_PROFILE,end_account,nvarchar,YES
dbo,ACCOUNT_PROFILE,profile_type,nvarchar,NO
dbo,ACCOUNT_PROFILE,account_id,nvarchar,NO
dbo,ACCOUNT_PROFILE,profile_amount,decimal,YES
dbo,ACCOUNT_SITE,ROWID,int,NO
dbo,ACCOUNT_SITE,ACCOUNT_ID,nvarchar,NO
dbo,ACCOUNT_SITE,SITE_ID,nvarchar,NO
dbo,ACCOUNT_SITE,IS_VIEWABLE,nchar,NO
dbo,ACCOUNTING_ENTITY,ROWID,int,NO
dbo,ACCOUNTING_ENTITY,ID,nvarchar,NO
dbo,ACCOUNTING_ENTITY,ENTITY_NAME,nvarchar,YES
dbo,ACCOUNTING_ENTITY,ENTITY_ADDR_1,nvarchar,YES
dbo,ACCOUNTING_ENTITY,ENTITY_ADDR_2,nvarchar,YES
dbo,ACCOUNTING_ENTITY,ENTITY_ADDR_3,nvarchar,YES
dbo,ACCOUNTING_ENTITY,ENTITY_CITY,nvarchar,YES
dbo,ACCOUNTING_ENTITY,ENTITY_STATE,nvarchar,YES
dbo,ACCOUNTING_ENTITY,ENTITY_ZIPCODE,nvarchar,YES
dbo,ACCOUNTING_ENTITY,ENTITY_COUNTRY,nvarchar,YES
dbo,ACCOUNTING_ENTITY,STATUS,nchar,NO
dbo,ACCOUNTING_ENTITY,TAX_ID_NUMBER,nvarchar,YES
dbo,ACCOUNTING_ENTITY,DEF_LANGUAGE_ID,nvarchar,NO
dbo,ACCOUNTING_ENTITY,FUNCTIONAL_CURRENCY_ID,nvarchar,YES
dbo,ACCOUNTING_ENTITY,XCHG_RATE_DATE,nchar,NO
dbo,ACCOUNTING_ENTITY,XCHG_RATE_DEF_RCPT,nchar,NO
dbo,ACCOUNTING_ENTITY,COSTING_INTERLEVEL,nchar,NO
dbo,ACCOUNTING_ENTITY,COSTING_METHOD,nchar,NO
dbo,ACCOUNTING_ENTITY,COSTING_SOURCE,nchar,NO
dbo,ACCOUNTING_ENTITY,COSTING_STD_LABOR,nchar,NO
dbo,ACCOUNTING_ENTITY,COSTING_WIP_METHOD,nchar,NO
dbo,ACCOUNTING_ENTITY,COST_BY_TRACE_ID,nchar,YES
dbo,ACCOUNTING_ENTITY,BURDEN_SOURCE,nchar,NO
dbo,ACCOUNTING_ENTITY,FIFO_BY_LOCATION,nchar,NO
dbo,ACCOUNTING_ENTITY,EARNED_REV_METHOD,nchar,YES
dbo,ACCOUNTING_ENTITY,VAT_ENABLED,nchar,NO
dbo,ACCOUNTING_ENTITY,VAT_DISCOUNTED,nchar,NO
dbo,ACCOUNTING_ENTITY,VAT_REGISTRATION,nvarchar,YES
dbo,ACCOUNTING_ENTITY,VAT_PAYB_EXPORT_ID,nvarchar,YES
dbo,ACCOUNTING_ENTITY,VAT_RECV_EXPORT_ID,nvarchar,YES
dbo,ACCOUNTING_ENTITY,VAT_CATEGORY_REQD,nvarchar,YES
dbo,ACCOUNTING_ENTITY,VAT_ON_FREIGHT,nvarchar,YES
dbo,ACCOUNTING_ENTITY,NEXT_VAT_SEQ,int,NO
dbo,ACCOUNTING_ENTITY,VAT_FILE_PREFIX,nvarchar,YES
dbo,ACCOUNTING_ENTITY,VAT_FILE_ZEROS,nchar,YES
dbo,ACCOUNTING_ENTITY,VAT_FILE_PLACES,smallint,YES
dbo,ACCOUNTING_ENTITY,VAT_BOOK_NUM_GEN,nchar,NO
dbo,ACCOUNTING_ENTITY,INTRASTAT_ENABLED,nchar,NO
dbo,ACCOUNTING_ENTITY,VERIFY_INTRASTAT,nvarchar,YES
dbo,ACCOUNTING_ENTITY,COUNTRY_ID,nvarchar,YES
dbo,ACCOUNTING_ENTITY,BRANCH_ID,nvarchar,YES
dbo,ACCOUNTING_ENTITY,NEXT_INTRASTAT_SEQ,int,NO
dbo,ACCOUNTING_ENTITY,INTRA_FILE_PREFIX,nvarchar,YES
dbo,ACCOUNTING_ENTITY,INTRA_FILE_ZEROS,nchar,YES
dbo,ACCOUNTING_ENTITY,INTRA_FILE_PLACES,int,NO
dbo,ACCOUNTING_ENTITY,INTRASTAT_FREQ,nchar,YES
dbo,ACCOUNTING_ENTITY,INTRA_ARRV_EXPT_ID,nvarchar,YES
dbo,ACCOUNTING_ENTITY,INTRA_DISP_EXPT_ID,nvarchar,YES
dbo,ACCOUNTING_ENTITY,NEXT_ESL_SEQ,int,NO
dbo,ACCOUNTING_ENTITY,ESL_FILE_PREFIX,nvarchar,YES
dbo,ACCOUNTING_ENTITY,ESL_FILE_ZEROS,nchar,YES
dbo,ACCOUNTING_ENTITY,ESL_FILE_PLACES,smallint,YES
dbo,ACCOUNTING_ENTITY,ESL_FREQ,nchar,YES
dbo,ACCOUNTING_ENTITY,ESL_EXPORT_ID,nvarchar,YES
dbo,ACCOUNTING_ENTITY,A_SHOW_COUNTRY,nchar,YES
dbo,ACCOUNTING_ENTITY,A_SHOW_EXCISE_PR,nchar,YES
dbo,ACCOUNTING_ENTITY,A_SHOW_PORT_ARRVL,nchar,YES
dbo,ACCOUNTING_ENTITY,A_SHOW_PORT_TRANS,nchar,YES
dbo,ACCOUNTING_ENTITY,A_SHOW_REGION,nchar,YES
dbo,ACCOUNTING_ENTITY,A_SHOW_SIRET_NO,nchar,YES
dbo,ACCOUNTING_ENTITY,A_SHOW_TARIFF_CODE,nchar,YES
dbo,ACCOUNTING_ENTITY,D_SHOW_COUNTRY,nchar,YES
dbo,ACCOUNTING_ENTITY,D_SHOW_EXCISE_PR,nchar,YES
dbo,ACCOUNTING_ENTITY,D_SHOW_PORT_ARRVL,nchar,YES
dbo,ACCOUNTING_ENTITY,D_SHOW_PORT_TRANS,nchar,YES
dbo,ACCOUNTING_ENTITY,D_SHOW_REGION,nchar,YES
dbo,ACCOUNTING_ENTITY,D_SHOW_SIRET_NO,nchar,YES
dbo,ACCOUNTING_ENTITY,D_SHOW_TARIFF_CODE,nchar,YES
dbo,ACCOUNTING_ENTITY,NEXT_PAY_BATCH_SEQ,int,NO
dbo,ACCOUNTING_ENTITY,PAY_FILE_PREFIX,nvarchar,YES
dbo,ACCOUNTING_ENTITY,PAY_FILE_ZEROS,nchar,YES
dbo,ACCOUNTING_ENTITY,PAY_FILE_PLACES,smallint,NO
dbo,ACCOUNTING_ENTITY,WITHHOLD_ENABLED,nchar,NO
dbo,ACCOUNTING_ENTITY,WH_CERTIF_EXPT_ID,nvarchar,YES
dbo,ACCOUNTING_ENTITY,WH_SUMMARY_EXPT_ID,nvarchar,YES
dbo,ACCOUNTING_ENTITY,NEXT_WITHHOLD_SEQ,int,NO
dbo,ACCOUNTING_ENTITY,CASH_PERCENT_VAR,nchar,YES
dbo,ACCOUNTING_ENTITY,CASH_MIN_VAR,decimal,NO
dbo,ACCOUNTING_ENTITY,CASH_MAX_VAR,decimal,NO
dbo,ACCOUNTING_ENTITY,COMMISSION_SUPPORT,nchar,NO
dbo,ACCOUNTING_ENTITY,COMM_PAYMENT_METH,nchar,NO
dbo,ACCOUNTING_ENTITY,SOCIAL_SECURITY_NO,nvarchar,YES
dbo,ACCOUNTING_ENTITY,WIPVAS_ENABLED,nchar,NO
dbo,ACCOUNTING_ENTITY,DDP_ENABLED,nchar,NO
dbo,ACCOUNTING_ENTITY,AUTO_ALLOCATE,nchar,YES
dbo,ACCOUNTING_ENTITY,CO_ALLOC_LEVEL,nchar,YES
dbo,ACCOUNTING_ENTITY,REQ_ALLOC_LEVEL,nchar,YES
dbo,ACCOUNTING_ENTITY,DEF_SHIP_WEIGHT_UM,nvarchar,YES
dbo,ACCOUNTING_ENTITY,BACKORD_FILL_RATE,decimal,NO
dbo,ACCOUNTING_ENTITY,PROJ_BURDEN_RULE,nchar,YES
dbo,ACCOUNTING_ENTITY,REQ_APP1_LABEL,nvarchar,YES
dbo,ACCOUNTING_ENTITY,REQ_APP2_LABEL,nvarchar,YES
dbo,ACCOUNTING_ENTITY,REQ_APP3_LABEL,nvarchar,YES
dbo,ACCOUNTING_ENTITY,REQ_APP4_LABEL,nvarchar,YES
dbo,ACCOUNTING_ENTITY,REQ_GEN_ALL_TASKS,nchar,NO
dbo,ACCOUNTING_ENTITY,REQ_CMNT_PWD_REQ,nchar,NO
dbo,ACCOUNTING_ENTITY,CALENDAR_ID,nvarchar,YES
dbo,ACCOUNTING_ENTITY,DEF_CASH_MGT_BANK_AR,nvarchar,YES
dbo,ACCOUNTING_ENTITY,DEF_CASH_MGT_BANK_AP,nvarchar,YES
dbo,ACCOUNTING_ENTITY,CUST_BAL_INCL_TYPE,nchar,YES
dbo,ACCOUNTING_ENTITY,ENTITY_COUNTRY_ID,nvarchar,YES
dbo,ACCOUNTING_ENTITY,FIN_BATCH_SINGLE_TRANS,nchar,NO
dbo,ACCT_BAL_DIM_BATCH,SITE_ID,nvarchar,NO
dbo,ACCT_BAL_DIM_BATCH,BATCH_ID,nvarchar,NO
dbo,ACCT_BAL_DIM_BATCH,BATCH_ACTION,nchar,NO
dbo,ACCT_BAL_DIM_BATCH,ACCT_YEAR,decimal,YES
dbo,ACCT_BAL_DIM_BATCH,ACCT_PERIOD,decimal,YES
dbo,ACCT_BAL_DIM_BATCH,FAILED_ATTEMPTS,smallint,NO
dbo,ACCT_BAL_DIM_BATCH,CREATE_DATE,datetime,NO
dbo,ADDRESS_POS_SETUP,ROWID,int,NO
dbo,ADDRESS_POS_SETUP,country,nvarchar,NO
dbo,ADDRESS_POS_SETUP,field_no,smallint,NO
dbo,ADDRESS_POS_SETUP,field_type,nchar,NO
dbo,ADDRESS_POS_SETUP,title,nvarchar,YES
dbo,ADDRESS_POS_SETUP,line_no,smallint,NO
dbo,ADDRESS_POS_SETUP,position_no,smallint,YES
dbo,ADDRESS_POS_SETUP,visible,smallint,YES
dbo,ADDRESS_POS_SETUP,percentage,decimal,YES
dbo,ADDRESS_POS_SETUP,down_height,decimal,YES
dbo,ADDRESS_POS_SETUP,across_width,decimal,YES
dbo,ADJ_REASON,ROWID,int,NO
dbo,ADJ_REASON,ID,nvarchar,NO
dbo,ADJ_REASON,DESCRIPTION,nvarchar,YES
dbo,ADJ_REASON,ADJ_GL_ACCT_ID,nvarchar,YES
dbo,ADJ_REASON_SYNC,ROWID,int,NO
dbo,ADJ_REASON_SYNC,EVENT_ID,int,NO
dbo,ADJ_REASON_SYNC,TYPE,nchar,NO
dbo,ADJ_REASON_SYNC,CREATE_DATE,datetime,NO
dbo,ADJ_REASON_SYNC,REASON_ID,nvarchar,NO
dbo,ADJ_REASON_SYNC,EXCEPTION,nchar,NO
dbo,ADJ_REASON_SYNC,SUBSCRIPTIONS,int,NO
dbo,ADJUSTMENT_DETAIL,ROWID,int,NO
dbo,ADJUSTMENT_DETAIL,TRANSACTION_ID,int,NO
dbo,ADJUSTMENT_DETAIL,DIST_NO,smallint,NO
dbo,ADJUSTMENT_DETAIL,PART_ID,nvarchar,YES
dbo,ADJUSTMENT_DETAIL,ACT_MATERIAL_COST,decimal,YES
dbo,ADJUSTMENT_DETAIL,ACT_LABOR_COST,decimal,YES
dbo,ADJUSTMENT_DETAIL,ACT_BURDEN_COST,decimal,YES
dbo,ADJUSTMENT_DETAIL,ACT_SERVICE_COST,decimal,YES
dbo,ADJUSTMENT_DETAIL,REFERENCE,nvarchar,YES
dbo,ADJUSTMENT_DETAIL,CURRENCY_ID,nvarchar,NO
dbo,ADJUSTMENT_DETAIL,DR_MAT_GL_ACCT_ID,nvarchar,YES
dbo,ADJUSTMENT_DETAIL,DR_LAB_GL_ACCT_ID,nvarchar,YES
dbo,ADJUSTMENT_DETAIL,DR_BUR_GL_ACCT_ID,nvarchar,YES
dbo,ADJUSTMENT_DETAIL,DR_SER_GL_ACCT_ID,nvarchar,YES
dbo,ADJUSTMENT_DETAIL,CR_MAT_GL_ACCT_ID,nvarchar,YES
dbo,ADJUSTMENT_DETAIL,CR_LAB_GL_ACCT_ID,nvarchar,YES
dbo,ADJUSTMENT_DETAIL,CR_BUR_GL_ACCT_ID,nvarchar,YES
dbo,ADJUSTMENT_DETAIL,CR_SER_GL_ACCT_ID,nvarchar,YES
dbo,ADJUSTMENT_DIST,ROWID,int,NO
dbo,ADJUSTMENT_DIST,TRANSACTION_ID,int,NO
dbo,ADJUSTMENT_DIST,DIST_NO,smallint,NO
dbo,ADJUSTMENT_DIST,ENTRY_NO,smallint,NO
dbo,ADJUSTMENT_DIST,AMOUNT,decimal,NO
dbo,ADJUSTMENT_DIST,AMOUNT_TYPE,nchar,NO
dbo,ADJUSTMENT_DIST,GL_ACCOUNT_ID,nvarchar,NO
dbo,ADJUSTMENT_DIST,SITE_ID,nvarchar,NO
dbo,ADJUSTMENT_DIST,POSTING_STATUS,nchar,NO
dbo,ADJUSTMENT_DIST,POSTING_DATE,datetime,NO
dbo,ADJUSTMENT_DIST,BATCH_ID,nvarchar,YES
dbo,ADJUSTMENT_DIST,CREATE_DATE,datetime,NO
dbo,ADJUSTMENT_DIST,USER_ID,nvarchar,NO
dbo,ADJUSTMENT_DIST,CURRENCY_ID,nvarchar,NO
dbo,ADJUSTMENT_DIST,NATIVE,nchar,YES
dbo,ADV_SHIP_NOTICE,ROWID,int,NO
dbo,ADV_SHIP_NOTICE,id,nvarchar,NO
dbo,ADV_SHIP_NOTICE,bol_id,nvarchar,YES
dbo,ADV_SHIP_NOTICE,customs_doc_id,nvarchar,YES
dbo,ADV_SHIP_NOTICE,exped_trans_code,nvarchar,YES
dbo,ADV_SHIP_NOTICE,carrier_id,nvarchar,YES
dbo,ADV_SHIP_NOTICE,exped_trans_auth,nvarchar,YES
dbo,ADV_SHIP_NOTICE,lading_code,nvarchar,YES
dbo,ADV_SHIP_NOTICE,lading_quantity,decimal,YES
dbo,ADV_SHIP_NOTICE,trans_method_code,nvarchar,YES
dbo,ADV_SHIP_NOTICE,shipment_id,nvarchar,YES
dbo,ADV_SHIP_NOTICE,equipment_descr,nvarchar,YES
dbo,ADV_SHIP_NOTICE,equipment_initial,nvarchar,YES
dbo,ADV_SHIP_NOTICE,air_pro_type,nvarchar,YES
dbo,ADV_SHIP_NOTICE,air_pro_number,nvarchar,YES
dbo,ADV_SHIP_NOTICE,asn_on_hold,nvarchar,YES
dbo,ADV_SHIP_NOTICE,asn_transmitted,nvarchar,YES
dbo,ADV_SHIP_NOTICE,user_1,nvarchar,YES
dbo,ADV_SHIP_NOTICE,user_2,nvarchar,YES
dbo,ADV_SHIP_NOTICE,user_3,nvarchar,YES
dbo,ADV_SHIP_NOTICE,user_4,nvarchar,YES
dbo,ADV_SHIP_NOTICE,user_5,nvarchar,YES
dbo,ADV_SHIP_NOTICE,user_6,nvarchar,YES
dbo,ADV_SHIP_NOTICE,user_7,nvarchar,YES
dbo,ADV_SHIP_NOTICE,user_8,nvarchar,YES
dbo,ADV_SHIP_NOTICE,user_9,nvarchar,YES
dbo,ADV_SHIP_NOTICE,user_10,nvarchar,YES
dbo,ADV_SHIP_NOTICE,UDF_LAYOUT_ID,nvarchar,YES
dbo,ADV_SHIP_NOTICE,EDI_TRANSMITTED_BY,nvarchar,YES
dbo,ADV_SHIP_NOTICE,EDI_TRANSMIT_DATE,datetime,YES
dbo,ADV_SHIP_NOTICE,MASTER_BOL_ID,nvarchar,YES
dbo,AIC,ROWID,int,NO
dbo,AIC,CODE,nvarchar,NO
dbo,AIC,DESCRIPTION,nvarchar,YES
dbo,AIC_SYNC,ROWID,int,NO
dbo,AIC_SYNC,EVENT_ID,int,NO
dbo,AIC_SYNC,TYPE,nchar,NO
dbo,AIC_SYNC,CREATE_DATE,datetime,NO
dbo,AIC_SYNC,AIC_CODE,nvarchar,NO
dbo,AIC_SYNC,EXCEPTION,nchar,NO
dbo,AIC_SYNC,SUBSCRIPTIONS,int,NO
dbo,ALLOCATION,ROWID,int,NO
dbo,ALLOCATION,ID,nvarchar,NO
dbo,ALLOCATION,DESCRIPTION,nvarchar,YES
dbo,ALLOCATION,GROUP_ID,nvarchar,YES
dbo,ALLOCATION,FROM_GL_ACCT_ID,nvarchar,NO
dbo,ALLOCATION,FROM_SITE_ID,nvarchar,NO
dbo,ALLOCATION,TRIGGER_FREQ,nchar,NO
dbo,ALLOCATION,TRIGGER_DAY,smallint,YES
dbo,ALLOCATION,VARIABLE_NAME_1,nvarchar,YES
dbo,ALLOCATION,VARIABLE_NAME_2,nvarchar,YES
dbo,ALLOCATION,VARIABLE_NAME_3,nvarchar,YES
dbo,ALLOCATION,VARIABLE_NAME_4,nvarchar,YES
dbo,ALLOCATION,VARIABLE_NAME_5,nvarchar,YES
dbo,ALLOCATION,VARIABLE_NAME_6,nvarchar,YES
dbo,ALLOCATION,VARIABLE_NAME_7,nvarchar,YES
dbo,ALLOCATION,VARIABLE_NAME_8,nvarchar,YES
dbo,ALLOCATION,VARIABLE_NAME_9,nvarchar,YES
dbo,ALLOCATION,VARIABLE_NAME_10,nvarchar,YES
dbo,ALLOCATION,VARIABLE_VALUE_1,decimal,YES
dbo,ALLOCATION,VARIABLE_VALUE_2,decimal,YES
dbo,ALLOCATION,VARIABLE_VALUE_3,decimal,YES
dbo,ALLOCATION,VARIABLE_VALUE_4,decimal,YES
dbo,ALLOCATION,VARIABLE_VALUE_5,decimal,YES
dbo,ALLOCATION,VARIABLE_VALUE_6,decimal,YES
dbo,ALLOCATION,VARIABLE_VALUE_7,decimal,YES
dbo,ALLOCATION,VARIABLE_VALUE_8,decimal,YES
dbo,ALLOCATION,VARIABLE_VALUE_9,decimal,YES
dbo,ALLOCATION,VARIABLE_VALUE_10,decimal,YES
dbo,ALLOCATION,TRIGGER_COUNT,smallint,YES
dbo,ALLOCATION,TRIGGER_MAX,smallint,YES
dbo,ALLOCATION,TRIGGER_LAST_DATE,datetime,YES
dbo,ALLOCATION,CURRENCY_ID,nvarchar,YES
dbo,ALLOCATION,POST_ALL_TRACKING,nchar,NO
dbo,ALLOCATION,POST_AS_NATIVE,nchar,NO
dbo,ALLOCATION,CREATE_DATE,datetime,YES
dbo,ALLOCATION,LAST_EXECUTED_DATE,datetime,YES
dbo,ALLOCATION_DETAIL,ROWID,int,NO
dbo,ALLOCATION_DETAIL,ALLOC_ID,nvarchar,NO
dbo,ALLOCATION_DETAIL,LINE_NO,smallint,NO
dbo,ALLOCATION_DETAIL,NUM_GL_ACCT_ID,nvarchar,YES
dbo,ALLOCATION_DETAIL,NUM_SITE_ID,nvarchar,YES
dbo,ALLOCATION_DETAIL,DIV_GL_ACCT_ID,nvarchar,YES
dbo,ALLOCATION_DETAIL,DIV_SITE_ID,nvarchar,YES
dbo,ALLOCATION_DETAIL,PERCENT_1,decimal,NO
dbo,ALLOCATION_DETAIL,PERCENT_2,decimal,NO
dbo,ALLOCATION_DETAIL,ADDL_PERCENT,decimal,YES
dbo,ALLOCATION_DETAIL,ADDL_AMOUNT,decimal,YES
dbo,ALLOCATION_DETAIL,DEBIT_GL_ACCT_ID,nvarchar,NO
dbo,ALLOCATION_DETAIL,CREDIT_GL_ACCT_ID,nvarchar,NO
dbo,ALLOCATION_DETAIL,TRANS_SITE_ID,nvarchar,NO
dbo,ALLOCATION_DETAIL,CR_USER_DIMENSION_1,nvarchar,YES
dbo,ALLOCATION_DETAIL,CR_USER_DIMENSION_2,nvarchar,YES
dbo,ALLOCATION_DETAIL,CR_CUST_ORDER_ID,nvarchar,YES
dbo,ALLOCATION_DETAIL,CR_PRODUCT_CODE,nvarchar,YES
dbo,ALLOCATION_DETAIL,DR_USER_DIMENSION_1,nvarchar,YES
dbo,ALLOCATION_DETAIL,DR_USER_DIMENSION_2,nvarchar,YES
dbo,ALLOCATION_DETAIL,DR_CUST_ORDER_ID,nvarchar,YES
dbo,ALLOCATION_DETAIL,DR_PRODUCT_CODE,nvarchar,YES
dbo,AMTS_PENDING_TRANS,ROWID,int,NO
dbo,AMTS_PENDING_TRANS,PENDING_ID,int,NO
dbo,AMTS_PENDING_TRANS,TRANS_TYPE,nvarchar,NO
dbo,AMTS_PENDING_TRANS,USER_ID,nvarchar,NO
dbo,AMTS_PENDING_TRANS,PENDING_FLAG,nchar,NO
dbo,AMTS_PENDING_TRANS,TRANSACTION_DATE,datetime,YES
dbo,AMTS_PENDING_TRANS,TRANS_DATETIME,datetime,YES
dbo,AMTS_PENDING_TRANS,TRANSACTION_ID,int,YES
dbo,AMTS_PENDING_TRANS,PART_ID,nvarchar,YES
dbo,AMTS_PENDING_TRANS,QTY,decimal,NO
dbo,AMTS_PENDING_TRANS,QTY_REMAINDER,decimal,NO
dbo,AMTS_PENDING_TRANS,WORKORDER_BASE_ID,nvarchar,YES
dbo,AMTS_PENDING_TRANS,WORKORDER_LOT_ID,nvarchar,YES
dbo,AMTS_PENDING_TRANS,WORKORDER_SPLIT_ID,nvarchar,YES
dbo,AMTS_PENDING_TRANS,WORKORDER_SUB_ID,nvarchar,YES
dbo,AMTS_PENDING_TRANS,OPERATION_SEQ_NO,int,YES
dbo,AMTS_PENDING_TRANS,REQ_PIECE_NO,int,YES
dbo,AMTS_PENDING_TRANS,CUST_ORDER_ID,nvarchar,YES
dbo,AMTS_PENDING_TRANS,CUST_ORDER_LINE_NO,int,YES
dbo,AMTS_PENDING_TRANS,DEL_SCHED_LINE_NO,smallint,YES
dbo,AMTS_PENDING_TRANS,PURC_ORDER_ID,nvarchar,YES
dbo,AMTS_PENDING_TRANS,PURC_ORDER_LINE_NO,int,YES
dbo,AMTS_PENDING_TRANS,FROM_WAREHOUSE_ID,nvarchar,YES
dbo,AMTS_PENDING_TRANS,FROM_LOCATION_ID,nvarchar,YES
dbo,AMTS_PENDING_TRANS,TO_WAREHOUSE_ID,nvarchar,YES
dbo,AMTS_PENDING_TRANS,TO_LOCATION_ID,nvarchar,YES
dbo,AMTS_PENDING_TRANS,TRACE_ID,nvarchar,YES
dbo,AMTS_PENDING_TRANS,APROPERTY_1,nvarchar,YES
dbo,AMTS_PENDING_TRANS,APROPERTY_2,nvarchar,YES
dbo,AMTS_PENDING_TRANS,APROPERTY_3,nvarchar,YES
dbo,AMTS_PENDING_TRANS,APROPERTY_4,nvarchar,YES
dbo,AMTS_PENDING_TRANS,APROPERTY_5,nvarchar,YES
dbo,AMTS_PENDING_TRANS,NPROPERTY_1,decimal,YES
dbo,AMTS_PENDING_TRANS,NPROPERTY_2,decimal,YES
dbo,AMTS_PENDING_TRANS,NPROPERTY_3,decimal,YES
dbo,AMTS_PENDING_TRANS,NPROPERTY_4,decimal,YES
dbo,AMTS_PENDING_TRANS,NPROPERTY_5,decimal,YES
dbo,AMTS_PENDING_TRANS,PHYS_COUNT_ID,nvarchar,YES
dbo,AMTS_PENDING_TRANS,TAG_NO,int,YES
dbo,AMTS_PENDING_TRANS,INDIRECT_ID,nvarchar,YES
dbo,AMTS_PENDING_TRANS,BAD_QTY,decimal,YES
dbo,AMTS_PENDING_TRANS,SETUP_COMPLETED,nchar,YES
dbo,AMTS_PENDING_TRANS,BOL_ID,nvarchar,YES
dbo,AMTS_PENDING_TRANS,CARRIER_ID,nvarchar,YES
dbo,AMTS_PENDING_TRANS,LABEL_FORMAT_ID,nvarchar,YES
dbo,AMTS_PENDING_TRANS,LABEL_GROUP_ID,nvarchar,YES
dbo,AMTS_PENDING_TRANS,PACKLIST_ID,nvarchar,YES
dbo,AMTS_PENDING_TRANS,PACKLIST_LINE_NO,smallint,YES
dbo,AMTS_PENDING_TRANS,RESOURCE_ID,nvarchar,YES
dbo,AMTS_PENDING_TRANS,DESCRIPTION,nvarchar,YES
dbo,AMTS_PENDING_TRANS,CREATE_DATE,datetime,NO
dbo,AMTS_PENDING_TRANS,DEPARTMENT_ID,nvarchar,YES
dbo,AMTS_PENDING_TRANS,WBS_CODE,nvarchar,YES
dbo,AMTS_PENDING_TRANS,PROJ_REF_SEQ_NO,smallint,YES
dbo,AMTS_PENDING_TRANS,PROJ_REF_SUB_ID,nvarchar,YES
dbo,AMTS_PENDING_TRANS,DEVIATION_ID,nvarchar,YES
dbo,AMTS_PENDING_TRANS,PIECE_COUNT,decimal,YES
dbo,AMTS_PENDING_TRANS,LENGTH,decimal,YES
dbo,AMTS_PENDING_TRANS,WIDTH,decimal,YES
dbo,AMTS_PENDING_TRANS,HEIGHT,decimal,YES
dbo,AMTS_PENDING_TRANS,RECEIVER_ID,nvarchar,YES
dbo,AMTS_PENDING_TRANS,COST_CATEGORY_ID,nvarchar,YES
dbo,AMTS_PENDING_TRANS,ISSUE_REAS_ID,nvarchar,YES
dbo,AMTS_PENDING_TRANS,ADJ_REASON_ID,nvarchar,YES
dbo,AMTS_PENDING_TRANS,GL_ADJ_ACCT_ID,nvarchar,YES
dbo,AMTS_PENDING_TRANS,DATA_COLL_COMP,nchar,YES
dbo,AMTS_PENDING_TRANS,PRD_INSP_PLAN_ID,nvarchar,YES
dbo,AMTS_PENDING_TRANS,SITE_ID,nvarchar,NO
dbo,APP_CONFIG,ROWID,int,NO
dbo,APP_CONFIG,ID,int,NO
dbo,APP_CONFIG,PROGRAM_ID,nvarchar,NO
dbo,APP_CONFIG,USER_ID,nvarchar,YES
dbo,APP_CONFIG,CAPTION,nvarchar,NO
dbo,APP_CONFIG,KEY_1,nvarchar,YES
dbo,APP_CONFIG,KEY_2,nvarchar,YES
dbo,APP_CONFIG,LOCKED,nchar,NO
dbo,APP_CONFIG,SHARED,nchar,NO
dbo,APP_CONFIG,CONFIG,image,YES
dbo,APP_CONFIG_ITEM,ROWID,int,NO
dbo,APP_CONFIG_ITEM,ID,int,NO
dbo,APP_CONFIG_ITEM,APP_CONFIG_ID,int,NO
dbo,APP_CONFIG_ITEM,CAPTION,nvarchar,NO
dbo,APP_CONFIG_ITEM,ITEM_TYPE,nvarchar,NO
dbo,APP_CONFIG_ITEM,PARENT_ITEM_ID,int,YES
dbo,APP_CONFIG_ITEM,POS_X,decimal,YES
dbo,APP_CONFIG_ITEM,POS_Y,decimal,YES
dbo,APP_CONFIG_ITEM,WIDTH,decimal,YES
dbo,APP_CONFIG_ITEM,HEIGHT,decimal,YES
dbo,APP_CONFIG_ITEM,ITEM_STATE,int,YES
dbo,APP_CONFIG_ITEM,ITEM_FOCUS,nchar,NO
dbo,APP_CONFIG_ITEM,CONFIG,image,YES
dbo,APP_CONFIG_USER,ROWID,int,NO
dbo,APP_CONFIG_USER,ID,int,NO
dbo,APP_CONFIG_USER,PROGRAM_ID,nvarchar,NO
dbo,APP_CONFIG_USER,USER_ID,nvarchar,NO
dbo,APP_CONFIG_USER,DEFAULT_APP_CONFIG_ID,int,NO
dbo,APPLICATION,ROWID,int,NO
dbo,APPLICATION,PROGRAM_ID,nvarchar,NO
dbo,APPLICATION,LANGUAGE_ID,nvarchar,NO
dbo,APPLICATION,MENU_STRING,nvarchar,NO
dbo,APPLICATION,TYPE,nchar,NO
dbo,APPLICATION,CMD_LINE_ARGS,nvarchar,YES
dbo,APPLICATION,MODULE,nchar,NO
dbo,APPLICATION_FIELDS,ROWID,int,NO
dbo,APPLICATION_FIELDS,PROGRAM_ID,nvarchar,NO
dbo,APPLICATION_FIELDS,FIELD_ID,nvarchar,NO
dbo,APPLICATION_FIELDS,FIELD_DESCRIPTION,nvarchar,YES
dbo,APPLICATION_GLOBAL,ROWID,int,NO
dbo,APPLICATION_GLOBAL,ID,smallint,NO
dbo,APPLICATION_GLOBAL,SERIAL_NO,nchar,YES
dbo,APPLICATION_GLOBAL,ACTIVATION_KEY,nchar,YES
dbo,APPLICATION_GLOBAL,CONFIGURATION_KEY,nchar,YES
dbo,APPLICATION_GLOBAL,INSTALL_DATE,datetime,YES
dbo,APPLICATION_GLOBAL,LAST_CONVERT_DATE,datetime,YES
dbo,APPLICATION_GLOBAL,DBVERSION,nvarchar,YES
dbo,APPLICATION_GLOBAL,MAXIMUM_USERS,int,NO
dbo,APPLICATION_GLOBAL,COMPANY_NAME,nvarchar,YES
dbo,APPLICATION_GLOBAL,COMPANY_ADDR_1,nvarchar,YES
dbo,APPLICATION_GLOBAL,COMPANY_ADDR_2,nvarchar,YES
dbo,APPLICATION_GLOBAL,COMPANY_ADDR_3,nvarchar,YES
dbo,APPLICATION_GLOBAL,COMPANY_CITY,nvarchar,YES
dbo,APPLICATION_GLOBAL,COMPANY_STATE,nvarchar,YES
dbo,APPLICATION_GLOBAL,COMPANY_ZIPCODE,nvarchar,YES
dbo,APPLICATION_GLOBAL,COMPANY_COUNTRY,nvarchar,YES
dbo,APPLICATION_GLOBAL,MFG_INTERFACE_USED,nchar,NO
dbo,APPLICATION_GLOBAL,PART_UDF_LABELS,nvarchar,YES
dbo,APPLICATION_GLOBAL,VEND_UDF_LABELS,nvarchar,YES
dbo,APPLICATION_GLOBAL,CUST_UDF_LABELS,nvarchar,YES
dbo,APPLICATION_GLOBAL,PURC_QUOTE_TYPE,nchar,NO
dbo,APPLICATION_GLOBAL,XBAR_SUBGROUP_MIN,int,YES
dbo,APPLICATION_GLOBAL,SD_SUBGROUP_MIN,int,YES
dbo,APPLICATION_GLOBAL,VALIDATE_LOOKUPS,nchar,NO
dbo,APPLICATION_GLOBAL,TABLE_PATCH_LVL,int,YES
dbo,APPLICATION_GLOBAL,TRIGGER_PATCH_LVL,int,YES
dbo,APPLICATION_GLOBAL,PROGRAM_PATCH_LVL,int,YES
dbo,APPLICATION_GLOBAL,DRAWING_FILE_PATH,nvarchar,YES
dbo,APPLICATION_GLOBAL,DRAWING_LOCATOR,nvarchar,YES
dbo,APPLICATION_GLOBAL,DRAWING_VIEWER,nvarchar,YES
dbo,APPLICATION_GLOBAL,EURO_CURRENCY_ID,nvarchar,YES
dbo,APPLICATION_GLOBAL,BARCODE_MULTI_JOB,int,YES
dbo,APPLICATION_GLOBAL,WO_PRIORITY_PATH,nvarchar,YES
dbo,APPLICATION_GLOBAL,SESSION_TIMELIMIT,int,YES
dbo,APPLICATION_GLOBAL,VQ_DIRECTORY,nvarchar,YES
dbo,APPLICATION_GLOBAL,VQ_DBNAME,nvarchar,YES
dbo,APPLICATION_GLOBAL,VQ_ENABLED,nchar,YES
dbo,APPLICATION_GLOBAL,VQ_QUERY_USE,nchar,YES
dbo,APPLICATION_GLOBAL,CUST_PRICE_EFF_REQ,nchar,YES
dbo,APPLICATION_GLOBAL,FILTER_AVAIL_TRACE,nchar,NO
dbo,APPLICATION_GLOBAL,WFL_CMNT_PWD_REQ,nchar,YES
dbo,APPLICATION_GLOBAL,SQLBASE_DATABASE_VERSION,nvarchar,YES
dbo,APPLICATION_GLOBAL,PROJ_UDF_LABELS,nvarchar,YES
dbo,APPLICATION_GLOBAL,DOCUMENT_DIRECTORY,nvarchar,YES
dbo,APPLICATION_GLOBAL,ALLOW_EMAIL_DOC,nchar,NO
dbo,APPLICATION_GLOBAL,SHOP_UDF_LABELS,nvarchar,YES
dbo,APPLICATION_GLOBAL,AUDIT_REPORT_TIMES,nchar,YES
dbo,APPLICATION_GLOBAL,DEF_OLDEST_INV_TYPE,nchar,YES
dbo,APPLICATION_GLOBAL,VR_UPDATES,nchar,YES
dbo,APPLICATION_GLOBAL,VISUAL_USER_GROUP,nvarchar,YES
dbo,APPLICATION_GLOBAL,SSO_ENABLED,nvarchar,YES
dbo,APPLICATION_GLOBAL,DOC_UDF_LABELS,nvarchar,YES
dbo,APPLICATION_GLOBAL,PLM_URL,nvarchar,YES
dbo,APPLICATION_GLOBAL,PLM_ENABLED,nchar,NO
dbo,APPLICATION_GLOBAL,ACTIVITY_UDF_LABELS,nvarchar,YES
dbo,APPLICATION_GLOBAL,STORE_MACROS_IN_DB,nchar,NO
dbo,APPLICATION_GLOBAL,COMPANY_COUNTRY_ID,nvarchar,YES
dbo,APPLICATION_GLOBAL,MOBILE_SESSION_TIMELIMIT,smallint,NO
dbo,APPLICATION_GLOBAL,CONT_UDF_LABELS,nvarchar,YES
dbo,APPLICATION_GLOBAL,DEF_TERMS_ID,nvarchar,YES
dbo,APPLICATION_GLOBAL,DUE_ON_RECEIPT_ID,nvarchar,YES
dbo,APPLICATION_GROUP,ROWID,int,NO
dbo,APPLICATION_GROUP,GROUP_ID,nvarchar,NO
dbo,APPLICATION_GROUP,LANGUAGE_ID,nvarchar,NO
dbo,APPLICATION_GROUP,MENU_STRING,nvarchar,NO
dbo,APPLICATION_GROUP,ACCELERATOR,nchar,NO
dbo,APPLICATION_GROUP,SEQ_NO,smallint,NO
dbo,APPLICATION_LINK,ROWID,int,NO
dbo,APPLICATION_LINK,GROUP_ID,nvarchar,NO
dbo,APPLICATION_LINK,GROUP_SEQ_NO,smallint,NO
dbo,APPLICATION_LINK,PROGRAM_ID,nvarchar,NO
dbo,APPLICATION_LINK,LANGUAGE_ID,nvarchar,NO
dbo,APPLICATION_LINK,ACCELERATOR,nchar,YES
dbo,APPLICATION_USER,ROWID,int,NO
dbo,APPLICATION_USER,NAME,nvarchar,NO
dbo,APPLICATION_USER,PO_STATUS_ALLOWED,nvarchar,YES
dbo,APPLICATION_USER,CO_STATUS_ALLOWED,nvarchar,YES
dbo,APPLICATION_USER,WO_STATUS_ALLOWED,nvarchar,YES
dbo,APPLICATION_USER,IS_PLANNER,nchar,NO
dbo,APPLICATION_USER,IS_BUYER,nchar,NO
dbo,APPLICATION_USER,DEFAULT_SHIP_ADDR,int,YES
dbo,APPLICATION_USER,QT_STATUS_ALLOWED,nvarchar,YES
dbo,APPLICATION_USER,SH_STATUS_ALLOWED,nvarchar,YES
dbo,APPLICATION_USER,PHYS_COUNT_ALLOWED,nchar,YES
dbo,APPLICATION_USER,LOCK_WARN_CO,int,YES
dbo,APPLICATION_USER,LOCK_WARN_WO,int,YES
dbo,APPLICATION_USER,LOCK_WARN_PO,int,YES
dbo,APPLICATION_USER,LOCK_WARN_IV,int,YES
dbo,APPLICATION_USER,LOCK_WARN_SH,int,YES
dbo,APPLICATION_USER,LOCK_WARN_RV,int,YES
dbo,APPLICATION_USER,LOCK_WARN_SV,int,YES
dbo,APPLICATION_USER,LOCK_WARN_LA,int,YES
dbo,APPLICATION_USER,ECN_STATUS_ALLOWED,nvarchar,YES
dbo,APPLICATION_USER,PR_STATUS_ALLOWED,nvarchar,YES
dbo,APPLICATION_USER,PASS_LAST_CHANGED,datetime,YES
dbo,APPLICATION_USER,EDIT_BRWSE_ALLOWED,nchar,YES
dbo,APPLICATION_USER,USER_PWD,nvarchar,YES
dbo,APPLICATION_USER,LAST_FAILED_DATE,datetime,YES
dbo,APPLICATION_USER,FAILED_COUNT,smallint,YES
dbo,APPLICATION_USER,IS_PROFILE,nchar,YES
dbo,APPLICATION_USER,IS_ADMIN,nvarchar,YES
dbo,APPLICATION_USER,WINDOWS_SID,nvarchar,YES
dbo,APPLICATION_USER,VISUAL_USER_GROUP_SID,nvarchar,YES
dbo,APPLICATION_USER,WINDOWS_DOMAIN_NAME,nvarchar,YES
dbo,APPLICATION_USER,WINDOWS_DOMAIN_SID,nvarchar,YES
dbo,APPLICATION_USER,IS_VISUAL_USER,nchar,NO
dbo,APPLICATION_USER,IS_CRM_USER,nchar,NO
dbo,APPLICATION_USER,PLM_USER_ID,nvarchar,YES
dbo,APPLICATION_USER,IS_MOBILE_LABOR_USER,nchar,NO
dbo,APPLICATION_USER,IS_MOBILE_MATERIAL_USER,nchar,NO
dbo,APS_DATA,ROWID,int,NO
dbo,APS_DATA,LAYOUT_KEY,nchar,NO
dbo,APS_DATA,SEGMENT_TYPE,nchar,NO
dbo,APS_DATA,TABLE_NAME,nvarchar,NO
dbo,APS_DATA,COLUMN_NAME,nvarchar,NO
dbo,APS_DATA,TYPE,nvarchar,NO
dbo,APS_DATA,LENGTH,smallint,NO
dbo,APS_DATA,SCALE,smallint,NO
dbo,APS_DATA,COLNO,smallint,NO
dbo,APS_LAYOUT,ROWID,int,NO
dbo,APS_LAYOUT,KEY,nchar,NO
dbo,APS_LAYOUT,OUTPUT_TYPE,nchar,NO
dbo,APS_LAYOUT,STYLE,nchar,NO
dbo,APS_LAYOUT,FIELD_DELIMITER,nchar,YES
dbo,APS_LAYOUT,RECORD_DELIMITER,nchar,YES
dbo,APS_LAYOUT,USER_ID,nvarchar,NO
dbo,APS_LAYOUT,CREATE_DATE,datetime,NO
dbo,APS_LAYOUT,LAST_RUN_DATE,datetime,YES
dbo,APS_TABLE,ROWID,int,NO
dbo,APS_TABLE,LAYOUT_KEY,nchar,NO
dbo,APS_TABLE,SEGMENT_TYPE,nchar,NO
dbo,APS_TABLE,TABLE_NAME,nvarchar,NO
dbo,APS_TABLE,JOIN,image,YES
dbo,APS_TABLE,PRIMARY_KEY,nvarchar,YES
dbo,BANK_ACCOUNT,ROWID,int,NO
dbo,BANK_ACCOUNT,ID,nvarchar,NO
dbo,BANK_ACCOUNT,DESCRIPTION,nvarchar,YES
dbo,BANK_ACCOUNT,GL_ACCOUNT_ID,nvarchar,NO
dbo,BANK_ACCOUNT,CURRENCY_ID,nvarchar,NO
dbo,BANK_ACCOUNT,ENTITY_ID,nvarchar,NO
dbo,BANK_ACCOUNT,BANK_ID,nvarchar,YES
dbo,BANK_ACCOUNT,ACCOUNT_NO,nvarchar,YES
dbo,BANK_ACCOUNT,ACCOUNT_TYPE,nvarchar,YES
dbo,BANK_ACCOUNT,BRANCH_ID,nvarchar,YES
dbo,BANK_ACCOUNT,BANK_NAME,nvarchar,YES
dbo,BANK_ACCOUNT,BANK_ADDR_1,nvarchar,YES
dbo,BANK_ACCOUNT,BANK_ADDR_2,nvarchar,YES
dbo,BANK_ACCOUNT,BANK_ADDR_3,nvarchar,YES
dbo,BANK_ACCOUNT,BANK_CITY,nvarchar,YES
dbo,BANK_ACCOUNT,BANK_STATE,nvarchar,YES
dbo,BANK_ACCOUNT,BANK_ZIPCODE,nvarchar,YES
dbo,BANK_ACCOUNT,BANK_COUNTRY,nvarchar,YES
dbo,BANK_ACCOUNT,PAY_EXPORT_ID,nvarchar,YES
dbo,BANK_ACCOUNT,TRANSMIT_USER_ID,nvarchar,YES
dbo,BANK_ACCOUNT,ROUTING_NO,nvarchar,YES
dbo,BANK_ACCOUNT,IBAN,nvarchar,YES
dbo,BANK_ACCOUNT,BIC,nvarchar,YES
dbo,BANK_ACCOUNT,XML_PAY_EXPORT,nvarchar,YES
dbo,BANK_ACCOUNT,BANK_COUNTRY_ID,nvarchar,YES
dbo,BANK_ADJ_CURR,ROWID,int,NO
dbo,BANK_ADJ_CURR,BANK_ACCOUNT_ID,nvarchar,NO
dbo,BANK_ADJ_CURR,ADJUSTMENT_ID,nvarchar,NO
dbo,BANK_ADJ_CURR,CURRENCY_ID,nvarchar,NO
dbo,BANK_ADJ_CURR,AMOUNT,decimal,NO
dbo,BANK_ADJ_CURR,SELL_RATE,decimal,NO
dbo,BANK_ADJ_CURR,BUY_RATE,decimal,NO
dbo,BANK_ADJ_DIST,ROWID,int,NO
dbo,BANK_ADJ_DIST,BANK_ACCOUNT_ID,nvarchar,NO
dbo,BANK_ADJ_DIST,ADJUSTMENT_ID,nvarchar,NO
dbo,BANK_ADJ_DIST,DIST_NO,smallint,NO
dbo,BANK_ADJ_DIST,ENTRY_NO,smallint,NO
dbo,BANK_ADJ_DIST,AMOUNT,decimal,NO
dbo,BANK_ADJ_DIST,AMOUNT_TYPE,nchar,NO
dbo,BANK_ADJ_DIST,GL_ACCOUNT_ID,nvarchar,NO
dbo,BANK_ADJ_DIST,NATIVE_AMOUNT,decimal,NO
dbo,BANK_ADJ_DIST,POSTING_DATE,datetime,NO
dbo,BANK_ADJ_DIST,POSTING_STATUS,nchar,NO
dbo,BANK_ADJ_DIST,BATCH_ID,nvarchar,YES
dbo,BANK_ADJ_DIST,CREATE_DATE,datetime,NO
dbo,BANK_ADJ_DIST,SITE_ID,nvarchar,NO
dbo,BANK_ADJ_DIST,CURRENCY_ID,nvarchar,NO
dbo,BANK_ADJ_DIST,NATIVE,nchar,YES
dbo,BANK_ADJ_LINE,ROWID,int,NO
dbo,BANK_ADJ_LINE,BANK_ACCOUNT_ID,nvarchar,NO
dbo,BANK_ADJ_LINE,ADJUSTMENT_ID,nvarchar,NO
dbo,BANK_ADJ_LINE,LINE_NO,smallint,NO
dbo,BANK_ADJ_LINE,GL_ACCOUNT_ID,nvarchar,NO
dbo,BANK_ADJ_LINE,AMOUNT,decimal,NO
dbo,BANK_ADJ_LINE,REFERENCE,nvarchar,YES
dbo,BANK_ADJ_LINE,USER_DIMENSION_1,nvarchar,YES
dbo,BANK_ADJ_LINE,USER_DIMENSION_2,nvarchar,YES
dbo,BANK_ADJ_LINE,CUST_ORDER_ID,nvarchar,YES
dbo,BANK_ADJ_LINE,PRODUCT_CODE,nvarchar,YES
dbo,BANK_ADJUSTMENT,ROWID,int,NO
dbo,BANK_ADJUSTMENT,BANK_ACCOUNT_ID,nvarchar,NO
dbo,BANK_ADJUSTMENT,ADJUSTMENT_ID,nvarchar,NO
dbo,BANK_ADJUSTMENT,GL_ACCOUNT_ID,nvarchar,NO
dbo,BANK_ADJUSTMENT,TRANSACTION_DATE,datetime,NO
dbo,BANK_ADJUSTMENT,AMOUNT,decimal,NO
dbo,BANK_ADJUSTMENT,SELL_RATE,decimal,NO
dbo,BANK_ADJUSTMENT,BUY_RATE,decimal,NO
dbo,BANK_ADJUSTMENT,REFERENCE,nvarchar,YES
dbo,BANK_ADJUSTMENT,POSTING_STATUS,nchar,NO
dbo,BANK_ADJUSTMENT,POSTING_DATE,datetime,NO
dbo,BANK_ADJUSTMENT,BATCH_ID,nvarchar,YES
dbo,BANK_ADJUSTMENT,SITE_ID,nvarchar,NO
dbo,BANK_ADJUSTMENT,CASH_GL_ACCT_ID,nvarchar,YES
dbo,BANK_ADJUSTMENT,CLEARED,nchar,NO
dbo,BANK_ADJUSTMENT,CREATE_DATE,datetime,NO
dbo,BANK_ADJUSTMENT,CLEARED_DATE,datetime,YES
dbo,BANK_ADJUSTMENT,USER_ID,nvarchar,NO
dbo,BANK_ADJUSTMENT,CURRENCY_ID,nvarchar,NO
dbo,BANK_ADJUSTMENT,USER_EXCH_RATE,nchar,YES
dbo,BANK_ADJUSTMENT,DEPOSIT_ID,nvarchar,YES
dbo,BANK_ADJUSTMENT,CONTROL_NO,int,YES
dbo,BANK_ADJUSTMENT,USER_DIMENSION_1,nvarchar,YES
dbo,BANK_ADJUSTMENT,USER_DIMENSION_2,nvarchar,YES
dbo,BANK_DEPOSIT,ROWID,int,NO
dbo,BANK_DEPOSIT,BANK_ACCOUNT_ID,nvarchar,NO
dbo,BANK_DEPOSIT,DEPOSIT_ID,nvarchar,NO
dbo,BANK_DEPOSIT,DESCRIPTION,nvarchar,YES
dbo,BANK_DEPOSIT,DEPOSIT_DATE,datetime,NO
dbo,BANK_DEPOSIT,AMOUNT,decimal,NO
dbo,BANK_DEPOSIT,CLEARED,nchar,NO
dbo,BANK_DEPOSIT,CLEARED_DATE,datetime,YES
dbo,BANK_STATEMENT,ROWID,int,NO
dbo,BANK_STATEMENT,BANK_ACCOUNT_ID,nvarchar,NO
dbo,BANK_STATEMENT,STATEMENT_DATE,datetime,NO
dbo,BANK_STATEMENT,STARTING_BALANCE,decimal,NO
dbo,BANK_STATEMENT,ENDING_BALANCE,decimal,NO
dbo,BID_RATE_CATEGORY,ROWID,int,NO
dbo,BID_RATE_CATEGORY,ID,nvarchar,NO
dbo,BID_RATE_CATEGORY,DESCRIPTION,nvarchar,YES
dbo,BID_RATE_GROUP,ROWID,int,NO
dbo,BID_RATE_GROUP,ID,nvarchar,NO
dbo,BID_RATE_GROUP,DESCRIPTION,nvarchar,YES
dbo,BID_RATE_GROUP_CATEGORY,ROWID,int,NO
dbo,BID_RATE_GROUP_CATEGORY,BID_RATE_GROUP_ID,nvarchar,NO
dbo,BID_RATE_GROUP_CATEGORY,BID_RATE_CATEGORY_ID,nvarchar,NO
dbo,BOL,ROWID,int,NO
dbo,BOL,ID,nvarchar,NO
dbo,BOL,CARRIER_ID,nvarchar,NO
dbo,BOL,ASN_ID,nvarchar,YES
dbo,BOL,ASSIGN_ASN,nchar,NO
dbo,BOL,SHIPTO_NAME,nvarchar,YES
dbo,BOL,SHIPTO_ADDR_1,nvarchar,YES
dbo,BOL,SHIPTO_ADDR_2,nvarchar,YES
dbo,BOL,SHIPTO_ADDR_3,nvarchar,YES
dbo,BOL,SHIPTO_CITY,nvarchar,YES
dbo,BOL,SHIPTO_STATE,nvarchar,YES
dbo,BOL,SHIPTO_ZIPCODE,nvarchar,YES
dbo,BOL,SHIPTO_COUNTRY,nvarchar,YES
dbo,BOL,SHIP_DATE,datetime,NO
dbo,BOL,FREIGHT_TERMS,nchar,NO
dbo,BOL,COD_FLAG,nchar,NO
dbo,BOL,COD_AMOUNT,decimal,NO
dbo,BOL,COD_CHARGE,decimal,NO
dbo,BOL,ROUTE,nvarchar,YES
dbo,BOL,VEHICLE_ID,nvarchar,YES
dbo,BOL,SHIPPER_INSTRUCT,nvarchar,YES
dbo,BOL,CREATE_DATE,datetime,NO
dbo,BOL,USER_ID,nvarchar,NO
dbo,BOL,SHIP_TIME,datetime,YES
dbo,BOL,EXPECTED_DEL_DATE,datetime,YES
dbo,BOL,EXPECTED_DEL_TIME,datetime,YES
dbo,BOL,DECLARED_VALUE,decimal,YES
dbo,BOL,WEIGH_BILL_NUMBER,nvarchar,YES
dbo,BOL,POOL_CODE,nvarchar,YES
dbo,BOL,VEHICLE_NUMBER,nvarchar,YES
dbo,BOL,INTER_CONSIGNEE,nvarchar,YES
dbo,BOL,TARE_WEIGHT,decimal,YES
dbo,BOL,TOTAL_NET_WEIGHT,decimal,YES
dbo,BOL,TOTAL_GROSS_WEIGHT,decimal,YES
dbo,BOL,WSA_ID,nvarchar,YES
dbo,BOL,SEAL_NUMBER,nvarchar,YES
dbo,BOL,PRO_NUMBER,nvarchar,YES
dbo,BOL,SITE_ID,nvarchar,NO
dbo,BOL,SHIPTO_COUNTRY_ID,nvarchar,YES
dbo,BOL_LINE,ROWID,int,NO
dbo,BOL_LINE,BOL_ID,nvarchar,YES
dbo,BOL_LINE,NMFC_CODE_ID,nvarchar,NO
dbo,BOL_LINE,CARTON_COUNT,smallint,NO
dbo,BOL_LINE,PACKAGE_TYPE,nvarchar,YES
dbo,BOL_LINE,SHIPPING_WEIGHT,decimal,YES
dbo,BOL_LINE,WEIGHT_UM,nvarchar,YES
dbo,BOL_LINE,TRUCK_LOAD,nchar,YES
dbo,BOL_LINE,PALLET_COUNT,smallint,YES
dbo,BOL_LINE,SHIP_DIMENSIONS,nvarchar,YES
dbo,BOL_LINE,TARE_WEIGHT,decimal,YES
dbo,BOL_LINE,NET_SHIP_WEIGHT,decimal,YES
dbo,BUDGET_CODE,ROWID,int,NO
dbo,BUDGET_CODE,id,nvarchar,NO
dbo,BUDGET_CODE,description,nvarchar,YES
dbo,BUDGET_TYPE,ROWID,int,NO
dbo,BUDGET_TYPE,id,nvarchar,NO
dbo,BUDGET_TYPE,description,nvarchar,YES
dbo,BUFFER,ROWID,int,NO
dbo,BUFFER,ID,int,NO
dbo,BUFFER,CCR_ID,nvarchar,NO
dbo,BUFFER,TYPE,nchar,NO
dbo,BUFFER,STATUS,nchar,NO
dbo,BUFFER,BUFFER_FACTOR,decimal,NO
dbo,BUFFER,BUFFER_SIZE,int,NO
dbo,BUFFER,SERVICE_TIME,int,YES
dbo,BUFFER,COVERED_SETUP,int,YES
dbo,BUFFER,COVERED_RUN,int,YES
dbo,BUFFER,WORKORDER_TYPE,nchar,NO
dbo,BUFFER,WORKORDER_BASE_ID,nvarchar,NO
dbo,BUFFER,WORKORDER_LOT_ID,nvarchar,NO
dbo,BUFFER,WORKORDER_SPLIT_ID,nvarchar,NO
dbo,BUFFER,WORKORDER_SUB_ID,nvarchar,NO
dbo,BUFFER,OPERATION_SEQ_NO,smallint,YES
dbo,BUFFER,PIECE_NO,smallint,YES
dbo,BUFFER,PART_ID,nvarchar,YES
dbo,BUFFER,CREATE_DATE,datetime,NO
dbo,BUFFER,MODIFIED_DATE,datetime,NO
dbo,BUFFER,BUFFER_STATUS,decimal,YES
dbo,BUFFER,BUFFER_STATUS_DATE,datetime,YES
dbo,BUFFER,PROBLEM_CLASS,nvarchar,YES
dbo,BUFFER,PROBLEM_DESCR,image,YES
dbo,BUFFER,CLOSE_DATE,datetime,YES
dbo,BUFFER,EMERGENCY_ZONE,int,YES
dbo,BUFFER,YELLOW_ZONE,int,YES
dbo,BUFFER,SITE_ID,nvarchar,NO
dbo,BUFFER,WAREHOUSE_ID,nvarchar,YES
dbo,BUFFER,WHS_INDEPENDENT,nchar,YES
dbo,BUFFER,END_DATE,datetime,YES
dbo,BUFFER,GEN_END_DATE,datetime,YES
dbo,BUFFER_PROFILE,ROWID,int,NO
dbo,BUFFER_PROFILE,ID,nvarchar,NO
dbo,BUFFER_PROFILE,DESCRIPTION,nvarchar,YES
dbo,BUFFER_PROFILE,ITEM_TYPE,nchar,YES
dbo,BUFFER_PROFILE,LEADTIME_CATEGORY,nchar,YES
dbo,BUFFER_PROFILE,LEADTIME_GREEN_PCT,smallint,YES
dbo,BUFFER_PROFILE,LEADTIME_RED_PCT,smallint,YES
dbo,BUFFER_PROFILE,VARIABILITY_CATEGORY,nchar,YES
dbo,BUFFER_PROFILE,VAR_RED_SAFETY_PCT,smallint,YES
dbo,BUFFER_PROFILE,USE_SIG_MOQ_GREEN,nchar,YES
dbo,BUFFER_PROFILE,ORDER_SPIKE_THRESH,int,YES
dbo,BUFFER_PROFILE,ORDER_SPIKE_HORIZON,smallint,YES
dbo,BUFFER_PROFILE,ADU_HORIZON_FACTOR,decimal,YES
dbo,BUFFER_PROFILE,ADU_ALERT_THRESH,int,YES
dbo,BUFFER_PROFILE,ADU_ALERT_HORIZON,smallint,YES
dbo,BUFFER_PROFILE,ONHAND_ALERT_RED_PCT,smallint,YES
dbo,BUFFER_STAT_MATL,ROWID,int,NO
dbo,BUFFER_STAT_MATL,BUFFER_STATUS_ID,int,NO
dbo,BUFFER_STAT_MATL,SUPPLY_TYPE,nvarchar,NO
dbo,BUFFER_STAT_MATL,SUPPLY_BASE_ID,nvarchar,NO
dbo,BUFFER_STAT_MATL,SUPPLY_SEQ_NO,smallint,NO
dbo,BUFFER_STAT_MATL,SUPPLY_NO,smallint,NO
dbo,BUFFER_STAT_WO_LOC,ROWID,int,NO
dbo,BUFFER_STAT_WO_LOC,BUFFER_STATUS_ID,int,NO
dbo,BUFFER_STAT_WO_LOC,WORKORDER_TYPE,nchar,NO
dbo,BUFFER_STAT_WO_LOC,WORKORDER_BASE_ID,nvarchar,NO
dbo,BUFFER_STAT_WO_LOC,WORKORDER_LOT_ID,nvarchar,NO
dbo,BUFFER_STAT_WO_LOC,WORKORDER_SPLIT_ID,nvarchar,NO
dbo,BUFFER_STAT_WO_LOC,WORKORDER_SUB_ID,nvarchar,NO
dbo,BUFFER_STAT_WO_LOC,OPERATION_SEQ_NO,smallint,NO
dbo,BUFFER_STAT_WO_LOC,RESOURCE_ID,nvarchar,YES
dbo,BUFFER_STAT_WO_LOC,RES_PROCESSING_OP,nchar,YES
dbo,BUFFER_STATUS,ROWID,int,NO
dbo,BUFFER_STATUS,ID,int,NO
dbo,BUFFER_STATUS,BUFFER_ID,int,NO
dbo,BUFFER_STATUS,STATUS_DATE,datetime,NO
dbo,BUFFER_STATUS,BUFFER_STATUS,decimal,NO
dbo,BUFFER_STATUS,PROBLEM_CLASS,nvarchar,YES
dbo,BUFFER_STATUS,PROBLEM_DESCR,image,YES
dbo,BUFFER_STATUS,EMERGENCY_ZONE,int,YES
dbo,BUFFER_STATUS,YELLOW_ZONE,int,YES
dbo,BURD_DIST_DETAIL,ROWID,int,NO
dbo,BURD_DIST_DETAIL,BURDEN_ID,nvarchar,NO
dbo,BURD_DIST_DETAIL,BURDEN_CATEGORY_ID,nvarchar,NO
dbo,BURD_DIST_DETAIL,SOURCE_TYPE,nvarchar,NO
dbo,BURD_DIST_DETAIL,SOURCE_TRANS_ID,int,NO
dbo,BURD_DIST_DETAIL,SOURCE_ID,nvarchar,NO
dbo,BURD_DIST_DETAIL,SOURCE_LINE_NO,smallint,NO
dbo,BURD_DIST_DETAIL,DIST_NO,smallint,NO
dbo,BURD_DIST_DETAIL,AMOUNT,decimal,YES
dbo,BURD_DIST_DETAIL,CURRENCY_ID,nvarchar,NO
dbo,BURD_DIST_DETAIL,IS_RETRO,nchar,NO
dbo,BURDEN_BATCH_RATES,ROWID,int,NO
dbo,BURDEN_BATCH_RATES,BATCH_ID,nvarchar,NO
dbo,BURDEN_BATCH_RATES,BURDEN_RATE_ID,nvarchar,NO
dbo,BURDEN_BATCH_RATES,BURDEN_PERIOD_ID,nvarchar,NO
dbo,BURDEN_BATCH_RATES,POSTING_STATUS,nchar,NO
dbo,BURDEN_BATCH_RATES,SITE_ID,nvarchar,NO
dbo,BURDEN_DIST,ROWID,int,NO
dbo,BURDEN_DIST,BURDEN_ID,nvarchar,NO
dbo,BURDEN_DIST,DIST_NO,smallint,NO
dbo,BURDEN_DIST,ENTRY_NO,smallint,NO
dbo,BURDEN_DIST,BURDEN_CATEGORY_ID,nvarchar,NO
dbo,BURDEN_DIST,CURRENCY_ID,nvarchar,NO
dbo,BURDEN_DIST,SITE_ID,nvarchar,NO
dbo,BURDEN_DIST,AMOUNT,decimal,NO
dbo,BURDEN_DIST,AMOUNT_TYPE,nchar,NO
dbo,BURDEN_DIST,GL_ACCOUNT_ID,nvarchar,NO
dbo,BURDEN_DIST,POSTING_STATUS,nchar,NO
dbo,BURDEN_DIST,POSTING_DATE,datetime,NO
dbo,BURDEN_DIST,BATCH_ID,nvarchar,YES
dbo,BURDEN_DIST,USER_ID,nvarchar,NO
dbo,BURDEN_DIST,NATIVE,nchar,YES
dbo,BURDEN_DIST,SOURCE_TYPE,nvarchar,NO
dbo,BURDEN_DIST,IS_RETRO,nchar,NO
dbo,BURDEN_DIST,IS_PROJECT,nchar,NO
dbo,BURDEN_DIST,CREATE_DATE,datetime,NO
dbo,BURDEN_GROUP,ROWID,int,NO
dbo,BURDEN_GROUP,ID,nvarchar,NO
dbo,BURDEN_GROUP,DESCRIPTION,nvarchar,YES
dbo,BURDEN_RULE,ROWID,int,NO
dbo,BURDEN_RULE,BURDEN_GROUP_ID,nvarchar,NO
dbo,BURDEN_RULE,COST_CATEGORY_ID,nvarchar,NO
dbo,BURDEN_RULE,DEBIT_GL_ACCOUNT,nvarchar,YES
dbo,BURDEN_RULE,CREDIT_GL_ACCOUNT,nvarchar,YES
dbo,BURDEN_TRANS,ROWID,int,NO
dbo,BURDEN_TRANS,BURDEN_ID,nvarchar,NO
dbo,BURDEN_TRANS,PROJECT_SUMMARY_ID,nvarchar,NO
dbo,BURDEN_TRANS,BURDEN_CATEGORY_ID,nvarchar,NO
dbo,BURDEN_TRANS,AMOUNT,decimal,YES
dbo,BURDEN_TRANS,SOURCE_TYPE,nvarchar,YES
dbo,BURDEN_TRANS,SOURCE_TRANS_ID,int,YES
dbo,BURDEN_TRANS,SOURCE_ID,nvarchar,YES
dbo,BURDEN_TRANS,SOURCE_LINE_NO,smallint,YES
dbo,BURDEN_TRANS,ACCOUNT_YEAR,decimal,YES
dbo,BURDEN_TRANS,ACCOUNT_PERIOD,decimal,YES
dbo,BURDEN_TRANS,DEPARTMENT_ID,nvarchar,YES
dbo,BURDEN_TRANS,COST_CATEGORY_ID,nvarchar,YES
dbo,BURDEN_TRANS,IS_RETRO,nchar,NO
dbo,BURDEN_TRANS,RATE_ID,nvarchar,YES
dbo,BURDEN_TRANS,PERIOD_ID,nvarchar,YES
dbo,BURDEN_TRANS,SITE_ID,nvarchar,NO
dbo,CALENDAR_CHANGE,ROWID,int,NO
dbo,CALENDAR_CHANGE,SCHEDULE_ID,nvarchar,YES
dbo,CALENDAR_CHANGE,RESOURCE_ID,nvarchar,YES
dbo,CALENDAR_CHANGE,START_DATE,datetime,NO
dbo,CALENDAR_CHANGE,END_DATE,datetime,NO
dbo,CALENDAR_CHANGE,START_OF_DAY,datetime,NO
dbo,CALENDAR_CHANGE,SHIFT_1,decimal,NO
dbo,CALENDAR_CHANGE,SHIFT_2,decimal,NO
dbo,CALENDAR_CHANGE,SHIFT_3,decimal,NO
dbo,CALENDAR_CHANGE,SHIFT_1_CAPACITY,smallint,YES
dbo,CALENDAR_CHANGE,SHIFT_2_CAPACITY,smallint,YES
dbo,CALENDAR_CHANGE,SHIFT_3_CAPACITY,smallint,YES
dbo,CALENDAR_CHANGE,SITE_ID,nvarchar,YES
dbo,CALENDAR_CHANGE,ORIGINAL_START_OF_DAY,datetime,YES
dbo,CALENDAR_CHANGE,ORIGINAL_SHIFT_1,decimal,YES
dbo,CALENDAR_CHANGE,ORIGINAL_SHIFT_2,decimal,YES
dbo,CALENDAR_CHANGE,ORIGINAL_SHIFT_3,decimal,YES
dbo,CALENDAR_WEEK,ROWID,int,NO
dbo,CALENDAR_WEEK,SCHEDULE_ID,nvarchar,YES
dbo,CALENDAR_WEEK,RESOURCE_ID,nvarchar,YES
dbo,CALENDAR_WEEK,DAY_OF_WEEK,smallint,NO
dbo,CALENDAR_WEEK,START_OF_DAY,datetime,NO
dbo,CALENDAR_WEEK,SHIFT_1,decimal,NO
dbo,CALENDAR_WEEK,SHIFT_2,decimal,NO
dbo,CALENDAR_WEEK,SHIFT_3,decimal,NO
dbo,CALENDAR_WEEK,SHIFT_1_CAPACITY,smallint,YES
dbo,CALENDAR_WEEK,SHIFT_2_CAPACITY,smallint,YES
dbo,CALENDAR_WEEK,SHIFT_3_CAPACITY,smallint,YES
dbo,CALENDAR_WEEK,SITE_ID,nvarchar,YES
dbo,CALENDAR_WEEK,ORIGINAL_START_OF_DAY,datetime,YES
dbo,CALENDAR_WEEK,ORIGINAL_SHIFT_1,decimal,YES
dbo,CALENDAR_WEEK,ORIGINAL_SHIFT_2,decimal,YES
dbo,CALENDAR_WEEK,ORIGINAL_SHIFT_3,decimal,YES
dbo,CARRIER,ROWID,int,NO
dbo,CARRIER,ID,nvarchar,NO
dbo,CARRIER,NAME,nvarchar,YES
dbo,CARRIER,SHIPPER_ID,nvarchar,YES
dbo,CARRIER,ROUTE,nvarchar,YES
dbo,CARRIER,SHIPPER_INSTRUCT,nvarchar,YES
dbo,CARRIER,COD_CHARGE,decimal,YES
dbo,CARRIER,ADDR_1,nvarchar,YES
dbo,CARRIER,ADDR_2,nvarchar,YES
dbo,CARRIER,ADDR_3,nvarchar,YES
dbo,CARRIER,CITY,nvarchar,YES
dbo,CARRIER,STATE,nvarchar,YES
dbo,CARRIER,ZIPCODE,nvarchar,YES
dbo,CARRIER,COUNTRY,nvarchar,YES
dbo,CARRIER,VAT_REGISTRATION,nvarchar,YES
dbo,CARRIER,PARCEL_ID,nvarchar,YES
dbo,CARRIER,WEB_URL,nvarchar,YES
dbo,CARRIER,CARRIER_COUNTRY_ID,nvarchar,YES
dbo,CARRIER_SYNC,ROWID,int,NO
dbo,CARRIER_SYNC,EVENT_ID,int,NO
dbo,CARRIER_SYNC,TYPE,nchar,NO
dbo,CARRIER_SYNC,CREATE_DATE,datetime,NO
dbo,CARRIER_SYNC,CARRIER_ID,nvarchar,NO
dbo,CARRIER_SYNC,EXCEPTION,nchar,NO
dbo,CARRIER_SYNC,SUBSCRIPTIONS,int,NO
dbo,CARTON,ROWID,int,NO
dbo,CARTON,ID,nvarchar,NO
dbo,CARTON,BOL_ID,nvarchar,YES
dbo,CARTON,PALLET_ID,nvarchar,YES
dbo,CARTON,CARRIER_ID,nvarchar,YES
dbo,CARTON,CONTAINER_ID,nvarchar,YES
dbo,CARTON,TRACKING_NO,nvarchar,YES
dbo,CARTON,PACKAGE_TYPE,nvarchar,YES
dbo,CARTON,TOTAL_WEIGHT,decimal,YES
dbo,CARTON,USER_TOTAL_WEIGHT,decimal,YES
dbo,CARTON,ACT_FREIGHT,decimal,YES
dbo,CARTON,LENGTH,decimal,YES
dbo,CARTON,WIDTH,decimal,YES
dbo,CARTON,HEIGHT,decimal,YES
dbo,CARTON,DIM_WEIGHT,decimal,YES
dbo,CARTON,CALC_SIZE,decimal,YES
dbo,CARTON,COD,nchar,YES
dbo,CARTON,CASH_ONLY,nchar,YES
dbo,CARTON,ADD_HANDLING,nchar,YES
dbo,CARTON,DEL_CONFIRM,nchar,YES
dbo,CARTON,SIGNATURE_REQ,nchar,YES
dbo,CARTON,REQ_SPEC_REPLY,nchar,YES
dbo,CARTON,VERBAL_CONFIRM,nchar,YES
dbo,CARTON,FAX_POD,nchar,YES
dbo,CARTON,HAZARDOUS_MAT,nchar,YES
dbo,CARTON,SAT_PICKUP_DEL,nchar,YES
dbo,CARTON,ELECTRIC_CALL_TAG,nchar,YES
dbo,CARTON,CALL_TAG,nchar,YES
dbo,CARTON,HANDLING_CHARGE,decimal,YES
dbo,CARTON,COD_AMOUNT,decimal,YES
dbo,CARTON,MANIFESTED,nchar,YES
dbo,CARTON,CREATE_DATE,datetime,NO
dbo,CARTON,USER_ID,nvarchar,NO
dbo,CARTON,IS_LETTER,nchar,YES
dbo,CARTON,NON_DUTY,nchar,YES
dbo,CARTON,DOCUMENT_ONLY,nchar,YES
dbo,CARTON,INVOICE_GEN,nchar,YES
dbo,CARTON,INVOICE_REQ,nchar,YES
dbo,CARTON,POWER_OF_ATTORNEY,nchar,YES
dbo,CARTON,EXPORT_DECLARATION,nchar,YES
dbo,CARTON,CERT_OF_ORIGIN,nchar,YES
dbo,CARTON,DECLARED_VALUE,decimal,YES
dbo,CARTON,SURCHARGE,decimal,YES
dbo,CARTON,DESCRIPTION,nvarchar,YES
dbo,CARTON_LINE,ROWID,int,NO
dbo,CARTON_LINE,CARTON_ID,nvarchar,NO
dbo,CARTON_LINE,LINE_NO,smallint,NO
dbo,CARTON_LINE,PART_ID,nvarchar,NO
dbo,CARTON_LINE,QTY,decimal,NO
dbo,CASH_BOOK_SUMMARY,ROWID,int,NO
dbo,CASH_BOOK_SUMMARY,BANK_ACCOUNT_ID,nvarchar,NO
dbo,CASH_BOOK_SUMMARY,ACCT_YEAR,decimal,NO
dbo,CASH_BOOK_SUMMARY,ACCT_PERIOD,decimal,NO
dbo,CASH_BOOK_SUMMARY,CLEARED_BALANCE,decimal,NO
dbo,CASH_BOOK_SUMMARY,ACCT_BALANCE,decimal,NO
dbo,CASH_BOOK_SUMMARY,CURRENCY_ID,nvarchar,NO
dbo,CASH_BOOK_SUMMARY,SITE_ID,nvarchar,NO
dbo,CASH_DISBURSE_CURR,ROWID,int,NO
dbo,CASH_DISBURSE_CURR,BANK_ACCOUNT_ID,nvarchar,NO
dbo,CASH_DISBURSE_CURR,CONTROL_NO,int,NO
dbo,CASH_DISBURSE_CURR,CURRENCY_ID,nvarchar,NO
dbo,CASH_DISBURSE_CURR,AMOUNT,decimal,NO
dbo,CASH_DISBURSE_CURR,SELL_RATE,decimal,NO
dbo,CASH_DISBURSE_CURR,BUY_RATE,decimal,NO
dbo,CASH_DISBURSE_DIST,ROWID,int,NO
dbo,CASH_DISBURSE_DIST,BANK_ACCOUNT_ID,nvarchar,NO
dbo,CASH_DISBURSE_DIST,CONTROL_NO,int,NO
dbo,CASH_DISBURSE_DIST,DIST_NO,smallint,NO
dbo,CASH_DISBURSE_DIST,ENTRY_NO,smallint,NO
dbo,CASH_DISBURSE_DIST,AMOUNT,decimal,NO
dbo,CASH_DISBURSE_DIST,AMOUNT_TYPE,nchar,NO
dbo,CASH_DISBURSE_DIST,GL_ACCOUNT_ID,nvarchar,NO
dbo,CASH_DISBURSE_DIST,POSTING_DATE,datetime,NO
dbo,CASH_DISBURSE_DIST,POSTING_STATUS,nchar,NO
dbo,CASH_DISBURSE_DIST,BATCH_ID,nvarchar,YES
dbo,CASH_DISBURSE_DIST,CREATE_DATE,datetime,NO
dbo,CASH_DISBURSE_DIST,SITE_ID,nvarchar,NO
dbo,CASH_DISBURSE_DIST,CURRENCY_ID,nvarchar,NO
dbo,CASH_DISBURSE_DIST,NATIVE,nchar,YES
dbo,CASH_DISBURSE_LINE,ROWID,int,NO
dbo,CASH_DISBURSE_LINE,BANK_ACCOUNT_ID,nvarchar,NO
dbo,CASH_DISBURSE_LINE,CONTROL_NO,int,NO
dbo,CASH_DISBURSE_LINE,LINE_NO,smallint,NO
dbo,CASH_DISBURSE_LINE,VOUCHER_ID,nvarchar,YES
dbo,CASH_DISBURSE_LINE,GL_ACCOUNT_ID,nvarchar,YES
dbo,CASH_DISBURSE_LINE,REFERENCE_INFO,nvarchar,YES
dbo,CASH_DISBURSE_LINE,AMOUNT,decimal,NO
dbo,CASH_DISBURSE_LINE,SELL_RATE,decimal,NO
dbo,CASH_DISBURSE_LINE,DISCOUNT_APPLIED,decimal,NO
dbo,CASH_DISBURSE_LINE,WITHHOLDING_CODE,nvarchar,YES
dbo,CASH_DISBURSE_LINE,WITHHELD_AMOUNT,decimal,NO
dbo,CASH_DISBURSE_LINE,WH_ALLOWED_AMOUNT,decimal,NO
dbo,CASH_DISBURSE_LINE,WH_GL_ACCT_ID,nvarchar,YES
dbo,CASH_DISBURSE_LINE,APPLIED_TYPE,nvarchar,YES
dbo,CASH_DISBURSE_LINE,MEMO_VOUCHER_ID,nvarchar,YES
dbo,CASH_DISBURSE_LINE,PCURR_AMOUNT,decimal,YES
dbo,CASH_DISBURSE_LINE,PCURR_DISC_APPLIED,decimal,YES
dbo,CASH_DISBURSE_LINE,PCURR_WH_AMOUNT,decimal,YES
dbo,CASH_DISBURSE_LINE,PCURR_WH_ALLWD_AMT,decimal,YES
dbo,CASH_DISBURSE_LINE,INST_NO,smallint,YES
dbo,CASH_DISBURSE_LINE,USER_DIMENSION_1,nvarchar,YES
dbo,CASH_DISBURSE_LINE,USER_DIMENSION_2,nvarchar,YES
dbo,CASH_DISBURSE_LINE,PAYB_VENDOR_ID,nvarchar,YES
dbo,CASH_DISBURSE_LINE,PAYB_VENDOR_NAME,nvarchar,YES
dbo,CASH_DISBURSE_LINE,SITE_ID,nvarchar,NO
dbo,CASH_DISBURSEMENT,ROWID,int,NO
dbo,CASH_DISBURSEMENT,BANK_ACCOUNT_ID,nvarchar,NO
dbo,CASH_DISBURSEMENT,CONTROL_NO,int,NO
dbo,CASH_DISBURSEMENT,VENDOR_ID,nvarchar,YES
dbo,CASH_DISBURSEMENT,CHECK_NO,int,YES
dbo,CASH_DISBURSEMENT,AMOUNT,decimal,NO
dbo,CASH_DISBURSEMENT,CREATE_DATE,datetime,NO
dbo,CASH_DISBURSEMENT,USER_ID,nvarchar,YES
dbo,CASH_DISBURSEMENT,CHECK_DATE,datetime,NO
dbo,CASH_DISBURSEMENT,MEMO,nvarchar,YES
dbo,CASH_DISBURSEMENT,STATUS,nchar,NO
dbo,CASH_DISBURSEMENT,SELL_RATE,decimal,NO
dbo,CASH_DISBURSEMENT,BUY_RATE,decimal,NO
dbo,CASH_DISBURSEMENT,POSTING_DATE,datetime,NO
dbo,CASH_DISBURSEMENT,SITE_ID,nvarchar,NO
dbo,CASH_DISBURSEMENT,CLEARED,nchar,NO
dbo,CASH_DISBURSEMENT,MARKED_FOR_PURGE,nchar,NO
dbo,CASH_DISBURSEMENT,VEND_BANK_ACCT_ID,nvarchar,YES
dbo,CASH_DISBURSEMENT,PAYEE_REF_CODE,nvarchar,YES
dbo,CASH_DISBURSEMENT,PAYMENT_METHOD,nchar,NO
dbo,CASH_DISBURSEMENT,PAYMENT_BATCH_NO,int,YES
dbo,CASH_DISBURSEMENT,PAYMENT_FILENAME,nvarchar,YES
dbo,CASH_DISBURSEMENT,NAME,nvarchar,YES
dbo,CASH_DISBURSEMENT,ADDR_1,nvarchar,YES
dbo,CASH_DISBURSEMENT,ADDR_2,nvarchar,YES
dbo,CASH_DISBURSEMENT,ADDR_3,nvarchar,YES
dbo,CASH_DISBURSEMENT,CITY,nvarchar,YES
dbo,CASH_DISBURSEMENT,STATE,nvarchar,YES
dbo,CASH_DISBURSEMENT,ZIPCODE,nvarchar,YES
dbo,CASH_DISBURSEMENT,COUNTRY,nvarchar,YES
dbo,CASH_DISBURSEMENT,CLEARED_DATE,datetime,YES
dbo,CASH_DISBURSEMENT,CURRENCY_ID,nvarchar,NO
dbo,CASH_DISBURSEMENT,USER_EXCH_RATE,nchar,NO
dbo,CASH_DISBURSEMENT,VOID_DATE,datetime,YES
dbo,CASH_DISBURSEMENT,VOID_CLEARED_DATE,datetime,YES
dbo,CASH_DISBURSEMENT,GROUP_ID,nvarchar,YES
dbo,CASH_DISBURSEMENT,USER_DIMENSION_1,nvarchar,YES
dbo,CASH_DISBURSEMENT,USER_DIMENSION_2,nvarchar,YES
dbo,CASH_DISBURSEMENT,CASH_DISBURSE_COUNTRY_ID,nvarchar,YES
dbo,CASH_PLAN,ROWID,int,NO
dbo,CASH_PLAN,ID,nvarchar,NO
dbo,CASH_PLAN,DESCRIPTION,nvarchar,YES
dbo,CASH_PLAN,SITE_ID,nvarchar,YES
dbo,CASH_PLAN,CURRENCY_ID,nvarchar,YES
dbo,CASH_PLAN,BEGINNING_BALANCE,decimal,NO
dbo,CASH_PLAN,STATUS,nchar,YES
dbo,CASH_PLAN,ACT_UPDATED,datetime,YES
dbo,CASH_PLAN,ACT_FIRST_DATE,datetime,YES
dbo,CASH_PLAN,ACT_LAST_DATE,datetime,YES
dbo,CASH_PLAN,PRJ_UPDATED,datetime,YES
dbo,CASH_PLAN,PRJ_FIRST_DATE,datetime,YES
dbo,CASH_PLAN,PRJ_LAST_DATE,datetime,YES
dbo,CASH_PLAN,CREATE_DATE,datetime,NO
dbo,CASH_PLAN,AR_INCLUDED,nchar,YES
dbo,CASH_PLAN,AR_TYPE,nchar,YES
dbo,CASH_PLAN,AR_SAMPLES,smallint,YES
dbo,CASH_PLAN,AR_TERMS_PLUS,smallint,YES
dbo,CASH_PLAN,AR_DAYS,smallint,YES
dbo,CASH_PLAN,AR_CLIP_BEFORE,smallint,YES
dbo,CASH_PLAN,AR_CLIP_AFTER,smallint,YES
dbo,CASH_PLAN,CO_INCLUDED,nchar,YES
dbo,CASH_PLAN,CO_TYPE,nchar,YES
dbo,CASH_PLAN,CO_SAMPLES,smallint,YES
dbo,CASH_PLAN,CO_CLIP_BEFORE,smallint,YES
dbo,CASH_PLAN,CO_CLIP_AFTER,smallint,YES
dbo,CASH_PLAN,AP_INCLUDED,nchar,YES
dbo,CASH_PLAN,AP_TYPE,nchar,YES
dbo,CASH_PLAN,AP_TERMS_PLUS,smallint,YES
dbo,CASH_PLAN,AP_DAYS,smallint,YES
dbo,CASH_PLAN,PO_INCLUDED,nchar,YES
dbo,CASH_PLAN,PO_TYPE,nchar,YES
dbo,CASH_PLAN,PO_SAMPLES,smallint,YES
dbo,CASH_PLAN,PO_INVOICE_DELAY,smallint,YES
dbo,CASH_PLAN,PO_CLIP_BEFORE,smallint,YES
dbo,CASH_PLAN,FIN_CAL_ID,nvarchar,NO
dbo,CASH_PLAN_ACCOUNT,ROWID,int,NO
dbo,CASH_PLAN_ACCOUNT,CASH_PLAN_ID,nvarchar,NO
dbo,CASH_PLAN_ACCOUNT,CASH_PLAN_LINE_NO,smallint,NO
dbo,CASH_PLAN_ACCOUNT,ACCOUNT_ID,nvarchar,NO
dbo,CASH_PLAN_AMOUNT,ROWID,int,NO
dbo,CASH_PLAN_AMOUNT,CASH_PLAN_ID,nvarchar,NO
dbo,CASH_PLAN_AMOUNT,CASH_PLAN_LINE_NO,smallint,NO
dbo,CASH_PLAN_AMOUNT,YEAR,decimal,NO
dbo,CASH_PLAN_AMOUNT,PERIOD,decimal,NO
dbo,CASH_PLAN_AMOUNT,AMOUNT_TYPE,nchar,NO
dbo,CASH_PLAN_AMOUNT,AMOUNT,decimal,YES
dbo,CASH_PLAN_LINE,ROWID,int,NO
dbo,CASH_PLAN_LINE,CASH_PLAN_ID,nvarchar,NO
dbo,CASH_PLAN_LINE,LINE_NO,smallint,NO
dbo,CASH_PLAN_LINE,CATEGORY,nvarchar,YES
dbo,CASH_PLAN_LINE,TYPE,nchar,YES
dbo,CASH_PLAN_LINE,CLASS,smallint,YES
dbo,CASH_PLAN_SITE,ROWID,int,NO
dbo,CASH_PLAN_SITE,CASH_PLAN_ID,nvarchar,NO
dbo,CASH_PLAN_SITE,SITE_ID,nvarchar,NO
dbo,CASH_RECEIPT,ROWID,int,NO
dbo,CASH_RECEIPT,CUSTOMER_ID,nvarchar,NO
dbo,CASH_RECEIPT,CHECK_ID,nvarchar,NO
dbo,CASH_RECEIPT,BANK_ACCOUNT_ID,nvarchar,NO
dbo,CASH_RECEIPT,AMOUNT,decimal,NO
dbo,CASH_RECEIPT,CREATE_DATE,datetime,NO
dbo,CASH_RECEIPT,USER_ID,nvarchar,YES
dbo,CASH_RECEIPT,CHECK_DATE,datetime,NO
dbo,CASH_RECEIPT,STATUS,nchar,NO
dbo,CASH_RECEIPT,SELL_RATE,decimal,NO
dbo,CASH_RECEIPT,BUY_RATE,decimal,NO
dbo,CASH_RECEIPT,POSTING_DATE,datetime,NO
dbo,CASH_RECEIPT,SITE_ID,nvarchar,NO
dbo,CASH_RECEIPT,DEPOSIT_ID,nvarchar,YES
dbo,CASH_RECEIPT,MARKED_FOR_PURGE,nchar,NO
dbo,CASH_RECEIPT,PAYMENT_METHOD,nchar,NO
dbo,CASH_RECEIPT,CURRENCY_ID,nvarchar,YES
dbo,CASH_RECEIPT,USER_EXCH_RATE,nchar,YES
dbo,CASH_RECEIPT,VOID_DATE,datetime,YES
dbo,CASH_RECEIPT,VOID_CLEARED_DATE,datetime,YES
dbo,CASH_RECEIPT,GROUP_ID,nvarchar,YES
dbo,CASH_RECEIPT,USER_DIMENSION_1,nvarchar,YES
dbo,CASH_RECEIPT,USER_DIMENSION_2,nvarchar,YES
dbo,CASH_RECEIPT_CURR,ROWID,int,NO
dbo,CASH_RECEIPT_CURR,CUSTOMER_ID,nvarchar,NO
dbo,CASH_RECEIPT_CURR,CHECK_ID,nvarchar,NO
dbo,CASH_RECEIPT_CURR,CURRENCY_ID,nvarchar,NO
dbo,CASH_RECEIPT_CURR,AMOUNT,decimal,NO
dbo,CASH_RECEIPT_CURR,SELL_RATE,decimal,NO
dbo,CASH_RECEIPT_CURR,BUY_RATE,decimal,NO
dbo,CASH_RECEIPT_DIST,ROWID,int,NO
dbo,CASH_RECEIPT_DIST,CUSTOMER_ID,nvarchar,NO
dbo,CASH_RECEIPT_DIST,CHECK_ID,nvarchar,NO
dbo,CASH_RECEIPT_DIST,DIST_NO,smallint,NO
dbo,CASH_RECEIPT_DIST,ENTRY_NO,smallint,NO
dbo,CASH_RECEIPT_DIST,AMOUNT,decimal,NO
dbo,CASH_RECEIPT_DIST,AMOUNT_TYPE,nchar,NO
dbo,CASH_RECEIPT_DIST,GL_ACCOUNT_ID,nvarchar,NO
dbo,CASH_RECEIPT_DIST,POSTING_STATUS,nchar,NO
dbo,CASH_RECEIPT_DIST,POSTING_DATE,datetime,NO
dbo,CASH_RECEIPT_DIST,BATCH_ID,nvarchar,YES
dbo,CASH_RECEIPT_DIST,CREATE_DATE,datetime,NO
dbo,CASH_RECEIPT_DIST,SITE_ID,nvarchar,NO
dbo,CASH_RECEIPT_DIST,CURRENCY_ID,nvarchar,NO
dbo,CASH_RECEIPT_DIST,NATIVE,nchar,YES
dbo,CASH_RECEIPT_LINE,ROWID,int,NO
dbo,CASH_RECEIPT_LINE,CUSTOMER_ID,nvarchar,NO
dbo,CASH_RECEIPT_LINE,CHECK_ID,nvarchar,NO
dbo,CASH_RECEIPT_LINE,LINE_NO,smallint,NO
dbo,CASH_RECEIPT_LINE,INVOICE_ID,nvarchar,YES
dbo,CASH_RECEIPT_LINE,GL_ACCOUNT_ID,nvarchar,YES
dbo,CASH_RECEIPT_LINE,REFERENCE,nvarchar,YES
dbo,CASH_RECEIPT_LINE,AMOUNT,decimal,NO
dbo,CASH_RECEIPT_LINE,DISCOUNT_APPLIED,decimal,NO
dbo,CASH_RECEIPT_LINE,SELL_RATE,decimal,NO
dbo,CASH_RECEIPT_LINE,APPLIED_TYPE,nvarchar,YES
dbo,CASH_RECEIPT_LINE,MEMO_INVOICE_ID,nvarchar,YES
dbo,CASH_RECEIPT_LINE,PCURR_AMOUNT,decimal,YES
dbo,CASH_RECEIPT_LINE,PCURR_DISC_APPLIED,decimal,YES
dbo,CASH_RECEIPT_LINE,INST_NO,smallint,YES
dbo,CASH_RECEIPT_LINE,USER_DIMENSION_1,nvarchar,YES
dbo,CASH_RECEIPT_LINE,USER_DIMENSION_2,nvarchar,YES
dbo,CASH_RECEIPT_LINE,RECV_CUSTOMER_ID,nvarchar,YES
dbo,CASH_RECEIPT_LINE,SITE_ID,nvarchar,NO
dbo,CHART_FACTORS,ROWID,int,NO
dbo,CHART_FACTORS,SUBGROUP_SIZE,smallint,NO
dbo,CHART_FACTORS,A1,decimal,NO
dbo,CHART_FACTORS,A2,decimal,NO
dbo,CHART_FACTORS,A3,decimal,NO
dbo,CHART_FACTORS,C4,decimal,NO
dbo,CHART_FACTORS,B3,decimal,NO
dbo,CHART_FACTORS,B4,decimal,NO
dbo,CHART_FACTORS,LD2,decimal,NO
dbo,CHART_FACTORS,D3,decimal,NO
dbo,CHART_FACTORS,D4,decimal,NO
dbo,CLYRPD,ROWID,int,NO
dbo,CLYRPD,YQDATE,decimal,YES
dbo,CLYRPD,YQYEAR,decimal,YES
dbo,CLYRPD,YQPERD,decimal,YES
dbo,CLYRPD,YQDTMT,decimal,YES
dbo,CLYRPD,YQBLNK,nvarchar,YES
dbo,CNSN_RCVR_LINE_DEL,ROWID,int,NO
dbo,CNSN_RCVR_LINE_DEL,RECEIVER_ID,nvarchar,NO
dbo,CNSN_RCVR_LINE_DEL,RECEIVER_LINE_NO,smallint,NO
dbo,CNSN_RCVR_LINE_DEL,LINE_NO,smallint,NO
dbo,CNSN_RCVR_LINE_DEL,PURC_ORDER_ID,nvarchar,NO
dbo,CNSN_RCVR_LINE_DEL,PURC_ORDER_LINE_NO,smallint,NO
dbo,CNSN_RCVR_LINE_DEL,PURC_DEL_LINE_NO,smallint,NO
dbo,CNSN_RCVR_LINE_DEL,USER_RECEIVED_QTY,decimal,NO
dbo,CNSN_RCVR_LINE_DEL,RECEIVED_QTY,decimal,NO
dbo,CNSN_RCVR_LINE_DEL,PIECE_COUNT,decimal,YES
dbo,CO_PRODUCT,ROWID,int,NO
dbo,CO_PRODUCT,WORKORDER_TYPE,nchar,NO
dbo,CO_PRODUCT,WORKORDER_BASE_ID,nvarchar,NO
dbo,CO_PRODUCT,WORKORDER_LOT_ID,nvarchar,NO
dbo,CO_PRODUCT,WORKORDER_SPLIT_ID,nvarchar,NO
dbo,CO_PRODUCT,WORKORDER_SUB_ID,nvarchar,NO
dbo,CO_PRODUCT,PART_ID,nvarchar,NO
dbo,CO_PRODUCT,MAT_COST_PERCENT,decimal,NO
dbo,CO_PRODUCT,DESIRED_QTY,decimal,NO
dbo,CO_PRODUCT,RECEIVED_QTY,decimal,NO
dbo,CO_PRODUCT,LINE_STATUS,nchar,NO
dbo,CO_PRODUCT,LAB_COST_PERCENT,decimal,NO
dbo,CO_PRODUCT,BUR_COST_PERCENT,decimal,NO
dbo,CO_PRODUCT,SER_COST_PERCENT,decimal,NO
dbo,CO_PRODUCT,WAREHOUSE_ID,nvarchar,YES
dbo,CO_PRODUCT,WIP_VAS_REQUIRED,nchar,YES
dbo,CO_PRODUCT,ALLOCATED_QTY,decimal,NO
dbo,CO_PRODUCT,FULFILLED_QTY,decimal,NO
dbo,CO_PRODUCT,QTY_IS_RATIO,nchar,YES
dbo,CO_PRODUCT,QTY_PER,decimal,YES
dbo,CO_PRODUCT,STATUS_EFF_DATE,datetime,NO
dbo,COMMODITY,ROWID,int,NO
dbo,COMMODITY,CODE,nvarchar,NO
dbo,COMMODITY,UNIV_PLAN_MATERIAL,nvarchar,YES
dbo,COMMODITY,DESCRIPTION,nvarchar,YES
dbo,COMMODITY_SYNC,ROWID,int,NO
dbo,COMMODITY_SYNC,EVENT_ID,int,NO
dbo,COMMODITY_SYNC,TYPE,nchar,NO
dbo,COMMODITY_SYNC,CREATE_DATE,datetime,NO
dbo,COMMODITY_SYNC,COMMODITY_CODE,nvarchar,NO
dbo,COMMODITY_SYNC,EXCEPTION,nchar,NO
dbo,COMMODITY_SYNC,SUBSCRIPTIONS,int,NO
dbo,CONSIGN_RCVR_LINE,ROWID,int,NO
dbo,CONSIGN_RCVR_LINE,RECEIVER_ID,nvarchar,NO
dbo,CONSIGN_RCVR_LINE,LINE_NO,smallint,NO
dbo,CONSIGN_RCVR_LINE,PURC_ORDER_ID,nvarchar,YES
dbo,CONSIGN_RCVR_LINE,PURC_ORDER_LINE_NO,smallint,YES
dbo,CONSIGN_RCVR_LINE,PART_ID,nvarchar,YES
dbo,CONSIGN_RCVR_LINE,USER_RECEIVED_QTY,decimal,NO
dbo,CONSIGN_RCVR_LINE,RECEIVED_QTY,decimal,NO
dbo,CONSIGN_RCVR_LINE,WAREHOUSE_ID,nvarchar,YES
dbo,CONSIGN_RCVR_LINE,LOCATION_ID,nvarchar,YES
dbo,CONSIGN_RCVR_LINE,TRANSACTION_ID,int,YES
dbo,CONSIGN_RCVR_LINE,PIECE_COUNT,decimal,YES
dbo,CONSIGN_RCVR_LINE,LENGTH,decimal,YES
dbo,CONSIGN_RCVR_LINE,WIDTH,decimal,YES
dbo,CONSIGN_RCVR_LINE,HEIGHT,decimal,YES
dbo,CONSIGN_RCVR_LINE,DIMENSIONS_UM,nvarchar,YES
dbo,CONSIGN_RCVR_LINE,REJECTED_QTY,decimal,YES
dbo,CONSIGN_RCVR_LINE,HTS_CODE,nvarchar,YES
dbo,CONSIGN_RCVR_LINE,ORIG_COUNTRY_ID,nvarchar,YES
dbo,CONSIGN_RCVR_LINE,GROSS_WEIGHT,decimal,YES
dbo,CONSIGN_RECEIVER,ROWID,int,NO
dbo,CONSIGN_RECEIVER,ID,nvarchar,NO
dbo,CONSIGN_RECEIVER,PURC_ORDER_ID,nvarchar,YES
dbo,CONSIGN_RECEIVER,CUSTOMER_ID,nvarchar,YES
dbo,CONSIGN_RECEIVER,RECEIVED_DATE,datetime,YES
dbo,CONSIGN_RECEIVER,USER_ID,nvarchar,NO
dbo,CONSIGN_RECEIVER,CARRIER_ID,nvarchar,YES
dbo,CONSIGN_RECEIVER,BOL_ID,nvarchar,YES
dbo,CONSIGN_RECEIVER,CREATE_DATE,datetime,NO
dbo,CONSIGN_RECEIVER,SITE_ID,nvarchar,NO
dbo,CONSOLID_ACCOUNT,ROWID,int,NO
dbo,CONSOLID_ACCOUNT,PARENT_ACCT_ID,nvarchar,NO
dbo,CONSOLID_ACCOUNT,DESCRIPTION,nvarchar,YES
dbo,CONSOLID_ACCOUNT,TYPE,nchar,NO
dbo,CONSOLIDATION,ROWID,int,NO
dbo,CONSOLIDATION,ID,nvarchar,NO
dbo,CONSOLIDATION,DESCRIPTION,nvarchar,YES
dbo,CONSOLIDATION,CREATE_DATE,datetime,NO
dbo,CONSOLIDATION_LOG,ROWID,int,NO
dbo,CONSOLIDATION_LOG,CONSOLIDATION_ID,nvarchar,NO
dbo,CONSOLIDATION_LOG,SITE_ID,nvarchar,NO
dbo,CONSOLIDATION_LOG,CREATE_DATE,datetime,NO
dbo,CONSOLIDATION_LOG,START_DATE,datetime,NO
dbo,CONSOLIDATION_LOG,END_DATE,datetime,NO
dbo,CONSOLIDATION_LOG,FILENAME,nvarchar,YES
dbo,CONSOLIDATION_LOG,TYPE,nchar,YES
dbo,CONSOLIDATION_MAP,ROWID,int,NO
dbo,CONSOLIDATION_MAP,CONSOLIDATION_ID,nvarchar,NO
dbo,CONSOLIDATION_MAP,LINE_NO,smallint,NO
dbo,CONSOLIDATION_MAP,LOCAL_ACCT_ID,nvarchar,NO
dbo,CONSOLIDATION_MAP,PARENT_ACCT_ID,nvarchar,YES
dbo,CONSOLIDATION_MAP,PERCENT,decimal,YES
dbo,CONSOLIDATION_MAP,DERIVED,nchar,YES
dbo,CONTACT,ID,nvarchar,NO
dbo,CONTACT,FIRST_NAME,nvarchar,YES
dbo,CONTACT,LAST_NAME,nvarchar,YES
dbo,CONTACT,MIDDLE_NAME,nvarchar,YES
dbo,CONTACT,MIDDLE_INITIAL,nvarchar,YES
dbo,CONTACT,POSITION,nvarchar,YES
dbo,CONTACT,SALUTATION,nvarchar,YES
dbo,CONTACT,HONORIFIC,nvarchar,YES
dbo,CONTACT,COUNTRY_DIAL_CODE,nvarchar,YES
dbo,CONTACT,PHONE,nvarchar,YES
dbo,CONTACT,PHONE_EXT,nvarchar,YES
dbo,CONTACT,FAX,nvarchar,YES
dbo,CONTACT,MOBILE,nvarchar,YES
dbo,CONTACT,EMAIL,nvarchar,YES
dbo,CONTACT,ADDR_1,nvarchar,YES
dbo,CONTACT,ADDR_2,nvarchar,YES
dbo,CONTACT,ADDR_3,nvarchar,YES
dbo,CONTACT,CITY,nvarchar,YES
dbo,CONTACT,STATE,nvarchar,YES
dbo,CONTACT,ZIPCODE,nvarchar,YES
dbo,CONTACT,COUNTRY,nvarchar,YES
dbo,CONTACT,WEB_USER_ID,nvarchar,YES
dbo,CONTACT,WEB_PASSWORD,nvarchar,YES
dbo,CONTACT,PREFERRED_CONTACT_METHOD,nchar,YES
dbo,CONTACT,GENDER_CODE,nchar,NO
dbo,CONTACT,MARITAL_STATUS,nchar,NO
dbo,CONTACT,BIRTH_DATE,datetime,YES
dbo,CONTACT,USER_1,nvarchar,YES
dbo,CONTACT,USER_2,nvarchar,YES
dbo,CONTACT,USER_3,nvarchar,YES
dbo,CONTACT,USER_4,nvarchar,YES
dbo,CONTACT,USER_5,nvarchar,YES
dbo,CONTACT,USER_6,nvarchar,YES
dbo,CONTACT,USER_7,nvarchar,YES
dbo,CONTACT,USER_8,nvarchar,YES
dbo,CONTACT,USER_9,nvarchar,YES
dbo,CONTACT,USER_10,nvarchar,YES
dbo,CONTACT,NO_CALL_PHONE,nchar,NO
dbo,CONTACT,NO_CALL_MOBILE,nchar,NO
dbo,CONTACT,NO_EMAIL,nchar,NO
dbo,CONTACT,URL_TWITTER,nvarchar,YES
dbo,CONTACT,URL_FACEBOOK,nvarchar,YES
dbo,CONTACT,URL_MYSPACE,nvarchar,YES
dbo,CONTACT,URL_LINKEDIN,nvarchar,YES
dbo,CONTACT,URL_HYVES,nvarchar,YES
dbo,CONTACT,ACTIVE_FLAG,nchar,YES
dbo,CONTACT,ROWID,int,NO
dbo,CONTACT,CONTACT_COUNTRY_ID,nvarchar,YES
dbo,CONTACT,UDF_LAYOUT_ID,nvarchar,YES
dbo,CONTACT_BINARY,ROWID,int,NO
dbo,CONTACT_BINARY,CONTACT_ID,nvarchar,NO
dbo,CONTACT_BINARY,TYPE,nchar,NO
dbo,CONTACT_BINARY,BITS,image,YES
dbo,CONTACT_BINARY,BITS_LENGTH,int,NO
dbo,CONTRACT_TYPE,ROWID,int,NO
dbo,CONTRACT_TYPE,CODE,nvarchar,NO
dbo,CONTRACT_TYPE,DESCRIPTION,nvarchar,YES
dbo,CONTRACT_TYPE,CONTRACT_CATEGORY,nchar,YES
dbo,CONTRACT_TYPE,REVENUE_BASIS,nchar,YES
dbo,CONTRACT_TYPE,BILLING_BASIS,nchar,YES
dbo,CONTRACT_TYPE,FEE_BASIS,nchar,YES
dbo,CONTRACT_TYPE,INVOICING_METHOD,nchar,YES
dbo,CONTROL_LIMITS,ROWID,int,NO
dbo,CONTROL_LIMITS,TEST_ID,nvarchar,NO
dbo,CONTROL_LIMITS,STEP_NO,int,NO
dbo,CONTROL_LIMITS,LIMIT_ID,nvarchar,NO
dbo,CONTROL_LIMITS,LIMIT_TYPE,nvarchar,NO
dbo,CONTROL_LIMITS,DESCRIPTION,nvarchar,YES
dbo,CONTROL_LIMITS,CENTRAL_LINE,decimal,NO
dbo,CONTROL_LIMITS,LCL,decimal,NO
dbo,CONTROL_LIMITS,UCL,decimal,NO
dbo,CONTROL_LIMITS,CREATE_DATE,datetime,NO
dbo,CONTROL_LIMITS,START_SUBGROUP,smallint,YES
dbo,CONTROL_LIMITS,END_SUBGROUP,smallint,YES
dbo,CONTROL_LIMITS,NUM_OF_SUBGRPS,smallint,YES
dbo,COR_INBOX_ENTRY,C_ID,bigint,NO
dbo,COR_INBOX_ENTRY,C_XML,varbinary,NO
dbo,COR_INBOX_ENTRY,C_TENANT_ID,nvarchar,NO
dbo,COR_INBOX_ENTRY,C_MESSAGE_PRIORITY,int,NO
dbo,COR_INBOX_ENTRY,C_CREATED_DATE_TIME,datetime,NO
dbo,COR_INBOX_ENTRY,C_WAS_PROCESSED,int,NO
dbo,COR_INBOX_HEADERS,C_ID,bigint,NO
dbo,COR_INBOX_HEADERS,C_INBOX_ID,bigint,NO
dbo,COR_INBOX_HEADERS,C_HEADER_KEY,nvarchar,NO
dbo,COR_INBOX_HEADERS,C_HEADER_VALUE,nvarchar,NO
dbo,COR_OUTBOX_ENTRY,C_ID,bigint,NO
dbo,COR_OUTBOX_ENTRY,C_XML,varbinary,YES
dbo,COR_OUTBOX_ENTRY,C_TENANT_ID,nvarchar,NO
dbo,COR_OUTBOX_ENTRY,C_MESSAGE_PRIORITY,int,NO
dbo,COR_OUTBOX_ENTRY,C_CREATED_DATE_TIME,datetime,NO
dbo,COR_OUTBOX_ENTRY,C_WAS_PROCESSED,int,NO
dbo,COR_OUTBOX_HEADERS,C_ID,bigint,NO
dbo,COR_OUTBOX_HEADERS,C_OUTBOX_ID,bigint,NO
dbo,COR_OUTBOX_HEADERS,C_HEADER_KEY,nvarchar,NO
dbo,COR_OUTBOX_HEADERS,C_HEADER_VALUE,nvarchar,NO
dbo,COR_PROPERTY,C_ID,bigint,NO
dbo,COR_PROPERTY,C_PROPERTY_NAME,nvarchar,NO
dbo,COR_PROPERTY,C_PROPERTY_VALUE,nvarchar,NO
dbo,COST_CATEGORY,ROWID,int,NO
dbo,COST_CATEGORY,ID,nvarchar,NO
dbo,COST_CATEGORY,DESCRIPTION,nvarchar,YES
dbo,COST_CATEGORY,COST_TYPE,nchar,NO
dbo,COST_CATEGORY,COST_GROUP_ID,nvarchar,YES
dbo,COST_CATEGORY,SPREAD_TYPE,nchar,YES
dbo,COST_CATEGORY,BURDEN_APPLY_TYPE,nvarchar,YES
dbo,COST_CATEGORY,ACTGRP_BURCAT_POOL,nvarchar,YES
dbo,COST_CATEGORY,ACTGRP_BURCAT_BASE,nvarchar,YES
dbo,COST_GROUP,ROWID,int,NO
dbo,COST_GROUP,ID,nvarchar,NO
dbo,COST_GROUP,DESCRIPTION,nvarchar,YES
dbo,COST_GROUP,TYPE,nchar,NO
dbo,COST_SIMULATION,ROWID,int,NO
dbo,COST_SIMULATION,SIMULATION_ID,nvarchar,NO
dbo,COST_SIMULATION,PART_ID,nvarchar,NO
dbo,COST_SIMULATION,WORKORDER_TYPE,nchar,YES
dbo,COST_SIMULATION,WORKORDER_BASE_ID,nvarchar,YES
dbo,COST_SIMULATION,WORKORDER_LOT_ID,nvarchar,YES
dbo,COST_SIMULATION,WORKORDER_SPLIT_ID,nvarchar,YES
dbo,COST_SIMULATION,WORKORDER_SUB_ID,nvarchar,YES
dbo,COST_SIMULATION,PRV_MATERIAL_COST,decimal,YES
dbo,COST_SIMULATION,PRV_LABOR_COST,decimal,YES
dbo,COST_SIMULATION,PRV_BURDEN_COST,decimal,YES
dbo,COST_SIMULATION,PRV_SERVICE_COST,decimal,YES
dbo,COST_SIMULATION,PRV_FIXED_COST,decimal,YES
dbo,COST_SIMULATION,PRV_UNIT_PRICE,decimal,YES
dbo,COST_SIMULATION,TOT_PRV_COST,decimal,YES
dbo,COST_SIMULATION,SIM_MATERIAL_COST,decimal,YES
dbo,COST_SIMULATION,SIM_LABOR_COST,decimal,YES
dbo,COST_SIMULATION,SIM_BURDEN_COST,decimal,YES
dbo,COST_SIMULATION,SIM_SERVICE_COST,decimal,YES
dbo,COST_SIMULATION,SIM_FIXED_COST,decimal,YES
dbo,COST_SIMULATION,TOT_SIM_COST,decimal,YES
dbo,COST_SIMULATION,SIM_UNIT_PRICE,decimal,YES
dbo,COST_SIMULATION,SIM_UNIT_MKUP_AMT,decimal,YES
dbo,COST_SIMULATION,SIM_MATERIAL_PCT,decimal,YES
dbo,COST_SIMULATION,SIM_LABOR_PCT,decimal,YES
dbo,COST_SIMULATION,SIM_BURDEN_PCT,decimal,YES
dbo,COST_SIMULATION,SIM_SERVICE_PCT,decimal,YES
dbo,COST_SIMULATION,SIM_FIXED_PCT,decimal,YES
dbo,COST_SIMULATION,SIM_UNIT_PCT,decimal,YES
dbo,COST_SIMULATION,MARKUP_TYPE,nchar,YES
dbo,COST_SIMULATION,PRV_CREATE_DATE,datetime,YES
dbo,COST_SIMULATION,SIM_CREATE_DATE,datetime,NO
dbo,COST_SIMULATION,SIM_UNIT_MKUP_PCT,decimal,YES
dbo,COST_SIMULATION,PRV_PUR_BUR_PCT,decimal,YES
dbo,COST_SIMULATION,PRV_PUR_BUR_UNIT,decimal,YES
dbo,COST_SIMULATION,SIM_PUR_BUR_PCT,decimal,YES
dbo,COST_SIMULATION,SIM_PUR_BUR_UNIT,decimal,YES
dbo,COST_SIMULATION,SIM_PUR_BUR_UN_PCT,decimal,YES
dbo,COUNTRY,ROWID,int,NO
dbo,COUNTRY,ID,nvarchar,NO
dbo,COUNTRY,DESCRIPTION,nvarchar,YES
dbo,COUNTRY,INTRASTAT_REQD,nchar,NO
dbo,COUNTRY,INTRA_COUNTRY_ID,nvarchar,YES
dbo,COUNTRY,ESL_COUNTRY_ID,nvarchar,YES
dbo,COUNTRY,esl_country,nvarchar,NO
dbo,CREDIT_MEMO_APPLY,ROWID,int,NO
dbo,CREDIT_MEMO_APPLY,MEMO_VOUCHER_ID,nvarchar,NO
dbo,CREDIT_MEMO_APPLY,INV_VOUCHER_ID,nvarchar,NO
dbo,CREDIT_MEMO_APPLY,APPLY_AMOUNT,decimal,NO
dbo,CREDIT_MEMO_APPLY,apply_date,datetime,YES
dbo,CREDIT_MEMO_APPLY,INST_NO,smallint,YES
dbo,CURR_PRICE_INDEX,ROWID,int,NO
dbo,CURR_PRICE_INDEX,FROM_CURRENCY_ID,nvarchar,NO
dbo,CURR_PRICE_INDEX,TO_CURRENCY_ID,nvarchar,NO
dbo,CURR_PRICE_INDEX,EXCHANGE_RATE,decimal,YES
dbo,CURRENCY,ROWID,int,NO
dbo,CURRENCY,ID,nvarchar,NO
dbo,CURRENCY,NAME,nvarchar,YES
dbo,CURRENCY,SHORT_NAME,nvarchar,YES
dbo,CURRENCY,COUNTRY_PROFILE,nvarchar,YES
dbo,CURRENCY,I_CURRENCY,smallint,YES
dbo,CURRENCY,I_CURR_DIGITS,smallint,YES
dbo,CURRENCY,I_NEG_CURR,smallint,YES
dbo,CURRENCY,S_CURRENCY,nvarchar,YES
dbo,CURRENCY,S_THOUSAND,nchar,YES
dbo,CURRENCY,EURO_PARTICIPANT,nchar,NO
dbo,CURRENCY,XCHG_RATE,decimal,YES
dbo,CURRENCY,ISO_CODE,nvarchar,YES
dbo,CURRENCY,REPORTING_CURRENCY,nchar,YES
dbo,CURRENCY_ENTITY,ROWID,int,NO
dbo,CURRENCY_ENTITY,ENTITY_ID,nvarchar,NO
dbo,CURRENCY_ENTITY,CURRENCY_ID,nvarchar,NO
dbo,CURRENCY_ENTITY,TRACKING_CURRENCY,nchar,NO
dbo,CURRENCY_ENTITY,RND_ACCT_ID,nvarchar,YES
dbo,CURRENCY_ENTITY,REAL_GN_ACCT_ID,nvarchar,YES
dbo,CURRENCY_ENTITY,REAL_LS_ACCT_ID,nvarchar,YES
dbo,CURRENCY_ENTITY,UNREAL_GN_ACCT_ID,nvarchar,YES
dbo,CURRENCY_ENTITY,UNREAL_LS_ACCT_ID,nvarchar,YES
dbo,CURRENCY_EXCHANGE,ROWID,int,NO
dbo,CURRENCY_EXCHANGE,CURRENCY_ID,nvarchar,NO
dbo,CURRENCY_EXCHANGE,EFFECTIVE_DATE,datetime,NO
dbo,CURRENCY_EXCHANGE,SELL_RATE,decimal,YES
dbo,CURRENCY_EXCHANGE,BUY_RATE,decimal,YES
dbo,CURRENCY_EXCHANGE,ENTITY_ID,nvarchar,NO
dbo,CUST_ADDRESS,ROWID,int,NO
dbo,CUST_ADDRESS,CUSTOMER_ID,nvarchar,NO
dbo,CUST_ADDRESS,ADDR_NO,int,NO
dbo,CUST_ADDRESS,NAME,nvarchar,YES
dbo,CUST_ADDRESS,ADDR_1,nvarchar,YES
dbo,CUST_ADDRESS,ADDR_2,nvarchar,YES
dbo,CUST_ADDRESS,ADDR_3,nvarchar,YES
dbo,CUST_ADDRESS,CITY,nvarchar,YES
dbo,CUST_ADDRESS,STATE,nvarchar,YES
dbo,CUST_ADDRESS,ZIPCODE,nvarchar,YES
dbo,CUST_ADDRESS,COUNTRY,nvarchar,YES
dbo,CUST_ADDRESS,DEF_SLS_TAX_GRP_ID,nvarchar,YES
dbo,CUST_ADDRESS,TAX_ID_NUMBER,nvarchar,YES
dbo,CUST_ADDRESS,TAX_EXEMPT,nchar,NO
dbo,CUST_ADDRESS,SALESREP_ID,nvarchar,YES
dbo,CUST_ADDRESS,TERRITORY,nvarchar,YES
dbo,CUST_ADDRESS,SHIP_VIA,nvarchar,YES
dbo,CUST_ADDRESS,FREE_ON_BOARD,nvarchar,YES
dbo,CUST_ADDRESS,DISCOUNT_CODE,nvarchar,YES
dbo,CUST_ADDRESS,ARRIVAL_CODE,nvarchar,YES
dbo,CUST_ADDRESS,TRANS_CODE,nvarchar,YES
dbo,CUST_ADDRESS,COUNTRY_ID,nvarchar,YES
dbo,CUST_ADDRESS,NATURE_OF_TRANS,int,YES
dbo,CUST_ADDRESS,MODE_OF_TRANSPORT,int,YES
dbo,CUST_ADDRESS,SIRET_NUMBER,decimal,YES
dbo,CUST_ADDRESS,SHIPTO_ID,nvarchar,YES
dbo,CUST_ADDRESS,PRIORITY_CODE,nvarchar,YES
dbo,CUST_ADDRESS,FILL_RATE_TYPE,nchar,YES
dbo,CUST_ADDRESS,WAREHOUSE_ID,nvarchar,YES
dbo,CUST_ADDRESS,COMPLIANCE_LABEL,nchar,YES
dbo,CUST_ADDRESS,CONSOLIDATE_ORDERS,nchar,YES
dbo,CUST_ADDRESS,VAT_REGISTRATION,nvarchar,YES
dbo,CUST_ADDRESS,DEF_LBL_FORMAT_ID,nvarchar,YES
dbo,CUST_ADDRESS,CARRIER_ID,nvarchar,YES
dbo,CUST_ADDRESS,ORDER_FILL_RATE,decimal,NO
dbo,CUST_ADDRESS,language_id,nvarchar,YES
dbo,CUST_ADDRESS,USER_1,nvarchar,YES
dbo,CUST_ADDRESS,USER_2,nvarchar,YES
dbo,CUST_ADDRESS,USER_3,nvarchar,YES
dbo,CUST_ADDRESS,USER_4,nvarchar,YES
dbo,CUST_ADDRESS,USER_5,nvarchar,YES
dbo,CUST_ADDRESS,USER_6,nvarchar,YES
dbo,CUST_ADDRESS,USER_7,nvarchar,YES
dbo,CUST_ADDRESS,USER_8,nvarchar,YES
dbo,CUST_ADDRESS,USER_9,nvarchar,YES
dbo,CUST_ADDRESS,USER_10,nvarchar,YES
dbo,CUST_ADDRESS,UDF_LAYOUT_ID,nvarchar,YES
dbo,CUST_ADDRESS,GENERATE_ASN,nvarchar,YES
dbo,CUST_ADDRESS,HOLD_TRANSFER_ASN,nvarchar,YES
dbo,CUST_ADDRESS,CUSTOMS_DOC_PRINT,nvarchar,YES
dbo,CUST_ADDRESS,SUPPRESS_AR_PRINT,nvarchar,YES
dbo,CUST_ADDRESS,ACCEPT_830,nvarchar,YES
dbo,CUST_ADDRESS,ACCEPT_862,nvarchar,YES
dbo,CUST_ADDRESS,POOL_POINT_ID,nvarchar,YES
dbo,CUST_ADDRESS,POOL_CODE,nvarchar,YES
dbo,CUST_ADDRESS,SUPPLIER_ID,nvarchar,YES
dbo,CUST_ADDRESS,DOCK_CODE_FIELD,nvarchar,YES
dbo,CUST_ADDRESS,DUTY_BROKERAGE,nvarchar,YES
dbo,CUST_ADDRESS,MATERIAL_ISSUER,nvarchar,YES
dbo,CUST_ADDRESS,TRANS_METHOD_CODE,nvarchar,YES
dbo,CUST_ADDRESS,EQUIPMENT_DESCR,nvarchar,YES
dbo,CUST_ADDRESS,LADING_CODE,nvarchar,YES
dbo,CUST_ADDRESS,MODEL_YEAR,nvarchar,YES
dbo,CUST_ADDRESS,HANDLING_ID,nvarchar,YES
dbo,CUST_ADDRESS,ALLOW_CHARGE_NO,nvarchar,YES
dbo,CUST_ADDRESS,NON_RETURN_CODE,nvarchar,YES
dbo,CUST_ADDRESS,MIXED_CODE,nvarchar,YES
dbo,CUST_ADDRESS,TRADING_PARTNER,nvarchar,YES
dbo,CUST_ADDRESS,TRANSIT_TIME,decimal,YES
dbo,CUST_ADDRESS,INTER_CONSIGNEE,nvarchar,YES
dbo,CUST_ADDRESS,CONSOL_SHIP_LINE,nchar,YES
dbo,CUST_ADDRESS,VAT_CODE,nvarchar,YES
dbo,CUST_ADDRESS,VAT_OVERRIDE_SEQ,nvarchar,YES
dbo,CUST_ADDRESS,PALLET_DETAILS_REQ,nchar,YES
dbo,CUST_ADDRESS,MATCH_INV_TO_PACK,nchar,YES
dbo,CUST_ADDRESS,GENERATE_WSA,nchar,YES
dbo,CUST_ADDRESS,HOLD_TRANSFER_WSA,nchar,YES
dbo,CUST_ADDRESS,PRICE_GROUP,nvarchar,YES
dbo,CUST_ADDRESS,CUST_ADDR_COUNTRY_ID,nvarchar,YES
dbo,CUST_ADDRESS,ACTIVE_FLAG,nchar,NO
dbo,CUST_BOOK_DEL,ROWID,int,NO
dbo,CUST_BOOK_DEL,CUST_ORDER_ID,nvarchar,NO
dbo,CUST_BOOK_DEL,CUST_ORDER_LINE_NO,smallint,NO
dbo,CUST_BOOK_DEL,DEL_SCHED_LINE_NO,smallint,NO
dbo,CUST_BOOK_DEL,BOOK_DATE,datetime,NO
dbo,CUST_BOOK_DEL,DESIRED_SHIP_DATE,datetime,YES
dbo,CUST_BOOK_DEL,ACTUAL_SHIP_DATE,datetime,YES
dbo,CUST_BOOK_DEL,USER_ORDER_QTY,decimal,NO
dbo,CUST_BOOK_DEL,ORDER_QTY,decimal,NO
dbo,CUST_BOOK_DEL,USER_SHIPPED_QTY,decimal,YES
dbo,CUST_BOOK_DEL,SHIPPED_QTY,decimal,YES
dbo,CUST_BOOK_DEL,SHIPTO_ID,nvarchar,YES
dbo,CUST_BOOK_DEL,RELEASE_NUMBER,nvarchar,YES
dbo,CUST_BOOK_DEL,WAREHOUSE_ID,nvarchar,YES
dbo,CUST_BOOK_DEL,ALLOCATED_QTY,decimal,NO
dbo,CUST_BOOK_DEL,FULFILLED_QTY,decimal,NO
dbo,CUST_BOOK_DEL,USER_1,nvarchar,YES
dbo,CUST_BOOK_DEL,USER_2,nvarchar,YES
dbo,CUST_BOOK_DEL,USER_3,nvarchar,YES
dbo,CUST_BOOK_DEL,USER_4,nvarchar,YES
dbo,CUST_BOOK_DEL,USER_5,nvarchar,YES
dbo,CUST_BOOK_DEL,USER_6,nvarchar,YES
dbo,CUST_BOOK_DEL,USER_7,nvarchar,YES
dbo,CUST_BOOK_DEL,USER_8,nvarchar,YES
dbo,CUST_BOOK_DEL,USER_9,nvarchar,YES
dbo,CUST_BOOK_DEL,USER_10,nvarchar,YES
dbo,CUST_BOOK_DEL,UDF_LAYOUT_ID,nvarchar,YES
dbo,CUST_BOOK_DEL,REVISION_ID,nvarchar,YES
dbo,CUST_BOOK_LINE,ROWID,int,NO
dbo,CUST_BOOK_LINE,CUST_ORDER_ID,nvarchar,NO
dbo,CUST_BOOK_LINE,CUST_ORDER_LINE_NO,smallint,NO
dbo,CUST_BOOK_LINE,BOOK_DATE,datetime,NO
dbo,CUST_BOOK_LINE,PART_ID,nvarchar,YES
dbo,CUST_BOOK_LINE,ORDER_QTY,decimal,YES
dbo,CUST_BOOK_LINE,USER_ORDER_QTY,decimal,YES
dbo,CUST_BOOK_LINE,DESIRED_SHIP_DATE,datetime,YES
dbo,CUST_BOOK_LINE,TRADE_DISC_PERCENT,decimal,YES
dbo,CUST_BOOK_LINE,CREATE_DATE,datetime,NO
dbo,CUST_BOOK_LINE,USER_ID,nvarchar,NO
dbo,CUST_BOOK_LINE,UNIT_PRICE,decimal,YES
dbo,CUST_BOOK_LINE,EDI_BLANKET_QTY,decimal,YES
dbo,CUST_BOOK_LINE,EDI_RELEASE_NO,nvarchar,YES
dbo,CUST_BOOK_LINE,EDI_ACCUM_SHIP_QTY,decimal,YES
dbo,CUST_BOOK_LINE,EDI_ACCUM_FAB_QTY,decimal,YES
dbo,CUST_BOOK_LINE,EDI_ACCUM_RAW_QTY,decimal,YES
dbo,CUST_BOOK_LINE,EDI_ACCUM_SHIP_ADJ,decimal,YES
dbo,CUST_BOOK_LINE,EDI_ACCUM_ORD_ADJ,decimal,YES
dbo,CUST_BOOK_LINE,EDI_LAST_SHIPDATE,datetime,YES
dbo,CUST_BOOK_LINE,TOTAL_SHIPPED_QTY,decimal,YES
dbo,CUST_BOOK_LINE,TOTAL_USR_SHIP_QTY,decimal,YES
dbo,CUST_BOOK_LINE,ACTUAL_SHIP_DATE,datetime,YES
dbo,CUST_BOOK_LINE,REVISION_ID,nvarchar,YES
dbo,CUST_BOOK_LINE,SITE_ID,nvarchar,NO
dbo,CUST_CONT_EML_DOC,ROWID,int,NO
dbo,CUST_CONT_EML_DOC,CUSTOMER_ID,nvarchar,NO
dbo,CUST_CONT_EML_DOC,CONTACT_NO,smallint,NO
dbo,CUST_CONT_EML_DOC,DOCUMENT_TYPE,nvarchar,NO
dbo,CUST_CONT_EML_DOC,CONTACT_ID,nvarchar,YES
dbo,CUST_CONT_EML_DOC,SITE_ID,nvarchar,YES
dbo,CUST_CONT_EML_DOC,CONTACT_EMAIL,nvarchar,YES
dbo,CUST_CONTACT,CUSTOMER_ID,nvarchar,NO
dbo,CUST_CONTACT,CONTACT_NO,smallint,YES
dbo,CUST_CONTACT,CONTACT_ID,nvarchar,NO
dbo,CUST_CONTACT,PRIMARY_CONTACT,nchar,NO
dbo,CUST_CONTACT,ROWID,int,NO
dbo,CUST_GROUP_RELATION,ROWID,int,NO
dbo,CUST_GROUP_RELATION,GROUP_ID,nvarchar,NO
dbo,CUST_GROUP_RELATION,CUSTOMER_ID,nvarchar,NO
dbo,CUST_LINE_BILLING,ROWID,int,NO
dbo,CUST_LINE_BILLING,CUST_ORDER_ID,nvarchar,NO
dbo,CUST_LINE_BILLING,CUST_ORDER_LINE_NO,smallint,NO
dbo,CUST_LINE_BILLING,DESCRIPTION,nvarchar,YES
dbo,CUST_LINE_BILLING,EVENT_SEQ_NO,smallint,NO
dbo,CUST_LINE_BILLING,BILL_AMOUNT,decimal,YES
dbo,CUST_LINE_BILLING,BILL_PERCENT,decimal,YES
dbo,CUST_LINE_BILLING,REV_AMOUNT,decimal,YES
dbo,CUST_LINE_BILLING,REV_PERCENT,decimal,YES
dbo,CUST_LINE_BILLING,MILESTONE_ID,nvarchar,YES
dbo,CUST_LINE_BILLING,EVENT_DATE,datetime,YES
dbo,CUST_LINE_BILLING,TRIGGERED_FLAG,nchar,YES
dbo,CUST_LINE_BILLING,TRIGGERED_DATE,datetime,YES
dbo,CUST_LINE_BILLING,CREATE_DATE,datetime,NO
dbo,CUST_LINE_BILLING,USER_ID,nvarchar,NO
dbo,CUST_LINE_BILLING,REV_GL_ACCT_ID,nvarchar,YES
dbo,CUST_LINE_BILLING,INVOICE_ID,nvarchar,YES
dbo,CUST_LINE_BILLING,BILLING_BASIS,nchar,YES
dbo,CUST_LINE_BILLING,REVENUE_STATUS,nchar,YES
dbo,CUST_LINE_BILLING,DOC_FILE_PATH,nvarchar,YES
dbo,CUST_LINE_BILLING,DOCUMENT_ID,nvarchar,YES
dbo,CUST_LINE_BILLING,DISTRIBUTED_DATE,datetime,YES
dbo,CUST_LINE_BILLING,DOC_TOTAL_AMOUNT,decimal,YES
dbo,CUST_LINE_BINARY,ROWID,int,NO
dbo,CUST_LINE_BINARY,CUST_ORDER_ID,nvarchar,NO
dbo,CUST_LINE_BINARY,CUST_ORDER_LINE_NO,smallint,NO
dbo,CUST_LINE_BINARY,TYPE,nchar,NO
dbo,CUST_LINE_BINARY,BITS,image,YES
dbo,CUST_LINE_BINARY,BITS_LENGTH,int,NO
dbo,CUST_LINE_DEL,ROWID,int,NO
dbo,CUST_LINE_DEL,CUST_ORDER_ID,nvarchar,NO
dbo,CUST_LINE_DEL,CUST_ORDER_LINE_NO,smallint,NO
dbo,CUST_LINE_DEL,DEL_SCHED_LINE_NO,smallint,NO
dbo,CUST_LINE_DEL,DESIRED_SHIP_DATE,datetime,YES
dbo,CUST_LINE_DEL,ACTUAL_SHIP_DATE,datetime,YES
dbo,CUST_LINE_DEL,USER_ORDER_QTY,decimal,NO
dbo,CUST_LINE_DEL,ORDER_QTY,decimal,NO
dbo,CUST_LINE_DEL,USER_SHIPPED_QTY,decimal,YES
dbo,CUST_LINE_DEL,SHIPPED_QTY,decimal,YES
dbo,CUST_LINE_DEL,SHIPTO_ID,nvarchar,YES
dbo,CUST_LINE_DEL,RELEASE_NUMBER,nvarchar,YES
dbo,CUST_LINE_DEL,WAREHOUSE_ID,nvarchar,YES
dbo,CUST_LINE_DEL,SEND_ACK,nchar,YES
dbo,CUST_LINE_DEL,ALLOCATED_QTY,decimal,NO
dbo,CUST_LINE_DEL,FULFILLED_QTY,decimal,NO
dbo,CUST_LINE_DEL,SALES_TAX_GROUP_ID,nvarchar,YES
dbo,CUST_LINE_DEL,USER_1,nvarchar,YES
dbo,CUST_LINE_DEL,USER_2,nvarchar,YES
dbo,CUST_LINE_DEL,USER_3,nvarchar,YES
dbo,CUST_LINE_DEL,USER_4,nvarchar,YES
dbo,CUST_LINE_DEL,USER_5,nvarchar,YES
dbo,CUST_LINE_DEL,USER_6,nvarchar,YES
dbo,CUST_LINE_DEL,USER_7,nvarchar,YES
dbo,CUST_LINE_DEL,USER_8,nvarchar,YES
dbo,CUST_LINE_DEL,USER_9,nvarchar,YES
dbo,CUST_LINE_DEL,USER_10,nvarchar,YES
dbo,CUST_LINE_DEL,UDF_LAYOUT_ID,nvarchar,YES
dbo,CUST_LINE_DEL,MARKED_FOR,nvarchar,YES
dbo,CUST_LINE_DEL,BACKORDER_FLAG,nchar,YES
dbo,CUST_LINE_DEL,LINE_STATUS,nchar,NO
dbo,CUST_LINE_DEL,MARK_FOR_ID,nvarchar,YES
dbo,CUST_LINE_DEL,DISPATCHED,nchar,YES
dbo,CUST_LINE_DEL,CARRIER_ID,nvarchar,YES
dbo,CUST_LINE_DEL,STATUS_EFF_DATE,datetime,NO
dbo,CUST_LINE_DEL,PIECE_COUNT,decimal,YES
dbo,CUST_LINE_TRC_CTL,ROWID,int,NO
dbo,CUST_LINE_TRC_CTL,CUST_ORDER_ID,nvarchar,NO
dbo,CUST_LINE_TRC_CTL,CUST_ORDER_LINE_NO,int,NO
dbo,CUST_LINE_TRC_CTL,SERIAL_ID_CTL,nvarchar,YES
dbo,CUST_LINE_TRC_CTL,LOT_ID_CTL,nvarchar,YES
dbo,CUST_LINE_TRC_CTL,APROPERTY_1_CTL,nvarchar,YES
dbo,CUST_LINE_TRC_CTL,APROPERTY_2_CTL,nvarchar,YES
dbo,CUST_LINE_TRC_CTL,APROPERTY_3_CTL,nvarchar,YES
dbo,CUST_LINE_TRC_CTL,APROPERTY_4_CTL,nvarchar,YES
dbo,CUST_LINE_TRC_CTL,APROPERTY_5_CTL,nvarchar,YES
dbo,CUST_LINE_TRC_CTL,NPROPERTY_1_CTL,nvarchar,YES
dbo,CUST_LINE_TRC_CTL,NPROPERTY_2_CTL,nvarchar,YES
dbo,CUST_LINE_TRC_CTL,NPROPERTY_3_CTL,nvarchar,YES
dbo,CUST_LINE_TRC_CTL,NPROPERTY_4_CTL,nvarchar,YES
dbo,CUST_LINE_TRC_CTL,NPROPERTY_5_CTL,nvarchar,YES
dbo,CUST_LINE_TRC_CTL,EXPIRE_DATE_CTL,nvarchar,YES
dbo,CUST_LINE_TRC_CTL,PROD_DATE_CTL,nvarchar,YES
dbo,CUST_LINE_TRC_CTL,REC_BY_DATE_CTL,nvarchar,YES
dbo,CUST_LINE_TRC_CTL,AVAILABLE_DATE_CTL,nvarchar,YES
dbo,CUST_LINE_TRC_CTL,SHIP_BY_DATE_CTL,nvarchar,YES
dbo,CUST_ORD_PRICING_BIN,ROWID,int,NO
dbo,CUST_ORD_PRICING_BIN,CUST_ORDER_ID,nvarchar,NO
dbo,CUST_ORD_PRICING_BIN,TYPE,nchar,NO
dbo,CUST_ORD_PRICING_BIN,BITS,image,YES
dbo,CUST_ORD_PRICING_BIN,BITS_LENGTH,int,NO
dbo,CUST_ORD_TYPE_SYNC,ROWID,int,NO
dbo,CUST_ORD_TYPE_SYNC,EVENT_ID,int,NO
dbo,CUST_ORD_TYPE_SYNC,TYPE,nchar,NO
dbo,CUST_ORD_TYPE_SYNC,CREATE_DATE,datetime,NO
dbo,CUST_ORD_TYPE_SYNC,CUST_ORDER_TYPE,nvarchar,NO
dbo,CUST_ORD_TYPE_SYNC,EXCEPTION,nchar,NO
dbo,CUST_ORD_TYPE_SYNC,SUBSCRIPTIONS,int,NO
dbo,CUST_ORDER_ALLOC,ROWID,int,NO
dbo,CUST_ORDER_ALLOC,SITE_ID,nvarchar,NO
dbo,CUST_ORDER_ALLOC,SCHEDULE_ID,nvarchar,YES
dbo,CUST_ORDER_ALLOC,CUST_ID,nvarchar,NO
dbo,CUST_ORDER_ALLOC,CUST_NAME,nvarchar,YES
dbo,CUST_ORDER_ALLOC,DEMAND_KEY,nvarchar,YES
dbo,CUST_ORDER_ALLOC,DEMAND_TYPE,nvarchar,NO
dbo,CUST_ORDER_ALLOC,ORDER_ID,nvarchar,NO
dbo,CUST_ORDER_ALLOC,ORDER_LINE_NO,int,NO
dbo,CUST_ORDER_ALLOC,ORDER_DEL_NO,int,NO
dbo,CUST_ORDER_ALLOC,WANT_DATE,datetime,NO
dbo,CUST_ORDER_ALLOC,ORDER_QTY,decimal,NO
dbo,CUST_ORDER_ALLOC,SHIPPED_QTY,decimal,NO
dbo,CUST_ORDER_ALLOC,SUPPLY_KEY,nvarchar,YES
dbo,CUST_ORDER_ALLOC,SUPPLY_TYPE,nvarchar,NO
dbo,CUST_ORDER_ALLOC,BASE_ID,nvarchar,NO
dbo,CUST_ORDER_ALLOC,LOT_ID,nvarchar,NO
dbo,CUST_ORDER_ALLOC,SPLIT_ID,nvarchar,NO
dbo,CUST_ORDER_ALLOC,PURC_LINE_NO,int,NO
dbo,CUST_ORDER_ALLOC,PURC_DEL_NO,int,NO
dbo,CUST_ORDER_ALLOC,FINISH_DATE,datetime,NO
dbo,CUST_ORDER_ALLOC,DESIRED_QTY,decimal,NO
dbo,CUST_ORDER_ALLOC,RECEIVED_QTY,decimal,NO
dbo,CUST_ORDER_ALLOC,PART_ID,nvarchar,NO
dbo,CUST_ORDER_ALLOC,PART_DESCRIPTION,nvarchar,YES
dbo,CUST_ORDER_ALLOC,UNIT_PRICE,decimal,NO
dbo,CUST_ORDER_ALLOC,MATERIAL_COST,decimal,NO
dbo,CUST_ORDER_ALLOC,SERVICE_COST,decimal,NO
dbo,CUST_ORDER_ALLOC,ALLOCATED_QTY,decimal,NO
dbo,CUST_ORDER_ALLOC,THROUGHPUT_DATE,datetime,NO
dbo,CUST_ORDER_ALLOC,VALUE_LATE,decimal,NO
dbo,CUST_ORDER_ALLOC,DAYS_LATE,decimal,NO
dbo,CUST_ORDER_ALLOC,OPP_LOST,decimal,NO
dbo,CUST_ORDER_BINARY,ROWID,int,NO
dbo,CUST_ORDER_BINARY,CUST_ORDER_ID,nvarchar,NO
dbo,CUST_ORDER_BINARY,TYPE,nchar,NO
dbo,CUST_ORDER_BINARY,BITS,image,YES
dbo,CUST_ORDER_BINARY,BITS_LENGTH,int,NO
dbo,CUST_ORDER_CURR,ROWID,int,NO
dbo,CUST_ORDER_CURR,CUST_ORDER_ID,nvarchar,NO
dbo,CUST_ORDER_CURR,CURRENCY_ID,nvarchar,NO
dbo,CUST_ORDER_CURR,AMOUNT,decimal,NO
dbo,CUST_ORDER_CURR,SELL_RATE,decimal,NO
dbo,CUST_ORDER_CURR,BUY_RATE,decimal,NO
dbo,CUST_ORDER_LINE,ROWID,int,NO
dbo,CUST_ORDER_LINE,CUST_ORDER_ID,nvarchar,NO
dbo,CUST_ORDER_LINE,LINE_NO,smallint,NO
dbo,CUST_ORDER_LINE,PART_ID,nvarchar,YES
dbo,CUST_ORDER_LINE,CUSTOMER_PART_ID,nvarchar,YES
dbo,CUST_ORDER_LINE,LINE_STATUS,nchar,NO
dbo,CUST_ORDER_LINE,ORDER_QTY,decimal,NO
dbo,CUST_ORDER_LINE,USER_ORDER_QTY,decimal,NO
dbo,CUST_ORDER_LINE,SELLING_UM,nvarchar,YES
dbo,CUST_ORDER_LINE,DESIRED_SHIP_DATE,datetime,YES
dbo,CUST_ORDER_LINE,UNIT_PRICE,decimal,NO
dbo,CUST_ORDER_LINE,TRADE_DISC_PERCENT,decimal,NO
dbo,CUST_ORDER_LINE,EST_FREIGHT,decimal,NO
dbo,CUST_ORDER_LINE,COMMISSION_PCT,decimal,YES
dbo,CUST_ORDER_LINE,SALES_TAX_GROUP_ID,nvarchar,YES
dbo,CUST_ORDER_LINE,MISC_REFERENCE,nvarchar,YES
dbo,CUST_ORDER_LINE,PRODUCT_CODE,nvarchar,YES
dbo,CUST_ORDER_LINE,COMMODITY_CODE,nvarchar,YES
dbo,CUST_ORDER_LINE,DRAWING_ID,nvarchar,YES
dbo,CUST_ORDER_LINE,DRAWING_REV_NO,nvarchar,YES
dbo,CUST_ORDER_LINE,GL_REVENUE_ACCT_ID,nvarchar,YES
dbo,CUST_ORDER_LINE,MAT_GL_ACCT_ID,nvarchar,YES
dbo,CUST_ORDER_LINE,LAB_GL_ACCT_ID,nvarchar,YES
dbo,CUST_ORDER_LINE,BUR_GL_ACCT_ID,nvarchar,YES
dbo,CUST_ORDER_LINE,SER_GL_ACCT_ID,nvarchar,YES
dbo,CUST_ORDER_LINE,LAST_SHIPPED_DATE,datetime,YES
dbo,CUST_ORDER_LINE,TOTAL_ACT_FREIGHT,decimal,NO
dbo,CUST_ORDER_LINE,TOTAL_SHIPPED_QTY,decimal,NO
dbo,CUST_ORDER_LINE,TOTAL_USR_SHIP_QTY,decimal,NO
dbo,CUST_ORDER_LINE,TOTAL_AMT_SHIPPED,decimal,NO
dbo,CUST_ORDER_LINE,TOTAL_AMT_ORDERED,decimal,NO
dbo,CUST_ORDER_LINE,PROMISE_DATE,datetime,YES
dbo,CUST_ORDER_LINE,SERVICE_CHARGE_ID,nvarchar,YES
dbo,CUST_ORDER_LINE,PIECE_COUNT,decimal,YES
dbo,CUST_ORDER_LINE,LENGTH,decimal,YES
dbo,CUST_ORDER_LINE,WIDTH,decimal,YES
dbo,CUST_ORDER_LINE,HEIGHT,decimal,YES
dbo,CUST_ORDER_LINE,DIMENSIONS_UM,nvarchar,YES
dbo,CUST_ORDER_LINE,VAT_CODE,nvarchar,YES
dbo,CUST_ORDER_LINE,EDI_BLANKET_QTY,decimal,YES
dbo,CUST_ORDER_LINE,EDI_BLANKET_USRQTY,decimal,YES
dbo,CUST_ORDER_LINE,EDI_ACCUM_QTY_REL,decimal,YES
dbo,CUST_ORDER_LINE,EDI_ACCUM_USR_REL,decimal,YES
dbo,CUST_ORDER_LINE,EDI_ACCUM_QTY_REC,decimal,YES
dbo,CUST_ORDER_LINE,EDI_ACCUM_USR_REC,decimal,YES
dbo,CUST_ORDER_LINE,EDI_LAST_REC_DATE,datetime,YES
dbo,CUST_ORDER_LINE,EDI_RELEASE_NO,nvarchar,YES
dbo,CUST_ORDER_LINE,EDI_RELEASE_DATE,datetime,YES
dbo,CUST_ORDER_LINE,EDI_QTY_RELEASED,decimal,YES
dbo,CUST_ORDER_LINE,EDI_USR_QTY_REL,decimal,YES
dbo,CUST_ORDER_LINE,EDI_REQ_REL_DATE,datetime,YES
dbo,CUST_ORDER_LINE,SHIPTO_ID,nvarchar,YES
dbo,CUST_ORDER_LINE,WAREHOUSE_ID,nvarchar,YES
dbo,CUST_ORDER_LINE,WIP_VAS_UNIT_PRICE,decimal,NO
dbo,CUST_ORDER_LINE,TYPE,nchar,YES
dbo,CUST_ORDER_LINE,ALLOCATED_QTY,decimal,NO
dbo,CUST_ORDER_LINE,FULFILLED_QTY,decimal,NO
dbo,CUST_ORDER_LINE,ACCEPT_EARLY,nchar,YES
dbo,CUST_ORDER_LINE,DAYS_EARLY,smallint,YES
dbo,CUST_ORDER_LINE,ORDER_TYPE,nvarchar,YES
dbo,CUST_ORDER_LINE,HTS_CODE,nvarchar,YES
dbo,CUST_ORDER_LINE,ORIG_COUNTRY_ID,nvarchar,YES
dbo,CUST_ORDER_LINE,EDI_ACCUM_FAB_QTY,decimal,YES
dbo,CUST_ORDER_LINE,EDI_ACCUM_RAW_QTY,decimal,YES
dbo,CUST_ORDER_LINE,ACK_ID,nvarchar,YES
dbo,CUST_ORDER_LINE,EDI_LAST_SHIPDATE,datetime,YES
dbo,CUST_ORDER_LINE,EDI_ACCUM_SHIP_QTY,decimal,YES
dbo,CUST_ORDER_LINE,EDI_ACCUM_SHIP_ADJ,decimal,YES
dbo,CUST_ORDER_LINE,USER_1,nvarchar,YES
dbo,CUST_ORDER_LINE,USER_2,nvarchar,YES
dbo,CUST_ORDER_LINE,USER_3,nvarchar,YES
dbo,CUST_ORDER_LINE,USER_4,nvarchar,YES
dbo,CUST_ORDER_LINE,USER_5,nvarchar,YES
dbo,CUST_ORDER_LINE,USER_6,nvarchar,YES
dbo,CUST_ORDER_LINE,USER_7,nvarchar,YES
dbo,CUST_ORDER_LINE,USER_8,nvarchar,YES
dbo,CUST_ORDER_LINE,USER_9,nvarchar,YES
dbo,CUST_ORDER_LINE,USER_10,nvarchar,YES
dbo,CUST_ORDER_LINE,UDF_LAYOUT_ID,nvarchar,YES
dbo,CUST_ORDER_LINE,SEND_ACK,nchar,YES
dbo,CUST_ORDER_LINE,vat_category,nvarchar,YES
dbo,CUST_ORDER_LINE,ITA_SPECIAL_CHARGE,nvarchar,YES
dbo,CUST_ORDER_LINE,WBS_CODE,nvarchar,YES
dbo,CUST_ORDER_LINE,WBS_CLIN,nvarchar,YES
dbo,CUST_ORDER_LINE,PROJECT_ID,nvarchar,YES
dbo,CUST_ORDER_LINE,WBS_CONTRACT_TYPE,nvarchar,YES
dbo,CUST_ORDER_LINE,EC_ID,nvarchar,YES
dbo,CUST_ORDER_LINE,MOD_NUMBER,int,YES
dbo,CUST_ORDER_LINE,MARKED_FOR,nvarchar,YES
dbo,CUST_ORDER_LINE,BACKORDER_FLAG,nchar,YES
dbo,CUST_ORDER_LINE,PROJ_REF_SEQ_NO,smallint,YES
dbo,CUST_ORDER_LINE,PROJ_REF_SUB_ID,nvarchar,YES
dbo,CUST_ORDER_LINE,OWNER_ID,nvarchar,YES
dbo,CUST_ORDER_LINE,TRACE_QTY,decimal,YES
dbo,CUST_ORDER_LINE,QA_QTY,decimal,YES
dbo,CUST_ORDER_LINE,MARK_FOR_ID,nvarchar,YES
dbo,CUST_ORDER_LINE,WSA_REF_NO_1,nvarchar,YES
dbo,CUST_ORDER_LINE,WSA_REF_NO_2,nvarchar,YES
dbo,CUST_ORDER_LINE,SHIP_ORDER_STATUS,nvarchar,YES
dbo,CUST_ORDER_LINE,LINE_ITEM_CHG_RSN,nvarchar,YES
dbo,CUST_ORDER_LINE,DD250_REQUIRED,nchar,YES
dbo,CUST_ORDER_LINE,BILLING_BASIS,nchar,YES
dbo,CUST_ORDER_LINE,FUNDED_VALUE,decimal,YES
dbo,CUST_ORDER_LINE,DC_CLASS_ID,nchar,YES
dbo,CUST_ORDER_LINE,DISPATCHED,nchar,YES
dbo,CUST_ORDER_LINE,TRANS_CATEGORY_ID,nvarchar,YES
dbo,CUST_ORDER_LINE,ORIG_STAGE_REVISION_ID,nvarchar,YES
dbo,CUST_ORDER_LINE,STATUS_EFF_DATE,datetime,NO
dbo,CUST_ORDER_LINE,PROMISE_DEL_DATE,datetime,YES
dbo,CUST_ORDER_LINE,PRICE_NOTE,nvarchar,YES
dbo,CUST_ORDER_LINE,DISCOUNT_NOTE,nvarchar,YES
dbo,CUST_ORDER_LINE,FREIGHT_NOTE,nvarchar,YES
dbo,CUST_ORDER_LINE,COMMISSION_NOTE,nvarchar,YES
dbo,CUST_ORDER_LINE,SITE_ID,nvarchar,NO
dbo,CUST_ORDER_LINE,ENTERED_BY,nvarchar,YES
dbo,CUST_ORDER_LINE,EMAIL_NOTIFICATION,nchar,NO
dbo,CUST_ORDER_LINE,PRICE_GROUP_ID,nvarchar,YES
dbo,CUST_ORDER_LINE,POSTING_CANDIDATE,nchar,NO
dbo,CUST_ORDER_SHARE,ROWID,int,NO
dbo,CUST_ORDER_SHARE,CUST_ORDER_ID,nvarchar,NO
dbo,CUST_ORDER_SHARE,SHARE_SALESREP_ID,nvarchar,NO
dbo,CUST_ORDER_SHARE,SHARE_PERCENT,decimal,YES
dbo,CUST_ORDER_SYNC,ROWID,int,NO
dbo,CUST_ORDER_SYNC,EVENT_ID,int,NO
dbo,CUST_ORDER_SYNC,TYPE,nchar,NO
dbo,CUST_ORDER_SYNC,CREATE_DATE,datetime,NO
dbo,CUST_ORDER_SYNC,CUST_ORDER_ID,nvarchar,NO
dbo,CUST_ORDER_SYNC,EXCEPTION,nchar,NO
dbo,CUST_ORDER_SYNC,SUBSCRIPTIONS,int,NO
dbo,CUST_ORDER_TYPE,ROWID,int,NO
dbo,CUST_ORDER_TYPE,TYPE,nvarchar,NO
dbo,CUST_ORDER_TYPE,DESCRIPTION,nvarchar,YES
dbo,CUST_ORDL_WIP_VAS,ROWID,int,NO
dbo,CUST_ORDL_WIP_VAS,CUST_ORDER_ID,nvarchar,NO
dbo,CUST_ORDL_WIP_VAS,CUST_ORDER_LINE_NO,smallint,NO
dbo,CUST_ORDL_WIP_VAS,WIP_VAS_ID,nvarchar,NO
dbo,CUST_ORDL_WIP_VAS,WIP_VAS_UNIT_PRICE,decimal,NO
dbo,CUST_ORDL_WIP_VAS,LONG_DESCRIPTION,image,YES
dbo,CUST_PRICE_EFFECT,ROWID,int,NO
dbo,CUST_PRICE_EFFECT,CUSTOMER_ID,nvarchar,NO
dbo,CUST_PRICE_EFFECT,PART_ID,nvarchar,NO
dbo,CUST_PRICE_EFFECT,SELLING_UM,nvarchar,NO
dbo,CUST_PRICE_EFFECT,CREATE_DATE,datetime,NO
dbo,CUST_PRICE_EFFECT,EFFECTIVE_DATE,datetime,YES
dbo,CUST_PRICE_EFFECT,DISCONTINUE_DATE,datetime,YES
dbo,CUST_PRICE_EFFECT,CUSTOMER_PART_ID,nvarchar,YES
dbo,CUST_PRICE_EFFECT,QTY_BREAK_1,decimal,YES
dbo,CUST_PRICE_EFFECT,QTY_BREAK_2,decimal,YES
dbo,CUST_PRICE_EFFECT,QTY_BREAK_3,decimal,YES
dbo,CUST_PRICE_EFFECT,QTY_BREAK_4,decimal,YES
dbo,CUST_PRICE_EFFECT,QTY_BREAK_5,decimal,YES
dbo,CUST_PRICE_EFFECT,QTY_BREAK_6,decimal,YES
dbo,CUST_PRICE_EFFECT,QTY_BREAK_7,decimal,YES
dbo,CUST_PRICE_EFFECT,QTY_BREAK_8,decimal,YES
dbo,CUST_PRICE_EFFECT,QTY_BREAK_9,decimal,YES
dbo,CUST_PRICE_EFFECT,QTY_BREAK_10,decimal,YES
dbo,CUST_PRICE_EFFECT,UNIT_PRICE_1,decimal,YES
dbo,CUST_PRICE_EFFECT,UNIT_PRICE_2,decimal,YES
dbo,CUST_PRICE_EFFECT,UNIT_PRICE_3,decimal,YES
dbo,CUST_PRICE_EFFECT,UNIT_PRICE_4,decimal,YES
dbo,CUST_PRICE_EFFECT,UNIT_PRICE_5,decimal,YES
dbo,CUST_PRICE_EFFECT,UNIT_PRICE_6,decimal,YES
dbo,CUST_PRICE_EFFECT,UNIT_PRICE_7,decimal,YES
dbo,CUST_PRICE_EFFECT,UNIT_PRICE_8,decimal,YES
dbo,CUST_PRICE_EFFECT,UNIT_PRICE_9,decimal,YES
dbo,CUST_PRICE_EFFECT,UNIT_PRICE_10,decimal,YES
dbo,CUST_PRICE_EFFECT,DEFAULT_UNIT_PRICE,decimal,YES
dbo,CUST_PRICE_EFFECT,BY_DATE_CODE,nvarchar,YES
dbo,CUST_PRICE_GROUP,CODE,nvarchar,NO
dbo,CUST_PRICE_GROUP,ROWID,int,NO
dbo,CUST_PRIORITY,ROWID,int,NO
dbo,CUST_PRIORITY,PRIORITY_CODE,nvarchar,NO
dbo,CUST_PRIORITY,DESCRIPTION,nvarchar,YES
dbo,CUST_PRIORITY,FILL_RATE,decimal,NO
dbo,CUST_SHIP_CHG_ACCT,ROWID,int,NO
dbo,CUST_SHIP_CHG_ACCT,CUSTOMER_ID,nvarchar,NO
dbo,CUST_SHIP_CHG_ACCT,SHIP_VIA,nvarchar,NO
dbo,CUST_SHIP_CHG_ACCT,ACCOUNT_NO,nvarchar,NO
dbo,CUST_WIP_VAS,ROWID,int,NO
dbo,CUST_WIP_VAS,CUSTOMER_ID,nvarchar,NO
dbo,CUST_WIP_VAS,PART_ID,nvarchar,NO
dbo,CUST_WIP_VAS,WIP_VAS_ID,nvarchar,NO
dbo,CUST_WIP_VAS,STATUS,nchar,YES
dbo,CUSTOMER,ROWID,int,NO
dbo,CUSTOMER,ID,nvarchar,NO
dbo,CUSTOMER,NAME,nvarchar,YES
dbo,CUSTOMER,ADDR_1,nvarchar,YES
dbo,CUSTOMER,ADDR_2,nvarchar,YES
dbo,CUSTOMER,ADDR_3,nvarchar,YES
dbo,CUSTOMER,CITY,nvarchar,YES
dbo,CUSTOMER,STATE,nvarchar,YES
dbo,CUSTOMER,ZIPCODE,nvarchar,YES
dbo,CUSTOMER,COUNTRY,nvarchar,YES
dbo,CUSTOMER,CONTACT_FIRST_NAME,nvarchar,YES
dbo,CUSTOMER,CONTACT_LAST_NAME,nvarchar,YES
dbo,CUSTOMER,CONTACT_INITIAL,nvarchar,YES
dbo,CUSTOMER,CONTACT_POSITION,nvarchar,YES
dbo,CUSTOMER,CONTACT_HONORIFIC,nvarchar,YES
dbo,CUSTOMER,CONTACT_SALUTATION,nvarchar,YES
dbo,CUSTOMER,CONTACT_PHONE,nvarchar,YES
dbo,CUSTOMER,CONTACT_FAX,nvarchar,YES
dbo,CUSTOMER,BILL_TO_NAME,nvarchar,YES
dbo,CUSTOMER,BILL_TO_ADDR_1,nvarchar,YES
dbo,CUSTOMER,BILL_TO_ADDR_2,nvarchar,YES
dbo,CUSTOMER,BILL_TO_ADDR_3,nvarchar,YES
dbo,CUSTOMER,BILL_TO_CITY,nvarchar,YES
dbo,CUSTOMER,BILL_TO_STATE,nvarchar,YES
dbo,CUSTOMER,BILL_TO_ZIPCODE,nvarchar,YES
dbo,CUSTOMER,BILL_TO_COUNTRY,nvarchar,YES
dbo,CUSTOMER,DISCOUNT_CODE,nvarchar,YES
dbo,CUSTOMER,FREE_ON_BOARD,nvarchar,YES
dbo,CUSTOMER,SHIP_VIA,nvarchar,YES
dbo,CUSTOMER,SALESREP_ID,nvarchar,YES
dbo,CUSTOMER,TERRITORY,nvarchar,YES
dbo,CUSTOMER,CURRENCY_ID,nvarchar,NO
dbo,CUSTOMER,DEF_SLS_TAX_GRP_ID,nvarchar,YES
dbo,CUSTOMER,SIC_CODE,nvarchar,YES
dbo,CUSTOMER,IND_CODE,nvarchar,YES
dbo,CUSTOMER,FINANCE_CHARGE,decimal,YES
dbo,CUSTOMER,TAX_EXEMPT,nchar,NO
dbo,CUSTOMER,TAX_ID_NUMBER,nvarchar,YES
dbo,CUSTOMER,BACKORDER_FLAG,nchar,NO
dbo,CUSTOMER,TERMS_NET_TYPE,nchar,NO
dbo,CUSTOMER,TERMS_NET_DAYS,smallint,YES
dbo,CUSTOMER,TERMS_NET_DATE,datetime,YES
dbo,CUSTOMER,TERMS_DISC_TYPE,nchar,NO
dbo,CUSTOMER,TERMS_DISC_DAYS,smallint,YES
dbo,CUSTOMER,TERMS_DISC_DATE,datetime,YES
dbo,CUSTOMER,TERMS_DISC_PERCENT,decimal,YES
dbo,CUSTOMER,TERMS_DESCRIPTION,nvarchar,YES
dbo,CUSTOMER,FREIGHT_TERMS,nchar,NO
dbo,CUSTOMER,DUNNING_LETTERS,nchar,NO
dbo,CUSTOMER,LAST_ORDER_DATE,datetime,YES
dbo,CUSTOMER,OPEN_DATE,datetime,YES
dbo,CUSTOMER,MODIFY_DATE,datetime,YES
dbo,CUSTOMER,USER_1,nvarchar,YES
dbo,CUSTOMER,USER_2,nvarchar,YES
dbo,CUSTOMER,USER_3,nvarchar,YES
dbo,CUSTOMER,USER_4,nvarchar,YES
dbo,CUSTOMER,USER_5,nvarchar,YES
dbo,CUSTOMER,USER_6,nvarchar,YES
dbo,CUSTOMER,USER_7,nvarchar,YES
dbo,CUSTOMER,USER_8,nvarchar,YES
dbo,CUSTOMER,USER_9,nvarchar,YES
dbo,CUSTOMER,USER_10,nvarchar,YES
dbo,CUSTOMER,SUPPLIER_ID,nvarchar,YES
dbo,CUSTOMER,CARRIER_ID,nvarchar,YES
dbo,CUSTOMER,TAX_ON_WHOLESALE,nchar,YES
dbo,CUSTOMER,DEF_RECV_ACCT_ID,nvarchar,YES
dbo,CUSTOMER,UDF_LAYOUT_ID,nvarchar,YES
dbo,CUSTOMER,ARRIVAL_CODE,nvarchar,YES
dbo,CUSTOMER,TRANS_CODE,nvarchar,YES
dbo,CUSTOMER,COUNTRY_ID,nvarchar,YES
dbo,CUSTOMER,NATURE_OF_TRANS,int,YES
dbo,CUSTOMER,MODE_OF_TRANSPORT,int,YES
dbo,CUSTOMER,SIRET_NUMBER,decimal,YES
dbo,CUSTOMER,VAT_REGISTRATION,nvarchar,YES
dbo,CUSTOMER,VAT_BOOK_CODE_I,nvarchar,YES
dbo,CUSTOMER,VAT_BOOK_CODE_M,nvarchar,YES
dbo,CUSTOMER,VAT_EXEMPT,nchar,YES
dbo,CUSTOMER,SHIPTO_ID,nvarchar,YES
dbo,CUSTOMER,RMA_REQUIRED,nchar,YES
dbo,CUSTOMER,CONTACT_MOBILE,nvarchar,YES
dbo,CUSTOMER,CONTACT_EMAIL,nvarchar,YES
dbo,CUSTOMER,DEF_TRANS_CURRENCY,nvarchar,YES
dbo,CUSTOMER,DEF_LBL_FORMAT_ID,nvarchar,YES
dbo,CUSTOMER,ACCEPT_EARLY,nchar,YES
dbo,CUSTOMER,DAYS_EARLY,smallint,YES
dbo,CUSTOMER,VAT_DISCOUNTED,nchar,NO
dbo,CUSTOMER,WEB_USER_ID,nvarchar,YES
dbo,CUSTOMER,WEB_PASSWORD,nvarchar,YES
dbo,CUSTOMER,PRIORITY,smallint,YES
dbo,CUSTOMER,language_id,nvarchar,YES
dbo,CUSTOMER,bill_language_id,nvarchar,YES
dbo,CUSTOMER,def_ack_id,nvarchar,YES
dbo,CUSTOMER,PRIMARILY_EDI,nchar,YES
dbo,CUSTOMER,vat_always_disc,nvarchar,NO
dbo,CUSTOMER,vat_code,nvarchar,YES
dbo,CUSTOMER,vat_override_seq,nvarchar,NO
dbo,CUSTOMER,return_trans,int,YES
dbo,CUSTOMER,CASH_PERCENT_VAR,nchar,YES
dbo,CUSTOMER,CASH_MIN_VAR,decimal,YES
dbo,CUSTOMER,CASH_MAX_VAR,decimal,YES
dbo,CUSTOMER,TAKE_DISC_DAYS,decimal,YES
dbo,CUSTOMER,MARKET_ID,nvarchar,YES
dbo,CUSTOMER,CREDIT_CARD_ID,nvarchar,YES
dbo,CUSTOMER,WEB_URL,nvarchar,YES
dbo,CUSTOMER,UPS_ACCOUNT_ID,nvarchar,YES
dbo,CUSTOMER,GENERATE_ASN,nvarchar,YES
dbo,CUSTOMER,HOLD_TRANSFER_ASN,nvarchar,YES
dbo,CUSTOMER,CUSTOMS_DOC_PRINT,nvarchar,YES
dbo,CUSTOMER,SUPPRESS_AR_PRINT,nvarchar,YES
dbo,CUSTOMER,ACCEPT_830,nvarchar,YES
dbo,CUSTOMER,ACCEPT_862,nvarchar,YES
dbo,CUSTOMER,POOL_CODE,nvarchar,YES
dbo,CUSTOMER,INTER_CONSIGNEE,nvarchar,YES
dbo,CUSTOMER,CONSOL_SHIP_LINE,nchar,YES
dbo,CUSTOMER,PALLET_DETAILS_REQ,nchar,YES
dbo,CUSTOMER,MATCH_INV_TO_PACK,nchar,YES
dbo,CUSTOMER,ALLOW_OVER_PAYMNT,nchar,YES
dbo,CUSTOMER,ALLOW_ADJ_INVOICE,nchar,YES
dbo,CUSTOMER,DEF_GL_ACCT_ID,nvarchar,YES
dbo,CUSTOMER,LIQ_GL_ACCT_ID,nvarchar,YES
dbo,CUSTOMER,PBC_GL_ACCT_ID,nvarchar,YES
dbo,CUSTOMER,GENERATE_WSA,nchar,YES
dbo,CUSTOMER,HOLD_TRANSFER_WSA,nchar,YES
dbo,CUSTOMER,ACTIVE_FLAG,nchar,YES
dbo,CUSTOMER,SUPPRESS_PRINT_INV_NON_EDI,nchar,YES
dbo,CUSTOMER,OPEN_OLDEST_RECV,datetime,YES
dbo,CUSTOMER,STATUS_EFF_DATE,datetime,NO
dbo,CUSTOMER,PRICE_GROUP,nvarchar,YES
dbo,CUSTOMER,SUPPRESS_PRINT_CUST_STMT,nchar,YES
dbo,CUSTOMER,DEF_TERMS_ID,nvarchar,YES
dbo,CUSTOMER,CUSTOMER_GROUP_ID,nvarchar,YES
dbo,CUSTOMER,INTERNAL_CUSTOMER,nchar,YES
dbo,CUSTOMER,CONTACT_PHONE_EXT,nvarchar,YES
dbo,CUSTOMER,EMAIL_CUST_ON_NEW_ORDER,nchar,NO
dbo,CUSTOMER,EMAIL_CUST_ON_CHG_ORDER,nchar,NO
dbo,CUSTOMER,EMAIL_CUST_ON_SHIPMENT,nchar,NO
dbo,CUSTOMER,EMAIL_EMPL_ON_NEW_ORDER,nchar,NO
dbo,CUSTOMER,EMAIL_EMPL_ON_CHG_ORDER,nchar,NO
dbo,CUSTOMER,EMAIL_EMPL_ON_SHIPMENT,nchar,NO
dbo,CUSTOMER,EMAIL_EMPL_ON_INV_PAID,nchar,NO
dbo,CUSTOMER,CUSTOMER_COUNTRY_ID,nvarchar,YES
dbo,CUSTOMER,BILL_TO_COUNTRY_ID,nvarchar,YES
dbo,CUSTOMER_BANK,ROWID,int,NO
dbo,CUSTOMER_BANK,CUSTOMER_ID,nvarchar,NO
dbo,CUSTOMER_BANK,BANK_ID,nvarchar,NO
dbo,CUSTOMER_BANK,NAME,nvarchar,YES
dbo,CUSTOMER_BANK,DESCRIPTION,nvarchar,YES
dbo,CUSTOMER_BANK,ADDR_1,nvarchar,YES
dbo,CUSTOMER_BANK,ADDR_2,nvarchar,YES
dbo,CUSTOMER_BANK,ADDR_3,nvarchar,YES
dbo,CUSTOMER_BANK,CITY,nvarchar,YES
dbo,CUSTOMER_BANK,STATE,nvarchar,YES
dbo,CUSTOMER_BANK,ZIPCODE,nvarchar,YES
dbo,CUSTOMER_BANK,COUNTRY,nvarchar,YES
dbo,CUSTOMER_BANK,COUNTRY_ID,nvarchar,YES
dbo,CUSTOMER_BANK,IBAN,nvarchar,YES
dbo,CUSTOMER_BANK,SWIFT,nvarchar,YES
dbo,CUSTOMER_BANK,ACCOUNT_NO,nvarchar,YES
dbo,CUSTOMER_BANK,BRANCH_ID,nvarchar,YES
dbo,CUSTOMER_BANK,IS_DEFAULT,smallint,NO
dbo,CUSTOMER_BANK,CUST_BANK_COUNTRY_ID,nvarchar,YES
dbo,CUSTOMER_BINARY,ROWID,int,NO
dbo,CUSTOMER_BINARY,CUSTOMER_ID,nvarchar,NO
dbo,CUSTOMER_BINARY,TYPE,nchar,NO
dbo,CUSTOMER_BINARY,BITS,image,YES
dbo,CUSTOMER_BINARY,BITS_LENGTH,int,NO
dbo,CUSTOMER_BOOKINGS,ROWID,int,NO
dbo,CUSTOMER_BOOKINGS,CUST_ORDER_ID,nvarchar,NO
dbo,CUSTOMER_BOOKINGS,BOOK_DATE,datetime,NO
dbo,CUSTOMER_BOOKINGS,ORDER_DATE,datetime,YES
dbo,CUSTOMER_BOOKINGS,DESIRED_SHIP_DATE,datetime,YES
dbo,CUSTOMER_BOOKINGS,EDI_RELEASE_NO,nvarchar,YES
dbo,CUSTOMER_BOOKINGS,EDI_ACCUM_SHIP_QTY,decimal,YES
dbo,CUSTOMER_BOOKINGS,EDI_ACCUM_AUTH_QTY,decimal,YES
dbo,CUSTOMER_BOOKINGS,EDI_ACCUM_BUY_QTY,decimal,YES
dbo,CUSTOMER_BOOKINGS,EDI_ACCUM_SHIP_ADJ,decimal,YES
dbo,CUSTOMER_BOOKINGS,EDI_ACCUM_ORD_ADJ,decimal,YES
dbo,CUSTOMER_BOOKINGS,EDI_LAST_SHIPDATE,datetime,YES
dbo,CUSTOMER_BOOKINGS,CREATE_DATE,datetime,NO
dbo,CUSTOMER_BOOKINGS,USER_ID,nvarchar,NO
dbo,CUSTOMER_BOOKINGS,REVISION_ID,nvarchar,YES
dbo,CUSTOMER_BOOKINGS,SITE_ID,nvarchar,NO
dbo,CUSTOMER_CONTACT,ROWID,int,NO
dbo,CUSTOMER_CONTACT,CUSTOMER_ID,nvarchar,NO
dbo,CUSTOMER_CONTACT,CONTACT_NO,smallint,NO
dbo,CUSTOMER_CONTACT,CONTACT_FIRST_NAME,nvarchar,YES
dbo,CUSTOMER_CONTACT,CONTACT_LAST_NAME,nvarchar,YES
dbo,CUSTOMER_CONTACT,CONTACT_POSITION,nvarchar,YES
dbo,CUSTOMER_CONTACT,CONTACT_INITIAL,nvarchar,YES
dbo,CUSTOMER_CONTACT,CONTACT_HONORIFIC,nvarchar,YES
dbo,CUSTOMER_CONTACT,CONTACT_PHONE,nvarchar,YES
dbo,CUSTOMER_CONTACT,CONTACT_FAX,nvarchar,YES
dbo,CUSTOMER_CONTACT,CONTACT_MOBILE,nvarchar,YES
dbo,CUSTOMER_CONTACT,CONTACT_EMAIL,nvarchar,YES
dbo,CUSTOMER_CONTACT,web_user_id,nvarchar,YES
dbo,CUSTOMER_CONTACT,web_password,nvarchar,YES
dbo,CUSTOMER_DISCOUNT,ROWID,int,NO
dbo,CUSTOMER_DISCOUNT,DISCOUNT_CODE,nvarchar,NO
dbo,CUSTOMER_DISCOUNT,DESCRIPTION,nvarchar,YES
dbo,CUSTOMER_DISCOUNT,DISCOUNT_PERCENT,decimal,YES
dbo,CUSTOMER_ENTITY,ROWID,int,NO
dbo,CUSTOMER_ENTITY,ENTITY_ID,nvarchar,NO
dbo,CUSTOMER_ENTITY,CUSTOMER_ID,nvarchar,NO
dbo,CUSTOMER_ENTITY,CREDIT_STATUS,nchar,NO
dbo,CUSTOMER_ENTITY,CREDIT_LIMIT_CTL,nchar,NO
dbo,CUSTOMER_ENTITY,CREDIT_LIMIT,decimal,YES
dbo,CUSTOMER_ENTITY,RECV_AGE_LIMIT,smallint,YES
dbo,CUSTOMER_ENTITY,TOTAL_OPEN_ORDERS,decimal,NO
dbo,CUSTOMER_ENTITY,TOTAL_OPEN_RECV,decimal,NO
dbo,CUSTOMER_ENTITY,OPEN_ORDER_COUNT,int,NO
dbo,CUSTOMER_ENTITY,OPEN_RECV_COUNT,int,NO
dbo,CUSTOMER_ENTITY,CT_BEST_LOWER_PCT,int,YES
dbo,CUSTOMER_ENTITY,CT_GOOD_LOWER_PCT,int,YES
dbo,CUSTOMER_ENTITY,PT_DAYS,int,YES
dbo,CUSTOMER_ENTITY,PT_BEST_LOWER_PCT,int,YES
dbo,CUSTOMER_ENTITY,PT_GOOD_LOWER_PCT,int,YES
dbo,CUSTOMER_ENTITY,OLDEST_INV_TYPE,nchar,YES
dbo,CUSTOMER_ENTITY,TOTAL_OPEN_SHIPPED,decimal,NO
dbo,CUSTOMER_ENTITY,OPEN_OLDEST_RECV,datetime,YES
dbo,CUSTOMER_ENTITY,SHIP_CREDIT_LIMIT_CTL,nchar,NO
dbo,CUSTOMER_FORECAST,ROWID,int,NO
dbo,CUSTOMER_FORECAST,CUSTOMER_ID,nvarchar,NO
dbo,CUSTOMER_FORECAST,FORECAST_ID,nvarchar,NO
dbo,CUSTOMER_FORECAST,PART_ID,nvarchar,NO
dbo,CUSTOMER_FORECAST,REQUIRED_DATE,datetime,NO
dbo,CUSTOMER_FORECAST,REQUIRED_QTY,decimal,NO
dbo,CUSTOMER_FORECAST,CUSTOMER_PART_ID,nvarchar,YES
dbo,CUSTOMER_FORECAST,CUSTOMER_PO_REF,nvarchar,YES
dbo,CUSTOMER_FORECAST,USER_DATE,datetime,YES
dbo,CUSTOMER_FORECAST,WAREHOUSE_ID,nvarchar,YES
dbo,CUSTOMER_FORECAST,SITE_ID,nvarchar,NO
dbo,CUSTOMER_GROUP,ROWID,int,NO
dbo,CUSTOMER_GROUP,ID,nvarchar,NO
dbo,CUSTOMER_GROUP,NAME,nvarchar,YES
dbo,CUSTOMER_GROUP,BILL_TO_NAME,nvarchar,YES
dbo,CUSTOMER_GROUP,BILL_TO_ADDR_1,nvarchar,YES
dbo,CUSTOMER_GROUP,BILL_TO_ADDR_2,nvarchar,YES
dbo,CUSTOMER_GROUP,BILL_TO_ADDR_3,nvarchar,YES
dbo,CUSTOMER_GROUP,BILL_TO_CITY,nvarchar,YES
dbo,CUSTOMER_GROUP,BILL_TO_STATE,nvarchar,YES
dbo,CUSTOMER_GROUP,BILL_TO_ZIPCODE,nvarchar,YES
dbo,CUSTOMER_GROUP,BILL_TO_COUNTRY,nvarchar,YES
dbo,CUSTOMER_GROUP,ALLOW_OVER_PAYMNT,nchar,YES
dbo,CUSTOMER_GROUP,ALLOW_ADJ_INVOICE,nchar,YES
dbo,CUSTOMER_GROUP,MODIFY_DATE,datetime,YES
dbo,CUSTOMER_GROUP,BILL_TO_COUNTRY_ID,nvarchar,YES
dbo,CUSTOMER_ORDER,ROWID,int,NO
dbo,CUSTOMER_ORDER,ID,nvarchar,NO
dbo,CUSTOMER_ORDER,CUSTOMER_ID,nvarchar,NO
dbo,CUSTOMER_ORDER,CUSTOMER_PO_REF,nvarchar,YES
dbo,CUSTOMER_ORDER,CONTACT_FIRST_NAME,nvarchar,YES
dbo,CUSTOMER_ORDER,CONTACT_LAST_NAME,nvarchar,YES
dbo,CUSTOMER_ORDER,CONTACT_INITIAL,nvarchar,YES
dbo,CUSTOMER_ORDER,CONTACT_POSITION,nvarchar,YES
dbo,CUSTOMER_ORDER,CONTACT_HONORIFIC,nvarchar,YES
dbo,CUSTOMER_ORDER,CONTACT_SALUTATION,nvarchar,YES
dbo,CUSTOMER_ORDER,CONTACT_PHONE,nvarchar,YES
dbo,CUSTOMER_ORDER,CONTACT_FAX,nvarchar,YES
dbo,CUSTOMER_ORDER,SHIP_TO_ADDR_NO,int,YES
dbo,CUSTOMER_ORDER,FREE_ON_BOARD,nvarchar,YES
dbo,CUSTOMER_ORDER,SHIP_VIA,nvarchar,YES
dbo,CUSTOMER_ORDER,TERRITORY,nvarchar,YES
dbo,CUSTOMER_ORDER,DISCOUNT_CODE,nvarchar,YES
dbo,CUSTOMER_ORDER,SALES_TAX_GROUP_ID,nvarchar,YES
dbo,CUSTOMER_ORDER,SALESREP_ID,nvarchar,YES
dbo,CUSTOMER_ORDER,SITE_ID,nvarchar,NO
dbo,CUSTOMER_ORDER,TERMS_NET_TYPE,nchar,NO
dbo,CUSTOMER_ORDER,TERMS_NET_DAYS,smallint,YES
dbo,CUSTOMER_ORDER,TERMS_NET_DATE,datetime,YES
dbo,CUSTOMER_ORDER,TERMS_DISC_TYPE,nchar,NO
dbo,CUSTOMER_ORDER,TERMS_DISC_DAYS,smallint,YES
dbo,CUSTOMER_ORDER,TERMS_DISC_DATE,datetime,YES
dbo,CUSTOMER_ORDER,TERMS_DISC_PERCENT,decimal,YES
dbo,CUSTOMER_ORDER,TERMS_DESCRIPTION,nvarchar,YES
dbo,CUSTOMER_ORDER,FREIGHT_TERMS,nchar,NO
dbo,CUSTOMER_ORDER,ORDER_DATE,datetime,NO
dbo,CUSTOMER_ORDER,DESIRED_SHIP_DATE,datetime,YES
dbo,CUSTOMER_ORDER,BACK_ORDER,nchar,NO
dbo,CUSTOMER_ORDER,STATUS,nchar,NO
dbo,CUSTOMER_ORDER,SELL_RATE,decimal,NO
dbo,CUSTOMER_ORDER,BUY_RATE,decimal,NO
dbo,CUSTOMER_ORDER,LAST_SHIPPED_DATE,datetime,YES
dbo,CUSTOMER_ORDER,POSTING_CANDIDATE,nchar,NO
dbo,CUSTOMER_ORDER,TOTAL_AMT_ORDERED,decimal,NO
dbo,CUSTOMER_ORDER,TOTAL_AMT_SHIPPED,decimal,NO
dbo,CUSTOMER_ORDER,MARKED_FOR_PURGE,nchar,NO
dbo,CUSTOMER_ORDER,EDI_FLAG,nchar,NO
dbo,CUSTOMER_ORDER,EDI_ACCUM_SHIP_QTY,decimal,YES
dbo,CUSTOMER_ORDER,EDI_ACCUM_AUTH_QTY,decimal,YES
dbo,CUSTOMER_ORDER,EDI_ACCUM_BUY_QTY,decimal,YES
dbo,CUSTOMER_ORDER,EDI_RELEASE_NO,nvarchar,YES
dbo,CUSTOMER_ORDER,EDI_LAST_SHIPDATE,datetime,YES
dbo,CUSTOMER_ORDER,EDI_ACCUM_SHIP_ADJ,decimal,YES
dbo,CUSTOMER_ORDER,EDI_ACCUM_ORD_ADJ,decimal,YES
dbo,CUSTOMER_ORDER,EXCH_RATE_FIXED,nchar,NO
dbo,CUSTOMER_ORDER,PROMISE_DATE,datetime,YES
dbo,CUSTOMER_ORDER,PRINTED_DATE,datetime,YES
dbo,CUSTOMER_ORDER,EDI_BLANKET_FLAG,nchar,YES
dbo,CUSTOMER_ORDER,EDI_BLANKET_NO,nvarchar,YES
dbo,CUSTOMER_ORDER,CONTRACT_ID,nvarchar,YES
dbo,CUSTOMER_ORDER,SHIPTO_ID,nvarchar,YES
dbo,CUSTOMER_ORDER,CURRENCY_ID,nvarchar,NO
dbo,CUSTOMER_ORDER,WAREHOUSE_ID,nvarchar,YES
dbo,CUSTOMER_ORDER,TYPE,nchar,YES
dbo,CUSTOMER_ORDER,ORDER_TYPE,nvarchar,YES
dbo,CUSTOMER_ORDER,CARRIER_ID,nvarchar,YES
dbo,CUSTOMER_ORDER,ACCEPT_EARLY,nchar,YES
dbo,CUSTOMER_ORDER,DAYS_EARLY,smallint,YES
dbo,CUSTOMER_ORDER,DISPATCHED,nchar,YES
dbo,CUSTOMER_ORDER,EXPIRE_DATE,datetime,YES
dbo,CUSTOMER_ORDER,CONTACT_MOBILE,nvarchar,YES
dbo,CUSTOMER_ORDER,CONTACT_EMAIL,nvarchar,YES
dbo,CUSTOMER_ORDER,CREATE_DATE,datetime,NO
dbo,CUSTOMER_ORDER,USER_1,nvarchar,YES
dbo,CUSTOMER_ORDER,USER_2,nvarchar,YES
dbo,CUSTOMER_ORDER,USER_3,nvarchar,YES
dbo,CUSTOMER_ORDER,USER_4,nvarchar,YES
dbo,CUSTOMER_ORDER,USER_5,nvarchar,YES
dbo,CUSTOMER_ORDER,USER_6,nvarchar,YES
dbo,CUSTOMER_ORDER,USER_7,nvarchar,YES
dbo,CUSTOMER_ORDER,USER_8,nvarchar,YES
dbo,CUSTOMER_ORDER,USER_9,nvarchar,YES
dbo,CUSTOMER_ORDER,USER_10,nvarchar,YES
dbo,CUSTOMER_ORDER,UDF_LAYOUT_ID,nvarchar,YES
dbo,CUSTOMER_ORDER,SEND_ACK,nchar,YES
dbo,CUSTOMER_ORDER,AUTHORIZATION_ID,nvarchar,YES
dbo,CUSTOMER_ORDER,EDI_ACCUM_CLR_DATE,datetime,YES
dbo,CUSTOMER_ORDER,PROJECT_ID,nvarchar,YES
dbo,CUSTOMER_ORDER,PRIME_CONTRACTOR,nvarchar,YES
dbo,CUSTOMER_ORDER,SHIPPED_FROM,nvarchar,YES
dbo,CUSTOMER_ORDER,ADMINISTERED_BY,nvarchar,YES
dbo,CUSTOMER_ORDER,PAY_MADE_BY,nvarchar,YES
dbo,CUSTOMER_ORDER,MARKED_FOR,nvarchar,YES
dbo,CUSTOMER_ORDER,ORIGIN_CQA,nchar,YES
dbo,CUSTOMER_ORDER,ORIGIN_ACCEPT,nchar,YES
dbo,CUSTOMER_ORDER,DEST_CQA,nchar,YES
dbo,CUSTOMER_ORDER,DEST_ACCEPT,nchar,YES
dbo,CUSTOMER_ORDER,PKG_LEVEL,nvarchar,YES
dbo,CUSTOMER_ORDER,ACCEPTANCE_POINT,nchar,YES
dbo,CUSTOMER_ORDER,DD250_REQUIRED,nchar,YES
dbo,CUSTOMER_ORDER,BACKORDER_FLAG,nchar,YES
dbo,CUSTOMER_ORDER,OWNER_ID,nvarchar,YES
dbo,CUSTOMER_ORDER,CONSOLIDATION_ID,nvarchar,YES
dbo,CUSTOMER_ORDER,MARK_FOR_ID,nvarchar,YES
dbo,CUSTOMER_ORDER,MARK_FOR_ADDR_NO,int,YES
dbo,CUSTOMER_ORDER,COD_AMOUNT,decimal,YES
dbo,CUSTOMER_ORDER,FREIGHT_BILL_ACCT,nvarchar,YES
dbo,CUSTOMER_ORDER,REVISION_ID,nvarchar,YES
dbo,CUSTOMER_ORDER,VSCP_ORDER,nchar,YES
dbo,CUSTOMER_ORDER,MASTER_LINK_NO,nvarchar,YES
dbo,CUSTOMER_ORDER,LINK_SEQUENCE_NO,nvarchar,YES
dbo,CUSTOMER_ORDER,CUST_BANK_ID,nvarchar,YES
dbo,CUSTOMER_ORDER,CONSIGNMENT,nchar,NO
dbo,CUSTOMER_ORDER,STATUS_EFF_DATE,datetime,NO
dbo,CUSTOMER_ORDER,PROMISE_DEL_DATE,datetime,YES
dbo,CUSTOMER_ORDER,TERMS_ID,nvarchar,YES
dbo,CUSTOMER_ORDER,INTERNAL_ORDER,nchar,YES
dbo,CUSTOMER_ORDER,CONTACT_ID,nvarchar,YES
dbo,CUSTOMER_ORDER,ENTERED_BY,nvarchar,YES
dbo,CUSTOMER_ORDER,CONTACT_PHONE_EXT,nvarchar,YES
dbo,CUSTOMER_ORDER,EMAIL_NOTIFICATION,nchar,NO
dbo,CUSTOMER_ORDER,EMAIL_CUST_ON_NEW_ORDER,nchar,NO
dbo,CUSTOMER_ORDER,EMAIL_CUST_ON_CHG_ORDER,nchar,NO
dbo,CUSTOMER_ORDER,EMAIL_CUST_ON_SHIPMENT,nchar,NO
dbo,CUSTOMER_ORDER,EMAIL_EMPL_ON_NEW_ORDER,nchar,NO
dbo,CUSTOMER_ORDER,EMAIL_EMPL_ON_CHG_ORDER,nchar,NO
dbo,CUSTOMER_ORDER,EMAIL_EMPL_ON_SHIPMENT,nchar,NO
dbo,CUSTOMER_ORDER,EMAIL_EMPL_ON_INV_PAID,nchar,NO
dbo,CUSTOMER_ORDER,CUST_SHIP_CHG_ACCT_NO,nvarchar,YES
dbo,CUSTOMER_PRICE,ROWID,int,NO
dbo,CUSTOMER_PRICE,CUSTOMER_ID,nvarchar,NO
dbo,CUSTOMER_PRICE,PART_ID,nvarchar,NO
dbo,CUSTOMER_PRICE,SELLING_UM,nvarchar,NO
dbo,CUSTOMER_PRICE,CUSTOMER_PART_ID,nvarchar,YES
dbo,CUSTOMER_PRICE,QTY_BREAK_1,decimal,YES
dbo,CUSTOMER_PRICE,QTY_BREAK_2,decimal,YES
dbo,CUSTOMER_PRICE,QTY_BREAK_3,decimal,YES
dbo,CUSTOMER_PRICE,QTY_BREAK_4,decimal,YES
dbo,CUSTOMER_PRICE,QTY_BREAK_5,decimal,YES
dbo,CUSTOMER_PRICE,QTY_BREAK_6,decimal,YES
dbo,CUSTOMER_PRICE,QTY_BREAK_7,decimal,YES
dbo,CUSTOMER_PRICE,QTY_BREAK_8,decimal,YES
dbo,CUSTOMER_PRICE,QTY_BREAK_9,decimal,YES
dbo,CUSTOMER_PRICE,QTY_BREAK_10,decimal,YES
dbo,CUSTOMER_PRICE,UNIT_PRICE_1,decimal,YES
dbo,CUSTOMER_PRICE,UNIT_PRICE_2,decimal,YES
dbo,CUSTOMER_PRICE,UNIT_PRICE_3,decimal,YES
dbo,CUSTOMER_PRICE,UNIT_PRICE_4,decimal,YES
dbo,CUSTOMER_PRICE,UNIT_PRICE_5,decimal,YES
dbo,CUSTOMER_PRICE,UNIT_PRICE_6,decimal,YES
dbo,CUSTOMER_PRICE,UNIT_PRICE_7,decimal,YES
dbo,CUSTOMER_PRICE,UNIT_PRICE_8,decimal,YES
dbo,CUSTOMER_PRICE,UNIT_PRICE_9,decimal,YES
dbo,CUSTOMER_PRICE,UNIT_PRICE_10,decimal,YES
dbo,CUSTOMER_PRICE,DEFAULT_UNIT_PRICE,decimal,YES
dbo,CUSTOMER_RELATION,ROWID,int,NO
dbo,CUSTOMER_RELATION,OWNER_CUST_ID,nvarchar,NO
dbo,CUSTOMER_RELATION,SELL_TO_CUST_ID,nvarchar,NO
dbo,CUSTOMER_SITE,ROWID,int,NO
dbo,CUSTOMER_SITE,CUSTOMER_ID,nvarchar,NO
dbo,CUSTOMER_SITE,SITE_ID,nvarchar,NO
dbo,CUSTOMER_SITE,PRIORITY_CODE,nvarchar,YES
dbo,CUSTOMER_SITE,WAREHOUSE_ID,nvarchar,YES
dbo,CUSTOMER_SITE,CUSTOMER_TYPE,nvarchar,YES
dbo,CUSTOMER_SITE,ORDER_FILL_RATE,decimal,NO
dbo,CUSTOMER_SITE,FILL_RATE_TYPE,nchar,YES
dbo,CUSTOMER_SITE,ALLOCATION_FENCE,int,YES
dbo,CUSTOMER_SITE,CO_ALLOC_LEVEL,nchar,YES
dbo,CUSTOMER_SITE,REALLOCATE,nchar,YES
dbo,CUSTOMER_SITE,CONSOLIDATE_ORDERS,nchar,YES
dbo,CUSTOMER_SITE,COMPLIANCE_LABEL,nchar,YES
dbo,CUSTOMER_SITE,AUTO_ALLOCATE,nchar,YES
dbo,CUSTOMER_SITE,EMAIL_INVOICE,nchar,NO
dbo,CUSTOMER_SYNC,ROWID,int,NO
dbo,CUSTOMER_SYNC,EVENT_ID,int,NO
dbo,CUSTOMER_SYNC,TYPE,nchar,NO
dbo,CUSTOMER_SYNC,CREATE_DATE,datetime,NO
dbo,CUSTOMER_SYNC,CUSTOMER_ID,nvarchar,NO
dbo,CUSTOMER_SYNC,EXCEPTION,nchar,NO
dbo,CUSTOMER_SYNC,SUBSCRIPTIONS,int,NO
dbo,CUSTOMER_TYPE,ROWID,int,NO
dbo,CUSTOMER_TYPE,TYPE,nvarchar,NO
dbo,CUSTOMER_TYPE,DESCRIPTION,nvarchar,YES
dbo,CUSTOMER_TYPE,REALLOCATE,nchar,NO
dbo,CUSTOMER_TYPE,ALLOCATION_FENCE,int,YES
dbo,CUSTOMER_TYPE,PRIORITY,smallint,YES
dbo,CUSTOMER_TYPE,AUTO_ALLOCATE,nchar,YES
dbo,CUSTOMER_TYPE,CO_ALLOC_LEVEL,nchar,YES
dbo,CYCLE_COUNT_PART,ROWID,int,NO
dbo,CYCLE_COUNT_PART,PART_ID,nvarchar,NO
dbo,CYCLE_COUNT_PART,WAREHOUSE_ID,nvarchar,NO
dbo,CYCLE_COUNT_PART,COUNT_FREQ,smallint,YES
dbo,CYCLE_COUNT_PART,LAST_COUNT_DATE,datetime,YES
dbo,DASHBOARD_ITEM_AUTHORITY,ROWID,int,NO
dbo,DASHBOARD_ITEM_AUTHORITY,USER_ID,nvarchar,NO
dbo,DASHBOARD_ITEM_AUTHORITY,ITEM_TYPE,nvarchar,NO
dbo,DASHBOARD_ITEM_AUTHORITY,ITEM_ID,nvarchar,NO
dbo,DASHBOARD_ITEM_AUTHORITY,PERMISSION,nchar,NO
dbo,DATA_EXPORT,ROWID,int,NO
dbo,DATA_EXPORT,ID,nvarchar,NO
dbo,DATA_EXPORT,TYPE,nchar,NO
dbo,DATA_EXPORT,CONTEXT,nchar,NO
dbo,DATA_EXPORT,START_AT,int,NO
dbo,DATA_EXPORT,ABUT_PREVIOUS,nchar,NO
dbo,DATA_EXPORT,DATA_EXPRESSION,nvarchar,NO
dbo,DATA_EXPORT,DATA_LENGTH,int,YES
dbo,DATA_EXPORT,DATA_SCALE,int,YES
dbo,DATA_EXPORT,DATA_TYPE,nchar,NO
dbo,DATA_EXPORT,QUOTE_DATA,nchar,NO
dbo,DATA_EXPORT,COMMA_SEPARATE,nchar,NO
dbo,DATA_EXPORT,TERMINATE_RECORD,nchar,NO
dbo,DATA_EXPORT,FIELD_DELIMITER,nchar,YES
dbo,DATA_EXPORT,TEXT_QUALIFIER,nchar,YES
dbo,DATA_EXPORT,INDENT_LVL,int,YES
dbo,DATA_EXPORT,TAG,nvarchar,YES
dbo,DATA_EXPORT,IS_ATTRIBUTE,nvarchar,YES
dbo,DBR_EVENT_DETECT,EVENT_CLASS,nvarchar,NO
dbo,DBR_EVENT_DETECT,EVENT_ACTION,nvarchar,NO
dbo,DBR_EVENT_DETECT,CREATE_DATE,datetime,NO
dbo,DBR_EVENT_DETECT,DOC_TYPE,nvarchar,YES
dbo,DBR_EVENT_DETECT,DOC_BASE_ID,nvarchar,YES
dbo,DBR_EVENT_DETECT,DOC_LOT_ID,nvarchar,YES
dbo,DBR_EVENT_DETECT,DOC_SPLIT_ID,nvarchar,YES
dbo,DBR_EVENT_DETECT,DOC_SUB_ID,nvarchar,YES
dbo,DBR_EVENT_DETECT,DOC_SEQ_NO,int,YES
dbo,DBR_EVENT_DETECT,DOC_SUB_SEQ_NO,smallint,YES
dbo,DBR_EVENT_DETECT,CAUSE,nvarchar,YES
dbo,DBR_EVENT_DETECT,USER_ID,nvarchar,NO
dbo,DBR_EVENT_DETECT,STATUS,nchar,YES
dbo,DBR_EVENT_DETECT,ERROR_MSG,nvarchar,YES
dbo,DBR_EVENT_DETECT,SITE_ID,nvarchar,NO
dbo,DBR_EVENT_TRIGGER,ROWID,int,NO
dbo,DBR_EVENT_TRIGGER,EVENT_CLASS,nvarchar,NO
dbo,DBR_EVENT_TRIGGER,EVENT_ACTION,nvarchar,NO
dbo,DBR_EVENT_TRIGGER,SENDER,nvarchar,YES
dbo,DBR_EVENT_TRIGGER,SUBJECT,nvarchar,YES
dbo,DBR_EVENT_TRIGGER,RECIPIENT,nvarchar,YES
dbo,DBR_EVENT_TRIGGER,FREQUENCY,int,YES
dbo,DBR_EVENT_TRIGGER,FREQ_COUNT,int,YES
dbo,DBR_EVENT_TRIGGER,FREQ_DATE,datetime,YES
dbo,DBR_EVENT_TRIGGER,STATUS,nchar,YES
dbo,DBR_EVENT_TRIGGER,CREATE_DATE,datetime,NO
dbo,DBR_EVENT_TRIGGER,USER_ID,nvarchar,NO
dbo,DBR_EVENT_TRIGGER,SITE_ID,nvarchar,NO
dbo,DBR_SETTINGS,ROWID,int,NO
dbo,DBR_SETTINGS,CCR_ID,nvarchar,NO
dbo,DBR_SETTINGS,RANK,int,NO
dbo,DBR_SETTINGS,STATUS,nchar,NO
dbo,DBR_SETTINGS,SHIPPING_BUFFER,int,NO
dbo,DBR_SETTINGS,ASSEMBLY_BUFFER,int,NO
dbo,DBR_SETTINGS,CCR_BUFFER,int,NO
dbo,DBR_SETTINGS,ROD,int,NO
dbo,DBR_SETTINGS,MTS_CCR_BUFFER,int,NO
dbo,DBR_SETTINGS,EMERGENCY_STOCKPCT,int,YES
dbo,DBR_SETTINGS,EMERGENCY_ZONE,int,YES
dbo,DBR_SETTINGS,SHIP_BUF_PCT_CHK,int,YES
dbo,DBR_SETTINGS,BM_LAST_COLLECT,datetime,YES
dbo,DBR_SETTINGS,BM_COLLECT_MODE,nchar,YES
dbo,DBR_SETTINGS,YELLOW_ZONE,int,YES
dbo,DBR_SETTINGS,YELLOW_STOCKPCT,int,YES
dbo,DBR_SETTINGS,SITE_ID,nvarchar,NO
dbo,DBR_STATUS,ROWID,int,NO
dbo,DBR_STATUS,CCR_ID,nvarchar,NO
dbo,DBR_STATUS,STATUS_TYPE,nchar,NO
dbo,DBR_STATUS,STATUS_DATE,datetime,NO
dbo,DBR_STATUS,NUM_OPEN_ITEMS,int,NO
dbo,DBR_STATUS,NUM_BUFFER_INTRS,int,YES
dbo,DBR_STATUS,NUM_EMERG_ZONE_INT,int,NO
dbo,DBR_STATUS,NUM_YELLO_ZONE_INT,int,YES
dbo,DBR_STATUS,SITE_ID,nvarchar,NO
dbo,DECISION_PARAMS,ROWID,int,NO
dbo,DECISION_PARAMS,PARAM_ID,int,NO
dbo,DECISION_PARAMS,PTS_INA_ROW_ONE_SI,smallint,NO
dbo,DECISION_PARAMS,STEADY_UP_OR_DOWN,smallint,NO
dbo,DECISION_PARAMS,ALTERNATING_UP_AND,smallint,NO
dbo,DECISION_PARAMS,TWO_SIGMAS_ACTUAL,smallint,NO
dbo,DECISION_PARAMS,OUT_OF_TWO_SIGMA,smallint,NO
dbo,DECISION_PARAMS,ONE_SIGMA_ACTUAL,smallint,NO
dbo,DECISION_PARAMS,OUT_OF_ONE_SIGMA,smallint,NO
dbo,DECISION_PARAMS,LESS_THAN_1_SIGMA,smallint,NO
dbo,DECISION_PARAMS,GRTR_THAN_1_SIGMA,smallint,NO
dbo,DEF_SHIPPING_LBL,ROWID,int,NO
dbo,DEF_SHIPPING_LBL,PART_ID,nvarchar,NO
dbo,DEF_SHIPPING_LBL,CUSTOMER_ID,nvarchar,NO
dbo,DEF_SHIPPING_LBL,SHIPTO_ADDR_NO,int,NO
dbo,DEF_SHIPPING_LBL,DEF_LBL_FORMAT_ID,nvarchar,YES
dbo,DEFAULT_DATA,ROWID,int,NO
dbo,DEFAULT_DATA,SITE_ID,nvarchar,NO
dbo,DEFAULT_DATA,USER_ID,nvarchar,NO
dbo,DEFAULT_DATA,TABLE_NAME,nvarchar,NO
dbo,DEFAULT_DATA,COLUMN_NAME,nvarchar,NO
dbo,DEFAULT_DATA,DEFAULT_STRING,nvarchar,YES
dbo,DEFECT_CLASS,ROWID,int,NO
dbo,DEFECT_CLASS,ID,nvarchar,NO
dbo,DEMAND_FORECAST,ROWID,int,NO
dbo,DEMAND_FORECAST,PART_ID,nvarchar,NO
dbo,DEMAND_FORECAST,REQUIRED_DATE,datetime,NO
dbo,DEMAND_FORECAST,REQUIRED_QTY,decimal,NO
dbo,DEMAND_FORECAST,WAREHOUSE_ID,nvarchar,YES
dbo,DEMAND_FORECAST,SITE_ID,nvarchar,NO
dbo,DEMAND_SUPPLY_LINK,ROWID,int,NO
dbo,DEMAND_SUPPLY_LINK,ID,int,NO
dbo,DEMAND_SUPPLY_LINK,DEMAND_TYPE,nvarchar,NO
dbo,DEMAND_SUPPLY_LINK,DEMAND_BASE_ID,nvarchar,NO
dbo,DEMAND_SUPPLY_LINK,DEMAND_LOT_ID,nvarchar,YES
dbo,DEMAND_SUPPLY_LINK,DEMAND_SPLIT_ID,nvarchar,YES
dbo,DEMAND_SUPPLY_LINK,DEMAND_SUB_ID,nvarchar,YES
dbo,DEMAND_SUPPLY_LINK,DEMAND_SEQ_NO,int,YES
dbo,DEMAND_SUPPLY_LINK,DEMAND_NO,int,YES
dbo,DEMAND_SUPPLY_LINK,SUPPLY_TYPE,nvarchar,NO
dbo,DEMAND_SUPPLY_LINK,SUPPLY_BASE_ID,nvarchar,NO
dbo,DEMAND_SUPPLY_LINK,SUPPLY_LOT_ID,nvarchar,YES
dbo,DEMAND_SUPPLY_LINK,SUPPLY_SPLIT_ID,nvarchar,YES
dbo,DEMAND_SUPPLY_LINK,SUPPLY_SUB_ID,nvarchar,YES
dbo,DEMAND_SUPPLY_LINK,SUPPLY_SEQ_NO,int,YES
dbo,DEMAND_SUPPLY_LINK,SUPPLY_NO,int,YES
dbo,DEMAND_SUPPLY_LINK,WAREHOUSE_ID,nvarchar,YES
dbo,DEMAND_SUPPLY_LINK,DEMAND_PART_ID,nvarchar,YES
dbo,DEMAND_SUPPLY_LINK,SUPPLY_PART_ID,nvarchar,YES
dbo,DEMAND_SUPPLY_LINK,ALLOCATED_QTY,decimal,NO
dbo,DEMAND_SUPPLY_LINK,RECEIVED_QTY,decimal,NO
dbo,DEMAND_SUPPLY_LINK,ISSUED_QTY,decimal,NO
dbo,DEMAND_SUPPLY_LINK,SUPPLY_MODE,nchar,NO
dbo,DEMAND_SUPPLY_LINK,CREATE_DATE,datetime,NO
dbo,DEMAND_SUPPLY_LINK,USER_ID,nvarchar,YES
dbo,DEMAND_SUPPLY_LINK,TYPE,nchar,YES
dbo,DEMAND_SUPPLY_LINK,REALLOCATE,nchar,YES
dbo,DEMAND_SUPPLY_LINK,DEMAND_SITE_ID,nvarchar,NO
dbo,DEMAND_SUPPLY_LINK,SUPPLY_SITE_ID,nvarchar,NO
dbo,DEMSUP_SUMMARY,ROWID,int,NO
dbo,DEMSUP_SUMMARY,SPID,nvarchar,NO
dbo,DEMSUP_SUMMARY,ID,int,NO
dbo,DEMSUP_SUMMARY,RECEIVED_QTY,decimal,NO
dbo,DEPARTMENT,ROWID,int,NO
dbo,DEPARTMENT,ID,nvarchar,NO
dbo,DEPARTMENT,DESCRIPTION,nvarchar,YES
dbo,DEPARTMENT,DEFAULT_DEPARTMENT,nchar,YES
dbo,DEPARTMENT,PARENT_DEPT_ID,nvarchar,YES
dbo,DEPARTMENT,MATL_COST_CAT_ID,nvarchar,YES
dbo,DEPARTMENT,SERV_COST_CAT_ID,nvarchar,YES
dbo,DEPARTMENT,LAB_COST_CAT_ID,nvarchar,YES
dbo,DETAIL_TABLE,ROWID,int,NO
dbo,DETAIL_TABLE,SUMMARY_TABLE_ID,int,NO
dbo,DETAIL_TABLE,QTY,decimal,NO
dbo,DETAIL_TABLE,AMOUNT,decimal,NO
dbo,DETAIL_TABLE,LINE_NO,int,NO
dbo,DEVIATION,ROWID,int,NO
dbo,DEVIATION,ID,nvarchar,NO
dbo,DEVIATION,DESCRIPTION,nvarchar,NO
dbo,DEVIATION_REASON,ROWID,int,NO
dbo,DEVIATION_REASON,ID,nvarchar,NO
dbo,DEVIATION_REASON,DESCRIPTION,nvarchar,YES
dbo,DEVIATION_REASON,PAID_FLAG,nchar,NO
dbo,DIMENSION_DESC,ROWID,int,NO
dbo,DIMENSION_DESC,DIMENSION_DESC,nvarchar,NO
dbo,DISCOUNT_PRICE,ROWID,int,NO
dbo,DISCOUNT_PRICE,DISCOUNT_CODE,nvarchar,NO
dbo,DISCOUNT_PRICE,PART_ID,nvarchar,NO
dbo,DISCOUNT_PRICE,SELLING_UM,nvarchar,NO
dbo,DISCOUNT_PRICE,QTY_BREAK_1,decimal,YES
dbo,DISCOUNT_PRICE,QTY_BREAK_2,decimal,YES
dbo,DISCOUNT_PRICE,QTY_BREAK_3,decimal,YES
dbo,DISCOUNT_PRICE,QTY_BREAK_4,decimal,YES
dbo,DISCOUNT_PRICE,QTY_BREAK_5,decimal,YES
dbo,DISCOUNT_PRICE,QTY_BREAK_6,decimal,YES
dbo,DISCOUNT_PRICE,QTY_BREAK_7,decimal,YES
dbo,DISCOUNT_PRICE,QTY_BREAK_8,decimal,YES
dbo,DISCOUNT_PRICE,QTY_BREAK_9,decimal,YES
dbo,DISCOUNT_PRICE,QTY_BREAK_10,decimal,YES
dbo,DISCOUNT_PRICE,UNIT_PRICE_1,decimal,YES
dbo,DISCOUNT_PRICE,UNIT_PRICE_2,decimal,YES
dbo,DISCOUNT_PRICE,UNIT_PRICE_3,decimal,YES
dbo,DISCOUNT_PRICE,UNIT_PRICE_4,decimal,YES
dbo,DISCOUNT_PRICE,UNIT_PRICE_5,decimal,YES
dbo,DISCOUNT_PRICE,UNIT_PRICE_6,decimal,YES
dbo,DISCOUNT_PRICE,UNIT_PRICE_7,decimal,YES
dbo,DISCOUNT_PRICE,UNIT_PRICE_8,decimal,YES
dbo,DISCOUNT_PRICE,UNIT_PRICE_9,decimal,YES
dbo,DISCOUNT_PRICE,UNIT_PRICE_10,decimal,YES
dbo,DISCOUNT_PRICE,DEFAULT_UNIT_PRICE,decimal,YES
dbo,DISCOUNT_PRICE,SITE_ID,nvarchar,NO
dbo,DISPATCH_PALLET,ROWID,int,NO
dbo,DISPATCH_PALLET,DISPATCH_ID,nvarchar,NO
dbo,DISPATCH_PALLET,DISPATCH_LINE_NO,smallint,NO
dbo,DISPATCH_PALLET,PALLET_ID,nvarchar,NO
dbo,DISPATCH_PALLET,CARTON_COUNT,smallint,NO
dbo,DISPATCH_PALLET,SHIPPING_WEIGHT,decimal,YES
dbo,DISPATCH_PALLET,PACKAGE_TYPE,nvarchar,YES
dbo,DISPATCH_PALLET,QTY_PER_PKG,decimal,YES
dbo,DISPATCH_PALLET,SKID_PART_ID,nvarchar,YES
dbo,DISPATCH_PALLET,SKID_WEIGHT,decimal,YES
dbo,DISPATCH_PALLET,CONTAINER_PART_ID,nvarchar,YES
dbo,DISPATCH_PALLET,CONTAINER_WEIGHT,decimal,YES
dbo,DISPATCH_PALLET,CREATE_INV_TRANS,nchar,YES
dbo,DISTRIBUTION,ROWID,int,NO
dbo,DISTRIBUTION,ID,nvarchar,NO
dbo,DISTRIBUTION,DESCRIPTION,nvarchar,YES
dbo,DISTRIBUTION,STATUS,nvarchar,YES
dbo,DISTRIBUTION_LINE,ROWID,int,NO
dbo,DISTRIBUTION_LINE,DISTRIBUTION_ID,nvarchar,NO
dbo,DISTRIBUTION_LINE,LINE_NO,int,NO
dbo,DISTRIBUTION_LINE,INTERVAL_PERCENT,decimal,YES
dbo,DIVISION,ROWID,int,NO
dbo,DIVISION,CODE,nvarchar,NO
dbo,DIVISION,DESCRIPTION,nvarchar,YES
dbo,DOC_CATEGORY,ROWID,int,NO
dbo,DOC_CATEGORY,ID,nvarchar,NO
dbo,DOC_CATEGORY,DESCRIPTION,nvarchar,YES
dbo,DOCUMENT,ROWID,int,NO
dbo,DOCUMENT,ID,nvarchar,NO
dbo,DOCUMENT,REFERENCE_TYPE,nvarchar,YES
dbo,DOCUMENT,CATEGORY_ID,nvarchar,YES
dbo,DOCUMENT,DESCRIPTION,nvarchar,YES
dbo,DOCUMENT,DOC_FILE_PATH,nvarchar,YES
dbo,DOCUMENT,ECN_REVISION,nchar,YES
dbo,DOCUMENT,REVISION_ID,nvarchar,YES
dbo,DOCUMENT,STAGE_ID,nvarchar,YES
dbo,DOCUMENT,ECN_REV_CONTROL,nchar,YES
dbo,DOCUMENT,USER_1,nvarchar,YES
dbo,DOCUMENT,USER_2,nvarchar,YES
dbo,DOCUMENT,USER_3,nvarchar,YES
dbo,DOCUMENT,USER_4,nvarchar,YES
dbo,DOCUMENT,USER_5,nvarchar,YES
dbo,DOCUMENT,USER_6,nvarchar,YES
dbo,DOCUMENT,USER_7,nvarchar,YES
dbo,DOCUMENT,USER_8,nvarchar,YES
dbo,DOCUMENT,USER_9,nvarchar,YES
dbo,DOCUMENT,USER_10,nvarchar,YES
dbo,DOCUMENT,UDF_LAYOUT_ID,nvarchar,YES
dbo,DOCUMENT,ALLOW_EMAIL,nchar,YES
dbo,DOCUMENT,PATH_TYPE,nchar,NO
dbo,DOCUMENT,SITE_ID,nvarchar,YES
dbo,DOCUMENT_DEFLT_REF_TYPE,ROWID,int,NO
dbo,DOCUMENT_DEFLT_REF_TYPE,SITE_ID,nvarchar,NO
dbo,DOCUMENT_DEFLT_REF_TYPE,DOCUMENT_SRC_TYPE,nchar,NO
dbo,DOCUMENT_DEFLT_REF_TYPE,REFERENCE_TYPE,nvarchar,NO
dbo,DOCUMENT_EML_AUDIT,ROWID,int,NO
dbo,DOCUMENT_EML_AUDIT,DOCUMENT_ID,nvarchar,NO
dbo,DOCUMENT_EML_AUDIT,DOC_FILE_PATH,nvarchar,NO
dbo,DOCUMENT_EML_AUDIT,RECIPIENT_LIST,nvarchar,YES
dbo,DOCUMENT_EML_AUDIT,USER_ID,nvarchar,NO
dbo,DOCUMENT_EML_AUDIT,EMAIL_DATE,datetime,NO
dbo,DOCUMENT_EML_AUDIT,SITE_ID,nvarchar,YES
dbo,DOCUMENT_EML_AUDIT,REL_TYPE,nvarchar,YES
dbo,DOCUMENT_EML_AUDIT,REL_ID,nvarchar,YES
dbo,DOCUMENT_REF_EAC,PROJECT_ID,nvarchar,NO
dbo,DOCUMENT_REF_EAC,EAC_VERSION,nvarchar,NO
dbo,DOCUMENT_REF_EAC,DOCUMENT_ID,nvarchar,NO
dbo,DOCUMENT_REF_EAC,CREATE_DATE,datetime,YES
dbo,DOCUMENT_REF_EAC,ROWID,int,NO
dbo,DOCUMENT_REF_EAC,SITE_ID,nvarchar,YES
dbo,DOCUMENT_REF_PATH,ROWID,int,NO
dbo,DOCUMENT_REF_PATH,SITE_ID,nvarchar,NO
dbo,DOCUMENT_REF_PATH,ID,nvarchar,NO
dbo,DOCUMENT_REF_PATH,REFERENCE_TYPE,nvarchar,NO
dbo,DOCUMENT_REF_PATH,DOC_FILE_PATH,nvarchar,YES
dbo,DOCUMENT_REF_PATH,CREATE_DATE,datetime,NO
dbo,DOCUMENT_REF_WF,ROWID,int,NO
dbo,DOCUMENT_REF_WF,WORKFLOW_TYPE,nvarchar,NO
dbo,DOCUMENT_REF_WF,APPLICATION_AREA,nvarchar,NO
dbo,DOCUMENT_REF_WF,TEMPLATE_NAME,nvarchar,NO
dbo,DOCUMENT_REF_WF,REFERENCE,nvarchar,NO
dbo,DOCUMENT_REF_WF,WORKFLOW_BOX_LABEL,nvarchar,NO
dbo,DOCUMENT_REF_WF,DOCUMENT_ID,nvarchar,NO
dbo,DOCUMENT_REF_WF,SOURCE_TYPE,nchar,YES
dbo,DOCUMENT_REF_WF,CREATE_DATE,datetime,NO
dbo,DOCUMENT_REF_WF,doc_num,int,NO
dbo,DOCUMENT_REF_WO,ROWID,int,NO
dbo,DOCUMENT_REF_WO,WORKORDER_TYPE,nchar,NO
dbo,DOCUMENT_REF_WO,WORKORDER_BASE_ID,nvarchar,NO
dbo,DOCUMENT_REF_WO,WORKORDER_LOT_ID,nvarchar,NO
dbo,DOCUMENT_REF_WO,WORKORDER_SPLIT_ID,nvarchar,NO
dbo,DOCUMENT_REF_WO,WORKORDER_SUB_ID,nvarchar,NO
dbo,DOCUMENT_REF_WO,SEQUENCE_NO,smallint,NO
dbo,DOCUMENT_REF_WO,PIECE_NO,smallint,NO
dbo,DOCUMENT_REF_WO,DOCUMENT_ID,nvarchar,NO
dbo,DOCUMENT_REF_WO,CREATE_DATE,datetime,YES
dbo,DOCUMENT_REF_WO,SITE_ID,nvarchar,YES
dbo,DOCUMENT_REFERENCE,ROWID,int,NO
dbo,DOCUMENT_REFERENCE,ID,nvarchar,NO
dbo,DOCUMENT_REFERENCE,DOCUMENT_ID,nvarchar,NO
dbo,DOCUMENT_REFERENCE,LINE_NO,smallint,NO
dbo,DOCUMENT_REFERENCE,CREATE_DATE,datetime,YES
dbo,DOCUMENT_REFERENCE,SOURCE_TYPE,nchar,NO
dbo,DOCUMENT_REFERENCE,SITE_ID,nvarchar,YES
dbo,DOCUMENT_SITE,ROWID,int,NO
dbo,DOCUMENT_SITE,SITE_ID,nvarchar,NO
dbo,DOCUMENT_SITE,DOCUMENT_ID,nvarchar,NO
dbo,DRILLBACK,ID,nvarchar,NO
dbo,DRILLBACK,PROGRAM_ID,nvarchar,NO
dbo,DRILLBACK,PROGRAM_NAME,nvarchar,YES
dbo,DRILLBACK,ROWID,int,NO
dbo,E_APP_USERS,rowid,int,NO
dbo,E_APP_USERS,name,nvarchar,YES
dbo,E_APP_USERS,sales,nchar,YES
dbo,E_APP_USERS,purchases,nchar,YES
dbo,E_APP_USERS,production,nchar,YES
dbo,E_APP_USERS,financials,nchar,YES
dbo,E_BACKLOG_DET,ROWID,int,NO
dbo,E_BACKLOG_DET,EIS_DATE,datetime,YES
dbo,E_BACKLOG_DET,ORDER_ID,nvarchar,YES
dbo,E_BACKLOG_DET,ORDER_DATE,datetime,YES
dbo,E_BACKLOG_DET,DESIRED_SHIP_DATE,datetime,YES
dbo,E_BACKLOG_DET,CUSTOMER_ID,nvarchar,YES
dbo,E_BACKLOG_DET,NAME,nvarchar,YES
dbo,E_BACKLOG_DET,SALESREP_ID,nvarchar,YES
dbo,E_BACKLOG_DET,TERRITORY,nvarchar,YES
dbo,E_BACKLOG_DET,PO,nvarchar,YES
dbo,E_BACKLOG_DET,LINE_NO,smallint,YES
dbo,E_BACKLOG_DET,PART_ID,nvarchar,YES
dbo,E_BACKLOG_DET,DESCRIPTION,nvarchar,YES
dbo,E_BACKLOG_DET,SHIP_QTY,decimal,YES
dbo,E_BACKLOG_DET,SELLING_UM,nvarchar,YES
dbo,E_BACKLOG_DET,UNIT_PRICE,decimal,YES
dbo,E_BACKLOG_DET,TRADE_DISC_PERCENT,decimal,YES
dbo,E_BACKLOG_DET,TOTAL_VALUE,decimal,YES
dbo,E_BACKLOG_DET,PRODUCT_CODE,nvarchar,YES
dbo,E_BACKLOG_DET,COMMODITY_CODE,nvarchar,YES
dbo,E_BACKLOG_DET,SELL_RATE,decimal,YES
dbo,E_BACKLOG_DET,CURRENCY_ID,nvarchar,YES
dbo,E_BACKLOG_SUM,rowid,int,NO
dbo,E_BACKLOG_SUM,eis_date,datetime,YES
dbo,E_BACKLOG_SUM,doc_qty,decimal,YES
dbo,E_BACKLOG_SUM,line_qty,decimal,YES
dbo,E_BACKLOG_SUM,amount_value,decimal,YES
dbo,E_BOOK_DET,ROWID,int,NO
dbo,E_BOOK_DET,EIS_DATE,datetime,YES
dbo,E_BOOK_DET,ORDER_ID,nvarchar,YES
dbo,E_BOOK_DET,ORDER_DATE,datetime,YES
dbo,E_BOOK_DET,DESIRED_SHIP_DATE,datetime,YES
dbo,E_BOOK_DET,QUOTE_ID,nvarchar,YES
dbo,E_BOOK_DET,CUSTOMER_ID,nvarchar,YES
dbo,E_BOOK_DET,SALESREP_ID,nvarchar,YES
dbo,E_BOOK_DET,TERRITORY,nvarchar,YES
dbo,E_BOOK_DET,NAME,nvarchar,YES
dbo,E_BOOK_DET,LINE_NO,smallint,YES
dbo,E_BOOK_DET,PART_ID,nvarchar,YES
dbo,E_BOOK_DET,DESCRIPTION,nvarchar,YES
dbo,E_BOOK_DET,ORDER_QTY,decimal,YES
dbo,E_BOOK_DET,SELLING_UM,nvarchar,YES
dbo,E_BOOK_DET,UNIT_PRICE,decimal,YES
dbo,E_BOOK_DET,TRADE_DISC_PERCENT,decimal,YES
dbo,E_BOOK_DET,TOTAL_VALUE,decimal,YES
dbo,E_BOOK_DET,PRODUCT_CODE,nvarchar,YES
dbo,E_BOOK_DET,COMMODITY_CODE,nvarchar,YES
dbo,E_BOOK_DET,SELL_RATE,decimal,YES
dbo,E_BOOK_DET,CURRENCY_ID,nvarchar,YES
dbo,E_BOOK_SUM,rowid,int,NO
dbo,E_BOOK_SUM,eis_date,datetime,YES
dbo,E_BOOK_SUM,doc_qty,decimal,YES
dbo,E_BOOK_SUM,line_qty,decimal,YES
dbo,E_BOOK_SUM,amount_value,decimal,YES
dbo,E_CLASS,rowid,int,NO
dbo,E_CLASS,name,nvarchar,YES
dbo,E_CLASS,summary_purge,int,YES
dbo,E_CLASS,detail_purge,int,YES
dbo,E_CUSTSVLV_DET,ROWID,int,NO
dbo,E_CUSTSVLV_DET,EIS_DATE,datetime,YES
dbo,E_CUSTSVLV_DET,ORDER_ID,nvarchar,YES
dbo,E_CUSTSVLV_DET,ORDER_DATE,datetime,YES
dbo,E_CUSTSVLV_DET,DESIRED_SHIP_DATE,datetime,YES
dbo,E_CUSTSVLV_DET,CUSTOMER_ID,nvarchar,YES
dbo,E_CUSTSVLV_DET,NAME,nvarchar,YES
dbo,E_CUSTSVLV_DET,SALESREP_ID,nvarchar,YES
dbo,E_CUSTSVLV_DET,TERRITORY,nvarchar,YES
dbo,E_CUSTSVLV_DET,PO,nvarchar,YES
dbo,E_CUSTSVLV_DET,LINE_NO,smallint,YES
dbo,E_CUSTSVLV_DET,PART_ID,nvarchar,YES
dbo,E_CUSTSVLV_DET,DESCRIPTION,nvarchar,YES
dbo,E_CUSTSVLV_DET,ORDER_QTY,decimal,YES
dbo,E_CUSTSVLV_DET,SELLING_UM,nvarchar,YES
dbo,E_CUSTSVLV_DET,UNIT_PRICE,decimal,YES
dbo,E_CUSTSVLV_DET,TRADE_DISC_PERCENT,decimal,YES
dbo,E_CUSTSVLV_DET,TOTAL_VALUE,decimal,YES
dbo,E_CUSTSVLV_DET,PRODUCT_CODE,nvarchar,YES
dbo,E_CUSTSVLV_DET,COMMODITY_CODE,nvarchar,YES
dbo,E_CUSTSVLV_DET,SHIPPED_ON_TIME,nchar,YES
dbo,E_CUSTSVLV_DET,SELL_RATE,decimal,YES
dbo,E_CUSTSVLV_DET,CURRENCY_ID,nvarchar,YES
dbo,E_CUSTSVLV_SUM,rowid,int,NO
dbo,E_CUSTSVLV_SUM,eis_date,datetime,YES
dbo,E_CUSTSVLV_SUM,doc_qty,decimal,YES
dbo,E_CUSTSVLV_SUM,line_qty,decimal,YES
dbo,E_CUSTSVLV_SUM,amount_value,decimal,YES
dbo,E_ESTIM_DET,ROWID,int,NO
dbo,E_ESTIM_DET,EIS_DATE,datetime,YES
dbo,E_ESTIM_DET,ID,nvarchar,YES
dbo,E_ESTIM_DET,QUOTE_DATE,datetime,YES
dbo,E_ESTIM_DET,CUSTOMER_ID,nvarchar,YES
dbo,E_ESTIM_DET,SALESREP_ID,nvarchar,YES
dbo,E_ESTIM_DET,USER_ID,nvarchar,YES
dbo,E_ESTIM_DET,TERRITORY,nvarchar,YES
dbo,E_ESTIM_DET,NAME,nvarchar,YES
dbo,E_ESTIM_DET,LINE_NO,smallint,YES
dbo,E_ESTIM_DET,PART_ID,nvarchar,YES
dbo,E_ESTIM_DET,DESCRIPTION,nvarchar,YES
dbo,E_ESTIM_DET,QTY,decimal,YES
dbo,E_ESTIM_DET,IN_PROFORMA,nchar,YES
dbo,E_ESTIM_DET,SELLING_UM,nvarchar,YES
dbo,E_ESTIM_DET,UNIT_PRICE,decimal,YES
dbo,E_ESTIM_DET,TRADE_DISC_PERCENT,decimal,YES
dbo,E_ESTIM_DET,TOTAL_VALUE,decimal,YES
dbo,E_ESTIM_DET,PRODUCT_CODE,nvarchar,YES
dbo,E_ESTIM_DET,COMMODITY_CODE,nvarchar,YES
dbo,E_ESTIM_DET,SELL_RATE,decimal,YES
dbo,E_ESTIM_DET,CURRENCY_ID,nvarchar,YES
dbo,E_ESTIM_SUM,rowid,int,NO
dbo,E_ESTIM_SUM,eis_date,datetime,YES
dbo,E_ESTIM_SUM,doc_qty,decimal,YES
dbo,E_ESTIM_SUM,line_qty,decimal,YES
dbo,E_ESTIM_SUM,amount_value,decimal,YES
dbo,E_FACTLOAD_DET,ROWID,int,NO
dbo,E_FACTLOAD_DET,EIS_DATE,datetime,YES
dbo,E_FACTLOAD_DET,RESOURCE_ID,nvarchar,YES
dbo,E_FACTLOAD_DET,UNIT_ASSIGNED,smallint,YES
dbo,E_FACTLOAD_DET,RESOURCE_TYPE,nchar,YES
dbo,E_FACTLOAD_DET,TYPE,nchar,YES
dbo,E_FACTLOAD_DET,BASE_ID,nvarchar,YES
dbo,E_FACTLOAD_DET,LOT_ID,nvarchar,YES
dbo,E_FACTLOAD_DET,SPLIT_ID,nvarchar,YES
dbo,E_FACTLOAD_DET,SUB_ID,nvarchar,YES
dbo,E_FACTLOAD_DET,SEQ_NO,smallint,YES
dbo,E_FACTLOAD_DET,STATUS,nchar,YES
dbo,E_FACTLOAD_DET,PART_ID,nvarchar,YES
dbo,E_FACTLOAD_DET,DESCRIPTION,nvarchar,YES
dbo,E_FACTLOAD_DET,DESIRED_QTY,decimal,YES
dbo,E_FACTLOAD_DET,PRODUCT_CODE,nvarchar,YES
dbo,E_FACTLOAD_DET,COMMODITY_CODE,nvarchar,YES
dbo,E_FACTLOAD_DET,TOTAL_VALUE,decimal,YES
dbo,E_FACTLOAD_DET,SCHED_START_DATE,datetime,YES
dbo,E_FACTLOAD_DET,SCHED_FINISH_DATE,datetime,YES
dbo,E_FACTLOAD_DET,SETUP_HOURS,decimal,YES
dbo,E_FACTLOAD_DET,RUN_HOURS,decimal,YES
dbo,E_FACTLOAD_DET,ACT_SETUP_HOURS,decimal,YES
dbo,E_FACTLOAD_DET,ACT_RUN_HOURS,decimal,YES
dbo,E_FACTLOAD_DET,CAPACITY,decimal,YES
dbo,E_FACTLOAD_DET,LOAD,decimal,YES
dbo,E_FACTLOAD_SUM,rowid,int,NO
dbo,E_FACTLOAD_SUM,eis_date,datetime,YES
dbo,E_FACTLOAD_SUM,doc_qty,decimal,YES
dbo,E_FACTLOAD_SUM,line_qty,decimal,YES
dbo,E_FACTLOAD_SUM,amount_value,decimal,YES
dbo,E_GLOBAL,rowid,int,NO
dbo,E_GLOBAL,last_build_date,datetime,YES
dbo,E_GLOBAL,auto_build,nchar,YES
dbo,E_GLOBAL,auto_build_date,datetime,YES
dbo,E_GLOBAL,version,int,YES
dbo,E_JOBCOMP_DET,ROWID,int,NO
dbo,E_JOBCOMP_DET,EIS_DATE,datetime,YES
dbo,E_JOBCOMP_DET,TYPE,nchar,YES
dbo,E_JOBCOMP_DET,BASE_ID,nvarchar,YES
dbo,E_JOBCOMP_DET,LOT_ID,nvarchar,YES
dbo,E_JOBCOMP_DET,SPLIT_ID,nvarchar,YES
dbo,E_JOBCOMP_DET,STATUS,nchar,YES
dbo,E_JOBCOMP_DET,PART_ID,nvarchar,YES
dbo,E_JOBCOMP_DET,DESCRIPTION,nvarchar,YES
dbo,E_JOBCOMP_DET,DESIRED_QTY,decimal,YES
dbo,E_JOBCOMP_DET,PRODUCT_CODE,nvarchar,YES
dbo,E_JOBCOMP_DET,COMMODITY_CODE,nvarchar,YES
dbo,E_JOBCOMP_DET,TOTAL_VALUE,decimal,YES
dbo,E_JOBCOMP_DET,CREATE_DATE,datetime,YES
dbo,E_JOBCOMP_DET,DESIRED_RLS_DATE,datetime,YES
dbo,E_JOBCOMP_DET,DESIRED_WANT_DATE,datetime,YES
dbo,E_JOBCOMP_DET,SCHED_START_DATE,datetime,YES
dbo,E_JOBCOMP_DET,SCHED_FINISH_DATE,datetime,YES
dbo,E_JOBCOMP_DET,COMPLETE_DATE,datetime,YES
dbo,E_JOBCOMP_SUM,rowid,int,NO
dbo,E_JOBCOMP_SUM,eis_date,datetime,YES
dbo,E_JOBCOMP_SUM,doc_qty,decimal,YES
dbo,E_JOBCOMP_SUM,line_qty,decimal,YES
dbo,E_JOBCOMP_SUM,amount_value,decimal,YES
dbo,E_JOBSTARTS_DET,ROWID,int,NO
dbo,E_JOBSTARTS_DET,EIS_DATE,datetime,YES
dbo,E_JOBSTARTS_DET,TYPE,nchar,YES
dbo,E_JOBSTARTS_DET,BASE_ID,nvarchar,YES
dbo,E_JOBSTARTS_DET,LOT_ID,nvarchar,YES
dbo,E_JOBSTARTS_DET,SPLIT_ID,nvarchar,YES
dbo,E_JOBSTARTS_DET,STATUS,nchar,YES
dbo,E_JOBSTARTS_DET,PART_ID,nvarchar,YES
dbo,E_JOBSTARTS_DET,DESCRIPTION,nvarchar,YES
dbo,E_JOBSTARTS_DET,DESIRED_QTY,decimal,YES
dbo,E_JOBSTARTS_DET,PRODUCT_CODE,nvarchar,YES
dbo,E_JOBSTARTS_DET,COMMODITY_CODE,nvarchar,YES
dbo,E_JOBSTARTS_DET,TOTAL_VALUE,decimal,YES
dbo,E_JOBSTARTS_DET,CREATE_DATE,datetime,YES
dbo,E_JOBSTARTS_DET,DESIRED_RLS_DATE,datetime,YES
dbo,E_JOBSTARTS_DET,DESIRED_WANT_DATE,datetime,YES
dbo,E_JOBSTARTS_DET,SCHED_START_DATE,datetime,YES
dbo,E_JOBSTARTS_DET,SCHED_FINISH_DATE,datetime,YES
dbo,E_JOBSTARTS_DET,ACTUAL_RLS_DATE,datetime,YES
dbo,E_JOBSTARTS_SUM,rowid,int,NO
dbo,E_JOBSTARTS_SUM,eis_date,datetime,YES
dbo,E_JOBSTARTS_SUM,doc_qty,decimal,YES
dbo,E_JOBSTARTS_SUM,line_qty,decimal,YES
dbo,E_JOBSTARTS_SUM,amount_value,decimal,YES
dbo,E_LATE_DET,ROWID,int,NO
dbo,E_LATE_DET,EIS_DATE,datetime,YES
dbo,E_LATE_DET,ORDER_ID,nvarchar,YES
dbo,E_LATE_DET,ORDER_DATE,datetime,YES
dbo,E_LATE_DET,DESIRED_SHIP_DATE,datetime,YES
dbo,E_LATE_DET,CUSTOMER_ID,nvarchar,YES
dbo,E_LATE_DET,NAME,nvarchar,YES
dbo,E_LATE_DET,SALESREP_ID,nvarchar,YES
dbo,E_LATE_DET,TERRITORY,nvarchar,YES
dbo,E_LATE_DET,PO,nvarchar,YES
dbo,E_LATE_DET,LINE_NO,smallint,YES
dbo,E_LATE_DET,PART_ID,nvarchar,YES
dbo,E_LATE_DET,DESCRIPTION,nvarchar,YES
dbo,E_LATE_DET,SHIP_QTY,decimal,YES
dbo,E_LATE_DET,SELLING_UM,nvarchar,YES
dbo,E_LATE_DET,UNIT_PRICE,decimal,YES
dbo,E_LATE_DET,TRADE_DISC_PERCENT,decimal,YES
dbo,E_LATE_DET,TOTAL_VALUE,decimal,YES
dbo,E_LATE_DET,PRODUCT_CODE,nvarchar,YES
dbo,E_LATE_DET,COMMODITY_CODE,nvarchar,YES
dbo,E_LATE_DET,SELL_RATE,decimal,YES
dbo,E_LATE_DET,CURRENCY_ID,nvarchar,YES
dbo,E_LATE_SUM,rowid,int,NO
dbo,E_LATE_SUM,eis_date,datetime,YES
dbo,E_LATE_SUM,doc_qty,decimal,YES
dbo,E_LATE_SUM,line_qty,decimal,YES
dbo,E_LATE_SUM,amount_value,decimal,YES
dbo,E_LATEJOB_DET,ROWID,int,NO
dbo,E_LATEJOB_DET,EIS_DATE,datetime,YES
dbo,E_LATEJOB_DET,TYPE,nchar,YES
dbo,E_LATEJOB_DET,BASE_ID,nvarchar,YES
dbo,E_LATEJOB_DET,LOT_ID,nvarchar,YES
dbo,E_LATEJOB_DET,SPLIT_ID,nvarchar,YES
dbo,E_LATEJOB_DET,STATUS,nchar,YES
dbo,E_LATEJOB_DET,PART_ID,nvarchar,YES
dbo,E_LATEJOB_DET,DESCRIPTION,nvarchar,YES
dbo,E_LATEJOB_DET,DUE_QTY,decimal,YES
dbo,E_LATEJOB_DET,PRODUCT_CODE,nvarchar,YES
dbo,E_LATEJOB_DET,COMMODITY_CODE,nvarchar,YES
dbo,E_LATEJOB_DET,TOTAL_VALUE,decimal,YES
dbo,E_LATEJOB_DET,CREATE_DATE,datetime,YES
dbo,E_LATEJOB_DET,DESIRED_RLS_DATE,datetime,YES
dbo,E_LATEJOB_DET,DESIRED_WANT_DATE,datetime,YES
dbo,E_LATEJOB_DET,SCHED_START_DATE,datetime,YES
dbo,E_LATEJOB_DET,SCHED_FINISH_DATE,datetime,YES
dbo,E_LATEJOB_SUM,rowid,int,NO
dbo,E_LATEJOB_SUM,eis_date,datetime,YES
dbo,E_LATEJOB_SUM,doc_qty,decimal,YES
dbo,E_LATEJOB_SUM,line_qty,decimal,YES
dbo,E_LATEJOB_SUM,amount_value,decimal,YES
dbo,E_OPENJOB_DET,ROWID,int,NO
dbo,E_OPENJOB_DET,EIS_DATE,datetime,YES
dbo,E_OPENJOB_DET,TYPE,nchar,YES
dbo,E_OPENJOB_DET,BASE_ID,nvarchar,YES
dbo,E_OPENJOB_DET,LOT_ID,nvarchar,YES
dbo,E_OPENJOB_DET,SPLIT_ID,nvarchar,YES
dbo,E_OPENJOB_DET,STATUS,nchar,YES
dbo,E_OPENJOB_DET,PART_ID,nvarchar,YES
dbo,E_OPENJOB_DET,DESCRIPTION,nvarchar,YES
dbo,E_OPENJOB_DET,DESIRED_QTY,decimal,YES
dbo,E_OPENJOB_DET,PRODUCT_CODE,nvarchar,YES
dbo,E_OPENJOB_DET,COMMODITY_CODE,nvarchar,YES
dbo,E_OPENJOB_DET,TOTAL_VALUE,decimal,YES
dbo,E_OPENJOB_DET,CREATE_DATE,datetime,YES
dbo,E_OPENJOB_DET,DESIRED_RLS_DATE,datetime,YES
dbo,E_OPENJOB_DET,DESIRED_WANT_DATE,datetime,YES
dbo,E_OPENJOB_DET,SCHED_START_DATE,datetime,YES
dbo,E_OPENJOB_DET,SCHED_FINISH_DATE,datetime,YES
dbo,E_OPENJOB_SUM,rowid,int,NO
dbo,E_OPENJOB_SUM,eis_date,datetime,YES
dbo,E_OPENJOB_SUM,doc_qty,decimal,YES
dbo,E_OPENJOB_SUM,line_qty,decimal,YES
dbo,E_OPENJOB_SUM,amount_value,decimal,YES
dbo,E_OPENOPS_DET,EIS_DATE,datetime,YES
dbo,E_OPENOPS_DET,TYPE,nchar,YES
dbo,E_OPENOPS_DET,BASE_ID,nvarchar,YES
dbo,E_OPENOPS_DET,LOT_ID,nvarchar,YES
dbo,E_OPENOPS_DET,SPLIT_ID,nvarchar,YES
dbo,E_OPENOPS_DET,SUB_ID,nvarchar,YES
dbo,E_OPENOPS_DET,SEQ_NO,smallint,YES
dbo,E_OPENOPS_DET,STATUS,nchar,YES
dbo,E_OPENOPS_DET,PART_ID,nvarchar,YES
dbo,E_OPENOPS_DET,DESCRIPTION,nvarchar,YES
dbo,E_OPENOPS_DET,DESIRED_QTY,decimal,YES
dbo,E_OPENOPS_DET,PRODUCT_CODE,nvarchar,YES
dbo,E_OPENOPS_DET,COMMODITY_CODE,nvarchar,YES
dbo,E_OPENOPS_DET,TOTAL_VALUE,decimal,YES
dbo,E_OPENOPS_DET,SCHED_START_DATE,datetime,YES
dbo,E_OPENOPS_DET,SCHED_FINISH_DATE,datetime,YES
dbo,E_OPENOPS_DET,RESOURCE_ID,nvarchar,YES
dbo,E_OPENOPS_DET,RESOURCE_TYPE,nchar,YES
dbo,E_OPENOPS_DET,SETUP_HOURS,decimal,YES
dbo,E_OPENOPS_DET,RUN_HOURS,decimal,YES
dbo,E_OPENOPS_DET,ACT_SETUP_HOURS,decimal,YES
dbo,E_OPENOPS_DET,ACT_RUN_HOURS,decimal,YES
dbo,E_OPENOPS_SUM,rowid,int,NO
dbo,E_OPENOPS_SUM,eis_date,datetime,YES
dbo,E_OPENOPS_SUM,doc_qty,decimal,YES
dbo,E_OPENOPS_SUM,line_qty,decimal,YES
dbo,E_OPENOPS_SUM,amount_value,decimal,YES
dbo,E_OPSCOMPL_DET,ROWID,int,NO
dbo,E_OPSCOMPL_DET,EIS_DATE,datetime,YES
dbo,E_OPSCOMPL_DET,TYPE,nchar,YES
dbo,E_OPSCOMPL_DET,BASE_ID,nvarchar,YES
dbo,E_OPSCOMPL_DET,LOT_ID,nvarchar,YES
dbo,E_OPSCOMPL_DET,SPLIT_ID,nvarchar,YES
dbo,E_OPSCOMPL_DET,SUB_ID,nvarchar,YES
dbo,E_OPSCOMPL_DET,SEQ_NO,smallint,YES
dbo,E_OPSCOMPL_DET,STATUS,nchar,YES
dbo,E_OPSCOMPL_DET,PART_ID,nvarchar,YES
dbo,E_OPSCOMPL_DET,DESCRIPTION,nvarchar,YES
dbo,E_OPSCOMPL_DET,DESIRED_QTY,decimal,YES
dbo,E_OPSCOMPL_DET,PRODUCT_CODE,nvarchar,YES
dbo,E_OPSCOMPL_DET,COMMODITY_CODE,nvarchar,YES
dbo,E_OPSCOMPL_DET,TOTAL_VALUE,decimal,YES
dbo,E_OPSCOMPL_DET,SCHED_START_DATE,datetime,YES
dbo,E_OPSCOMPL_DET,SCHED_FINISH_DATE,datetime,YES
dbo,E_OPSCOMPL_DET,RESOURCE_ID,nvarchar,YES
dbo,E_OPSCOMPL_DET,RESOURCE_TYPE,nchar,YES
dbo,E_OPSCOMPL_DET,SETUP_HOURS,decimal,YES
dbo,E_OPSCOMPL_DET,RUN_HOURS,decimal,YES
dbo,E_OPSCOMPL_DET,ACT_SETUP_HOURS,decimal,YES
dbo,E_OPSCOMPL_DET,ACT_RUN_HOURS,decimal,YES
dbo,E_OPSCOMPL_SUM,rowid,int,NO
dbo,E_OPSCOMPL_SUM,eis_date,datetime,YES
dbo,E_OPSCOMPL_SUM,doc_qty,decimal,YES
dbo,E_OPSCOMPL_SUM,line_qty,decimal,YES
dbo,E_OPSCOMPL_SUM,amount_value,decimal,YES
dbo,E_OPSSTARTS_DET,ROWID,int,NO
dbo,E_OPSSTARTS_DET,EIS_DATE,datetime,YES
dbo,E_OPSSTARTS_DET,TYPE,nchar,YES
dbo,E_OPSSTARTS_DET,BASE_ID,nvarchar,YES
dbo,E_OPSSTARTS_DET,LOT_ID,nvarchar,YES
dbo,E_OPSSTARTS_DET,SPLIT_ID,nvarchar,YES
dbo,E_OPSSTARTS_DET,SUB_ID,nvarchar,YES
dbo,E_OPSSTARTS_DET,SEQ_NO,smallint,YES
dbo,E_OPSSTARTS_DET,STATUS,nchar,YES
dbo,E_OPSSTARTS_DET,PART_ID,nvarchar,YES
dbo,E_OPSSTARTS_DET,DESCRIPTION,nvarchar,YES
dbo,E_OPSSTARTS_DET,DESIRED_QTY,decimal,YES
dbo,E_OPSSTARTS_DET,PRODUCT_CODE,nvarchar,YES
dbo,E_OPSSTARTS_DET,COMMODITY_CODE,nvarchar,YES
dbo,E_OPSSTARTS_DET,TOTAL_VALUE,decimal,YES
dbo,E_OPSSTARTS_DET,SCHED_START_DATE,datetime,YES
dbo,E_OPSSTARTS_DET,SCHED_FINISH_DATE,datetime,YES
dbo,E_OPSSTARTS_DET,RESOURCE_ID,nvarchar,YES
dbo,E_OPSSTARTS_DET,RESOURCE_TYPE,nchar,YES
dbo,E_OPSSTARTS_DET,SETUP_HOURS,decimal,YES
dbo,E_OPSSTARTS_DET,RUN_HOURS,decimal,YES
dbo,E_OPSSTARTS_SUM,rowid,int,NO
dbo,E_OPSSTARTS_SUM,eis_date,datetime,YES
dbo,E_OPSSTARTS_SUM,doc_qty,decimal,YES
dbo,E_OPSSTARTS_SUM,line_qty,decimal,YES
dbo,E_OPSSTARTS_SUM,amount_value,decimal,YES
dbo,E_OPSSVLV_DET,EIS_DATE,datetime,YES
dbo,E_OPSSVLV_DET,TYPE,nchar,YES
dbo,E_OPSSVLV_DET,BASE_ID,nvarchar,YES
dbo,E_OPSSVLV_DET,LOT_ID,nvarchar,YES
dbo,E_OPSSVLV_DET,SPLIT_ID,nvarchar,YES
dbo,E_OPSSVLV_DET,SUB_ID,nvarchar,YES
dbo,E_OPSSVLV_DET,SEQ_NO,smallint,YES
dbo,E_OPSSVLV_DET,STATUS,nchar,YES
dbo,E_OPSSVLV_DET,PART_ID,nvarchar,YES
dbo,E_OPSSVLV_DET,DESCRIPTION,nvarchar,YES
dbo,E_OPSSVLV_DET,DESIRED_QTY,decimal,YES
dbo,E_OPSSVLV_DET,PRODUCT_CODE,nvarchar,YES
dbo,E_OPSSVLV_DET,COMMODITY_CODE,nvarchar,YES
dbo,E_OPSSVLV_DET,TOTAL_VALUE,decimal,YES
dbo,E_OPSSVLV_DET,SCHED_START_DATE,datetime,YES
dbo,E_OPSSVLV_DET,SCHED_FINISH_DATE,datetime,YES
dbo,E_OPSSVLV_DET,COMPLETED_DATE,datetime,YES
dbo,E_OPSSVLV_DET,RESOURCE_ID,nvarchar,YES
dbo,E_OPSSVLV_DET,RESOURCE_TYPE,nchar,YES
dbo,E_OPSSVLV_DET,SETUP_HOURS,decimal,YES
dbo,E_OPSSVLV_DET,RUN_HOURS,decimal,YES
dbo,E_OPSSVLV_DET,ACT_SETUP_HOURS,decimal,YES
dbo,E_OPSSVLV_DET,ACT_RUN_HOURS,decimal,YES
dbo,E_OPSSVLV_DET,STARTED_ON_TIME,nchar,YES
dbo,E_OPSSVLV_SUM,rowid,int,NO
dbo,E_OPSSVLV_SUM,eis_date,datetime,YES
dbo,E_OPSSVLV_SUM,doc_qty,decimal,YES
dbo,E_OPSSVLV_SUM,line_qty,decimal,YES
dbo,E_OPSSVLV_SUM,amount_value,decimal,YES
dbo,E_PAYABLE_DET,ROWID,int,NO
dbo,E_PAYABLE_DET,EIS_DATE,datetime,YES
dbo,E_PAYABLE_DET,VOUCHER_ID,nvarchar,YES
dbo,E_PAYABLE_DET,VENDOR_ID,nvarchar,YES
dbo,E_PAYABLE_DET,VENDOR_NAME,nvarchar,YES
dbo,E_PAYABLE_DET,INVOICE_ID,nvarchar,YES
dbo,E_PAYABLE_DET,ENTITY_ID,nvarchar,YES
dbo,E_PAYABLE_DET,INVOICE_DATE,datetime,YES
dbo,E_PAYABLE_DET,PAYMENT_DATE,datetime,YES
dbo,E_PAYABLE_DET,TOTAL_VALUE,decimal,YES
dbo,E_PAYABLE_DET,AGE,int,YES
dbo,E_PAYABLE_DET,SELL_RATE,decimal,YES
dbo,E_PAYABLE_DET,CURRENCY_ID,nvarchar,YES
dbo,E_PAYABLE_SUM,rowid,int,NO
dbo,E_PAYABLE_SUM,eis_date,datetime,YES
dbo,E_PAYABLE_SUM,doc_qty,decimal,YES
dbo,E_PAYABLE_SUM,line_qty,decimal,YES
dbo,E_PAYABLE_SUM,amount_value,decimal,YES
dbo,E_PAYB_INV_DET,ROWID,int,NO
dbo,E_PAYB_INV_DET,EIS_DATE,datetime,YES
dbo,E_PAYB_INV_DET,VOUCHER_ID,nvarchar,YES
dbo,E_PAYB_INV_DET,VENDOR_ID,nvarchar,YES
dbo,E_PAYB_INV_DET,VENDOR_NAME,nvarchar,YES
dbo,E_PAYB_INV_DET,INVOICE_ID,nvarchar,YES
dbo,E_PAYB_INV_DET,ENTITY_ID,nvarchar,YES
dbo,E_PAYB_INV_DET,INVOICE_DATE,datetime,YES
dbo,E_PAYB_INV_DET,PAYMENT_DATE,datetime,YES
dbo,E_PAYB_INV_DET,TOTAL_VALUE,decimal,YES
dbo,E_PAYB_INV_DET,SELL_RATE,decimal,YES
dbo,E_PAYB_INV_DET,CURRENCY_ID,nvarchar,YES
dbo,E_PAYB_INV_SUM,rowid,int,NO
dbo,E_PAYB_INV_SUM,eis_date,datetime,YES
dbo,E_PAYB_INV_SUM,doc_qty,decimal,YES
dbo,E_PAYB_INV_SUM,line_qty,decimal,YES
dbo,E_PAYB_INV_SUM,amount_value,decimal,YES
dbo,E_PAYB_NEW_DET,EIS_DATE,datetime,YES
dbo,E_PAYB_NEW_DET,VOUCHER_ID,nvarchar,YES
dbo,E_PAYB_NEW_DET,VENDOR_ID,nvarchar,YES
dbo,E_PAYB_NEW_DET,VENDOR_NAME,nvarchar,YES
dbo,E_PAYB_NEW_DET,INVOICE_ID,nvarchar,YES
dbo,E_PAYB_NEW_DET,ENTITY_ID,nvarchar,YES
dbo,E_PAYB_NEW_DET,INVOICE_DATE,datetime,YES
dbo,E_PAYB_NEW_DET,PAYMENT_DATE,datetime,YES
dbo,E_PAYB_NEW_DET,TOTAL_VALUE,decimal,YES
dbo,E_PAYB_NEW_DET,SELL_RATE,decimal,YES
dbo,E_PAYB_NEW_DET,CURRENCY_ID,nvarchar,YES
dbo,E_PAYB_NEW_SUM,rowid,int,NO
dbo,E_PAYB_NEW_SUM,eis_date,datetime,YES
dbo,E_PAYB_NEW_SUM,doc_qty,decimal,YES
dbo,E_PAYB_NEW_SUM,line_qty,decimal,YES
dbo,E_PAYB_NEW_SUM,amount_value,decimal,YES
dbo,E_PROFORMA_DET,ROWID,int,NO
dbo,E_PROFORMA_DET,EIS_DATE,datetime,YES
dbo,E_PROFORMA_DET,ID,nvarchar,YES
dbo,E_PROFORMA_DET,QUOTE_DATE,datetime,YES
dbo,E_PROFORMA_DET,CUSTOMER_ID,nvarchar,YES
dbo,E_PROFORMA_DET,SALESREP_ID,nvarchar,YES
dbo,E_PROFORMA_DET,USER_ID,nvarchar,YES
dbo,E_PROFORMA_DET,TERRITORY,nvarchar,YES
dbo,E_PROFORMA_DET,NAME,nvarchar,YES
dbo,E_PROFORMA_DET,LINE_NO,smallint,YES
dbo,E_PROFORMA_DET,PART_ID,nvarchar,YES
dbo,E_PROFORMA_DET,DESCRIPTION,nvarchar,YES
dbo,E_PROFORMA_DET,QTY,decimal,YES
dbo,E_PROFORMA_DET,SELLING_UM,nvarchar,YES
dbo,E_PROFORMA_DET,UNIT_PRICE,decimal,YES
dbo,E_PROFORMA_DET,TRADE_DISC_PERCENT,decimal,YES
dbo,E_PROFORMA_DET,TOTAL_VALUE,decimal,YES
dbo,E_PROFORMA_DET,PRODUCT_CODE,nvarchar,YES
dbo,E_PROFORMA_DET,COMMODITY_CODE,nvarchar,YES
dbo,E_PROFORMA_DET,SELL_RATE,decimal,YES
dbo,E_PROFORMA_DET,CURRENCY_ID,nvarchar,YES
dbo,E_PROFORMA_SUM,rowid,int,NO
dbo,E_PROFORMA_SUM,eis_date,datetime,YES
dbo,E_PROFORMA_SUM,doc_qty,decimal,YES
dbo,E_PROFORMA_SUM,line_qty,decimal,YES
dbo,E_PROFORMA_SUM,amount_value,decimal,YES
dbo,E_PURCBACK_DET,ROWID,int,NO
dbo,E_PURCBACK_DET,EIS_DATE,datetime,YES
dbo,E_PURCBACK_DET,ID,nvarchar,YES
dbo,E_PURCBACK_DET,ORDER_DATE,datetime,YES
dbo,E_PURCBACK_DET,DESIRED_RECV_DATE,datetime,YES
dbo,E_PURCBACK_DET,STATUS,nchar,YES
dbo,E_PURCBACK_DET,VENDOR_ID,nvarchar,YES
dbo,E_PURCBACK_DET,VENDOR_NAME,nvarchar,YES
dbo,E_PURCBACK_DET,BUYER,nvarchar,YES
dbo,E_PURCBACK_DET,LINE_NO,smallint,YES
dbo,E_PURCBACK_DET,PART_ID,nvarchar,YES
dbo,E_PURCBACK_DET,DESCRIPTION,nvarchar,YES
dbo,E_PURCBACK_DET,USER_ORDER_QTY,decimal,YES
dbo,E_PURCBACK_DET,REMAINING_QTY,decimal,YES
dbo,E_PURCBACK_DET,PURCHASE_UM,nvarchar,YES
dbo,E_PURCBACK_DET,UNIT_PRICE,decimal,YES
dbo,E_PURCBACK_DET,TRADE_DISC_PERCENT,decimal,YES
dbo,E_PURCBACK_DET,TOTAL_VALUE,decimal,YES
dbo,E_PURCBACK_DET,PRODUCT_CODE,nvarchar,YES
dbo,E_PURCBACK_DET,COMMODITY_CODE,nvarchar,YES
dbo,E_PURCBACK_DET,SELL_RATE,decimal,YES
dbo,E_PURCBACK_DET,CURRENCY_ID,nvarchar,YES
dbo,E_PURCBACK_SUM,rowid,int,NO
dbo,E_PURCBACK_SUM,eis_date,datetime,YES
dbo,E_PURCBACK_SUM,doc_qty,decimal,YES
dbo,E_PURCBACK_SUM,line_qty,decimal,YES
dbo,E_PURCBACK_SUM,amount_value,decimal,YES
dbo,E_PURCLATE_DET,ROWID,int,NO
dbo,E_PURCLATE_DET,EIS_DATE,datetime,YES
dbo,E_PURCLATE_DET,ID,nvarchar,YES
dbo,E_PURCLATE_DET,ORDER_DATE,datetime,YES
dbo,E_PURCLATE_DET,DESIRED_RECV_DATE,datetime,YES
dbo,E_PURCLATE_DET,STATUS,nchar,YES
dbo,E_PURCLATE_DET,VENDOR_ID,nvarchar,YES
dbo,E_PURCLATE_DET,VENDOR_NAME,nvarchar,YES
dbo,E_PURCLATE_DET,BUYER,nvarchar,YES
dbo,E_PURCLATE_DET,LINE_NO,smallint,YES
dbo,E_PURCLATE_DET,PART_ID,nvarchar,YES
dbo,E_PURCLATE_DET,DESCRIPTION,nvarchar,YES
dbo,E_PURCLATE_DET,USER_ORDER_QTY,decimal,YES
dbo,E_PURCLATE_DET,PURCHASE_UM,nvarchar,YES
dbo,E_PURCLATE_DET,UNIT_PRICE,decimal,YES
dbo,E_PURCLATE_DET,TRADE_DISC_PERCENT,decimal,YES
dbo,E_PURCLATE_DET,TOTAL_VALUE,decimal,YES
dbo,E_PURCLATE_DET,PRODUCT_CODE,nvarchar,YES
dbo,E_PURCLATE_DET,COMMODITY_CODE,nvarchar,YES
dbo,E_PURCLATE_DET,SELL_RATE,decimal,YES
dbo,E_PURCLATE_DET,CURRENCY_ID,nvarchar,YES
dbo,E_PURCLATE_SUM,rowid,int,NO
dbo,E_PURCLATE_SUM,eis_date,datetime,YES
dbo,E_PURCLATE_SUM,doc_qty,decimal,YES
dbo,E_PURCLATE_SUM,line_qty,decimal,YES
dbo,E_PURCLATE_SUM,amount_value,decimal,YES
dbo,E_PURCOPEN_DET,ROWID,int,NO
dbo,E_PURCOPEN_DET,EIS_DATE,datetime,YES
dbo,E_PURCOPEN_DET,ID,nvarchar,YES
dbo,E_PURCOPEN_DET,ORDER_DATE,datetime,YES
dbo,E_PURCOPEN_DET,DESIRED_RECV_DATE,datetime,YES
dbo,E_PURCOPEN_DET,STATUS,nchar,YES
dbo,E_PURCOPEN_DET,VENDOR_ID,nvarchar,YES
dbo,E_PURCOPEN_DET,VENDOR_NAME,nvarchar,YES
dbo,E_PURCOPEN_DET,BUYER,nvarchar,YES
dbo,E_PURCOPEN_DET,LINE_NO,smallint,YES
dbo,E_PURCOPEN_DET,PART_ID,nvarchar,YES
dbo,E_PURCOPEN_DET,DESCRIPTION,nvarchar,YES
dbo,E_PURCOPEN_DET,USER_ORDER_QTY,decimal,YES
dbo,E_PURCOPEN_DET,REMAINING_QTY,decimal,YES
dbo,E_PURCOPEN_DET,PURCHASE_UM,nvarchar,YES
dbo,E_PURCOPEN_DET,UNIT_PRICE,decimal,YES
dbo,E_PURCOPEN_DET,TRADE_DISC_PERCENT,decimal,YES
dbo,E_PURCOPEN_DET,TOTAL_VALUE,decimal,YES
dbo,E_PURCOPEN_DET,PRODUCT_CODE,nvarchar,YES
dbo,E_PURCOPEN_DET,COMMODITY_CODE,nvarchar,YES
dbo,E_PURCOPEN_DET,SELL_RATE,decimal,YES
dbo,E_PURCOPEN_DET,CURRENCY_ID,nvarchar,YES
dbo,E_PURCOPEN_SUM,rowid,int,NO
dbo,E_PURCOPEN_SUM,eis_date,datetime,YES
dbo,E_PURCOPEN_SUM,doc_qty,decimal,YES
dbo,E_PURCOPEN_SUM,line_qty,decimal,YES
dbo,E_PURCOPEN_SUM,amount_value,decimal,YES
dbo,E_PURCORD_DET,ROWID,int,NO
dbo,E_PURCORD_DET,EIS_DATE,datetime,YES
dbo,E_PURCORD_DET,ID,nvarchar,YES
dbo,E_PURCORD_DET,ORDER_DATE,datetime,YES
dbo,E_PURCORD_DET,DESIRED_RECV_DATE,datetime,YES
dbo,E_PURCORD_DET,STATUS,nchar,YES
dbo,E_PURCORD_DET,VENDOR_ID,nvarchar,YES
dbo,E_PURCORD_DET,VENDOR_NAME,nvarchar,YES
dbo,E_PURCORD_DET,BUYER,nvarchar,YES
dbo,E_PURCORD_DET,LINE_NO,smallint,YES
dbo,E_PURCORD_DET,PART_ID,nvarchar,YES
dbo,E_PURCORD_DET,DESCRIPTION,nvarchar,YES
dbo,E_PURCORD_DET,USER_ORDER_QTY,decimal,YES
dbo,E_PURCORD_DET,PURCHASE_UM,nvarchar,YES
dbo,E_PURCORD_DET,UNIT_PRICE,decimal,YES
dbo,E_PURCORD_DET,TRADE_DISC_PERCENT,decimal,YES
dbo,E_PURCORD_DET,TOTAL_VALUE,decimal,YES
dbo,E_PURCORD_DET,PRODUCT_CODE,nvarchar,YES
dbo,E_PURCORD_DET,COMMODITY_CODE,nvarchar,YES
dbo,E_PURCORD_DET,SELL_RATE,decimal,YES
dbo,E_PURCORD_DET,CURRENCY_ID,nvarchar,YES
dbo,E_PURCORD_SUM,rowid,int,NO
dbo,E_PURCORD_SUM,eis_date,datetime,YES
dbo,E_PURCORD_SUM,doc_qty,decimal,YES
dbo,E_PURCORD_SUM,line_qty,decimal,YES
dbo,E_PURCORD_SUM,amount_value,decimal,YES
dbo,E_PURCRECV_DET,ROWID,int,NO
dbo,E_PURCRECV_DET,EIS_DATE,datetime,YES
dbo,E_PURCRECV_DET,ID,nvarchar,YES
dbo,E_PURCRECV_DET,ORDER_DATE,datetime,YES
dbo,E_PURCRECV_DET,DESIRED_RECV_DATE,datetime,YES
dbo,E_PURCRECV_DET,STATUS,nchar,YES
dbo,E_PURCRECV_DET,VENDOR_ID,nvarchar,YES
dbo,E_PURCRECV_DET,VENDOR_NAME,nvarchar,YES
dbo,E_PURCRECV_DET,BUYER,nvarchar,YES
dbo,E_PURCRECV_DET,LINE_NO,smallint,YES
dbo,E_PURCRECV_DET,PART_ID,nvarchar,YES
dbo,E_PURCRECV_DET,DESCRIPTION,nvarchar,YES
dbo,E_PURCRECV_DET,USER_ORDER_QTY,decimal,YES
dbo,E_PURCRECV_DET,PURCHASE_UM,nvarchar,YES
dbo,E_PURCRECV_DET,UNIT_PRICE,decimal,YES
dbo,E_PURCRECV_DET,TRADE_DISC_PERCENT,decimal,YES
dbo,E_PURCRECV_DET,TOTAL_AMT_RECEIVED,decimal,YES
dbo,E_PURCRECV_DET,PRODUCT_CODE,nvarchar,YES
dbo,E_PURCRECV_DET,COMMODITY_CODE,nvarchar,YES
dbo,E_PURCRECV_DET,RECEIVED_DATE,datetime,YES
dbo,E_PURCRECV_DET,THIS_REC_QTY,decimal,YES
dbo,E_PURCRECV_DET,TODATE_REC_QTY,decimal,YES
dbo,E_PURCRECV_DET,SELL_RATE,decimal,YES
dbo,E_PURCRECV_DET,CURRENCY_ID,nvarchar,YES
dbo,E_PURCRECV_SUM,rowid,int,NO
dbo,E_PURCRECV_SUM,eis_date,datetime,YES
dbo,E_PURCRECV_SUM,doc_qty,decimal,YES
dbo,E_PURCRECV_SUM,line_qty,decimal,YES
dbo,E_PURCRECV_SUM,amount_value,decimal,YES
dbo,E_PURCSVLV_DET,ROWID,int,NO
dbo,E_PURCSVLV_DET,EIS_DATE,datetime,YES
dbo,E_PURCSVLV_DET,ID,nvarchar,YES
dbo,E_PURCSVLV_DET,ORDER_DATE,datetime,YES
dbo,E_PURCSVLV_DET,DESIRED_RECV_DATE,datetime,YES
dbo,E_PURCSVLV_DET,STATUS,nchar,YES
dbo,E_PURCSVLV_DET,VENDOR_ID,nvarchar,YES
dbo,E_PURCSVLV_DET,VENDOR_NAME,nvarchar,YES
dbo,E_PURCSVLV_DET,BUYER,nvarchar,YES
dbo,E_PURCSVLV_DET,LINE_NO,smallint,YES
dbo,E_PURCSVLV_DET,PART_ID,nvarchar,YES
dbo,E_PURCSVLV_DET,DESCRIPTION,nvarchar,YES
dbo,E_PURCSVLV_DET,USER_ORDER_QTY,decimal,YES
dbo,E_PURCSVLV_DET,PURCHASE_UM,nvarchar,YES
dbo,E_PURCSVLV_DET,UNIT_PRICE,decimal,YES
dbo,E_PURCSVLV_DET,TRADE_DISC_PERCENT,decimal,YES
dbo,E_PURCSVLV_DET,TOTAL_VALUE,decimal,YES
dbo,E_PURCSVLV_DET,PRODUCT_CODE,nvarchar,YES
dbo,E_PURCSVLV_DET,COMMODITY_CODE,nvarchar,YES
dbo,E_PURCSVLV_DET,RECEIVED_DATE,datetime,YES
dbo,E_PURCSVLV_DET,THIS_REC_QTY,decimal,YES
dbo,E_PURCSVLV_DET,TODATE_REC_QTY,decimal,YES
dbo,E_PURCSVLV_DET,RECEIVED_ON_TIME,nchar,YES
dbo,E_PURCSVLV_DET,SELL_RATE,decimal,YES
dbo,E_PURCSVLV_DET,CURRENCY_ID,nvarchar,YES
dbo,E_PURCSVLV_SUM,rowid,int,NO
dbo,E_PURCSVLV_SUM,eis_date,datetime,YES
dbo,E_PURCSVLV_SUM,doc_qty,decimal,YES
dbo,E_PURCSVLV_SUM,line_qty,decimal,YES
dbo,E_PURCSVLV_SUM,amount_value,decimal,YES
dbo,E_RECEIVABLE_DET,ROWID,int,NO
dbo,E_RECEIVABLE_DET,EIS_DATE,datetime,YES
dbo,E_RECEIVABLE_DET,INVOICE_ID,nvarchar,YES
dbo,E_RECEIVABLE_DET,CUSTOMER_ID,nvarchar,YES
dbo,E_RECEIVABLE_DET,CUSTOMER_NAME,nvarchar,YES
dbo,E_RECEIVABLE_DET,ENTITY_ID,nvarchar,YES
dbo,E_RECEIVABLE_DET,INVOICE_DATE,datetime,YES
dbo,E_RECEIVABLE_DET,PAYMENT_DATE,datetime,YES
dbo,E_RECEIVABLE_DET,TOTAL_VALUE,decimal,YES
dbo,E_RECEIVABLE_DET,AGE,int,YES
dbo,E_RECEIVABLE_DET,SELL_RATE,decimal,YES
dbo,E_RECEIVABLE_DET,CURRENCY_ID,nvarchar,YES
dbo,E_RECEIVABLE_SUM,rowid,int,NO
dbo,E_RECEIVABLE_SUM,eis_date,datetime,YES
dbo,E_RECEIVABLE_SUM,doc_qty,decimal,YES
dbo,E_RECEIVABLE_SUM,line_qty,decimal,YES
dbo,E_RECEIVABLE_SUM,amount_value,decimal,YES
dbo,E_RECV_INV_DET,EIS_DATE,datetime,YES
dbo,E_RECV_INV_DET,INVOICE_ID,nvarchar,YES
dbo,E_RECV_INV_DET,CUSTOMER_ID,nvarchar,YES
dbo,E_RECV_INV_DET,CUSTOMER_NAME,nvarchar,YES
dbo,E_RECV_INV_DET,ENTITY_ID,nvarchar,YES
dbo,E_RECV_INV_DET,INVOICE_DATE,datetime,YES
dbo,E_RECV_INV_DET,PAYMENT_DATE,datetime,YES
dbo,E_RECV_INV_DET,TOTAL_VALUE,decimal,YES
dbo,E_RECV_INV_DET,AGE,int,YES
dbo,E_RECV_INV_DET,SELL_RATE,decimal,YES
dbo,E_RECV_INV_DET,CURRENCY_ID,nvarchar,YES
dbo,E_RECV_INV_SUM,rowid,int,NO
dbo,E_RECV_INV_SUM,eis_date,datetime,YES
dbo,E_RECV_INV_SUM,doc_qty,decimal,YES
dbo,E_RECV_INV_SUM,line_qty,decimal,YES
dbo,E_RECV_INV_SUM,amount_value,decimal,YES
dbo,E_RECV_NEW_DET,ROWID,int,NO
dbo,E_RECV_NEW_DET,EIS_DATE,datetime,YES
dbo,E_RECV_NEW_DET,INVOICE_ID,nvarchar,YES
dbo,E_RECV_NEW_DET,CUSTOMER_ID,nvarchar,YES
dbo,E_RECV_NEW_DET,CUSTOMER_NAME,nvarchar,YES
dbo,E_RECV_NEW_DET,ENTITY_ID,nvarchar,YES
dbo,E_RECV_NEW_DET,INVOICE_DATE,datetime,YES
dbo,E_RECV_NEW_DET,PAYMENT_DATE,datetime,YES
dbo,E_RECV_NEW_DET,TOTAL_VALUE,decimal,YES
dbo,E_RECV_NEW_DET,AGE,int,YES
dbo,E_RECV_NEW_DET,SELL_RATE,decimal,YES
dbo,E_RECV_NEW_DET,CURRENCY_ID,nvarchar,YES
dbo,E_RECV_NEW_SUM,rowid,int,NO
dbo,E_RECV_NEW_SUM,eis_date,datetime,YES
dbo,E_RECV_NEW_SUM,doc_qty,decimal,YES
dbo,E_RECV_NEW_SUM,line_qty,decimal,YES
dbo,E_RECV_NEW_SUM,amount_value,decimal,YES
dbo,E_SCHEDSVLV_DET,ROWID,int,NO
dbo,E_SCHEDSVLV_DET,EIS_DATE,datetime,YES
dbo,E_SCHEDSVLV_DET,TYPE,nchar,YES
dbo,E_SCHEDSVLV_DET,BASE_ID,nvarchar,YES
dbo,E_SCHEDSVLV_DET,LOT_ID,nvarchar,YES
dbo,E_SCHEDSVLV_DET,SPLIT_ID,nvarchar,YES
dbo,E_SCHEDSVLV_DET,STATUS,nchar,YES
dbo,E_SCHEDSVLV_DET,PART_ID,nvarchar,YES
dbo,E_SCHEDSVLV_DET,DESCRIPTION,nvarchar,YES
dbo,E_SCHEDSVLV_DET,DESIRED_QTY,decimal,YES
dbo,E_SCHEDSVLV_DET,PRODUCT_CODE,nvarchar,YES
dbo,E_SCHEDSVLV_DET,COMMODITY_CODE,nvarchar,YES
dbo,E_SCHEDSVLV_DET,TOTAL_VALUE,decimal,YES
dbo,E_SCHEDSVLV_DET,CREATE_DATE,datetime,YES
dbo,E_SCHEDSVLV_DET,DESIRED_RLS_DATE,datetime,YES
dbo,E_SCHEDSVLV_DET,DESIRED_WANT_DATE,datetime,YES
dbo,E_SCHEDSVLV_DET,SCHED_START_DATE,datetime,YES
dbo,E_SCHEDSVLV_DET,SCHED_FINISH_DATE,datetime,YES
dbo,E_SCHEDSVLV_DET,COMPLETE_DATE,datetime,YES
dbo,E_SCHEDSVLV_DET,RECEIVED_ON_TIME,nchar,YES
dbo,E_SCHEDSVLV_SUM,rowid,int,NO
dbo,E_SCHEDSVLV_SUM,eis_date,datetime,YES
dbo,E_SCHEDSVLV_SUM,doc_qty,decimal,YES
dbo,E_SCHEDSVLV_SUM,line_qty,decimal,YES
dbo,E_SCHEDSVLV_SUM,amount_value,decimal,YES
dbo,E_SHIP_DET,ROWID,int,NO
dbo,E_SHIP_DET,EIS_DATE,datetime,YES
dbo,E_SHIP_DET,ORDER_ID,nvarchar,YES
dbo,E_SHIP_DET,ORDER_DATE,datetime,YES
dbo,E_SHIP_DET,DESIRED_SHIP_DATE,datetime,YES
dbo,E_SHIP_DET,SHIPPED_DATE,datetime,YES
dbo,E_SHIP_DET,PACKLIST_ID,nvarchar,YES
dbo,E_SHIP_DET,SALESREP_ID,nvarchar,YES
dbo,E_SHIP_DET,TERRITORY,nvarchar,YES
dbo,E_SHIP_DET,CUSTOMER_ID,nvarchar,YES
dbo,E_SHIP_DET,NAME,nvarchar,YES
dbo,E_SHIP_DET,LINE_NO,smallint,YES
dbo,E_SHIP_DET,PART_ID,nvarchar,YES
dbo,E_SHIP_DET,DESCRIPTION,nvarchar,YES
dbo,E_SHIP_DET,SHIP_QTY,decimal,YES
dbo,E_SHIP_DET,SELLING_UM,nvarchar,YES
dbo,E_SHIP_DET,UNIT_PRICE,decimal,YES
dbo,E_SHIP_DET,TRADE_DISC_PERCENT,decimal,YES
dbo,E_SHIP_DET,TOTAL_VALUE,decimal,YES
dbo,E_SHIP_DET,PRODUCT_CODE,nvarchar,YES
dbo,E_SHIP_DET,COMMODITY_CODE,nvarchar,YES
dbo,E_SHIP_DET,SELL_RATE,decimal,YES
dbo,E_SHIP_DET,CURRENCY_ID,nvarchar,YES
dbo,E_SHIP_SUM,rowid,int,NO
dbo,E_SHIP_SUM,eis_date,datetime,YES
dbo,E_SHIP_SUM,doc_qty,decimal,YES
dbo,E_SHIP_SUM,line_qty,decimal,YES
dbo,E_SHIP_SUM,amount_value,decimal,YES
dbo,E_WANTSVLV_DET,ROWID,int,NO
dbo,E_WANTSVLV_DET,EIS_DATE,datetime,YES
dbo,E_WANTSVLV_DET,TYPE,nchar,YES
dbo,E_WANTSVLV_DET,BASE_ID,nvarchar,YES
dbo,E_WANTSVLV_DET,LOT_ID,nvarchar,YES
dbo,E_WANTSVLV_DET,SPLIT_ID,nvarchar,YES
dbo,E_WANTSVLV_DET,STATUS,nchar,YES
dbo,E_WANTSVLV_DET,PART_ID,nvarchar,YES
dbo,E_WANTSVLV_DET,DESCRIPTION,nvarchar,YES
dbo,E_WANTSVLV_DET,DESIRED_QTY,decimal,YES
dbo,E_WANTSVLV_DET,PRODUCT_CODE,nvarchar,YES
dbo,E_WANTSVLV_DET,COMMODITY_CODE,nvarchar,YES
dbo,E_WANTSVLV_DET,TOTAL_VALUE,decimal,YES
dbo,E_WANTSVLV_DET,CREATE_DATE,datetime,YES
dbo,E_WANTSVLV_DET,DESIRED_RLS_DATE,datetime,YES
dbo,E_WANTSVLV_DET,DESIRED_WANT_DATE,datetime,YES
dbo,E_WANTSVLV_DET,SCHED_START_DATE,datetime,YES
dbo,E_WANTSVLV_DET,SCHED_FINISH_DATE,datetime,YES
dbo,E_WANTSVLV_DET,COMPLETE_DATE,datetime,YES
dbo,E_WANTSVLV_DET,RECEIVED_ON_TIME,nchar,YES
dbo,E_WANTSVLV_SUM,rowid,int,NO
dbo,E_WANTSVLV_SUM,eis_date,datetime,YES
dbo,E_WANTSVLV_SUM,doc_qty,decimal,YES
dbo,E_WANTSVLV_SUM,line_qty,decimal,YES
dbo,E_WANTSVLV_SUM,amount_value,decimal,YES
dbo,EARNING_CODE,ROWID,int,NO
dbo,EARNING_CODE,ID,nvarchar,NO
dbo,EARNING_CODE,DESCRIPTION,nvarchar,YES
dbo,EC,ROWID,int,NO
dbo,EC,ID,nvarchar,NO
dbo,EC,ORIGINATOR,nvarchar,NO
dbo,EC,ASSIGNED_TO,nvarchar,YES
dbo,EC,STATUS,nvarchar,NO
dbo,EC,ON_HOLD_STATUS,nvarchar,YES
dbo,EC,REQUEST_DATE,datetime,YES
dbo,EC,WANT_DATE,datetime,YES
dbo,EC,AUTH_DATE,datetime,YES
dbo,EC,IMPL_DATE,datetime,YES
dbo,EC,APRV_DATE,datetime,YES
dbo,EC,DIST_DATE,datetime,YES
dbo,EC,TYPE,nvarchar,YES
dbo,EC,REASON,nvarchar,YES
dbo,EC,PRIORITY,int,NO
dbo,EC,ORIGIN_ID,nvarchar,YES
dbo,EC,ORIGIN_TYPE,nvarchar,YES
dbo,EC,HAS_SUBORDINATES,nchar,YES
dbo,EC,EXT_TASKS_DONE,nchar,YES
dbo,EC,REWORK_COST,decimal,YES
dbo,EC,SCRAP_COST,decimal,YES
dbo,EC,ECN_COST,decimal,YES
dbo,EC,COST_COMMENT,nvarchar,YES
dbo,EC,CREATED_BY,nvarchar,YES
dbo,EC,CREATE_DATE,datetime,NO
dbo,EC,USER_1,nvarchar,YES
dbo,EC,USER_2,nvarchar,YES
dbo,EC,USER_3,nvarchar,YES
dbo,EC,USER_4,nvarchar,YES
dbo,EC,USER_5,nvarchar,YES
dbo,EC,USER_6,nvarchar,YES
dbo,EC,USER_7,nvarchar,YES
dbo,EC,USER_8,nvarchar,YES
dbo,EC,USER_9,nvarchar,YES
dbo,EC,USER_10,nvarchar,YES
dbo,EC,UDF_LAYOUT_ID,nvarchar,YES
dbo,EC,LOCKED,nchar,YES
dbo,EC,NEXT_LINE_NO,int,NO
dbo,EC,UPDATE_PART_REV,nchar,YES
dbo,EC,UPDATE_DOC_REV,nchar,YES
dbo,EC,UPDATE_LEVEL,nvarchar,YES
dbo,EC,STATUS_EFF_DATE,datetime,NO
dbo,EC,SITE_ID,nvarchar,NO
dbo,EC_GROUP_USER,ROWID,int,NO
dbo,EC_GROUP_USER,EC_ID,nvarchar,NO
dbo,EC_GROUP_USER,GROUP_TYPE,nvarchar,NO
dbo,EC_GROUP_USER,USER_ID,nvarchar,NO
dbo,EC_GROUP_USER,IS_LEADER,nchar,YES
dbo,EC_GROUP_USER,CREATE_DATE,datetime,NO
dbo,EC_GROUP_USER,USER_SIGNOFF,nchar,YES
dbo,EC_HISTORY,ROWID,int,NO
dbo,EC_HISTORY,EC_ID,nvarchar,NO
dbo,EC_HISTORY,TYPE,nchar,NO
dbo,EC_HISTORY,BITS,image,YES
dbo,EC_HISTORY,BITS_LENGTH,int,NO
dbo,EC_LINE,ROWID,int,NO
dbo,EC_LINE,EC_ID,nvarchar,NO
dbo,EC_LINE,LINE_NO,int,NO
dbo,EC_LINE,TYPE,nvarchar,NO
dbo,EC_LINE,STATUS,nvarchar,NO
dbo,EC_LINE,WO_TYPE,nvarchar,YES
dbo,EC_LINE,WO_BASE_ID,nvarchar,YES
dbo,EC_LINE,WO_LOT_ID,nvarchar,YES
dbo,EC_LINE,WO_SPLIT_ID,nvarchar,YES
dbo,EC_LINE,PART_ID,nvarchar,YES
dbo,EC_LINE,ENG_ID,nvarchar,YES
dbo,EC_LINE,DISPOSITION_CODE,nvarchar,YES
dbo,EC_LINE,DOC_ID,nvarchar,YES
dbo,EC_LINE,FILE_LOCATION,nvarchar,YES
dbo,EC_LINE,LINKED_EC_ID,nvarchar,YES
dbo,EC_LINE,CREATE_DATE,datetime,NO
dbo,EC_LINE,USER_1,nvarchar,YES
dbo,EC_LINE,USER_2,nvarchar,YES
dbo,EC_LINE,USER_3,nvarchar,YES
dbo,EC_LINE,USER_4,nvarchar,YES
dbo,EC_LINE,USER_5,nvarchar,YES
dbo,EC_LINE,USER_6,nvarchar,YES
dbo,EC_LINE,USER_7,nvarchar,YES
dbo,EC_LINE,USER_8,nvarchar,YES
dbo,EC_LINE,USER_9,nvarchar,YES
dbo,EC_LINE,USER_10,nvarchar,YES
dbo,EC_LINE,UDF_LAYOUT_ID,nvarchar,YES
dbo,EC_LINE,LOCKED,nchar,YES
dbo,EC_LINE,UPDATE_REV,nchar,YES
dbo,EC_LINE,NEW_STAGE_ID,nvarchar,YES
dbo,EC_LINE,OLD_REVISION_ID,nvarchar,YES
dbo,EC_LINE,NEW_REVISION_ID,nvarchar,YES
dbo,EC_LINE,REV_INCORPORATED,nchar,YES
dbo,EC_LINE,STATUS_EFF_DATE,datetime,NO
dbo,EC_LINE_BINARY,ROWID,int,NO
dbo,EC_LINE_BINARY,EC_ID,nvarchar,NO
dbo,EC_LINE_BINARY,LINE_NO,int,NO
dbo,EC_LINE_BINARY,TYPE,nchar,NO
dbo,EC_LINE_BINARY,BITS,image,YES
dbo,EC_LINE_BINARY,BITS_LENGTH,int,NO
dbo,EC_REASONS,ROWID,int,NO
dbo,EC_REASONS,CODE,nvarchar,NO
dbo,EC_REASONS,DESCRIPTION,nvarchar,YES
dbo,EC_REASONS,CREATE_DATE,datetime,NO
dbo,EC_REQUEST,ROWID,int,NO
dbo,EC_REQUEST,EC_ID,nvarchar,NO
dbo,EC_REQUEST,TYPE,nchar,NO
dbo,EC_REQUEST,BITS,image,YES
dbo,EC_REQUEST,BITS_LENGTH,int,NO
dbo,EC_RESPONSE,ROWID,int,NO
dbo,EC_RESPONSE,EC_ID,nvarchar,NO
dbo,EC_RESPONSE,TYPE,nchar,NO
dbo,EC_RESPONSE,BITS,image,YES
dbo,EC_RESPONSE,BITS_LENGTH,int,NO
dbo,EC_TYPES,ROWID,int,NO
dbo,EC_TYPES,CODE,nvarchar,NO
dbo,EC_TYPES,DESCRIPTION,nvarchar,YES
dbo,EC_TYPES,CREATE_DATE,datetime,NO
dbo,ECN,ROWID,int,NO
dbo,ECN,ID,nvarchar,NO
dbo,ECN,WORKORDER_TYPE,nchar,YES
dbo,ECN,WORKORDER_BASE_ID,nvarchar,YES
dbo,ECN,WORKORDER_LOT_ID,nvarchar,YES
dbo,ECN,WORKORDER_SPLIT_ID,nvarchar,YES
dbo,ECN,WORKORDER_SUB_ID,nvarchar,YES
dbo,ECN,STATUS,nchar,NO
dbo,ECN,SUBJECT,nvarchar,YES
dbo,ECN,ORIGINATOR,nvarchar,YES
dbo,ECN,DIST_LIST,nvarchar,YES
dbo,ECN,AUTHORIZATION_1,nvarchar,YES
dbo,ECN,AUTHORIZATION_2,nvarchar,YES
dbo,ECN,AUTHORIZATION_3,nvarchar,YES
dbo,ECN,AUTHORIZATION_4,nvarchar,YES
dbo,ECN,AUTH_DATE_1,datetime,YES
dbo,ECN,AUTH_DATE_2,datetime,YES
dbo,ECN,AUTH_DATE_3,datetime,YES
dbo,ECN,AUTH_DATE_4,datetime,YES
dbo,ECN,USER_ID,nvarchar,NO
dbo,ECN,CREATE_DATE,datetime,NO
dbo,ECN,MODIFY_DATE,datetime,YES
dbo,ECN_BINARY,ROWID,int,NO
dbo,ECN_BINARY,ECN_ID,nvarchar,NO
dbo,ECN_BINARY,TYPE,nchar,NO
dbo,ECN_BINARY,BITS,image,YES
dbo,ECN_BINARY,BITS_LENGTH,int,NO
dbo,ECN_CO_PRODUCT,ROWID,int,NO
dbo,ECN_CO_PRODUCT,ECN_ID,nvarchar,NO
dbo,ECN_CO_PRODUCT,LINE_NO,int,NO
dbo,ECN_CO_PRODUCT,ECN_ENTRY_NO,smallint,NO
dbo,ECN_CO_PRODUCT,WORKORDER_SUB_ID,nvarchar,NO
dbo,ECN_CO_PRODUCT,PART_ID,nvarchar,NO
dbo,ECN_CO_PRODUCT,MAT_COST_PERCENT,decimal,NO
dbo,ECN_CO_PRODUCT,DESIRED_QTY,decimal,NO
dbo,ECN_CO_PRODUCT,LAB_COST_PERCENT,decimal,NO
dbo,ECN_CO_PRODUCT,BUR_COST_PERCENT,decimal,NO
dbo,ECN_CO_PRODUCT,SER_COST_PERCENT,decimal,NO
dbo,ECN_CO_PRODUCT,QTY_IS_RATIO,nchar,YES
dbo,ECN_CO_PRODUCT,QTY_PER,decimal,YES
dbo,ECN_CO_PRODUCT,WAREHOUSE_ID,nvarchar,YES
dbo,ECN_CO_PRODUCT,WIP_VAS_REQUIRED,nchar,YES
dbo,ECN_DETAIL,ROWID,int,NO
dbo,ECN_DETAIL,ECN_ID,nvarchar,NO
dbo,ECN_DETAIL,LINE_NO,int,NO
dbo,ECN_DETAIL,ENTRY_NO,smallint,NO
dbo,ECN_DETAIL,DETAIL_TYPE,int,NO
dbo,ECN_DETAIL,WORKORDER_SUB_ID,nvarchar,YES
dbo,ECN_DETAIL,OPERATION_SEQ_NO,int,YES
dbo,ECN_DETAIL,REQ_PIECE_NO,int,YES
dbo,ECN_DETAIL,CHILD_NOTIFY,nchar,NO
dbo,ECN_DETAIL,LOCK_NOTIFY,nchar,NO
dbo,ECN_DETAIL,ECN_ACTION,nchar,NO
dbo,ECN_DETAIL,RESTORED,nchar,NO
dbo,ECN_DETAIL,CREATE_DATE,datetime,NO
dbo,ECN_DETAIL,USER_ID,nvarchar,NO
dbo,ECN_DETAIL,COMMENTS,nvarchar,YES
dbo,ECN_DISPOSITION,ROWID,int,NO
dbo,ECN_DISPOSITION,CODE,nvarchar,NO
dbo,ECN_DISPOSITION,DESCRIPTION,nvarchar,YES
dbo,ECN_OPER_BINARY,ROWID,int,NO
dbo,ECN_OPER_BINARY,ECN_ID,nvarchar,NO
dbo,ECN_OPER_BINARY,LINE_NO,int,NO
dbo,ECN_OPER_BINARY,ECN_ENTRY_NO,smallint,NO
dbo,ECN_OPER_BINARY,WORKORDER_SUB_ID,nvarchar,NO
dbo,ECN_OPER_BINARY,SEQUENCE_NO,smallint,NO
dbo,ECN_OPER_BINARY,TYPE,nchar,NO
dbo,ECN_OPER_BINARY,BITS,image,YES
dbo,ECN_OPER_BINARY,BITS_LENGTH,int,YES
dbo,ECN_OPER_RESOURCE,ROWID,int,NO
dbo,ECN_OPER_RESOURCE,ECN_ID,nvarchar,NO
dbo,ECN_OPER_RESOURCE,LINE_NO,int,NO
dbo,ECN_OPER_RESOURCE,ECN_ENTRY_NO,smallint,NO
dbo,ECN_OPER_RESOURCE,WORKORDER_SUB_ID,nvarchar,NO
dbo,ECN_OPER_RESOURCE,SEQUENCE_NO,smallint,NO
dbo,ECN_OPER_RESOURCE,RESOURCE_ID,nvarchar,NO
dbo,ECN_OPER_RESOURCE,TYPE,nchar,YES
dbo,ECN_OPER_RESOURCE,PERCENT_DURATION,smallint,YES
dbo,ECN_OPER_RESOURCE,JUSTIFICATION,nchar,YES
dbo,ECN_OPER_RESOURCE,NUM_MEM_TO_SCHED,smallint,YES
dbo,ECN_OPER_RESOURCE,SCHED_EQUAL_CAP,nchar,YES
dbo,ECN_OPERATION,ROWID,int,NO
dbo,ECN_OPERATION,ECN_ID,nvarchar,NO
dbo,ECN_OPERATION,LINE_NO,int,NO
dbo,ECN_OPERATION,ECN_ENTRY_NO,smallint,NO
dbo,ECN_OPERATION,WORKORDER_SUB_ID,nvarchar,NO
dbo,ECN_OPERATION,SEQUENCE_NO,smallint,NO
dbo,ECN_OPERATION,RESOURCE_ID,nvarchar,YES
dbo,ECN_OPERATION,SETUP_HRS,decimal,YES
dbo,ECN_OPERATION,RUN,decimal,YES
dbo,ECN_OPERATION,RUN_TYPE,nchar,YES
dbo,ECN_OPERATION,LOAD_SIZE_QTY,decimal,YES
dbo,ECN_OPERATION,RUN_HRS,decimal,YES
dbo,ECN_OPERATION,MOVE_HRS,decimal,YES
dbo,ECN_OPERATION,TRANSIT_DAYS,decimal,YES
dbo,ECN_OPERATION,SERVICE_ID,nvarchar,YES
dbo,ECN_OPERATION,SCRAP_YIELD_PCT,decimal,YES
dbo,ECN_OPERATION,SCRAP_YIELD_TYPE,nchar,YES
dbo,ECN_OPERATION,FIXED_SCRAP_UNITS,decimal,YES
dbo,ECN_OPERATION,MINIMUM_MOVE_QTY,decimal,YES
dbo,ECN_OPERATION,CALC_START_QTY,decimal,YES
dbo,ECN_OPERATION,CALC_END_QTY,decimal,YES
dbo,ECN_OPERATION,OPERATION_TYPE,nvarchar,YES
dbo,ECN_OPERATION,DRAWING_ID,nvarchar,YES
dbo,ECN_OPERATION,DRAWING_REV_NO,nvarchar,YES
dbo,ECN_OPERATION,OVERRIDE_QTYS,nchar,YES
dbo,ECN_OPERATION,BEGIN_TRACEABILITY,nchar,YES
dbo,ECN_OPERATION,CAPACITY_USAGE_MAX,smallint,YES
dbo,ECN_OPERATION,CAPACITY_USAGE_MIN,smallint,YES
dbo,ECN_OPERATION,TEST_ID,nvarchar,YES
dbo,ECN_OPERATION,SPC_QTY,decimal,YES
dbo,ECN_OPERATION,SETUP_COST_PER_HR,decimal,YES
dbo,ECN_OPERATION,RUN_COST_PER_HR,decimal,YES
dbo,ECN_OPERATION,WAREHOUSE_ID,nvarchar,YES
dbo,ECN_OPERATION,BUR_PER_HR_SETUP,decimal,YES
dbo,ECN_OPERATION,BUR_PER_HR_RUN,decimal,YES
dbo,ECN_OPERATION,RUN_COST_PER_UNIT,decimal,YES
dbo,ECN_OPERATION,SERVICE_BASE_CHG,decimal,YES
dbo,ECN_OPERATION,BUR_PERCENT_SETUP,decimal,YES
dbo,ECN_OPERATION,BUR_PERCENT_RUN,decimal,YES
dbo,ECN_OPERATION,BUR_PER_OPERATION,decimal,YES
dbo,ECN_OPERATION,EST_ATL_LAB_COST,decimal,YES
dbo,ECN_OPERATION,EST_ATL_BUR_COST,decimal,YES
dbo,ECN_OPERATION,EST_ATL_SER_COST,decimal,YES
dbo,ECN_OPERATION,EST_TTL_MAT_COST,decimal,YES
dbo,ECN_OPERATION,EST_TTL_LAB_COST,decimal,YES
dbo,ECN_OPERATION,EST_TTL_BUR_COST,decimal,YES
dbo,ECN_OPERATION,EST_TTL_SER_COST,decimal,YES
dbo,ECN_OPERATION,MILESTONE_ID,nvarchar,YES
dbo,ECN_OPERATION,DRAWING_FILE,nvarchar,YES
dbo,ECN_OPERATION,SERVICE_MIN_CHG,decimal,YES
dbo,ECN_OPERATION,VENDOR_ID,nvarchar,YES
dbo,ECN_OPERATION,VENDOR_SERVICE_ID,nvarchar,YES
dbo,ECN_OPERATION,SERVICE_PART_ID,nvarchar,YES
dbo,ECN_OPERATION,BUR_PER_UNIT_RUN,decimal,YES
dbo,ECN_OPERATION,LEAST_MIN_MOVE_QTY,smallint,YES
dbo,ECN_OPERATION,MAX_GAP_PREV_OP,int,YES
dbo,ECN_OPERATION,APPLY_CALENDAR,nchar,YES
dbo,ECN_OPERATION,MAX_DOWNTIME,int,YES
dbo,ECN_OPERATION,ACCUM_DOWNTIME,nchar,YES
dbo,ECN_OPERATION,RUN_QTY_PER_CYCLE,decimal,YES
dbo,ECN_OPERATION,NUM_MEM_TO_SCHED,smallint,YES
dbo,ECN_OPERATION,PRD_INSP_PLAN_ID,nvarchar,YES
dbo,ECN_OPERATION,SETUP_INSPECT_REQ,nchar,YES
dbo,ECN_OPERATION,RUN_INSPECT_REQ,nchar,YES
dbo,ECN_OPERATION,USER_1,nvarchar,YES
dbo,ECN_OPERATION,USER_2,nvarchar,YES
dbo,ECN_OPERATION,USER_3,nvarchar,YES
dbo,ECN_OPERATION,USER_4,nvarchar,YES
dbo,ECN_OPERATION,USER_5,nvarchar,YES
dbo,ECN_OPERATION,USER_6,nvarchar,YES
dbo,ECN_OPERATION,USER_7,nvarchar,YES
dbo,ECN_OPERATION,USER_8,nvarchar,YES
dbo,ECN_OPERATION,USER_9,nvarchar,YES
dbo,ECN_OPERATION,USER_10,nvarchar,YES
dbo,ECN_OPERATION,UDF_LAYOUT_ID,nvarchar,YES
dbo,ECN_OPERATION,MIN_SEGMENT_SIZE,decimal,YES
dbo,ECN_REQ_BINARY,ROWID,int,NO
dbo,ECN_REQ_BINARY,ECN_ID,nvarchar,NO
dbo,ECN_REQ_BINARY,LINE_NO,int,NO
dbo,ECN_REQ_BINARY,ECN_ENTRY_NO,smallint,NO
dbo,ECN_REQ_BINARY,WORKORDER_SUB_ID,nvarchar,NO
dbo,ECN_REQ_BINARY,OPERATION_SEQ_NO,smallint,NO
dbo,ECN_REQ_BINARY,PIECE_NO,smallint,NO
dbo,ECN_REQ_BINARY,TYPE,nchar,NO
dbo,ECN_REQ_BINARY,BITS,image,YES
dbo,ECN_REQ_BINARY,BITS_LENGTH,int,YES
dbo,ECN_REQ_PART_ALT,ROWID,int,NO
dbo,ECN_REQ_PART_ALT,ECN_ID,nvarchar,NO
dbo,ECN_REQ_PART_ALT,LINE_NO,int,NO
dbo,ECN_REQ_PART_ALT,ECN_ENTRY_NO,smallint,NO
dbo,ECN_REQ_PART_ALT,WORKORDER_SUB_ID,nvarchar,NO
dbo,ECN_REQ_PART_ALT,OPERATION_SEQ_NO,smallint,NO
dbo,ECN_REQ_PART_ALT,PIECE_NO,smallint,NO
dbo,ECN_REQ_PART_ALT,PART_ID,nvarchar,NO
dbo,ECN_REQ_PART_ALT,RANK,smallint,YES
dbo,ECN_REQ_REF_DESIG,ROWID,int,NO
dbo,ECN_REQ_REF_DESIG,ECN_ID,nvarchar,NO
dbo,ECN_REQ_REF_DESIG,LINE_NO,int,NO
dbo,ECN_REQ_REF_DESIG,ECN_ENTRY_NO,smallint,NO
dbo,ECN_REQ_REF_DESIG,WORKORDER_SUB_ID,nvarchar,NO
dbo,ECN_REQ_REF_DESIG,OPERATION_SEQ_NO,smallint,NO
dbo,ECN_REQ_REF_DESIG,PIECE_NO,smallint,NO
dbo,ECN_REQ_REF_DESIG,ID,nvarchar,NO
dbo,ECN_REQ_REF_DESIG,X_COORDINATE,nvarchar,YES
dbo,ECN_REQ_REF_DESIG,Y_COORDINATE,nvarchar,YES
dbo,ECN_REQ_REF_DESIG,DESCRIPTION,nvarchar,YES
dbo,ECN_REQUIREMENT,ROWID,int,NO
dbo,ECN_REQUIREMENT,ECN_ID,nvarchar,NO
dbo,ECN_REQUIREMENT,LINE_NO,int,NO
dbo,ECN_REQUIREMENT,ECN_ENTRY_NO,smallint,NO
dbo,ECN_REQUIREMENT,WORKORDER_SUB_ID,nvarchar,NO
dbo,ECN_REQUIREMENT,OPERATION_SEQ_NO,smallint,NO
dbo,ECN_REQUIREMENT,PIECE_NO,smallint,NO
dbo,ECN_REQUIREMENT,SUBORD_WO_SUB_ID,nvarchar,YES
dbo,ECN_REQUIREMENT,PART_ID,nvarchar,YES
dbo,ECN_REQUIREMENT,REFERENCE,nvarchar,YES
dbo,ECN_REQUIREMENT,STATUS,nchar,YES
dbo,ECN_REQUIREMENT,QTY_PER,decimal,YES
dbo,ECN_REQUIREMENT,QTY_PER_TYPE,nchar,YES
dbo,ECN_REQUIREMENT,FIXED_QTY,decimal,YES
dbo,ECN_REQUIREMENT,SCRAP_PERCENT,decimal,YES
dbo,ECN_REQUIREMENT,DIMENSIONS,nvarchar,YES
dbo,ECN_REQUIREMENT,DIM_EXPRESSION,nvarchar,YES
dbo,ECN_REQUIREMENT,USAGE_UM,nvarchar,YES
dbo,ECN_REQUIREMENT,EFFECTIVE_DATE,datetime,YES
dbo,ECN_REQUIREMENT,DISCONTINUE_DATE,datetime,YES
dbo,ECN_REQUIREMENT,CALC_QTY,decimal,YES
dbo,ECN_REQUIREMENT,REQUIRED_DATE,datetime,YES
dbo,ECN_REQUIREMENT,UNIT_MATERIAL_COST,decimal,YES
dbo,ECN_REQUIREMENT,UNIT_LABOR_COST,decimal,YES
dbo,ECN_REQUIREMENT,UNIT_BURDEN_COST,decimal,YES
dbo,ECN_REQUIREMENT,UNIT_SERVICE_COST,decimal,YES
dbo,ECN_REQUIREMENT,BURDEN_PERCENT,decimal,YES
dbo,ECN_REQUIREMENT,BURDEN_PER_UNIT,decimal,YES
dbo,ECN_REQUIREMENT,FIXED_COST,decimal,YES
dbo,ECN_REQUIREMENT,DRAWING_ID,nvarchar,YES
dbo,ECN_REQUIREMENT,DRAWING_REV_NO,nvarchar,YES
dbo,ECN_REQUIREMENT,VENDOR_ID,nvarchar,YES
dbo,ECN_REQUIREMENT,VENDOR_PART_ID,nvarchar,YES
dbo,ECN_REQUIREMENT,EST_MATERIAL_COST,decimal,YES
dbo,ECN_REQUIREMENT,EST_LABOR_COST,decimal,YES
dbo,ECN_REQUIREMENT,EST_BURDEN_COST,decimal,YES
dbo,ECN_REQUIREMENT,EST_SERVICE_COST,decimal,YES
dbo,ECN_REQUIREMENT,MFG_NAME,nvarchar,YES
dbo,ECN_REQUIREMENT,MFG_PART_ID,nvarchar,YES
dbo,ECN_REQUIREMENT,DRAWING_FILE,nvarchar,YES
dbo,ECN_REQUIREMENT,WAREHOUSE_ID,nvarchar,YES
dbo,ECN_REQUIREMENT,PLANNING_LEADTIME,smallint,YES
dbo,ECN_REQUIREMENT,REQUIRED_FOR_SETUP,nchar,YES
dbo,ECN_REQUIREMENT,USER_1,nvarchar,YES
dbo,ECN_REQUIREMENT,USER_2,nvarchar,YES
dbo,ECN_REQUIREMENT,USER_3,nvarchar,YES
dbo,ECN_REQUIREMENT,USER_4,nvarchar,YES
dbo,ECN_REQUIREMENT,USER_5,nvarchar,YES
dbo,ECN_REQUIREMENT,USER_6,nvarchar,YES
dbo,ECN_REQUIREMENT,USER_7,nvarchar,YES
dbo,ECN_REQUIREMENT,USER_8,nvarchar,YES
dbo,ECN_REQUIREMENT,USER_9,nvarchar,YES
dbo,ECN_REQUIREMENT,USER_10,nvarchar,YES
dbo,ECN_REQUIREMENT,UDF_LAYOUT_ID,nvarchar,YES
dbo,ECN_REQUIREMENT,HEIGHT,decimal,YES
dbo,ECN_REQUIREMENT,INHERIT_WAREHOUSE,nchar,YES
dbo,ECN_REQUIREMENT,LENGTH,decimal,YES
dbo,ECN_REQUIREMENT,LOCATION_ID,nvarchar,YES
dbo,ECN_REQUIREMENT,WIDTH,decimal,YES
dbo,ECN_WO_BINARY,ROWID,int,NO
dbo,ECN_WO_BINARY,ECN_ID,nvarchar,NO
dbo,ECN_WO_BINARY,LINE_NO,int,NO
dbo,ECN_WO_BINARY,ECN_ENTRY_NO,smallint,NO
dbo,ECN_WO_BINARY,WORKORDER_SUB_ID,nvarchar,NO
dbo,ECN_WO_BINARY,TYPE,nchar,NO
dbo,ECN_WO_BINARY,BITS,image,YES
dbo,ECN_WO_BINARY,BITS_LENGTH,int,NO
dbo,ECN_WORKORDER,ROWID,int,NO
dbo,ECN_WORKORDER,ECN_ID,nvarchar,NO
dbo,ECN_WORKORDER,LINE_NO,int,NO
dbo,ECN_WORKORDER,ECN_ENTRY_NO,smallint,NO
dbo,ECN_WORKORDER,WORKORDER_SUB_ID,nvarchar,NO
dbo,ECN_WORKORDER,PART_ID,nvarchar,YES
dbo,ECN_WORKORDER,DESIRED_QTY,decimal,YES
dbo,ECN_WORKORDER,DESIRED_RLS_DATE,datetime,YES
dbo,ECN_WORKORDER,DESIRED_WANT_DATE,datetime,YES
dbo,ECN_WORKORDER,ENGINEERED_BY,nvarchar,YES
dbo,ECN_WORKORDER,ENGINEERED_DATE,datetime,YES
dbo,ECN_WORKORDER,DRAWING_ID,nvarchar,YES
dbo,ECN_WORKORDER,DRAWING_REV_NO,nvarchar,YES
dbo,ECN_WORKORDER,PRODUCT_CODE,nvarchar,YES
dbo,ECN_WORKORDER,COMMODITY_CODE,nvarchar,YES
dbo,ECN_WORKORDER,FORWARD_SCHEDULE,nchar,YES
dbo,ECN_WORKORDER,MAT_GL_ACCT_ID,nvarchar,YES
dbo,ECN_WORKORDER,LAB_GL_ACCT_ID,nvarchar,YES
dbo,ECN_WORKORDER,BUR_GL_ACCT_ID,nvarchar,YES
dbo,ECN_WORKORDER,SER_GL_ACCT_ID,nvarchar,YES
dbo,ECN_WORKORDER,VARIABLE_TABLE,nvarchar,YES
dbo,ECN_WORKORDER,SCHEDULE_GROUP_ID,nvarchar,YES
dbo,ECN_WORKORDER,EST_MATERIAL_COST,decimal,YES
dbo,ECN_WORKORDER,EST_LABOR_COST,decimal,YES
dbo,ECN_WORKORDER,EST_BURDEN_COST,decimal,YES
dbo,ECN_WORKORDER,EST_SERVICE_COST,decimal,YES
dbo,ECN_WORKORDER,DRAWING_FILE,nvarchar,YES
dbo,ECN_WORKORDER,HARD_RELEASE_DATE,nchar,YES
dbo,ECN_WORKORDER,WAREHOUSE_ID,nvarchar,YES
dbo,ECN_WORKORDER,WIP_VAS_REQUIRED,nchar,YES
dbo,ECN_WORKORDER,USER_1,nvarchar,YES
dbo,ECN_WORKORDER,USER_2,nvarchar,YES
dbo,ECN_WORKORDER,USER_3,nvarchar,YES
dbo,ECN_WORKORDER,USER_4,nvarchar,YES
dbo,ECN_WORKORDER,USER_5,nvarchar,YES
dbo,ECN_WORKORDER,USER_6,nvarchar,YES
dbo,ECN_WORKORDER,USER_7,nvarchar,YES
dbo,ECN_WORKORDER,USER_8,nvarchar,YES
dbo,ECN_WORKORDER,USER_9,nvarchar,YES
dbo,ECN_WORKORDER,USER_10,nvarchar,YES
dbo,ECN_WORKORDER,UDF_LAYOUT_ID,nvarchar,YES
dbo,ECN_WORKORDER,EDI_BLANKET_FLAG,nchar,YES
dbo,ECN_WORKORDER,ORIG_STAGE_REVISION_ID,nvarchar,YES
dbo,ECN_WORKORDER,ALLOW_UPD_FROM_MST,nchar,YES
dbo,ECN_WORKORDER,ALLOW_UPD_FROM_LEG,nchar,YES
dbo,ECN_WORKORDER,ALLOW_ALT_PARTS,nchar,YES
dbo,EIS_THRESHOLDS,ROWID,int,NO
dbo,EIS_THRESHOLDS,GROUP_ID,nvarchar,NO
dbo,EIS_THRESHOLDS,PERIOD_ID,nvarchar,NO
dbo,EIS_THRESHOLDS,ACTIVITY_ID,nvarchar,NO
dbo,EIS_THRESHOLDS,COL_NAME,nvarchar,NO
dbo,EIS_THRESHOLDS,ACTIVE,nvarchar,YES
dbo,EIS_THRESHOLDS,UNIT_PERCENT,nvarchar,YES
dbo,EIS_THRESHOLDS,MIN_THRESHOLD,decimal,YES
dbo,EIS_THRESHOLDS,MAX_THRESHOLD,decimal,YES
dbo,EMPLOYEE,ROWID,int,NO
dbo,EMPLOYEE,ID,nvarchar,NO
dbo,EMPLOYEE,LAST_NAME,nvarchar,YES
dbo,EMPLOYEE,FIRST_NAME,nvarchar,YES
dbo,EMPLOYEE,MIDDLE_INITIAL,nchar,YES
dbo,EMPLOYEE,ADDR_1,nvarchar,YES
dbo,EMPLOYEE,ADDR_2,nvarchar,YES
dbo,EMPLOYEE,ADDR_3,nvarchar,YES
dbo,EMPLOYEE,CITY,nvarchar,YES
dbo,EMPLOYEE,STATE,nvarchar,YES
dbo,EMPLOYEE,ZIPCODE,nvarchar,YES
dbo,EMPLOYEE,COUNTRY,nvarchar,YES
dbo,EMPLOYEE,PHONE,nvarchar,YES
dbo,EMPLOYEE,TYPE,nchar,NO
dbo,EMPLOYEE,DEPARTMENT_ID,nvarchar,NO
dbo,EMPLOYEE,ACTIVE,nchar,NO
dbo,EMPLOYEE,SHIFT_ID,nvarchar,YES
dbo,EMPLOYEE,EARNING_CODE_ID,nvarchar,YES
dbo,EMPLOYEE,COST_CATEGORY_ID,nvarchar,YES
dbo,EMPLOYEE,USER_ID,nvarchar,YES
dbo,EMPLOYEE,EMAIL_ADDR,nvarchar,YES
dbo,EMPLOYEE,MERLIN_EMP,bit,NO
dbo,EMPLOYEE,PAYROLL_SITE_ID,nvarchar,YES
dbo,EMPLOYEE,EMPLOYEE_COUNTRY_ID,nvarchar,YES
dbo,EMPLOYEE_BINARY,ROWID,int,NO
dbo,EMPLOYEE_BINARY,EMPLOYEE_ID,nvarchar,NO
dbo,EMPLOYEE_BINARY,TYPE,nchar,NO
dbo,EMPLOYEE_BINARY,BITS,image,YES
dbo,EMPLOYEE_BINARY,BITS_LENGTH,int,NO
dbo,EMPLOYEE_SITE,ROWID,int,NO
dbo,EMPLOYEE_SITE,SITE_ID,nvarchar,NO
dbo,EMPLOYEE_SITE,EMPLOYEE_ID,nvarchar,NO
dbo,EMPLOYEE_SITE,DEFAULT_SITE,nchar,YES
dbo,EMPLOYEE_SITE,BASE_PAY_RATE,decimal,YES
dbo,EMPLOYEE_SYNC,ROWID,int,NO
dbo,EMPLOYEE_SYNC,EVENT_ID,int,NO
dbo,EMPLOYEE_SYNC,TYPE,nchar,NO
dbo,EMPLOYEE_SYNC,CREATE_DATE,datetime,NO
dbo,EMPLOYEE_SYNC,EMPLOYEE_ID,nvarchar,NO
dbo,EMPLOYEE_SYNC,EXCEPTION,nchar,NO
dbo,EMPLOYEE_SYNC,SUBSCRIPTIONS,int,NO
dbo,ENTITY_SETTINGS,ROWID,int,NO
dbo,ENTITY_SETTINGS,ENTITY_ID,nvarchar,NO
dbo,ENTITY_SETTINGS,NAME,nvarchar,NO
dbo,ENTITY_SETTINGS,SETTING_VALUE,nvarchar,YES
dbo,ENUM_CODES,ROWID,int,NO
dbo,ENUM_CODES,TABLE_NAME,nvarchar,NO
dbo,ENUM_CODES,COLUMN_NAME,nvarchar,NO
dbo,ENUM_CODES,LANGUAGE_ID,nvarchar,NO
dbo,ENUM_CODES,ENUM_TEXT,nvarchar,YES
dbo,ENUM_CODES,ENUM_VALUE,nvarchar,NO
dbo,EQUIP_AREA,ROWID,int,NO
dbo,EQUIP_AREA,id,nvarchar,NO
dbo,EQUIP_AREA,description,nvarchar,YES
dbo,EQUIP_BILL_OPTIONS,ROWID,int,NO
dbo,EQUIP_BILL_OPTIONS,CUST_ORDER_ID,nvarchar,NO
dbo,EQUIP_BILL_OPTIONS,CUST_ORDER_LINE_NO,smallint,NO
dbo,EQUIP_BILL_OPTIONS,SEQ_NO,smallint,NO
dbo,EQUIP_BILL_OPTIONS,MISC_REFERENCE,nvarchar,YES
dbo,EQUIP_BILL_OPTIONS,QTY,decimal,YES
dbo,EQUIP_BILL_OPTIONS,DISCOUNT,decimal,YES
dbo,EQUIP_BILL_OPTIONS,PART_ID,nvarchar,YES
dbo,EQUIP_BILL_OPTIONS,UNIT_PRICE,decimal,YES
dbo,EQUIP_BILL_OPTIONS,LINE_VALUE,decimal,YES
dbo,EQUIP_BILL_OPTIONS,STOCK_UM,nvarchar,YES
dbo,EQUIP_BILL_OPTIONS,workorder_base_id,nvarchar,YES
dbo,EQUIP_BILL_OPTIONS,workorder_lot_id,nvarchar,YES
dbo,EQUIP_BILL_OPTIONS,workorder_split_id,nvarchar,YES
dbo,EQUIP_BILL_OPTIONS,workorder_sub_id,nvarchar,YES
dbo,EQUIP_BILL_OPTIONS,workorder_type,nvarchar,YES
dbo,EQUIP_BILL_OPTIONS,operation_seq_no,smallint,YES
dbo,EQUIP_BILL_OPTIONS,piece_no,smallint,YES
dbo,EQUIP_BILL_OPTIONS,invoice_id,nvarchar,YES
dbo,EQUIP_BILL_OPTIONS,labor_band,nvarchar,YES
dbo,EQUIP_BILL_OPTIONS,resource_id,nvarchar,YES
dbo,EQUIP_BINARY,ROWID,int,NO
dbo,EQUIP_BINARY,EQUIP_ID,nvarchar,NO
dbo,EQUIP_BINARY,TYPE,nchar,NO
dbo,EQUIP_BINARY,bits,image,YES
dbo,EQUIP_BINARY,bits_length,int,NO
dbo,EQUIP_BRANCH,ROWID,int,NO
dbo,EQUIP_BRANCH,id,nvarchar,NO
dbo,EQUIP_BRANCH,area_id,nvarchar,NO
dbo,EQUIP_BRANCH,description,nvarchar,YES
dbo,EQUIP_CALENDAR,ROWID,int,NO
dbo,EQUIP_CALENDAR,RESOURCE_ID,nvarchar,YES
dbo,EQUIP_CALENDAR,DAY_OF_WEEK,smallint,NO
dbo,EQUIP_CALENDAR,START_OF_DAY,datetime,NO
dbo,EQUIP_CALENDAR,SHIFT_1,decimal,NO
dbo,EQUIP_CALENDAR,SHIFT_2,decimal,NO
dbo,EQUIP_CALENDAR,SHIFT_3,decimal,NO
dbo,EQUIP_CALENDAR,SHIFT_1_CAPACITY,smallint,YES
dbo,EQUIP_CALENDAR,SHIFT_2_CAPACITY,smallint,YES
dbo,EQUIP_CALENDAR,SHIFT_3_CAPACITY,smallint,YES
dbo,EQUIP_CALENDAR,SITE_ID,nvarchar,YES
dbo,EQUIP_COVER_TIME,ROWID,int,NO
dbo,EQUIP_COVER_TIME,coverage_id,smallint,NO
dbo,EQUIP_COVER_TIME,start_time,datetime,NO
dbo,EQUIP_COVER_TIME,end_time,datetime,NO
dbo,EQUIP_COVER_TIME,description,nvarchar,YES
dbo,EQUIP_LABOR_PRICE,ROWID,int,NO
dbo,EQUIP_LABOR_PRICE,id,nvarchar,NO
dbo,EQUIP_LABOR_PRICE,resource_id,nvarchar,NO
dbo,EQUIP_LABOR_PRICE,normal,decimal,YES
dbo,EQUIP_LABOR_PRICE,overtime_1,decimal,YES
dbo,EQUIP_LABOR_PRICE,overtime_2,decimal,YES
dbo,EQUIP_MAINT_DISC,ROWID,int,NO
dbo,EQUIP_MAINT_DISC,maint_id,nvarchar,NO
dbo,EQUIP_MAINT_DISC,customer_id,nvarchar,NO
dbo,EQUIP_MAINT_DISC,DISCOUNT_PERCENT,decimal,YES
dbo,EQUIP_MAINT_DISC,DISCOUNT_VALUE,decimal,YES
dbo,EQUIP_MAINT_ENG,ROWID,int,NO
dbo,EQUIP_MAINT_ENG,id,nvarchar,NO
dbo,EQUIP_MAINT_ENG,description,nvarchar,YES
dbo,EQUIP_MAINT_TYPE,ROWID,int,NO
dbo,EQUIP_MAINT_TYPE,id,nvarchar,NO
dbo,EQUIP_MAINT_TYPE,description,nvarchar,YES
dbo,EQUIP_MAINT_TYPE,maint_price,decimal,YES
dbo,EQUIP_MODEL,ROWID,int,NO
dbo,EQUIP_MODEL,id,nvarchar,NO
dbo,EQUIP_MODEL,type_id,nvarchar,NO
dbo,EQUIP_MODEL,description,nvarchar,YES
dbo,EQUIP_PART_PRICE,ROWID,int,NO
dbo,EQUIP_PART_PRICE,id,nvarchar,NO
dbo,EQUIP_PART_PRICE,part_id,nvarchar,NO
dbo,EQUIP_PART_PRICE,price,decimal,YES
dbo,EQUIP_PART_PRICE,discount,decimal,YES
dbo,EQUIP_PM_EXCEPTION,ROWID,int,NO
dbo,EQUIP_PM_EXCEPTION,equip_id,nvarchar,NO
dbo,EQUIP_PM_EXCEPTION,profile_id,nvarchar,NO
dbo,EQUIP_PM_EXCEPTION,exception_month,int,YES
dbo,EQUIP_PM_EXCEPTION,from_date,datetime,YES
dbo,EQUIP_PM_EXCEPTION,to_date,datetime,YES
dbo,EQUIP_PM_PROFILE,ROWID,int,NO
dbo,EQUIP_PM_PROFILE,profile_id,nvarchar,NO
dbo,EQUIP_PM_PROFILE,eng_id,nvarchar,NO
dbo,EQUIP_PM_PROFILE,description,image,YES
dbo,EQUIP_PM_PROFILE,freq_type,nvarchar,YES
dbo,EQUIP_PM_PROFILE,frequency,nvarchar,YES
dbo,EQUIP_PM_PROFILE,given_day,int,YES
dbo,EQUIP_PM_PROFILE,given_date,int,YES
dbo,EQUIP_PM_PROFILE,given_month,int,YES
dbo,EQUIP_PM_SCHEDULE,ROWID,int,NO
dbo,EQUIP_PM_SCHEDULE,job_id,nvarchar,NO
dbo,EQUIP_PM_SCHEDULE,profile_id,nvarchar,YES
dbo,EQUIP_PM_SCHEDULE,equip_id,nvarchar,YES
dbo,EQUIP_PM_SCHEDULE,eng_id,nvarchar,YES
dbo,EQUIP_PM_SCHEDULE,job_date,datetime,YES
dbo,EQUIP_PM_SCHEDULE,start_date,datetime,YES
dbo,EQUIP_PM_SCHEDULE,finish_date,datetime,YES
dbo,EQUIP_PM_SCHEDULE,wo_created,nvarchar,YES
dbo,EQUIP_PM_SCHEDULE,resource_id,nvarchar,YES
dbo,EQUIP_PM_SCHEDULE,wo_create_date,datetime,YES
dbo,EQUIP_PM_SCHEDULE,wo_status,nvarchar,YES
dbo,EQUIP_PM_SCHEDULE,workorder_base_id,nvarchar,YES
dbo,EQUIP_PM_SCHEDULE,workorder_lot_id,nvarchar,YES
dbo,EQUIP_PM_SCHEDULE,workorder_split_id,nvarchar,YES
dbo,EQUIP_PM_SCHEDULE,workorder_sub_id,nvarchar,YES
dbo,EQUIP_PM_SCHEDULE,workorder_type,nvarchar,YES
dbo,EQUIP_PM_SCHEDULE,CUST_ORDER_ID,nvarchar,YES
dbo,EQUIP_PM_SCHEDULE,CUST_ORDER_LINE_NO,smallint,YES
dbo,EQUIP_PM_SCHEDULE,INVOICE_ID,nvarchar,YES
dbo,EQUIP_PM_SCHEDULE,INVOICE_FLAG,nvarchar,YES
dbo,EQUIP_PROFILE,ROWID,int,NO
dbo,EQUIP_PROFILE,profile_id,nvarchar,NO
dbo,EQUIP_PROFILE,equip_id,nvarchar,NO
dbo,EQUIP_PROFILE,last_date,datetime,YES
dbo,EQUIP_PROFILE,profile_day,int,YES
dbo,EQUIP_PROFILE,date_dayno,int,YES
dbo,EQUIP_PROFILE,profile_month,int,YES
dbo,EQUIP_RELEASE,ROWID,int,NO
dbo,EQUIP_RELEASE,equip_id,nvarchar,NO
dbo,EQUIP_RELEASE,release_no,nvarchar,NO
dbo,EQUIP_RELEASE,release_date,datetime,YES
dbo,EQUIP_TYPE,ROWID,int,NO
dbo,EQUIP_TYPE,id,nvarchar,NO
dbo,EQUIP_TYPE,description,nvarchar,YES
dbo,EQUIPMENT,ROWID,int,NO
dbo,EQUIPMENT,customer_id,nvarchar,NO
dbo,EQUIPMENT,equip_id,nvarchar,NO
dbo,EQUIPMENT,description,nvarchar,YES
dbo,EQUIPMENT,type_id,nvarchar,NO
dbo,EQUIPMENT,model,nvarchar,NO
dbo,EQUIPMENT,serial_no,nvarchar,YES
dbo,EQUIPMENT,manuf_date,datetime,YES
dbo,EQUIPMENT,vm_part_id,nvarchar,YES
dbo,EQUIPMENT,vm_wo_base_id,nvarchar,YES
dbo,EQUIPMENT,eng_rel_no,nvarchar,YES
dbo,EQUIPMENT,install_date,datetime,YES
dbo,EQUIPMENT,default_resource,nvarchar,YES
dbo,EQUIPMENT,mach_resource,nvarchar,YES
dbo,EQUIPMENT,service_area,nvarchar,YES
dbo,EQUIPMENT,branch,nvarchar,YES
dbo,EQUIPMENT,maint_type,nvarchar,YES
dbo,EQUIPMENT,class,nvarchar,YES
dbo,EQUIPMENT,period,int,YES
dbo,EQUIPMENT,start_hour,int,YES
dbo,EQUIPMENT,finish_hour,int,YES
dbo,EQUIPMENT,additional_charges,nvarchar,YES
dbo,EQUIPMENT,parts_foc,nvarchar,YES
dbo,EQUIPMENT,mileage_foc,nvarchar,YES
dbo,EQUIPMENT,labor_foc,nvarchar,YES
dbo,EQUIPMENT,laborPL,nvarchar,YES
dbo,EQUIPMENT,partPL,nvarchar,YES
dbo,EQUIPMENT,contract_no,nvarchar,YES
dbo,EQUIPMENT,start_date,datetime,YES
dbo,EQUIPMENT,finish_date,datetime,YES
dbo,EQUIPMENT,internal,nvarchar,YES
dbo,EQUIPMENT,contact_fax,nvarchar,YES
dbo,EQUIPMENT,contact_first_name,nvarchar,YES
dbo,EQUIPMENT,contact_honorific,nvarchar,YES
dbo,EQUIPMENT,contact_initial,nvarchar,YES
dbo,EQUIPMENT,contact_last_name,nvarchar,YES
dbo,EQUIPMENT,contact_phone,nvarchar,YES
dbo,EQUIPMENT,contact_position,nvarchar,YES
dbo,EQUIPMENT,contact_salutation,nvarchar,YES
dbo,EQUIPMENT,contact_mobile,nvarchar,YES
dbo,EQUIPMENT,contact_email,nvarchar,YES
dbo,EQUIPMENT,ship_to_addr_no,int,YES
dbo,EQUIPMENT,user_1,nvarchar,YES
dbo,EQUIPMENT,user_2,nvarchar,YES
dbo,EQUIPMENT,user_3,nvarchar,YES
dbo,EQUIPMENT,user_4,nvarchar,YES
dbo,EQUIPMENT,user_5,nvarchar,YES
dbo,EQUIPMENT,user_6,nvarchar,YES
dbo,EQUIPMENT,user_7,nvarchar,YES
dbo,EQUIPMENT,user_8,nvarchar,YES
dbo,EQUIPMENT,user_9,nvarchar,YES
dbo,EQUIPMENT,user_10,nvarchar,YES
dbo,EQUIPMENT,UDF_LAYOUT_ID,nvarchar,YES
dbo,EQUIPMENT,SITE_ID,nvarchar,NO
dbo,EQUIPMENT,CONTACT_ID,nvarchar,YES
dbo,EQUIPMENT,CONTACT_PHONE_EXT,nvarchar,YES
dbo,ESB_INBOUND_DUPLICATE,C_ID,bigint,NO
dbo,ESB_INBOUND_DUPLICATE,C_MESSAGE_ID,nvarchar,NO
dbo,ESB_INBOUND_DUPLICATE,C_CREATED_DATE_TIME,datetime,NO
dbo,ESB_PREVIOUS_VERSION_MEDIATION,C_ID,bigint,NO
dbo,ESB_PREVIOUS_VERSION_MEDIATION,C_LOGICAL_ID,nvarchar,NO
dbo,ESB_PREVIOUS_VERSION_MEDIATION,C_NOUN_NAME,nvarchar,NO
dbo,ESB_PREVIOUS_VERSION_MEDIATION,C_TENANT_ID,nvarchar,NO
dbo,ESB_PREVIOUS_VERSION_MEDIATION,C_ACCOUNTING_ENTITY_ID,nvarchar,YES
dbo,ESB_PREVIOUS_VERSION_MEDIATION,C_LOCATION_ID,nvarchar,YES
dbo,ESB_PREVIOUS_VERSION_MEDIATION,C_VARIATION_ID,nvarchar,YES
dbo,ESB_PREVIOUS_VERSION_MEDIATION,C_REVISION_ID,nvarchar,YES
dbo,ESB_PREVIOUS_VERSION_MEDIATION,C_NOUN_ID,nvarchar,NO
dbo,ESB_PREVIOUS_VERSION_MEDIATION,C_XML,varbinary,YES
dbo,ESB_PREVIOUS_VERSION_MEDIATION,C_AGENCY_ROLE,nvarchar,YES
dbo,ESB_VARIATION_ID_MEDIATION,C_ID,bigint,NO
dbo,ESB_VARIATION_ID_MEDIATION,C_LOGICAL_ID,nvarchar,NO
dbo,ESB_VARIATION_ID_MEDIATION,C_NOUN_NAME,nvarchar,NO
dbo,ESB_VARIATION_ID_MEDIATION,C_TENANT_ID,nvarchar,NO
dbo,ESB_VARIATION_ID_MEDIATION,C_ACCOUNTING_ENTITY_ID,nvarchar,YES
dbo,ESB_VARIATION_ID_MEDIATION,C_LOCATION_ID,nvarchar,YES
dbo,ESB_VARIATION_ID_MEDIATION,C_VARIATION_ID,nvarchar,YES
dbo,ESB_VARIATION_ID_MEDIATION,C_REVISION_ID,nvarchar,YES
dbo,ESB_VARIATION_ID_MEDIATION,C_NOUN_ID,nvarchar,NO
dbo,ESB_VARIATION_ID_MEDIATION,C_SYSTEM_ID,nvarchar,YES
dbo,ESB_VARIATION_ID_MEDIATION,C_DRILLBACK_LID,nvarchar,YES
dbo,ESB_VARIATION_ID_MEDIATION,C_AGENCY_ROLE,nvarchar,YES
dbo,EVENT_BINARY,ROWID,int,NO
dbo,EVENT_BINARY,EVENT_ID,int,NO
dbo,EVENT_BINARY,TYPE,nchar,NO
dbo,EVENT_BINARY,BITS_LENGTH,int,NO
dbo,EVENT_BINARY,BITS,image,YES
dbo,EVENT_DETECT,ROWID,int,NO
dbo,EVENT_DETECT,EVENT_ID,int,NO
dbo,EVENT_DETECT,CREATE_DATE,datetime,NO
dbo,EVENT_DETECT,EVENT_TYPE,nchar,YES
dbo,EVENT_DETECT,EVENT_BASE_ID,nvarchar,YES
dbo,EVENT_DETECT,EVENT_LOT_ID,nvarchar,YES
dbo,EVENT_DETECT,EVENT_SPLIT_ID,nvarchar,YES
dbo,EVENT_DETECT,USER_ID,nvarchar,NO
dbo,EVENT_DETECT,STATUS,nchar,YES
dbo,EVENT_DETECT,ERROR_MSG,nvarchar,YES
dbo,EVENT_LOG,ROWID,int,NO
dbo,EVENT_LOG,PROGRAM_ID,nvarchar,NO
dbo,EVENT_LOG,EVENT_ID,smallint,NO
dbo,EVENT_LOG,CREATE_DATE,datetime,NO
dbo,EVENT_LOG,TYPE,nchar,NO
dbo,EVENT_LOG,CLASS,nvarchar,YES
dbo,EVENT_LOG,DESCRIPTION,nvarchar,YES
dbo,EVENT_LOG,USER_ID,nvarchar,NO
dbo,EVENT_TRIGGER,ROWID,int,NO
dbo,EVENT_TRIGGER,ID,int,NO
dbo,EVENT_TRIGGER,TYPE,nchar,YES
dbo,EVENT_TRIGGER,BASE_ID,nvarchar,YES
dbo,EVENT_TRIGGER,LOT_ID,nvarchar,YES
dbo,EVENT_TRIGGER,SPLIT_ID,nvarchar,YES
dbo,EVENT_TRIGGER,CLASS,nchar,NO
dbo,EVENT_TRIGGER,EVENT_ACTION,nchar,NO
dbo,EVENT_TRIGGER,SENDER,nvarchar,YES
dbo,EVENT_TRIGGER,SUBJECT,nvarchar,YES
dbo,EVENT_TRIGGER,RECIPIENT,nvarchar,YES
dbo,EVENT_TRIGGER,FREQUENCY,nchar,NO
dbo,EVENT_TRIGGER,FREQ_COUNT,int,YES
dbo,EVENT_TRIGGER,FREQ_DATE,datetime,YES
dbo,EVENT_TRIGGER,STATUS,nchar,YES
dbo,EVENT_TRIGGER,CREATE_DATE,datetime,NO
dbo,EVENT_TRIGGER,USER_ID,nvarchar,NO
dbo,EXCEPTION,ROWID,int,NO
dbo,EXCEPTION,TYPE,nchar,NO
dbo,EXCEPTION,OWNER_ID,nvarchar,NO
dbo,EXCEPTION,EXCEPTION_ID,nvarchar,NO
dbo,EXCEPTION,CREATE_DATE,datetime,NO
dbo,EXCEPTION,NOTE,image,YES
dbo,EXPIRED_PWD,ROWID,int,NO
dbo,EXPIRED_PWD,USER_ID,nvarchar,NO
dbo,EXPIRED_PWD,CYCLE_NO,int,NO
dbo,EXPIRED_PWD,USER_PWD,nvarchar,YES
dbo,EXTRA_JOIN,PARENT,nvarchar,NO
dbo,EXTRA_JOIN,CHILD,nvarchar,NO
dbo,EXTRA_JOIN,ADDTL_WHERE,nvarchar,YES
dbo,EXTRA_JOIN,NAME,nvarchar,NO
dbo,EXTRA_JOIN,CHILD_COLUMNS,nvarchar,YES
dbo,EXTRA_JOIN,ROWID,int,NO
dbo,FEEDING_OPERATIONS,ROWID,int,NO
dbo,FEEDING_OPERATIONS,BUFFER_ID,int,NO
dbo,FEEDING_OPERATIONS,WORKORDER_TYPE,nchar,NO
dbo,FEEDING_OPERATIONS,WORKORDER_BASE_ID,nvarchar,NO
dbo,FEEDING_OPERATIONS,WORKORDER_LOT_ID,nvarchar,NO
dbo,FEEDING_OPERATIONS,WORKORDER_SPLIT_ID,nvarchar,NO
dbo,FEEDING_OPERATIONS,WORKORDER_SUB_ID,nvarchar,NO
dbo,FEEDING_OPERATIONS,OPERATION_SEQ_NO,smallint,NO
dbo,FEEDING_OPERATIONS,FED_TYPE,nchar,NO
dbo,FIN_DIST_DETAIL,ROWID,int,NO
dbo,FIN_DIST_DETAIL,PROCESS_TYPE,nvarchar,NO
dbo,FIN_DIST_DETAIL,SOURCE_ID,nvarchar,NO
dbo,FIN_DIST_DETAIL,SOURCE_LINE_NO,smallint,NO
dbo,FIN_DIST_DETAIL,SOURCE_DIST_NO,smallint,NO
dbo,FIN_DIST_DETAIL,SOURCE_ENTRY_NO,smallint,NO
dbo,FIN_DIST_DETAIL,AMOUNT_TYPE,nchar,NO
dbo,FIN_DIST_DETAIL,GL_ACCOUNT_ID,nvarchar,NO
dbo,FIN_DIST_DETAIL,CURRENCY_ID,nvarchar,NO
dbo,FIN_DIST_DETAIL,SITE_ID,nvarchar,NO
dbo,FIN_DIST_DETAIL,AMOUNT,decimal,NO
dbo,FINANCIAL_CALENDAR,ROWID,int,NO
dbo,FINANCIAL_CALENDAR,ID,nvarchar,NO
dbo,FINANCIAL_CALENDAR,PERIOD_TYPE,nchar,NO
dbo,FINANCIAL_CALENDAR,PERIODS_PER_YEAR,smallint,NO
dbo,FINANCIAL_CALENDAR,FISCAL_YEAR_END_MONTH,decimal,YES
dbo,FINANCIAL_CALENDAR,FISCAL_YEAR_END_DAY,decimal,YES
dbo,FINANCIAL_CALENDAR,DESCRIPTION,nvarchar,YES
dbo,FINANCIAL_CALENDAR,ACTIVE_FLAG,nchar,YES
dbo,FINANCIAL_PERIOD,ROWID,int,NO
dbo,FINANCIAL_PERIOD,CALENDAR_ID,nvarchar,NO
dbo,FINANCIAL_PERIOD,ACCT_YEAR,decimal,NO
dbo,FINANCIAL_PERIOD,ACCT_PERIOD,decimal,NO
dbo,FINANCIAL_PERIOD,BEGIN_DATE,datetime,YES
dbo,FINANCIAL_PERIOD,END_DATE,datetime,YES
dbo,FOB_POINT,ROWID,int,NO
dbo,FOB_POINT,CODE,nvarchar,NO
dbo,FOB_POINT,DESCRIPTION,nvarchar,YES
dbo,FOB_POINT,INTRANSIT_OWNER,nvarchar,YES
dbo,FOB_POINT_SYNC,ROWID,int,NO
dbo,FOB_POINT_SYNC,EVENT_ID,int,NO
dbo,FOB_POINT_SYNC,TYPE,nchar,NO
dbo,FOB_POINT_SYNC,CREATE_DATE,datetime,NO
dbo,FOB_POINT_SYNC,FOB_POINT_CODE,nvarchar,NO
dbo,FOB_POINT_SYNC,EXCEPTION,nchar,NO
dbo,FOB_POINT_SYNC,SUBSCRIPTIONS,int,NO
dbo,GAGE,ROWID,int,NO
dbo,GAGE,GAGE_ID,nvarchar,NO
dbo,GAGE,DESCRIPTION,nvarchar,YES
dbo,GAGE,TYPE,nvarchar,YES
dbo,GAGE,SERIALNUM_REQD,nchar,NO
dbo,GJ,ROWID,int,NO
dbo,GJ,ID,nvarchar,NO
dbo,GJ,GJ_DATE,datetime,NO
dbo,GJ,DESCRIPTION,nvarchar,YES
dbo,GJ,POSTING_DATE,datetime,NO
dbo,GJ,TOTAL_DR_AMOUNT,decimal,NO
dbo,GJ,TOTAL_CR_AMOUNT,decimal,NO
dbo,GJ,SELL_RATE,decimal,NO
dbo,GJ,BUY_RATE,decimal,NO
dbo,GJ,SITE_ID,nvarchar,NO
dbo,GJ,CREATE_DATE,datetime,NO
dbo,GJ,USER_ID,nvarchar,NO
dbo,GJ,CURRENCY_ID,nvarchar,YES
dbo,GJ,POST_ALL_TRACKING,nchar,NO
dbo,GJ,POST_AS_NATIVE,nchar,NO
dbo,GJ,USER_EXCH_RATE,nchar,NO
dbo,GJ,ALLOCATION_ID,nvarchar,YES
dbo,GJ,RECURRING_ID,nvarchar,YES
dbo,GJ,ACT_RATE_ID,nvarchar,YES
dbo,GJ,ACT_PERIOD_ID,nvarchar,YES
dbo,GJ,RETRO_RATE_ID,nvarchar,YES
dbo,GJ,RETRO_PERIOD_ID,nvarchar,YES
dbo,GJ,RETRO_RATE_CODE,nchar,YES
dbo,GJ,POSTING_CANDIDATE,nchar,NO
dbo,GJ_CURR,ROWID,int,NO
dbo,GJ_CURR,GJ_ID,nvarchar,NO
dbo,GJ_CURR,CURRENCY_ID,nvarchar,NO
dbo,GJ_CURR,AMOUNT,decimal,NO
dbo,GJ_CURR,SELL_RATE,decimal,NO
dbo,GJ_CURR,BUY_RATE,decimal,NO
dbo,GJ_DIST,ROWID,int,NO
dbo,GJ_DIST,GJ_ID,nvarchar,NO
dbo,GJ_DIST,DIST_NO,smallint,NO
dbo,GJ_DIST,ENTRY_NO,smallint,NO
dbo,GJ_DIST,AMOUNT,decimal,NO
dbo,GJ_DIST,AMOUNT_TYPE,nchar,NO
dbo,GJ_DIST,GL_ACCOUNT_ID,nvarchar,NO
dbo,GJ_DIST,NATIVE_AMOUNT,decimal,NO
dbo,GJ_DIST,POSTING_DATE,datetime,NO
dbo,GJ_DIST,POSTING_STATUS,nchar,NO
dbo,GJ_DIST,BATCH_ID,nvarchar,YES
dbo,GJ_DIST,CREATE_DATE,datetime,NO
dbo,GJ_DIST,SITE_ID,nvarchar,NO
dbo,GJ_DIST,CURRENCY_ID,nvarchar,NO
dbo,GJ_DIST,NATIVE,nchar,NO
dbo,GJ_LINE,ROWID,int,NO
dbo,GJ_LINE,GJ_ID,nvarchar,NO
dbo,GJ_LINE,LINE_NO,smallint,NO
dbo,GJ_LINE,GL_ACCOUNT_ID,nvarchar,NO
dbo,GJ_LINE,DEBIT_AMOUNT,decimal,NO
dbo,GJ_LINE,CREDIT_AMOUNT,decimal,NO
dbo,GJ_LINE,REFERENCE,nvarchar,YES
dbo,GJ_LINE,COST_CATEGORY_ID,nvarchar,YES
dbo,GJ_LINE,DEPARTMENT_ID,nvarchar,YES
dbo,GJ_LINE,PROJECT_ID,nvarchar,YES
dbo,GJ_LINE,WBS_CODE,nvarchar,YES
dbo,GJ_LINE,PROJ_REF_SEQ_NO,smallint,YES
dbo,GJ_LINE,PROJ_REF_SUB_ID,nvarchar,YES
dbo,GJ_LINE,ACCOUNT_YEAR,decimal,YES
dbo,GJ_LINE,HOURS,decimal,YES
dbo,GJ_LINE,ACT_BURDEN_COST,decimal,YES
dbo,GJ_LINE,USER_DIMENSION_1,nvarchar,YES
dbo,GJ_LINE,USER_DIMENSION_2,nvarchar,YES
dbo,GJ_LINE,CUST_ORDER_ID,nvarchar,YES
dbo,GJ_LINE,PRODUCT_CODE,nvarchar,YES
dbo,GJ_LINE_CURR,ROWID,int,NO
dbo,GJ_LINE_CURR,GJ_ID,nvarchar,NO
dbo,GJ_LINE_CURR,LINE_NO,smallint,NO
dbo,GJ_LINE_CURR,CURRENCY_ID,nvarchar,NO
dbo,GJ_LINE_CURR,AMOUNT,decimal,NO
dbo,GJ_LINE_CURR,SELL_RATE,decimal,NO
dbo,GJ_LINE_CURR,BUY_RATE,decimal,NO
dbo,GL_BURDEN_MAP,ROWID,int,NO
dbo,GL_BURDEN_MAP,DEPARTMENT_ID,nvarchar,NO
dbo,GL_BURDEN_MAP,PROJECT_TYPE,nvarchar,NO
dbo,GL_BURDEN_MAP,COST_GROUP_ID,nvarchar,NO
dbo,GL_BURDEN_MAP,DEBIT_GL_ACCOUNT,nvarchar,YES
dbo,GL_BURDEN_MAP,CREDIT_GL_ACCOUNT,nvarchar,YES
dbo,GL_BURDEN_MAP,BURDEN_GROUP_ID,nvarchar,NO
dbo,GL_INTERFACE,ROWID,int,NO
dbo,GL_INTERFACE,ID,nvarchar,NO
dbo,GL_INTERFACE,DESCRIPTION,nvarchar,YES
dbo,GL_INTERFACE_ACCT,ROWID,int,NO
dbo,GL_INTERFACE_ACCT,SITE_ID,nvarchar,NO
dbo,GL_INTERFACE_ACCT,INTERFACE_ID,nvarchar,NO
dbo,GL_INTERFACE_ACCT,GL_GROUP_ID,nvarchar,YES
dbo,GL_INTERFACE_ACCT,GL_ACCOUNT_ID,nvarchar,YES
dbo,GOTO_TABLE_COLUMN,ROWID,int,NO
dbo,GOTO_TABLE_COLUMN,GOTO_VMPGM_PROGRAM_ID,nvarchar,NO
dbo,GOTO_TABLE_COLUMN,GOTO_VMPGM_GOTO_ID,int,NO
dbo,GOTO_TABLE_COLUMN,TABLE_NAME,nvarchar,NO
dbo,GOTO_TABLE_COLUMN,COL_SEQ,int,NO
dbo,GOTO_TABLE_COLUMN,COLUMN_NAME,nvarchar,NO
dbo,GOTO_TABLE_COLUMN,IS_PRIMARY,nvarchar,NO
dbo,GOTO_TABLE_COLUMN,IS_VALUE,nvarchar,YES
dbo,GOTO_TABLE_COLUMN,FIXED_VALUE,nvarchar,YES
dbo,GOTO_VMPGM,ROWID,int,NO
dbo,GOTO_VMPGM,PROGRAM_ID,nvarchar,NO
dbo,GOTO_VMPGM,GOTO_ID,int,NO
dbo,GOTO_VMPGM,WPARAM_ARG,int,YES
dbo,GPSCMF,ROWID,int,NO
dbo,GPSCMF,GCBOID,nvarchar,YES
dbo,GPSCMF,GCBOVL,nvarchar,YES
dbo,GPSCMF,GCLNID,nvarchar,YES
dbo,GPSCMF,GCBODS,nvarchar,YES
dbo,GPSUMF,ROWID,int,NO
dbo,GPSUMF,GUBOID,nvarchar,YES
dbo,GPSUMF,GUBOVL,nvarchar,YES
dbo,GPSUMF,GUBODS,nvarchar,YES
dbo,GROUP_USER,ROWID,int,NO
dbo,GROUP_USER,GROUP_ID,nvarchar,NO
dbo,GROUP_USER,USER_ID,nvarchar,NO
dbo,GROUP_USER,IS_LEADER,nchar,YES
dbo,GROUP_USER,CREATE_DATE,datetime,NO
dbo,GROUP_USER,USER_SIGNOFF,nchar,YES
dbo,GROUPS,ROWID,int,NO
dbo,GROUPS,ID,nvarchar,NO
dbo,GROUPS,DESCRIPTION,nvarchar,YES
dbo,GROUPS,CREATE_DATE,datetime,NO
dbo,GROUPS,DEF_AUTH_GRP,nchar,YES
dbo,GROUPS,DEF_IMPL_GRP,nchar,YES
dbo,GROUPS,DEF_APRV_GRP,nchar,YES
dbo,GROUPS,DEF_DIST_GRP,nchar,YES
dbo,GROUPS,APPROVAL_1,nchar,YES
dbo,GROUPS,APPROVAL_2,nchar,YES
dbo,GROUPS,APPROVAL_3,nchar,YES
dbo,GROUPS,APPROVAL_4,nchar,YES
dbo,GROUPS,GROUP_SIGNOFF,nchar,YES
dbo,GROUPS,WORKFLOW_APPROVAL,nchar,YES
dbo,GROUPS,IS_PROFILE,nchar,YES
dbo,GROUPS,SITE_ID,nvarchar,YES
dbo,HARMONIZED_TARIFF,ROWID,int,NO
dbo,HARMONIZED_TARIFF,HTS_CODE,nvarchar,NO
dbo,HARMONIZED_TARIFF,DESCRIPTION,nvarchar,YES
dbo,HARMONIZED_TARIFF,DUTY_PERCENT,decimal,NO
dbo,HISTORY_DATA,USER_ID,nvarchar,NO
dbo,HISTORY_DATA,TBL_NAME,nvarchar,NO
dbo,HISTORY_DATA,COL_NAME,nvarchar,NO
dbo,HISTORY_DATA,CREATE_DATE,datetime,NO
dbo,HISTORY_DATA,PRIMARY_KEY,nvarchar,YES
dbo,HISTORY_DATA,ACTION,nvarchar,YES
dbo,HISTORY_DATA,OLD_VALUE,nvarchar,YES
dbo,HISTORY_DATA,NEW_VALUE,nvarchar,YES
dbo,HISTORY_DEFINITION,TBL_NAME,nvarchar,NO
dbo,HISTORY_DEFINITION,COL_NAME,nvarchar,NO
dbo,HISTORY_DEFINITION,COL_TYPE,nvarchar,YES
dbo,HISTORY_DEFINITION,FOR_INSERT,nchar,YES
dbo,HISTORY_DEFINITION,FOR_UPDATE,nchar,YES
dbo,HISTORY_DEFINITION,FOR_DELETE,nchar,YES
dbo,HISTORY_SCHEMA,TBL_NAME,nvarchar,NO
dbo,HISTORY_SCHEMA,COL_NAME,nvarchar,NO
dbo,HISTORY_SCHEMA,COL_TYPE,nvarchar,YES
dbo,HISTORY_SCHEMA,IS_PRIMARY,nchar,YES
dbo,HISTORY_SCHEMA,PK_ORDER,int,YES
dbo,HOLD_REASON,ROWID,int,NO
dbo,HOLD_REASON,ID,nvarchar,NO
dbo,HOLD_REASON,DESCRIPTION,nvarchar,NO
dbo,HONORIFIC,ROWID,int,NO
dbo,HONORIFIC,NAME,nvarchar,NO
dbo,HTS_DUTY_PERCENT,ROWID,int,NO
dbo,HTS_DUTY_PERCENT,HTS_CODE,nvarchar,NO
dbo,HTS_DUTY_PERCENT,ORIG_COUNTRY_ID,nvarchar,NO
dbo,HTS_DUTY_PERCENT,DUTY_PERCENT,decimal,NO
dbo,IBT,ROWID,int,NO
dbo,IBT,ID,nvarchar,NO
dbo,IBT,FROM_WHSE_ID,nvarchar,NO
dbo,IBT,TO_WHSE_ID,nvarchar,NO
dbo,IBT,ORDER_DATE,datetime,NO
dbo,IBT,TRANSIT_DAYS,decimal,YES
dbo,IBT,DESIRED_RECV_DATE,datetime,YES
dbo,IBT,DESIRED_SHIP_DATE,datetime,YES
dbo,IBT,BUYER,nvarchar,YES
dbo,IBT,SHIP_VIA,nvarchar,YES
dbo,IBT,STATUS,nchar,NO
dbo,IBT,RECEIVED_DATE,datetime,YES
dbo,IBT,SHIPPED_DATE,datetime,YES
dbo,IBT,FREIGHT,decimal,YES
dbo,IBT,SHIP_REASON_CD,nvarchar,YES
dbo,IBT,RETURNED_DATE,datetime,YES
dbo,IBT,CARRIER_ID,nvarchar,YES
dbo,IBT,FREIGHT_TERMS,nchar,YES
dbo,IBT,MARKED_FOR_PURGE,nchar,NO
dbo,IBT,UDF_LAYOUT_ID,nvarchar,YES
dbo,IBT,USER_1,nvarchar,YES
dbo,IBT,USER_2,nvarchar,YES
dbo,IBT,USER_3,nvarchar,YES
dbo,IBT,USER_4,nvarchar,YES
dbo,IBT,USER_5,nvarchar,YES
dbo,IBT,USER_6,nvarchar,YES
dbo,IBT,USER_7,nvarchar,YES
dbo,IBT,USER_8,nvarchar,YES
dbo,IBT,USER_9,nvarchar,YES
dbo,IBT,USER_10,nvarchar,YES
dbo,IBT,OWNER_ID,nvarchar,YES
dbo,IBT,DISPATCHED,nchar,YES
dbo,IBT,CONSIGNED_XFR_TYPE,nchar,NO
dbo,IBT,CUSTOMER_ID,nvarchar,YES
dbo,IBT,VENDOR_ID,nvarchar,YES
dbo,IBT,SHIP_FROM_ADDR_NO,int,YES
dbo,IBT,SHIP_TO_ADDR_NO,int,YES
dbo,IBT,CONTACT_FIRST_NAME,nvarchar,YES
dbo,IBT,CONTACT_LAST_NAME,nvarchar,YES
dbo,IBT,CONTACT_INITIAL,nvarchar,YES
dbo,IBT,CONTACT_POSITION,nvarchar,YES
dbo,IBT,CONTACT_HONORIFIC,nvarchar,YES
dbo,IBT,CONTACT_SALUTATION,nvarchar,YES
dbo,IBT,CONTACT_PHONE,nvarchar,YES
dbo,IBT,CONTACT_FAX,nvarchar,YES
dbo,IBT,CONTACT_MOBILE,nvarchar,YES
dbo,IBT,CONTACT_EMAIL,nvarchar,YES
dbo,IBT,STATUS_EFF_DATE,datetime,NO
dbo,IBT,SITE_ID,nvarchar,NO
dbo,IBT,CONTACT_ID,nvarchar,YES
dbo,IBT,CONTACT_PHONE_EXT,nvarchar,YES
dbo,IBT_BINARY,ROWID,int,NO
dbo,IBT_BINARY,IBT_ID,nvarchar,NO
dbo,IBT_BINARY,TYPE,nchar,NO
dbo,IBT_BINARY,BITS,image,YES
dbo,IBT_BINARY,BITS_LENGTH,int,NO
dbo,IBT_LINE,ROWID,int,NO
dbo,IBT_LINE,IBT_ID,nvarchar,NO
dbo,IBT_LINE,LINE_NO,smallint,NO
dbo,IBT_LINE,PART_ID,nvarchar,YES
dbo,IBT_LINE,USER_ORDER_QTY,decimal,NO
dbo,IBT_LINE,ORDER_QTY,decimal,NO
dbo,IBT_LINE,USER_SHIPPED_QTY,decimal,YES
dbo,IBT_LINE,SHIPPED_QTY,decimal,YES
dbo,IBT_LINE,USER_RECV_QTY,decimal,YES
dbo,IBT_LINE,RECEIVED_QTY,decimal,YES
dbo,IBT_LINE,IBT_UM,nvarchar,YES
dbo,IBT_LINE,RETURNED_QTY,decimal,YES
dbo,IBT_LINE,USER_RETURNED_QTY,decimal,YES
dbo,IBT_LINE,UNIT_PRICE,decimal,YES
dbo,IBT_LINE,SHIPPING_WEIGHT,decimal,YES
dbo,IBT_LINE,WEIGHT_UM,nvarchar,YES
dbo,IBT_LINE,CARTON_COUNT,smallint,YES
dbo,IBT_LINE,PACKAGE_TYPE,nvarchar,YES
dbo,IBT_LINE,LINE_STATUS,nchar,NO
dbo,IBT_LINE,DEM_ALLOCATED_QTY,decimal,NO
dbo,IBT_LINE,DEM_FULFILLED_QTY,decimal,NO
dbo,IBT_LINE,SUP_ALLOCATED_QTY,decimal,NO
dbo,IBT_LINE,SUP_FULFILLED_QTY,decimal,NO
dbo,IBT_LINE,TRANSIT_LOC_ID,nvarchar,YES
dbo,IBT_LINE,UDF_LAYOUT_ID,nvarchar,YES
dbo,IBT_LINE,USER_1,nvarchar,YES
dbo,IBT_LINE,USER_2,nvarchar,YES
dbo,IBT_LINE,USER_3,nvarchar,YES
dbo,IBT_LINE,USER_4,nvarchar,YES
dbo,IBT_LINE,USER_5,nvarchar,YES
dbo,IBT_LINE,USER_6,nvarchar,YES
dbo,IBT_LINE,USER_7,nvarchar,YES
dbo,IBT_LINE,USER_8,nvarchar,YES
dbo,IBT_LINE,USER_9,nvarchar,YES
dbo,IBT_LINE,USER_10,nvarchar,YES
dbo,IBT_LINE,OWNER_ID,nvarchar,YES
dbo,IBT_LINE,TRACE_QTY,decimal,YES
dbo,IBT_LINE,DISPATCHED,nchar,YES
dbo,IBT_LINE,STATUS_EFF_DATE,datetime,NO
dbo,IBT_LINE,FROM_USER_DIMENSION_1,nvarchar,YES
dbo,IBT_LINE,FROM_USER_DIMENSION_2,nvarchar,YES
dbo,IBT_LINE,FROM_CUST_ORDER_ID,nvarchar,YES
dbo,IBT_LINE,TO_USER_DIMENSION_1,nvarchar,YES
dbo,IBT_LINE,TO_USER_DIMENSION_2,nvarchar,YES
dbo,IBT_LINE,TO_CUST_ORDER_ID,nvarchar,YES
dbo,IBT_LINE,PIECE_COUNT,decimal,YES
dbo,IBT_LINE,LENGTH,decimal,YES
dbo,IBT_LINE,WIDTH,decimal,YES
dbo,IBT_LINE,HEIGHT,decimal,YES
dbo,IBT_LINE,DIMENSIONS_UM,nvarchar,YES
dbo,IBT_LINE,SHPD_PIECE_COUNT,decimal,YES
dbo,IBT_LINE,SHPD_LENGTH,decimal,YES
dbo,IBT_LINE,SHPD_WIDTH,decimal,YES
dbo,IBT_LINE,SHPD_HEIGHT,decimal,YES
dbo,IBT_LINE,SHPD_DIMENSIONS_UM,nvarchar,YES
dbo,IBT_LINE,RCVD_PIECE_COUNT,decimal,YES
dbo,IBT_LINE,RCVD_LENGTH,decimal,YES
dbo,IBT_LINE,RCVD_WIDTH,decimal,YES
dbo,IBT_LINE,RCVD_HEIGHT,decimal,YES
dbo,IBT_LINE,RCVD_DIMENSIONS_UM,nvarchar,YES
dbo,IBT_LINE_BINARY,ROWID,int,NO
dbo,IBT_LINE_BINARY,IBT_ID,nvarchar,NO
dbo,IBT_LINE_BINARY,IBT_LINE_NO,smallint,NO
dbo,IBT_LINE_BINARY,TYPE,nchar,NO
dbo,IBT_LINE_BINARY,BITS,image,YES
dbo,IBT_LINE_BINARY,BITS_LENGTH,int,NO
dbo,IBT_LINE_TRC_CTL,ROWID,int,NO
dbo,IBT_LINE_TRC_CTL,IBT_ID,nvarchar,NO
dbo,IBT_LINE_TRC_CTL,IBT_LINE_NO,int,NO
dbo,IBT_LINE_TRC_CTL,SERIAL_ID_CTL,nvarchar,YES
dbo,IBT_LINE_TRC_CTL,LOT_ID_CTL,nvarchar,YES
dbo,IBT_LINE_TRC_CTL,APROPERTY_1_CTL,nvarchar,YES
dbo,IBT_LINE_TRC_CTL,APROPERTY_2_CTL,nvarchar,YES
dbo,IBT_LINE_TRC_CTL,APROPERTY_3_CTL,nvarchar,YES
dbo,IBT_LINE_TRC_CTL,APROPERTY_4_CTL,nvarchar,YES
dbo,IBT_LINE_TRC_CTL,APROPERTY_5_CTL,nvarchar,YES
dbo,IBT_LINE_TRC_CTL,NPROPERTY_1_CTL,nvarchar,YES
dbo,IBT_LINE_TRC_CTL,NPROPERTY_2_CTL,nvarchar,YES
dbo,IBT_LINE_TRC_CTL,NPROPERTY_3_CTL,nvarchar,YES
dbo,IBT_LINE_TRC_CTL,NPROPERTY_4_CTL,nvarchar,YES
dbo,IBT_LINE_TRC_CTL,NPROPERTY_5_CTL,nvarchar,YES
dbo,IBT_LINE_TRC_CTL,EXPIRE_DATE_CTL,nvarchar,YES
dbo,IBT_LINE_TRC_CTL,PROD_DATE_CTL,nvarchar,YES
dbo,IBT_LINE_TRC_CTL,REC_BY_DATE_CTL,nvarchar,YES
dbo,IBT_LINE_TRC_CTL,AVAILABLE_DATE_CTL,nvarchar,YES
dbo,IBT_LINE_TRC_CTL,SHIP_BY_DATE_CTL,nvarchar,YES
dbo,IBT_RECEIVER,ROWID,int,NO
dbo,IBT_RECEIVER,ID,nvarchar,NO
dbo,IBT_RECEIVER,IBT_ID,nvarchar,NO
dbo,IBT_RECEIVER,RECEIVED_DATE,datetime,YES
dbo,IBT_RECEIVER,CREATE_DATE,datetime,NO
dbo,IBT_RECEIVER,USER_ID,nvarchar,NO
dbo,IBT_RECEIVER,MARKED_FOR_PURGE,nchar,NO
dbo,IBT_RECEIVER,SHIP_REASON_CD,nvarchar,YES
dbo,IBT_RECEIVER,SHIPPER_ID,nvarchar,YES
dbo,IBT_RECEIVER,RCPT_ACK_RECEIVED,datetime,YES
dbo,IBT_RECEIVER,CONTACT_FIRST_NAME,nvarchar,YES
dbo,IBT_RECEIVER,CONTACT_LAST_NAME,nvarchar,YES
dbo,IBT_RECEIVER,CONTACT_INITIAL,nvarchar,YES
dbo,IBT_RECEIVER,CONTACT_POSITION,nvarchar,YES
dbo,IBT_RECEIVER,CONTACT_HONORIFIC,nvarchar,YES
dbo,IBT_RECEIVER,CONTACT_SALUTATION,nvarchar,YES
dbo,IBT_RECEIVER,CONTACT_PHONE,nvarchar,YES
dbo,IBT_RECEIVER,CONTACT_FAX,nvarchar,YES
dbo,IBT_RECEIVER,CONTACT_MOBILE,nvarchar,YES
dbo,IBT_RECEIVER,CONTACT_EMAIL,nvarchar,YES
dbo,IBT_RECEIVER,SITE_ID,nvarchar,NO
dbo,IBT_RECEIVER,CONTACT_ID,nvarchar,YES
dbo,IBT_RECEIVER,CONTACT_PHONE_EXT,nvarchar,YES
dbo,IBT_RECEIVER_LINE,ROWID,int,NO
dbo,IBT_RECEIVER_LINE,RECEIVER_ID,nvarchar,NO
dbo,IBT_RECEIVER_LINE,LINE_NO,int,NO
dbo,IBT_RECEIVER_LINE,IBT_ID,nvarchar,NO
dbo,IBT_RECEIVER_LINE,IBT_LINE_NO,int,NO
dbo,IBT_RECEIVER_LINE,USER_RECEIVED_QTY,decimal,NO
dbo,IBT_RECEIVER_LINE,RECEIVED_QTY,decimal,NO
dbo,IBT_RECEIVER_LINE,ACT_FREIGHT,decimal,NO
dbo,IBT_RECEIVER_LINE,WAREHOUSE_ID,nvarchar,YES
dbo,IBT_RECEIVER_LINE,LOCATION_ID,nvarchar,YES
dbo,IBT_RECEIVER_LINE,IN_TRANSACTION_ID,int,YES
dbo,IBT_RECEIVER_LINE,OUT_TRANSACTION_ID,int,YES
dbo,IBT_RECEIVER_LINE,SHIPPER_ID,nvarchar,YES
dbo,IBT_RECEIVER_LINE,SHIPPER_LINE_NO,int,YES
dbo,IBT_RECEIVER_LINE,PIECE_COUNT,decimal,YES
dbo,IBT_RECEIVER_LINE,LENGTH,decimal,YES
dbo,IBT_RECEIVER_LINE,WIDTH,decimal,YES
dbo,IBT_RECEIVER_LINE,HEIGHT,decimal,YES
dbo,IBT_RECEIVER_LINE,DIMENSIONS_UM,nvarchar,YES
dbo,IBT_SHIPPER,ROWID,int,NO
dbo,IBT_SHIPPER,SHIPPER_ID,nvarchar,NO
dbo,IBT_SHIPPER,IBT_ID,nvarchar,NO
dbo,IBT_SHIPPER,SHIPPED_DATE,datetime,YES
dbo,IBT_SHIPPER,CREATE_DATE,datetime,NO
dbo,IBT_SHIPPER,USER_ID,nvarchar,NO
dbo,IBT_SHIPPER,MARKED_FOR_PURGE,nchar,NO
dbo,IBT_SHIPPER,LONG_DESCRIPTION,image,YES
dbo,IBT_SHIPPER,BOL_ID,nvarchar,YES
dbo,IBT_SHIPPER,ASN_ID,nvarchar,YES
dbo,IBT_SHIPPER,PRINTED_DATE,datetime,YES
dbo,IBT_SHIPPER,FREE_ON_BOARD,nvarchar,YES
dbo,IBT_SHIPPER,SHIP_VIA,nvarchar,YES
dbo,IBT_SHIPPER,SALES_TAX_GROUP_ID,nvarchar,YES
dbo,IBT_SHIPPER,SITE_ID,nvarchar,NO
dbo,IBT_SHIPPER,ESL_REPORT_NO,int,YES
dbo,IBT_SHIPPER,ESL_FILENAME,nvarchar,YES
dbo,IBT_SHIPPER,SHIP_REASON_CD,nvarchar,YES
dbo,IBT_SHIPPER,CUSTOMS_DOC_ID,nvarchar,YES
dbo,IBT_SHIPPER,WEIGH_BILL_NUMBER,nvarchar,YES
dbo,IBT_SHIPPER,POOL_CODE,nvarchar,YES
dbo,IBT_SHIPPER,VEHICLE_NUMBER,nvarchar,YES
dbo,IBT_SHIPPER,INTER_CONSIGNEE,nvarchar,YES
dbo,IBT_SHIPPER,TARE_WEIGHT,decimal,YES
dbo,IBT_SHIPPER,TOTAL_NET_WEIGHT,decimal,YES
dbo,IBT_SHIPPER,TOTAL_GROSS_WEIGHT,decimal,YES
dbo,IBT_SHIPPER,USER_RECEIVED_QTY,decimal,YES
dbo,IBT_SHIPPER,RECEIVED_QTY,decimal,YES
dbo,IBT_SHIPPER,RCPT_ACK_PRINTED,datetime,YES
dbo,IBT_SHIPPER,CONTACT_FIRST_NAME,nvarchar,YES
dbo,IBT_SHIPPER,CONTACT_LAST_NAME,nvarchar,YES
dbo,IBT_SHIPPER,CONTACT_INITIAL,nvarchar,YES
dbo,IBT_SHIPPER,CONTACT_POSITION,nvarchar,YES
dbo,IBT_SHIPPER,CONTACT_HONORIFIC,nvarchar,YES
dbo,IBT_SHIPPER,CONTACT_SALUTATION,nvarchar,YES
dbo,IBT_SHIPPER,CONTACT_PHONE,nvarchar,YES
dbo,IBT_SHIPPER,CONTACT_FAX,nvarchar,YES
dbo,IBT_SHIPPER,CONTACT_MOBILE,nvarchar,YES
dbo,IBT_SHIPPER,CONTACT_EMAIL,nvarchar,YES
dbo,IBT_SHIPPER,CONTACT_ID,nvarchar,YES
dbo,IBT_SHIPPER,CONTACT_PHONE_EXT,nvarchar,YES
dbo,IBT_SHIPPER_LINE,ROWID,int,NO
dbo,IBT_SHIPPER_LINE,SHIPPER_ID,nvarchar,NO
dbo,IBT_SHIPPER_LINE,LINE_NO,int,NO
dbo,IBT_SHIPPER_LINE,IBT_ID,nvarchar,NO
dbo,IBT_SHIPPER_LINE,IBT_LINE_NO,int,NO
dbo,IBT_SHIPPER_LINE,USER_SHIPPED_QTY,decimal,NO
dbo,IBT_SHIPPER_LINE,SHIPPED_QTY,decimal,NO
dbo,IBT_SHIPPER_LINE,ACT_FREIGHT,decimal,NO
dbo,IBT_SHIPPER_LINE,SHIPPING_WEIGHT,decimal,YES
dbo,IBT_SHIPPER_LINE,WEIGHT_UM,nvarchar,YES
dbo,IBT_SHIPPER_LINE,CARTON_COUNT,int,YES
dbo,IBT_SHIPPER_LINE,IN_TRANSACTION_ID,int,YES
dbo,IBT_SHIPPER_LINE,OUT_TRANSACTION_ID,int,YES
dbo,IBT_SHIPPER_LINE,NMFC_CODE_ID,nvarchar,YES
dbo,IBT_SHIPPER_LINE,PACKAGE_TYPE,nvarchar,YES
dbo,IBT_SHIPPER_LINE,PALLET_COUNT,int,YES
dbo,IBT_SHIPPER_LINE,SHIPPING_UM,nvarchar,YES
dbo,IBT_SHIPPER_LINE,LONG_DESCRIPTION,image,YES
dbo,IBT_SHIPPER_LINE,DIMENSIONS_UM,nvarchar,YES
dbo,IBT_SHIPPER_LINE,SHIP_DIMENSIONS,nvarchar,YES
dbo,IBT_SHIPPER_LINE,SERVICE_CHARGE_ID,nvarchar,YES
dbo,IBT_SHIPPER_LINE,MISC_REFERENCE,nvarchar,YES
dbo,IBT_SHIPPER_LINE,VAT_CODE,nvarchar,YES
dbo,IBT_SHIPPER_LINE,UNIT_PRICE,decimal,YES
dbo,IBT_SHIPPER_LINE,ITA_SPECIAL_CHARGE,nvarchar,YES
dbo,IBT_SHIPPER_LINE,NET_SHIP_WEIGHT,decimal,YES
dbo,IBT_SHIPPER_LINE,TARE_WEIGHT,decimal,YES
dbo,IBT_SHIPPER_LINE,PIECE_COUNT,decimal,YES
dbo,IBT_SHIPPER_LINE,LENGTH,decimal,YES
dbo,IBT_SHIPPER_LINE,WIDTH,decimal,YES
dbo,IBT_SHIPPER_LINE,HEIGHT,decimal,YES
dbo,IBT_SYNC,ROWID,int,NO
dbo,IBT_SYNC,EVENT_ID,int,NO
dbo,IBT_SYNC,TYPE,nchar,NO
dbo,IBT_SYNC,CREATE_DATE,datetime,NO
dbo,IBT_SYNC,IBT_ID,nvarchar,NO
dbo,IBT_SYNC,EXCEPTION,nchar,NO
dbo,IBT_SYNC,SUBSCRIPTIONS,int,NO
dbo,INBOX_ERROR,C_ID,bigint,NO
dbo,INBOX_ERROR,C_INBOX_ID,bigint,NO
dbo,INBOX_ERROR,C_BOD_TYPE,nvarchar,YES
dbo,INBOX_ERROR,C_DOCUMENT_ID,nvarchar,YES
dbo,INBOX_ERROR,C_STATUS,nvarchar,YES
dbo,INBOX_ERROR,C_FAILURE_CODE,int,NO
dbo,INBOX_ERROR,C_FAILURE_MESSAGE,nvarchar,YES
dbo,INBOX_ERROR,C_RETRY_TRIGGER,nvarchar,YES
dbo,INBOX_ERROR,C_RETRY_KEY,nvarchar,YES
dbo,INBOX_ERROR,C_CREATE_DATE,datetime,NO
dbo,INBOX_ERROR,ROWID,int,NO
dbo,INDIRECT,ROWID,int,NO
dbo,INDIRECT,ID,nvarchar,NO
dbo,INDIRECT,DESCRIPTION,nvarchar,YES
dbo,INDIRECT,GL_ACCOUNT_ID,nvarchar,NO
dbo,INDIRECT,INDIRECT_CODE,nchar,NO
dbo,INDIRECT_DETAIL,ROWID,int,NO
dbo,INDIRECT_DETAIL,TRANSACTION_ID,int,NO
dbo,INDIRECT_DETAIL,DIST_NO,smallint,NO
dbo,INDIRECT_DETAIL,ACT_MATERIAL_COST,decimal,YES
dbo,INDIRECT_DETAIL,ACT_LABOR_COST,decimal,YES
dbo,INDIRECT_DETAIL,ACT_BURDEN_COST,decimal,YES
dbo,INDIRECT_DETAIL,ACT_SERVICE_COST,decimal,YES
dbo,INDIRECT_DETAIL,REFERENCE,nvarchar,YES
dbo,INDIRECT_DETAIL,CURRENCY_ID,nvarchar,NO
dbo,INDIRECT_DETAIL,DR_MAT_GL_ACCT_ID,nvarchar,YES
dbo,INDIRECT_DETAIL,DR_LAB_GL_ACCT_ID,nvarchar,YES
dbo,INDIRECT_DETAIL,DR_BUR_GL_ACCT_ID,nvarchar,YES
dbo,INDIRECT_DETAIL,DR_SER_GL_ACCT_ID,nvarchar,YES
dbo,INDIRECT_DETAIL,CR_MAT_GL_ACCT_ID,nvarchar,YES
dbo,INDIRECT_DETAIL,CR_LAB_GL_ACCT_ID,nvarchar,YES
dbo,INDIRECT_DETAIL,CR_BUR_GL_ACCT_ID,nvarchar,YES
dbo,INDIRECT_DETAIL,CR_SER_GL_ACCT_ID,nvarchar,YES
dbo,INDIRECT_DIST,ROWID,int,NO
dbo,INDIRECT_DIST,TRANSACTION_ID,int,NO
dbo,INDIRECT_DIST,DIST_NO,smallint,NO
dbo,INDIRECT_DIST,ENTRY_NO,smallint,NO
dbo,INDIRECT_DIST,AMOUNT,decimal,NO
dbo,INDIRECT_DIST,AMOUNT_TYPE,nchar,NO
dbo,INDIRECT_DIST,GL_ACCOUNT_ID,nvarchar,NO
dbo,INDIRECT_DIST,SITE_ID,nvarchar,NO
dbo,INDIRECT_DIST,POSTING_STATUS,nchar,NO
dbo,INDIRECT_DIST,POSTING_DATE,datetime,NO
dbo,INDIRECT_DIST,BATCH_ID,nvarchar,YES
dbo,INDIRECT_DIST,CREATE_DATE,datetime,NO
dbo,INDIRECT_DIST,USER_ID,nvarchar,NO
dbo,INDIRECT_DIST,CURRENCY_ID,nvarchar,NO
dbo,INDIRECT_DIST,NATIVE,nchar,YES
dbo,INDIVIDUAL_PRV_HISTORY,ROWID,int,NO
dbo,INDIVIDUAL_PRV_HISTORY,ID,int,NO
dbo,INDIVIDUAL_PRV_HISTORY,DATA_GROUP,nvarchar,NO
dbo,INDIVIDUAL_PRV_HISTORY,DOCUMENT_ID,nvarchar,NO
dbo,INDIVIDUAL_PRV_HISTORY,ACTION,nvarchar,NO
dbo,INDIVIDUAL_PRV_HISTORY,USER_ID,nvarchar,NO
dbo,INDIVIDUAL_PRV_HISTORY,CREATE_DATE,datetime,NO
dbo,INSPECTION_ORDER,ID,nvarchar,NO
dbo,INSPECTION_ORDER,ENTITY_ID,nvarchar,NO
dbo,INSPECTION_ORDER,LOCATION_ID,nvarchar,NO
dbo,INSPECTION_ORDER,SITE_ID,nvarchar,NO
dbo,INSPECTION_ORDER,DOCUMENT_ID,nvarchar,YES
dbo,INSPECTION_ORDER,VARIATION_ID,bigint,YES
dbo,INSPECTION_ORDER,LID,nvarchar,YES
dbo,INSPECTION_ORDER,ORDER_TYPE,nvarchar,NO
dbo,INSPECTION_ORDER,STATUS,nvarchar,NO
dbo,INSPECTION_ORDER,STATUS_EFF_DATE,datetime,NO
dbo,INSPECTION_ORDER,QTY_RECEIVED_BASE,decimal,NO
dbo,INSPECTION_ORDER,QTY_ACCEPTED_BASE,decimal,NO
dbo,INSPECTION_ORDER,QTY_REJECTED_BASE,decimal,NO
dbo,INSPECTION_ORDER,QTY_HOLD_BASE,decimal,NO
dbo,INSPECTION_ORDER,QTY_UNIT_BASE,nvarchar,YES
dbo,INSPECTION_ORDER,QTY_RECEIVED,decimal,NO
dbo,INSPECTION_ORDER,QTY_ACCEPTED,decimal,NO
dbo,INSPECTION_ORDER,QTY_REJECTED,decimal,NO
dbo,INSPECTION_ORDER,QTY_HOLD,decimal,NO
dbo,INSPECTION_ORDER,QTY_UNIT,nvarchar,YES
dbo,INSPECTION_ORDER,RECEIVER_ID,nvarchar,YES
dbo,INSPECTION_ORDER,RECEIVER_LINE_NO,smallint,YES
dbo,INSPECTION_ORDER,INV_TRANS_ID,int,YES
dbo,INSPECTION_ORDER,WORKORDER_TYPE,nchar,YES
dbo,INSPECTION_ORDER,WORKORDER_BASE_ID,nvarchar,YES
dbo,INSPECTION_ORDER,WORKORDER_LOT_ID,nvarchar,YES
dbo,INSPECTION_ORDER,WORKORDER_SPLIT_ID,nvarchar,YES
dbo,INSPECTION_ORDER,WORKORDER_SUB_ID,nvarchar,YES
dbo,INSPECTION_ORDER,OPERATION_SEQ_NO,smallint,YES
dbo,INSPECTION_ORDER,EMPLOYEE_ID,nvarchar,YES
dbo,INSPECTION_ORDER,USER_ID,nvarchar,YES
dbo,INSPECTION_ORDER,LAST_MOD_DATE,datetime,NO
dbo,INSPECTION_ORDER,CREATE_DATE,datetime,NO
dbo,INSPECTION_ORDER,ROWID,int,NO
dbo,INSPECTION_REASON,ROWID,int,NO
dbo,INSPECTION_REASON,ID,nvarchar,NO
dbo,INSPECTION_REASON,DESCRIPTION,nvarchar,YES
dbo,INSTALLMENT,ROWID,int,NO
dbo,INSTALLMENT,ID,nvarchar,NO
dbo,INSTALLMENT,INST_TYPE,nchar,NO
dbo,INSTALLMENT,END_OF_MONTH,nchar,YES
dbo,INSTALLMENT,VAT_ON_FIRST_INST,nchar,YES
dbo,INSTALLMENT,PERIOD_TYPE,nchar,NO
dbo,INSTALLMENT_LINE,ROWID,int,NO
dbo,INSTALLMENT_LINE,INSTALLMENT_ID,nvarchar,NO
dbo,INSTALLMENT_LINE,INST_TYPE,nchar,NO
dbo,INSTALLMENT_LINE,INST_NO,smallint,NO
dbo,INSTALLMENT_LINE,INST_PERCENT,decimal,NO
dbo,INSTALLMENT_LINE,PERIOD,smallint,NO
dbo,INTRA_ARRIVAL_LINE,ROWID,int,NO
dbo,INTRA_ARRIVAL_LINE,ID,nvarchar,NO
dbo,INTRA_ARRIVAL_LINE,ARRIVAL_DATE,datetime,NO
dbo,INTRA_ARRIVAL_LINE,TARIFF_CODE,nvarchar,YES
dbo,INTRA_ARRIVAL_LINE,EXCISE_PRICE,decimal,YES
dbo,INTRA_ARRIVAL_LINE,DELIVERY_TERMS,nvarchar,YES
dbo,INTRA_ARRIVAL_LINE,NATURE_OF_TRANS,int,YES
dbo,INTRA_ARRIVAL_LINE,NET_MASS,int,YES
dbo,INTRA_ARRIVAL_LINE,SUPP_UNITS,int,YES
dbo,INTRA_ARRIVAL_LINE,TO_COUNTRY_ID,nvarchar,YES
dbo,INTRA_ARRIVAL_LINE,FROM_COUNTRY_ID,nvarchar,YES
dbo,INTRA_ARRIVAL_LINE,ORIG_COUNTRY_ID,nvarchar,YES
dbo,INTRA_ARRIVAL_LINE,REGION_ID,nvarchar,YES
dbo,INTRA_ARRIVAL_LINE,ARRIVAL_CODE,nvarchar,YES
dbo,INTRA_ARRIVAL_LINE,TRANS_CODE,nvarchar,YES
dbo,INTRA_ARRIVAL_LINE,MODE_OF_TRANSPORT,int,YES
dbo,INTRA_ARRIVAL_LINE,NO_OF_CONSIGN,int,YES
dbo,INTRA_ARRIVAL_LINE,REFERENCE,nvarchar,YES
dbo,INTRA_ARRIVAL_LINE,INTRA_REPORT_NO,int,YES
dbo,INTRA_ARRIVAL_LINE,INTRA_FILENAME,nvarchar,YES
dbo,INTRA_ARRIVAL_LINE,SITE_ID,nvarchar,NO
dbo,INTRA_CNSN_RCVR_LN,ROWID,int,NO
dbo,INTRA_CNSN_RCVR_LN,RECEIVER_ID,nvarchar,NO
dbo,INTRA_CNSN_RCVR_LN,RECEIVER_LINE_NO,smallint,NO
dbo,INTRA_CNSN_RCVR_LN,ARRIVAL_CODE,nvarchar,YES
dbo,INTRA_CNSN_RCVR_LN,TRANS_CODE,nvarchar,YES
dbo,INTRA_CNSN_RCVR_LN,TO_COUNTRY_ID,nvarchar,YES
dbo,INTRA_CNSN_RCVR_LN,FROM_COUNTRY_ID,nvarchar,YES
dbo,INTRA_CNSN_RCVR_LN,ORIG_COUNTRY_ID,nvarchar,YES
dbo,INTRA_CNSN_RCVR_LN,REGION_ID,nvarchar,YES
dbo,INTRA_CNSN_RCVR_LN,NATURE_OF_TRANS,int,YES
dbo,INTRA_CNSN_RCVR_LN,MODE_OF_TRANSPORT,int,YES
dbo,INTRA_CNSN_RCVR_LN,EXCISE_PRICE,decimal,YES
dbo,INTRA_CNSN_RCVR_LN,TARIFF_CODE,nvarchar,YES
dbo,INTRA_CNSN_RCVR_LN,INTRA_REPORT_NO,int,YES
dbo,INTRA_CNSN_RCVR_LN,INTRA_FILENAME,nvarchar,YES
dbo,INTRA_DISPTCH_LINE,ROWID,int,NO
dbo,INTRA_DISPTCH_LINE,ID,nvarchar,NO
dbo,INTRA_DISPTCH_LINE,DISPATCH_DATE,datetime,NO
dbo,INTRA_DISPTCH_LINE,TARIFF_CODE,nvarchar,YES
dbo,INTRA_DISPTCH_LINE,EXCISE_PRICE,decimal,YES
dbo,INTRA_DISPTCH_LINE,DELIVERY_TERMS,nvarchar,YES
dbo,INTRA_DISPTCH_LINE,NATURE_OF_TRANS,int,YES
dbo,INTRA_DISPTCH_LINE,NET_MASS,int,YES
dbo,INTRA_DISPTCH_LINE,SUPP_UNITS,int,YES
dbo,INTRA_DISPTCH_LINE,TO_COUNTRY_ID,nvarchar,YES
dbo,INTRA_DISPTCH_LINE,FROM_COUNTRY_ID,nvarchar,YES
dbo,INTRA_DISPTCH_LINE,ORIG_COUNTRY_ID,nvarchar,YES
dbo,INTRA_DISPTCH_LINE,REGION_ID,nvarchar,YES
dbo,INTRA_DISPTCH_LINE,ARRIVAL_CODE,nvarchar,YES
dbo,INTRA_DISPTCH_LINE,TRANS_CODE,nvarchar,YES
dbo,INTRA_DISPTCH_LINE,MODE_OF_TRANSPORT,int,YES
dbo,INTRA_DISPTCH_LINE,NO_OF_CONSIGN,int,YES
dbo,INTRA_DISPTCH_LINE,REFERENCE,nvarchar,YES
dbo,INTRA_DISPTCH_LINE,INTRA_REPORT_NO,int,YES
dbo,INTRA_DISPTCH_LINE,INTRA_FILENAME,nvarchar,YES
dbo,INTRA_DISPTCH_LINE,SITE_ID,nvarchar,NO
dbo,INTRA_RECEIVR_LINE,ROWID,int,NO
dbo,INTRA_RECEIVR_LINE,RECEIVER_ID,nvarchar,NO
dbo,INTRA_RECEIVR_LINE,RECEIVER_LINE_NO,smallint,NO
dbo,INTRA_RECEIVR_LINE,ARRIVAL_CODE,nvarchar,YES
dbo,INTRA_RECEIVR_LINE,TRANS_CODE,nvarchar,YES
dbo,INTRA_RECEIVR_LINE,TO_COUNTRY_ID,nvarchar,YES
dbo,INTRA_RECEIVR_LINE,FROM_COUNTRY_ID,nvarchar,YES
dbo,INTRA_RECEIVR_LINE,ORIG_COUNTRY_ID,nvarchar,YES
dbo,INTRA_RECEIVR_LINE,REGION_ID,nvarchar,YES
dbo,INTRA_RECEIVR_LINE,NATURE_OF_TRANS,int,YES
dbo,INTRA_RECEIVR_LINE,MODE_OF_TRANSPORT,int,YES
dbo,INTRA_RECEIVR_LINE,EXCISE_PRICE,decimal,YES
dbo,INTRA_RECEIVR_LINE,TARIFF_CODE,nvarchar,YES
dbo,INTRA_RECEIVR_LINE,INTRA_REPORT_NO,int,YES
dbo,INTRA_RECEIVR_LINE,INTRA_FILENAME,nvarchar,YES
dbo,INTRA_SHIPPER_LINE,ROWID,int,NO
dbo,INTRA_SHIPPER_LINE,PACKLIST_ID,nvarchar,NO
dbo,INTRA_SHIPPER_LINE,PACKLIST_LINE_NO,smallint,NO
dbo,INTRA_SHIPPER_LINE,ARRIVAL_CODE,nvarchar,YES
dbo,INTRA_SHIPPER_LINE,TRANS_CODE,nvarchar,YES
dbo,INTRA_SHIPPER_LINE,TO_COUNTRY_ID,nvarchar,YES
dbo,INTRA_SHIPPER_LINE,FROM_COUNTRY_ID,nvarchar,YES
dbo,INTRA_SHIPPER_LINE,ORIG_COUNTRY_ID,nvarchar,YES
dbo,INTRA_SHIPPER_LINE,REGION_ID,nvarchar,YES
dbo,INTRA_SHIPPER_LINE,NATURE_OF_TRANS,int,YES
dbo,INTRA_SHIPPER_LINE,MODE_OF_TRANSPORT,int,YES
dbo,INTRA_SHIPPER_LINE,EXCISE_PRICE,decimal,YES
dbo,INTRA_SHIPPER_LINE,TARIFF_CODE,nvarchar,YES
dbo,INTRA_SHIPPER_LINE,INTRA_REPORT_NO,int,YES
dbo,INTRA_SHIPPER_LINE,INTRA_FILENAME,nvarchar,YES
dbo,INV_PIECES,ROWID,int,NO
dbo,INV_PIECES,PART_ID,nvarchar,NO
dbo,INV_PIECES,LENGTH,decimal,NO
dbo,INV_PIECES,WIDTH,decimal,NO
dbo,INV_PIECES,HEIGHT,decimal,NO
dbo,INV_PIECES,WAREHOUSE_ID,nvarchar,NO
dbo,INV_PIECES,LOCATION_ID,nvarchar,NO
dbo,INV_PIECES,DIMENSIONS_UM,nvarchar,NO
dbo,INV_PIECES,QTY,decimal,NO
dbo,INV_RECEIPT_DIST,ROWID,int,NO
dbo,INV_RECEIPT_DIST,INV_TRANS_ID,int,NO
dbo,INV_RECEIPT_DIST,DEMAND_SUPPLY_ID,int,NO
dbo,INV_RECEIPT_DIST,QTY,decimal,NO
dbo,INV_TRANS_AVE,TRANSACTION_ID,int,NO
dbo,INV_TRANS_AVE,CURRENCY_ID,nvarchar,NO
dbo,INV_TRANS_AVE,INV_MATERIAL_COST,decimal,NO
dbo,INV_TRANS_AVE,INV_LABOR_COST,decimal,NO
dbo,INV_TRANS_AVE,INV_BURDEN_COST,decimal,NO
dbo,INV_TRANS_AVE,INV_SERVICE_COST,decimal,NO
dbo,INV_TRANS_AVE,INVENTORY_QTY,decimal,NO
dbo,INV_TRANS_AVE,AVE_MATERIAL_COST,decimal,NO
dbo,INV_TRANS_AVE,AVE_LABOR_COST,decimal,NO
dbo,INV_TRANS_AVE,AVE_BURDEN_COST,decimal,NO
dbo,INV_TRANS_AVE,AVE_SERVICE_COST,decimal,NO
dbo,INV_TRANS_AVE,ROWID,int,NO
dbo,INV_TRANS_CURR,ROWID,int,NO
dbo,INV_TRANS_CURR,TRANSACTION_ID,int,NO
dbo,INV_TRANS_CURR,CURRENCY_ID,nvarchar,NO
dbo,INV_TRANS_CURR,ACT_MATERIAL_COST,decimal,NO
dbo,INV_TRANS_CURR,ACT_LABOR_COST,decimal,NO
dbo,INV_TRANS_CURR,ACT_BURDEN_COST,decimal,NO
dbo,INV_TRANS_CURR,ACT_SERVICE_COST,decimal,NO
dbo,INV_TRANS_CURR,SELL_RATE,decimal,NO
dbo,INV_TRANS_CURR,BUY_RATE,decimal,NO
dbo,INV_TRANS_DIST,ROWID,int,NO
dbo,INV_TRANS_DIST,IN_TRANS_ID,int,NO
dbo,INV_TRANS_DIST,OUT_TRANS_ID,int,NO
dbo,INV_TRANS_DIST,DIST_QTY,decimal,NO
dbo,INV_TRANS_DIST,ACT_MATERIAL_COST,decimal,NO
dbo,INV_TRANS_DIST,ACT_LABOR_COST,decimal,NO
dbo,INV_TRANS_DIST,ACT_BURDEN_COST,decimal,NO
dbo,INV_TRANS_DIST,ACT_SERVICE_COST,decimal,NO
dbo,INV_TRANS_DIST,DEMAND_SUPPLY_ID,int,YES
dbo,INV_TRANS_DIST_TRC,IN_TRANS_ID,int,NO
dbo,INV_TRANS_DIST_TRC,OUT_TRANS_ID,int,NO
dbo,INV_TRANS_DIST_TRC,TRACE_ID,nvarchar,NO
dbo,INV_TRANS_DIST_TRC,DIST_QTY,decimal,NO
dbo,INV_TRANS_DIST_TRC,ACT_MATERIAL_COST,decimal,NO
dbo,INV_TRANS_DIST_TRC,ACT_LABOR_COST,decimal,NO
dbo,INV_TRANS_DIST_TRC,ACT_BURDEN_COST,decimal,NO
dbo,INV_TRANS_DIST_TRC,ACT_SERVICE_COST,decimal,NO
dbo,INVENTORY_BALANCE,ROWID,int,NO
dbo,INVENTORY_BALANCE,PART_ID,nvarchar,NO
dbo,INVENTORY_BALANCE,POSTING_DATE,datetime,NO
dbo,INVENTORY_BALANCE,TRANSACTION_ID,int,NO
dbo,INVENTORY_BALANCE,QTY,decimal,NO
dbo,INVENTORY_BALANCE,FLAG,nchar,NO
dbo,INVENTORY_BALANCE,MATERIAL_AMOUNT,decimal,YES
dbo,INVENTORY_BALANCE,LABOR_AMOUNT,decimal,YES
dbo,INVENTORY_BALANCE,BURDEN_AMOUNT,decimal,YES
dbo,INVENTORY_BALANCE,SERVICE_AMOUNT,decimal,YES
dbo,INVENTORY_BALANCE,MAT_GL_ACCT_ID,nvarchar,YES
dbo,INVENTORY_BALANCE,LAB_GL_ACCT_ID,nvarchar,YES
dbo,INVENTORY_BALANCE,BUR_GL_ACCT_ID,nvarchar,YES
dbo,INVENTORY_BALANCE,SER_GL_ACCT_ID,nvarchar,YES
dbo,INVENTORY_BALANCE,CURRENCY_ID,nvarchar,NO
dbo,INVENTORY_BALANCE,SITE_ID,nvarchar,NO
dbo,INVENTORY_TRANS,ROWID,int,NO
dbo,INVENTORY_TRANS,TRANSACTION_ID,int,NO
dbo,INVENTORY_TRANS,WORKORDER_TYPE,nchar,YES
dbo,INVENTORY_TRANS,WORKORDER_BASE_ID,nvarchar,YES
dbo,INVENTORY_TRANS,WORKORDER_LOT_ID,nvarchar,YES
dbo,INVENTORY_TRANS,WORKORDER_SPLIT_ID,nvarchar,YES
dbo,INVENTORY_TRANS,WORKORDER_SUB_ID,nvarchar,YES
dbo,INVENTORY_TRANS,OPERATION_SEQ_NO,smallint,YES
dbo,INVENTORY_TRANS,REQ_PIECE_NO,smallint,YES
dbo,INVENTORY_TRANS,CUST_ORDER_ID,nvarchar,YES
dbo,INVENTORY_TRANS,CUST_ORDER_LINE_NO,smallint,YES
dbo,INVENTORY_TRANS,PURC_ORDER_ID,nvarchar,YES
dbo,INVENTORY_TRANS,PURC_ORDER_LINE_NO,smallint,YES
dbo,INVENTORY_TRANS,PART_ID,nvarchar,YES
dbo,INVENTORY_TRANS,TYPE,nchar,NO
dbo,INVENTORY_TRANS,CLASS,nchar,NO
dbo,INVENTORY_TRANS,QTY,decimal,NO
dbo,INVENTORY_TRANS,COSTED_QTY,decimal,NO
dbo,INVENTORY_TRANS,TRANSACTION_DATE,datetime,NO
dbo,INVENTORY_TRANS,WAREHOUSE_ID,nvarchar,YES
dbo,INVENTORY_TRANS,LOCATION_ID,nvarchar,YES
dbo,INVENTORY_TRANS,DESCRIPTION,nvarchar,YES
dbo,INVENTORY_TRANS,USER_ID,nvarchar,YES
dbo,INVENTORY_TRANS,POSTING_CANDIDATE,nchar,NO
dbo,INVENTORY_TRANS,ADJ_REASON_ID,nvarchar,YES
dbo,INVENTORY_TRANS,ACT_MATERIAL_COST,decimal,NO
dbo,INVENTORY_TRANS,ACT_LABOR_COST,decimal,NO
dbo,INVENTORY_TRANS,ACT_BURDEN_COST,decimal,NO
dbo,INVENTORY_TRANS,ACT_SERVICE_COST,decimal,NO
dbo,INVENTORY_TRANS,CREATE_DATE,datetime,NO
dbo,INVENTORY_TRANS,ADD_BURDEN,decimal,YES
dbo,INVENTORY_TRANS,PIECE_COUNT,decimal,YES
dbo,INVENTORY_TRANS,LENGTH,decimal,YES
dbo,INVENTORY_TRANS,WIDTH,decimal,YES
dbo,INVENTORY_TRANS,HEIGHT,decimal,YES
dbo,INVENTORY_TRANS,DIMENSIONS_UM,nvarchar,YES
dbo,INVENTORY_TRANS,TRANSFER_TRANS_ID,int,YES
dbo,INVENTORY_TRANS,XFER_IN_TRANSIT,nchar,YES
dbo,INVENTORY_TRANS,IBT_ID,nvarchar,YES
dbo,INVENTORY_TRANS,IBT_LINE_NO,smallint,YES
dbo,INVENTORY_TRANS,GL_ADJ_ACCT_ID,nvarchar,YES
dbo,INVENTORY_TRANS,FROM_WBS_CODE,nvarchar,YES
dbo,INVENTORY_TRANS,TO_WBS_CODE,nvarchar,YES
dbo,INVENTORY_TRANS,WBS_CODE,nvarchar,YES
dbo,INVENTORY_TRANS,DEPARTMENT_ID,nvarchar,YES
dbo,INVENTORY_TRANS,COST_CATEGORY_ID,nvarchar,YES
dbo,INVENTORY_TRANS,PROJ_REF_SEQ_NO,smallint,YES
dbo,INVENTORY_TRANS,PROJ_REF_SUB_ID,nvarchar,YES
dbo,INVENTORY_TRANS,REVISION_ID,nvarchar,YES
dbo,INVENTORY_TRANS,STAGE_ID,nvarchar,YES
dbo,INVENTORY_TRANS,ISSUE_REAS_ID,nvarchar,YES
dbo,INVENTORY_TRANS,ACT_RATE_ID,nvarchar,YES
dbo,INVENTORY_TRANS,ACT_PERIOD_ID,nvarchar,YES
dbo,INVENTORY_TRANS,RETRO_RATE_ID,nvarchar,YES
dbo,INVENTORY_TRANS,RETRO_PERIOD_ID,nvarchar,YES
dbo,INVENTORY_TRANS,RETRO_RATE_CODE,nchar,YES
dbo,INVENTORY_TRANS,LAST_RETRO_DATE,datetime,YES
dbo,INVENTORY_TRANS,MT_LABOR_TICKET_TRANS_ID,int,YES
dbo,INVENTORY_TRANS,COUNT_SEQUENCE,int,NO
dbo,INVENTORY_TRANS,SITE_ID,nvarchar,NO
dbo,INVENTORY_TRANS,USER_DIMENSION_1,nvarchar,YES
dbo,INVENTORY_TRANS,USER_DIMENSION_2,nvarchar,YES
dbo,INVENTORY_TRANS,LOCATION_HOLD_CODE_ID,nvarchar,YES
dbo,INVENTORY_TRANS,RET_COST_ZERO,nchar,YES
dbo,ISSUE_REASON,ROWID,int,NO
dbo,ISSUE_REASON,ID,nvarchar,NO
dbo,ISSUE_REASON,DESCRIPTION,nvarchar,YES
dbo,ISSUE_REASON,TYPE,nchar,NO
dbo,JOURNAL,ROWID,int,NO
dbo,JOURNAL,TRANSACTION_ID,int,NO
dbo,JOURNAL,BATCH_ID,nvarchar,NO
dbo,JOURNAL,ACCOUNT_ID,nvarchar,NO
dbo,JOURNAL,ACCT_YEAR,decimal,NO
dbo,JOURNAL,ACCT_PERIOD,decimal,NO
dbo,JOURNAL,DEBIT_AMOUNT,decimal,NO
dbo,JOURNAL,CREDIT_AMOUNT,decimal,NO
dbo,JOURNAL,REFERENCE,nvarchar,YES
dbo,JOURNAL,SITE_ID,nvarchar,NO
dbo,JOURNAL,CREATE_DATE,datetime,NO
dbo,JOURNAL,USER_ID,nvarchar,NO
dbo,JOURNAL,CURRENCY_ID,nvarchar,NO
dbo,JOURNAL,NATIVE,nchar,YES
dbo,JOURNAL_BATCH,ROWID,int,NO
dbo,JOURNAL_BATCH,ID,nvarchar,NO
dbo,JOURNAL_BATCH,TYPE,nvarchar,NO
dbo,JOURNAL_BATCH,BATCH_DATE,datetime,NO
dbo,JOURNAL_BATCH,DESCRIPTION,nvarchar,YES
dbo,JOURNAL_BATCH,CREATE_DATE,datetime,NO
dbo,JOURNAL_BATCH,USER_ID,nvarchar,NO
dbo,JOURNAL_BATCH,LOCKED,nchar,NO
dbo,JOURNAL_BATCH,DEBIT_AMOUNT,decimal,NO
dbo,JOURNAL_BATCH,CREDIT_AMOUNT,decimal,NO
dbo,JOURNAL_BATCH,SITE_ID,nvarchar,NO
dbo,JOURNAL_DIM,ROWID,int,NO
dbo,JOURNAL_DIM,PROCESS_TYPE,nvarchar,NO
dbo,JOURNAL_DIM,SOURCE_ID,nvarchar,NO
dbo,JOURNAL_DIM,CURRENCY_ID,nvarchar,NO
dbo,JOURNAL_DIM,ENTRY_NO,int,NO
dbo,JOURNAL_DIM,SITE_ID,nvarchar,NO
dbo,JOURNAL_DIM,ACCOUNT_ID,nvarchar,NO
dbo,JOURNAL_DIM,POSTING_DATE,datetime,NO
dbo,JOURNAL_DIM,ACCT_YEAR,decimal,NO
dbo,JOURNAL_DIM,ACCT_PERIOD,decimal,NO
dbo,JOURNAL_DIM,BATCH_ID,nvarchar,NO
dbo,JOURNAL_DIM,USER_ID,nvarchar,NO
dbo,JOURNAL_DIM,DEBIT_AMOUNT,decimal,NO
dbo,JOURNAL_DIM,CREDIT_AMOUNT,decimal,NO
dbo,JOURNAL_DIM,DOCUMENT_DATE,datetime,YES
dbo,JOURNAL_DIM,USER_DIMENSION_1,nvarchar,YES
dbo,JOURNAL_DIM,USER_DIMENSION_2,nvarchar,YES
dbo,JOURNAL_DIM,TRANSACTION_ID,int,YES
dbo,JOURNAL_DIM,CUSTOMER_ID,nvarchar,YES
dbo,JOURNAL_DIM,VENDOR_ID,nvarchar,YES
dbo,JOURNAL_DIM,CUST_ORDER_ID,nvarchar,YES
dbo,JOURNAL_DIM,PACKLIST_ID,nvarchar,YES
dbo,JOURNAL_DIM,PACKLIST_LINE_NO,smallint,YES
dbo,JOURNAL_DIM,RECEIVER_ID,nvarchar,YES
dbo,JOURNAL_DIM,RECEIVER_LINE_NO,smallint,YES
dbo,JOURNAL_DIM,PRODUCT_CODE,nvarchar,YES
dbo,JOURNAL_DIM,DEPARTMENT_ID,nvarchar,YES
dbo,JOURNAL_DIM,WAREHOUSE_ID,nvarchar,YES
dbo,JOURNAL_DIM,COMMODITY_CODE,nvarchar,YES
dbo,JOURNAL_DIM,SALESREP_ID,nvarchar,YES
dbo,JOURNAL_DIM,BUYER,nvarchar,YES
dbo,JOURNAL_DIM_FILTER,ROWID,int,NO
dbo,JOURNAL_DIM_FILTER,USER_ID,nvarchar,NO
dbo,JOURNAL_DIM_FILTER,NAME,nvarchar,NO
dbo,JOURNAL_DIM_FILTER,CRITERIA_TYPE,nvarchar,NO
dbo,JOURNAL_DIM_FILTER,IS_DEFAULT,nchar,NO
dbo,JOURNAL_DIM_FILTER,CRITERIA_COMPARISN,nvarchar,YES
dbo,JOURNAL_DIM_FILTER,CRITERIA_TEXT,varbinary,NO
dbo,LABEL_FORMAT,ROWID,int,NO
dbo,LABEL_FORMAT,ID,nvarchar,NO
dbo,LABEL_FORMAT,LABEL_TYPE_ID,nvarchar,NO
dbo,LABEL_FORMAT,DESCRIPTION,nvarchar,YES
dbo,LABEL_FORMAT,FORMAT_FILE_NAME,nvarchar,YES
dbo,LABEL_FORMAT,LABEL_PRINTER_ID,smallint,YES
dbo,LABEL_FORMAT,QTY_TO_PRINT,smallint,YES
dbo,LABEL_FORMAT,LABEL_MULT_FLAG,nchar,YES
dbo,LABEL_FORMAT,SITE_ID,nvarchar,NO
dbo,LABEL_FORMAT_FIELD,ROWID,int,NO
dbo,LABEL_FORMAT_FIELD,COLUMN_ID,nvarchar,NO
dbo,LABEL_FORMAT_FIELD,LABEL_FIELD,nvarchar,NO
dbo,LABEL_FORMAT_FIELD,LABEL_FORMAT_ID,nvarchar,NO
dbo,LABEL_FORMAT_FIELD,SITE_ID,nvarchar,NO
dbo,LABEL_GROUP,ROWID,int,NO
dbo,LABEL_GROUP,ID,nvarchar,NO
dbo,LABEL_GROUP,DESCRIPTION,nvarchar,YES
dbo,LABEL_GROUP,LABEL_TYPE_ID,nvarchar,YES
dbo,LABEL_GROUP,SITE_ID,nvarchar,NO
dbo,LABEL_GROUP_LINE,ROWID,int,NO
dbo,LABEL_GROUP_LINE,LABEL_GROUP_ID,nvarchar,NO
dbo,LABEL_GROUP_LINE,LABEL_FORMAT_ID,nvarchar,NO
dbo,LABEL_TYPE,ROWID,int,NO
dbo,LABEL_TYPE,ID,nvarchar,NO
dbo,LABEL_TYPE_VAR,ROWID,int,NO
dbo,LABEL_TYPE_VAR,ID,nvarchar,NO
dbo,LABEL_TYPE_VAR,LABEL_TYPE_ID,nvarchar,NO
dbo,LABEL_TYPE_VAR,TABLE_LINKS,nvarchar,YES
dbo,LABEL_TYPE_VAR,ID_ALIAS,nvarchar,NO
dbo,LABOR_TICKET,ROWID,int,NO
dbo,LABOR_TICKET,TRANSACTION_ID,int,NO
dbo,LABOR_TICKET,WORKORDER_TYPE,nchar,YES
dbo,LABOR_TICKET,WORKORDER_BASE_ID,nvarchar,YES
dbo,LABOR_TICKET,WORKORDER_LOT_ID,nvarchar,YES
dbo,LABOR_TICKET,WORKORDER_SPLIT_ID,nvarchar,YES
dbo,LABOR_TICKET,WORKORDER_SUB_ID,nvarchar,YES
dbo,LABOR_TICKET,OPERATION_SEQ_NO,smallint,YES
dbo,LABOR_TICKET,TYPE,nchar,NO
dbo,LABOR_TICKET,SETUP_COMPLETED,nchar,NO
dbo,LABOR_TICKET,EMPLOYEE_ID,nvarchar,NO
dbo,LABOR_TICKET,DEPARTMENT_ID,nvarchar,NO
dbo,LABOR_TICKET,RESOURCE_ID,nvarchar,YES
dbo,LABOR_TICKET,HOURLY_COST,decimal,YES
dbo,LABOR_TICKET,CLOCK_IN,datetime,YES
dbo,LABOR_TICKET,CLOCK_OUT,datetime,YES
dbo,LABOR_TICKET,HOURS_WORKED,decimal,YES
dbo,LABOR_TICKET,HOURS_BREAK,decimal,YES
dbo,LABOR_TICKET,MULTIPLIER_1,decimal,YES
dbo,LABOR_TICKET,MULTIPLIER_2,decimal,YES
dbo,LABOR_TICKET,GOOD_QTY,decimal,NO
dbo,LABOR_TICKET,BAD_QTY,decimal,NO
dbo,LABOR_TICKET,TRANSACTION_DATE,datetime,NO
dbo,LABOR_TICKET,DESCRIPTION,nvarchar,YES
dbo,LABOR_TICKET,USER_ID,nvarchar,YES
dbo,LABOR_TICKET,BURDEN_PER_HR,decimal,YES
dbo,LABOR_TICKET,BURDEN_PERCENT,decimal,YES
dbo,LABOR_TICKET,BUR_PER_OPERATION,decimal,YES
dbo,LABOR_TICKET,POSTING_CANDIDATE,nchar,NO
dbo,LABOR_TICKET,HOURS_OVERALL,decimal,YES
dbo,LABOR_TICKET,HOURS_PREVIOUS,decimal,YES
dbo,LABOR_TICKET,INDIRECT_CODE,nchar,NO
dbo,LABOR_TICKET,INDIRECT_ID,nvarchar,YES
dbo,LABOR_TICKET,SHIFT_DATE,datetime,YES
dbo,LABOR_TICKET,BREAK_CLOCKIN,datetime,YES
dbo,LABOR_TICKET,HOURS_BREAK_IND,decimal,YES
dbo,LABOR_TICKET,ACT_LABOR_COST,decimal,NO
dbo,LABOR_TICKET,ACT_BURDEN_COST,decimal,NO
dbo,LABOR_TICKET,CREATE_DATE,datetime,NO
dbo,LABOR_TICKET,ACT_CLOCK_IN,datetime,YES
dbo,LABOR_TICKET,ACT_CLOCK_OUT,datetime,YES
dbo,LABOR_TICKET,STARTING_TRANS,nchar,YES
dbo,LABOR_TICKET,BURDEN_PER_UNIT,decimal,YES
dbo,LABOR_TICKET,UNIT_COST,decimal,YES
dbo,LABOR_TICKET,GL_ACCT_ID,nvarchar,YES
dbo,LABOR_TICKET,EARNING_CODE_ID,nvarchar,YES
dbo,LABOR_TICKET,BUDGET_ACCT_YEAR,decimal,YES
dbo,LABOR_TICKET,BUDGET_ACCT_PERIOD,decimal,YES
dbo,LABOR_TICKET,MILESTONE_TXN_ID,int,YES
dbo,LABOR_TICKET,MILESTONE_UPDATED,nchar,YES
dbo,LABOR_TICKET,COST_CATEGORY_ID,nvarchar,YES
dbo,LABOR_TICKET,AUTOGEN_TXN_ID,int,YES
dbo,LABOR_TICKET,UNADJ_CLOCK_IN,datetime,YES
dbo,LABOR_TICKET,UNADJ_CLOCK_OUT,datetime,YES
dbo,LABOR_TICKET,DEVIATION_ID,nvarchar,YES
dbo,LABOR_TICKET,DATA_COLL_COMP,nchar,YES
dbo,LABOR_TICKET,PRD_INSP_PLAN_ID,nvarchar,YES
dbo,LABOR_TICKET,ACT_RATE_ID,nvarchar,YES
dbo,LABOR_TICKET,ACT_PERIOD_ID,nvarchar,YES
dbo,LABOR_TICKET,RETRO_RATE_ID,nvarchar,YES
dbo,LABOR_TICKET,RETRO_PERIOD_ID,nvarchar,YES
dbo,LABOR_TICKET,RETRO_RATE_CODE,nchar,YES
dbo,LABOR_TICKET,MT_MAT_NCM_QTY,decimal,YES
dbo,LABOR_TICKET,MT_SPE_NCM_QTY,decimal,YES
dbo,LABOR_TICKET,MT_OS_NCM_QTY,decimal,YES
dbo,LABOR_TICKET,MT_OVER_COMPLETE,int,YES
dbo,LABOR_TICKET,MT_MODIFY_USER_ID,nvarchar,YES
dbo,LABOR_TICKET,MT_FAILED_INSPECT,int,YES
dbo,LABOR_TICKET,MT_INSPECT_STATUS,nvarchar,YES
dbo,LABOR_TICKET,MERLIN_TRAN_ID,nvarchar,YES
dbo,LABOR_TICKET,SITE_ID,nvarchar,NO
dbo,LABOR_TICKET,START_MACHINE_ID,nvarchar,YES
dbo,LABOR_TICKET,STOP_MACHINE_ID,nvarchar,YES
dbo,LABOR_TICKET_BREAK,ROWID,int,NO
dbo,LABOR_TICKET_BREAK,TRANSACTION_ID,int,NO
dbo,LABOR_TICKET_BREAK,CLOCK_IN,datetime,NO
dbo,LABOR_TICKET_BREAK,CLOCK_OUT,datetime,YES
dbo,LABOR_TICKET_CURR,ROWID,int,NO
dbo,LABOR_TICKET_CURR,TRANSACTION_ID,int,NO
dbo,LABOR_TICKET_CURR,CURRENCY_ID,nvarchar,NO
dbo,LABOR_TICKET_CURR,ACT_LABOR_COST,decimal,NO
dbo,LABOR_TICKET_CURR,ACT_BURDEN_COST,decimal,NO
dbo,LABOR_TICKET_CURR,ACT_MATERIAL_COST,decimal,NO
dbo,LABOR_TICKET_CURR,ACT_SERVICE_COST,decimal,NO
dbo,LABOR_TICKET_CURR,SELL_RATE,decimal,NO
dbo,LABOR_TICKET_CURR,BUY_RATE,decimal,NO
dbo,LANG_DESCRIPTION,ROWID,int,NO
dbo,LANG_DESCRIPTION,part_id,nvarchar,NO
dbo,LANG_DESCRIPTION,language_id,nvarchar,NO
dbo,LANG_DESCRIPTION,part_description,nvarchar,YES
dbo,LANG_TRANSLATIONS,ROWID,int,NO
dbo,LANG_TRANSLATIONS,LANGUAGE_ID,nvarchar,NO
dbo,LANG_TRANSLATIONS,USER_ID,nvarchar,YES
dbo,LANG_TRANSLATIONS,LANGUAGE_DESCR,nvarchar,YES
dbo,LANG_TRANSLATIONS,ACTIVE,nchar,NO
dbo,LANG_TRANSLATIONS,GATHER_MODE,nchar,NO
dbo,LANG_TRANSLATIONS,BITS_LENGTH,int,NO
dbo,LANG_TRANSLATIONS,BITS,image,NO
dbo,LANG_TRANSLATIONS,TYPE,nchar,NO
dbo,LANGUAGE,ROWID,int,NO
dbo,LANGUAGE,id,nvarchar,NO
dbo,LANGUAGE,description,nvarchar,YES
dbo,LOCATION,ROWID,int,NO
dbo,LOCATION,ID,nvarchar,NO
dbo,LOCATION,WAREHOUSE_ID,nvarchar,NO
dbo,LOCATION,DESCRIPTION,nvarchar,YES
dbo,LOCATION,TYPE,nchar,NO
dbo,LOCATION,CUSTOMER_ID,nvarchar,YES
dbo,LOCATION,VENDOR_ID,nvarchar,YES
dbo,LOGINS,ROWID,int,NO
dbo,LOGINS,MACHINE_ID,nvarchar,YES
dbo,LOGINS,PROGRAM_ID,nvarchar,YES
dbo,LOGINS,LOGIN_TIME,datetime,NO
dbo,LOGINS,LAST_ACTIVITY,datetime,NO
dbo,LOGINS,LICENSE_NUMBER,nvarchar,YES
dbo,LOGINS,CHECKSUM,nvarchar,YES
dbo,LOGINS,USER_ID,nvarchar,YES
dbo,MACRO,ROWID,int,NO
dbo,MACRO,USER_ID,nvarchar,NO
dbo,MACRO,PROGRAM_ID,nvarchar,NO
dbo,MACRO,NAME,nvarchar,NO
dbo,MACRO,MACRO,image,YES
dbo,MACRO_PROFILE,ROWID,int,NO
dbo,MACRO_PROFILE,PROGRAM_ID,nvarchar,NO
dbo,MACRO_PROFILE,MACRO_NAME,nvarchar,NO
dbo,MACRO_PROFILE,PROFILE_ID,nvarchar,NO
dbo,MARKET,ROWID,int,NO
dbo,MARKET,ID,nvarchar,NO
dbo,MARKET,DESCRIPTION,nvarchar,YES
dbo,MARKET,CURRENCY_ID,nvarchar,YES
dbo,MARKET,MARKET_RATE,decimal,YES
dbo,MARKET_PRICE,ROWID,int,NO
dbo,MARKET_PRICE,MARKET_ID,nvarchar,NO
dbo,MARKET_PRICE,PART_ID,nvarchar,NO
dbo,MARKET_PRICE,SELLING_UM,nvarchar,YES
dbo,MARKET_PRICE,DEFAULT_UNIT_PRICE,decimal,YES
dbo,MARKET_PRICE,CURRENCY_ID,nvarchar,NO
dbo,MARKET_PRICE,QTY_BREAK_1,decimal,YES
dbo,MARKET_PRICE,QTY_BREAK_2,decimal,YES
dbo,MARKET_PRICE,QTY_BREAK_3,decimal,YES
dbo,MARKET_PRICE,QTY_BREAK_4,decimal,YES
dbo,MARKET_PRICE,QTY_BREAK_5,decimal,YES
dbo,MARKET_PRICE,QTY_BREAK_6,decimal,YES
dbo,MARKET_PRICE,QTY_BREAK_7,decimal,YES
dbo,MARKET_PRICE,QTY_BREAK_8,decimal,YES
dbo,MARKET_PRICE,QTY_BREAK_9,decimal,YES
dbo,MARKET_PRICE,QTY_BREAK_10,decimal,YES
dbo,MARKET_PRICE,UNIT_PRICE_1,decimal,YES
dbo,MARKET_PRICE,UNIT_PRICE_2,decimal,YES
dbo,MARKET_PRICE,UNIT_PRICE_3,decimal,YES
dbo,MARKET_PRICE,UNIT_PRICE_4,decimal,YES
dbo,MARKET_PRICE,UNIT_PRICE_5,decimal,YES
dbo,MARKET_PRICE,UNIT_PRICE_6,decimal,YES
dbo,MARKET_PRICE,UNIT_PRICE_7,decimal,YES
dbo,MARKET_PRICE,UNIT_PRICE_8,decimal,YES
dbo,MARKET_PRICE,UNIT_PRICE_9,decimal,YES
dbo,MARKET_PRICE,UNIT_PRICE_10,decimal,YES
dbo,MASTER_PROD_SCHED,ROWID,int,NO
dbo,MASTER_PROD_SCHED,ID,nvarchar,NO
dbo,MASTER_PROD_SCHED,DESCRIPTION,nvarchar,NO
dbo,MASTER_PROD_SCHED,RANK,smallint,YES
dbo,MASTER_SCHEDULE,ROWID,int,NO
dbo,MASTER_SCHEDULE,MASTER_SCHEDULE_ID,nvarchar,NO
dbo,MASTER_SCHEDULE,PART_ID,nvarchar,NO
dbo,MASTER_SCHEDULE,WANT_DATE,datetime,NO
dbo,MASTER_SCHEDULE,ORDER_QTY,decimal,NO
dbo,MASTER_SCHEDULE,FIRMED,nchar,NO
dbo,MASTER_SCHEDULE,WAREHOUSE_ID,nvarchar,YES
dbo,MASTER_SCHEDULE,SITE_ID,nvarchar,NO
dbo,MENU_NAME,ROWID,int,NO
dbo,MENU_NAME,USER_ID,nvarchar,NO
dbo,MENU_NAME,SEQ_NO,int,NO
dbo,MENU_NAME,ID,nvarchar,NO
dbo,MENU_NAME,MENU_TEXT,nvarchar,YES
dbo,MENU_NAME,bkgd_color,nvarchar,YES
dbo,MENU_NAME,text_color,nvarchar,YES
dbo,MFG_WIN_EXCEPTION,NAME,nvarchar,NO
dbo,MFG_WIN_EXCEPTION,OUTLINE_OBJ_TYPE,int,NO
dbo,MFG_WIN_EXCEPTION,USER_ID,nvarchar,NO
dbo,MFG_WIN_EXCEPTION,DESCRIPTION,nvarchar,YES
dbo,MFG_WIN_EXCEPTION,STATUS,nchar,YES
dbo,MFG_WIN_EXCEPTION,PRIORITY,smallint,YES
dbo,MFG_WIN_EXCEPTION,EXPRESSION_TYPE,nchar,NO
dbo,MFG_WIN_EXCEPTION,EXPRESSION,nvarchar,NO
dbo,MFG_WIN_EXCEPTION,ROWID,int,NO
dbo,MODE_OF_TRANSPORT,ROWID,int,NO
dbo,MODE_OF_TRANSPORT,CODE,int,NO
dbo,MODE_OF_TRANSPORT,DESCRIPTION,nvarchar,YES
dbo,MT_WIP_INVENTORY,PART_ID,varchar,NO
dbo,MT_WIP_INVENTORY,WAREHOUSE,varchar,NO
dbo,MT_WIP_INVENTORY,LOCATION,varchar,NO
dbo,MT_WIP_INVENTORY,QTY,decimal,NO
dbo,MT_WIP_LOCATIONS,WAREHOUSE_ID,varchar,NO
dbo,MT_WIP_LOCATIONS,LOCATION_ID,varchar,NO
dbo,MT_WIP_LOCATIONS,Status,bit,NO
dbo,MT_WIP_TRANSACTIONS,ROWID,int,NO
dbo,MT_WIP_TRANSACTIONS,PART_ID,varchar,NO
dbo,MT_WIP_TRANSACTIONS,FROM_ITEM1,varchar,YES
dbo,MT_WIP_TRANSACTIONS,FROM_ITEM2,varchar,YES
dbo,MT_WIP_TRANSACTIONS,TO_ITEM1,varchar,YES
dbo,MT_WIP_TRANSACTIONS,To_ITEM2,varchar,YES
dbo,MT_WIP_TRANSACTIONS,FROM_TYPE,varchar,NO
dbo,MT_WIP_TRANSACTIONS,TO_TYPE,varchar,YES
dbo,MT_WIP_TRANSACTIONS,DATE,datetime,NO
dbo,MT_WIP_TRANSACTIONS,USER,varchar,NO
dbo,MT_WIP_TRANSACTIONS,QTY,decimal,NO
dbo,MT_WIP_TRANSACTIONS,UserNote,varchar,YES
dbo,NATURE_OF_TRANS,ROWID,int,NO
dbo,NATURE_OF_TRANS,CODE,int,NO
dbo,NATURE_OF_TRANS,DESCRIPTION,nvarchar,YES
dbo,NEXT_NUM_GEN_EAC,PROJECT_ID,nvarchar,NO
dbo,NEXT_NUM_GEN_EAC,NEXT_NUMBER,int,NO
dbo,NEXT_NUM_GEN_EAC,ROWID,int,NO
dbo,NEXT_NUM_GEN_ETC,PROJECT_ID,nvarchar,NO
dbo,NEXT_NUM_GEN_ETC,NEXT_NUMBER,int,NO
dbo,NEXT_NUM_GEN_ETC,ROWID,int,NO
dbo,NEXT_NUMBER_GEN,ROWID,int,NO
dbo,NEXT_NUMBER_GEN,TABLE_NAME,nvarchar,YES
dbo,NEXT_NUMBER_GEN,COLUMN_NAME,nvarchar,YES
dbo,NEXT_NUMBER_GEN,DESCRIPTION,nvarchar,YES
dbo,NEXT_NUMBER_GEN,ALPHA_PREFIX,nvarchar,YES
dbo,NEXT_NUMBER_GEN,NEXT_NUMBER,int,YES
dbo,NEXT_NUMBER_GEN,ALPHA_SUFFIX,nvarchar,YES
dbo,NEXT_NUMBER_GEN,LEADING_ZEROS,nchar,YES
dbo,NEXT_NUMBER_GEN,DECIMAL_PLACES,smallint,YES
dbo,NEXT_NUMBER_GEN,SITE_ID,nvarchar,YES
dbo,NMFC_CODE,ROWID,int,NO
dbo,NMFC_CODE,ID,nvarchar,NO
dbo,NMFC_CODE,ARTICLE,nvarchar,YES
dbo,NMFC_CODE,SUB,nvarchar,YES
dbo,NMFC_CODE,LTL_CLASS,nvarchar,YES
dbo,NMFC_CODE,TL_CLASS,nvarchar,YES
dbo,NMFC_CODE,DESCRIPTION,nvarchar,YES
dbo,NMFC_CODE,HAZARDOUS,nchar,NO
dbo,NMFC_CODE_SYNC,ROWID,int,NO
dbo,NMFC_CODE_SYNC,EVENT_ID,int,NO
dbo,NMFC_CODE_SYNC,TYPE,nchar,NO
dbo,NMFC_CODE_SYNC,CREATE_DATE,datetime,NO
dbo,NMFC_CODE_SYNC,NMFC_CODE_ID,nvarchar,NO
dbo,NMFC_CODE_SYNC,EXCEPTION,nchar,NO
dbo,NMFC_CODE_SYNC,SUBSCRIPTIONS,int,NO
dbo,NORMAL_DIST_AREA,ROWID,int,NO
dbo,NORMAL_DIST_AREA,Z,decimal,NO
dbo,NORMAL_DIST_AREA,AREA_MEAN_TO_Z,decimal,NO
dbo,NOTATION,ROWID,int,NO
dbo,NOTATION,TYPE,nchar,NO
dbo,NOTATION,OWNER_ID,nvarchar,NO
dbo,NOTATION,CREATE_DATE,datetime,NO
dbo,NOTATION,NOTE,image,YES
dbo,NOTIFICATION_DATA,ROWID,int,NO
dbo,NOTIFICATION_DATA,USER_ID,nvarchar,NO
dbo,NOTIFICATION_DATA,PROGRAM_ID,nvarchar,NO
dbo,NOTIFICATION_DATA,PRIMARY_KEY,nvarchar,NO
dbo,NOTIFICATION_DATA,OWNER_ID,nvarchar,YES
dbo,NOTIFICATION_DATA,DOC_ID,nvarchar,YES
dbo,NOTIFICATION_DATA,DOC_ID2,nvarchar,YES
dbo,NOTIFICATION_DATA,DOC_ID3,int,YES
dbo,NOTIFICATION_DATA,CREATE_DATE,datetime,NO
dbo,NOTIFICATION_DATA,EMPLOYEE_ID,nvarchar,YES
dbo,NOTIFICATION_DATA,ACTION,nvarchar,YES
dbo,NOTIFICATION_DATA,EMAIL_ADDR,nvarchar,YES
dbo,NOTIFICATION_EMPLOYEE,ROWID,int,NO
dbo,NOTIFICATION_EMPLOYEE,ID,nvarchar,NO
dbo,NOTIFICATION_EMPLOYEE,PROGRAM_ID,nvarchar,NO
dbo,NOTIFICATION_EMPLOYEE,EMPLOYEE_ID,nvarchar,NO
dbo,NOTIFICATION_EMPLOYEE_DOC,ROWID,int,NO
dbo,NOTIFICATION_EMPLOYEE_DOC,PROGRAM_ID,nvarchar,NO
dbo,NOTIFICATION_EMPLOYEE_DOC,DOC_ID,nvarchar,NO
dbo,NOTIFICATION_EMPLOYEE_DOC,DOC_LINE_NO,smallint,NO
dbo,NOTIFICATION_EMPLOYEE_DOC,EMPLOYEE_ID,nvarchar,NO
dbo,NOTIFICATION_EMPLOYEE_DOC,USER_ID,nvarchar,YES
dbo,NOTIFICATION_EMPLOYEE_DOC,NOTIFY_ME_TYPE,nchar,NO
dbo,NOTIFICATION_TEMPLATE,ROWID,int,NO
dbo,NOTIFICATION_TEMPLATE,PROGRAM_ID,nvarchar,NO
dbo,NOTIFICATION_TEMPLATE,TYPE,nvarchar,NO
dbo,NOTIFICATION_TEMPLATE,MESSAGE,nvarchar,NO
dbo,NOTIFICATION_TOKEN,ROWID,int,NO
dbo,NOTIFICATION_TOKEN,PROGRAM_ID,nvarchar,NO
dbo,NOTIFICATION_TOKEN,TYPE,nvarchar,NO
dbo,NOTIFICATION_TOKEN,TOKEN,nvarchar,NO
dbo,NOTIFICATION_TOKEN,TOKEN_TABLE,nvarchar,NO
dbo,NOTIFICATION_TOKEN,TOKEN_COLUMN,nvarchar,NO
dbo,NOTIFICATION_TOKEN,SELECTED_TOKEN,nchar,NO
dbo,NOTIFICATION_TOKEN,DATA_FORMAT_TYPE,nchar,NO
dbo,NOTIFICATION_TOKEN,MIN_DECIMAL_POSITIONS,nchar,NO
dbo,NOTIFICATION_TOKEN,CALCULATED_VALUE,nchar,NO
dbo,OP_SETUP_ATTRIB,ROWID,int,NO
dbo,OP_SETUP_ATTRIB,WORKORDER_TYPE,nchar,NO
dbo,OP_SETUP_ATTRIB,WORKORDER_BASE_ID,nvarchar,NO
dbo,OP_SETUP_ATTRIB,WORKORDER_LOT_ID,nvarchar,NO
dbo,OP_SETUP_ATTRIB,WORKORDER_SPLIT_ID,nvarchar,NO
dbo,OP_SETUP_ATTRIB,WORKORDER_SUB_ID,nvarchar,NO
dbo,OP_SETUP_ATTRIB,OPERATION_SEQ_NO,smallint,NO
dbo,OP_SETUP_ATTRIB,ATTRIBUTE_ID,nvarchar,NO
dbo,OP_SETUP_ATTRIB,NUMERIC_VALUE,decimal,YES
dbo,OP_SETUP_ATTRIB,ALPHA_VALUE,nvarchar,YES
dbo,OP_SETUP_ATTRIB,DATE_VALUE,datetime,YES
dbo,OPER_SERVICE_COST,ROWID,int,NO
dbo,OPER_SERVICE_COST,WORKORDER_TYPE,nchar,NO
dbo,OPER_SERVICE_COST,WORKORDER_BASE_ID,nvarchar,NO
dbo,OPER_SERVICE_COST,WORKORDER_LOT_ID,nvarchar,NO
dbo,OPER_SERVICE_COST,WORKORDER_SPLIT_ID,nvarchar,NO
dbo,OPER_SERVICE_COST,WORKORDER_SUB_ID,nvarchar,NO
dbo,OPER_SERVICE_COST,OPERATION_SEQ_NO,smallint,NO
dbo,OPER_SERVICE_COST,QTY,decimal,NO
dbo,OPER_SERVICE_COST,UNIT_COST,decimal,NO
dbo,OPER_SERVICE_COST,BASE_CHARGE,decimal,NO
dbo,OPER_SERVICE_COST,MINIMUM_CHARGE,decimal,YES
dbo,OPER_SERVICE_COST,LEADTIME,smallint,YES
dbo,OPER_TYPE_BINARY,ROWID,int,NO
dbo,OPER_TYPE_BINARY,OPERATION_TYPE_ID,nvarchar,NO
dbo,OPER_TYPE_BINARY,TYPE,nchar,NO
dbo,OPER_TYPE_BINARY,BITS,image,YES
dbo,OPER_TYPE_BINARY,BITS_LENGTH,int,NO
dbo,OPER_TYPE_BINARY,SITE_ID,nvarchar,NO
dbo,OPER_TYPE_RESOURCE,ROWID,int,NO
dbo,OPER_TYPE_RESOURCE,OPERATION_TYPE_ID,nvarchar,NO
dbo,OPER_TYPE_RESOURCE,RESOURCE_ID,nvarchar,NO
dbo,OPER_TYPE_RESOURCE,TYPE,nchar,NO
dbo,OPER_TYPE_RESOURCE,PERCENT_DURATION,smallint,YES
dbo,OPER_TYPE_RESOURCE,JUSTIFICATION,nchar,NO
dbo,OPER_TYPE_RESOURCE,SITE_ID,nvarchar,NO
dbo,OPER_TYPE_SYNC,ROWID,int,NO
dbo,OPER_TYPE_SYNC,EVENT_ID,int,NO
dbo,OPER_TYPE_SYNC,TYPE,nchar,NO
dbo,OPER_TYPE_SYNC,CREATE_DATE,datetime,NO
dbo,OPER_TYPE_SYNC,OPER_TYPE_ID,nvarchar,NO
dbo,OPER_TYPE_SYNC,EXCEPTION,nchar,NO
dbo,OPER_TYPE_SYNC,SUBSCRIPTIONS,int,NO
dbo,OPERATION,ROWID,int,NO
dbo,OPERATION,WORKORDER_TYPE,nchar,NO
dbo,OPERATION,WORKORDER_BASE_ID,nvarchar,NO
dbo,OPERATION,WORKORDER_LOT_ID,nvarchar,NO
dbo,OPERATION,WORKORDER_SPLIT_ID,nvarchar,NO
dbo,OPERATION,WORKORDER_SUB_ID,nvarchar,NO
dbo,OPERATION,SEQUENCE_NO,smallint,NO
dbo,OPERATION,RESOURCE_ID,nvarchar,NO
dbo,OPERATION,SETUP_HRS,decimal,YES
dbo,OPERATION,RUN,decimal,YES
dbo,OPERATION,RUN_TYPE,nvarchar,NO
dbo,OPERATION,LOAD_SIZE_QTY,decimal,YES
dbo,OPERATION,RUN_HRS,decimal,YES
dbo,OPERATION,MOVE_HRS,decimal,YES
dbo,OPERATION,TRANSIT_DAYS,decimal,YES
dbo,OPERATION,SERVICE_ID,nvarchar,YES
dbo,OPERATION,SCRAP_YIELD_PCT,decimal,YES
dbo,OPERATION,SCRAP_YIELD_TYPE,nchar,NO
dbo,OPERATION,FIXED_SCRAP_UNITS,decimal,NO
dbo,OPERATION,MINIMUM_MOVE_QTY,decimal,YES
dbo,OPERATION,CALC_START_QTY,decimal,YES
dbo,OPERATION,CALC_END_QTY,decimal,YES
dbo,OPERATION,COMPLETED_QTY,decimal,NO
dbo,OPERATION,DEVIATED_QTY,decimal,NO
dbo,OPERATION,ACT_SETUP_HRS,decimal,NO
dbo,OPERATION,ACT_RUN_HRS,decimal,NO
dbo,OPERATION,STATUS,nchar,NO
dbo,OPERATION,SETUP_COMPLETED,nchar,NO
dbo,OPERATION,SERVICE_BEGIN_DATE,datetime,YES
dbo,OPERATION,CLOSE_DATE,datetime,YES
dbo,OPERATION,OPERATION_TYPE,nvarchar,YES
dbo,OPERATION,DRAWING_ID,nvarchar,YES
dbo,OPERATION,DRAWING_REV_NO,nvarchar,YES
dbo,OPERATION,OVERRIDE_QTYS,nchar,NO
dbo,OPERATION,BEGIN_TRACEABILITY,nchar,NO
dbo,OPERATION,CAPACITY_USAGE_MAX,smallint,YES
dbo,OPERATION,CAPACITY_USAGE_MIN,smallint,YES
dbo,OPERATION,TEST_ID,nvarchar,YES
dbo,OPERATION,SPC_QTY,decimal,YES
dbo,OPERATION,SCHED_START_DATE,datetime,YES
dbo,OPERATION,SCHED_FINISH_DATE,datetime,YES
dbo,OPERATION,COULD_FINISH_DATE,datetime,YES
dbo,OPERATION,ISDETERMINANT,nchar,NO
dbo,OPERATION,SETUP_COST_PER_HR,decimal,NO
dbo,OPERATION,RUN_COST_PER_HR,decimal,NO
dbo,OPERATION,RUN_COST_PER_UNIT,decimal,NO
dbo,OPERATION,BUR_PER_HR_SETUP,decimal,NO
dbo,OPERATION,BUR_PER_HR_RUN,decimal,NO
dbo,OPERATION,BUR_PER_UNIT_RUN,decimal,NO
dbo,OPERATION,SERVICE_BASE_CHG,decimal,NO
dbo,OPERATION,BUR_PERCENT_SETUP,decimal,NO
dbo,OPERATION,BUR_PERCENT_RUN,decimal,NO
dbo,OPERATION,BUR_PER_OPERATION,decimal,NO
dbo,OPERATION,EST_ATL_LAB_COST,decimal,NO
dbo,OPERATION,EST_ATL_BUR_COST,decimal,NO
dbo,OPERATION,EST_ATL_SER_COST,decimal,NO
dbo,OPERATION,REM_ATL_LAB_COST,decimal,NO
dbo,OPERATION,REM_ATL_BUR_COST,decimal,NO
dbo,OPERATION,REM_ATL_SER_COST,decimal,NO
dbo,OPERATION,ACT_ATL_LAB_COST,decimal,NO
dbo,OPERATION,ACT_ATL_BUR_COST,decimal,NO
dbo,OPERATION,ACT_ATL_SER_COST,decimal,NO
dbo,OPERATION,EST_TTL_MAT_COST,decimal,NO
dbo,OPERATION,EST_TTL_LAB_COST,decimal,NO
dbo,OPERATION,EST_TTL_BUR_COST,decimal,NO
dbo,OPERATION,EST_TTL_SER_COST,decimal,NO
dbo,OPERATION,REM_TTL_MAT_COST,decimal,NO
dbo,OPERATION,REM_TTL_LAB_COST,decimal,NO
dbo,OPERATION,REM_TTL_BUR_COST,decimal,NO
dbo,OPERATION,REM_TTL_SER_COST,decimal,NO
dbo,OPERATION,ACT_TTL_MAT_COST,decimal,NO
dbo,OPERATION,ACT_TTL_LAB_COST,decimal,NO
dbo,OPERATION,ACT_TTL_BUR_COST,decimal,NO
dbo,OPERATION,ACT_TTL_SER_COST,decimal,NO
dbo,OPERATION,SPLIT_ADJUSTMENT,decimal,NO
dbo,OPERATION,MILESTONE_ID,nvarchar,YES
dbo,OPERATION,SCHEDULE_TYPE,smallint,YES
dbo,OPERATION,MIN_SEGMENT_SIZE,decimal,YES
dbo,OPERATION,PROTECT_COST,nchar,NO
dbo,OPERATION,DRAWING_FILE,nvarchar,YES
dbo,OPERATION,DISPATCHED_QTY,decimal,NO
dbo,OPERATION,SERVICE_MIN_CHG,decimal,NO
dbo,OPERATION,VENDOR_ID,nvarchar,YES
dbo,OPERATION,VENDOR_SERVICE_ID,nvarchar,YES
dbo,OPERATION,SERVICE_PART_ID,nvarchar,YES
dbo,OPERATION,LAST_DISP_DATE,datetime,YES
dbo,OPERATION,LAST_RECV_DATE,datetime,YES
dbo,OPERATION,WAREHOUSE_ID,nvarchar,YES
dbo,OPERATION,ALLOCATED_QTY,decimal,NO
dbo,OPERATION,FULFILLED_QTY,decimal,NO
dbo,OPERATION,LEAST_MIN_MOVE_QTY,smallint,YES
dbo,OPERATION,MAX_GAP_PREV_OP,int,YES
dbo,OPERATION,APPLY_CALENDAR,nchar,YES
dbo,OPERATION,MAX_DOWNTIME,int,YES
dbo,OPERATION,ACCUM_DOWNTIME,nchar,YES
dbo,OPERATION,RUN_QTY_PER_CYCLE,decimal,YES
dbo,OPERATION,USER_1,nvarchar,YES
dbo,OPERATION,USER_2,nvarchar,YES
dbo,OPERATION,USER_3,nvarchar,YES
dbo,OPERATION,USER_4,nvarchar,YES
dbo,OPERATION,USER_5,nvarchar,YES
dbo,OPERATION,USER_6,nvarchar,YES
dbo,OPERATION,USER_7,nvarchar,YES
dbo,OPERATION,USER_8,nvarchar,YES
dbo,OPERATION,USER_9,nvarchar,YES
dbo,OPERATION,USER_10,nvarchar,YES
dbo,OPERATION,UDF_LAYOUT_ID,nvarchar,YES
dbo,OPERATION,NUM_MEM_TO_SCHED,smallint,YES
dbo,OPERATION,SERVICE_BUFFER,int,YES
dbo,OPERATION,MILESTONE_SUB_ID,nvarchar,YES
dbo,OPERATION,POST_MILESTONE,nchar,YES
dbo,OPERATION,PROJ_MILESTONE_OP,nchar,YES
dbo,OPERATION,WBS_CODE,nvarchar,YES
dbo,OPERATION,WBS_START_DATE,datetime,YES
dbo,OPERATION,WBS_END_DATE,datetime,YES
dbo,OPERATION,WBS_DURATION,decimal,YES
dbo,OPERATION,MILESTONE_SEQ_NO,smallint,YES
dbo,OPERATION,PRD_INSP_PLAN_ID,nvarchar,YES
dbo,OPERATION,SETUP_INSPECT_REQ,nchar,YES
dbo,OPERATION,RUN_INSPECT_REQ,nchar,YES
dbo,OPERATION,VC_MERLIN_EXPORTED,nvarchar,YES
dbo,OPERATION,STATUS_EFF_DATE,datetime,NO
dbo,OPERATION,PRED_SUB_ID,nvarchar,YES
dbo,OPERATION,PRED_SEQ_NO,smallint,YES
dbo,OPERATION,SITE_ID,nvarchar,NO
dbo,OPERATION,SCHED_CAPACITY_USAGE,int,YES
dbo,OPERATION,BID_RATE_CATEGORY_ID,nvarchar,YES
dbo,OPERATION,OVERLAP_SETUP,nchar,NO
dbo,OPERATION,PERCENT_COMPL,nvarchar,YES
dbo,OPERATION,QTY_COMPL_BY_HRS,nvarchar,YES
dbo,OPERATION,MAX_QTY_COMPLETE,decimal,YES
dbo,OPERATION,DISPATCH_SEQUENCE,int,NO
dbo,OPERATION_AUDIT,ROWID,int,NO
dbo,OPERATION_AUDIT,SCHEDULE_ID,nvarchar,NO
dbo,OPERATION_AUDIT,ATTEMPT_NO,int,NO
dbo,OPERATION_AUDIT,RESOURCE_ID,nvarchar,NO
dbo,OPERATION_AUDIT,UNIT_NO,smallint,NO
dbo,OPERATION_AUDIT,WORKORDER_TYPE,nchar,NO
dbo,OPERATION_AUDIT,WORKORDER_BASE_ID,nvarchar,NO
dbo,OPERATION_AUDIT,WORKORDER_LOT_ID,nvarchar,NO
dbo,OPERATION_AUDIT,WORKORDER_SPLIT_ID,nvarchar,NO
dbo,OPERATION_AUDIT,WORKORDER_SUB_ID,nvarchar,NO
dbo,OPERATION_AUDIT,SEQUENCE_NO,smallint,NO
dbo,OPERATION_AUDIT,WORKORDER_PASS_NO,int,NO
dbo,OPERATION_AUDIT,DIRECTION,nchar,NO
dbo,OPERATION_AUDIT,RESULT,nchar,NO
dbo,OPERATION_AUDIT,START_DATE,datetime,YES
dbo,OPERATION_AUDIT,FINISH_DATE,datetime,YES
dbo,OPERATION_AUDIT,COULD_START_FINISH,datetime,YES
dbo,OPERATION_AUDIT,RESULT_DETAIL,nvarchar,YES
dbo,OPERATION_AUDIT,SUPPLY_TYPE,nvarchar,YES
dbo,OPERATION_AUDIT,SUPPLY_BASE_ID,nvarchar,YES
dbo,OPERATION_AUDIT,SUPPLY_LOT_ID,nvarchar,YES
dbo,OPERATION_AUDIT,SUPPLY_SPLIT_ID,nvarchar,YES
dbo,OPERATION_AUDIT,SUPPLY_SUB_ID,nvarchar,YES
dbo,OPERATION_AUDIT,SUPPLY_SEQ_NO,int,YES
dbo,OPERATION_AUDIT,SUPPLY_NO,int,YES
dbo,OPERATION_AUDIT,PART_ID,nvarchar,YES
dbo,OPERATION_BINARY,ROWID,int,NO
dbo,OPERATION_BINARY,WORKORDER_TYPE,nchar,NO
dbo,OPERATION_BINARY,WORKORDER_BASE_ID,nvarchar,NO
dbo,OPERATION_BINARY,WORKORDER_LOT_ID,nvarchar,NO
dbo,OPERATION_BINARY,WORKORDER_SPLIT_ID,nvarchar,NO
dbo,OPERATION_BINARY,WORKORDER_SUB_ID,nvarchar,NO
dbo,OPERATION_BINARY,SEQUENCE_NO,smallint,NO
dbo,OPERATION_BINARY,TYPE,nchar,NO
dbo,OPERATION_BINARY,BITS,image,YES
dbo,OPERATION_BINARY,BITS_LENGTH,int,NO
dbo,OPERATION_RESOURCE,ROWID,int,NO
dbo,OPERATION_RESOURCE,WORKORDER_TYPE,nchar,NO
dbo,OPERATION_RESOURCE,WORKORDER_BASE_ID,nvarchar,NO
dbo,OPERATION_RESOURCE,WORKORDER_LOT_ID,nvarchar,NO
dbo,OPERATION_RESOURCE,WORKORDER_SPLIT_ID,nvarchar,NO
dbo,OPERATION_RESOURCE,WORKORDER_SUB_ID,nvarchar,NO
dbo,OPERATION_RESOURCE,SEQUENCE_NO,smallint,NO
dbo,OPERATION_RESOURCE,RESOURCE_ID,nvarchar,NO
dbo,OPERATION_RESOURCE,TYPE,nchar,NO
dbo,OPERATION_RESOURCE,PERCENT_DURATION,smallint,YES
dbo,OPERATION_RESOURCE,JUSTIFICATION,nchar,NO
dbo,OPERATION_RESOURCE,SCHEDULE_TYPE,smallint,YES
dbo,OPERATION_RESOURCE,MIN_SEGMENT_SIZE,decimal,YES
dbo,OPERATION_RESOURCE,NUM_MEM_TO_SCHED,smallint,YES
dbo,OPERATION_RESOURCE,SCHED_EQUAL_CAP,nchar,YES
dbo,OPERATION_RESOURCE,SCHED_START_DATE,datetime,YES
dbo,OPERATION_RESOURCE,SCHED_FINISH_DATE,datetime,YES
dbo,OPERATION_RESOURCE,SCHED_CAPACITY_USAGE,int,YES
dbo,OPERATION_SCHED,ROWID,int,NO
dbo,OPERATION_SCHED,SCHEDULE_ID,nvarchar,NO
dbo,OPERATION_SCHED,WORKORDER_TYPE,nchar,NO
dbo,OPERATION_SCHED,WORKORDER_BASE_ID,nvarchar,NO
dbo,OPERATION_SCHED,WORKORDER_LOT_ID,nvarchar,NO
dbo,OPERATION_SCHED,WORKORDER_SPLIT_ID,nvarchar,NO
dbo,OPERATION_SCHED,WORKORDER_SUB_ID,nvarchar,NO
dbo,OPERATION_SCHED,SEQUENCE_NO,int,NO
dbo,OPERATION_SCHED,RESOURCE_ID,nvarchar,NO
dbo,OPERATION_SCHED,UNIT_ASSIGNED,int,NO
dbo,OPERATION_SCHED,START_DATE,datetime,YES
dbo,OPERATION_SCHED,COULD_START_DATE,datetime,YES
dbo,OPERATION_SCHED,FINISH_DATE,datetime,YES
dbo,OPERATION_SCHED,COULD_FINISH_DATE,datetime,YES
dbo,OPERATION_SCHED,ISDETERMINANT,nchar,NO
dbo,OPERATION_SCHED,DIRECTION,nchar,NO
dbo,OPERATION_SCHED,DELAY_REASON,nvarchar,YES
dbo,OPERATION_SCHED,USER_START_DATE,datetime,YES
dbo,OPERATION_SCHED,USER_FINISH_DATE,datetime,YES
dbo,OPERATION_SCHED,SCHED_RESOURCE_ID,nvarchar,YES
dbo,OPERATION_SCHED,IS_CONCURRENT,nchar,YES
dbo,OPERATION_SCHED,GROUP_RESOURCE_ID,nvarchar,YES
dbo,OPERATION_SCHED,ORG_RESOURCE_ID,nvarchar,YES
dbo,OPERATION_SCHED,ACT_MIN_MOVE_QTY,int,YES
dbo,OPERATION_SCHED,SETUP_HOURS,decimal,YES
dbo,OPERATION_SCHED,RUN_HOURS,decimal,YES
dbo,OPERATION_SCHED,PROBLEM_CODE,int,YES
dbo,OPERATION_SUMMARY,ROWID,int,NO
dbo,OPERATION_SUMMARY,SPID,nvarchar,NO
dbo,OPERATION_SUMMARY,WORKORDER_TYPE,nchar,NO
dbo,OPERATION_SUMMARY,WORKORDER_BASE_ID,nvarchar,NO
dbo,OPERATION_SUMMARY,WORKORDER_LOT_ID,nvarchar,NO
dbo,OPERATION_SUMMARY,WORKORDER_SPLIT_ID,nvarchar,NO
dbo,OPERATION_SUMMARY,WORKORDER_SUB_ID,nvarchar,NO
dbo,OPERATION_SUMMARY,SEQUENCE_NO,smallint,NO
dbo,OPERATION_SUMMARY,EST_ATL_LAB_COST,decimal,NO
dbo,OPERATION_SUMMARY,EST_ATL_BUR_COST,decimal,NO
dbo,OPERATION_SUMMARY,EST_ATL_SER_COST,decimal,NO
dbo,OPERATION_SUMMARY,REM_ATL_LAB_COST,decimal,NO
dbo,OPERATION_SUMMARY,REM_ATL_BUR_COST,decimal,NO
dbo,OPERATION_SUMMARY,REM_ATL_SER_COST,decimal,NO
dbo,OPERATION_SUMMARY,RUN_HRS,decimal,YES
dbo,OPERATION_SUMMARY,STATUS,nchar,YES
dbo,OPERATION_SUMMARY,SETUP_COMPLETED,nchar,YES
dbo,OPERATION_TYPE,ROWID,int,NO
dbo,OPERATION_TYPE,ID,nvarchar,NO
dbo,OPERATION_TYPE,DESCRIPTION,nvarchar,YES
dbo,OPERATION_TYPE,RESOURCE_ID,nvarchar,YES
dbo,OPERATION_TYPE,SETUP_HRS,decimal,YES
dbo,OPERATION_TYPE,RUN,decimal,YES
dbo,OPERATION_TYPE,RUN_TYPE,nchar,YES
dbo,OPERATION_TYPE,LOAD_SIZE_QTY,decimal,YES
dbo,OPERATION_TYPE,MOVE_HRS,decimal,YES
dbo,OPERATION_TYPE,SERVICE_ID,nvarchar,YES
dbo,OPERATION_TYPE,TRANSIT_DAYS,decimal,YES
dbo,OPERATION_TYPE,SCRAP_YIELD_PCT,decimal,YES
dbo,OPERATION_TYPE,SCRAP_YIELD_TYPE,nchar,YES
dbo,OPERATION_TYPE,FIXED_SCRAP_UNITS,decimal,YES
dbo,OPERATION_TYPE,MINIMUM_MOVE_QTY,decimal,YES
dbo,OPERATION_TYPE,CALC_START_QTY,decimal,YES
dbo,OPERATION_TYPE,CALC_END_QTY,decimal,YES
dbo,OPERATION_TYPE,OVERRIDE_QTYS,nchar,YES
dbo,OPERATION_TYPE,BEGIN_TRACEABILITY,nchar,YES
dbo,OPERATION_TYPE,TEST_ID,nvarchar,YES
dbo,OPERATION_TYPE,SETUP_COST_PER_HR,decimal,YES
dbo,OPERATION_TYPE,RUN_COST_PER_HR,decimal,YES
dbo,OPERATION_TYPE,BUR_PER_HR_SETUP,decimal,YES
dbo,OPERATION_TYPE,BUR_PER_HR_RUN,decimal,YES
dbo,OPERATION_TYPE,SERVICE_BASE_CHG,decimal,YES
dbo,OPERATION_TYPE,BUR_PERCENT_SETUP,decimal,YES
dbo,OPERATION_TYPE,BUR_PERCENT_RUN,decimal,YES
dbo,OPERATION_TYPE,BUR_PER_OPERATION,decimal,YES
dbo,OPERATION_TYPE,CAPACITY_USAGE_MAX,smallint,YES
dbo,OPERATION_TYPE,CAPACITY_USAGE_MIN,smallint,YES
dbo,OPERATION_TYPE,SCHEDULE_TYPE,smallint,YES
dbo,OPERATION_TYPE,MIN_SEGMENT_SIZE,decimal,YES
dbo,OPERATION_TYPE,SERVICE_MIN_CHG,decimal,YES
dbo,OPERATION_TYPE,VENDOR_ID,nvarchar,YES
dbo,OPERATION_TYPE,VENDOR_SERVICE_ID,nvarchar,YES
dbo,OPERATION_TYPE,SERVICE_PART_ID,nvarchar,YES
dbo,OPERATION_TYPE,BUR_PER_UNIT_RUN,decimal,YES
dbo,OPERATION_TYPE,RUN_COST_PER_UNIT,decimal,YES
dbo,OPERATION_TYPE,SITE_ID,nvarchar,NO
dbo,PACKAGE_TYPE,ROWID,int,NO
dbo,PACKAGE_TYPE,CODE,nvarchar,NO
dbo,PACKAGE_TYPE,LENGTH,decimal,YES
dbo,PACKAGE_TYPE,WIDTH,decimal,YES
dbo,PACKAGE_TYPE,HEIGHT,decimal,YES
dbo,PACKAGE_TYPE,UNIT_OF_MEASURE,nvarchar,YES
dbo,PACKAGE_TYPE_SYNC,ROWID,int,NO
dbo,PACKAGE_TYPE_SYNC,EVENT_ID,int,NO
dbo,PACKAGE_TYPE_SYNC,TYPE,nchar,NO
dbo,PACKAGE_TYPE_SYNC,CREATE_DATE,datetime,NO
dbo,PACKAGE_TYPE_SYNC,PACKAGE_CODE,nvarchar,NO
dbo,PACKAGE_TYPE_SYNC,EXCEPTION,nchar,NO
dbo,PACKAGE_TYPE_SYNC,SUBSCRIPTIONS,int,NO
dbo,PALLET,ROWID,int,NO
dbo,PALLET,ID,nvarchar,NO
dbo,PALLET,BOL_ID,nvarchar,YES
dbo,PALLET,TARE_ID,nvarchar,YES
dbo,PALLET,PACKAGE_TYPE,nvarchar,YES
dbo,PALLET,CARTON_COUNT,int,YES
dbo,PALLET,QTY_PER_CARTON,decimal,YES
dbo,PALLET,SHIPPING_WEIGHT,decimal,YES
dbo,PALLET,USER_SHIP_WEIGHT,decimal,YES
dbo,PALLET,WEIGHT_UM,nvarchar,YES
dbo,PALLET_DETAIL,ROWID,int,NO
dbo,PALLET_DETAIL,PACKLIST_ID,nvarchar,NO
dbo,PALLET_DETAIL,PACKLIST_LINE_NO,smallint,NO
dbo,PALLET_DETAIL,PALLET_ID,nvarchar,NO
dbo,PALLET_DETAIL,CARTON_COUNT,smallint,NO
dbo,PALLET_DETAIL,SHIPPING_WEIGHT,decimal,YES
dbo,PALLET_DETAIL,PACKAGE_TYPE,nvarchar,YES
dbo,PALLET_DETAIL,QTY_PER_PKG,decimal,YES
dbo,PALLET_DETAIL,DEL_LINE_NO,smallint,YES
dbo,PALLET_DETAIL,SKID_PART_ID,nvarchar,YES
dbo,PALLET_DETAIL,SKID_WEIGHT,decimal,YES
dbo,PALLET_DETAIL,CONTAINER_PART_ID,nvarchar,YES
dbo,PALLET_DETAIL,CONTAINER_WEIGHT,decimal,YES
dbo,PALLET_DETAIL,CREATE_INV_TRANS,nchar,YES
dbo,PART,ROWID,int,NO
dbo,PART,ID,nvarchar,NO
dbo,PART,DESCRIPTION,nvarchar,YES
dbo,PART,STOCK_UM,nvarchar,NO
dbo,PART,PLANNING_LEADTIME,smallint,NO
dbo,PART,ORDER_POLICY,nchar,NO
dbo,PART,ORDER_POINT,decimal,YES
dbo,PART,SAFETY_STOCK_QTY,decimal,YES
dbo,PART,FIXED_ORDER_QTY,decimal,YES
dbo,PART,DAYS_OF_SUPPLY,smallint,YES
dbo,PART,MINIMUM_ORDER_QTY,decimal,YES
dbo,PART,MAXIMUM_ORDER_QTY,decimal,YES
dbo,PART,PRODUCT_CODE,nvarchar,YES
dbo,PART,COMMODITY_CODE,nvarchar,YES
dbo,PART,MFG_NAME,nvarchar,YES
dbo,PART,MFG_PART_ID,nvarchar,YES
dbo,PART,FABRICATED,nchar,NO
dbo,PART,PURCHASED,nchar,NO
dbo,PART,STOCKED,nchar,NO
dbo,PART,DETAIL_ONLY,nchar,NO
dbo,PART,DEMAND_HISTORY,nchar,NO
dbo,PART,TOOL_OR_FIXTURE,nchar,NO
dbo,PART,INSPECTION_REQD,nchar,NO
dbo,PART,WEIGHT,decimal,YES
dbo,PART,WEIGHT_UM,nvarchar,YES
dbo,PART,DRAWING_ID,nvarchar,YES
dbo,PART,DRAWING_REV_NO,nvarchar,YES
dbo,PART,PREF_VENDOR_ID,nvarchar,YES
dbo,PART,MRP_REQUIRED,nchar,YES
dbo,PART,MRP_EXCEPTIONS,nchar,YES
dbo,PART,PRIVATE_UM_CONV,nchar,YES
dbo,PART,AUTO_BACKFLUSH,nchar,YES
dbo,PART,PLANNER_USER_ID,nvarchar,YES
dbo,PART,BUYER_USER_ID,nvarchar,YES
dbo,PART,ABC_CODE,nchar,YES
dbo,PART,ANNUAL_USAGE_QTY,decimal,YES
dbo,PART,INVENTORY_LOCKED,nchar,NO
dbo,PART,MAT_GL_ACCT_ID,nvarchar,YES
dbo,PART,LAB_GL_ACCT_ID,nvarchar,YES
dbo,PART,BUR_GL_ACCT_ID,nvarchar,YES
dbo,PART,SER_GL_ACCT_ID,nvarchar,YES
dbo,PART,QTY_ON_HAND,decimal,NO
dbo,PART,QTY_AVAILABLE_ISS,decimal,NO
dbo,PART,QTY_AVAILABLE_MRP,decimal,NO
dbo,PART,QTY_ON_ORDER,decimal,NO
dbo,PART,QTY_IN_DEMAND,decimal,NO
dbo,PART,USER_1,nvarchar,YES
dbo,PART,USER_2,nvarchar,YES
dbo,PART,USER_3,nvarchar,YES
dbo,PART,USER_4,nvarchar,YES
dbo,PART,USER_5,nvarchar,YES
dbo,PART,USER_6,nvarchar,YES
dbo,PART,USER_7,nvarchar,YES
dbo,PART,USER_8,nvarchar,YES
dbo,PART,USER_9,nvarchar,YES
dbo,PART,USER_10,nvarchar,YES
dbo,PART,NMFC_CODE_ID,nvarchar,YES
dbo,PART,PACKAGE_TYPE,nvarchar,YES
dbo,PART,MRP_EXCEPTION_INFO,nvarchar,YES
dbo,PART,MULTIPLE_ORDER_QTY,decimal,YES
dbo,PART,ADD_FORECAST,nchar,NO
dbo,PART,UDF_LAYOUT_ID,nvarchar,YES
dbo,PART,PIECE_TRACKED,nchar,NO
dbo,PART,LENGTH_REQD,nchar,NO
dbo,PART,WIDTH_REQD,nchar,NO
dbo,PART,HEIGHT_REQD,nchar,NO
dbo,PART,DIMENSIONS_UM,nvarchar,YES
dbo,PART,SHIP_DIMENSIONS,nvarchar,YES
dbo,PART,DRAWING_FILE,nvarchar,YES
dbo,PART,TARIFF_CODE,nvarchar,YES
dbo,PART,TARIFF_TYPE,nvarchar,YES
dbo,PART,ORIG_COUNTRY_ID,nvarchar,YES
dbo,PART,NET_WEIGHT_2,decimal,YES
dbo,PART,GROSS_WEIGHT_2,decimal,YES
dbo,PART,WEIGHT_UM_2,nvarchar,YES
dbo,PART,VOLUME,decimal,YES
dbo,PART,VOLUME_UM,nvarchar,YES
dbo,PART,VAT_CODE,nvarchar,YES
dbo,PART,DEMAND_FENCE_1,int,YES
dbo,PART,DEMAND_FENCE_2,int,YES
dbo,PART,ROLL_FORECAST,nchar,YES
dbo,PART,CONSUMABLE,nchar,YES
dbo,PART,PRIMARY_SOURCE,nchar,YES
dbo,PART,LABEL_UM,nvarchar,YES
dbo,PART,HTS_CODE,nvarchar,YES
dbo,PART,DEF_ORIG_COUNTRY,nvarchar,YES
dbo,PART,MATERIAL_CODE,nvarchar,YES
dbo,PART,DEF_LBL_FORMAT_ID,nvarchar,YES
dbo,PART,VOLATILE_LEADTIME,nchar,YES
dbo,PART,LT_PLUS_DAYS,int,YES
dbo,PART,LT_MINUS_DAYS,int,YES
dbo,PART,STATUS,nchar,YES
dbo,PART,USE_SUPPLY_BEF_LT,nchar,YES
dbo,PART,QTY_COMMITTED,decimal,NO
dbo,PART,intrastat_exempt,nvarchar,NO
dbo,PART,CASE_QTY,decimal,YES
dbo,PART,PALLET_QTY,decimal,YES
dbo,PART,MINIMUM_LEADTIME,smallint,YES
dbo,PART,LEADTIME_BUFFER,smallint,YES
dbo,PART,EMERGENCY_STOCKPCT,int,YES
dbo,PART,REPLENISH_LEVEL,decimal,YES
dbo,PART,MIN_BATCH_SIZE,decimal,YES
dbo,PART,EFF_DATE_PRICE,nchar,YES
dbo,PART,ECN_REVISION,nchar,YES
dbo,PART,REVISION_ID,nvarchar,YES
dbo,PART,STAGE_ID,nvarchar,YES
dbo,PART,ECN_REV_CONTROL,nchar,YES
dbo,PART,IS_KIT,nchar,NO
dbo,PART,YELLOW_STOCKPCT,int,YES
dbo,PART,UNIV_PLAN_MATERIAL,nvarchar,YES
dbo,PART,RLS_NEAR_DAYS,smallint,YES
dbo,PART,SUGG_RLS_NEAR_DAYS,smallint,YES
dbo,PART,ORDER_UP_TO_QTY,decimal,YES
dbo,PART,LAST_IMPLODE_DATE,datetime,YES
dbo,PART,STATUS_EFF_DATE,datetime,NO
dbo,PART,CONTROLLED_BY_ICS,nchar,NO
dbo,PART,PRICE_GROUP,nvarchar,YES
dbo,PART,DEF_PACKAGE_QTY,decimal,YES
dbo,PART,DEF_PACKAGE_CAP,decimal,YES
dbo,PART,DEF_SLS_TAX_GRP_ID,nvarchar,YES
dbo,PART,MRO_CLASS,nvarchar,YES
dbo,PART,BUFFER_PROFILE_ID,nvarchar,YES
dbo,PART,ADU_HORIZON,smallint,YES
dbo,PART,ASR_LEADTIME,smallint,YES
dbo,PART,ONHAND_ALERT_RED_PCT,smallint,YES
dbo,PART,PROCESS_TYPE,nvarchar,YES
dbo,PART,BID_RATE_CATEGORY_ID,nvarchar,YES
dbo,PART,CREATE_DATE,datetime,NO
dbo,PART,MODIFY_DATE,datetime,YES
dbo,PART_ALIAS,ROWID,int,NO
dbo,PART_ALIAS,PART_ID,nvarchar,NO
dbo,PART_ALIAS,ID,nvarchar,NO
dbo,PART_ALIAS,DESCRIPTION,nvarchar,YES
dbo,PART_ALIAS,TYPE,nvarchar,NO
dbo,PART_ALIAS_TYPE,ROWID,int,NO
dbo,PART_ALIAS_TYPE,ID,nvarchar,NO
dbo,PART_ALIAS_TYPE,DESCRIPTION,nvarchar,YES
dbo,PART_ALTERNATE,ROWID,int,NO
dbo,PART_ALTERNATE,PART_ID,nvarchar,NO
dbo,PART_ALTERNATE,ALTERNATE_PART_ID,nvarchar,NO
dbo,PART_ALTERNATE,RANK,smallint,YES
dbo,PART_BINARY,ROWID,int,NO
dbo,PART_BINARY,PART_ID,nvarchar,NO
dbo,PART_BINARY,TYPE,nchar,NO
dbo,PART_BINARY,BITS,image,YES
dbo,PART_BINARY,BITS_LENGTH,int,NO
dbo,PART_CO_BINARY,ROWID,int,NO
dbo,PART_CO_BINARY,PART_ID,nvarchar,NO
dbo,PART_CO_BINARY,TYPE,nchar,NO
dbo,PART_CO_BINARY,BITS,image,YES
dbo,PART_CO_BINARY,BITS_LENGTH,int,NO
dbo,PART_CROSS_SELLING,ROWID,int,NO
dbo,PART_CROSS_SELLING,PART_ID,nvarchar,NO
dbo,PART_CROSS_SELLING,CROSS_SELL_PART_ID,nvarchar,NO
dbo,PART_LOCATION,ROWID,int,NO
dbo,PART_LOCATION,PART_ID,nvarchar,NO
dbo,PART_LOCATION,WAREHOUSE_ID,nvarchar,NO
dbo,PART_LOCATION,LOCATION_ID,nvarchar,NO
dbo,PART_LOCATION,DESCRIPTION,nvarchar,YES
dbo,PART_LOCATION,HOLD_REASON_ID,nvarchar,YES
dbo,PART_LOCATION,QTY,decimal,NO
dbo,PART_LOCATION,STATUS,nchar,NO
dbo,PART_LOCATION,LOCKED,nchar,NO
dbo,PART_LOCATION,TRANSIT,nchar,NO
dbo,PART_LOCATION,LAST_COUNT_DATE,datetime,YES
dbo,PART_LOCATION,PURGE_QTY,decimal,YES
dbo,PART_LOCATION,COMMITTED_QTY,decimal,NO
dbo,PART_LOCATION,DEF_BACKFLUSH_LOC,nchar,NO
dbo,PART_LOCATION,AUTO_ISSUE_LOC,nchar,NO
dbo,PART_LOCATION,DEF_INSPECT_LOC,nchar,NO
dbo,PART_LOCATION,DC_CLASS_ID,nchar,YES
dbo,PART_LOCATION,ORDER_POINT,decimal,YES
dbo,PART_LOCATION,ORDER_UP_TO_QTY,decimal,YES
dbo,PART_LOCATION,STATUS_EFF_DATE,datetime,NO
dbo,PART_LOCATION,FROM_HOLD_REASON_ID,nvarchar,YES
dbo,PART_MFG_BINARY,ROWID,int,NO
dbo,PART_MFG_BINARY,PART_ID,nvarchar,NO
dbo,PART_MFG_BINARY,TYPE,nchar,NO
dbo,PART_MFG_BINARY,BITS,image,YES
dbo,PART_MFG_BINARY,BITS_LENGTH,int,NO
dbo,PART_PO_BINARY,ROWID,int,NO
dbo,PART_PO_BINARY,PART_ID,nvarchar,NO
dbo,PART_PO_BINARY,TYPE,nchar,NO
dbo,PART_PO_BINARY,BITS,image,YES
dbo,PART_PO_BINARY,BITS_LENGTH,int,NO
dbo,PART_PRICE_GROUP,CODE,nvarchar,NO
dbo,PART_PRICE_GROUP,ROWID,int,NO
dbo,PART_REPLENISHMENT,ROWID,int,NO
dbo,PART_REPLENISHMENT,PART_ID,nvarchar,NO
dbo,PART_REPLENISHMENT,BEGIN_DATE,datetime,NO
dbo,PART_REPLENISHMENT,END_DATE,datetime,NO
dbo,PART_REPLENISHMENT,REPLENISH_LEVEL,decimal,NO
dbo,PART_REPLENISHMENT,IS_RECURRING,nchar,YES
dbo,PART_REPLENISHMENT,SITE_ID,nvarchar,NO
dbo,PART_SHIPPING,ROWID,int,NO
dbo,PART_SHIPPING,CUSTOMER_ID,nvarchar,NO
dbo,PART_SHIPPING,SHIPTO_ID,nvarchar,NO
dbo,PART_SHIPPING,PART_ID,nvarchar,NO
dbo,PART_SHIPPING,CONTAINER_PART_ID,nvarchar,NO
dbo,PART_SHIPPING,CONTAINER_UM,nvarchar,YES
dbo,PART_SHIPPING,CONTAINER_WEIGHT,decimal,YES
dbo,PART_SHIPPING,STD_PCS_CONTAINER,decimal,YES
dbo,PART_SHIPPING,SKID_PART_ID,nvarchar,YES
dbo,PART_SHIPPING,SKID_UM,nvarchar,YES
dbo,PART_SHIPPING,SKID_WEIGHT,decimal,YES
dbo,PART_SHIPPING,STD_CONTAINER_SKID,decimal,YES
dbo,PART_SHIPPING,CONTAINER_TYPE,nvarchar,YES
dbo,PART_SHIPPING,DEFAULT_CONTAINER,nvarchar,YES
dbo,PART_SHIPPING,CUST_SHIP_PART_ID,nvarchar,YES
dbo,PART_SHIPPING,PACKAGE_TYPE,nvarchar,YES
dbo,PART_SHIPPING,CREATE_INV_TRANS,nchar,YES
dbo,PART_SHIPPING,DOCK_CODE,nvarchar,YES
dbo,PART_SITE,ROWID,int,NO
dbo,PART_SITE,SITE_ID,nvarchar,NO
dbo,PART_SITE,PART_ID,nvarchar,NO
dbo,PART_SITE,PLANNING_LEADTIME,smallint,YES
dbo,PART_SITE,ORDER_POLICY,nchar,YES
dbo,PART_SITE,ORDER_POINT,decimal,YES
dbo,PART_SITE,ORDER_UP_TO_QTY,decimal,YES
dbo,PART_SITE,SAFETY_STOCK_QTY,decimal,YES
dbo,PART_SITE,FIXED_ORDER_QTY,decimal,YES
dbo,PART_SITE,DAYS_OF_SUPPLY,smallint,YES
dbo,PART_SITE,MINIMUM_ORDER_QTY,decimal,YES
dbo,PART_SITE,MAXIMUM_ORDER_QTY,decimal,YES
dbo,PART_SITE,ENGINEERING_MSTR,nvarchar,YES
dbo,PART_SITE,PRODUCT_CODE,nvarchar,YES
dbo,PART_SITE,FABRICATED,nchar,YES
dbo,PART_SITE,PURCHASED,nchar,YES
dbo,PART_SITE,STOCKED,nchar,YES
dbo,PART_SITE,DETAIL_ONLY,nchar,YES
dbo,PART_SITE,DEMAND_HISTORY,nchar,YES
dbo,PART_SITE,TOOL_OR_FIXTURE,nchar,YES
dbo,PART_SITE,CONSUMABLE,nchar,YES
dbo,PART_SITE,INSPECTION_REQD,nchar,YES
dbo,PART_SITE,DEMAND_FENCE_1,int,YES
dbo,PART_SITE,DEMAND_FENCE_2,int,YES
dbo,PART_SITE,PLANNER_USER_ID,nvarchar,YES
dbo,PART_SITE,BUYER_USER_ID,nvarchar,YES
dbo,PART_SITE,ABC_CODE,nchar,YES
dbo,PART_SITE,ANNUAL_USAGE_QTY,decimal,YES
dbo,PART_SITE,INVENTORY_LOCKED,nchar,YES
dbo,PART_SITE,PREF_VENDOR_ID,nvarchar,YES
dbo,PART_SITE,PRIMARY_WHS_ID,nvarchar,YES
dbo,PART_SITE,PRIMARY_LOC_ID,nvarchar,YES
dbo,PART_SITE,BACKFLUSH_WHS_ID,nvarchar,YES
dbo,PART_SITE,BACKFLUSH_LOC_ID,nvarchar,YES
dbo,PART_SITE,INSPECT_WHS_ID,nvarchar,YES
dbo,PART_SITE,INSPECT_LOC_ID,nvarchar,YES
dbo,PART_SITE,MRP_REQUIRED,nchar,YES
dbo,PART_SITE,MRP_EXCEPTIONS,nchar,YES
dbo,PART_SITE,AUTO_BACKFLUSH,nchar,YES
dbo,PART_SITE,UNIT_PRICE,decimal,YES
dbo,PART_SITE,EFF_DATE_PRICE,nchar,YES
dbo,PART_SITE,UNIT_MATERIAL_COST,decimal,NO
dbo,PART_SITE,UNIT_LABOR_COST,decimal,NO
dbo,PART_SITE,WHSALE_UNIT_COST,decimal,YES
dbo,PART_SITE,BURDEN_PERCENT,decimal,NO
dbo,PART_SITE,BURDEN_PER_UNIT,decimal,NO
dbo,PART_SITE,EXCISE_UNIT_PRICE,decimal,YES
dbo,PART_SITE,PURC_BUR_PERCENT,decimal,NO
dbo,PART_SITE,UNIT_BURDEN_COST,decimal,NO
dbo,PART_SITE,FIXED_COST,decimal,NO
dbo,PART_SITE,UNIT_SERVICE_COST,decimal,NO
dbo,PART_SITE,NEW_MATERIAL_COST,decimal,NO
dbo,PART_SITE,NEW_LABOR_COST,decimal,NO
dbo,PART_SITE,NEW_BURDEN_COST,decimal,NO
dbo,PART_SITE,NEW_SERVICE_COST,decimal,NO
dbo,PART_SITE,NEW_BURDEN_PERCENT,decimal,NO
dbo,PART_SITE,NEW_BURDEN_PERUNIT,decimal,NO
dbo,PART_SITE,PURC_BUR_PER_UNIT,decimal,NO
dbo,PART_SITE,NEW_FIXED_COST,decimal,NO
dbo,PART_SITE,MAT_GL_ACCT_ID,nvarchar,YES
dbo,PART_SITE,LAB_GL_ACCT_ID,nvarchar,YES
dbo,PART_SITE,BUR_GL_ACCT_ID,nvarchar,YES
dbo,PART_SITE,SER_GL_ACCT_ID,nvarchar,YES
dbo,PART_SITE,QTY_ON_HAND,decimal,NO
dbo,PART_SITE,QTY_AVAILABLE_ISS,decimal,NO
dbo,PART_SITE,QTY_AVAILABLE_MRP,decimal,NO
dbo,PART_SITE,QTY_ON_ORDER,decimal,NO
dbo,PART_SITE,QTY_IN_DEMAND,decimal,NO
dbo,PART_SITE,QTY_COMMITTED,decimal,NO
dbo,PART_SITE,TARIFF_CODE,nvarchar,YES
dbo,PART_SITE,TARIFF_TYPE,nvarchar,YES
dbo,PART_SITE,VAT_CODE,nvarchar,YES
dbo,PART_SITE,ORIG_COUNTRY_ID,nvarchar,YES
dbo,PART_SITE,INTRASTAT_EXEMPT,nvarchar,NO
dbo,PART_SITE,STATUS,nchar,YES
dbo,PART_SITE,STATUS_EFF_DATE,datetime,YES
dbo,PART_SITE,USE_SUPPLY_BEF_LT,nchar,YES
dbo,PART_SITE,MINIMUM_LEADTIME,smallint,YES
dbo,PART_SITE,LEADTIME_BUFFER,smallint,YES
dbo,PART_SITE,EMERGENCY_STOCKPCT,int,YES
dbo,PART_SITE,REPLENISH_LEVEL,decimal,YES
dbo,PART_SITE,MIN_BATCH_SIZE,decimal,YES
dbo,PART_SITE,YELLOW_STOCKPCT,int,YES
dbo,PART_SITE,MRP_EXCEPTION_INFO,nvarchar,YES
dbo,PART_SITE,MULTIPLE_ORDER_QTY,decimal,YES
dbo,PART_SITE,LAST_IMPLODE_DATE,datetime,YES
dbo,PART_SITE,MRO_CLASS,nvarchar,YES
dbo,PART_SITE,UDF_LAYOUT_ID,nvarchar,YES
dbo,PART_SITE,USER_1,nvarchar,YES
dbo,PART_SITE,USER_2,nvarchar,YES
dbo,PART_SITE,USER_3,nvarchar,YES
dbo,PART_SITE,USER_4,nvarchar,YES
dbo,PART_SITE,USER_5,nvarchar,YES
dbo,PART_SITE,USER_6,nvarchar,YES
dbo,PART_SITE,USER_7,nvarchar,YES
dbo,PART_SITE,USER_8,nvarchar,YES
dbo,PART_SITE,USER_9,nvarchar,YES
dbo,PART_SITE,USER_10,nvarchar,YES
dbo,PART_SITE,BUFFER_PROFILE_ID,nvarchar,YES
dbo,PART_SITE,ADU_HORIZON,smallint,YES
dbo,PART_SITE,ASR_LEADTIME,smallint,YES
dbo,PART_SITE,ONHAND_ALERT_RED_PCT,smallint,YES
dbo,PART_SITE,LAST_ABC_DATE,datetime,YES
dbo,PART_SITE,PROCESS_TYPE,nvarchar,YES
dbo,PART_SITE,BID_RATE_CATEGORY_ID,nvarchar,YES
dbo,PART_SITE,CREATE_DATE,datetime,NO
dbo,PART_SITE,MODIFY_DATE,datetime,YES
dbo,PART_SITE,IS_RATE_BASED,nchar,NO
dbo,PART_SUBSTITUTE,ROWID,int,NO
dbo,PART_SUBSTITUTE,PART_ID,nvarchar,NO
dbo,PART_SUBSTITUTE,SUBSTITUTE_PART_ID,nvarchar,NO
dbo,PART_SUBSTITUTE,RANK,smallint,YES
dbo,PART_SYNC,ROWID,int,NO
dbo,PART_SYNC,EVENT_ID,int,NO
dbo,PART_SYNC,TYPE,nchar,NO
dbo,PART_SYNC,CREATE_DATE,datetime,NO
dbo,PART_SYNC,PART_ID,nvarchar,NO
dbo,PART_SYNC,EXCEPTION,nchar,NO
dbo,PART_SYNC,SUBSCRIPTIONS,int,NO
dbo,PART_TRACE_LOCATION,ROWID,int,NO
dbo,PART_TRACE_LOCATION,PART_ID,nvarchar,NO
dbo,PART_TRACE_LOCATION,WAREHOUSE_ID,nvarchar,NO
dbo,PART_TRACE_LOCATION,LOCATION_ID,nvarchar,NO
dbo,PART_TRACE_LOCATION,TRACE_ID,nvarchar,NO
dbo,PART_TRACE_LOCATION,QTY,decimal,NO
dbo,PART_UNITS_CONV,ROWID,int,NO
dbo,PART_UNITS_CONV,PART_ID,nvarchar,NO
dbo,PART_UNITS_CONV,FROM_UM,nvarchar,NO
dbo,PART_UNITS_CONV,TO_UM,nvarchar,NO
dbo,PART_UNITS_CONV,CONVERSION_FACTOR,decimal,NO
dbo,PART_WAREHOUSE,ROWID,int,NO
dbo,PART_WAREHOUSE,WAREHOUSE_ID,nvarchar,NO
dbo,PART_WAREHOUSE,PART_ID,nvarchar,NO
dbo,PART_WAREHOUSE,MIN_INV_QTY,decimal,NO
dbo,PART_WAREHOUSE,COMMITTED_CO,decimal,NO
dbo,PART_WAREHOUSE,COMMITTED_REQ,decimal,NO
dbo,PART_WAREHOUSE,COMMITTED_PLREQ,decimal,NO
dbo,PART_WAREHOUSE,COMMITTED_IBT,decimal,NO
dbo,PART_WAREHOUSE,AVAILABLE_QTY,decimal,NO
dbo,PART_WAREHOUSE,EXPECTED_PO,decimal,NO
dbo,PART_WAREHOUSE,EXPECTED_WO,decimal,NO
dbo,PART_WAREHOUSE,EXPECTED_PL,decimal,NO
dbo,PART_WAREHOUSE,EXPECTED_IBT,decimal,NO
dbo,PART_WAREHOUSE,EXPECT_COMMIT_CO,decimal,NO
dbo,PART_WAREHOUSE,EXPECT_COMMIT_REQ,decimal,NO
dbo,PART_WAREHOUSE,EXPECT_COMMIT_PLR,decimal,NO
dbo,PART_WAREHOUSE,EXPECT_COMMIT_IBT,decimal,NO
dbo,PART_WAREHOUSE,UNALLOC_DEMAND_QTY,decimal,NO
dbo,PART_WAREHOUSE,OUTBOUND_QTY,decimal,NO
dbo,PART_WAREHOUSE,ON_HOLD_QTY,decimal,NO
dbo,PART_WAREHOUSE,LOCKED_QTY,decimal,NO
dbo,PART_WAREHOUSE,UNAVAILABLE_QTY,decimal,NO
dbo,PART_WAREHOUSE,AUTO_CREATE,nchar,NO
dbo,PART_WAREHOUSE,SOURCE_TYPE,nchar,YES
dbo,PART_WAREHOUSE,SOURCE_ID,nvarchar,YES
dbo,PART_WAREHOUSE,PLANNING_LEADTIME,smallint,NO
dbo,PART_WAREHOUSE,ORDER_POLICY,nchar,NO
dbo,PART_WAREHOUSE,ORDER_POINT,decimal,YES
dbo,PART_WAREHOUSE,SAFETY_STOCK_QTY,decimal,YES
dbo,PART_WAREHOUSE,FIXED_ORDER_QTY,decimal,YES
dbo,PART_WAREHOUSE,DAYS_OF_SUPPLY,smallint,YES
dbo,PART_WAREHOUSE,MINIMUM_ORDER_QTY,decimal,YES
dbo,PART_WAREHOUSE,MAXIMUM_ORDER_QTY,decimal,YES
dbo,PART_WAREHOUSE,PLANNER_USER_ID,nvarchar,YES
dbo,PART_WAREHOUSE,BUYER_USER_ID,nvarchar,YES
dbo,PART_WAREHOUSE,ANNUAL_USAGE_QTY,decimal,YES
dbo,PART_WAREHOUSE,MULTIPLE_ORDER_QTY,decimal,YES
dbo,PART_WAREHOUSE,DEMAND_FENCE_1,int,YES
dbo,PART_WAREHOUSE,DEMAND_FENCE_2,int,YES
dbo,PART_WAREHOUSE,MRP_EXCEPTIONS,nchar,YES
dbo,PART_WAREHOUSE,MRP_EXCEPTION_INFO,nvarchar,YES
dbo,PART_WAREHOUSE,MRP_REQUIRED,nchar,YES
dbo,PART_WAREHOUSE,MINIMUM_LEADTIME,smallint,YES
dbo,PART_WAREHOUSE,LEADTIME_BUFFER,smallint,YES
dbo,PART_WAREHOUSE,EMERGENCY_STOCKPCT,int,YES
dbo,PART_WAREHOUSE,YELLOW_STOCKPCT,int,YES
dbo,PART_WAREHOUSE,REPLENISH_LEVEL,decimal,YES
dbo,PART_WAREHOUSE,ORDER_UP_TO_QTY,decimal,YES
dbo,PART_WAREHOUSE,COUNT_SEQUENCE,int,NO
dbo,PART_WAREHOUSE,BUFFER_PROFILE_ID,nvarchar,YES
dbo,PART_WAREHOUSE,ADU_HORIZON,smallint,YES
dbo,PART_WAREHOUSE,ASR_LEADTIME,smallint,YES
dbo,PART_WAREHOUSE,ONHAND_ALERT_RED_PCT,smallint,YES
dbo,PART_WHS_REPLENISH,ROWID,int,NO
dbo,PART_WHS_REPLENISH,PART_ID,nvarchar,NO
dbo,PART_WHS_REPLENISH,WAREHOUSE_ID,nvarchar,NO
dbo,PART_WHS_REPLENISH,BEGIN_DATE,datetime,NO
dbo,PART_WHS_REPLENISH,END_DATE,datetime,NO
dbo,PART_WHS_REPLENISH,REPLENISH_LEVEL,decimal,NO
dbo,PART_WHS_REPLENISH,IS_RECURRING,nchar,YES
dbo,PASSWORD_CONFIG,ROWID,int,NO
dbo,PASSWORD_CONFIG,USE_DIFF_PASS,nchar,YES
dbo,PASSWORD_CONFIG,RETIRE_PASSWORD,nchar,YES
dbo,PASSWORD_CONFIG,RETIRE_PASS_DAYS,int,YES
dbo,PASSWORD_CONFIG,REUSE_PASSWORD,nchar,YES
dbo,PASSWORD_CONFIG,REUSE_AFTER,int,YES
dbo,PASSWORD_CONFIG,MINIMUM_LENGTH,smallint,YES
dbo,PASSWORD_CONFIG,MINIMUM_DIGITS,smallint,YES
dbo,PASSWORD_CONFIG,MINIMUM_LETTERS,smallint,YES
dbo,PASSWORD_CONFIG,MINIMUM_UPPER,smallint,YES
dbo,PASSWORD_CONFIG,MINIMUM_LOWER,smallint,YES
dbo,PASSWORD_CONFIG,MINIMUM_SPECIAL,smallint,YES
dbo,PASSWORD_CONFIG,RETRIES_ALLOWED,smallint,YES
dbo,PASSWORD_CONFIG,MINS_BEFORE_RETRY,smallint,YES
dbo,PASSWORD_CONFIG,PASSWORD_RESET,nchar,YES
dbo,PAYABLE,ROWID,int,NO
dbo,PAYABLE,VOUCHER_ID,nvarchar,NO
dbo,PAYABLE,VENDOR_ID,nvarchar,YES
dbo,PAYABLE,INVOICE_ID,nvarchar,NO
dbo,PAYABLE,TYPE,nchar,NO
dbo,PAYABLE,INVOICE_DATE,datetime,NO
dbo,PAYABLE,PAYMENT_DATE,datetime,YES
dbo,PAYABLE,LAST_PAID_DATE,datetime,YES
dbo,PAYABLE,ZERO_DATE,datetime,YES
dbo,PAYABLE,CREATE_DATE,datetime,NO
dbo,PAYABLE,USER_ID,nvarchar,YES
dbo,PAYABLE,PAY_STATUS,nchar,NO
dbo,PAYABLE,TOTAL_AMOUNT,decimal,NO
dbo,PAYABLE,PAID_AMOUNT,decimal,NO
dbo,PAYABLE,DISCOUNT_TAKEN,decimal,NO
dbo,PAYABLE,AUTHORIZED_PAYMENT,decimal,YES
dbo,PAYABLE,TERMS_NET_TYPE,nchar,NO
dbo,PAYABLE,TERMS_NET_DAYS,smallint,YES
dbo,PAYABLE,TERMS_NET_DATE,datetime,YES
dbo,PAYABLE,TERMS_DISC_TYPE,nchar,NO
dbo,PAYABLE,TERMS_DISC_DAYS,smallint,YES
dbo,PAYABLE,TERMS_DISC_DATE,datetime,YES
dbo,PAYABLE,TERMS_DISC_PERCENT,decimal,YES
dbo,PAYABLE,TERMS_DESCRIPTION,nvarchar,YES
dbo,PAYABLE,REPORT_1099_MISC,nchar,NO
dbo,PAYABLE,SELL_RATE,decimal,NO
dbo,PAYABLE,BUY_RATE,decimal,NO
dbo,PAYABLE,POSTING_DATE,datetime,NO
dbo,PAYABLE,SITE_ID,nvarchar,NO
dbo,PAYABLE,CUST_ORDER_ID,nvarchar,YES
dbo,PAYABLE,PAYB_GL_ACCT_ID,nvarchar,NO
dbo,PAYABLE,MARKED_FOR_PURGE,nchar,NO
dbo,PAYABLE,NEW_SELL_RATE,decimal,YES
dbo,PAYABLE,NEW_BUY_RATE,decimal,YES
dbo,PAYABLE,VAT_BOOK_CODE,nvarchar,YES
dbo,PAYABLE,VAT_REPORT_NO,int,YES
dbo,PAYABLE,VAT_FILENAME,nvarchar,YES
dbo,PAYABLE,WITHHOLDING_CODE,nvarchar,YES
dbo,PAYABLE,WITHHELD_AMOUNT,decimal,NO
dbo,PAYABLE,WH_ALLOWED_AMOUNT,decimal,NO
dbo,PAYABLE,REMIT_ADDR_NO,int,YES
dbo,PAYABLE,CURRENCY_ID,nvarchar,NO
dbo,PAYABLE,USER_EXCH_RATE,nchar,NO
dbo,PAYABLE,VOID_DATE,datetime,YES
dbo,PAYABLE,COMM_INVOICE_ID,nvarchar,YES
dbo,PAYABLE,COMM_PAID_AMOUNT,decimal,YES
dbo,PAYABLE,LANDED_COST_INV,nchar,YES
dbo,PAYABLE,ACT_RATE_ID,nvarchar,YES
dbo,PAYABLE,ACT_PERIOD_ID,nvarchar,YES
dbo,PAYABLE,RETRO_RATE_ID,nvarchar,YES
dbo,PAYABLE,RETRO_PERIOD_ID,nvarchar,YES
dbo,PAYABLE,RETRO_RATE_CODE,nchar,YES
dbo,PAYABLE,POSTING_CANDIDATE,nchar,NO
dbo,PAYABLE,STATUS_EFF_DATE,datetime,NO
dbo,PAYABLE,TERMS_ID,nvarchar,YES
dbo,PAYABLE,USER_DIMENSION_1,nvarchar,YES
dbo,PAYABLE,USER_DIMENSION_2,nvarchar,YES
dbo,PAYABLE_BINARY,ROWID,int,NO
dbo,PAYABLE_BINARY,VOUCHER_ID,nvarchar,NO
dbo,PAYABLE_BINARY,TYPE,nchar,NO
dbo,PAYABLE_BINARY,BITS,image,YES
dbo,PAYABLE_BINARY,BITS_LENGTH,int,NO
dbo,PAYABLE_CURR,ROWID,int,NO
dbo,PAYABLE_CURR,VOUCHER_ID,nvarchar,NO
dbo,PAYABLE_CURR,CURRENCY_ID,nvarchar,NO
dbo,PAYABLE_CURR,AMOUNT,decimal,NO
dbo,PAYABLE_CURR,SELL_RATE,decimal,NO
dbo,PAYABLE_CURR,BUY_RATE,decimal,NO
dbo,PAYABLE_DIST,ROWID,int,NO
dbo,PAYABLE_DIST,VOUCHER_ID,nvarchar,NO
dbo,PAYABLE_DIST,DIST_NO,smallint,NO
dbo,PAYABLE_DIST,ENTRY_NO,smallint,NO
dbo,PAYABLE_DIST,AMOUNT,decimal,NO
dbo,PAYABLE_DIST,AMOUNT_TYPE,nchar,NO
dbo,PAYABLE_DIST,GL_ACCOUNT_ID,nvarchar,NO
dbo,PAYABLE_DIST,NATIVE_AMOUNT,decimal,NO
dbo,PAYABLE_DIST,POSTING_DATE,datetime,NO
dbo,PAYABLE_DIST,POSTING_STATUS,nchar,NO
dbo,PAYABLE_DIST,BATCH_ID,nvarchar,YES
dbo,PAYABLE_DIST,CREATE_DATE,datetime,NO
dbo,PAYABLE_DIST,SITE_ID,nvarchar,NO
dbo,PAYABLE_DIST,CURRENCY_ID,nvarchar,NO
dbo,PAYABLE_DIST,NATIVE,nchar,YES
dbo,PAYABLE_INST,ROWID,int,NO
dbo,PAYABLE_INST,VOUCHER_ID,nvarchar,NO
dbo,PAYABLE_INST,INST_NO,smallint,NO
dbo,PAYABLE_INST,DUE_DATE,datetime,NO
dbo,PAYABLE_INST,TOTAL_AMOUNT,decimal,NO
dbo,PAYABLE_INST,PAID_AMOUNT,decimal,YES
dbo,PAYABLE_INST,LAST_PAID_DATE,datetime,YES
dbo,PAYABLE_INST,ZERO_DATE,datetime,YES
dbo,PAYABLE_INST,PAY_STATUS,nchar,NO
dbo,PAYABLE_INST,PAYMENT_DATE,datetime,YES
dbo,PAYABLE_INST,AUTHORIZED_PAYMENT,decimal,YES
dbo,PAYABLE_LINE,ROWID,int,NO
dbo,PAYABLE_LINE,VOUCHER_ID,nvarchar,NO
dbo,PAYABLE_LINE,LINE_NO,smallint,NO
dbo,PAYABLE_LINE,REFERENCE,nvarchar,YES
dbo,PAYABLE_LINE,PURC_ORDER_ID,nvarchar,YES
dbo,PAYABLE_LINE,PURC_ORDER_LINE_NO,smallint,YES
dbo,PAYABLE_LINE,RECEIVER_ID,nvarchar,YES
dbo,PAYABLE_LINE,RECEIVER_LINE_NO,smallint,YES
dbo,PAYABLE_LINE,QTY,decimal,YES
dbo,PAYABLE_LINE,AMOUNT,decimal,NO
dbo,PAYABLE_LINE,VAT_PERCENT,decimal,YES
dbo,PAYABLE_LINE,VAT_AMOUNT,decimal,YES
dbo,PAYABLE_LINE,VAT_GL_ACCT_ID,nvarchar,YES
dbo,PAYABLE_LINE,FIXED_CHARGE,decimal,NO
dbo,PAYABLE_LINE,DISC_ALLOWED,nchar,NO
dbo,PAYABLE_LINE,GL_ACCOUNT_ID,nvarchar,NO
dbo,PAYABLE_LINE,PO_ACT_FREIGHT,decimal,YES
dbo,PAYABLE_LINE,PO_RECV_QTY,decimal,YES
dbo,PAYABLE_LINE,PO_DISC_PERCENT,decimal,YES
dbo,PAYABLE_LINE,PO_GL_ACCOUNT_ID,nvarchar,YES
dbo,PAYABLE_LINE,WORKORDER_TYPE,nchar,YES
dbo,PAYABLE_LINE,WORKORDER_BASE_ID,nvarchar,YES
dbo,PAYABLE_LINE,WORKORDER_LOT_ID,nvarchar,YES
dbo,PAYABLE_LINE,WORKORDER_SPLIT_ID,nvarchar,YES
dbo,PAYABLE_LINE,WORKORDER_SUB_ID,nvarchar,YES
dbo,PAYABLE_LINE,COST_CATEGORY,nchar,NO
dbo,PAYABLE_LINE,VAT_CODE,nvarchar,YES
dbo,PAYABLE_LINE,VAT_RCV_PERCENT,decimal,YES
dbo,PAYABLE_LINE,VAT_RCV_AMOUNT,decimal,YES
dbo,PAYABLE_LINE,VAT_RCV_GL_ACCT_ID,nvarchar,YES
dbo,PAYABLE_LINE,WITHHOLD_TYPE,nchar,YES
dbo,PAYABLE_LINE,PO_UNIT_PRICE,decimal,YES
dbo,PAYABLE_LINE,HTS_CODE,nvarchar,YES
dbo,PAYABLE_LINE,ORIG_COUNTRY_ID,nvarchar,YES
dbo,PAYABLE_LINE,DUTY_PERCENT,decimal,YES
dbo,PAYABLE_LINE,DUTY_AMOUNT,decimal,YES
dbo,PAYABLE_LINE,DUTY_GL_ACCT_ID,nvarchar,YES
dbo,PAYABLE_LINE,vat_category,nvarchar,YES
dbo,PAYABLE_LINE,WBS_CODE,nvarchar,YES
dbo,PAYABLE_LINE,PROJECT_ID,nvarchar,YES
dbo,PAYABLE_LINE,GL_OVERRIDE_ACCT,nvarchar,YES
dbo,PAYABLE_LINE,COST_CATEGORY_ID,nvarchar,YES
dbo,PAYABLE_LINE,DEPARTMENT_ID,nvarchar,YES
dbo,PAYABLE_LINE,PROJ_REF_SEQ_NO,smallint,YES
dbo,PAYABLE_LINE,PROJ_REF_SUB_ID,nvarchar,YES
dbo,PAYABLE_LINE,ACT_BURDEN_COST,decimal,YES
dbo,PAYABLE_LINE,ACT_PO_UNIT_PRICE,decimal,YES
dbo,PAYABLE_LINE,FT_TYPE,nchar,YES
dbo,PAYABLE_LINE,USER_DIMENSION_1,nvarchar,YES
dbo,PAYABLE_LINE,USER_DIMENSION_2,nvarchar,YES
dbo,PAYABLE_LINE,CUST_ORDER_ID,nvarchar,YES
dbo,PAYABLE_LINE,PRODUCT_CODE,nvarchar,YES
dbo,PAYABLE_LINE,VAT_IE_PERCENT,decimal,YES
dbo,PAYABLE_LINE,VAT_IE_AMOUNT,decimal,YES
dbo,PAYABLE_LINE,VAT_IE_DR_GL_ACCT_ID,nvarchar,YES
dbo,PAYABLE_LINE,VAT_IE_CR_GL_ACCT_ID,nvarchar,YES
dbo,PAYB_LINE_CURR,ROWID,int,NO
dbo,PAYB_LINE_CURR,VOUCHER_ID,nvarchar,NO
dbo,PAYB_LINE_CURR,LINE_NO,smallint,NO
dbo,PAYB_LINE_CURR,CURRENCY_ID,nvarchar,NO
dbo,PAYB_LINE_CURR,AMOUNT,decimal,NO
dbo,PAYB_LINE_CURR,SELL_RATE,decimal,NO
dbo,PAYB_LINE_CURR,BUY_RATE,decimal,NO
dbo,PAYB_LINE_CURR,ACT_MATERIAL_COST_MFG,decimal,YES
dbo,PAYB_LINE_CURR,ACT_LABOR_COST_MFG,decimal,YES
dbo,PAYB_LINE_CURR,ACT_BURDEN_COST_MFG,decimal,YES
dbo,PAYB_LINE_CURR,ACT_SERVICE_COST_MFG,decimal,YES
dbo,PERIOD,ROWID,int,NO
dbo,PERIOD,ID,nvarchar,NO
dbo,PERIOD,DESCRIPTION,nvarchar,YES
dbo,PERIOD,START_DATE,datetime,NO
dbo,PERIOD,END_DATE,datetime,NO
dbo,PERIOD,USE_TRANS_RATES,nchar,NO
dbo,PERIOD,ACT_RATE_ID,nvarchar,YES
dbo,PERIOD,SITE_ID,nvarchar,NO
dbo,PERSON,ROWID,int,NO
dbo,PERSON,ID,nvarchar,NO
dbo,PERSON,NAME,nvarchar,YES
dbo,PERSON,IS_APPROVER,nchar,NO
dbo,PERSON,IS_BUYER,nchar,NO
dbo,PERSON,IS_PLANNER,nchar,NO
dbo,PERSON,IS_REQUESTER,nchar,NO
dbo,PHYS_COUNT_LOC,ROWID,int,NO
dbo,PHYS_COUNT_LOC,PHYS_COUNT_ID,nvarchar,NO
dbo,PHYS_COUNT_LOC,WAREHOUSE_ID,nvarchar,NO
dbo,PHYS_COUNT_LOC,LOCATION_ID,nvarchar,NO
dbo,PHYS_COUNT_LOC_ADJ,PHYS_COUNT_ID,nvarchar,NO
dbo,PHYS_COUNT_LOC_ADJ,WAREHOUSE_ID,nvarchar,NO
dbo,PHYS_COUNT_LOC_ADJ,LOCATION_ID,nvarchar,NO
dbo,PHYS_COUNT_LOC_ADJ,PART_ID,nvarchar,NO
dbo,PHYS_COUNT_LOC_ADJ,LOCATION_QTY,decimal,NO
dbo,PHYS_COUNT_LOC_ADJ,ADJUST_QTY,decimal,NO
dbo,PHYS_COUNT_LOC_ADJ,CREATE_DATE,datetime,NO
dbo,PHYS_COUNT_LOC_ADJ,ROWID,int,NO
dbo,PHYS_COUNT_TAG,ROWID,int,NO
dbo,PHYS_COUNT_TAG,PHYS_COUNT_ID,nvarchar,NO
dbo,PHYS_COUNT_TAG,TAG_NO,int,NO
dbo,PHYS_COUNT_TAG,GROUP_NO,int,NO
dbo,PHYS_COUNT_TAG,PART_ID,nvarchar,YES
dbo,PHYS_COUNT_TAG,LOCATION_ID,nvarchar,YES
dbo,PHYS_COUNT_TAG,COUNT_QTY,decimal,YES
dbo,PHYS_COUNT_TAG,COUNT_USER_ID,nvarchar,YES
dbo,PHYS_COUNT_TAG,RECOUNT_QTY,decimal,YES
dbo,PHYS_COUNT_TAG,RECOUNT_USER_ID,nvarchar,YES
dbo,PHYS_COUNT_TAG,COUNT_DATE,datetime,YES
dbo,PHYS_COUNT_TAG,STATUS,nchar,NO
dbo,PHYS_COUNT_TAG,TRACE_ID,nvarchar,YES
dbo,PHYS_COUNT_TAG,WAREHOUSE_ID,nvarchar,YES
dbo,PHYS_COUNT_TAG,WBS_CODE,nvarchar,YES
dbo,PHYS_COUNT_TAG,PROJ_REF_SEQ_NO,smallint,YES
dbo,PHYS_COUNT_TAG,PROJ_REF_SUB_ID,nvarchar,YES
dbo,PHYS_COUNT_TAG,DEPARTMENT_ID,nvarchar,YES
dbo,PHYS_COUNT_TAG,STATUS_EFF_DATE,datetime,NO
dbo,PHYS_COUNT_TAG,ADJUST_QTY,decimal,YES
dbo,PHYS_COUNT_TAG,USER_DIMENSION_1,nvarchar,YES
dbo,PHYS_COUNT_TAG,USER_DIMENSION_2,nvarchar,YES
dbo,PHYS_COUNT_TAG,CUST_ORDER_ID,nvarchar,YES
dbo,PHYS_INV_PIECES,ROWID,int,NO
dbo,PHYS_INV_PIECES,PHYS_COUNT_ID,nvarchar,NO
dbo,PHYS_INV_PIECES,TAG_NO,int,NO
dbo,PHYS_INV_PIECES,PART_ID,nvarchar,YES
dbo,PHYS_INV_PIECES,QTY,decimal,YES
dbo,PHYS_INV_PIECES,LENGTH,decimal,YES
dbo,PHYS_INV_PIECES,WIDTH,decimal,YES
dbo,PHYS_INV_PIECES,HEIGHT,decimal,YES
dbo,PHYS_INV_PIECES,WAREHOUSE_ID,nvarchar,YES
dbo,PHYS_INV_PIECES,LOCATION_ID,nvarchar,YES
dbo,PHYS_INV_PIECES,DIMENSIONS_UM,nvarchar,YES
dbo,PHYS_INV_PIECES,STATUS,nchar,NO
dbo,PHYS_INV_PIECES,SUB_TAG_NO,int,YES
dbo,PHYS_TRACE_COUNT,ROWID,int,NO
dbo,PHYS_TRACE_COUNT,PHYS_COUNT_ID,nvarchar,NO
dbo,PHYS_TRACE_COUNT,TAG_NO,int,NO
dbo,PHYS_TRACE_COUNT,SUB_TAG_NO,int,NO
dbo,PHYS_TRACE_COUNT,TRACE_ID,nvarchar,NO
dbo,PHYS_TRACE_COUNT,SUB_TAG_TOTAL_NO,int,NO
dbo,PHYS_TRACE_COUNT,SUB_COUNT_QTY,decimal,YES
dbo,PHYS_TRACE_COUNT,SUB_COUNT_USER,nvarchar,YES
dbo,PHYS_TRACE_COUNT,SUB_RECOUNT_QTY,decimal,YES
dbo,PHYS_TRACE_COUNT,SUB_RECOUNT_USER,nvarchar,YES
dbo,PHYS_TRACE_COUNT,SUB_COUNT_DATE,datetime,YES
dbo,PHYSICAL_COUNT,ROWID,int,NO
dbo,PHYSICAL_COUNT,ID,nvarchar,NO
dbo,PHYSICAL_COUNT,DESCRIPTION,nvarchar,YES
dbo,PHYSICAL_COUNT,START_DATE,datetime,NO
dbo,PHYSICAL_COUNT,STARTING_TAG_NO,int,NO
dbo,PHYSICAL_COUNT,EXTRA_TAGS_BLANK,int,NO
dbo,PHYSICAL_COUNT,TAGS_PER_GROUP,int,NO
dbo,PHYSICAL_COUNT,STATUS,nchar,NO
dbo,PHYSICAL_COUNT,LOCK_INVENTORY,nchar,NO
dbo,PHYSICAL_COUNT,ADJ_GL_ACCT_ID,nvarchar,YES
dbo,PHYSICAL_COUNT,STATUS_EFF_DATE,datetime,NO
dbo,PHYSICAL_COUNT,SITE_ID,nvarchar,NO
dbo,PHYSICAL_COUNT,DEFICIT_USER_DIMENSION_1,nvarchar,YES
dbo,PHYSICAL_COUNT,DEFICIT_USER_DIMENSION_2,nvarchar,YES
dbo,PHYSICAL_COUNT,DEFICIT_CUST_ORDER_ID,nvarchar,YES
dbo,PHYSICAL_COUNT,OVERSTOCK_USER_DIMENSION_1,nvarchar,YES
dbo,PHYSICAL_COUNT,OVERSTOCK_USER_DIMENSION_2,nvarchar,YES
dbo,PHYSICAL_COUNT,OVERSTOCK_CUST_ORDER_ID,nvarchar,YES
dbo,PLANNED_LOAD,ROWID,int,NO
dbo,PLANNED_LOAD,RESOURCE_ID,nvarchar,NO
dbo,PLANNED_LOAD,CALC_DATE,datetime,NO
dbo,PLANNED_LOAD,HORIZON,int,NO
dbo,PLANNED_LOAD,SETUP_LOAD,decimal,NO
dbo,PLANNED_LOAD,RUN_LOAD,decimal,NO
dbo,PLANNED_LOAD,AVAIL_SETUP_LOAD,decimal,NO
dbo,PLANNED_LOAD,AVAIL_RUN_LOAD,decimal,NO
dbo,PLANNED_LOAD,WORKING_HOURS,decimal,YES
dbo,PLANNED_LOAD,AVAILABLE_UNITS,int,NO
dbo,PLANNED_LOAD,SITE_ID,nvarchar,NO
dbo,PLANNED_MATL_REQ,ROWID,int,NO
dbo,PLANNED_MATL_REQ,PARENT_PART_ID,nvarchar,NO
dbo,PLANNED_MATL_REQ,PARENT_SEQ_NO,smallint,NO
dbo,PLANNED_MATL_REQ,REQ_NO,smallint,NO
dbo,PLANNED_MATL_REQ,REQUIRED_PART_ID,nvarchar,NO
dbo,PLANNED_MATL_REQ,REQUIRED_DATE,datetime,YES
dbo,PLANNED_MATL_REQ,REQUIRED_QTY,decimal,NO
dbo,PLANNED_MATL_REQ,WAREHOUSE_ID,nvarchar,YES
dbo,PLANNED_MATL_REQ,SITE_ID,nvarchar,NO
dbo,PLANNED_ORDER,ROWID,int,NO
dbo,PLANNED_ORDER,PART_ID,nvarchar,NO
dbo,PLANNED_ORDER,SEQ_NO,smallint,NO
dbo,PLANNED_ORDER,WANT_DATE,datetime,YES
dbo,PLANNED_ORDER,ORDER_QTY,decimal,NO
dbo,PLANNED_ORDER,MAIN_PART_ID,nvarchar,YES
dbo,PLANNED_ORDER,MAIN_SEQ_NO,smallint,YES
dbo,PLANNED_ORDER,SCHEDULE_ID,nvarchar,YES
dbo,PLANNED_ORDER,WAREHOUSE_ID,nvarchar,YES
dbo,PLANNED_ORDER,WBS_CODE,nvarchar,YES
dbo,PLANNED_ORDER,SITE_ID,nvarchar,NO
dbo,PLANNING_BOM,ROWID,int,NO
dbo,PLANNING_BOM,PARENT_PLN_PART_ID,nvarchar,NO
dbo,PLANNING_BOM,SUBORD_PLN_PART_ID,nvarchar,YES
dbo,PLANNING_BOM,SUBORD_PART_ID,nvarchar,YES
dbo,PLANNING_BOM,PERCENT_PER,decimal,YES
dbo,PLANNING_BOM,SITE_ID,nvarchar,NO
dbo,PLANNING_CALENDAR,ROWID,int,NO
dbo,PLANNING_CALENDAR,CALENDAR_NO,int,NO
dbo,PLANNING_CALENDAR,DESCRIPTION,nvarchar,YES
dbo,PLANNING_CALENDAR,BEGIN_DATE,datetime,YES
dbo,PLANNING_CALENDAR,PLANNING_SIZE,int,YES
dbo,PLANNING_CALENDAR,PLANNING_HORIZON,int,YES
dbo,PLANNING_CALENDAR,RANGE_1_COUNT,int,YES
dbo,PLANNING_CALENDAR,RANGE_1_SIZE,int,YES
dbo,PLANNING_CALENDAR,RANGE_2_COUNT,int,YES
dbo,PLANNING_CALENDAR,RANGE_2_SIZE,int,YES
dbo,PLANNING_CALENDAR,RANGE_3_COUNT,int,YES
dbo,PLANNING_CALENDAR,RANGE_3_SIZE,int,YES
dbo,PLANNING_FORECAST,ROWID,int,NO
dbo,PLANNING_FORECAST,FORECAST_ID,nvarchar,NO
dbo,PLANNING_FORECAST,PART_ID,nvarchar,NO
dbo,PLANNING_FORECAST,REQUIRED_DATE,datetime,NO
dbo,PLANNING_FORECAST,REQUIRED_QTY,decimal,YES
dbo,PLANNING_FORECAST,ACTIVE,nchar,YES
dbo,PLANNING_FORECAST,WAREHOUSE_ID,nvarchar,YES
dbo,PLANNING_FORECAST,SITE_ID,nvarchar,NO
dbo,PLANNING_MPS,ROWID,int,NO
dbo,PLANNING_MPS,PLANNING_PART_ID,nvarchar,NO
dbo,PLANNING_MPS,WANT_DATE,datetime,NO
dbo,PLANNING_MPS,ORDER_QTY,decimal,YES
dbo,PLANNING_MPS,WAREHOUSE_ID,nvarchar,YES
dbo,PLANNING_MPS,SITE_ID,nvarchar,NO
dbo,PLANNING_PART,ROWID,int,NO
dbo,PLANNING_PART,ID,nvarchar,NO
dbo,PLANNING_PART,DESCRIPTION,nvarchar,YES
dbo,PLANNING_PART,SITE_ID,nvarchar,NO
dbo,PORT_OF_ARRIVAL,ROWID,int,NO
dbo,PORT_OF_ARRIVAL,CODE,nvarchar,NO
dbo,PORT_OF_ARRIVAL,DESCRIPTION,nvarchar,YES
dbo,PORT_OF_TRANS,ROWID,int,NO
dbo,PORT_OF_TRANS,CODE,nvarchar,NO
dbo,PORT_OF_TRANS,DESCRIPTION,nvarchar,YES
dbo,PREF_DESCRIPTION,ROWID,int,NO
dbo,PREF_DESCRIPTION,SECTION,nvarchar,NO
dbo,PREF_DESCRIPTION,ENTRY,nvarchar,NO
dbo,PREF_DESCRIPTION,VALUE,nvarchar,YES
dbo,PREF_DESCRIPTION,DESCRIPTION,nvarchar,YES
dbo,PREFERENCES,ROWID,int,NO
dbo,PREFERENCES,USER_ID,nvarchar,YES
dbo,PREFERENCES,SECTION,nvarchar,NO
dbo,PREFERENCES,ENTRY,nvarchar,NO
dbo,PREFERENCES,VALUE,nvarchar,YES
dbo,PREFERENCES,MODIFY_DATE,datetime,YES
dbo,PREFERENCES,IS_GLOBAL,nchar,NO
dbo,PREFERENCES,IS_ACTIVE,nchar,NO
dbo,PRIORITY,ROWID,int,NO
dbo,PRIORITY,CODE,nvarchar,NO
dbo,PRIORITY,DESCRIPTION,nvarchar,YES
dbo,PROBLEM_CLASS,ROWID,int,NO
dbo,PROBLEM_CLASS,ID,nvarchar,NO
dbo,PROBLEM_CLASS,TYPE,nchar,NO
dbo,PROBLEM_CLASS,DESCRIPTION,nvarchar,YES
dbo,PROCESS_ACTIVITY,ROWID,int,NO
dbo,PROCESS_ACTIVITY,TYPE,nvarchar,NO
dbo,PROCESS_ACTIVITY,SITE_ID,nvarchar,NO
dbo,PROCESS_ACTIVITY,ID,nvarchar,NO
dbo,PROCESS_ACTIVITY,DOCUMENT_ID,nvarchar,NO
dbo,PROCESS_ACTIVITY,DOCUMENT_LINE_NO,smallint,NO
dbo,PROCESS_ACTIVITY,PROCESS_TYPE_ID,nvarchar,NO
dbo,PROCESS_ACTIVITY,DOCUMENT_TYPE,nvarchar,YES
dbo,PROCESS_ACTIVITY,SEQUENCE_NO,smallint,YES
dbo,PROCESS_ACTIVITY,STANDARD_DAYS,decimal,NO
dbo,PROCESS_ACTIVITY,ACTUAL_DAYS,decimal,NO
dbo,PROCESS_ACTIVITY,STANDARD_COST,decimal,NO
dbo,PROCESS_ACTIVITY,ACTUAL_COST,decimal,NO
dbo,PROCESS_ACTIVITY,START_DATE,datetime,YES
dbo,PROCESS_ACTIVITY,END_DATE,datetime,YES
dbo,PROCESS_ACTIVITY,PERCENT_COMPLETE,decimal,NO
dbo,PROCESS_ACTIVITY,CREATE_DATE,datetime,NO
dbo,PROCESS_ACTIVITY,USER_ID,nvarchar,YES
dbo,PROCESS_TYPE,ROWID,int,NO
dbo,PROCESS_TYPE,SITE_ID,nvarchar,NO
dbo,PROCESS_TYPE,ID,nvarchar,NO
dbo,PROCESS_TYPE,DESCRIPTION,nvarchar,YES
dbo,PROCESS_TYPE,USER_ID,nvarchar,YES
dbo,PROCESS_TYPE,CREATE_DATE,datetime,NO
dbo,PROCESS_TYPE_LINE,ROWID,int,NO
dbo,PROCESS_TYPE_LINE,SITE_ID,nvarchar,NO
dbo,PROCESS_TYPE_LINE,PROCESS_TYPE_ID,nvarchar,NO
dbo,PROCESS_TYPE_LINE,PROCESS,nvarchar,NO
dbo,PROCESS_TYPE_LINE,DESCRIPTION,nvarchar,YES
dbo,PROCESS_TYPE_LINE,SEQUENCE_NO,smallint,YES
dbo,PROCESS_TYPE_LINE,DOCUMENT_TYPE,nvarchar,YES
dbo,PROCESS_TYPE_LINE,STANDARD_DAYS,decimal,NO
dbo,PROCESS_TYPE_LINE,USER_ID,nvarchar,YES
dbo,PROCESS_TYPE_LINE,CREATE_DATE,datetime,NO
dbo,PRODUCT,ROWID,int,NO
dbo,PRODUCT,CODE,nvarchar,NO
dbo,PRODUCT,DESCRIPTION,nvarchar,YES
dbo,PRODUCT,REV_GL_ACCT_ID,nvarchar,YES
dbo,PRODUCT,ADJ_GL_ACCT_ID,nvarchar,YES
dbo,PRODUCT,INV_MAT_GL_ACCT_ID,nvarchar,YES
dbo,PRODUCT,INV_LAB_GL_ACCT_ID,nvarchar,YES
dbo,PRODUCT,INV_BUR_GL_ACCT_ID,nvarchar,YES
dbo,PRODUCT,INV_SER_GL_ACCT_ID,nvarchar,YES
dbo,PRODUCT,VAR_MAT_GL_ACCT_ID,nvarchar,YES
dbo,PRODUCT,VAR_LAB_GL_ACCT_ID,nvarchar,YES
dbo,PRODUCT,VAR_BUR_GL_ACCT_ID,nvarchar,YES
dbo,PRODUCT,VAR_SER_GL_ACCT_ID,nvarchar,YES
dbo,PRODUCT,CGS_MAT_GL_ACCT_ID,nvarchar,YES
dbo,PRODUCT,CGS_LAB_GL_ACCT_ID,nvarchar,YES
dbo,PRODUCT,CGS_BUR_GL_ACCT_ID,nvarchar,YES
dbo,PRODUCT,CGS_SER_GL_ACCT_ID,nvarchar,YES
dbo,PRODUCT,WIP_MAT_GL_ACCT_ID,nvarchar,YES
dbo,PRODUCT,WIP_LAB_GL_ACCT_ID,nvarchar,YES
dbo,PRODUCT,WIP_BUR_GL_ACCT_ID,nvarchar,YES
dbo,PRODUCT,WIP_SER_GL_ACCT_ID,nvarchar,YES
dbo,PRODUCT,WITHHOLDING_CODE,nvarchar,YES
dbo,PRODUCT,DEMAND_FENCE_1,int,YES
dbo,PRODUCT,DEMAND_FENCE_2,int,YES
dbo,PRODUCT,COST_CATEGORY_ID,nvarchar,YES
dbo,PRODUCT,ACTIVE_FLAG,nchar,NO
dbo,PRODUCT_SYNC,ROWID,int,NO
dbo,PRODUCT_SYNC,EVENT_ID,int,NO
dbo,PRODUCT_SYNC,TYPE,nchar,NO
dbo,PRODUCT_SYNC,CREATE_DATE,datetime,NO
dbo,PRODUCT_SYNC,PRODUCT_CODE,nvarchar,NO
dbo,PRODUCT_SYNC,EXCEPTION,nchar,NO
dbo,PRODUCT_SYNC,SUBSCRIPTIONS,int,NO
dbo,PROFILES,ROWID,int,NO
dbo,PROFILES,ID,nvarchar,NO
dbo,PROFILES,DESCRIPTION,nvarchar,YES
dbo,PROFILES,CREATE_DATE,datetime,NO
dbo,PROGRAM_NAME,ROWID,int,NO
dbo,PROGRAM_NAME,USER_ID,nvarchar,NO
dbo,PROGRAM_NAME,MENU_ID,nvarchar,NO
dbo,PROGRAM_NAME,SEQ_NO,int,NO
dbo,PROGRAM_NAME,PROGRAM_ID,nvarchar,NO
dbo,PROGRAM_NAME,SUB_HEADING,nchar,YES
dbo,PROGRAM_NAME,MENU_TEXT,nvarchar,YES
dbo,PROGRAM_NAME,TOOLTIP,nvarchar,YES
dbo,PROGRAM_NAME,HIDE_ENTRY,nchar,YES
dbo,PROGRAM_NAME,EXECUTE_COMMAND,nvarchar,YES
dbo,PROGRAM_NAME,ICON,nvarchar,YES
dbo,PROJ_DIST_DETAIL,ROWID,int,NO
dbo,PROJ_DIST_DETAIL,PROJECT_ID,nvarchar,NO
dbo,PROJ_DIST_DETAIL,SOURCE_TYPE,nvarchar,NO
dbo,PROJ_DIST_DETAIL,SOURCE_ID,nvarchar,NO
dbo,PROJ_DIST_DETAIL,SOURCE_TRANS_ID,int,NO
dbo,PROJ_DIST_DETAIL,SOURCE_LINE_NO,smallint,NO
dbo,PROJ_DIST_DETAIL,DIST_NO,smallint,NO
dbo,PROJ_DIST_DETAIL,PROJECT_SUMMARY_ID,nvarchar,NO
dbo,PROJ_DIST_DETAIL,SOURCE_LOT_ID,nvarchar,YES
dbo,PROJ_DIST_DETAIL,SOURCE_SPLIT_ID,nvarchar,YES
dbo,PROJ_DIST_DETAIL,SOURCE_SUB_ID,nvarchar,YES
dbo,PROJ_DIST_DETAIL,ACT_MATERIAL_COST,decimal,YES
dbo,PROJ_DIST_DETAIL,ACT_LABOR_COST,decimal,YES
dbo,PROJ_DIST_DETAIL,ACT_BURDEN_COST,decimal,YES
dbo,PROJ_DIST_DETAIL,ACT_SERVICE_COST,decimal,YES
dbo,PROJ_DIST_DETAIL,CURRENCY_ID,nvarchar,NO
dbo,PROJ_DIST_DETAIL,REFERENCE,nvarchar,YES
dbo,PROJ_DIST_DETAIL,ACT_HOURS,decimal,YES
dbo,PROJ_INFO_BINARY,ROWID,int,NO
dbo,PROJ_INFO_BINARY,PROJECT_ID,nvarchar,NO
dbo,PROJ_INFO_BINARY,TYPE,nchar,NO
dbo,PROJ_INFO_BINARY,BITS,image,YES
dbo,PROJ_INFO_BINARY,BITS_LENGTH,int,NO
dbo,PROJ_SUMM_BURD_AMT,ROWID,int,NO
dbo,PROJ_SUMM_BURD_AMT,PROJECT_SUMMARY_ID,nvarchar,NO
dbo,PROJ_SUMM_BURD_AMT,COST_CATEGORY_ID,nvarchar,NO
dbo,PROJ_SUMM_BURD_AMT,AMOUNT,decimal,YES
dbo,PROJECT_BASELINE,ROWID,int,NO
dbo,PROJECT_BASELINE,WORKORDER_BASE_ID,nvarchar,NO
dbo,PROJECT_BASELINE,WORKORDER_SPLIT_ID,nvarchar,NO
dbo,PROJECT_BATCH_LINK,ROWID,int,NO
dbo,PROJECT_BATCH_LINK,SOURCE_BATCH_ID,nvarchar,NO
dbo,PROJECT_BATCH_LINK,PROJECT_BATCH_ID,nvarchar,YES
dbo,PROJECT_BATCH_LINK,USER_ID,nvarchar,NO
dbo,PROJECT_BATCH_LINK,PROJ_BURD_BATCH_ID,nvarchar,YES
dbo,PROJECT_BATCH_LINK,COMM_BURD_BATCH_ID,nvarchar,YES
dbo,PROJECT_BATCH_LINK,SITE_ID,nvarchar,NO
dbo,PROJECT_BUDGET,ROWID,int,NO
dbo,PROJECT_BUDGET,WORKORDER_TYPE,nchar,NO
dbo,PROJECT_BUDGET,WORKORDER_BASE_ID,nvarchar,NO
dbo,PROJECT_BUDGET,WORKORDER_LOT_ID,nvarchar,NO
dbo,PROJECT_BUDGET,WORKORDER_SPLIT_ID,nvarchar,NO
dbo,PROJECT_BUDGET,WORKORDER_SUB_ID,nvarchar,NO
dbo,PROJECT_BUDGET,SEQUENCE_NO,int,NO
dbo,PROJECT_BUDGET,DEPARTMENT_ID,nvarchar,NO
dbo,PROJECT_BUDGET,COST_CATEGORY_ID,nvarchar,NO
dbo,PROJECT_BUDGET,BUDGET_HOURS,decimal,YES
dbo,PROJECT_BUDGET,BUDGET_AMOUNT,decimal,YES
dbo,PROJECT_BUDGET,DISTRIBUTION_ID,nvarchar,YES
dbo,PROJECT_BUDGET,WBS_CODE,nvarchar,YES
dbo,PROJECT_CEILING,ROWID,int,NO
dbo,PROJECT_CEILING,PROJECT_ID,nvarchar,NO
dbo,PROJECT_CEILING,TYPE,nchar,NO
dbo,PROJECT_CEILING,COST_CATEGORY_ID,nvarchar,NO
dbo,PROJECT_CEILING,BASE_CATEGORY_ID,nvarchar,NO
dbo,PROJECT_CEILING,BASIS,nchar,YES
dbo,PROJECT_CEILING,BASIS_VALUE,decimal,YES
dbo,PROJECT_CEILING,DESCRIPTION,nvarchar,YES
dbo,PROJECT_CEILING,CLIN,nvarchar,NO
dbo,PROJECT_DIST,ROWID,int,NO
dbo,PROJECT_DIST,PROJECT_ID,nvarchar,NO
dbo,PROJECT_DIST,SOURCE_TYPE,nvarchar,NO
dbo,PROJECT_DIST,SOURCE_ID,nvarchar,NO
dbo,PROJECT_DIST,DIST_NO,smallint,NO
dbo,PROJECT_DIST,ENTRY_NO,smallint,NO
dbo,PROJECT_DIST,PROJECT_SUMMARY_ID,nvarchar,NO
dbo,PROJECT_DIST,SITE_ID,nvarchar,NO
dbo,PROJECT_DIST,AMOUNT,decimal,NO
dbo,PROJECT_DIST,AMOUNT_TYPE,nchar,NO
dbo,PROJECT_DIST,GL_ACCOUNT_ID,nvarchar,NO
dbo,PROJECT_DIST,POSTING_STATUS,nchar,NO
dbo,PROJECT_DIST,POSTING_DATE,datetime,NO
dbo,PROJECT_DIST,SOURCE_LOT_ID,nvarchar,YES
dbo,PROJECT_DIST,SOURCE_SPLIT_ID,nvarchar,YES
dbo,PROJECT_DIST,SOURCE_SUB_ID,nvarchar,YES
dbo,PROJECT_DIST,BATCH_ID,nvarchar,YES
dbo,PROJECT_DIST,CREATE_DATE,datetime,NO
dbo,PROJECT_DIST,USER_ID,nvarchar,NO
dbo,PROJECT_DIST,CURRENCY_ID,nvarchar,NO
dbo,PROJECT_DIST,NATIVE,nchar,YES
dbo,PROJECT_DIST,HOURS,decimal,YES
dbo,PROJECT_EAC_POC,ROWID,int,NO
dbo,PROJECT_EAC_POC,ID,nvarchar,NO
dbo,PROJECT_EAC_POC,PROJECT_ID,nvarchar,NO
dbo,PROJECT_EAC_POC,EAC_EST_LAB_HRS,decimal,YES
dbo,PROJECT_EAC_POC,EAC_EST_MAT_AMT,decimal,YES
dbo,PROJECT_EAC_POC,EAC_EST_LAB_AMT,decimal,YES
dbo,PROJECT_EAC_POC,EAC_EST_BUR_AMT,decimal,YES
dbo,PROJECT_EAC_POC,EAC_EST_SER_AMT,decimal,YES
dbo,PROJECT_EAC_POC,EAC_EST_TOTAL_AMT,decimal,YES
dbo,PROJECT_EAC_POC,EAC_EST_COI,decimal,YES
dbo,PROJECT_EAC_POC,EST_EAC_TOT_AMT,decimal,YES
dbo,PROJECT_EAC_POC,EAC_RES_LAB_HRS,decimal,YES
dbo,PROJECT_EAC_POC,EAC_RES_MAT_AMT,decimal,YES
dbo,PROJECT_EAC_POC,EAC_RES_LAB_AMT,decimal,YES
dbo,PROJECT_EAC_POC,EAC_RES_BUR_AMT,decimal,YES
dbo,PROJECT_EAC_POC,EAC_RES_SER_AMT,decimal,YES
dbo,PROJECT_EAC_POC,EAC_RES_TOTAL_AMT,decimal,YES
dbo,PROJECT_EAC_POC,EAC_RES_COI,decimal,YES
dbo,PROJECT_EAC_POC,EAC_RES_TOT_AMT,decimal,YES
dbo,PROJECT_EAC_POC,TOTAL_EAC_LAB_HRS,decimal,YES
dbo,PROJECT_EAC_POC,TOTAL_EAC_LAB_AMT,decimal,YES
dbo,PROJECT_EAC_POC,TOTAL_EAC_MAT_AMT,decimal,YES
dbo,PROJECT_EAC_POC,TOTAL_EAC_BUR_AMT,decimal,YES
dbo,PROJECT_EAC_POC,TOTAL_EAC_SER_AMT,decimal,YES
dbo,PROJECT_EAC_POC,TOTAL_EST_RES_COST,decimal,YES
dbo,PROJECT_EAC_POC,TOTAL_EST_COI_AMT,decimal,YES
dbo,PROJECT_EAC_POC,EAC_TOTAL,decimal,YES
dbo,PROJECT_EAC_POC,TARGET_COST,decimal,YES
dbo,PROJECT_EAC_POC,TARGET_PRICE,decimal,YES
dbo,PROJECT_EAC_POC,TARGET_PROFIT_AMT,decimal,YES
dbo,PROJECT_EAC_POC,TARGET_PROFIT_PCT,decimal,YES
dbo,PROJECT_EAC_POC,LOCKED,nchar,YES
dbo,PROJECT_EAC_POC,CURRENT_FLAG,nchar,YES
dbo,PROJECT_EAC_POC,BASELINE,nchar,YES
dbo,PROJECT_EAC_POC,VERSION_DATE,datetime,YES
dbo,PROJECT_EAC_POC,CREATE_DATE,datetime,NO
dbo,PROJECT_EAC_POC,USER_ID,nvarchar,NO
dbo,PROJECT_EAC_POC,ETC_VERSION_ID,nvarchar,YES
dbo,PROJECT_EAC_POC,CONTRACT_MOD_ID,nvarchar,YES
dbo,PROJECT_ETC,PROJECT_ID,nvarchar,NO
dbo,PROJECT_ETC,ETC_VERSION_ID,nvarchar,NO
dbo,PROJECT_ETC,VERSION_DATE,datetime,YES
dbo,PROJECT_ETC,CURRENT_FLAG,nchar,YES
dbo,PROJECT_ETC,LOCKED_FLAG,nchar,YES
dbo,PROJECT_ETC,ACCOUNT_YEAR,decimal,YES
dbo,PROJECT_ETC,ACCOUNT_PERIOD,decimal,YES
dbo,PROJECT_ETC,ROWID,int,NO
dbo,PROJECT_GL_TRANS,USER_ID,nvarchar,NO
dbo,PROJECT_GL_TRANS,ID,int,NO
dbo,PROJECT_GL_TRANS,CREATE_DATE,datetime,NO
dbo,PROJECT_GL_TRANS,GL_ACCOUNT_ID,nvarchar,NO
dbo,PROJECT_GL_TRANS,GL_DESCRIPTION,nvarchar,YES
dbo,PROJECT_GL_TRANS,SOURCE_TRANS_ID,int,YES
dbo,PROJECT_GL_TRANS,SOURCE_TYPE,nvarchar,NO
dbo,PROJECT_GL_TRANS,PROJECT_ID,nvarchar,YES
dbo,PROJECT_GL_TRANS,WBS_CODE,nvarchar,YES
dbo,PROJECT_GL_TRANS,DEPARTMENT_ID,nvarchar,YES
dbo,PROJECT_GL_TRANS,COST_CATEGORY_ID,nvarchar,YES
dbo,PROJECT_GL_TRANS,BURDEN_CATEGORY_ID,nvarchar,YES
dbo,PROJECT_GL_TRANS,BURDEN_ID,nvarchar,YES
dbo,PROJECT_GL_TRANS,ORIG_SOURCE_TYPE,nvarchar,YES
dbo,PROJECT_GL_TRANS,BATCH_ID,nvarchar,YES
dbo,PROJECT_GL_TRANS,DEBIT_AMOUNT,decimal,YES
dbo,PROJECT_GL_TRANS,CREDIT_AMOUNT,decimal,YES
dbo,PROJECT_GL_TRANS,BATCH_DESCRIPTION,nvarchar,YES
dbo,PROJECT_GL_TRANS,BATCH_DATE,datetime,YES
dbo,PROJECT_GL_TRANS,BATCH_TYPE,nvarchar,YES
dbo,PROJECT_GL_TRANS,SITE_ID,nvarchar,YES
dbo,PROJECT_GL_TRANS,TRANS_SITE_ID,nvarchar,YES
dbo,PROJECT_GL_TRANS,POSTING_DATE,datetime,YES
dbo,PROJECT_GL_TRANS,SOURCE,nvarchar,YES
dbo,PROJECT_GL_TRANS,SOURCE_ID,nvarchar,YES
dbo,PROJECT_GL_TRANS,SOURCE_LINE_NO,smallint,YES
dbo,PROJECT_GL_TRANS,PROJECT_SUMMARY_ID,nvarchar,YES
dbo,PROJECT_GL_TRANS,COMPANY_NAME,nvarchar,YES
dbo,PROJECT_GL_TRANS,RUN_COMMENTS,nvarchar,YES
dbo,PROJECT_GL_TRANS,RUN_COMMENTS2,nvarchar,YES
dbo,PROJECT_GL_TRANS,ROWID,int,NO
dbo,PROJECT_INFO,ROWID,int,NO
dbo,PROJECT_INFO,ID,nvarchar,NO
dbo,PROJECT_INFO,DESCRIPTION,nvarchar,YES
dbo,PROJECT_INFO,DIVISION_ID,nvarchar,YES
dbo,PROJECT_INFO,SEGMENT_ID,nvarchar,YES
dbo,PROJECT_INFO,PROJECT_TYPE,nvarchar,YES
dbo,PROJECT_INFO,GOVT_RELATED_FLAG,nchar,YES
dbo,PROJECT_INFO,RFP_ID,nvarchar,YES
dbo,PROJECT_INFO,RFP_DUE_DATE,datetime,YES
dbo,PROJECT_INFO,CUSTOMER_ID,nvarchar,YES
dbo,PROJECT_INFO,CONTRACT_TYPE,nvarchar,YES
dbo,PROJECT_INFO,SIC_CODE,nvarchar,YES
dbo,PROJECT_INFO,CONTRACT_ID,nvarchar,YES
dbo,PROJECT_INFO,CONTRACT_DESC,nvarchar,YES
dbo,PROJECT_INFO,PRIME_CONTRACT,nvarchar,YES
dbo,PROJECT_INFO,CONTRACT_ADMIN,nvarchar,YES
dbo,PROJECT_INFO,PRIME_CUSTOMER,nvarchar,YES
dbo,PROJECT_INFO,SECURITY_CLASS,nvarchar,YES
dbo,PROJECT_INFO,PRIORITY,nvarchar,YES
dbo,PROJECT_INFO,DCMAO_FLAG,nchar,YES
dbo,PROJECT_INFO,PLAN_DATE,datetime,YES
dbo,PROJECT_INFO,SUMMARY_CODE,nvarchar,YES
dbo,PROJECT_INFO,SITE_ID,nvarchar,NO
dbo,PROJECT_INFO,USER_1,nvarchar,YES
dbo,PROJECT_INFO,USER_2,nvarchar,YES
dbo,PROJECT_INFO,USER_3,nvarchar,YES
dbo,PROJECT_INFO,USER_4,nvarchar,YES
dbo,PROJECT_INFO,USER_5,nvarchar,YES
dbo,PROJECT_INFO,USER_6,nvarchar,YES
dbo,PROJECT_INFO,USER_7,nvarchar,YES
dbo,PROJECT_INFO,USER_8,nvarchar,YES
dbo,PROJECT_INFO,USER_9,nvarchar,YES
dbo,PROJECT_INFO,USER_10,nvarchar,YES
dbo,PROJECT_INFO,UDF_LAYOUT_ID,nvarchar,YES
dbo,PROJECT_INFO,CONTRACT_FILE,nvarchar,YES
dbo,PROJECT_INFO,PROJ_SUSPENSE,nvarchar,YES
dbo,PROJECT_INFO,DEFAULT_WBS_CODE,nvarchar,YES
dbo,PROJECT_INFO,DEF_REF_SUB_ID,nvarchar,YES
dbo,PROJECT_INFO,DEF_REF_SEQ_NO,smallint,YES
dbo,PROJECT_INFO,CONTRACT_MOD_ID,nvarchar,YES
dbo,PROJECT_INFO,CONTRACT_MOD_DESC,nvarchar,YES
dbo,PROJECT_INFO,AWARD_DATE,datetime,YES
dbo,PROJECT_INFO,CONTRACT_VALUE,decimal,YES
dbo,PROJECT_INFO,PRIME_CONTRACT_ID,nvarchar,YES
dbo,PROJECT_INFO,PRIME_CUSTOMER_ID,nvarchar,YES
dbo,PROJECT_INFO,SUBCONTRACT_ID,nvarchar,YES
dbo,PROJECT_INFO,CUSTOMER_PO_REF,nvarchar,YES
dbo,PROJECT_INFO,PROGRAM_MANAGER,nvarchar,YES
dbo,PROJECT_INFO,FINANCIAL_ANALYST,nvarchar,YES
dbo,PROJECT_INFO,FROM_PERFORM_DATE,datetime,YES
dbo,PROJECT_INFO,TO_PERFORM_DATE,datetime,YES
dbo,PROJECT_INFO,FUNDED_VALUE,decimal,YES
dbo,PROJECT_INFO,FIRM_FIXED_PRICE,decimal,YES
dbo,PROJECT_INFO,TARGET_COST,decimal,YES
dbo,PROJECT_INFO,TARGET_FEE,decimal,YES
dbo,PROJECT_INFO,PROFIT_FEE_PERCENT,decimal,YES
dbo,PROJECT_INFO,FIXED_FEE,decimal,YES
dbo,PROJECT_INFO,MINIMUM_FEE,decimal,YES
dbo,PROJECT_INFO,MAXIMUM_FEE,decimal,YES
dbo,PROJECT_INFO,CONTRACT_CEILING,decimal,YES
dbo,PROJECT_INFO,CUSTOMER_OVERRUN,decimal,YES
dbo,PROJECT_INFO,CONTRACT_OVERRUN,decimal,YES
dbo,PROJECT_INFO,CUSTOMER_UNDERRUN,decimal,YES
dbo,PROJECT_INFO,CONTRACT_UNDERRUN,decimal,YES
dbo,PROJECT_INFO,PERFORMANCE_FEE,decimal,YES
dbo,PROJECT_INFO,PERFORMANCE_DESC,nvarchar,YES
dbo,PROJECT_INFO,AWARD_FEE,decimal,YES
dbo,PROJECT_INFO,AWARD_DESC,nvarchar,YES
dbo,PROJECT_INFO,RATE_ID,nvarchar,YES
dbo,PROJECT_INFO,AUDIT_AGENCY,nvarchar,YES
dbo,PROJECT_INFO,PAYING_OFFICE,nvarchar,YES
dbo,PROJECT_INFO,PROGRESS_PAY_RATE,decimal,YES
dbo,PROJECT_INFO,LIQUIDATION_RATE,decimal,YES
dbo,PROJECT_INFO,LOSS_RATIO_FACTOR,decimal,YES
dbo,PROJECT_INFO,RETAINAGE_PERCENT,decimal,YES
dbo,PROJECT_INFO,HOURS_EXPEND_FEE,decimal,YES
dbo,PROJECT_INFO,REV_GL_ACCT_ID,nvarchar,YES
dbo,PROJECT_INFO,AR_GL_ACCT_ID,nvarchar,YES
dbo,PROJECT_INFO,DEF_GL_ACCT_ID,nvarchar,YES
dbo,PROJECT_INFO,LIQ_GL_ACCT_ID,nvarchar,YES
dbo,PROJECT_INFO,PBC_GL_ACCT_ID,nvarchar,YES
dbo,PROJECT_INFO,CGS_MAT_GL_ACCT_ID,nvarchar,YES
dbo,PROJECT_INFO,CGS_LAB_GL_ACCT_ID,nvarchar,YES
dbo,PROJECT_INFO,CGS_BUR_GL_ACCT_ID,nvarchar,YES
dbo,PROJECT_INFO,CGS_SER_GL_ACCT_ID,nvarchar,YES
dbo,PROJECT_INFO,WIP_MAT_GL_ACCT_ID,nvarchar,YES
dbo,PROJECT_INFO,WIP_LAB_GL_ACCT_ID,nvarchar,YES
dbo,PROJECT_INFO,WIP_BUR_GL_ACCT_ID,nvarchar,YES
dbo,PROJECT_INFO,WIP_SER_GL_ACCT_ID,nvarchar,YES
dbo,PROJECT_INFO,PROJECT_STATUS,nchar,YES
dbo,PROJECT_INFO,CURRENCY_ID,nvarchar,YES
dbo,PROJECT_INFO,FIXED_RATE_CO_ID,nvarchar,YES
dbo,PROJECT_STATUS,ROWID,int,NO
dbo,PROJECT_STATUS,CODE,nvarchar,NO
dbo,PROJECT_SUMMARY,ROWID,int,NO
dbo,PROJECT_SUMMARY,ID,nvarchar,NO
dbo,PROJECT_SUMMARY,DESCRIPTION,nvarchar,YES
dbo,PROJECT_SUMMARY,PROJECT_ID,nvarchar,YES
dbo,PROJECT_SUMMARY,PROJECT_SUMM_TYPE,nvarchar,YES
dbo,PROJECT_SUMMARY,WORKORDER_TYPE,nchar,YES
dbo,PROJECT_SUMMARY,WORKORDER_BASE_ID,nvarchar,YES
dbo,PROJECT_SUMMARY,WORKORDER_LOT_ID,nvarchar,YES
dbo,PROJECT_SUMMARY,WORKORDER_SPLIT_ID,nvarchar,YES
dbo,PROJECT_SUMMARY,WORKORDER_SUB_ID,nvarchar,YES
dbo,PROJECT_SUMMARY,OPERATION_SEQ_NO,smallint,YES
dbo,PROJECT_SUMMARY,WBS_CODE,nvarchar,YES
dbo,PROJECT_SUMMARY,DEPARTMENT_ID,nvarchar,YES
dbo,PROJECT_SUMMARY,COST_CATEGORY_ID,nvarchar,YES
dbo,PROJECT_SUMMARY,RESOURCE_ID,nvarchar,YES
dbo,PROJECT_SUMMARY,RATE_ID,nvarchar,YES
dbo,PROJECT_SUMMARY,ACCOUNT_YEAR,decimal,YES
dbo,PROJECT_SUMMARY,ACCOUNT_PERIOD,decimal,YES
dbo,PROJECT_SUMMARY,AMOUNT,decimal,YES
dbo,PROJECT_SUMMARY,HOURS,decimal,YES
dbo,PROJECT_SUMMARY,APPLY_BURDEN,nchar,YES
dbo,PROJECT_SUMMARY,OVERHEAD_FLAG,nchar,YES
dbo,PROJECT_SUMMARY,CREATE_DATE,datetime,YES
dbo,PROJECT_SUMMARY,ACTUALS_OVERLAYED,nchar,YES
dbo,PROJECT_SUMMARY,ETC_VERSION_ID,nvarchar,YES
dbo,PROJECT_SUMMARY,SITE_ID,nvarchar,NO
dbo,PROJECT_TYPE,ROWID,int,NO
dbo,PROJECT_TYPE,CODE,nvarchar,NO
dbo,PROJECT_TYPE,DESCRIPTION,nvarchar,YES
dbo,PROJECT_TYPE,USE_FOR_COMMERCIAL,nchar,YES
dbo,PRORATED_LABOR_TX,ROWID,int,NO
dbo,PRORATED_LABOR_TX,PRORATE_ID,int,NO
dbo,PRORATED_LABOR_TX,TRANSACTION_ID,int,NO
dbo,PRORATED_LABOR_TX,PRORATE_TYPE,nchar,NO
dbo,PURC_CATEGORY_TYPE,ROWID,int,NO
dbo,PURC_CATEGORY_TYPE,CODE,nvarchar,NO
dbo,PURC_CATEGORY_TYPE,DESCRIPTION,nvarchar,YES
dbo,PURC_GROUP_USER,ROWID,int,NO
dbo,PURC_GROUP_USER,PURC_REQ_ID,nvarchar,NO
dbo,PURC_GROUP_USER,GROUP_TYPE,nvarchar,NO
dbo,PURC_GROUP_USER,USER_ID,nvarchar,NO
dbo,PURC_GROUP_USER,IS_LEADER,nchar,YES
dbo,PURC_GROUP_USER,USER_SIGNOFF,nchar,YES
dbo,PURC_GROUP_USER,CREATE_DATE,datetime,NO
dbo,PURC_HISTORY,ROWID,int,NO
dbo,PURC_HISTORY,PURC_REQ_ID,nvarchar,NO
dbo,PURC_HISTORY,TYPE,nchar,NO
dbo,PURC_HISTORY,BITS,image,YES
dbo,PURC_HISTORY,BITS_LENGTH,int,NO
dbo,PURC_LINE_BINARY,ROWID,int,NO
dbo,PURC_LINE_BINARY,PURC_ORDER_ID,nvarchar,NO
dbo,PURC_LINE_BINARY,PURC_ORDER_LINE_NO,smallint,NO
dbo,PURC_LINE_BINARY,TYPE,nchar,NO
dbo,PURC_LINE_BINARY,BITS,image,YES
dbo,PURC_LINE_BINARY,BITS_LENGTH,int,NO
dbo,PURC_LINE_DEL,ROWID,int,NO
dbo,PURC_LINE_DEL,PURC_ORDER_ID,nvarchar,NO
dbo,PURC_LINE_DEL,PURC_ORDER_LINE_NO,smallint,NO
dbo,PURC_LINE_DEL,DEL_SCHED_LINE_NO,smallint,NO
dbo,PURC_LINE_DEL,DESIRED_RECV_DATE,datetime,YES
dbo,PURC_LINE_DEL,ACTUAL_RECV_DATE,datetime,YES
dbo,PURC_LINE_DEL,USER_ORDER_QTY,decimal,NO
dbo,PURC_LINE_DEL,ORDER_QTY,decimal,NO
dbo,PURC_LINE_DEL,RECEIVED_QTY,decimal,YES
dbo,PURC_LINE_DEL,SHIPTO_ID,nvarchar,YES
dbo,PURC_LINE_DEL,RELEASE_NUMBER,nvarchar,YES
dbo,PURC_LINE_DEL,USER_1,nvarchar,YES
dbo,PURC_LINE_DEL,USER_2,nvarchar,YES
dbo,PURC_LINE_DEL,USER_RECEIVED_QTY,decimal,YES
dbo,PURC_LINE_DEL,PIECE_COUNT,int,YES
dbo,PURC_LINE_DEL,WAREHOUSE_ID,nvarchar,YES
dbo,PURC_LINE_DEL,WIP_VAS_REQUIRED,nchar,YES
dbo,PURC_LINE_DEL,ALLOCATED_QTY,decimal,YES
dbo,PURC_LINE_DEL,FULFILLED_QTY,decimal,YES
dbo,PURC_LINE_DEL,DISPATCH_ADDR_ID,nvarchar,YES
dbo,PURC_LINE_DEL,SHIPFROM_ID,nvarchar,YES
dbo,PURC_LINE_DEL,DISPATCHED,nchar,YES
dbo,PURC_LINE_TRC_CTL,ROWID,int,NO
dbo,PURC_LINE_TRC_CTL,PURC_ORDER_ID,nvarchar,NO
dbo,PURC_LINE_TRC_CTL,PURC_ORDER_LINE_NO,int,NO
dbo,PURC_LINE_TRC_CTL,SERIAL_ID_CTL,nvarchar,YES
dbo,PURC_LINE_TRC_CTL,LOT_ID_CTL,nvarchar,YES
dbo,PURC_LINE_TRC_CTL,APROPERTY_1_CTL,nvarchar,YES
dbo,PURC_LINE_TRC_CTL,APROPERTY_2_CTL,nvarchar,YES
dbo,PURC_LINE_TRC_CTL,APROPERTY_3_CTL,nvarchar,YES
dbo,PURC_LINE_TRC_CTL,APROPERTY_4_CTL,nvarchar,YES
dbo,PURC_LINE_TRC_CTL,APROPERTY_5_CTL,nvarchar,YES
dbo,PURC_LINE_TRC_CTL,NPROPERTY_1_CTL,nvarchar,YES
dbo,PURC_LINE_TRC_CTL,NPROPERTY_2_CTL,nvarchar,YES
dbo,PURC_LINE_TRC_CTL,NPROPERTY_3_CTL,nvarchar,YES
dbo,PURC_LINE_TRC_CTL,NPROPERTY_4_CTL,nvarchar,YES
dbo,PURC_LINE_TRC_CTL,NPROPERTY_5_CTL,nvarchar,YES
dbo,PURC_LINE_TRC_CTL,EXPIRE_DATE_CTL,nvarchar,YES
dbo,PURC_LINE_TRC_CTL,PROD_DATE_CTL,nvarchar,YES
dbo,PURC_LINE_TRC_CTL,REC_BY_DATE_CTL,nvarchar,YES
dbo,PURC_LINE_TRC_CTL,AVAILABLE_DATE_CTL,nvarchar,YES
dbo,PURC_LINE_TRC_CTL,SHIP_BY_DATE_CTL,nvarchar,YES
dbo,PURC_MATL_DETAIL,ROWID,int,NO
dbo,PURC_MATL_DETAIL,PURC_ORDER_ID,nvarchar,NO
dbo,PURC_MATL_DETAIL,DIST_NO,smallint,NO
dbo,PURC_MATL_DETAIL,TRANSACTION_ID,int,NO
dbo,PURC_MATL_DETAIL,PURC_ORDER_LINE_NO,smallint,NO
dbo,PURC_MATL_DETAIL,PART_ID,nvarchar,YES
dbo,PURC_MATL_DETAIL,ACT_MATERIAL_COST,decimal,YES
dbo,PURC_MATL_DETAIL,ACT_LABOR_COST,decimal,YES
dbo,PURC_MATL_DETAIL,ACT_BURDEN_COST,decimal,YES
dbo,PURC_MATL_DETAIL,ACT_SERVICE_COST,decimal,YES
dbo,PURC_MATL_DETAIL,REFERENCE,nvarchar,YES
dbo,PURC_MATL_DETAIL,CURRENCY_ID,nvarchar,NO
dbo,PURC_MATL_DETAIL,DR_MAT_GL_ACCT_ID,nvarchar,YES
dbo,PURC_MATL_DETAIL,DR_LAB_GL_ACCT_ID,nvarchar,YES
dbo,PURC_MATL_DETAIL,DR_BUR_GL_ACCT_ID,nvarchar,YES
dbo,PURC_MATL_DETAIL,DR_SER_GL_ACCT_ID,nvarchar,YES
dbo,PURC_MATL_DETAIL,CR_MAT_GL_ACCT_ID,nvarchar,YES
dbo,PURC_MATL_DETAIL,CR_LAB_GL_ACCT_ID,nvarchar,YES
dbo,PURC_MATL_DETAIL,CR_BUR_GL_ACCT_ID,nvarchar,YES
dbo,PURC_MATL_DETAIL,CR_SER_GL_ACCT_ID,nvarchar,YES
dbo,PURC_ORDER_BINARY,ROWID,int,NO
dbo,PURC_ORDER_BINARY,PURC_ORDER_ID,nvarchar,NO
dbo,PURC_ORDER_BINARY,TYPE,nchar,NO
dbo,PURC_ORDER_BINARY,BITS,image,YES
dbo,PURC_ORDER_BINARY,BITS_LENGTH,int,NO
dbo,PURC_ORDER_CURR,ROWID,int,NO
dbo,PURC_ORDER_CURR,PURC_ORDER_ID,nvarchar,NO
dbo,PURC_ORDER_CURR,CURRENCY_ID,nvarchar,NO
dbo,PURC_ORDER_CURR,AMOUNT,decimal,NO
dbo,PURC_ORDER_CURR,SELL_RATE,decimal,NO
dbo,PURC_ORDER_CURR,BUY_RATE,decimal,NO
dbo,PURC_ORDER_LINE,ROWID,int,NO
dbo,PURC_ORDER_LINE,PURC_ORDER_ID,nvarchar,NO
dbo,PURC_ORDER_LINE,LINE_NO,smallint,NO
dbo,PURC_ORDER_LINE,PART_ID,nvarchar,YES
dbo,PURC_ORDER_LINE,VENDOR_PART_ID,nvarchar,YES
dbo,PURC_ORDER_LINE,SERVICE_ID,nvarchar,YES
dbo,PURC_ORDER_LINE,USER_ORDER_QTY,decimal,NO
dbo,PURC_ORDER_LINE,ORDER_QTY,decimal,NO
dbo,PURC_ORDER_LINE,PURCHASE_UM,nvarchar,YES
dbo,PURC_ORDER_LINE,UNIT_PRICE,decimal,NO
dbo,PURC_ORDER_LINE,TRADE_DISC_PERCENT,decimal,NO
dbo,PURC_ORDER_LINE,FIXED_CHARGE,decimal,YES
dbo,PURC_ORDER_LINE,EST_FREIGHT,decimal,NO
dbo,PURC_ORDER_LINE,GL_EXPENSE_ACCT_ID,nvarchar,YES
dbo,PURC_ORDER_LINE,SALES_TAX_GROUP_ID,nvarchar,YES
dbo,PURC_ORDER_LINE,PRODUCT_CODE,nvarchar,YES
dbo,PURC_ORDER_LINE,COMMODITY_CODE,nvarchar,YES
dbo,PURC_ORDER_LINE,DESIRED_RECV_DATE,datetime,YES
dbo,PURC_ORDER_LINE,LINE_STATUS,nchar,NO
dbo,PURC_ORDER_LINE,LAST_RECEIVED_DATE,datetime,YES
dbo,PURC_ORDER_LINE,TOTAL_ACT_FREIGHT,decimal,NO
dbo,PURC_ORDER_LINE,TOTAL_USR_RECD_QTY,decimal,NO
dbo,PURC_ORDER_LINE,TOTAL_RECEIVED_QTY,decimal,NO
dbo,PURC_ORDER_LINE,TOTAL_AMT_RECVD,decimal,NO
dbo,PURC_ORDER_LINE,TOTAL_AMT_ORDERED,decimal,NO
dbo,PURC_ORDER_LINE,MFG_NAME,nvarchar,YES
dbo,PURC_ORDER_LINE,MFG_PART_ID,nvarchar,YES
dbo,PURC_ORDER_LINE,PROMISE_DATE,datetime,YES
dbo,PURC_ORDER_LINE,PIECE_COUNT,decimal,YES
dbo,PURC_ORDER_LINE,LENGTH,decimal,YES
dbo,PURC_ORDER_LINE,WIDTH,decimal,YES
dbo,PURC_ORDER_LINE,HEIGHT,decimal,YES
dbo,PURC_ORDER_LINE,DIMENSIONS_UM,nvarchar,YES
dbo,PURC_ORDER_LINE,VAT_CODE,nvarchar,YES
dbo,PURC_ORDER_LINE,TOTAL_DISPATCH_QTY,decimal,NO
dbo,PURC_ORDER_LINE,TOTAL_USR_DISP_QTY,decimal,NO
dbo,PURC_ORDER_LINE,MINIMUM_CHARGE,decimal,YES
dbo,PURC_ORDER_LINE,LAST_DISPATCH_DATE,datetime,YES
dbo,PURC_ORDER_LINE,EDI_BLANKET_QTY,decimal,YES
dbo,PURC_ORDER_LINE,EDI_BLANKET_USRQTY,decimal,YES
dbo,PURC_ORDER_LINE,EDI_ACCUM_QTY_REL,decimal,YES
dbo,PURC_ORDER_LINE,EDI_ACCUM_USR_REL,decimal,YES
dbo,PURC_ORDER_LINE,EDI_ACCUM_QTY_REC,decimal,YES
dbo,PURC_ORDER_LINE,EDI_ACCUM_USR_REC,decimal,YES
dbo,PURC_ORDER_LINE,EDI_LAST_REC_DATE,datetime,YES
dbo,PURC_ORDER_LINE,EDI_RELEASE_NO,nvarchar,YES
dbo,PURC_ORDER_LINE,EDI_RELEASE_DATE,datetime,YES
dbo,PURC_ORDER_LINE,EDI_QTY_RELEASED,decimal,YES
dbo,PURC_ORDER_LINE,EDI_USR_QTY_REL,decimal,YES
dbo,PURC_ORDER_LINE,EDI_REQ_REL_DATE,datetime,YES
dbo,PURC_ORDER_LINE,SHIPTO_ID,nvarchar,YES
dbo,PURC_ORDER_LINE,WAREHOUSE_ID,nvarchar,YES
dbo,PURC_ORDER_LINE,WIP_VAS_REQUIRED,nchar,YES
dbo,PURC_ORDER_LINE,ALLOCATED_QTY,decimal,NO
dbo,PURC_ORDER_LINE,FULFILLED_QTY,decimal,NO
dbo,PURC_ORDER_LINE,HTS_CODE,nvarchar,YES
dbo,PURC_ORDER_LINE,ORIG_COUNTRY_ID,nvarchar,YES
dbo,PURC_ORDER_LINE,USER_1,nvarchar,YES
dbo,PURC_ORDER_LINE,USER_2,nvarchar,YES
dbo,PURC_ORDER_LINE,USER_3,nvarchar,YES
dbo,PURC_ORDER_LINE,USER_4,nvarchar,YES
dbo,PURC_ORDER_LINE,USER_5,nvarchar,YES
dbo,PURC_ORDER_LINE,USER_6,nvarchar,YES
dbo,PURC_ORDER_LINE,USER_7,nvarchar,YES
dbo,PURC_ORDER_LINE,USER_8,nvarchar,YES
dbo,PURC_ORDER_LINE,USER_9,nvarchar,YES
dbo,PURC_ORDER_LINE,USER_10,nvarchar,YES
dbo,PURC_ORDER_LINE,UDF_LAYOUT_ID,nvarchar,YES
dbo,PURC_ORDER_LINE,vat_category,nvarchar,YES
dbo,PURC_ORDER_LINE,VAT_AMOUNT,decimal,YES
dbo,PURC_ORDER_LINE,VAT_RCV_AMOUNT,decimal,YES
dbo,PURC_ORDER_LINE,WBS_CODE,nvarchar,YES
dbo,PURC_ORDER_LINE,DEPARTMENT_ID,nvarchar,YES
dbo,PURC_ORDER_LINE,PART_GL_ACCOUNT,nvarchar,YES
dbo,PURC_ORDER_LINE,COST_CATEGORY_ID,nvarchar,YES
dbo,PURC_ORDER_LINE,PROJ_REF_SEQ_NO,smallint,YES
dbo,PURC_ORDER_LINE,PROJ_REF_SUB_ID,nvarchar,YES
dbo,PURC_ORDER_LINE,DISPATCH_ADDR_ID,nvarchar,YES
dbo,PURC_ORDER_LINE,SHIPFROM_ID,nvarchar,YES
dbo,PURC_ORDER_LINE,QA_QTY,decimal,YES
dbo,PURC_ORDER_LINE,OWNER_ID,nvarchar,YES
dbo,PURC_ORDER_LINE,TRACE_QTY,decimal,YES
dbo,PURC_ORDER_LINE,DISPATCHED,nchar,YES
dbo,PURC_ORDER_LINE,TRANS_CATEGORY_ID,nvarchar,YES
dbo,PURC_ORDER_LINE,ORIG_STAGE_REVISION_ID,nvarchar,YES
dbo,PURC_ORDER_LINE,CONSIGNED_WHS_ID,nvarchar,YES
dbo,PURC_ORDER_LINE,CONSIGNED_LOC_ID,nvarchar,YES
dbo,PURC_ORDER_LINE,STATUS_EFF_DATE,datetime,NO
dbo,PURC_ORDER_LINE,PROMISE_SHIP_DATE,datetime,YES
dbo,PURC_ORDER_LINE,SPECIAL_PRICE_AUTH,nvarchar,YES
dbo,PURC_ORDER_LINE,CONTRACT_ID,nvarchar,YES
dbo,PURC_ORDER_LINE,CONTRACT_LINE_NO,smallint,YES
dbo,PURC_ORDER_LINE,SITE_ID,nvarchar,NO
dbo,PURC_ORDER_LINE,POSTING_CANDIDATE,nchar,NO
dbo,PURC_ORDER_LINE,ENTERED_BY,nvarchar,YES
dbo,PURC_ORDER_LINE,EMAIL_NOTIFICATION,nchar,NO
dbo,PURC_ORDER_LINE,VAT_IE_PERCENT,decimal,YES
dbo,PURC_ORDER_LINE,VAT_IE_AMOUNT,decimal,YES
dbo,PURC_ORDER_LINE,VAT_IE_DR_GL_ACCT_ID,nvarchar,YES
dbo,PURC_ORDER_LINE,VAT_IE_CR_GL_ACCT_ID,nvarchar,YES
dbo,PURC_ORDER_LINE,CONFIRMED_SHIP_DATE,datetime,YES
dbo,PURC_ORDER_REQ,ROWID,int,NO
dbo,PURC_ORDER_REQ,PURC_ORD_ID,nvarchar,NO
dbo,PURC_ORDER_REQ,PURC_ORD_LINE_NO,smallint,NO
dbo,PURC_ORDER_REQ,PURC_REQ_ID,nvarchar,NO
dbo,PURC_ORDER_REQ,PURC_REQ_LINE_NO,smallint,NO
dbo,PURC_ORDER_RFQ,ROWID,int,NO
dbo,PURC_ORDER_RFQ,PURC_ORD_ID,nvarchar,NO
dbo,PURC_ORDER_RFQ,PURC_ORD_LINE_NO,smallint,NO
dbo,PURC_ORDER_RFQ,PURC_RFQ_ID,nvarchar,NO
dbo,PURC_ORDER_RFQ,PURC_RFQ_LINE_NO,smallint,NO
dbo,PURC_ORDER_SYNC,ROWID,int,NO
dbo,PURC_ORDER_SYNC,EVENT_ID,int,NO
dbo,PURC_ORDER_SYNC,TYPE,nchar,NO
dbo,PURC_ORDER_SYNC,CREATE_DATE,datetime,NO
dbo,PURC_ORDER_SYNC,PURC_ORDER_ID,nvarchar,NO
dbo,PURC_ORDER_SYNC,EXCEPTION,nchar,NO
dbo,PURC_ORDER_SYNC,SUBSCRIPTIONS,int,NO
dbo,PURC_REQ_BINARY,ROWID,int,NO
dbo,PURC_REQ_BINARY,PURC_REQ_ID,nvarchar,NO
dbo,PURC_REQ_BINARY,TYPE,nchar,NO
dbo,PURC_REQ_BINARY,BITS,image,YES
dbo,PURC_REQ_BINARY,BITS_LENGTH,int,NO
dbo,PURC_REQ_CURR,ROWID,int,NO
dbo,PURC_REQ_CURR,PURC_REQ_ID,nvarchar,NO
dbo,PURC_REQ_CURR,CURRENCY_ID,nvarchar,NO
dbo,PURC_REQ_CURR,AMOUNT,decimal,NO
dbo,PURC_REQ_CURR,SELL_RATE,decimal,NO
dbo,PURC_REQ_CURR,BUY_RATE,decimal,NO
dbo,PURC_REQ_LINE,ROWID,int,NO
dbo,PURC_REQ_LINE,PURC_REQ_ID,nvarchar,NO
dbo,PURC_REQ_LINE,LINE_NO,smallint,NO
dbo,PURC_REQ_LINE,PART_ID,nvarchar,YES
dbo,PURC_REQ_LINE,VENDOR_ID,nvarchar,YES
dbo,PURC_REQ_LINE,VENDOR_PART_ID,nvarchar,YES
dbo,PURC_REQ_LINE,SERVICE_ID,nvarchar,YES
dbo,PURC_REQ_LINE,USER_ORDER_QTY,decimal,NO
dbo,PURC_REQ_LINE,ORDER_QTY,decimal,YES
dbo,PURC_REQ_LINE,PURCHASE_UM,nvarchar,YES
dbo,PURC_REQ_LINE,UNIT_PRICE,decimal,NO
dbo,PURC_REQ_LINE,TRADE_DISC_PERCENT,decimal,NO
dbo,PURC_REQ_LINE,FIXED_CHARGE,decimal,YES
dbo,PURC_REQ_LINE,EST_FREIGHT,decimal,NO
dbo,PURC_REQ_LINE,GL_EXPENSE_ACCT_ID,nvarchar,YES
dbo,PURC_REQ_LINE,SALES_TAX_GROUP_ID,nvarchar,YES
dbo,PURC_REQ_LINE,PRODUCT_CODE,nvarchar,YES
dbo,PURC_REQ_LINE,COMMODITY_CODE,nvarchar,YES
dbo,PURC_REQ_LINE,DESIRED_RECV_DATE,datetime,YES
dbo,PURC_REQ_LINE,LINE_STATUS,nchar,NO
dbo,PURC_REQ_LINE,TOTAL_AMT_RECVD,decimal,NO
dbo,PURC_REQ_LINE,TOTAL_AMT_ORDERED,decimal,NO
dbo,PURC_REQ_LINE,MFG_NAME,nvarchar,YES
dbo,PURC_REQ_LINE,MFG_PART_ID,nvarchar,YES
dbo,PURC_REQ_LINE,PIECE_COUNT,decimal,YES
dbo,PURC_REQ_LINE,LENGTH,decimal,YES
dbo,PURC_REQ_LINE,WIDTH,decimal,YES
dbo,PURC_REQ_LINE,HEIGHT,decimal,YES
dbo,PURC_REQ_LINE,DIMENSIONS_UM,nvarchar,YES
dbo,PURC_REQ_LINE,VAT_CODE,nvarchar,YES
dbo,PURC_REQ_LINE,MINIMUM_CHARGE,decimal,YES
dbo,PURC_REQ_LINE,SHIPTO_ID,nvarchar,YES
dbo,PURC_REQ_LINE,WAREHOUSE_ID,nvarchar,YES
dbo,PURC_REQ_LINE,ALLOCATED_QTY,decimal,NO
dbo,PURC_REQ_LINE,FULFILLED_QTY,decimal,NO
dbo,PURC_REQ_LINE,WORKORDER_BASE_ID,nvarchar,YES
dbo,PURC_REQ_LINE,WORKORDER_LOT_ID,nvarchar,YES
dbo,PURC_REQ_LINE,WORKORDER_SPLIT_ID,nvarchar,YES
dbo,PURC_REQ_LINE,WORKORDER_SUB_ID,nvarchar,YES
dbo,PURC_REQ_LINE,WORKORDER_SEQ_NO,smallint,YES
dbo,PURC_REQ_LINE,WORKORDER_PIECE_NO,smallint,YES
dbo,PURC_REQ_LINE,WBS_CODE,nvarchar,YES
dbo,PURC_REQ_LINE,DEPARTMENT_ID,nvarchar,YES
dbo,PURC_REQ_LINE,PART_GL_ACCOUNT,nvarchar,YES
dbo,PURC_REQ_LINE,COST_CATEGORY_ID,nvarchar,YES
dbo,PURC_REQ_LINE,PROJ_REF_SEQ_NO,smallint,YES
dbo,PURC_REQ_LINE,PROJ_REF_SUB_ID,nvarchar,YES
dbo,PURC_REQ_LINE,SHIPFROM_ID,nvarchar,YES
dbo,PURC_REQ_LINE,HTS_CODE,nvarchar,YES
dbo,PURC_REQ_LINE,ORIG_COUNTRY_ID,nvarchar,YES
dbo,PURC_REQ_LINE,UDF_LAYOUT_ID,nvarchar,YES
dbo,PURC_REQ_LINE,USER_1,nvarchar,YES
dbo,PURC_REQ_LINE,USER_2,nvarchar,YES
dbo,PURC_REQ_LINE,USER_3,nvarchar,YES
dbo,PURC_REQ_LINE,USER_4,nvarchar,YES
dbo,PURC_REQ_LINE,USER_5,nvarchar,YES
dbo,PURC_REQ_LINE,USER_6,nvarchar,YES
dbo,PURC_REQ_LINE,USER_7,nvarchar,YES
dbo,PURC_REQ_LINE,USER_8,nvarchar,YES
dbo,PURC_REQ_LINE,USER_9,nvarchar,YES
dbo,PURC_REQ_LINE,USER_10,nvarchar,YES
dbo,PURC_REQ_LINE,VAT_CATEGORY,nvarchar,YES
dbo,PURC_REQ_LINE,VAT_AMOUNT,decimal,YES
dbo,PURC_REQ_LINE,VAT_RCV_AMOUNT,decimal,YES
dbo,PURC_REQ_LINE,ORIG_STAGE_REVISION_ID,nvarchar,YES
dbo,PURC_REQ_LINE,STATUS_EFF_DATE,datetime,NO
dbo,PURC_REQ_LINE,CONTRACT_ID,nvarchar,YES
dbo,PURC_REQ_LINE,CONTRACT_LINE_NO,smallint,YES
dbo,PURC_REQ_LINE_DEL,ROWID,int,NO
dbo,PURC_REQ_LINE_DEL,PURC_REQ_ID,nvarchar,NO
dbo,PURC_REQ_LINE_DEL,PURC_REQ_LINE_NO,smallint,NO
dbo,PURC_REQ_LINE_DEL,DEL_SCHED_LINE_NO,smallint,NO
dbo,PURC_REQ_LINE_DEL,DESIRED_RECV_DATE,datetime,YES
dbo,PURC_REQ_LINE_DEL,USER_ORDER_QTY,decimal,NO
dbo,PURC_REQ_LINE_DEL,ORDER_QTY,decimal,NO
dbo,PURC_REQ_LINE_DEL,SHIPTO_ID,nvarchar,YES
dbo,PURC_REQ_LINE_DEL,SHIPFROM_ID,nvarchar,YES
dbo,PURC_REQ_LINE_DEL,USER_RECEIVED_QTY,decimal,YES
dbo,PURC_REQ_LINE_DEL,PIECE_COUNT,int,YES
dbo,PURC_REQ_LINE_DEL,WAREHOUSE_ID,nvarchar,YES
dbo,PURC_REQ_LINE_DEL,USER_1,nvarchar,YES
dbo,PURC_REQ_LINE_DEL,USER_2,nvarchar,YES
dbo,PURC_REQ_LINE_DEL,USER_3,nvarchar,YES
dbo,PURC_REQ_LINE_DEL,USER_4,nvarchar,YES
dbo,PURC_REQ_LINE_DEL,USER_5,nvarchar,YES
dbo,PURC_REQ_LINE_DEL,USER_6,nvarchar,YES
dbo,PURC_REQ_LINE_DEL,USER_7,nvarchar,YES
dbo,PURC_REQ_LINE_DEL,USER_8,nvarchar,YES
dbo,PURC_REQ_LINE_DEL,USER_9,nvarchar,YES
dbo,PURC_REQ_LINE_DEL,USER_10,nvarchar,YES
dbo,PURC_REQ_LN_BINARY,ROWID,int,NO
dbo,PURC_REQ_LN_BINARY,PURC_REQ_ID,nvarchar,NO
dbo,PURC_REQ_LN_BINARY,PURC_REQ_LINE_NO,smallint,NO
dbo,PURC_REQ_LN_BINARY,TYPE,nchar,NO
dbo,PURC_REQ_LN_BINARY,BITS,image,YES
dbo,PURC_REQ_LN_BINARY,BITS_LENGTH,int,NO
dbo,PURC_REQUISITION,ROWID,int,NO
dbo,PURC_REQUISITION,ID,nvarchar,NO
dbo,PURC_REQUISITION,VENDOR_ID,nvarchar,YES
dbo,PURC_REQUISITION,CONTACT_FIRST_NAME,nvarchar,YES
dbo,PURC_REQUISITION,CONTACT_LAST_NAME,nvarchar,YES
dbo,PURC_REQUISITION,CONTACT_INITIAL,nvarchar,YES
dbo,PURC_REQUISITION,CONTACT_POSITION,nvarchar,YES
dbo,PURC_REQUISITION,CONTACT_HONORIFIC,nvarchar,YES
dbo,PURC_REQUISITION,CONTACT_SALUTATION,nvarchar,YES
dbo,PURC_REQUISITION,CONTACT_PHONE,nvarchar,YES
dbo,PURC_REQUISITION,CONTACT_FAX,nvarchar,YES
dbo,PURC_REQUISITION,PURC_REQ_ADDR_NO,int,YES
dbo,PURC_REQUISITION,SHIPTO_ADDR_NO,int,YES
dbo,PURC_REQUISITION,REQUISITION_DATE,datetime,NO
dbo,PURC_REQUISITION,DESIRED_RECV_DATE,datetime,YES
dbo,PURC_REQUISITION,BUYER,nvarchar,YES
dbo,PURC_REQUISITION,PREPARER,nvarchar,YES
dbo,PURC_REQUISITION,REQUESTOR,nvarchar,YES
dbo,PURC_REQUISITION,ASSIGNED_TO,nvarchar,YES
dbo,PURC_REQUISITION,APP1_DATE,datetime,YES
dbo,PURC_REQUISITION,APP2_DATE,datetime,YES
dbo,PURC_REQUISITION,APP3_DATE,datetime,YES
dbo,PURC_REQUISITION,APP4_DATE,datetime,YES
dbo,PURC_REQUISITION,FREE_ON_BOARD,nvarchar,YES
dbo,PURC_REQUISITION,SHIP_VIA,nvarchar,YES
dbo,PURC_REQUISITION,SALES_TAX_GROUP_ID,nvarchar,YES
dbo,PURC_REQUISITION,STATUS,nchar,NO
dbo,PURC_REQUISITION,SELL_RATE,decimal,NO
dbo,PURC_REQUISITION,BUY_RATE,decimal,NO
dbo,PURC_REQUISITION,SITE_ID,nvarchar,NO
dbo,PURC_REQUISITION,TOTAL_AMT_ORDERED,decimal,NO
dbo,PURC_REQUISITION,MARKED_FOR_PURGE,nchar,NO
dbo,PURC_REQUISITION,EXCH_RATE_FIXED,nchar,NO
dbo,PURC_REQUISITION,SHIPTO_ID,nvarchar,YES
dbo,PURC_REQUISITION,SHIPFROM_ID,nvarchar,YES
dbo,PURC_REQUISITION,CARRIER_ID,nvarchar,YES
dbo,PURC_REQUISITION,TERMS_NET_TYPE,nchar,NO
dbo,PURC_REQUISITION,TERMS_NET_DAYS,smallint,YES
dbo,PURC_REQUISITION,TERMS_NET_DATE,datetime,YES
dbo,PURC_REQUISITION,TERMS_DISC_DAYS,smallint,YES
dbo,PURC_REQUISITION,TERMS_DISC_DATE,datetime,YES
dbo,PURC_REQUISITION,TERMS_DISC_PERCENT,decimal,YES
dbo,PURC_REQUISITION,TERMS_DESCRIPTION,nvarchar,YES
dbo,PURC_REQUISITION,TERMS_DISC_TYPE,nchar,NO
dbo,PURC_REQUISITION,CURRENCY_ID,nvarchar,YES
dbo,PURC_REQUISITION,WAREHOUSE_ID,nvarchar,YES
dbo,PURC_REQUISITION,CONTACT_EMAIL,nvarchar,YES
dbo,PURC_REQUISITION,CONTACT_MOBILE,nvarchar,YES
dbo,PURC_REQUISITION,CATEGORY_TYPE,nvarchar,YES
dbo,PURC_REQUISITION,UDF_LAYOUT_ID,nvarchar,YES
dbo,PURC_REQUISITION,USER_1,nvarchar,YES
dbo,PURC_REQUISITION,USER_2,nvarchar,YES
dbo,PURC_REQUISITION,USER_3,nvarchar,YES
dbo,PURC_REQUISITION,USER_4,nvarchar,YES
dbo,PURC_REQUISITION,USER_5,nvarchar,YES
dbo,PURC_REQUISITION,USER_6,nvarchar,YES
dbo,PURC_REQUISITION,USER_7,nvarchar,YES
dbo,PURC_REQUISITION,USER_8,nvarchar,YES
dbo,PURC_REQUISITION,USER_9,nvarchar,YES
dbo,PURC_REQUISITION,USER_10,nvarchar,YES
dbo,PURC_REQUISITION,STATUS_EFF_DATE,datetime,NO
dbo,PURC_REQUISITION,TERMS_ID,nvarchar,YES
dbo,PURC_REQUISITION,CONTACT_ID,nvarchar,YES
dbo,PURC_REQUISITION,CONTACT_PHONE_EXT,nvarchar,YES
dbo,PURC_RFQ_REQ,ROWID,int,NO
dbo,PURC_RFQ_REQ,RFQ_ID,nvarchar,NO
dbo,PURC_RFQ_REQ,RFQ_LINE_NO,smallint,NO
dbo,PURC_RFQ_REQ,PURC_REQ_ID,nvarchar,NO
dbo,PURC_RFQ_REQ,PURC_REQ_LINE_NO,smallint,NO
dbo,PURC_SERV_DETAIL,ROWID,int,NO
dbo,PURC_SERV_DETAIL,PURC_ORDER_ID,nvarchar,NO
dbo,PURC_SERV_DETAIL,DIST_NO,smallint,NO
dbo,PURC_SERV_DETAIL,TRANSACTION_ID,int,NO
dbo,PURC_SERV_DETAIL,PURC_ORDER_LINE_NO,smallint,NO
dbo,PURC_SERV_DETAIL,SERVICE_ID,nvarchar,YES
dbo,PURC_SERV_DETAIL,ACT_MATERIAL_COST,decimal,YES
dbo,PURC_SERV_DETAIL,ACT_LABOR_COST,decimal,YES
dbo,PURC_SERV_DETAIL,ACT_BURDEN_COST,decimal,YES
dbo,PURC_SERV_DETAIL,ACT_SERVICE_COST,decimal,YES
dbo,PURC_SERV_DETAIL,REFERENCE,nvarchar,YES
dbo,PURC_SERV_DETAIL,CURRENCY_ID,nvarchar,NO
dbo,PURC_SERV_DETAIL,DR_MAT_GL_ACCT_ID,nvarchar,YES
dbo,PURC_SERV_DETAIL,DR_LAB_GL_ACCT_ID,nvarchar,YES
dbo,PURC_SERV_DETAIL,DR_BUR_GL_ACCT_ID,nvarchar,YES
dbo,PURC_SERV_DETAIL,DR_SER_GL_ACCT_ID,nvarchar,YES
dbo,PURC_SERV_DETAIL,CR_MAT_GL_ACCT_ID,nvarchar,YES
dbo,PURC_SERV_DETAIL,CR_LAB_GL_ACCT_ID,nvarchar,YES
dbo,PURC_SERV_DETAIL,CR_BUR_GL_ACCT_ID,nvarchar,YES
dbo,PURC_SERV_DETAIL,CR_SER_GL_ACCT_ID,nvarchar,YES
dbo,PURCHASE_CONTRACT,ROWID,int,NO
dbo,PURCHASE_CONTRACT,ID,nvarchar,NO
dbo,PURCHASE_CONTRACT,DESCRIPTION,nvarchar,YES
dbo,PURCHASE_CONTRACT,STATUS,nchar,NO
dbo,PURCHASE_CONTRACT,STATUS_EFF_DATE,datetime,NO
dbo,PURCHASE_CONTRACT,STATUS_REASON_CODE,nvarchar,YES
dbo,PURCHASE_CONTRACT,VENDOR_ID,nvarchar,NO
dbo,PURCHASE_CONTRACT,VENDOR_CONTRACT_ID,nvarchar,YES
dbo,PURCHASE_CONTRACT,CREATE_DATE,datetime,NO
dbo,PURCHASE_DIST,ROWID,int,NO
dbo,PURCHASE_DIST,PURC_ORDER_ID,nvarchar,NO
dbo,PURCHASE_DIST,DIST_NO,smallint,NO
dbo,PURCHASE_DIST,ENTRY_NO,smallint,NO
dbo,PURCHASE_DIST,AMOUNT,decimal,NO
dbo,PURCHASE_DIST,AMOUNT_TYPE,nchar,NO
dbo,PURCHASE_DIST,GL_ACCOUNT_ID,nvarchar,NO
dbo,PURCHASE_DIST,SITE_ID,nvarchar,NO
dbo,PURCHASE_DIST,POSTING_STATUS,nchar,NO
dbo,PURCHASE_DIST,POSTING_DATE,datetime,NO
dbo,PURCHASE_DIST,BATCH_ID,nvarchar,YES
dbo,PURCHASE_DIST,CREATE_DATE,datetime,NO
dbo,PURCHASE_DIST,USER_ID,nvarchar,NO
dbo,PURCHASE_DIST,CURRENCY_ID,nvarchar,NO
dbo,PURCHASE_DIST,NATIVE,nchar,YES
dbo,PURCHASE_ORDER,ROWID,int,NO
dbo,PURCHASE_ORDER,ID,nvarchar,NO
dbo,PURCHASE_ORDER,VENDOR_ID,nvarchar,NO
dbo,PURCHASE_ORDER,CONTACT_FIRST_NAME,nvarchar,YES
dbo,PURCHASE_ORDER,CONTACT_LAST_NAME,nvarchar,YES
dbo,PURCHASE_ORDER,CONTACT_INITIAL,nvarchar,YES
dbo,PURCHASE_ORDER,CONTACT_POSITION,nvarchar,YES
dbo,PURCHASE_ORDER,CONTACT_HONORIFIC,nvarchar,YES
dbo,PURCHASE_ORDER,CONTACT_SALUTATION,nvarchar,YES
dbo,PURCHASE_ORDER,CONTACT_PHONE,nvarchar,YES
dbo,PURCHASE_ORDER,CONTACT_FAX,nvarchar,YES
dbo,PURCHASE_ORDER,PURC_ORD_ADDR_NO,int,YES
dbo,PURCHASE_ORDER,SHIPTO_ADDR_NO,int,YES
dbo,PURCHASE_ORDER,ORDER_DATE,datetime,NO
dbo,PURCHASE_ORDER,DESIRED_RECV_DATE,datetime,YES
dbo,PURCHASE_ORDER,BUYER,nvarchar,YES
dbo,PURCHASE_ORDER,FREE_ON_BOARD,nvarchar,YES
dbo,PURCHASE_ORDER,SHIP_VIA,nvarchar,YES
dbo,PURCHASE_ORDER,SALES_TAX_GROUP_ID,nvarchar,YES
dbo,PURCHASE_ORDER,STATUS,nchar,NO
dbo,PURCHASE_ORDER,BACK_ORDER,nchar,NO
dbo,PURCHASE_ORDER,SELL_RATE,decimal,NO
dbo,PURCHASE_ORDER,BUY_RATE,decimal,NO
dbo,PURCHASE_ORDER,SITE_ID,nvarchar,NO
dbo,PURCHASE_ORDER,POSTING_CANDIDATE,nchar,NO
dbo,PURCHASE_ORDER,LAST_RECEIVED_DATE,datetime,YES
dbo,PURCHASE_ORDER,TOTAL_AMT_ORDERED,decimal,NO
dbo,PURCHASE_ORDER,TOTAL_AMT_RECVD,decimal,NO
dbo,PURCHASE_ORDER,MARKED_FOR_PURGE,nchar,NO
dbo,PURCHASE_ORDER,EXCH_RATE_FIXED,nchar,NO
dbo,PURCHASE_ORDER,PROMISE_DATE,datetime,YES
dbo,PURCHASE_ORDER,PRINTED_DATE,datetime,YES
dbo,PURCHASE_ORDER,EDI_BLANKET_FLAG,nchar,YES
dbo,PURCHASE_ORDER,EDI_BLANKET_PO_NO,nvarchar,YES
dbo,PURCHASE_ORDER,CONTRACT_ID,nvarchar,YES
dbo,PURCHASE_ORDER,SHIPTO_ID,nvarchar,YES
dbo,PURCHASE_ORDER,TERMS_NET_TYPE,nchar,YES
dbo,PURCHASE_ORDER,TERMS_NET_DAYS,smallint,YES
dbo,PURCHASE_ORDER,TERMS_NET_DATE,datetime,YES
dbo,PURCHASE_ORDER,TERMS_DISC_TYPE,nchar,YES
dbo,PURCHASE_ORDER,TERMS_DISC_DAYS,smallint,YES
dbo,PURCHASE_ORDER,TERMS_DISC_DATE,datetime,YES
dbo,PURCHASE_ORDER,TERMS_DISC_PERCENT,decimal,YES
dbo,PURCHASE_ORDER,TERMS_DESCRIPTION,nvarchar,YES
dbo,PURCHASE_ORDER,CURRENCY_ID,nvarchar,YES
dbo,PURCHASE_ORDER,WAREHOUSE_ID,nvarchar,YES
dbo,PURCHASE_ORDER,CREATE_DATE,datetime,NO
dbo,PURCHASE_ORDER,CONTACT_MOBILE,nvarchar,YES
dbo,PURCHASE_ORDER,CONTACT_EMAIL,nvarchar,YES
dbo,PURCHASE_ORDER,USER_1,nvarchar,YES
dbo,PURCHASE_ORDER,USER_2,nvarchar,YES
dbo,PURCHASE_ORDER,USER_3,nvarchar,YES
dbo,PURCHASE_ORDER,USER_4,nvarchar,YES
dbo,PURCHASE_ORDER,USER_5,nvarchar,YES
dbo,PURCHASE_ORDER,USER_6,nvarchar,YES
dbo,PURCHASE_ORDER,USER_7,nvarchar,YES
dbo,PURCHASE_ORDER,USER_8,nvarchar,YES
dbo,PURCHASE_ORDER,USER_9,nvarchar,YES
dbo,PURCHASE_ORDER,USER_10,nvarchar,YES
dbo,PURCHASE_ORDER,UDF_LAYOUT_ID,nvarchar,YES
dbo,PURCHASE_ORDER,DISPATCH_ADDR_ID,nvarchar,YES
dbo,PURCHASE_ORDER,CARRIER_ID,nvarchar,YES
dbo,PURCHASE_ORDER,SHIPFROM_ID,nvarchar,YES
dbo,PURCHASE_ORDER,OWNER_ID,nvarchar,YES
dbo,PURCHASE_ORDER,DISPATCHED,nchar,YES
dbo,PURCHASE_ORDER,VEND_BANK_ID,nvarchar,YES
dbo,PURCHASE_ORDER,VEND_PACK_ID,nvarchar,YES
dbo,PURCHASE_ORDER,VEND_PACK_DATE,datetime,YES
dbo,PURCHASE_ORDER,VEND_FREIGHT_ID,nvarchar,YES
dbo,PURCHASE_ORDER,CONSIGNMENT,nchar,NO
dbo,PURCHASE_ORDER,CONSIGNED_WHS_ID,nvarchar,YES
dbo,PURCHASE_ORDER,STATUS_EFF_DATE,datetime,NO
dbo,PURCHASE_ORDER,PROMISE_SHIP_DATE,datetime,YES
dbo,PURCHASE_ORDER,SALES_ORDER_ID,nvarchar,YES
dbo,PURCHASE_ORDER,SPECIAL_PRICE_AUTH,nvarchar,YES
dbo,PURCHASE_ORDER,TERMS_ID,nvarchar,YES
dbo,PURCHASE_ORDER,INTERNAL_ORDER,nchar,YES
dbo,PURCHASE_ORDER,CONTACT_ID,nvarchar,YES
dbo,PURCHASE_ORDER,ENTERED_BY,nvarchar,YES
dbo,PURCHASE_ORDER,CONTACT_PHONE_EXT,nvarchar,YES
dbo,PURCHASE_ORDER,EMAIL_NOTIFICATION,nchar,NO
dbo,PURCHASE_ORDER,EMAIL_VEND_ON_NEW_ORDER,nchar,NO
dbo,PURCHASE_ORDER,EMAIL_VEND_ON_CHG_ORDER,nchar,NO
dbo,PURCHASE_ORDER,EMAIL_VEND_ON_PO_RECEIPT,nchar,NO
dbo,PURCHASE_ORDER,EMAIL_EMPL_ON_NEW_ORDER,nchar,NO
dbo,PURCHASE_ORDER,EMAIL_EMPL_ON_CHG_ORDER,nchar,NO
dbo,PURCHASE_ORDER,EMAIL_EMPL_ON_PO_RECEIPT,nchar,NO
dbo,PURCHASE_ORDER,EMAIL_EMPL_ON_INV_PAID,nchar,NO
dbo,PURCHASE_ORDER,CONFIRMED_SHIP_DATE,datetime,YES
dbo,QRP_CONTROL,ROWID,int,NO
dbo,QRP_CONTROL,STD_QRP_NAME,nvarchar,NO
dbo,QRP_CONTROL,CONTEXT_TYPE,nchar,NO
dbo,QRP_CONTROL,CONTEXT_ID,nvarchar,NO
dbo,QRP_CONTROL,USER_QRP_NAME,nvarchar,NO
dbo,QRP_CONTROL,DESCRIPTION,nvarchar,YES
dbo,QUERY,ROWID,int,NO
dbo,QUERY,USER_ID,nvarchar,NO
dbo,QUERY,NAME,nvarchar,NO
dbo,QUERY,QUERY,image,YES
dbo,QUERY,CREATE_DATE,datetime,NO
dbo,QUERY,AUTO_JOIN,nchar,NO
dbo,QUOTE,ROWID,int,NO
dbo,QUOTE,ID,nvarchar,NO
dbo,QUOTE,CUSTOMER_ID,nvarchar,YES
dbo,QUOTE,NAME,nvarchar,YES
dbo,QUOTE,ADDR_1,nvarchar,YES
dbo,QUOTE,ADDR_2,nvarchar,YES
dbo,QUOTE,ADDR_3,nvarchar,YES
dbo,QUOTE,CITY,nvarchar,YES
dbo,QUOTE,STATE,nvarchar,YES
dbo,QUOTE,ZIPCODE,nvarchar,YES
dbo,QUOTE,COUNTRY,nvarchar,YES
dbo,QUOTE,CONTACT_FIRST_NAME,nvarchar,YES
dbo,QUOTE,CONTACT_LAST_NAME,nvarchar,YES
dbo,QUOTE,CONTACT_INITIAL,nvarchar,YES
dbo,QUOTE,CONTACT_POSITION,nvarchar,YES
dbo,QUOTE,CONTACT_HONORIFIC,nvarchar,YES
dbo,QUOTE,CONTACT_SALUTATION,nvarchar,YES
dbo,QUOTE,CONTACT_PHONE,nvarchar,YES
dbo,QUOTE,CONTACT_FAX,nvarchar,YES
dbo,QUOTE,SALESREP_ID,nvarchar,YES
dbo,QUOTE,TERRITORY,nvarchar,YES
dbo,QUOTE,STATUS,nchar,NO
dbo,QUOTE,WON_LOSS_DATE,datetime,YES
dbo,QUOTE,WON_LOSS_REASON,nvarchar,YES
dbo,QUOTE,QUOTE_DATE,datetime,NO
dbo,QUOTE,EXPIRATION_DATE,datetime,YES
dbo,QUOTE,FOLLOWUP_DATE,datetime,YES
dbo,QUOTE,EXPECTED_WIN_DATE,datetime,YES
dbo,QUOTE,WIN_PROBABILITY,decimal,YES
dbo,QUOTE,SHIP_VIA,nvarchar,YES
dbo,QUOTE,FREE_ON_BOARD,nvarchar,YES
dbo,QUOTE,TERMS_NET_TYPE,nchar,NO
dbo,QUOTE,TERMS_NET_DAYS,smallint,YES
dbo,QUOTE,TERMS_NET_DATE,datetime,YES
dbo,QUOTE,TERMS_DISC_DAYS,smallint,YES
dbo,QUOTE,TERMS_DISC_TYPE,nchar,NO
dbo,QUOTE,TERMS_DISC_DATE,datetime,YES
dbo,QUOTE,TERMS_DISC_PERCENT,decimal,YES
dbo,QUOTE,TERMS_DESCRIPTION,nvarchar,YES
dbo,QUOTE,FREIGHT_TERMS,nchar,NO
dbo,QUOTE,CREATE_DATE,datetime,NO
dbo,QUOTE,USER_ID,nvarchar,NO
dbo,QUOTE,QUOTED_LEADTIME,smallint,YES
dbo,QUOTE,CURRENCY_ID,nvarchar,YES
dbo,QUOTE,SITE_ID,nvarchar,NO
dbo,QUOTE,DISCOUNT_CODE,nvarchar,YES
dbo,QUOTE,PRINTED_DATE,datetime,YES
dbo,QUOTE,USER_1,nvarchar,YES
dbo,QUOTE,USER_2,nvarchar,YES
dbo,QUOTE,USER_3,nvarchar,YES
dbo,QUOTE,USER_4,nvarchar,YES
dbo,QUOTE,USER_5,nvarchar,YES
dbo,QUOTE,USER_6,nvarchar,YES
dbo,QUOTE,USER_7,nvarchar,YES
dbo,QUOTE,USER_8,nvarchar,YES
dbo,QUOTE,USER_9,nvarchar,YES
dbo,QUOTE,USER_10,nvarchar,YES
dbo,QUOTE,UDF_LAYOUT_ID,nvarchar,YES
dbo,QUOTE,CONTACT_EMAIL,nvarchar,YES
dbo,QUOTE,STATUS_EFF_DATE,datetime,NO
dbo,QUOTE,PROJECT_ID,nvarchar,YES
dbo,QUOTE,TERMS_ID,nvarchar,YES
dbo,QUOTE,CONTACT_ID,nvarchar,YES
dbo,QUOTE,CONTACT_PHONE_EXT,nvarchar,YES
dbo,QUOTE,QUOTE_COUNTRY_ID,nvarchar,YES
dbo,QUOTE_BINARY,ROWID,int,NO
dbo,QUOTE_BINARY,QUOTE_ID,nvarchar,NO
dbo,QUOTE_BINARY,TYPE,nchar,NO
dbo,QUOTE_BINARY,BITS,image,YES
dbo,QUOTE_BINARY,BITS_LENGTH,int,NO
dbo,QUOTE_LINE,ROWID,int,NO
dbo,QUOTE_LINE,QUOTE_ID,nvarchar,NO
dbo,QUOTE_LINE,LINE_NO,smallint,NO
dbo,QUOTE_LINE,PART_ID,nvarchar,YES
dbo,QUOTE_LINE,DESCRIPTION,nvarchar,YES
dbo,QUOTE_LINE,CUSTOMER_PART_ID,nvarchar,YES
dbo,QUOTE_LINE,WORKORDER_TYPE,nchar,YES
dbo,QUOTE_LINE,WORKORDER_BASE_ID,nvarchar,YES
dbo,QUOTE_LINE,WORKORDER_LOT_ID,nvarchar,YES
dbo,QUOTE_LINE,WORKORDER_SPLIT_ID,nvarchar,YES
dbo,QUOTE_LINE,WORKORDER_SUB_ID,nvarchar,YES
dbo,QUOTE_LINE,DRAWING_ID,nvarchar,YES
dbo,QUOTE_LINE,DRAWING_REV_NO,nvarchar,YES
dbo,QUOTE_LINE,CREATE_DATE,datetime,NO
dbo,QUOTE_LINE,PRODUCT_CODE,nvarchar,YES
dbo,QUOTE_LINE,COMMODITY_CODE,nvarchar,YES
dbo,QUOTE_LINE,SERVICE_CHARGE_ID,nvarchar,YES
dbo,QUOTE_LINE,USER_1,nvarchar,YES
dbo,QUOTE_LINE,USER_2,nvarchar,YES
dbo,QUOTE_LINE,USER_3,nvarchar,YES
dbo,QUOTE_LINE,USER_4,nvarchar,YES
dbo,QUOTE_LINE,USER_5,nvarchar,YES
dbo,QUOTE_LINE,USER_6,nvarchar,YES
dbo,QUOTE_LINE,USER_7,nvarchar,YES
dbo,QUOTE_LINE,USER_8,nvarchar,YES
dbo,QUOTE_LINE,USER_9,nvarchar,YES
dbo,QUOTE_LINE,USER_10,nvarchar,YES
dbo,QUOTE_LINE,UDF_LAYOUT_ID,nvarchar,YES
dbo,QUOTE_LINE,ORIG_STAGE_REVISION_ID,nvarchar,YES
dbo,QUOTE_LINE,PRICE_NOTE,nvarchar,YES
dbo,QUOTE_LINE,DISCOUNT_NOTE,nvarchar,YES
dbo,QUOTE_LINE,FREIGHT_NOTE,nvarchar,YES
dbo,QUOTE_LINE,COMMISSION_NOTE,nvarchar,YES
dbo,QUOTE_LINE,WBS_CODE,nvarchar,YES
dbo,QUOTE_LINE,WBS_DESCRIPTION,nvarchar,YES
dbo,QUOTE_LINE,WBS_CLIN,nvarchar,YES
dbo,QUOTE_LINE,PROJ_REF_SUB_ID,nvarchar,YES
dbo,QUOTE_LINE,PROJ_REF_SEQ_NO,smallint,YES
dbo,QUOTE_LINE,LENGTH,decimal,YES
dbo,QUOTE_LINE,WIDTH,decimal,YES
dbo,QUOTE_LINE,HEIGHT,decimal,YES
dbo,QUOTE_LINE,DIMENSIONS_UM,nvarchar,YES
dbo,QUOTE_LINE,PRICE_GROUP_ID,nvarchar,YES
dbo,QUOTE_LINE_BILLING,ROWID,int,NO
dbo,QUOTE_LINE_BILLING,QUOTE_ID,nvarchar,NO
dbo,QUOTE_LINE_BILLING,QUOTE_LINE_NO,smallint,NO
dbo,QUOTE_LINE_BILLING,EVENT_SEQ_NO,smallint,NO
dbo,QUOTE_LINE_BILLING,DESCRIPTION,nvarchar,YES
dbo,QUOTE_LINE_BILLING,BILL_AMOUNT,decimal,YES
dbo,QUOTE_LINE_BILLING,BILL_PERCENT,decimal,YES
dbo,QUOTE_LINE_BILLING,REV_AMOUNT,decimal,YES
dbo,QUOTE_LINE_BILLING,REV_PERCENT,decimal,YES
dbo,QUOTE_LINE_BILLING,MILESTONE_ID,nvarchar,YES
dbo,QUOTE_LINE_BILLING,EVENT_DATE,datetime,YES
dbo,QUOTE_LINE_BILLING,CREATE_DATE,datetime,NO
dbo,QUOTE_LINE_BILLING,USER_ID,nvarchar,NO
dbo,QUOTE_LINE_BILLING,REV_GL_ACCT_ID,nvarchar,YES
dbo,QUOTE_LINE_BINARY,ROWID,int,NO
dbo,QUOTE_LINE_BINARY,QUOTE_ID,nvarchar,NO
dbo,QUOTE_LINE_BINARY,QUOTE_LINE_NO,smallint,NO
dbo,QUOTE_LINE_BINARY,TYPE,nchar,NO
dbo,QUOTE_LINE_BINARY,BITS,image,YES
dbo,QUOTE_LINE_BINARY,BITS_LENGTH,int,NO
dbo,QUOTE_OPT_BINARY,ROWID,int,NO
dbo,QUOTE_OPT_BINARY,QUOTE_ID,nvarchar,NO
dbo,QUOTE_OPT_BINARY,QUOTE_LINE_NO,int,NO
dbo,QUOTE_OPT_BINARY,TYPE,nchar,NO
dbo,QUOTE_OPT_BINARY,SEQ_NO,int,NO
dbo,QUOTE_OPT_BINARY,BITS_LENGTH,int,NO
dbo,QUOTE_OPT_BINARY,BITS,image,YES
dbo,QUOTE_ORDER,ROWID,int,NO
dbo,QUOTE_ORDER,QUOTE_ID,nvarchar,NO
dbo,QUOTE_ORDER,CUST_ORDER_ID,nvarchar,NO
dbo,QUOTE_ORDER,CREATE_DATE,datetime,NO
dbo,QUOTE_ORDER_LINE,ROWID,int,NO
dbo,QUOTE_ORDER_LINE,QUOTE_ID,nvarchar,NO
dbo,QUOTE_ORDER_LINE,QUOTE_LINE_NO,smallint,NO
dbo,QUOTE_ORDER_LINE,CUST_ORDER_ID,nvarchar,NO
dbo,QUOTE_ORDER_LINE,CUST_ORDER_LINE_NO,smallint,NO
dbo,QUOTE_ORDER_LINE,QUOTE_QTY,decimal,NO
dbo,QUOTE_ORDER_LINE,CUST_ORDER_LINE_QTY,decimal,NO
dbo,QUOTE_ORDER_LINE,CREATE_DATE,datetime,NO
dbo,QUOTE_ORDER_LINE,CUST_ORDER_LINE_UNIT_PRICE,decimal,YES
dbo,QUOTE_ORDER_LINE,QUOTE_UNIT_PRICE,decimal,YES
dbo,QUOTE_ORDER_LINE,CUST_ORDER_LINE_DISC_PERCENT,decimal,YES
dbo,QUOTE_ORDER_LINE,QUOTE_DISC_PERCENT,decimal,YES
dbo,QUOTE_ORDER_LINE,QUOTE_STATUS,nchar,YES
dbo,QUOTE_ORDER_LINE,QUOTE_CURRENCY_ID,nvarchar,YES
dbo,QUOTE_ORDER_LINE,CUST_ORDER_CURRENCY_ID,nvarchar,YES
dbo,QUOTE_ORDER_LINE,PART_ID,nvarchar,YES
dbo,QUOTE_ORDER_LINE,CUSTOMER_PART_ID,nvarchar,YES
dbo,QUOTE_ORDER_LINE,SERVICE_CHARGE_ID,nvarchar,YES
dbo,QUOTE_ORDER_LINE,SITE_ID,nvarchar,YES
dbo,QUOTE_PRICE,ROWID,int,NO
dbo,QUOTE_PRICE,QUOTE_ID,nvarchar,NO
dbo,QUOTE_PRICE,QUOTE_LINE_NO,smallint,NO
dbo,QUOTE_PRICE,QTY,decimal,NO
dbo,QUOTE_PRICE,CALC_UNIT_COST,decimal,YES
dbo,QUOTE_PRICE,CALC_UNIT_PRICE,decimal,YES
dbo,QUOTE_PRICE,UNIT_PRICE,decimal,NO
dbo,QUOTE_PRICE,SELLING_UM,nvarchar,YES
dbo,QUOTE_PRICE,PUR_MATL_PERCENT,decimal,YES
dbo,QUOTE_PRICE,FAB_MATL_PERCENT,decimal,YES
dbo,QUOTE_PRICE,LABOR_PERCENT,decimal,YES
dbo,QUOTE_PRICE,BURDEN_PERCENT,decimal,YES
dbo,QUOTE_PRICE,SERVICE_PERCENT,decimal,YES
dbo,QUOTE_PRICE,PUR_MATL_MARKUP,decimal,YES
dbo,QUOTE_PRICE,FAB_MATL_MARKUP,decimal,YES
dbo,QUOTE_PRICE,LABOR_MARKUP,decimal,YES
dbo,QUOTE_PRICE,BURDEN_MARKUP,decimal,YES
dbo,QUOTE_PRICE,SERVICE_MARKUP,decimal,YES
dbo,QUOTE_PRICE,IN_PROFORMA,nchar,NO
dbo,QUOTE_PRICE,CREATE_DATE,datetime,NO
dbo,QUOTE_PRICE,PUR_MATL_GSA,decimal,YES
dbo,QUOTE_PRICE,FAB_MATL_GSA,decimal,YES
dbo,QUOTE_PRICE,LABOR_GSA,decimal,YES
dbo,QUOTE_PRICE,BURDEN_GSA,decimal,YES
dbo,QUOTE_PRICE,SERVICE_GSA,decimal,YES
dbo,QUOTE_PRICE,TRADE_DISC_PERCENT,decimal,YES
dbo,QUOTE_PRICE,IN_TOTAL,nchar,NO
dbo,QUOTE_PRICE,PIECE_COUNT,decimal,YES
dbo,QUOTE_PRICING_BIN,ROWID,int,NO
dbo,QUOTE_PRICING_BIN,QUOTE_ID,nvarchar,NO
dbo,QUOTE_PRICING_BIN,TYPE,nchar,NO
dbo,QUOTE_PRICING_BIN,BITS,image,YES
dbo,QUOTE_PRICING_BIN,BITS_LENGTH,int,NO
dbo,QUOTED_OPTIONS,ROWID,int,NO
dbo,QUOTED_OPTIONS,QUOTE_ID,nvarchar,NO
dbo,QUOTED_OPTIONS,QUOTE_LINE_NO,smallint,NO
dbo,QUOTED_OPTIONS,SEQ_NO,smallint,NO
dbo,QUOTED_OPTIONS,TYPE,nchar,YES
dbo,QUOTED_OPTIONS,RQD_OPT,nchar,YES
dbo,QUOTED_OPTIONS,STD_OPT,nchar,YES
dbo,QUOTED_OPTIONS,SERIES_ID,nvarchar,YES
dbo,QUOTED_OPTIONS,SERIES_DESCR,nvarchar,YES
dbo,QUOTED_OPTIONS,MODEL_ID,nvarchar,YES
dbo,QUOTED_OPTIONS,MODEL_DESCR,nvarchar,YES
dbo,QUOTED_OPTIONS,SALES_CODE,nvarchar,YES
dbo,QUOTED_OPTIONS,SALES_CODE_DESCR,nvarchar,YES
dbo,QUOTED_OPTIONS,CATEGORY_ID,nvarchar,YES
dbo,QUOTED_OPTIONS,CATEGORY_DESCR,nvarchar,YES
dbo,QUOTED_OPTIONS,USER_TEXT,nvarchar,YES
dbo,QUOTED_OPTIONS,DIM_UM_0,nvarchar,YES
dbo,QUOTED_OPTIONS,DIM_VALUE_0,decimal,YES
dbo,QUOTED_OPTIONS,DIM_UM_1,nvarchar,YES
dbo,QUOTED_OPTIONS,DIM_VALUE_1,decimal,YES
dbo,QUOTED_OPTIONS,DIM_UM_2,nvarchar,YES
dbo,QUOTED_OPTIONS,DIM_VALUE_2,decimal,YES
dbo,QUOTED_OPTIONS,DIM_UM_3,nvarchar,YES
dbo,QUOTED_OPTIONS,DIM_VALUE_3,decimal,YES
dbo,QUOTED_OPTIONS,QTY,decimal,YES
dbo,QUOTED_OPTIONS,TRADE_DISCOUNT,decimal,YES
dbo,QUOTED_OPTIONS,DISCOUNT_TYPE,nchar,YES
dbo,QUOTED_OPTIONS,PART_ID,nvarchar,YES
dbo,QUOTED_OPTIONS,ENG_ID,nvarchar,YES
dbo,QUOTED_OPTIONS,COPY_SEQ_NO,smallint,YES
dbo,QUOTED_OPTIONS,UNIT_PRICE,decimal,YES
dbo,RATE,ROWID,int,NO
dbo,RATE,ID,nvarchar,NO
dbo,RATE,DESCRIPTION,nvarchar,YES
dbo,RATE,USE_FOR_ACTUALS,nchar,YES
dbo,RATE_DETAIL,ROWID,int,NO
dbo,RATE_DETAIL,RATE_ID,nvarchar,NO
dbo,RATE_DETAIL,PERIOD_ID,nvarchar,NO
dbo,RATE_DETAIL,COST_CATEGORY_ID,nvarchar,NO
dbo,RATE_DETAIL,RATE,decimal,NO
dbo,RATE_DETAIL,SITE_ID,nvarchar,NO
dbo,RCR_GJ,ROWID,int,NO
dbo,RCR_GJ,ID,nvarchar,NO
dbo,RCR_GJ,DESCRIPTION,nvarchar,YES
dbo,RCR_GJ,TOTAL_DR_AMOUNT,decimal,YES
dbo,RCR_GJ,TOTAL_CR_AMOUNT,decimal,YES
dbo,RCR_GJ,SITE_ID,nvarchar,NO
dbo,RCR_GJ,CREATE_DATE,datetime,NO
dbo,RCR_GJ,USER_ID,nvarchar,NO
dbo,RCR_GJ,CURRENCY_ID,nvarchar,NO
dbo,RCR_GJ,POST_ALL_TRACKING,nchar,NO
dbo,RCR_GJ,POST_AS_NATIVE,nchar,NO
dbo,RCR_GJ,USER_EXCH_RATE,nchar,YES
dbo,RCR_GJ,REVERSING,nchar,NO
dbo,RCR_GJ,AUTO_PROCESS,nchar,NO
dbo,RCR_GJ,TRIGGER_FREQ,nchar,NO
dbo,RCR_GJ,TRIGGER_DAY,smallint,YES
dbo,RCR_GJ,TRIGGER_MAX,smallint,YES
dbo,RCR_GJ,TRIGGER_COUNT,smallint,YES
dbo,RCR_GJ,TRIGGER_LAST_DATE,datetime,YES
dbo,RCR_GJ,GROUP_ID,nvarchar,YES
dbo,RCR_GJ,LAST_EXECUTED_DATE,datetime,YES
dbo,RCR_GJ_LINE,ROWID,int,NO
dbo,RCR_GJ_LINE,RCR_ID,nvarchar,NO
dbo,RCR_GJ_LINE,LINE_NO,smallint,NO
dbo,RCR_GJ_LINE,GL_ACCOUNT_ID,nvarchar,NO
dbo,RCR_GJ_LINE,DEBIT_AMOUNT,decimal,YES
dbo,RCR_GJ_LINE,CREDIT_AMOUNT,decimal,YES
dbo,RCR_GJ_LINE,REFERENCE,nvarchar,YES
dbo,RCR_GJ_LINE,COST_CATEGORY_ID,nvarchar,YES
dbo,RCR_GJ_LINE,DEPARTMENT_ID,nvarchar,YES
dbo,RCR_GJ_LINE,PROJECT_ID,nvarchar,YES
dbo,RCR_GJ_LINE,WBS_CODE,nvarchar,YES
dbo,RCR_GJ_LINE,PROJ_REF_SEQ_NO,smallint,YES
dbo,RCR_GJ_LINE,PROJ_REF_SUB_ID,nvarchar,YES
dbo,RCR_GJ_LINE,ACCOUNT_YEAR,decimal,YES
dbo,RCR_GJ_LINE,HOURS,decimal,YES
dbo,RCR_GJ_LINE,USER_DIMENSION_1,nvarchar,YES
dbo,RCR_GJ_LINE,USER_DIMENSION_2,nvarchar,YES
dbo,RCR_GJ_LINE,CUST_ORDER_ID,nvarchar,YES
dbo,RCR_GJ_LINE,PRODUCT_CODE,nvarchar,YES
dbo,RCR_PAYABLE,ROWID,int,NO
dbo,RCR_PAYABLE,ID,nvarchar,NO
dbo,RCR_PAYABLE,VENDOR_ID,nvarchar,NO
dbo,RCR_PAYABLE,TYPE,nchar,NO
dbo,RCR_PAYABLE,CREATE_DATE,datetime,NO
dbo,RCR_PAYABLE,USER_ID,nvarchar,NO
dbo,RCR_PAYABLE,PAY_STATUS,nchar,NO
dbo,RCR_PAYABLE,TOTAL_AMOUNT,decimal,NO
dbo,RCR_PAYABLE,AUTHORIZED_PAYMENT,decimal,YES
dbo,RCR_PAYABLE,TERMS_NET_TYPE,nchar,NO
dbo,RCR_PAYABLE,TERMS_NET_DAYS,smallint,YES
dbo,RCR_PAYABLE,TERMS_NET_DATE,datetime,YES
dbo,RCR_PAYABLE,TERMS_DISC_TYPE,nchar,NO
dbo,RCR_PAYABLE,TERMS_DISC_DAYS,smallint,YES
dbo,RCR_PAYABLE,TERMS_DISC_DATE,datetime,YES
dbo,RCR_PAYABLE,TERMS_DISC_PERCENT,decimal,YES
dbo,RCR_PAYABLE,TERMS_DESCRIPTION,nvarchar,YES
dbo,RCR_PAYABLE,REPORT_1099_MISC,nchar,NO
dbo,RCR_PAYABLE,SITE_ID,nvarchar,NO
dbo,RCR_PAYABLE,PAYB_GL_ACCT_ID,nvarchar,NO
dbo,RCR_PAYABLE,TRIGGER_FREQ,nchar,NO
dbo,RCR_PAYABLE,TRIGGER_DAY,smallint,YES
dbo,RCR_PAYABLE,TRIGGER_COUNT,smallint,YES
dbo,RCR_PAYABLE,TRIGGER_MAX,smallint,YES
dbo,RCR_PAYABLE,TRIGGER_LAST_DATE,datetime,YES
dbo,RCR_PAYABLE,GROUP_ID,nvarchar,YES
dbo,RCR_PAYABLE,VAT_BOOK_CODE,nvarchar,YES
dbo,RCR_PAYABLE,WITHHOLDING_CODE,nvarchar,YES
dbo,RCR_PAYABLE,REMIT_ADDR_NO,int,YES
dbo,RCR_PAYABLE,CURRENCY_ID,nvarchar,YES
dbo,RCR_PAYABLE,TERMS_ID,nvarchar,YES
dbo,RCR_PAYABLE,USER_DIMENSION_1,nvarchar,YES
dbo,RCR_PAYABLE,USER_DIMENSION_2,nvarchar,YES
dbo,RCR_PAYABLE_LINE,ROWID,int,NO
dbo,RCR_PAYABLE_LINE,RCR_PAYABLE_ID,nvarchar,NO
dbo,RCR_PAYABLE_LINE,LINE_NO,smallint,NO
dbo,RCR_PAYABLE_LINE,REFERENCE,nvarchar,YES
dbo,RCR_PAYABLE_LINE,QTY,decimal,YES
dbo,RCR_PAYABLE_LINE,AMOUNT,decimal,NO
dbo,RCR_PAYABLE_LINE,VAT_PERCENT,decimal,YES
dbo,RCR_PAYABLE_LINE,VAT_AMOUNT,decimal,YES
dbo,RCR_PAYABLE_LINE,VAT_GL_ACCT_ID,nvarchar,YES
dbo,RCR_PAYABLE_LINE,FIXED_CHARGE,decimal,YES
dbo,RCR_PAYABLE_LINE,DISC_ALLOWED,nchar,NO
dbo,RCR_PAYABLE_LINE,GL_ACCOUNT_ID,nvarchar,NO
dbo,RCR_PAYABLE_LINE,VAT_CODE,nvarchar,YES
dbo,RCR_PAYABLE_LINE,VAT_RCV_PERCENT,decimal,YES
dbo,RCR_PAYABLE_LINE,VAT_RCV_AMOUNT,decimal,YES
dbo,RCR_PAYABLE_LINE,WITHHOLD_TYPE,nchar,YES
dbo,RCR_PAYABLE_LINE,VAT_RCV_GL_ACCT_ID,nvarchar,YES
dbo,RCR_PAYABLE_LINE,HTS_CODE,nvarchar,YES
dbo,RCR_PAYABLE_LINE,ORIG_COUNTRY_ID,nvarchar,YES
dbo,RCR_PAYABLE_LINE,DUTY_PERCENT,decimal,YES
dbo,RCR_PAYABLE_LINE,DUTY_AMOUNT,decimal,YES
dbo,RCR_PAYABLE_LINE,DUTY_GL_ACCT_ID,nvarchar,YES
dbo,RCR_PAYABLE_LINE,vat_category,nvarchar,YES
dbo,RCR_PAYABLE_LINE,USER_DIMENSION_1,nvarchar,YES
dbo,RCR_PAYABLE_LINE,USER_DIMENSION_2,nvarchar,YES
dbo,RCR_PAYABLE_LINE,CUST_ORDER_ID,nvarchar,YES
dbo,RCR_PAYABLE_LINE,PRODUCT_CODE,nvarchar,YES
dbo,RCR_PAYABLE_LINE,VAT_IE_PERCENT,decimal,YES
dbo,RCR_PAYABLE_LINE,VAT_IE_AMOUNT,decimal,YES
dbo,RCR_PAYABLE_LINE,VAT_IE_DR_GL_ACCT_ID,nvarchar,YES
dbo,RCR_PAYABLE_LINE,VAT_IE_CR_GL_ACCT_ID,nvarchar,YES
dbo,RCR_RECEIVABLE,ROWID,int,NO
dbo,RCR_RECEIVABLE,ID,nvarchar,NO
dbo,RCR_RECEIVABLE,CUSTOMER_ID,nvarchar,NO
dbo,RCR_RECEIVABLE,TYPE,nchar,NO
dbo,RCR_RECEIVABLE,CREATE_DATE,datetime,NO
dbo,RCR_RECEIVABLE,USER_ID,nvarchar,NO
dbo,RCR_RECEIVABLE,TOTAL_AMOUNT,decimal,NO
dbo,RCR_RECEIVABLE,TERMS_NET_TYPE,nchar,NO
dbo,RCR_RECEIVABLE,TERMS_NET_DAYS,smallint,YES
dbo,RCR_RECEIVABLE,TERMS_NET_DATE,datetime,YES
dbo,RCR_RECEIVABLE,TERMS_DISC_TYPE,nchar,NO
dbo,RCR_RECEIVABLE,TERMS_DISC_DAYS,smallint,YES
dbo,RCR_RECEIVABLE,TERMS_DISC_DATE,datetime,YES
dbo,RCR_RECEIVABLE,TERMS_DISC_PERCENT,decimal,YES
dbo,RCR_RECEIVABLE,TERMS_DESCRIPTION,nvarchar,YES
dbo,RCR_RECEIVABLE,SITE_ID,nvarchar,NO
dbo,RCR_RECEIVABLE,RECV_GL_ACCT_ID,nvarchar,NO
dbo,RCR_RECEIVABLE,TRIGGER_FREQ,nchar,NO
dbo,RCR_RECEIVABLE,TRIGGER_DAY,smallint,YES
dbo,RCR_RECEIVABLE,TRIGGER_COUNT,smallint,YES
dbo,RCR_RECEIVABLE,TRIGGER_MAX,smallint,YES
dbo,RCR_RECEIVABLE,TRIGGER_LAST_DATE,datetime,YES
dbo,RCR_RECEIVABLE,GROUP_ID,nvarchar,YES
dbo,RCR_RECEIVABLE,VAT_BOOK_CODE,nvarchar,YES
dbo,RCR_RECEIVABLE,CURRENCY_ID,nvarchar,NO
dbo,RCR_RECEIVABLE,SALESREP_ID,nvarchar,YES
dbo,RCR_RECEIVABLE,TERMS_ID,nvarchar,YES
dbo,RCR_RECEIVABLE,USER_DIMENSION_1,nvarchar,YES
dbo,RCR_RECEIVABLE,USER_DIMENSION_2,nvarchar,YES
dbo,RCR_RECV_LINE,ROWID,int,NO
dbo,RCR_RECV_LINE,RCR_RECEIVABLE_ID,nvarchar,NO
dbo,RCR_RECV_LINE,LINE_NO,smallint,NO
dbo,RCR_RECV_LINE,REFERENCE,nvarchar,YES
dbo,RCR_RECV_LINE,QTY,decimal,YES
dbo,RCR_RECV_LINE,AMOUNT,decimal,NO
dbo,RCR_RECV_LINE,VAT_PERCENT,decimal,YES
dbo,RCR_RECV_LINE,VAT_AMOUNT,decimal,YES
dbo,RCR_RECV_LINE,VAT_GL_ACCT_ID,nvarchar,YES
dbo,RCR_RECV_LINE,COMM,decimal,YES
dbo,RCR_RECV_LINE,GL_ACCOUNT_ID,nvarchar,NO
dbo,RCR_RECV_LINE,VAT_CODE,nvarchar,YES
dbo,RCR_RECV_LINE,VAT_RCV_PERCENT,decimal,YES
dbo,RCR_RECV_LINE,VAT_RCV_AMOUNT,decimal,YES
dbo,RCR_RECV_LINE,VAT_RCV_GL_ACCT_ID,nvarchar,YES
dbo,RCR_RECV_LINE,vat_category,nvarchar,YES
dbo,RCR_RECV_LINE,COMMISSION_PCT,decimal,YES
dbo,RCR_RECV_LINE,USER_DIMENSION_1,nvarchar,YES
dbo,RCR_RECV_LINE,USER_DIMENSION_2,nvarchar,YES
dbo,RCR_RECV_LINE,PRODUCT_CODE,nvarchar,YES
dbo,RCR_RECV_SHARE,ROWID,int,NO
dbo,RCR_RECV_SHARE,RCR_RECV_ID,nvarchar,NO
dbo,RCR_RECV_SHARE,SHARE_SALESREP_ID,nvarchar,NO
dbo,RCR_RECV_SHARE,SHARE_PERCENT,decimal,YES
dbo,REASON,ROWID,int,NO
dbo,REASON,TYPE,nchar,NO
dbo,REASON,CODE,nvarchar,NO
dbo,REASON,DESCRIPTION,nvarchar,YES
dbo,REASON,GL_ACCOUNT_ID,nvarchar,YES
dbo,RECEIVABLE,ROWID,int,NO
dbo,RECEIVABLE,INVOICE_ID,nvarchar,NO
dbo,RECEIVABLE,CUSTOMER_ID,nvarchar,NO
dbo,RECEIVABLE,TYPE,nchar,NO
dbo,RECEIVABLE,INVOICE_DATE,datetime,NO
dbo,RECEIVABLE,TOTAL_AMOUNT,decimal,NO
dbo,RECEIVABLE,PAID_AMOUNT,decimal,NO
dbo,RECEIVABLE,DISCOUNT_GIVEN,decimal,NO
dbo,RECEIVABLE,LAST_PAID_DATE,datetime,YES
dbo,RECEIVABLE,ZERO_DATE,datetime,YES
dbo,RECEIVABLE,TERMS_NET_TYPE,nchar,NO
dbo,RECEIVABLE,TERMS_NET_DAYS,smallint,YES
dbo,RECEIVABLE,TERMS_NET_DATE,datetime,YES
dbo,RECEIVABLE,TERMS_DISC_TYPE,nchar,NO
dbo,RECEIVABLE,TERMS_DISC_DAYS,smallint,YES
dbo,RECEIVABLE,TERMS_DISC_DATE,datetime,YES
dbo,RECEIVABLE,TERMS_DISC_PERCENT,decimal,YES
dbo,RECEIVABLE,TERMS_DESCRIPTION,nvarchar,YES
dbo,RECEIVABLE,FREIGHT_TERMS,nchar,NO
dbo,RECEIVABLE,CREATE_DATE,datetime,NO
dbo,RECEIVABLE,USER_ID,nvarchar,YES
dbo,RECEIVABLE,STATUS,nchar,NO
dbo,RECEIVABLE,PREPAY_ORDER_ID,nvarchar,YES
dbo,RECEIVABLE,PREPAY_INVOICE_ID,nvarchar,YES
dbo,RECEIVABLE,SELL_RATE,decimal,NO
dbo,RECEIVABLE,BUY_RATE,decimal,NO
dbo,RECEIVABLE,POSTING_DATE,datetime,NO
dbo,RECEIVABLE,SITE_ID,nvarchar,NO
dbo,RECEIVABLE,RECV_GL_ACCT_ID,nvarchar,NO
dbo,RECEIVABLE,MARKED_FOR_PURGE,nchar,NO
dbo,RECEIVABLE,NEW_SELL_RATE,decimal,YES
dbo,RECEIVABLE,NEW_BUY_RATE,decimal,YES
dbo,RECEIVABLE,PRINTED_DATE,datetime,YES
dbo,RECEIVABLE,VAT_BOOK_CODE,nvarchar,YES
dbo,RECEIVABLE,VAT_REPORT_NO,int,YES
dbo,RECEIVABLE,VAT_FILENAME,nvarchar,YES
dbo,RECEIVABLE,RCR_INVOICE_ID,nvarchar,YES
dbo,RECEIVABLE,CURRENCY_ID,nvarchar,YES
dbo,RECEIVABLE,USER_EXCH_RATE,nchar,NO
dbo,RECEIVABLE,SALESREP_ID,nvarchar,YES
dbo,RECEIVABLE,COMM_PAID_AMOUNT,decimal,NO
dbo,RECEIVABLE,VOID_DATE,datetime,YES
dbo,RECEIVABLE,PREPAY_APPLIED_AMT,decimal,YES
dbo,RECEIVABLE,LAST_PREPAY_INVOICE_ID,nvarchar,YES
dbo,RECEIVABLE,TERMS_ID,nvarchar,YES
dbo,RECEIVABLE,USER_DIMENSION_1,nvarchar,YES
dbo,RECEIVABLE,USER_DIMENSION_2,nvarchar,YES
dbo,RECEIVABLE,DISTRIBUTION_METHOD,nvarchar,YES
dbo,RECEIVABLE,DISTRIBUTED_DATE,datetime,YES
dbo,RECEIVABLE,DOC_FILE_PATH,nvarchar,YES
dbo,RECEIVABLE,DOCUMENT_ID,nvarchar,YES
dbo,RECEIVABLE,DIST_DOC_FILE_TYPE,nvarchar,YES
dbo,RECEIVABLE_BINARY,ROWID,int,NO
dbo,RECEIVABLE_BINARY,INVOICE_ID,nvarchar,NO
dbo,RECEIVABLE_BINARY,TYPE,nchar,NO
dbo,RECEIVABLE_BINARY,BITS,image,YES
dbo,RECEIVABLE_BINARY,BITS_LENGTH,int,NO
dbo,RECEIVABLE_CURR,ROWID,int,NO
dbo,RECEIVABLE_CURR,INVOICE_ID,nvarchar,NO
dbo,RECEIVABLE_CURR,CURRENCY_ID,nvarchar,NO
dbo,RECEIVABLE_CURR,AMOUNT,decimal,NO
dbo,RECEIVABLE_CURR,SELL_RATE,decimal,NO
dbo,RECEIVABLE_CURR,BUY_RATE,decimal,NO
dbo,RECEIVABLE_DIST,ROWID,int,NO
dbo,RECEIVABLE_DIST,INVOICE_ID,nvarchar,NO
dbo,RECEIVABLE_DIST,DIST_NO,smallint,NO
dbo,RECEIVABLE_DIST,ENTRY_NO,smallint,NO
dbo,RECEIVABLE_DIST,AMOUNT,decimal,NO
dbo,RECEIVABLE_DIST,AMOUNT_TYPE,nchar,NO
dbo,RECEIVABLE_DIST,GL_ACCOUNT_ID,nvarchar,NO
dbo,RECEIVABLE_DIST,NATIVE_AMOUNT,decimal,NO
dbo,RECEIVABLE_DIST,POSTING_STATUS,nchar,NO
dbo,RECEIVABLE_DIST,POSTING_DATE,datetime,NO
dbo,RECEIVABLE_DIST,BATCH_ID,nvarchar,YES
dbo,RECEIVABLE_DIST,CREATE_DATE,datetime,NO
dbo,RECEIVABLE_DIST,SITE_ID,nvarchar,NO
dbo,RECEIVABLE_DIST,CURRENCY_ID,nvarchar,NO
dbo,RECEIVABLE_DIST,NATIVE,nchar,YES
dbo,RECEIVABLE_INST,ROWID,int,NO
dbo,RECEIVABLE_INST,INVOICE_ID,nvarchar,NO
dbo,RECEIVABLE_INST,INST_NO,smallint,NO
dbo,RECEIVABLE_INST,DUE_DATE,datetime,NO
dbo,RECEIVABLE_INST,TOTAL_AMOUNT,decimal,NO
dbo,RECEIVABLE_INST,PAID_AMOUNT,decimal,YES
dbo,RECEIVABLE_INST,LAST_PAID_DATE,datetime,YES
dbo,RECEIVABLE_INST,ZERO_DATE,datetime,YES
dbo,RECEIVABLE_LINE,ROWID,int,NO
dbo,RECEIVABLE_LINE,INVOICE_ID,nvarchar,NO
dbo,RECEIVABLE_LINE,LINE_NO,smallint,NO
dbo,RECEIVABLE_LINE,REFERENCE,nvarchar,YES
dbo,RECEIVABLE_LINE,QTY,decimal,YES
dbo,RECEIVABLE_LINE,AMOUNT,decimal,NO
dbo,RECEIVABLE_LINE,VAT_PERCENT,decimal,YES
dbo,RECEIVABLE_LINE,VAT_AMOUNT,decimal,YES
dbo,RECEIVABLE_LINE,VAT_GL_ACCT_ID,nvarchar,YES
dbo,RECEIVABLE_LINE,GL_ACCOUNT_ID,nvarchar,NO
dbo,RECEIVABLE_LINE,COMMISSION_PCT,decimal,YES
dbo,RECEIVABLE_LINE,CUST_ORDER_ID,nvarchar,YES
dbo,RECEIVABLE_LINE,CUST_ORDER_LINE_NO,smallint,YES
dbo,RECEIVABLE_LINE,PACKLIST_ID,nvarchar,YES
dbo,RECEIVABLE_LINE,PACKLIST_LINE_NO,smallint,YES
dbo,RECEIVABLE_LINE,VAT_CODE,nvarchar,YES
dbo,RECEIVABLE_LINE,HTS_CODE,nvarchar,YES
dbo,RECEIVABLE_LINE,ORIG_COUNTRY_ID,nvarchar,YES
dbo,RECEIVABLE_LINE,DUTY_PERCENT,decimal,YES
dbo,RECEIVABLE_LINE,DUTY_AMOUNT,decimal,YES
dbo,RECEIVABLE_LINE,vat_category,nvarchar,YES
dbo,RECEIVABLE_LINE,FT_TYPE,nchar,YES
dbo,RECEIVABLE_LINE,PREPAY_APPLIED_AMT,decimal,YES
dbo,RECEIVABLE_LINE,PREPAY_APPLIED_VAT,decimal,YES
dbo,RECEIVABLE_LINE,PREPAY_INVOICE_ID,nvarchar,YES
dbo,RECEIVABLE_LINE,USER_DIMENSION_1,nvarchar,YES
dbo,RECEIVABLE_LINE,USER_DIMENSION_2,nvarchar,YES
dbo,RECEIVABLE_LINE,PRODUCT_CODE,nvarchar,YES
dbo,RECEIVABLE_SCHED,ROWID,int,NO
dbo,RECEIVABLE_SCHED,INVOICE_ID,nvarchar,NO
dbo,RECEIVABLE_SCHED,PROMISE_DATE,datetime,NO
dbo,RECEIVABLE_SCHED,AMOUNT,decimal,NO
dbo,RECEIVABLE_SHARE,ROWID,int,NO
dbo,RECEIVABLE_SHARE,INVOICE_ID,nvarchar,NO
dbo,RECEIVABLE_SHARE,SHARE_SALESREP_ID,nvarchar,NO
dbo,RECEIVABLE_SHARE,SHARE_PERCENT,decimal,YES
dbo,RECEIVER,ROWID,int,NO
dbo,RECEIVER,ID,nvarchar,NO
dbo,RECEIVER,PURC_ORDER_ID,nvarchar,NO
dbo,RECEIVER,RECEIVED_DATE,datetime,YES
dbo,RECEIVER,CREATE_DATE,datetime,NO
dbo,RECEIVER,USER_ID,nvarchar,NO
dbo,RECEIVER,MARKED_FOR_PURGE,nchar,NO
dbo,RECEIVER,SHIP_REASON_CD,nvarchar,YES
dbo,RECEIVER,CARRIER_ID,nvarchar,YES
dbo,RECEIVER,BOL_ID,nvarchar,YES
dbo,RECEIVER,VEND_PACK_ID,nvarchar,YES
dbo,RECEIVER,VEND_PACK_DATE,datetime,YES
dbo,RECEIVER,VEND_FREIGHT_ID,nvarchar,YES
dbo,RECEIVER,SITE_ID,nvarchar,NO
dbo,RECEIVER_BINARY,ROWID,int,NO
dbo,RECEIVER_BINARY,RECEIVER_ID,nvarchar,NO
dbo,RECEIVER_BINARY,TYPE,nchar,NO
dbo,RECEIVER_BINARY,BITS,image,YES
dbo,RECEIVER_BINARY,BITS_LENGTH,int,NO
dbo,RECEIVER_LINE,ROWID,int,NO
dbo,RECEIVER_LINE,RECEIVER_ID,nvarchar,NO
dbo,RECEIVER_LINE,LINE_NO,smallint,NO
dbo,RECEIVER_LINE,PURC_ORDER_ID,nvarchar,NO
dbo,RECEIVER_LINE,PURC_ORDER_LINE_NO,smallint,NO
dbo,RECEIVER_LINE,USER_RECEIVED_QTY,decimal,NO
dbo,RECEIVER_LINE,RECEIVED_QTY,decimal,NO
dbo,RECEIVER_LINE,INSPECT_QTY,decimal,NO
dbo,RECEIVER_LINE,ACT_FREIGHT,decimal,NO
dbo,RECEIVER_LINE,INVOICE_ID,nvarchar,YES
dbo,RECEIVER_LINE,INVOICED_DATE,datetime,YES
dbo,RECEIVER_LINE,WAREHOUSE_ID,nvarchar,YES
dbo,RECEIVER_LINE,LOCATION_ID,nvarchar,YES
dbo,RECEIVER_LINE,TRANSACTION_ID,int,YES
dbo,RECEIVER_LINE,SERV_TRANS_ID,int,YES
dbo,RECEIVER_LINE,PIECE_COUNT,decimal,YES
dbo,RECEIVER_LINE,LENGTH,decimal,YES
dbo,RECEIVER_LINE,WIDTH,decimal,YES
dbo,RECEIVER_LINE,HEIGHT,decimal,YES
dbo,RECEIVER_LINE,DIMENSIONS_UM,nvarchar,YES
dbo,RECEIVER_LINE,REJECTED_QTY,decimal,YES
dbo,RECEIVER_LINE,HTS_CODE,nvarchar,YES
dbo,RECEIVER_LINE,ORIG_COUNTRY_ID,nvarchar,YES
dbo,RECEIVER_LINE,UNIT_PRICE,decimal,YES
dbo,RECEIVER_LINE,LANDED_UNIT_PRICE,decimal,YES
dbo,RECEIVER_LINE,FIXED_CHARGE,decimal,YES
dbo,RECEIVER_LINE,INTRASTAT_AMOUNT,decimal,YES
dbo,RECEIVER_LINE,DATA_COLL_COMP,nchar,YES
dbo,RECEIVER_LINE,GROSS_WEIGHT,decimal,YES
dbo,RECEIVER_LINE,CNSN_OUT_TRANS_ID,int,YES
dbo,RECEIVER_LINE,INSP_REASON_CD,nvarchar,YES
dbo,RECEIVER_LINE,DESCRIPTION,nvarchar,YES
dbo,RECEIVER_LINE_DEL,ROWID,int,NO
dbo,RECEIVER_LINE_DEL,RECEIVER_ID,nvarchar,NO
dbo,RECEIVER_LINE_DEL,RECEIVER_LINE_NO,smallint,NO
dbo,RECEIVER_LINE_DEL,LINE_NO,smallint,NO
dbo,RECEIVER_LINE_DEL,PURC_ORDER_ID,nvarchar,YES
dbo,RECEIVER_LINE_DEL,PURC_ORDER_LINE_NO,smallint,YES
dbo,RECEIVER_LINE_DEL,PURC_DEL_LINE_NO,smallint,YES
dbo,RECEIVER_LINE_DEL,USER_RECEIVED_QTY,decimal,YES
dbo,RECEIVER_LINE_DEL,RECEIVED_QTY,decimal,YES
dbo,RECEIVER_LINE_DEL,PIECE_COUNT,int,YES
dbo,RECV_LINE_BINARY,ROWID,int,NO
dbo,RECV_LINE_BINARY,INVOICE_ID,nvarchar,NO
dbo,RECV_LINE_BINARY,RECV_LINE_NO,smallint,NO
dbo,RECV_LINE_BINARY,TYPE,nchar,NO
dbo,RECV_LINE_BINARY,BITS,image,YES
dbo,RECV_LINE_BINARY,BITS_LENGTH,int,NO
dbo,RECV_MEMO_APPLY,ROWID,int,NO
dbo,RECV_MEMO_APPLY,MEMO_INVOICE_ID,nvarchar,NO
dbo,RECV_MEMO_APPLY,INV_INVOICE_ID,nvarchar,NO
dbo,RECV_MEMO_APPLY,APPLY_AMOUNT,decimal,NO
dbo,RECV_MEMO_APPLY,apply_date,datetime,YES
dbo,RECV_MEMO_APPLY,INST_NO,smallint,YES
dbo,RECVR_LINE_BINARY,ROWID,int,NO
dbo,RECVR_LINE_BINARY,RECEIVER_ID,nvarchar,NO
dbo,RECVR_LINE_BINARY,RECEIVER_LINE_NO,smallint,NO
dbo,RECVR_LINE_BINARY,TYPE,nchar,NO
dbo,RECVR_LINE_BINARY,BITS,image,YES
dbo,RECVR_LINE_BINARY,BITS_LENGTH,int,NO
dbo,REFERENCE_DESIGNATOR,ROWID,int,NO
dbo,REFERENCE_DESIGNATOR,WORKORDER_TYPE,nchar,NO
dbo,REFERENCE_DESIGNATOR,WORKORDER_BASE_ID,nvarchar,NO
dbo,REFERENCE_DESIGNATOR,WORKORDER_LOT_ID,nvarchar,NO
dbo,REFERENCE_DESIGNATOR,WORKORDER_SPLIT_ID,nvarchar,NO
dbo,REFERENCE_DESIGNATOR,WORKORDER_SUB_ID,nvarchar,NO
dbo,REFERENCE_DESIGNATOR,OPERATION_SEQ_NO,smallint,NO
dbo,REFERENCE_DESIGNATOR,PIECE_NO,smallint,NO
dbo,REFERENCE_DESIGNATOR,ID,nvarchar,NO
dbo,REFERENCE_DESIGNATOR,X_COORDINATE,nvarchar,YES
dbo,REFERENCE_DESIGNATOR,Y_COORDINATE,nvarchar,YES
dbo,REFERENCE_DESIGNATOR,DESCRIPTION,nvarchar,YES
dbo,REGION,ROWID,int,NO
dbo,REGION,ID,nvarchar,NO
dbo,REGION,DESCRIPTION,nvarchar,YES
dbo,REPORT,ROWID,int,NO
dbo,REPORT,ID,nvarchar,NO
dbo,REPORT,DESCRIPTION,nvarchar,YES
dbo,REPORT,TITLE,nvarchar,YES
dbo,REPORT,GROUP_NAME,nvarchar,YES
dbo,REPORT,REPORT_FILE_NAME,nvarchar,YES
dbo,REPORT,COLUMN_COUNT,smallint,NO
dbo,REPORT,DIVISOR,decimal,NO
dbo,REPORT,DIVISOR_DESCR,nvarchar,YES
dbo,REPORT,SEND_BUDGETS,nchar,NO
dbo,REPORT,CALENDAR_TYPE,nchar,NO
dbo,REPORT,CALENDAR_ID,nvarchar,NO
dbo,REPORT_CAL_MAP,ROWID,int,NO
dbo,REPORT_CAL_MAP,RPT_CAL_ID,nvarchar,NO
dbo,REPORT_CAL_MAP,FIN_CAL_ID,nvarchar,NO
dbo,REPORT_CAL_MAP,BEGIN_ACCT_PERIOD,decimal,NO
dbo,REPORT_CAL_MAP,END_ACCT_PERIOD,decimal,NO
dbo,REPORT_CAL_MAP,BEGIN_ACCT_YEAR,decimal,YES
dbo,REPORT_CAL_MAP,END_ACCT_YEAR,decimal,YES
dbo,REPORT_CALENDAR,ROWID,int,NO
dbo,REPORT_CALENDAR,ID,nvarchar,NO
dbo,REPORT_CALENDAR,DESCRIPTION,nvarchar,YES
dbo,REPORT_CALENDAR,ACTIVE_FLAG,nchar,YES
dbo,REPORT_LINE,ROWID,int,NO
dbo,REPORT_LINE,REPORT_ID,nvarchar,NO
dbo,REPORT_LINE,LINE_NO,smallint,NO
dbo,REPORT_LINE,TYPE,nchar,NO
dbo,REPORT_LINE,ACCOUNT_ID_RANGE,nvarchar,YES
dbo,REPORT_LINE,ALTERNATE_DESCR,nvarchar,YES
dbo,REPORT_LINE,EXPLODE_TO_LEVEL,smallint,YES
dbo,REPORT_LINE,SITE_ID_RANGE,nvarchar,YES
dbo,REPORT_LINE,SECTION_BREAK,nchar,NO
dbo,REPORT_LINE,SECTION_TITLE,nvarchar,YES
dbo,REPORT_LINE,PRINT_CODE,int,YES
dbo,REPORT_LINE,SEND_DATA,nchar,NO
dbo,REPORT_LINE,BEGIN_PERIOD_ARRAY,nvarchar,YES
dbo,REPORT_LINE,BEGIN_YEAR_ARRAY,nvarchar,YES
dbo,REPORT_LINE,END_PERIOD_ARRAY,nvarchar,YES
dbo,REPORT_LINE,END_YEAR_ARRAY,nvarchar,YES
dbo,REPORT_LINE,PERSISTENT_ARRAY,nvarchar,YES
dbo,REPORT_LINE,SHOW_TRANSACTIONS,nchar,NO
dbo,REPORT_LINE,ADD_LINE_ABOVE_TTL,nchar,YES
dbo,REPORT_LINE,CALENDAR_ID,nvarchar,YES
dbo,REQ_PART_ALTERNATE,ROWID,int,NO
dbo,REQ_PART_ALTERNATE,WORKORDER_TYPE,nchar,NO
dbo,REQ_PART_ALTERNATE,WORKORDER_BASE_ID,nvarchar,NO
dbo,REQ_PART_ALTERNATE,WORKORDER_LOT_ID,nvarchar,NO
dbo,REQ_PART_ALTERNATE,WORKORDER_SPLIT_ID,nvarchar,NO
dbo,REQ_PART_ALTERNATE,WORKORDER_SUB_ID,nvarchar,NO
dbo,REQ_PART_ALTERNATE,OPERATION_SEQ_NO,smallint,NO
dbo,REQ_PART_ALTERNATE,PIECE_NO,smallint,NO
dbo,REQ_PART_ALTERNATE,PART_ID,nvarchar,NO
dbo,REQ_PART_ALTERNATE,RANK,smallint,YES
dbo,REQ_TRC_CTL,ROWID,int,NO
dbo,REQ_TRC_CTL,WORKORDER_TYPE,nchar,NO
dbo,REQ_TRC_CTL,WORKORDER_BASE_ID,nvarchar,NO
dbo,REQ_TRC_CTL,WORKORDER_LOT_ID,nvarchar,NO
dbo,REQ_TRC_CTL,WORKORDER_SPLIT_ID,nvarchar,NO
dbo,REQ_TRC_CTL,WORKORDER_SUB_ID,nvarchar,NO
dbo,REQ_TRC_CTL,OPERATION_SEQ_NO,smallint,NO
dbo,REQ_TRC_CTL,PIECE_NO,smallint,NO
dbo,REQ_TRC_CTL,OWNER_ID,nvarchar,YES
dbo,REQUEST_FOR_QUOTE,ROWID,int,NO
dbo,REQUEST_FOR_QUOTE,ID,nvarchar,NO
dbo,REQUEST_FOR_QUOTE,CUSTOMER_QUOTE_ID,nvarchar,YES
dbo,REQUEST_FOR_QUOTE,REQUEST_DATE,datetime,NO
dbo,REQUEST_FOR_QUOTE,BUYER,nvarchar,YES
dbo,REQUEST_FOR_QUOTE,SHIP_VIA,nvarchar,YES
dbo,REQUEST_FOR_QUOTE,FREE_ON_BOARD,nvarchar,YES
dbo,REQUEST_FOR_QUOTE,USER_ID,nvarchar,NO
dbo,REQUEST_FOR_QUOTE,SITE_ID,nvarchar,NO
dbo,REQUEST_FOR_QUOTE,STATUS,nchar,NO
dbo,REQUEST_FOR_QUOTE,CREATE_DATE,datetime,NO
dbo,REQUEST_FOR_QUOTE,WAREHOUSE_ID,nvarchar,YES
dbo,REQUEST_FOR_QUOTE,STATUS_EFF_DATE,datetime,NO
dbo,REQUIREMENT,ROWID,int,NO
dbo,REQUIREMENT,WORKORDER_TYPE,nchar,NO
dbo,REQUIREMENT,WORKORDER_BASE_ID,nvarchar,NO
dbo,REQUIREMENT,WORKORDER_LOT_ID,nvarchar,NO
dbo,REQUIREMENT,WORKORDER_SPLIT_ID,nvarchar,NO
dbo,REQUIREMENT,WORKORDER_SUB_ID,nvarchar,NO
dbo,REQUIREMENT,OPERATION_SEQ_NO,smallint,NO
dbo,REQUIREMENT,PIECE_NO,smallint,NO
dbo,REQUIREMENT,SUBORD_WO_SUB_ID,nvarchar,YES
dbo,REQUIREMENT,PART_ID,nvarchar,YES
dbo,REQUIREMENT,REFERENCE,nvarchar,YES
dbo,REQUIREMENT,STATUS,nchar,NO
dbo,REQUIREMENT,QTY_PER,decimal,NO
dbo,REQUIREMENT,QTY_PER_TYPE,nchar,NO
dbo,REQUIREMENT,FIXED_QTY,decimal,NO
dbo,REQUIREMENT,SCRAP_PERCENT,decimal,NO
dbo,REQUIREMENT,DIMENSIONS,nvarchar,YES
dbo,REQUIREMENT,DIM_EXPRESSION,nvarchar,YES
dbo,REQUIREMENT,USAGE_UM,nvarchar,YES
dbo,REQUIREMENT,EFFECTIVE_DATE,datetime,YES
dbo,REQUIREMENT,DISCONTINUE_DATE,datetime,YES
dbo,REQUIREMENT,CALC_QTY,decimal,YES
dbo,REQUIREMENT,ISSUED_QTY,decimal,NO
dbo,REQUIREMENT,REQUIRED_DATE,datetime,YES
dbo,REQUIREMENT,CLOSE_DATE,datetime,YES
dbo,REQUIREMENT,UNIT_MATERIAL_COST,decimal,NO
dbo,REQUIREMENT,UNIT_LABOR_COST,decimal,NO
dbo,REQUIREMENT,UNIT_BURDEN_COST,decimal,NO
dbo,REQUIREMENT,UNIT_SERVICE_COST,decimal,NO
dbo,REQUIREMENT,BURDEN_PERCENT,decimal,NO
dbo,REQUIREMENT,BURDEN_PER_UNIT,decimal,NO
dbo,REQUIREMENT,FIXED_COST,decimal,YES
dbo,REQUIREMENT,DRAWING_ID,nvarchar,YES
dbo,REQUIREMENT,DRAWING_REV_NO,nvarchar,YES
dbo,REQUIREMENT,VENDOR_ID,nvarchar,YES
dbo,REQUIREMENT,VENDOR_PART_ID,nvarchar,YES
dbo,REQUIREMENT,EST_MATERIAL_COST,decimal,NO
dbo,REQUIREMENT,EST_LABOR_COST,decimal,NO
dbo,REQUIREMENT,EST_BURDEN_COST,decimal,NO
dbo,REQUIREMENT,EST_SERVICE_COST,decimal,NO
dbo,REQUIREMENT,REM_MATERIAL_COST,decimal,NO
dbo,REQUIREMENT,REM_LABOR_COST,decimal,NO
dbo,REQUIREMENT,REM_BURDEN_COST,decimal,NO
dbo,REQUIREMENT,REM_SERVICE_COST,decimal,NO
dbo,REQUIREMENT,ACT_MATERIAL_COST,decimal,NO
dbo,REQUIREMENT,ACT_LABOR_COST,decimal,NO
dbo,REQUIREMENT,ACT_BURDEN_COST,decimal,NO
dbo,REQUIREMENT,ACT_SERVICE_COST,decimal,NO
dbo,REQUIREMENT,MFG_NAME,nvarchar,YES
dbo,REQUIREMENT,MFG_PART_ID,nvarchar,YES
dbo,REQUIREMENT,PROTECT_COST,nchar,NO
dbo,REQUIREMENT,LENGTH,decimal,YES
dbo,REQUIREMENT,WIDTH,decimal,YES
dbo,REQUIREMENT,HEIGHT,decimal,YES
dbo,REQUIREMENT,DRAWING_FILE,nvarchar,YES
dbo,REQUIREMENT,WAREHOUSE_ID,nvarchar,YES
dbo,REQUIREMENT,ALLOCATED_QTY,decimal,NO
dbo,REQUIREMENT,FULFILLED_QTY,decimal,NO
dbo,REQUIREMENT,PLANNING_LEADTIME,smallint,YES
dbo,REQUIREMENT,REQUIRED_FOR_SETUP,nchar,YES
dbo,REQUIREMENT,USER_1,nvarchar,YES
dbo,REQUIREMENT,USER_2,nvarchar,YES
dbo,REQUIREMENT,USER_3,nvarchar,YES
dbo,REQUIREMENT,USER_4,nvarchar,YES
dbo,REQUIREMENT,USER_5,nvarchar,YES
dbo,REQUIREMENT,USER_6,nvarchar,YES
dbo,REQUIREMENT,USER_7,nvarchar,YES
dbo,REQUIREMENT,USER_8,nvarchar,YES
dbo,REQUIREMENT,USER_9,nvarchar,YES
dbo,REQUIREMENT,USER_10,nvarchar,YES
dbo,REQUIREMENT,UDF_LAYOUT_ID,nvarchar,YES
dbo,REQUIREMENT,calc_fixed_scrap,decimal,YES
dbo,REQUIREMENT,WBS_CODE,nvarchar,YES
dbo,REQUIREMENT,WBS_DESCRIPTION,nvarchar,YES
dbo,REQUIREMENT,WBS_CLIN,nvarchar,YES
dbo,REQUIREMENT,WBS_CUSTOMER_WBS,nvarchar,YES
dbo,REQUIREMENT,WBS_CDRL,nvarchar,YES
dbo,REQUIREMENT,WBS_TDC,nvarchar,YES
dbo,REQUIREMENT,INHERIT_WAREHOUSE,nchar,YES
dbo,REQUIREMENT,LOCATION_ID,nvarchar,YES
dbo,REQUIREMENT,DUE_DATE,datetime,YES
dbo,REQUIREMENT,DISPATCHED,nchar,YES
dbo,REQUIREMENT,ORIG_STAGE_REVISION_ID,nvarchar,YES
dbo,REQUIREMENT,STATUS_EFF_DATE,datetime,NO
dbo,REQUIREMENT,ALT_PART_PARENT_PIECE_NO,smallint,YES
dbo,REQUIREMENT,SITE_ID,nvarchar,NO
dbo,REQUIREMENT,BID_RATE_CATEGORY_ID,nvarchar,YES
dbo,REQUIREMENT_BINARY,ROWID,int,NO
dbo,REQUIREMENT_BINARY,WORKORDER_TYPE,nchar,NO
dbo,REQUIREMENT_BINARY,WORKORDER_BASE_ID,nvarchar,NO
dbo,REQUIREMENT_BINARY,WORKORDER_LOT_ID,nvarchar,NO
dbo,REQUIREMENT_BINARY,WORKORDER_SPLIT_ID,nvarchar,NO
dbo,REQUIREMENT_BINARY,WORKORDER_SUB_ID,nvarchar,NO
dbo,REQUIREMENT_BINARY,OPERATION_SEQ_NO,smallint,NO
dbo,REQUIREMENT_BINARY,PIECE_NO,smallint,NO
dbo,REQUIREMENT_BINARY,TYPE,nchar,NO
dbo,REQUIREMENT_BINARY,BITS,image,YES
dbo,REQUIREMENT_BINARY,BITS_LENGTH,int,NO
dbo,REQUIREMENT_COST,ROWID,int,NO
dbo,REQUIREMENT_COST,WORKORDER_TYPE,nchar,NO
dbo,REQUIREMENT_COST,WORKORDER_BASE_ID,nvarchar,NO
dbo,REQUIREMENT_COST,WORKORDER_LOT_ID,nvarchar,NO
dbo,REQUIREMENT_COST,WORKORDER_SPLIT_ID,nvarchar,NO
dbo,REQUIREMENT_COST,WORKORDER_SUB_ID,nvarchar,NO
dbo,REQUIREMENT_COST,OPERATION_SEQ_NO,smallint,NO
dbo,REQUIREMENT_COST,REQ_PIECE_NO,smallint,NO
dbo,REQUIREMENT_COST,QTY,decimal,NO
dbo,REQUIREMENT_COST,UNIT_COST,decimal,NO
dbo,REQUIREMENT_COST,FIXED_COST,decimal,NO
dbo,REQUIREMENT_COST,MINIMUM_COST,decimal,YES
dbo,REQUIREMENT_COST,LEADTIME,smallint,YES
dbo,REQUIREMENT_SCHED,ROWID,int,NO
dbo,REQUIREMENT_SCHED,SCHEDULE_ID,nvarchar,NO
dbo,REQUIREMENT_SCHED,WORKORDER_TYPE,nchar,NO
dbo,REQUIREMENT_SCHED,WORKORDER_BASE_ID,nvarchar,NO
dbo,REQUIREMENT_SCHED,WORKORDER_LOT_ID,nvarchar,NO
dbo,REQUIREMENT_SCHED,WORKORDER_SPLIT_ID,nvarchar,NO
dbo,REQUIREMENT_SCHED,WORKORDER_SUB_ID,nvarchar,NO
dbo,REQUIREMENT_SCHED,SEQUENCE_NO,smallint,NO
dbo,REQUIREMENT_SCHED,PIECE_NO,smallint,NO
dbo,REQUIREMENT_SCHED,PART_ID,nvarchar,YES
dbo,REQUIREMENT_SCHED,REQUIRED_DATE,datetime,YES
dbo,REQUIREMENT_SCHED,PROBLEM_CODE,int,YES
dbo,REQUIREMENT_SCHED,DUE_DATE,datetime,YES
dbo,REQUIREMENT_SUM,ROWID,int,NO
dbo,REQUIREMENT_SUM,SPID,nvarchar,NO
dbo,REQUIREMENT_SUM,WORKORDER_TYPE,nchar,NO
dbo,REQUIREMENT_SUM,WORKORDER_BASE_ID,nvarchar,NO
dbo,REQUIREMENT_SUM,WORKORDER_LOT_ID,nvarchar,NO
dbo,REQUIREMENT_SUM,WORKORDER_SPLIT_ID,nvarchar,NO
dbo,REQUIREMENT_SUM,WORKORDER_SUB_ID,nvarchar,NO
dbo,REQUIREMENT_SUM,OPERATION_SEQ_NO,smallint,NO
dbo,REQUIREMENT_SUM,PIECE_NO,smallint,NO
dbo,REQUIREMENT_SUM,EST_MATERIAL_COST,decimal,NO
dbo,REQUIREMENT_SUM,EST_LABOR_COST,decimal,NO
dbo,REQUIREMENT_SUM,EST_BURDEN_COST,decimal,NO
dbo,REQUIREMENT_SUM,EST_SERVICE_COST,decimal,NO
dbo,REQUIREMENT_SUM,REM_MATERIAL_COST,decimal,NO
dbo,REQUIREMENT_SUM,REM_LABOR_COST,decimal,NO
dbo,REQUIREMENT_SUM,REM_BURDEN_COST,decimal,NO
dbo,REQUIREMENT_SUM,REM_SERVICE_COST,decimal,NO
dbo,RES_SIMULATION,ROWID,int,NO
dbo,RES_SIMULATION,SIMULATION_ID,nvarchar,NO
dbo,RES_SIMULATION,RESOURCE_ID,nvarchar,NO
dbo,RES_SIMULATION,WORKORDER_TYPE,nchar,YES
dbo,RES_SIMULATION,WORKORDER_BASE_ID,nvarchar,YES
dbo,RES_SIMULATION,WORKORDER_LOT_ID,nvarchar,YES
dbo,RES_SIMULATION,WORKORDER_SPLIT_ID,nvarchar,YES
dbo,RES_SIMULATION,WORKORDER_SUB_ID,nvarchar,YES
dbo,RES_SIMULATION,PRV_SET_CST_PER_HR,decimal,YES
dbo,RES_SIMULATION,PRV_RUN_CST_PER_HR,decimal,YES
dbo,RES_SIMULATION,PRV_RUN_CST_PER_UN,decimal,YES
dbo,RES_SIMULATION,PRV_BUR_PER_HR_SET,decimal,YES
dbo,RES_SIMULATION,PRV_BUR_PER_HR_RUN,decimal,YES
dbo,RES_SIMULATION,PRV_BUR_PER_UN_RUN,decimal,YES
dbo,RES_SIMULATION,PRV_BUR_PER_OPER,decimal,YES
dbo,RES_SIMULATION,TOT_PRV_LAB_COST,decimal,YES
dbo,RES_SIMULATION,TOT_PRV_BUR_COST,decimal,YES
dbo,RES_SIMULATION,SIM_SET_CST_PER_HR,decimal,YES
dbo,RES_SIMULATION,SIM_RUN_CST_PER_HR,decimal,YES
dbo,RES_SIMULATION,SIM_RUN_CST_PER_UN,decimal,YES
dbo,RES_SIMULATION,SIM_BUR_PER_HR_SET,decimal,YES
dbo,RES_SIMULATION,SIM_BUR_PER_HR_RUN,decimal,YES
dbo,RES_SIMULATION,SIM_BUR_PER_UN_RUN,decimal,YES
dbo,RES_SIMULATION,SIM_BUR_PER_OPER,decimal,YES
dbo,RES_SIMULATION,TOT_SIM_LAB_COST,decimal,YES
dbo,RES_SIMULATION,TOT_SIM_BUR_COST,decimal,YES
dbo,RES_SIMULATION,PRV_CREATE_DATE,datetime,YES
dbo,RES_SIMULATION,SIM_CREATE_DATE,datetime,NO
dbo,RESOURCE_SCHED,ROWID,int,NO
dbo,RESOURCE_SCHED,SCHEDULE_ID,nvarchar,NO
dbo,RESOURCE_SCHED,RESOURCE_ID,nvarchar,NO
dbo,RESOURCE_SCHED,BITS,image,YES
dbo,RESOURCE_SCHED,BITS_LENGTH,int,NO
dbo,RESOURCE_SETUP,ROWID,int,NO
dbo,RESOURCE_SETUP,RESOURCE_ID,nvarchar,NO
dbo,RESOURCE_SETUP,SETUP_ID,nvarchar,NO
dbo,REVALUE,ROWID,int,NO
dbo,REVALUE,ID,nvarchar,NO
dbo,REVALUE,SITE_ID,nvarchar,NO
dbo,REVALUE,POSTING_DATE,datetime,NO
dbo,REVALUE,CREATE_DATE,datetime,NO
dbo,REVALUE_CURR,ROWID,int,NO
dbo,REVALUE_CURR,REVALUE_ID,nvarchar,NO
dbo,REVALUE_CURR,CURRENCY_ID,nvarchar,NO
dbo,REVALUE_CURR,SELL_RATE,decimal,NO
dbo,REVALUE_CURR,BUY_RATE,decimal,NO
dbo,REVALUE_CURR,AVG_SELL_RATE,decimal,NO
dbo,REVALUE_CURR,AVG_BUY_RATE,decimal,NO
dbo,REVALUE_DIST,ROWID,int,NO
dbo,REVALUE_DIST,REVALUE_ID,nvarchar,NO
dbo,REVALUE_DIST,DIST_NO,int,NO
dbo,REVALUE_DIST,ENTRY_NO,int,NO
dbo,REVALUE_DIST,AMOUNT,decimal,NO
dbo,REVALUE_DIST,AMOUNT_TYPE,nchar,NO
dbo,REVALUE_DIST,GL_ACCOUNT_ID,nvarchar,NO
dbo,REVALUE_DIST,POSTING_STATUS,nchar,NO
dbo,REVALUE_DIST,POSTING_DATE,datetime,NO
dbo,REVALUE_DIST,BATCH_ID,nvarchar,YES
dbo,REVALUE_DIST,CREATE_DATE,datetime,NO
dbo,REVALUE_DIST,SITE_ID,nvarchar,NO
dbo,REVALUE_DIST,CURRENCY_ID,nvarchar,NO
dbo,REVALUE_DIST,NATIVE,nchar,YES
dbo,REVALUE_LINE,ROWID,int,NO
dbo,REVALUE_LINE,REVALUE_ID,nvarchar,NO
dbo,REVALUE_LINE,LINE_NO,int,NO
dbo,REVALUE_LINE,GL_ACCOUNT_ID,nvarchar,NO
dbo,REVALUE_LINE,GROUP_ID,nvarchar,YES
dbo,REVENUE_DETAIL,ROWID,int,NO
dbo,REVENUE_DETAIL,REV_DIST_ID,int,NO
dbo,REVENUE_DETAIL,PROJECT_ID,nvarchar,NO
dbo,REVENUE_DETAIL,EAC_ID,nvarchar,YES
dbo,REVENUE_DETAIL,PACKLIST_ID,nvarchar,YES
dbo,REVENUE_DETAIL,PACKLIST_LINE_NO,smallint,YES
dbo,REVENUE_DETAIL,INVOICE_ID,nvarchar,YES
dbo,REVENUE_DETAIL,CUST_ORDER_ID,nvarchar,YES
dbo,REVENUE_DETAIL,CUST_ORDER_LINE_NO,smallint,YES
dbo,REVENUE_DETAIL,EVENT_SEQ_NO,smallint,YES
dbo,REVENUE_DETAIL,TRANS_POC_REV,decimal,YES
dbo,REVENUE_DETAIL,TRANS_COGS_MAT,decimal,YES
dbo,REVENUE_DETAIL,TRANS_COGS_LAB,decimal,YES
dbo,REVENUE_DETAIL,TRANS_COGS_BUR,decimal,YES
dbo,REVENUE_DETAIL,TRANS_COGS_SERV,decimal,YES
dbo,REVENUE_DETAIL,TRANS_FEE_AMOUNT,decimal,YES
dbo,REVENUE_DETAIL,TRANS_FEE_PERCENT,decimal,YES
dbo,REVENUE_DETAIL,CURRENCY_ID,nvarchar,NO
dbo,REVENUE_DETAIL,DESCRIPTION,nvarchar,YES
dbo,REVENUE_DETAIL,POC_PERCENT,decimal,YES
dbo,REVENUE_DETAIL,POC_USER_PERCENT,decimal,YES
dbo,REVENUE_DETAIL,REV_TRANS_TYPE,nchar,YES
dbo,REVENUE_DETAIL,TRANSACTION_DATE,datetime,NO
dbo,REVENUE_DETAIL,TARGET_REVENUE,decimal,NO
dbo,REVENUE_DIST,ROWID,int,NO
dbo,REVENUE_DIST,ID,int,NO
dbo,REVENUE_DIST,LINE_NO,smallint,NO
dbo,REVENUE_DIST,PROJECT_ID,nvarchar,NO
dbo,REVENUE_DIST,ENTRY_NO,smallint,NO
dbo,REVENUE_DIST,SITE_ID,nvarchar,NO
dbo,REVENUE_DIST,AMOUNT,decimal,NO
dbo,REVENUE_DIST,AMOUNT_TYPE,nchar,NO
dbo,REVENUE_DIST,GL_ACCOUNT_ID,nvarchar,NO
dbo,REVENUE_DIST,POSTING_STATUS,nchar,NO
dbo,REVENUE_DIST,POSTING_DATE,datetime,NO
dbo,REVENUE_DIST,BATCH_ID,nvarchar,YES
dbo,REVENUE_DIST,CREATE_DATE,datetime,NO
dbo,REVENUE_DIST,TRANSACTION_DATE,datetime,NO
dbo,REVENUE_DIST,USER_ID,nvarchar,NO
dbo,REVENUE_DIST,CURRENCY_ID,nvarchar,NO
dbo,REVENUE_DIST,NATIVE,nchar,YES
dbo,REVISION_HISTORY,ROWID,int,NO
dbo,REVISION_HISTORY,REVISION_ID,nvarchar,NO
dbo,REVISION_HISTORY,TYPE,nchar,NO
dbo,REVISION_HISTORY,STAGE_ID,nvarchar,YES
dbo,REVISION_HISTORY,HISTORY_ID,nvarchar,NO
dbo,REVISION_HISTORY,COMMENTS,nvarchar,YES
dbo,REVISION_HISTORY,USER_ID,nvarchar,NO
dbo,REVISION_HISTORY,CREATE_DATE,datetime,NO
dbo,REVISION_NUMBERING,ROWID,int,NO
dbo,REVISION_NUMBERING,STAGE_ID,nvarchar,NO
dbo,REVISION_NUMBERING,LINE_NO,smallint,NO
dbo,REVISION_NUMBERING,REVISION_ID,nvarchar,YES
dbo,RFQ_BINARY,ROWID,int,NO
dbo,RFQ_BINARY,RFQ_ID,nvarchar,NO
dbo,RFQ_BINARY,TYPE,nchar,NO
dbo,RFQ_BINARY,BITS,image,YES
dbo,RFQ_BINARY,BITS_LENGTH,int,NO
dbo,RFQ_LINE,ROWID,int,NO
dbo,RFQ_LINE,RFQ_ID,nvarchar,NO
dbo,RFQ_LINE,LINE_NO,smallint,NO
dbo,RFQ_LINE,PART_ID,nvarchar,YES
dbo,RFQ_LINE,DESCRIPTION,nvarchar,YES
dbo,RFQ_LINE,VENDOR_PART_ID,nvarchar,YES
dbo,RFQ_LINE,MFG_NAME,nvarchar,YES
dbo,RFQ_LINE,MFG_PART_ID,nvarchar,YES
dbo,RFQ_LINE,PRODUCT_CODE,nvarchar,YES
dbo,RFQ_LINE,COMMODITY_CODE,nvarchar,YES
dbo,RFQ_LINE,QTY_BREAK_1,decimal,YES
dbo,RFQ_LINE,QTY_BREAK_2,decimal,YES
dbo,RFQ_LINE,QTY_BREAK_3,decimal,YES
dbo,RFQ_LINE,QTY_BREAK_4,decimal,YES
dbo,RFQ_LINE,QTY_BREAK_5,decimal,YES
dbo,RFQ_LINE,QTY_BREAK_6,decimal,YES
dbo,RFQ_LINE,QTY_BREAK_7,decimal,YES
dbo,RFQ_LINE,QTY_BREAK_8,decimal,YES
dbo,RFQ_LINE,QTY_BREAK_9,decimal,YES
dbo,RFQ_LINE,QTY_BREAK_10,decimal,YES
dbo,RFQ_LINE,PURCHASE_UM,nvarchar,YES
dbo,RFQ_LINE,CREATE_DATE,datetime,NO
dbo,RFQ_LINE,SERVICE_ID,nvarchar,YES
dbo,RFQ_LINE,SHIPPING_WEIGHT,decimal,YES
dbo,RFQ_LINE,ORIG_STAGE_REVISION_ID,nvarchar,YES
dbo,RFQ_LINE,WAREHOUSE_ID,nvarchar,YES
dbo,RFQ_LINE_BINARY,ROWID,int,NO
dbo,RFQ_LINE_BINARY,RFQ_ID,nvarchar,NO
dbo,RFQ_LINE_BINARY,RFQ_LINE_NO,smallint,NO
dbo,RFQ_LINE_BINARY,TYPE,nchar,NO
dbo,RFQ_LINE_BINARY,BITS,image,YES
dbo,RFQ_LINE_BINARY,BITS_LENGTH,int,NO
dbo,RFQ_VENDOR,ROWID,int,NO
dbo,RFQ_VENDOR,RFQ_ID,nvarchar,NO
dbo,RFQ_VENDOR,VENDOR_ID,nvarchar,NO
dbo,RFQ_VENDOR,QUOTED_DATE,datetime,YES
dbo,RFQ_VENDOR,EXPIRATION_DATE,datetime,YES
dbo,RFQ_VENDOR,FOLLOWUP_DATE,datetime,YES
dbo,RFQ_VENDOR,EXPECTED_DATE,datetime,YES
dbo,RFQ_VENDOR,NAME,nvarchar,YES
dbo,RFQ_VENDOR,ADDR_1,nvarchar,YES
dbo,RFQ_VENDOR,ADDR_2,nvarchar,YES
dbo,RFQ_VENDOR,ADDR_3,nvarchar,YES
dbo,RFQ_VENDOR,CITY,nvarchar,YES
dbo,RFQ_VENDOR,STATE,nvarchar,YES
dbo,RFQ_VENDOR,ZIPCODE,nvarchar,YES
dbo,RFQ_VENDOR,COUNTRY,nvarchar,YES
dbo,RFQ_VENDOR,CONTACT_FIRST_NAME,nvarchar,YES
dbo,RFQ_VENDOR,CONTACT_LAST_NAME,nvarchar,YES
dbo,RFQ_VENDOR,CONTACT_INITIAL,nvarchar,YES
dbo,RFQ_VENDOR,CONTACT_POSITION,nvarchar,YES
dbo,RFQ_VENDOR,CONTACT_HONORIFIC,nvarchar,YES
dbo,RFQ_VENDOR,CONTACT_SALUTATION,nvarchar,YES
dbo,RFQ_VENDOR,CONTACT_PHONE,nvarchar,YES
dbo,RFQ_VENDOR,CONTACT_FAX,nvarchar,YES
dbo,RFQ_VENDOR,SUPPLIER_QUOTE_ID,nvarchar,YES
dbo,RFQ_VENDOR,CONTACT_EMAIL,nvarchar,YES
dbo,RFQ_VENDOR,VENDOR_CONTRACT_ID,nvarchar,YES
dbo,RFQ_VENDOR,CONTRACT_ID,nvarchar,YES
dbo,RFQ_VENDOR,CONTACT_ID,nvarchar,YES
dbo,RFQ_VENDOR,CONTACT_PHONE_EXT,nvarchar,YES
dbo,RFQ_VENDOR,RFQ_VENDOR_COUNTRY_ID,nvarchar,YES
dbo,RFQ_VENDOR_QUOTE,ROWID,int,NO
dbo,RFQ_VENDOR_QUOTE,RFQ_ID,nvarchar,NO
dbo,RFQ_VENDOR_QUOTE,VENDOR_ID,nvarchar,NO
dbo,RFQ_VENDOR_QUOTE,RFQ_LINE_NO,smallint,NO
dbo,RFQ_VENDOR_QUOTE,QTY_BREAK_1,decimal,YES
dbo,RFQ_VENDOR_QUOTE,QTY_BREAK_2,decimal,YES
dbo,RFQ_VENDOR_QUOTE,QTY_BREAK_3,decimal,YES
dbo,RFQ_VENDOR_QUOTE,QTY_BREAK_4,decimal,YES
dbo,RFQ_VENDOR_QUOTE,QTY_BREAK_5,decimal,YES
dbo,RFQ_VENDOR_QUOTE,QTY_BREAK_6,decimal,YES
dbo,RFQ_VENDOR_QUOTE,QTY_BREAK_7,decimal,YES
dbo,RFQ_VENDOR_QUOTE,QTY_BREAK_8,decimal,YES
dbo,RFQ_VENDOR_QUOTE,QTY_BREAK_9,decimal,YES
dbo,RFQ_VENDOR_QUOTE,QTY_BREAK_10,decimal,YES
dbo,RFQ_VENDOR_QUOTE,UNIT_PRICE_1,decimal,YES
dbo,RFQ_VENDOR_QUOTE,UNIT_PRICE_2,decimal,YES
dbo,RFQ_VENDOR_QUOTE,UNIT_PRICE_3,decimal,YES
dbo,RFQ_VENDOR_QUOTE,UNIT_PRICE_4,decimal,YES
dbo,RFQ_VENDOR_QUOTE,UNIT_PRICE_5,decimal,YES
dbo,RFQ_VENDOR_QUOTE,UNIT_PRICE_6,decimal,YES
dbo,RFQ_VENDOR_QUOTE,UNIT_PRICE_7,decimal,YES
dbo,RFQ_VENDOR_QUOTE,UNIT_PRICE_8,decimal,YES
dbo,RFQ_VENDOR_QUOTE,UNIT_PRICE_9,decimal,YES
dbo,RFQ_VENDOR_QUOTE,UNIT_PRICE_10,decimal,YES
dbo,RFQ_VENDOR_QUOTE,DEFAULT_UNIT_PRICE,decimal,NO
dbo,RFQ_VENDOR_QUOTE,PURCHASE_UM,nvarchar,YES
dbo,RFQ_VENDOR_QUOTE,COMMENTS,nvarchar,YES
dbo,RFQ_VENDOR_QUOTE,STATUS,nchar,NO
dbo,RFQ_VENDOR_QUOTE,BASE_CHARGE,decimal,YES
dbo,RFQ_VENDOR_QUOTE,MINIMUM_CHARGE,decimal,YES
dbo,RFQ_VENDOR_QUOTE,CURRENCY_ID,nvarchar,NO
dbo,RFQ_VENDOR_QUOTE,UNIT_PRICE_CURR_1,decimal,YES
dbo,RFQ_VENDOR_QUOTE,UNIT_PRICE_CURR_2,decimal,YES
dbo,RFQ_VENDOR_QUOTE,UNIT_PRICE_CURR_3,decimal,YES
dbo,RFQ_VENDOR_QUOTE,UNIT_PRICE_CURR_4,decimal,YES
dbo,RFQ_VENDOR_QUOTE,UNIT_PRICE_CURR_5,decimal,YES
dbo,RFQ_VENDOR_QUOTE,UNIT_PRICE_CURR_6,decimal,YES
dbo,RFQ_VENDOR_QUOTE,UNIT_PRICE_CURR_7,decimal,YES
dbo,RFQ_VENDOR_QUOTE,UNIT_PRICE_CURR_8,decimal,YES
dbo,RFQ_VENDOR_QUOTE,UNIT_PRICE_CURR_9,decimal,YES
dbo,RFQ_VENDOR_QUOTE,UNIT_PRICE_CURR_10,decimal,YES
dbo,RFQ_VENDOR_QUOTE,DEF_UNIT_PRICE_CURR,decimal,NO
dbo,RFQ_VENDOR_QUOTE,VENDOR_PART_ID,nvarchar,YES
dbo,RFQ_VENDOR_QUOTE,STATUS_EFF_DATE,datetime,NO
dbo,RFQ_VENDOR_QUOTE,CONTRACT_LINE_NO,smallint,YES
dbo,RFQ_VENDOR_QUOTE,VENDOR_CLIN,nvarchar,YES
dbo,RFQ_VENDOR_QUOTE,EFFECTIVE_DATE,datetime,YES
dbo,RFQ_VENDOR_QUOTE,EXPIRATION_DATE,datetime,YES
dbo,RFQ_VENDOR_QUOTE,LEADTIME_1,smallint,YES
dbo,RFQ_VENDOR_QUOTE,LEADTIME_2,smallint,YES
dbo,RFQ_VENDOR_QUOTE,LEADTIME_3,smallint,YES
dbo,RFQ_VENDOR_QUOTE,LEADTIME_4,smallint,YES
dbo,RFQ_VENDOR_QUOTE,LEADTIME_5,smallint,YES
dbo,RFQ_VENDOR_QUOTE,LEADTIME_6,smallint,YES
dbo,RFQ_VENDOR_QUOTE,LEADTIME_7,smallint,YES
dbo,RFQ_VENDOR_QUOTE,LEADTIME_8,smallint,YES
dbo,RFQ_VENDOR_QUOTE,LEADTIME_9,smallint,YES
dbo,RFQ_VENDOR_QUOTE,LEADTIME_10,smallint,YES
dbo,RFQ_VENDOR_QUOTE,DEFAULT_LEADTIME,smallint,YES
dbo,RFQ_VND_QT_BINARY,ROWID,int,NO
dbo,RFQ_VND_QT_BINARY,RFQ_ID,nvarchar,NO
dbo,RFQ_VND_QT_BINARY,VENDOR_ID,nvarchar,NO
dbo,RFQ_VND_QT_BINARY,RFQ_LINE_NO,int,NO
dbo,RFQ_VND_QT_BINARY,TYPE,nchar,NO
dbo,RFQ_VND_QT_BINARY,BITS,image,YES
dbo,RFQ_VND_QT_BINARY,BITS_LENGTH,int,NO
dbo,RMA,ROWID,int,NO
dbo,RMA,ID,nvarchar,NO
dbo,RMA,ORG_CUST_ORDER_ID,nvarchar,YES
dbo,RMA,NEW_CUST_ORDER_ID,nvarchar,YES
dbo,RMA,PACKLIST_ID,nvarchar,YES
dbo,RMA,CREATE_DATE,datetime,NO
dbo,RMA,LAST_RECEIVED_DATE,datetime,YES
dbo,RMA,LAST_SHIPPED_DATE,datetime,YES
dbo,RMA,TYPE,nchar,NO
dbo,RMA,STATUS,nchar,NO
dbo,RMA,IS_WARRANTY,nchar,NO
dbo,RMA,SHIP_IMMEDIATE,nchar,NO
dbo,RMA,RETURN_TO_ORIG,nchar,NO
dbo,RMA,SHIP_FROM_ORIG,nchar,NO
dbo,RMA,RETURN_REASON_CODE,nvarchar,YES
dbo,RMA,STATUS_EFF_DATE,datetime,NO
dbo,RMA,SITE_ID,nvarchar,NO
dbo,RMA,QUOTE_ID,nvarchar,YES
dbo,RMA,USE_QUOTE_PRICING,nchar,YES
dbo,RMA,CREATED_WORK_ORDER,nchar,YES
dbo,RMA,CONTACT_ID,nvarchar,YES
dbo,RMA,CONTACT_FIRST_NAME,nvarchar,YES
dbo,RMA,CONTACT_LAST_NAME,nvarchar,YES
dbo,RMA,CONTACT_INITIAL,nvarchar,YES
dbo,RMA,CONTACT_POSITION,nvarchar,YES
dbo,RMA,CONTACT_HONORIFIC,nvarchar,YES
dbo,RMA,CONTACT_SALUTATION,nvarchar,YES
dbo,RMA,CONTACT_PHONE,nvarchar,YES
dbo,RMA,CONTACT_FAX,nvarchar,YES
dbo,RMA,CONTACT_MOBILE,nvarchar,YES
dbo,RMA,CONTACT_EMAIL,nvarchar,YES
dbo,RMA,CONTACT_PHONE_EXT,nvarchar,YES
dbo,RMA,UDF_LAYOUT_ID,nvarchar,YES
dbo,RMA,USER_1,nvarchar,YES
dbo,RMA,USER_2,nvarchar,YES
dbo,RMA,USER_3,nvarchar,YES
dbo,RMA,USER_4,nvarchar,YES
dbo,RMA,USER_5,nvarchar,YES
dbo,RMA,USER_6,nvarchar,YES
dbo,RMA,USER_7,nvarchar,YES
dbo,RMA,USER_8,nvarchar,YES
dbo,RMA,USER_9,nvarchar,YES
dbo,RMA,USER_10,nvarchar,YES
dbo,RMA_BINARY,ROWID,int,NO
dbo,RMA_BINARY,RMA_ID,nvarchar,NO
dbo,RMA_BINARY,TYPE,nchar,NO
dbo,RMA_BINARY,BITS,image,YES
dbo,RMA_BINARY,BITS_LENGTH,int,NO
dbo,RMA_LINE,ROWID,int,NO
dbo,RMA_LINE,RMA_ID,nvarchar,NO
dbo,RMA_LINE,LINE_NO,smallint,NO
dbo,RMA_LINE,ORG_ORDER_LINE_NO,smallint,YES
dbo,RMA_LINE,NEW_ORDER_LINE_NO,smallint,YES
dbo,RMA_LINE,QTY,decimal,NO
dbo,RMA_LINE,RECEIVED_QTY,decimal,NO
dbo,RMA_LINE,SHIPPED_QTY,decimal,NO
dbo,RMA_LINE,PIECE_COUNT,decimal,YES
dbo,RMA_LINE,PIECES_RECEIVED,decimal,YES
dbo,RMA_LINE,PIECES_SHIPPED,decimal,YES
dbo,RMA_LINE,LENGTH,decimal,YES
dbo,RMA_LINE,WIDTH,decimal,YES
dbo,RMA_LINE,HEIGHT,decimal,YES
dbo,RMA_LINE,DIMENSIONS_UM,nvarchar,YES
dbo,RMA_LINE,WORKORDER_BASE_ID,nvarchar,YES
dbo,RMA_LINE,LINE_STATUS,nchar,NO
dbo,RMA_LINE,QUOTE_LINE_NO,smallint,YES
dbo,RMA_LINE,UDF_LAYOUT_ID,nvarchar,YES
dbo,RMA_LINE,USER_1,nvarchar,YES
dbo,RMA_LINE,USER_2,nvarchar,YES
dbo,RMA_LINE,USER_3,nvarchar,YES
dbo,RMA_LINE,USER_4,nvarchar,YES
dbo,RMA_LINE,USER_5,nvarchar,YES
dbo,RMA_LINE,USER_6,nvarchar,YES
dbo,RMA_LINE,USER_7,nvarchar,YES
dbo,RMA_LINE,USER_8,nvarchar,YES
dbo,RMA_LINE,USER_9,nvarchar,YES
dbo,RMA_LINE,USER_10,nvarchar,YES
dbo,RMA_LINE_BINARY,ROWID,int,NO
dbo,RMA_LINE_BINARY,RMA_ID,nvarchar,NO
dbo,RMA_LINE_BINARY,RMA_LINE_NO,smallint,NO
dbo,RMA_LINE_BINARY,TYPE,nchar,NO
dbo,RMA_LINE_BINARY,BITS,image,YES
dbo,RMA_LINE_BINARY,BITS_LENGTH,int,NO
dbo,RMA_LINE_DSL,ROWID,int,NO
dbo,RMA_LINE_DSL,RMA_ID,nvarchar,NO
dbo,RMA_LINE_DSL,RMA_LINE_NO,smallint,NO
dbo,RMA_LINE_DSL,DSL_ID,int,NO
dbo,RMA_LINE_DSL,QTY,decimal,NO
dbo,RMA_SYNC,ROWID,int,NO
dbo,RMA_SYNC,EVENT_ID,int,NO
dbo,RMA_SYNC,TYPE,nchar,NO
dbo,RMA_SYNC,CREATE_DATE,datetime,NO
dbo,RMA_SYNC,RMA_ID,nvarchar,NO
dbo,RMA_SYNC,EXCEPTION,nchar,NO
dbo,RMA_SYNC,SUBSCRIPTIONS,int,NO
dbo,SALES_CODE_ENG,ROWID,int,NO
dbo,SALES_CODE_ENG,SERIES_ID,nvarchar,NO
dbo,SALES_CODE_ENG,MODEL_ID,nvarchar,NO
dbo,SALES_CODE_ENG,SALES_CODE,nvarchar,NO
dbo,SALES_CODE_ENG,PART_ID,nvarchar,NO
dbo,SALES_CODE_ENG,ENG_ID,nvarchar,NO
dbo,SALES_CODE_ENG,COPY_SEQ_NO,smallint,NO
dbo,SALES_CODE_ENG,SITE_ID,nvarchar,NO
dbo,SALES_REP,ROWID,int,NO
dbo,SALES_REP,ID,nvarchar,NO
dbo,SALES_REP,NAME,nvarchar,YES
dbo,SALES_REP,VENDOR_ID,nvarchar,YES
dbo,SALES_REP,EMPLOYEE_ID,nvarchar,YES
dbo,SALES_REP,PAY_METHOD,nchar,NO
dbo,SALES_REP,DEF_COMMISSION_PCT,decimal,YES
dbo,SALES_REP,EARNING_CODE_ID,nvarchar,YES
dbo,SALES_REP_SHARE,ROWID,int,NO
dbo,SALES_REP_SHARE,SALESREP_ID,nvarchar,NO
dbo,SALES_REP_SHARE,SHARE_SALESREP_ID,nvarchar,NO
dbo,SALES_REP_SHARE,SHARE_PERCENT,decimal,YES
dbo,SALES_TAX,ROWID,int,NO
dbo,SALES_TAX,ID,nvarchar,NO
dbo,SALES_TAX,DESCRIPTION,nvarchar,YES
dbo,SALES_TAX,GL_ACCOUNT_ID,nvarchar,YES
dbo,SALES_TAX,RTN_GL_ACCT_ID,nvarchar,YES
dbo,SALES_TAX,VENDOR_ID,nvarchar,YES
dbo,SALES_TAX_GROUP,ROWID,int,NO
dbo,SALES_TAX_GROUP,ID,nvarchar,NO
dbo,SALES_TAX_GROUP,DESCRIPTION,nvarchar,YES
dbo,SALES_TAX_GRP_PART,ROWID,int,NO
dbo,SALES_TAX_GRP_PART,PART_ID,nvarchar,NO
dbo,SALES_TAX_GRP_PART,CUSTOMER_ID,nvarchar,NO
dbo,SALES_TAX_GRP_PART,ADDR_NO,int,NO
dbo,SALES_TAX_GRP_PART,SHIPTO_ID,nvarchar,YES
dbo,SALES_TAX_GRP_PART,DEF_SALES_TAX_GRP_ID,nvarchar,NO
dbo,SALES_TAX_PCT,ROWID,int,NO
dbo,SALES_TAX_PCT,SALES_TAX_ID,nvarchar,NO
dbo,SALES_TAX_PCT,EFFECTIVE_DATE,datetime,NO
dbo,SALES_TAX_PCT,TAX_PERCENT,decimal,YES
dbo,SALES_TAX_PCT,TAX_CEILING_AMOUNT,decimal,YES
dbo,SCHEDULE,ROWID,int,NO
dbo,SCHEDULE,ID,nvarchar,NO
dbo,SCHEDULE,DESCRIPTION,nvarchar,YES
dbo,SCHEDULE,CREATE_DATE,datetime,YES
dbo,SCHEDULE,GLOBAL_START_DATE,datetime,YES
dbo,SCHEDULE,GLOBAL_END_DATE,datetime,YES
dbo,SCHEDULE,GLOBAL_COUNT,int,YES
dbo,SCHEDULE,SORT_START_DATE,datetime,YES
dbo,SCHEDULE,SORT_END_DATE,datetime,YES
dbo,SCHEDULE,SORT_COUNT,int,YES
dbo,SCHEDULE,OPERATIONS,int,YES
dbo,SCHEDULE,REQUIREMENTS,int,YES
dbo,SCHEDULE,WORK_ORDERS,int,YES
dbo,SCHEDULE,BOTTLENECK_ID,nvarchar,YES
dbo,SCHEDULE,BOTTLENECK_DELAY,int,YES
dbo,SCHEDULE,DELAYED_OPERATIONS,int,YES
dbo,SCHEDULE,INFINITE_CAPACITY,nchar,NO
dbo,SCHEDULE,MATERIALS_CHECKED,nchar,NO
dbo,SCHEDULE,ACTIVE,nchar,NO
dbo,SCHEDULE,AS_OF_DATETIME,datetime,YES
dbo,SCHEDULE,SERVICES_CHECKED,nchar,NO
dbo,SCHEDULE,MASTER_SCHEDULE_ID,nvarchar,YES
dbo,SCHEDULE,HARD_RELEASE_DATE,nchar,YES
dbo,SCHEDULE,CCR_ID,nvarchar,YES
dbo,SCHEDULE,SITE_ID,nvarchar,NO
dbo,SCHEDULE,IN_PROCESS,nchar,NO
dbo,SCHEDULE_GROUP,ROWID,int,NO
dbo,SCHEDULE_GROUP,ID,nvarchar,NO
dbo,SCHEDULE_GROUP,DESCRIPTION,nvarchar,YES
dbo,SCHEDULER_RUN_LOG,SCHEDULE_ID,nvarchar,NO
dbo,SCHEDULER_RUN_LOG,COUNT,int,NO
dbo,SCHEDULER_RUN_LOG,START_DATE,datetime,NO
dbo,SCHEDULER_RUN_LOG,END_DATE,datetime,NO
dbo,SCHEDULER_RUN_LOG,WORK_ORDERS,int,NO
dbo,SCHEDULER_RUN_LOG,OPERATIONS,int,NO
dbo,SCHEDULER_RUN_LOG,REQUIREMENTS,int,NO
dbo,SCHEDULER_RUN_LOG,ERROR_COUNT,int,NO
dbo,SCHEDULER_RUN_LOG,INFINITE_CAPACITY,nchar,NO
dbo,SCHEDULER_RUN_LOG,MATERIALS_CHECKED,nchar,NO
dbo,SCHEDULER_RUN_LOG,SERVICES_CHECKED,nchar,NO
dbo,SCHEDULER_RUN_LOG,RUN_ABORTED,nchar,NO
dbo,SCHEDULER_RUN_LOG,CREATE_DATE,datetime,NO
dbo,SCHEDULER_RUN_LOG,USER_ID,nvarchar,NO
dbo,SCHEDULER_RUN_LOG,HARD_RELEASE_DATE,nchar,YES
dbo,SCHEDULER_RUN_LOG,CCR_ID,nvarchar,YES
dbo,SCREEN_SIZE,ROWID,int,NO
dbo,SCREEN_SIZE,USER_ID,nvarchar,NO
dbo,SCREEN_SIZE,SECTION,nvarchar,NO
dbo,SCREEN_SIZE,ENTRY,nvarchar,NO
dbo,SCREEN_SIZE,VALUE,nvarchar,YES
dbo,SCREEN_SIZE,MODIFY_DATE,datetime,YES
dbo,SECURITY_CLASS,ROWID,int,NO
dbo,SECURITY_CLASS,CODE,nvarchar,NO
dbo,SEGMENT,ROWID,int,NO
dbo,SEGMENT,CODE,nvarchar,NO
dbo,SEGMENT,DESCRIPTION,nvarchar,YES
dbo,SEGMENT,REV_GL_ACCT_ID,nvarchar,YES
dbo,SEGMENT,AR_GL_ACCT_ID,nvarchar,YES
dbo,SEGMENT,DEF_GL_ACCT_ID,nvarchar,YES
dbo,SEGMENT,LIQ_GL_ACCT_ID,nvarchar,YES
dbo,SEGMENT,PBC_GL_ACCT_ID,nvarchar,YES
dbo,SEGMENT,CGS_MAT_GL_ACCT_ID,nvarchar,YES
dbo,SEGMENT,CGS_LAB_GL_ACCT_ID,nvarchar,YES
dbo,SEGMENT,CGS_BUR_GL_ACCT_ID,nvarchar,YES
dbo,SEGMENT,CGS_SER_GL_ACCT_ID,nvarchar,YES
dbo,SEGMENT,WIP_MAT_GL_ACCT_ID,nvarchar,YES
dbo,SEGMENT,WIP_LAB_GL_ACCT_ID,nvarchar,YES
dbo,SEGMENT,WIP_BUR_GL_ACCT_ID,nvarchar,YES
dbo,SEGMENT,WIP_SER_GL_ACCT_ID,nvarchar,YES
dbo,SELECT_OPT_BINARY,ROWID,int,NO
dbo,SELECT_OPT_BINARY,CUST_ORDER_ID,nvarchar,NO
dbo,SELECT_OPT_BINARY,CUST_ORDER_LINE_NO,int,NO
dbo,SELECT_OPT_BINARY,TYPE,nchar,NO
dbo,SELECT_OPT_BINARY,SEQ_NO,int,NO
dbo,SELECT_OPT_BINARY,BITS_LENGTH,int,NO
dbo,SELECT_OPT_BINARY,BITS,image,YES
dbo,SELECTED_OPTIONS,ROWID,int,NO
dbo,SELECTED_OPTIONS,CUST_ORDER_ID,nvarchar,NO
dbo,SELECTED_OPTIONS,CUST_ORDER_LINE_NO,smallint,NO
dbo,SELECTED_OPTIONS,SEQ_NO,smallint,NO
dbo,SELECTED_OPTIONS,TYPE,nchar,YES
dbo,SELECTED_OPTIONS,RQD_OPT,nchar,YES
dbo,SELECTED_OPTIONS,STD_OPT,nchar,YES
dbo,SELECTED_OPTIONS,SERIES_ID,nvarchar,YES
dbo,SELECTED_OPTIONS,SERIES_DESCR,nvarchar,YES
dbo,SELECTED_OPTIONS,MODEL_ID,nvarchar,YES
dbo,SELECTED_OPTIONS,MODEL_DESCR,nvarchar,YES
dbo,SELECTED_OPTIONS,SALES_CODE,nvarchar,YES
dbo,SELECTED_OPTIONS,SALES_CODE_DESCR,nvarchar,YES
dbo,SELECTED_OPTIONS,CATEGORY_ID,nvarchar,YES
dbo,SELECTED_OPTIONS,CATEGORY_DESCR,nvarchar,YES
dbo,SELECTED_OPTIONS,USER_TEXT,nvarchar,YES
dbo,SELECTED_OPTIONS,DIM_UM_0,nvarchar,YES
dbo,SELECTED_OPTIONS,DIM_VALUE_0,decimal,YES
dbo,SELECTED_OPTIONS,DIM_UM_1,nvarchar,YES
dbo,SELECTED_OPTIONS,DIM_VALUE_1,decimal,YES
dbo,SELECTED_OPTIONS,DIM_UM_2,nvarchar,YES
dbo,SELECTED_OPTIONS,DIM_VALUE_2,decimal,YES
dbo,SELECTED_OPTIONS,DIM_UM_3,nvarchar,YES
dbo,SELECTED_OPTIONS,DIM_VALUE_3,decimal,YES
dbo,SELECTED_OPTIONS,QTY,decimal,YES
dbo,SELECTED_OPTIONS,TRADE_DISCOUNT,decimal,YES
dbo,SELECTED_OPTIONS,DISCOUNT_TYPE,nchar,YES
dbo,SELECTED_OPTIONS,PART_ID,nvarchar,YES
dbo,SELECTED_OPTIONS,ENG_ID,nvarchar,YES
dbo,SELECTED_OPTIONS,COPY_SEQ_NO,smallint,YES
dbo,SELECTED_OPTIONS,UNIT_PRICE,decimal,YES
dbo,SEMAPHORE,ROWID,int,NO
dbo,SEMAPHORE,ID,nvarchar,NO
dbo,SEMAPHORE,DESCRIPTION,nvarchar,YES
dbo,SEMAPHORE,EVENT_NO,int,NO
dbo,SER_SIMULATION,ROWID,int,NO
dbo,SER_SIMULATION,SIMULATION_ID,nvarchar,NO
dbo,SER_SIMULATION,SERVICE_ID,nvarchar,NO
dbo,SER_SIMULATION,WORKORDER_TYPE,nchar,YES
dbo,SER_SIMULATION,WORKORDER_BASE_ID,nvarchar,YES
dbo,SER_SIMULATION,WORKORDER_LOT_ID,nvarchar,YES
dbo,SER_SIMULATION,WORKORDER_SPLIT_ID,nvarchar,YES
dbo,SER_SIMULATION,WORKORDER_SUB_ID,nvarchar,YES
dbo,SER_SIMULATION,PRV_CST_PER_UNIT,decimal,YES
dbo,SER_SIMULATION,PRV_BASE_CHG_SER,decimal,YES
dbo,SER_SIMULATION,PRV_MIN_CHG,decimal,YES
dbo,SER_SIMULATION,SIM_CST_PER_UNIT,decimal,YES
dbo,SER_SIMULATION,SIM_BASE_CHG_SER,decimal,YES
dbo,SER_SIMULATION,SIM_MIN_CHG,decimal,YES
dbo,SER_SIMULATION,PRV_CREATE_DATE,datetime,YES
dbo,SER_SIMULATION,SIM_CREATE_DATE,datetime,NO
dbo,SERIES_MODEL_PART,ROWID,int,NO
dbo,SERIES_MODEL_PART,SERIES_ID,nvarchar,NO
dbo,SERIES_MODEL_PART,MODEL_ID,nvarchar,NO
dbo,SERIES_MODEL_PART,PART_ID,nvarchar,YES
dbo,SERIES_MODEL_PART,ENG_ID,nvarchar,YES
dbo,SERIES_MODEL_PART,SITE_ID,nvarchar,NO
dbo,SERV_CHARGE_BINARY,ROWID,int,NO
dbo,SERV_CHARGE_BINARY,SERVICE_CHARGE_ID,nvarchar,NO
dbo,SERV_CHARGE_BINARY,TYPE,nchar,NO
dbo,SERV_CHARGE_BINARY,BITS,image,YES
dbo,SERV_CHARGE_BINARY,BITS_LENGTH,int,NO
dbo,SERV_DISP_BINARY,ROWID,int,NO
dbo,SERV_DISP_BINARY,DISPATCH_ID,nvarchar,NO
dbo,SERV_DISP_BINARY,TYPE,nchar,NO
dbo,SERV_DISP_BINARY,BITS,image,YES
dbo,SERV_DISP_BINARY,BITS_LENGTH,int,NO
dbo,SERVICE,ROWID,int,NO
dbo,SERVICE,ID,nvarchar,NO
dbo,SERVICE,DESCRIPTION,nvarchar,YES
dbo,SERVICE,VENDOR_ID,nvarchar,YES
dbo,SERVICE,VAT_CODE,nvarchar,YES
dbo,SERVICE,SERVICE_PART_ID,nvarchar,YES
dbo,SERVICE,USAGE_UM,nvarchar,YES
dbo,SERVICE,PLAN_TRANSIT_DAYS,smallint,YES
dbo,SERVICE,SCHEDULE_RANK,smallint,YES
dbo,SERVICE,RUN,decimal,YES
dbo,SERVICE,RUN_TYPE,nvarchar,YES
dbo,SERVICE,LOAD_SIZE_QTY,decimal,YES
dbo,SERVICE,MINIMUM_MOVE_QTY,decimal,YES
dbo,SERVICE,LONG_DESCRIPTION,image,YES
dbo,SERVICE,INTRASTAT_INCLUDE,nchar,YES
dbo,SERVICE,STATUS,nchar,YES
dbo,SERVICE,STATUS_EFF_DATE,datetime,NO
dbo,SERVICE,BID_RATE_CATEGORY_ID,nvarchar,YES
dbo,SERVICE_BINARY,ROWID,int,NO
dbo,SERVICE_BINARY,SERVICE_ID,nvarchar,NO
dbo,SERVICE_BINARY,TYPE,nchar,NO
dbo,SERVICE_BINARY,BITS,image,YES
dbo,SERVICE_BINARY,BITS_LENGTH,int,NO
dbo,SERVICE_CHARGE,ROWID,int,NO
dbo,SERVICE_CHARGE,ID,nvarchar,NO
dbo,SERVICE_CHARGE,DESCRIPTION,nvarchar,YES
dbo,SERVICE_CHARGE,TRADE_DISC_PERCENT,decimal,YES
dbo,SERVICE_CHARGE,COMMISSION_PCT,decimal,YES
dbo,SERVICE_CHARGE,SALES_TAX_GROUP_ID,nvarchar,YES
dbo,SERVICE_CHARGE,PRODUCT_CODE,nvarchar,YES
dbo,SERVICE_CHARGE,COMMODITY_CODE,nvarchar,YES
dbo,SERVICE_CHARGE,VAT_CODE,nvarchar,YES
dbo,SERVICE_CHARGE,UNIT_PRICE,decimal,YES
dbo,SERVICE_CHARGE,GL_REVENUE_ACCT_ID,nvarchar,YES
dbo,SERVICE_CHARGE,INTRASTAT_INCLUDE,nchar,YES
dbo,SERVICE_CHARGE,SITE_ID,nvarchar,NO
dbo,SERVICE_DISP_LINE,ROWID,int,NO
dbo,SERVICE_DISP_LINE,DISPATCH_ID,nvarchar,NO
dbo,SERVICE_DISP_LINE,LINE_NO,smallint,NO
dbo,SERVICE_DISP_LINE,PURC_ORDER_ID,nvarchar,YES
dbo,SERVICE_DISP_LINE,PURC_ORDER_LINE_NO,smallint,YES
dbo,SERVICE_DISP_LINE,SERVICE_ID,nvarchar,NO
dbo,SERVICE_DISP_LINE,SERVICE_PART_ID,nvarchar,YES
dbo,SERVICE_DISP_LINE,USER_DISPATCH_QTY,decimal,NO
dbo,SERVICE_DISP_LINE,DISPATCH_QTY,decimal,NO
dbo,SERVICE_DISP_LINE,RECEIVED_QTY,decimal,NO
dbo,SERVICE_DISP_LINE,ACT_FREIGHT,decimal,NO
dbo,SERVICE_DISP_LINE,SHIPPING_WEIGHT,decimal,YES
dbo,SERVICE_DISP_LINE,WEIGHT_UM,nvarchar,YES
dbo,SERVICE_DISP_LINE,SHIPPING_UM,nvarchar,YES
dbo,SERVICE_DISP_LINE,PROMISE_DATE,datetime,YES
dbo,SERVICE_DISP_LINE,DESIRED_RECV_DATE,datetime,YES
dbo,SERVICE_DISP_LINE,CALC_RECV_QTY,decimal,YES
dbo,SERVICE_DISP_LINE,VAT_CODE,nvarchar,YES
dbo,SERVICE_DISP_LINE,CARTON_COUNT,smallint,YES
dbo,SERVICE_DISP_LINE,PACKAGE_TYPE,nvarchar,YES
dbo,SERVICE_DISP_LINE,UNIT_COST,decimal,YES
dbo,SERVICE_DISP_LINE,DISPATCH_ADDR_ID,nvarchar,YES
dbo,SERVICE_DISP_LINE,net_ship_weight,decimal,YES
dbo,SERVICE_DISP_LINE,tare_weight,decimal,YES
dbo,SERVICE_DISP_LINE,pallet_count,decimal,YES
dbo,SERVICE_DISPATCH,ROWID,int,NO
dbo,SERVICE_DISPATCH,ID,nvarchar,NO
dbo,SERVICE_DISPATCH,PURC_ORDER_ID,nvarchar,YES
dbo,SERVICE_DISPATCH,VENDOR_ID,nvarchar,NO
dbo,SERVICE_DISPATCH,DISPATCHED_DATE,datetime,YES
dbo,SERVICE_DISPATCH,PRINTED_DATE,datetime,YES
dbo,SERVICE_DISPATCH,SHIP_TO_ADDR_NO,int,YES
dbo,SERVICE_DISPATCH,SHIP_FROM_ADDR_NO,int,YES
dbo,SERVICE_DISPATCH,FREE_ON_BOARD,nvarchar,YES
dbo,SERVICE_DISPATCH,SHIP_VIA,nvarchar,YES
dbo,SERVICE_DISPATCH,USER_ID,nvarchar,NO
dbo,SERVICE_DISPATCH,CREATE_DATE,datetime,NO
dbo,SERVICE_DISPATCH,MARKED_FOR_PURGE,nchar,YES
dbo,SERVICE_DISPATCH,SHIP_REASON_CD,nvarchar,YES
dbo,SERVICE_DISPATCH,CARRIER_ID,nvarchar,YES
dbo,SERVICE_DISPATCH,FREIGHT_TERMS,nchar,YES
dbo,SERVICE_DISPATCH,DISPATCH_ADDR_ID,nvarchar,YES
dbo,SERVICE_DISPATCH,TARE_WEIGHT,decimal,YES
dbo,SERVICE_DISPATCH,TOTAL_NET_WEIGHT,decimal,YES
dbo,SERVICE_DISPATCH,TOTAL_GROSS_WEIGHT,decimal,YES
dbo,SERVICE_DISPATCH,SITE_ID,nvarchar,NO
dbo,SERVICE_DISPATCHED,ROWID,int,NO
dbo,SERVICE_DISPATCHED,TRANSACTION_ID,int,NO
dbo,SERVICE_DISPATCHED,WORKORDER_TYPE,nchar,NO
dbo,SERVICE_DISPATCHED,WORKORDER_BASE_ID,nvarchar,NO
dbo,SERVICE_DISPATCHED,WORKORDER_LOT_ID,nvarchar,NO
dbo,SERVICE_DISPATCHED,WORKORDER_SPLIT_ID,nvarchar,NO
dbo,SERVICE_DISPATCHED,WORKORDER_SUB_ID,nvarchar,NO
dbo,SERVICE_DISPATCHED,OPERATION_SEQ_NO,smallint,NO
dbo,SERVICE_DISPATCHED,SERVICE_ID,nvarchar,NO
dbo,SERVICE_DISPATCHED,PURC_ORDER_ID,nvarchar,YES
dbo,SERVICE_DISPATCHED,PURC_ORDER_LINE_NO,smallint,YES
dbo,SERVICE_DISPATCHED,DISPATCH_ID,nvarchar,YES
dbo,SERVICE_DISPATCHED,DISPATCH_LINE_NO,smallint,YES
dbo,SERVICE_DISPATCHED,DISPATCHED_QTY,decimal,NO
dbo,SERVICE_DISPATCHED,USER_ID,nvarchar,NO
dbo,SERVICE_DISPATCHED,CREATE_DATE,datetime,NO
dbo,SERVICE_RCPT_CURR,ROWID,int,NO
dbo,SERVICE_RCPT_CURR,TRANSACTION_ID,int,NO
dbo,SERVICE_RCPT_CURR,CURRENCY_ID,nvarchar,NO
dbo,SERVICE_RCPT_CURR,ACT_MATERIAL_COST,decimal,NO
dbo,SERVICE_RCPT_CURR,ACT_LABOR_COST,decimal,NO
dbo,SERVICE_RCPT_CURR,ACT_BURDEN_COST,decimal,NO
dbo,SERVICE_RCPT_CURR,ACT_SERVICE_COST,decimal,NO
dbo,SERVICE_RCPT_CURR,SELL_RATE,decimal,NO
dbo,SERVICE_RCPT_CURR,BUY_RATE,decimal,NO
dbo,SERVICE_RCVR_DISP,ROWID,int,NO
dbo,SERVICE_RCVR_DISP,RECEIVER_ID,nvarchar,NO
dbo,SERVICE_RCVR_DISP,RECEIVER_LINE_NO,smallint,NO
dbo,SERVICE_RCVR_DISP,DISPATCH_ID,nvarchar,NO
dbo,SERVICE_RCVR_DISP,DISPATCH_LINE_NO,smallint,NO
dbo,SERVICE_RCVR_DISP,QTY,decimal,NO
dbo,SERVICE_RECEIPT,ROWID,int,NO
dbo,SERVICE_RECEIPT,TRANSACTION_ID,int,NO
dbo,SERVICE_RECEIPT,WORKORDER_TYPE,nchar,NO
dbo,SERVICE_RECEIPT,WORKORDER_BASE_ID,nvarchar,NO
dbo,SERVICE_RECEIPT,WORKORDER_LOT_ID,nvarchar,NO
dbo,SERVICE_RECEIPT,WORKORDER_SPLIT_ID,nvarchar,NO
dbo,SERVICE_RECEIPT,WORKORDER_SUB_ID,nvarchar,NO
dbo,SERVICE_RECEIPT,OPERATION_SEQ_NO,smallint,NO
dbo,SERVICE_RECEIPT,SERVICE_ID,nvarchar,NO
dbo,SERVICE_RECEIPT,FIXED_COST,decimal,NO
dbo,SERVICE_RECEIPT,GOOD_QTY,decimal,NO
dbo,SERVICE_RECEIPT,BAD_QTY,decimal,NO
dbo,SERVICE_RECEIPT,TRANSACTION_DATE,datetime,NO
dbo,SERVICE_RECEIPT,DESCRIPTION,nvarchar,YES
dbo,SERVICE_RECEIPT,USER_ID,nvarchar,YES
dbo,SERVICE_RECEIPT,PURC_ORDER_ID,nvarchar,YES
dbo,SERVICE_RECEIPT,PURC_ORDER_LINE_NO,smallint,YES
dbo,SERVICE_RECEIPT,ACT_SERVICE_COST,decimal,NO
dbo,SERVICE_RECEIPT,CREATE_DATE,datetime,NO
dbo,SERVICE_RECEIPT,REJECTED_QTY,decimal,YES
dbo,SERVICE_RECEIPT,ACT_FREIGHT,decimal,YES
dbo,SERVICE_RECEIPT,SHIPPING_WEIGHT,decimal,YES
dbo,SERVICE_RECEIPT,WEIGHT_UM,nvarchar,YES
dbo,SERVICE_RECEIPT,SERVICE_PART_ID,nvarchar,YES
dbo,SERVICE_RECEIPT,RECEIVER_ID,nvarchar,YES
dbo,SERVICE_RECEIPT,RECEIVER_LINE_NO,smallint,YES
dbo,SERVICE_RECEIPT,VENDOR_ID,nvarchar,YES
dbo,SERVICE_RECEIPT,UNIT_COST,decimal,YES
dbo,SERVICE_RECEIPT,PURC_DEL_LINE_NO,smallint,YES
dbo,SERVICE_RECEIPT,RCVR_DEL_LINE_NO,smallint,YES
dbo,SERVICE_RECEIPT,ACT_BURDEN_COST,decimal,NO
dbo,SERVICE_RECEIPT,DEPARTMENT_ID,nvarchar,YES
dbo,SERVICE_RECEIPT,COST_CATEGORY_ID,nvarchar,YES
dbo,SERVICE_RECEIPT,USER_GOOD_QTY,decimal,YES
dbo,SERVICE_RECEIPT,USER_BAD_QTY,decimal,YES
dbo,SERVICE_RECEIPT,ACT_RATE_ID,nvarchar,YES
dbo,SERVICE_RECEIPT,ACT_PERIOD_ID,nvarchar,YES
dbo,SERVICE_RECEIPT,RETRO_RATE_ID,nvarchar,YES
dbo,SERVICE_RECEIPT,RETRO_PERIOD_ID,nvarchar,YES
dbo,SERVICE_RECEIPT,RETRO_RATE_CODE,nchar,YES
dbo,SERVICE_RECEIPT,LAST_RETRO_DATE,datetime,YES
dbo,SERVICE_RECEIPT,SITE_ID,nvarchar,NO
dbo,SERVICE_SHIPPING,ROWID,int,NO
dbo,SERVICE_SHIPPING,VENDOR_ID,nvarchar,NO
dbo,SERVICE_SHIPPING,DISPATCH_ADDR_ID,nvarchar,NO
dbo,SERVICE_SHIPPING,SERVICE_ID,nvarchar,NO
dbo,SERVICE_SHIPPING,SERVICE_PART_ID,nvarchar,NO
dbo,SERVICE_SHIPPING,CONTAINER_PART_ID,nvarchar,NO
dbo,SERVICE_SHIPPING,CONTAINER_UM,nvarchar,YES
dbo,SERVICE_SHIPPING,CONTAINER_WEIGHT,decimal,YES
dbo,SERVICE_SHIPPING,STD_PCS_CONTAINER,decimal,YES
dbo,SERVICE_SHIPPING,SKID_PART_ID,nvarchar,YES
dbo,SERVICE_SHIPPING,SKID_UM,nvarchar,YES
dbo,SERVICE_SHIPPING,SKID_WEIGHT,decimal,YES
dbo,SERVICE_SHIPPING,STD_CONTAINER_SKID,decimal,YES
dbo,SERVICE_SHIPPING,CONTAINER_TYPE,nvarchar,YES
dbo,SERVICE_SHIPPING,DEFAULT_CONTAINER,nchar,YES
dbo,SERVICE_SHIPPING,VEND_SERV_PART_ID,nvarchar,YES
dbo,SERVICE_SHIPPING,PACKAGE_TYPE,nvarchar,YES
dbo,SERVICE_SHIPPING,CREATE_INV_TRANS,nchar,YES
dbo,SERVICE_SHIPPING,SERV_PART_WEIGHT,decimal,YES
dbo,SERVICE_SHIPPING,SERV_PART_WGHT_UM,nvarchar,YES
dbo,SERVICE_SHIPPING,DOCK_CODE,nvarchar,YES
dbo,SERVICE_SITE,ROWID,int,NO
dbo,SERVICE_SITE,SITE_ID,nvarchar,NO
dbo,SERVICE_SITE,SERVICE_ID,nvarchar,NO
dbo,SERVICE_SITE,VENDOR_ID,nvarchar,YES
dbo,SERVICE_SITE,EST_MIN_CHARGE,decimal,NO
dbo,SERVICE_SITE,EST_BASE_CHARGE,decimal,NO
dbo,SERVICE_SITE,SERVICE_PART_ID,nvarchar,YES
dbo,SERVICE_SITE,PLAN_TRANSIT_DAYS,smallint,YES
dbo,SERVICE_SITE,SCHEDULE_RANK,smallint,YES
dbo,SERVICE_SITE,RUN,decimal,YES
dbo,SERVICE_SITE,RUN_TYPE,nvarchar,YES
dbo,SERVICE_SITE,LOAD_SIZE_QTY,decimal,YES
dbo,SERVICE_SITE,MINIMUM_MOVE_QTY,decimal,YES
dbo,SERVICE_SITE,EST_COST_PER_UNIT,decimal,NO
dbo,SERVICE_SITE,STATUS,nchar,YES
dbo,SERVICE_SITE,VAT_CODE,nvarchar,YES
dbo,SERVICE_SITE,INTRASTAT_INCLUDE,nvarchar,YES
dbo,SERVICE_SITE,STATUS_EFF_DATE,datetime,NO
dbo,SERVICE_SITE,BID_RATE_CATEGORY_ID,nvarchar,YES
dbo,SERVICE_UNIT_CONV,ROWID,int,NO
dbo,SERVICE_UNIT_CONV,SERVICE_ID,nvarchar,NO
dbo,SERVICE_UNIT_CONV,FROM_UM,nvarchar,NO
dbo,SERVICE_UNIT_CONV,TO_UM,nvarchar,NO
dbo,SERVICE_UNIT_CONV,CONVERSION_FACTOR,decimal,NO
dbo,SETTINGS,ROWID,int,NO
dbo,SETTINGS,NAME,nvarchar,NO
dbo,SETTINGS,SETTING_VALUE,nvarchar,YES
dbo,SETUP_ATTRIBUTE,ROWID,int,NO
dbo,SETUP_ATTRIBUTE,ID,nvarchar,NO
dbo,SETUP_ATTRIBUTE,DESCRIPTION,nvarchar,YES
dbo,SETUP_ATTRIBUTE,DATA_TYPE,nchar,NO
dbo,SETUP_TYPE,ROWID,int,NO
dbo,SETUP_TYPE,ID,nvarchar,NO
dbo,SETUP_TYPE,DESCRIPTION,nvarchar,YES
dbo,SETUP_TYPE_ATTRIB,ROWID,int,NO
dbo,SETUP_TYPE_ATTRIB,SETUP_ID,nvarchar,NO
dbo,SETUP_TYPE_ATTRIB,ATTRIBUTE_ID,nvarchar,NO
dbo,SETUP_TYPE_ATTRIB,RANK,int,YES
dbo,SETUP_TYPE_ATTRIB,SORT_KEY,nchar,NO
dbo,SETUP_TYPE_ATTRIB,SORT_SEQUENCE,nchar,YES
dbo,SHIFT,ROWID,int,NO
dbo,SHIFT,ID,nvarchar,NO
dbo,SHIFT,DESCRIPTION,nvarchar,YES
dbo,SHIFT,SHIFT_BEG_BEF_WIN,smallint,YES
dbo,SHIFT,SHIFT_BEG_AFT_WIN,smallint,YES
dbo,SHIFT,SHIFT_END_BEF_WIN,smallint,YES
dbo,SHIFT,SHIFT_END_AFT_WIN,smallint,YES
dbo,SHIFT,BTWN_JOB_LAG_TIME,smallint,YES
dbo,SHIFT,BREAKS_WINDOW,smallint,YES
dbo,SHIFT,INDIRECT_ID,nvarchar,YES
dbo,SHIFT_DAY,ROWID,int,NO
dbo,SHIFT_DAY,SHIFT_ID,nvarchar,NO
dbo,SHIFT_DAY,SHIFT_CODE,smallint,NO
dbo,SHIFT_DAY,DESCRIPTION,nvarchar,YES
dbo,SHIFT_DAY,SHIFT_START,datetime,YES
dbo,SHIFT_DAY,SHIFT_END,datetime,YES
dbo,SHIFT_DAY,MEAL_START,datetime,YES
dbo,SHIFT_DAY,MEAL_END,datetime,YES
dbo,SHIFT_DAY,MEAL_TYPE,nchar,NO
dbo,SHIFT_DAY,MEAL_MANUAL,nchar,NO
dbo,SHIFT_DAY,BREAK1_START,datetime,YES
dbo,SHIFT_DAY,BREAK1_END,datetime,YES
dbo,SHIFT_DAY,BREAK1_TYPE,nchar,NO
dbo,SHIFT_DAY,BREAK1_MANUAL,nchar,NO
dbo,SHIFT_DAY,BREAK2_START,datetime,YES
dbo,SHIFT_DAY,BREAK2_END,datetime,YES
dbo,SHIFT_DAY,BREAK2_TYPE,nchar,NO
dbo,SHIFT_DAY,BREAK2_MANUAL,nchar,NO
dbo,SHIFT_DAY,BREAK3_START,datetime,YES
dbo,SHIFT_DAY,BREAK3_END,datetime,YES
dbo,SHIFT_DAY,BREAK3_TYPE,nchar,NO
dbo,SHIFT_DAY,BREAK3_MANUAL,nchar,NO
dbo,SHIFT_DAY,PAID_BREAKS,nchar,YES
dbo,SHIFT_DAY,PERIODS_PER_HOUR,int,YES
dbo,SHIP_REASON,ROWID,int,NO
dbo,SHIP_REASON,TYPE,nchar,NO
dbo,SHIP_REASON,CODE,nvarchar,NO
dbo,SHIP_REASON,DESCRIPTION,nvarchar,YES
dbo,SHIP_REASON,GL_ACCT_ID,nvarchar,YES
dbo,SHIP_REASON,DEFAULT_WHSE_ID,nvarchar,YES
dbo,SHIP_VIA,ROWID,int,NO
dbo,SHIP_VIA,CODE,nvarchar,NO
dbo,SHIP_VIA,DESCRIPTION,nvarchar,YES
dbo,SHIP_VIA_SYNC,ROWID,int,NO
dbo,SHIP_VIA_SYNC,EVENT_ID,int,NO
dbo,SHIP_VIA_SYNC,TYPE,nchar,NO
dbo,SHIP_VIA_SYNC,CREATE_DATE,datetime,NO
dbo,SHIP_VIA_SYNC,SHIP_VIA_CODE,nvarchar,NO
dbo,SHIP_VIA_SYNC,EXCEPTION,nchar,NO
dbo,SHIP_VIA_SYNC,SUBSCRIPTIONS,int,NO
dbo,SHIPMENT_DETAIL,ROWID,int,NO
dbo,SHIPMENT_DETAIL,CUST_ORDER_ID,nvarchar,NO
dbo,SHIPMENT_DETAIL,DIST_NO,smallint,NO
dbo,SHIPMENT_DETAIL,TRANSACTION_ID,int,NO
dbo,SHIPMENT_DETAIL,CUST_ORDER_LINE_NO,smallint,NO
dbo,SHIPMENT_DETAIL,PART_ID,nvarchar,YES
dbo,SHIPMENT_DETAIL,PRODUCT_CODE,nvarchar,YES
dbo,SHIPMENT_DETAIL,ACT_MATERIAL_COST,decimal,YES
dbo,SHIPMENT_DETAIL,ACT_LABOR_COST,decimal,YES
dbo,SHIPMENT_DETAIL,ACT_BURDEN_COST,decimal,YES
dbo,SHIPMENT_DETAIL,ACT_SERVICE_COST,decimal,YES
dbo,SHIPMENT_DETAIL,REFERENCE,nvarchar,YES
dbo,SHIPMENT_DETAIL,CURRENCY_ID,nvarchar,NO
dbo,SHIPMENT_DETAIL,DR_MAT_GL_ACCT_ID,nvarchar,YES
dbo,SHIPMENT_DETAIL,DR_LAB_GL_ACCT_ID,nvarchar,YES
dbo,SHIPMENT_DETAIL,DR_BUR_GL_ACCT_ID,nvarchar,YES
dbo,SHIPMENT_DETAIL,DR_SER_GL_ACCT_ID,nvarchar,YES
dbo,SHIPMENT_DETAIL,CR_MAT_GL_ACCT_ID,nvarchar,YES
dbo,SHIPMENT_DETAIL,CR_LAB_GL_ACCT_ID,nvarchar,YES
dbo,SHIPMENT_DETAIL,CR_BUR_GL_ACCT_ID,nvarchar,YES
dbo,SHIPMENT_DETAIL,CR_SER_GL_ACCT_ID,nvarchar,YES
dbo,SHIPMENT_DIST,ROWID,int,NO
dbo,SHIPMENT_DIST,CUST_ORDER_ID,nvarchar,NO
dbo,SHIPMENT_DIST,DIST_NO,smallint,NO
dbo,SHIPMENT_DIST,ENTRY_NO,smallint,NO
dbo,SHIPMENT_DIST,PART_ID,nvarchar,YES
dbo,SHIPMENT_DIST,AMOUNT,decimal,NO
dbo,SHIPMENT_DIST,AMOUNT_TYPE,nchar,NO
dbo,SHIPMENT_DIST,GL_ACCOUNT_ID,nvarchar,NO
dbo,SHIPMENT_DIST,SITE_ID,nvarchar,NO
dbo,SHIPMENT_DIST,POSTING_STATUS,nchar,NO
dbo,SHIPMENT_DIST,POSTING_DATE,datetime,NO
dbo,SHIPMENT_DIST,BATCH_ID,nvarchar,YES
dbo,SHIPMENT_DIST,CREATE_DATE,datetime,NO
dbo,SHIPMENT_DIST,USER_ID,nvarchar,NO
dbo,SHIPMENT_DIST,CURRENCY_ID,nvarchar,NO
dbo,SHIPMENT_DIST,NATIVE,nchar,YES
dbo,SHIPPER,ROWID,int,NO
dbo,SHIPPER,PACKLIST_ID,nvarchar,NO
dbo,SHIPPER,CUST_ORDER_ID,nvarchar,NO
dbo,SHIPPER,SHIPPED_DATE,datetime,YES
dbo,SHIPPER,INVOICE_ID,nvarchar,YES
dbo,SHIPPER,INVOICED_DATE,datetime,YES
dbo,SHIPPER,CREATE_DATE,datetime,NO
dbo,SHIPPER,USER_ID,nvarchar,NO
dbo,SHIPPER,MARKED_FOR_PURGE,nchar,NO
dbo,SHIPPER,LONG_DESCRIPTION,image,YES
dbo,SHIPPER,BOL_ID,nvarchar,YES
dbo,SHIPPER,ASN_ID,nvarchar,YES
dbo,SHIPPER,PRINTED_DATE,datetime,YES
dbo,SHIPPER,STATUS,nchar,NO
dbo,SHIPPER,STATUS_USER_ID,nvarchar,YES
dbo,SHIPPER,SHIP_TO_ADDR_NO,int,YES
dbo,SHIPPER,FREE_ON_BOARD,nvarchar,YES
dbo,SHIPPER,SHIP_VIA,nvarchar,YES
dbo,SHIPPER,SALES_TAX_GROUP_ID,nvarchar,YES
dbo,SHIPPER,SITE_ID,nvarchar,NO
dbo,SHIPPER,ESL_REPORT_NO,int,YES
dbo,SHIPPER,ESL_FILENAME,nvarchar,YES
dbo,SHIPPER,SHIP_REASON_CD,nvarchar,YES
dbo,SHIPPER,CUSTOMS_DOC_ID,nvarchar,YES
dbo,SHIPPER,POOL_CODE,nvarchar,YES
dbo,SHIPPER,VEHICLE_NUMBER,nvarchar,YES
dbo,SHIPPER,INTER_CONSIGNEE,nvarchar,YES
dbo,SHIPPER,TARE_WEIGHT,decimal,YES
dbo,SHIPPER,TOTAL_NET_WEIGHT,decimal,YES
dbo,SHIPPER,TOTAL_GROSS_WEIGHT,decimal,YES
dbo,SHIPPER,SHIPPED_TIME,datetime,YES
dbo,SHIPPER,EXPECTED_DEL_DATE,datetime,YES
dbo,SHIPPER,EXPECTED_DEL_TIME,datetime,YES
dbo,SHIPPER,WAYBILL_NUMBER,nvarchar,YES
dbo,SHIPPER,WSA_ID,nvarchar,YES
dbo,SHIPPER,LOAD_START_DATE,datetime,YES
dbo,SHIPPER,LOAD_START_TIME,datetime,YES
dbo,SHIPPER,LOAD_COMPLETE_DATE,datetime,YES
dbo,SHIPPER,LOAD_COMPLETE_TIME,datetime,YES
dbo,SHIPPER,LOAD_DURATION,datetime,YES
dbo,SHIPPER,SALESREP_ID,nvarchar,YES
dbo,SHIPPER,USER_1,nvarchar,YES
dbo,SHIPPER,USER_2,nvarchar,YES
dbo,SHIPPER,USER_3,nvarchar,YES
dbo,SHIPPER,USER_4,nvarchar,YES
dbo,SHIPPER,USER_5,nvarchar,YES
dbo,SHIPPER,USER_6,nvarchar,YES
dbo,SHIPPER,USER_7,nvarchar,YES
dbo,SHIPPER,USER_8,nvarchar,YES
dbo,SHIPPER,USER_9,nvarchar,YES
dbo,SHIPPER,USER_10,nvarchar,YES
dbo,SHIPPER,UDF_LAYOUT_ID,nvarchar,YES
dbo,SHIPPER,STATUS_EFF_DATE,datetime,NO
dbo,SHIPPER,ACTUAL_DEL_DATE,datetime,YES
dbo,SHIPPER,DOC_FILE_PATH,nvarchar,YES
dbo,SHIPPER,DOCUMENT_ID,nvarchar,YES
dbo,SHIPPER,DISTRIBUTED_DATE,datetime,YES
dbo,SHIPPER,DOC_TOTAL_AMOUNT,decimal,YES
dbo,SHIPPER,CUST_SHIP_CHG_ACCT_NO,nvarchar,YES
dbo,SHIPPER_INVOICE,ROWID,int,NO
dbo,SHIPPER_INVOICE,PACKLIST_ID,nvarchar,NO
dbo,SHIPPER_INVOICE,SITE_ID,nvarchar,NO
dbo,SHIPPER_INVOICE,INVOICE_ID,nvarchar,YES
dbo,SHIPPER_INVOICE,INVOICED_DATE,datetime,YES
dbo,SHIPPER_INVOICE,INVOICE_CANDIDATE,nchar,NO
dbo,SHIPPER_INVOICE,DOC_FILE_PATH,nvarchar,YES
dbo,SHIPPER_INVOICE,DOCUMENT_ID,nvarchar,YES
dbo,SHIPPER_INVOICE,DISTRIBUTED_DATE,datetime,YES
dbo,SHIPPER_INVOICE,DOC_TOTAL_AMOUNT,decimal,YES
dbo,SHIPPER_LINE,ROWID,int,NO
dbo,SHIPPER_LINE,PACKLIST_ID,nvarchar,NO
dbo,SHIPPER_LINE,LINE_NO,smallint,NO
dbo,SHIPPER_LINE,CUST_ORDER_ID,nvarchar,NO
dbo,SHIPPER_LINE,CUST_ORDER_LINE_NO,smallint,YES
dbo,SHIPPER_LINE,USER_SHIPPED_QTY,decimal,NO
dbo,SHIPPER_LINE,SHIPPED_QTY,decimal,NO
dbo,SHIPPER_LINE,ACT_FREIGHT,decimal,NO
dbo,SHIPPER_LINE,SHIPPING_WEIGHT,decimal,YES
dbo,SHIPPER_LINE,WEIGHT_UM,nvarchar,YES
dbo,SHIPPER_LINE,CARTON_COUNT,smallint,YES
dbo,SHIPPER_LINE,TRANSACTION_ID,int,YES
dbo,SHIPPER_LINE,NMFC_CODE_ID,nvarchar,YES
dbo,SHIPPER_LINE,PACKAGE_TYPE,nvarchar,YES
dbo,SHIPPER_LINE,PALLET_COUNT,smallint,YES
dbo,SHIPPER_LINE,SHIPPING_UM,nvarchar,YES
dbo,SHIPPER_LINE,UNIT_PRICE,decimal,YES
dbo,SHIPPER_LINE,TRADE_DISC_PERCENT,decimal,YES
dbo,SHIPPER_LINE,COMMISSION_PCT,decimal,YES
dbo,SHIPPER_LINE,SALES_TAX_GROUP_ID,nvarchar,YES
dbo,SHIPPER_LINE,GL_REVENUE_ACCT_ID,nvarchar,YES
dbo,SHIPPER_LINE,LONG_DESCRIPTION,image,YES
dbo,SHIPPER_LINE,PIECE_COUNT,decimal,YES
dbo,SHIPPER_LINE,LENGTH,decimal,YES
dbo,SHIPPER_LINE,WIDTH,decimal,YES
dbo,SHIPPER_LINE,HEIGHT,decimal,YES
dbo,SHIPPER_LINE,DIMENSIONS_UM,nvarchar,YES
dbo,SHIPPER_LINE,SHIP_DIMENSIONS,nvarchar,YES
dbo,SHIPPER_LINE,SERVICE_CHARGE_ID,nvarchar,YES
dbo,SHIPPER_LINE,MISC_REFERENCE,nvarchar,YES
dbo,SHIPPER_LINE,VAT_CODE,nvarchar,YES
dbo,SHIPPER_LINE,RMA_ID,nvarchar,YES
dbo,SHIPPER_LINE,RMA_LINE_NO,smallint,YES
dbo,SHIPPER_LINE,HTS_CODE,nvarchar,YES
dbo,SHIPPER_LINE,ORIG_COUNTRY_ID,nvarchar,YES
dbo,SHIPPER_LINE,ITA_SPECIAL_CHARGE,nvarchar,YES
dbo,SHIPPER_LINE,NET_SHIP_WEIGHT,decimal,YES
dbo,SHIPPER_LINE,TARE_WEIGHT,decimal,YES
dbo,SHIPPER_LINE,NO_INVOICE,nchar,YES
dbo,SHIPPER_LINE,REVENUE_STATUS,nchar,YES
dbo,SHIPPER_LINE,RECEIVABLE_AMOUNT,decimal,YES
dbo,SHIPPER_LINE,INTRASTAT_AMOUNT,decimal,YES
dbo,SHIPPER_LINE,USER_1,nvarchar,YES
dbo,SHIPPER_LINE,USER_2,nvarchar,YES
dbo,SHIPPER_LINE,USER_3,nvarchar,YES
dbo,SHIPPER_LINE,USER_4,nvarchar,YES
dbo,SHIPPER_LINE,USER_5,nvarchar,YES
dbo,SHIPPER_LINE,USER_6,nvarchar,YES
dbo,SHIPPER_LINE,USER_7,nvarchar,YES
dbo,SHIPPER_LINE,USER_8,nvarchar,YES
dbo,SHIPPER_LINE,USER_9,nvarchar,YES
dbo,SHIPPER_LINE,USER_10,nvarchar,YES
dbo,SHIPPER_LINE,UDF_LAYOUT_ID,nvarchar,YES
dbo,SHIPPER_LINE,DESCRIPTION,nvarchar,YES
dbo,SHIPPER_LINE,SERVICE_CHG_SITE_ID,nvarchar,YES
dbo,SHIPPER_LINE_DEL,ROWID,int,NO
dbo,SHIPPER_LINE_DEL,PACKLIST_ID,nvarchar,NO
dbo,SHIPPER_LINE_DEL,PACKLIST_LINE_NO,smallint,NO
dbo,SHIPPER_LINE_DEL,LINE_NO,smallint,NO
dbo,SHIPPER_LINE_DEL,CUST_ORDER_ID,nvarchar,YES
dbo,SHIPPER_LINE_DEL,CUST_ORDER_LINE_NO,smallint,YES
dbo,SHIPPER_LINE_DEL,CUST_DEL_LINE_NO,smallint,YES
dbo,SHIPPER_LINE_DEL,USER_SHIPPED_QTY,decimal,YES
dbo,SHIPPER_LINE_DEL,SHIPPED_QTY,decimal,YES
dbo,SHIPPER_LINE_DEL,USER_1,nvarchar,YES
dbo,SHIPPER_LINE_DEL,USER_2,nvarchar,YES
dbo,SHIPPER_LINE_DEL,USER_3,nvarchar,YES
dbo,SHIPPER_LINE_DEL,USER_4,nvarchar,YES
dbo,SHIPPER_LINE_DEL,USER_5,nvarchar,YES
dbo,SHIPPER_LINE_DEL,USER_6,nvarchar,YES
dbo,SHIPPER_LINE_DEL,USER_7,nvarchar,YES
dbo,SHIPPER_LINE_DEL,USER_8,nvarchar,YES
dbo,SHIPPER_LINE_DEL,USER_9,nvarchar,YES
dbo,SHIPPER_LINE_DEL,USER_10,nvarchar,YES
dbo,SHIPPER_LINE_DEL,UDF_LAYOUT_ID,nvarchar,YES
dbo,SHIPPER_LINE_DEL,PIECE_COUNT,decimal,YES
dbo,SHIPPER_LINK,ROWID,int,NO
dbo,SHIPPER_LINK,BOL_ID,nvarchar,YES
dbo,SHIPPER_LINK,TARE_ID,nvarchar,YES
dbo,SHIPPER_LINK,PALLET_ID,nvarchar,YES
dbo,SHIPPER_LINK,CARTON_ID,nvarchar,YES
dbo,SHIPPER_LINK,CARTON_LINE_NO,smallint,YES
dbo,SHIPPER_LINK,CUST_ORDER_ID,nvarchar,YES
dbo,SHIPPER_LINK,CUST_ORDER_LINE_NO,smallint,YES
dbo,SHIPPER_LINK,CUST_ORDER_DEL_NO,smallint,YES
dbo,SHIPPER_LINK,PACKLIST_ID,nvarchar,YES
dbo,SHIPPER_LINK,PACKLIST_LINE_NO,smallint,YES
dbo,SHIPPER_LINK,QTY,decimal,YES
dbo,SHIPTO_ADDRESS,ROWID,int,NO
dbo,SHIPTO_ADDRESS,ADDR_NO,int,NO
dbo,SHIPTO_ADDRESS,NAME,nvarchar,YES
dbo,SHIPTO_ADDRESS,ADDR_1,nvarchar,YES
dbo,SHIPTO_ADDRESS,ADDR_2,nvarchar,YES
dbo,SHIPTO_ADDRESS,ADDR_3,nvarchar,YES
dbo,SHIPTO_ADDRESS,CITY,nvarchar,YES
dbo,SHIPTO_ADDRESS,STATE,nvarchar,YES
dbo,SHIPTO_ADDRESS,ZIPCODE,nvarchar,YES
dbo,SHIPTO_ADDRESS,COUNTRY,nvarchar,YES
dbo,SHIPTO_ADDRESS,ARRIVAL_CODE,nvarchar,YES
dbo,SHIPTO_ADDRESS,TRANS_CODE,nvarchar,YES
dbo,SHIPTO_ADDRESS,COUNTRY_ID,nvarchar,YES
dbo,SHIPTO_ADDRESS,NATURE_OF_TRANS,int,YES
dbo,SHIPTO_ADDRESS,MODE_OF_TRANSPORT,int,YES
dbo,SHIPTO_ADDRESS,SIRET_NUMBER,decimal,YES
dbo,SHIPTO_ADDRESS,SHIPTO_ID,nvarchar,YES
dbo,SHIPTO_ADDRESS,VAT_CODE,nvarchar,YES
dbo,SHIPTO_ADDRESS,VAT_OVERRIDE_SEQ,nvarchar,YES
dbo,SHIPTO_ADDRESS,SHIPTO_ADDR_COUNTRY_ID,nvarchar,YES
dbo,SHIPTO_ALT_WAREHS,CUSTOMER_ID,nvarchar,NO
dbo,SHIPTO_ALT_WAREHS,SHIPTO_ID,nvarchar,NO
dbo,SHIPTO_ALT_WAREHS,WAREHOUSE_ID,nvarchar,NO
dbo,SHIPTO_ALT_WAREHS,RANK,smallint,NO
dbo,SHIPTO_ALT_WAREHS,ROWID,int,NO
dbo,SHIPTO_PRICE_GROUP,CODE,nvarchar,NO
dbo,SHIPTO_PRICE_GROUP,ROWID,int,NO
dbo,SHOP_GROUP,ROWID,int,NO
dbo,SHOP_GROUP,GROUP_RESOURCE_ID,nvarchar,NO
dbo,SHOP_GROUP,SEQ_NO,smallint,NO
dbo,SHOP_GROUP,SUB_RESOURCE_ID,nvarchar,NO
dbo,SHOP_GROUP,EFFICIENCY_FACTOR,decimal,YES
dbo,SHOP_RESOURCE,ROWID,int,NO
dbo,SHOP_RESOURCE,ID,nvarchar,NO
dbo,SHOP_RESOURCE,DESCRIPTION,nvarchar,YES
dbo,SHOP_RESOURCE,SCHEDULE_NORMALLY,nchar,NO
dbo,SHOP_RESOURCE,AUTO_REPORTING,nchar,NO
dbo,SHOP_RESOURCE,TYPE,nchar,NO
dbo,SHOP_RESOURCE,EXCLUSIVITY,nchar,NO
dbo,SHOP_RESOURCE,SHIFT_1_CAPACITY,smallint,NO
dbo,SHOP_RESOURCE,SHIFT_2_CAPACITY,smallint,NO
dbo,SHOP_RESOURCE,SHIFT_3_CAPACITY,smallint,NO
dbo,SHOP_RESOURCE,SCHEDULE_GROUP_ID,nvarchar,YES
dbo,SHOP_RESOURCE,STATUS_RANK,smallint,NO
dbo,SHOP_RESOURCE,GL_ACCT_ID,nvarchar,YES
dbo,SHOP_RESOURCE,AFC_GL_ACCT_ID,nvarchar,YES
dbo,SHOP_RESOURCE,AFB_GL_ACCT_ID,nvarchar,YES
dbo,SHOP_RESOURCE,GRID_ROW,smallint,YES
dbo,SHOP_RESOURCE,GRID_COLUMN,smallint,YES
dbo,SHOP_RESOURCE,SCHEDULE_TYPE,smallint,YES
dbo,SHOP_RESOURCE,MIN_SEGMENT_SIZE,decimal,YES
dbo,SHOP_RESOURCE,EFFICIENCY_FACTOR,decimal,YES
dbo,SHOP_RESOURCE,SERVICE_BUFFER,int,YES
dbo,SHOP_RESOURCE,MONITOR_LOAD,nchar,YES
dbo,SHOP_RESOURCE,WBS_RESOURCE_TYPE,nchar,YES
dbo,SHOP_RESOURCE,COST_CATEGORY_ID,nvarchar,YES
dbo,SHOP_RESOURCE,DEPARTMENT_ID,nvarchar,YES
dbo,SHOP_RESOURCE,USER_1,nvarchar,YES
dbo,SHOP_RESOURCE,USER_2,nvarchar,YES
dbo,SHOP_RESOURCE,USER_3,nvarchar,YES
dbo,SHOP_RESOURCE,USER_4,nvarchar,YES
dbo,SHOP_RESOURCE,USER_5,nvarchar,YES
dbo,SHOP_RESOURCE,USER_6,nvarchar,YES
dbo,SHOP_RESOURCE,USER_7,nvarchar,YES
dbo,SHOP_RESOURCE,USER_8,nvarchar,YES
dbo,SHOP_RESOURCE,USER_9,nvarchar,YES
dbo,SHOP_RESOURCE,USER_10,nvarchar,YES
dbo,SHOP_RESOURCE,UDF_LAYOUT_ID,nvarchar,YES
dbo,SHOP_RESOURCE,STATUS,nchar,YES
dbo,SHOP_RESOURCE,BID_RATE_CATEGORY_ID,nvarchar,YES
dbo,SHOP_RESOURCE_SITE,ROWID,int,NO
dbo,SHOP_RESOURCE_SITE,SITE_ID,nvarchar,NO
dbo,SHOP_RESOURCE_SITE,RESOURCE_ID,nvarchar,NO
dbo,SHOP_RESOURCE_SITE,SCHEDULE_NORMALLY,nchar,YES
dbo,SHOP_RESOURCE_SITE,AUTO_REPORTING,nchar,YES
dbo,SHOP_RESOURCE_SITE,SHIFT_1_CAPACITY,smallint,YES
dbo,SHOP_RESOURCE_SITE,SHIFT_2_CAPACITY,smallint,YES
dbo,SHOP_RESOURCE_SITE,SHIFT_3_CAPACITY,smallint,YES
dbo,SHOP_RESOURCE_SITE,SETUP_COST_PER_HR,decimal,NO
dbo,SHOP_RESOURCE_SITE,RUN_COST_PER_HR,decimal,NO
dbo,SHOP_RESOURCE_SITE,SERVICE_BUFFER,int,YES
dbo,SHOP_RESOURCE_SITE,BUR_PER_HR_SETUP,decimal,NO
dbo,SHOP_RESOURCE_SITE,BUR_PER_HR_RUN,decimal,NO
dbo,SHOP_RESOURCE_SITE,RUN_COST_PER_UNIT,decimal,NO
dbo,SHOP_RESOURCE_SITE,BUR_PERCENT_SETUP,decimal,NO
dbo,SHOP_RESOURCE_SITE,BUR_PERCENT_RUN,decimal,NO
dbo,SHOP_RESOURCE_SITE,BUR_PER_OPERATION,decimal,NO
dbo,SHOP_RESOURCE_SITE,GL_ACCT_ID,nvarchar,YES
dbo,SHOP_RESOURCE_SITE,AFC_GL_ACCT_ID,nvarchar,YES
dbo,SHOP_RESOURCE_SITE,AFB_GL_ACCT_ID,nvarchar,YES
dbo,SHOP_RESOURCE_SITE,SCHEDULE_TYPE,smallint,YES
dbo,SHOP_RESOURCE_SITE,MIN_SEGMENT_SIZE,decimal,YES
dbo,SHOP_RESOURCE_SITE,EFFICIENCY_FACTOR,decimal,YES
dbo,SHOP_RESOURCE_SITE,BUR_PER_UNIT_RUN,decimal,NO
dbo,SHOP_RESOURCE_SITE,MONITOR_LOAD,nchar,YES
dbo,SHOP_RESOURCE_SITE,COST_CATEGORY_ID,nvarchar,YES
dbo,SHOP_RESOURCE_SITE,DEPARTMENT_ID,nvarchar,YES
dbo,SHOP_RESOURCE_SITE,STATUS,nchar,YES
dbo,SHOP_RESOURCE_SITE,UDF_LAYOUT_ID,nvarchar,YES
dbo,SHOP_RESOURCE_SITE,USER_1,nvarchar,YES
dbo,SHOP_RESOURCE_SITE,USER_2,nvarchar,YES
dbo,SHOP_RESOURCE_SITE,USER_3,nvarchar,YES
dbo,SHOP_RESOURCE_SITE,USER_4,nvarchar,YES
dbo,SHOP_RESOURCE_SITE,USER_5,nvarchar,YES
dbo,SHOP_RESOURCE_SITE,USER_6,nvarchar,YES
dbo,SHOP_RESOURCE_SITE,USER_7,nvarchar,YES
dbo,SHOP_RESOURCE_SITE,USER_8,nvarchar,YES
dbo,SHOP_RESOURCE_SITE,USER_9,nvarchar,YES
dbo,SHOP_RESOURCE_SITE,USER_10,nvarchar,YES
dbo,SHOP_RESOURCE_SITE,BID_RATE_CATEGORY_ID,nvarchar,YES
dbo,SHOP_VIEW,ROWID,int,NO
dbo,SHOP_VIEW,VIEW_ID,nvarchar,NO
dbo,SHOP_VIEW,SEQ_NO,smallint,NO
dbo,SHOP_VIEW,RESOURCE_ID,nvarchar,NO
dbo,SIC,ROWID,int,NO
dbo,SIC,CODE,nvarchar,NO
dbo,SIC,DESCRIPTION,nvarchar,YES
dbo,SIC_SYNC,ROWID,int,NO
dbo,SIC_SYNC,EVENT_ID,int,NO
dbo,SIC_SYNC,TYPE,nchar,NO
dbo,SIC_SYNC,CREATE_DATE,datetime,NO
dbo,SIC_SYNC,SIC_CODE,nvarchar,NO
dbo,SIC_SYNC,EXCEPTION,nchar,NO
dbo,SIC_SYNC,SUBSCRIPTIONS,int,NO
dbo,SIMULATION,ROWID,int,NO
dbo,SIMULATION,ID,nvarchar,NO
dbo,SIMULATION,DESCRIPTION,nvarchar,YES
dbo,SIMULATION,STATUS,nchar,YES
dbo,SIMULATION,APPLIED_DATE,datetime,YES
dbo,SIMULATION,NOTES,nvarchar,YES
dbo,SIMULATION,BATCH_ID,nvarchar,YES
dbo,SIMULATION,SITE_ID,nvarchar,NO
dbo,SITE,ROWID,int,NO
dbo,SITE,ID,nvarchar,NO
dbo,SITE,ENTITY_ID,nvarchar,NO
dbo,SITE,SOFT_ALLOC_DATE,datetime,YES
dbo,SITE,SITE_NAME,nvarchar,YES
dbo,SITE,SITE_ADDR_1,nvarchar,YES
dbo,SITE,SITE_ADDR_2,nvarchar,YES
dbo,SITE,SITE_ADDR_3,nvarchar,YES
dbo,SITE,SITE_CITY,nvarchar,YES
dbo,SITE,SITE_STATE,nvarchar,YES
dbo,SITE,SITE_ZIPCODE,nvarchar,YES
dbo,SITE,SITE_COUNTRY,nvarchar,YES
dbo,SITE,STATUS,nchar,YES
dbo,SITE,DEF_SHIPPER_STATUS,nchar,NO
dbo,SITE,DEMAND_FENCE_1,int,YES
dbo,SITE,DEMAND_FENCE_2,int,YES
dbo,SITE,USE_MRP_DMND_FENCE,nchar,YES
dbo,SITE,SHOW_LOC_MESSAGE,nchar,YES
dbo,SITE,SHOW_WHS_MESSAGE,nchar,YES
dbo,SITE,ADD_LOC_ON_FLY,nchar,NO
dbo,SITE,ALLOC_TO_LATER_DEM,nchar,NO
dbo,SITE,SCH_NOTCH_SIZE,smallint,YES
dbo,SITE,USE_CAL_RLS_CALC,nchar,YES
dbo,SITE,USE_CAL_LT_CALC,nchar,YES
dbo,SITE,HARD_RELEASE_DATE,nchar,YES
dbo,SITE,USE_SUPPLY_BEF_LT,nchar,YES
dbo,SITE,DBR_CAN_DELETE_WO,nchar,YES
dbo,SITE,FLAG_RES_CCR_PCT,int,YES
dbo,SITE,FREE_WO_SHIP_BUF,int,NO
dbo,SITE,ALLOCATE_NEGATIVE,nchar,YES
dbo,SITE,ISSUE_NEGATIVE,nchar,YES
dbo,SITE,ISSNEG_LOCATION,nchar,YES
dbo,SITE,SHIP_TRK_ENABLED,nchar,YES
dbo,SITE,DEF_LBL_FORMAT_ID,nvarchar,YES
dbo,SITE,PARTIAL_SHIP_PREPAY_BAL,nchar,YES
dbo,SITE,SHP_REASON_CD_REQ,nchar,YES
dbo,SITE,ECN_CHANGE_ON_HOLD,nchar,YES
dbo,SITE,ECN_CMNT_PWD_REQ,nchar,YES
dbo,SITE,ECN_GEN_ALL_TASKS,nchar,YES
dbo,SITE,ECN_REVISE_ITEMS,nchar,YES
dbo,SITE,ONE_ECN_PER_PART,nchar,YES
dbo,SITE,ONE_ECN_PER_DOC,nchar,YES
dbo,SITE,ONE_ECN_PER_WO,nchar,YES
dbo,SITE,ONE_ECN_PER_MSTR,nchar,YES
dbo,SITE,ONE_ECN_PER_PRJ,nchar,YES
dbo,SITE,ECN_AUTH_LABEL,nvarchar,YES
dbo,SITE,ECN_IMPL_LABEL,nvarchar,YES
dbo,SITE,ECN_APRV_LABEL,nvarchar,YES
dbo,SITE,ECN_DIST_LABEL,nvarchar,YES
dbo,SITE,APPLY_ECN_INPROCESS_WO,nchar,YES
dbo,SITE,ECN_REQ_FOR_UPDATE,nchar,YES
dbo,SITE,LOCK_ECNS,nchar,YES
dbo,SITE,AUTOGEN_LAB_ON_REC,nchar,YES
dbo,SITE,ISS_REAS_REQ_ISS,nchar,YES
dbo,SITE,ISS_REAS_REQ_ISSRTN,nchar,YES
dbo,SITE,ADJ_REAS_REQ_ADJIN,nchar,YES
dbo,SITE,ADJ_REAS_REQ_ADJOUT,nchar,YES
dbo,SITE,DEVIATION_REQUIRED,nchar,YES
dbo,SITE,DEF_WAREHOUSE_ID,nvarchar,YES
dbo,SITE,BACKFLUSH_LABTICK,nchar,YES
dbo,SITE,BACKFLUSH_LABCOST,nchar,YES
dbo,SITE,BACKFLUSH_SUB_IDS,nchar,NO
dbo,SITE,DEFAULT_EMPLOYEE,nvarchar,YES
dbo,SITE,TRANSFER_REASON_REQ,nchar,YES
dbo,SITE,LAB_TIC_REQ_INSP,nchar,YES
dbo,SITE,PURC_RECV_REQ_INSP,nchar,YES
dbo,SITE,APS_DEF_LOC_ID,nvarchar,YES
dbo,SITE,APS_DEF_SERVICE_ID,nvarchar,YES
dbo,SITE,APS_DEF_WHSE_ID,nvarchar,YES
dbo,SITE,APS_DEFAULT_CUST,nvarchar,YES
dbo,SITE,APS_DEFAULT_EMPL,nvarchar,YES
dbo,SITE,APS_DEFAULT_VENDOR,nvarchar,YES
dbo,SITE,APS_IMPLIED_DEC,nchar,YES
dbo,SITE,APS_TRIM_STRINGS,nchar,YES
dbo,SITE,CAL_EXC_DATA_PATH,nvarchar,YES
dbo,SITE,CUST_ORD_DATA_PATH,nvarchar,YES
dbo,SITE,FROZE_OP_DATA_PATH,nvarchar,YES
dbo,SITE,INV_DATA_PATH,nvarchar,YES
dbo,SITE,LABOR_DATA_PATH,nvarchar,YES
dbo,SITE,MAST_SCH_DATA_PATH,nvarchar,YES
dbo,SITE,PART_DATA_PATH,nvarchar,YES
dbo,SITE,PLANNING_DATA_PATH,nvarchar,YES
dbo,SITE,PURC_ORD_DATA_PATH,nvarchar,YES
dbo,SITE,SCHED_DATA_PATH,nvarchar,YES
dbo,SITE,SHOP_DATA_PATH,nvarchar,YES
dbo,SITE,WORK_ORD_DATA_PATH,nvarchar,YES
dbo,SITE,FIELD_DELIMITER,nchar,YES
dbo,SITE,RECORD_DELIMITER,nchar,YES
dbo,SITE,QUOTED_STRING,nvarchar,YES
dbo,SITE,STANDARD_SCHED_ID,nvarchar,YES
dbo,SITE,UPS_ACCOUNT_ID,nvarchar,YES
dbo,SITE,RLS_NEAR_DAYS,smallint,YES
dbo,SITE,SUGG_RLS_NEAR_DAYS,smallint,YES
dbo,SITE,ENABLED_PRODUCTS,nvarchar,YES
dbo,SITE,PERIODS_PER_YEAR,smallint,NO
dbo,SITE,PERIOD_TYPE,nchar,NO
dbo,SITE,MULT_AP_INV_RCVR,nchar,YES
dbo,SITE,DUP_AP_CHECK_NO,nchar,YES
dbo,SITE,PART_UDF_LABELS,nvarchar,YES
dbo,SITE,PROJ_UDF_LABELS,nvarchar,YES
dbo,SITE,SHOP_UDF_LABELS,nvarchar,YES
dbo,SITE,VQ_ENABLED,nchar,YES
dbo,SITE,VQ_QUERY_USE,nchar,YES
dbo,SITE,VQ_DIRECTORY,nvarchar,YES
dbo,SITE,VQ_DBNAME,nvarchar,YES
dbo,SITE,DEL_PACK_CLS_PRD,nchar,YES
dbo,SITE,INTERNAL_CUST_ID,nvarchar,YES
dbo,SITE,PLAN_BY_WAREHOUSE,nchar,YES
dbo,SITE,VENDOR_EXCLUSION,nchar,NO
dbo,SITE,PLM_URL,nvarchar,YES
dbo,SITE,PLM_ENABLED,nchar,NO
dbo,SITE,PREVENT_NEGATIVE,nchar,YES
dbo,SITE,SITE_COUNTRY_ID,nvarchar,YES
dbo,SITE,MRP_IN_PROCESS,nchar,NO
dbo,SITE,PERCENT_COMPL,nvarchar,YES
dbo,SITE,QTY_COMPL_BY_HRS,nvarchar,YES
dbo,SITE,MAX_QTY_COMPLETE,decimal,YES
dbo,SITE,AUTO_ISSUE_METHOD,nchar,NO
dbo,SITE_SETTINGS,ROWID,int,NO
dbo,SITE_SETTINGS,SITE_ID,nvarchar,NO
dbo,SITE_SETTINGS,NAME,nvarchar,NO
dbo,SITE_SETTINGS,SETTING_VALUE,nvarchar,YES
dbo,SIZING,USER_ID,nvarchar,NO
dbo,SIZING,PROGRAM_ID,nvarchar,NO
dbo,SIZING,SECTION,nvarchar,NO
dbo,SIZING,ENTRY,nvarchar,NO
dbo,SIZING,VALUE,nvarchar,NO
dbo,SIZING,MODIFY_DATE,datetime,NO
dbo,SIZING,ROWID,int,NO
dbo,SLS_TAX_GRP_TAX,ROWID,int,NO
dbo,SLS_TAX_GRP_TAX,SALES_TAX_GROUP_ID,nvarchar,NO
dbo,SLS_TAX_GRP_TAX,SALES_TAX_ID,nvarchar,NO
dbo,SOA_CODE_LIST,LIST_ID,nvarchar,NO
dbo,SOA_CODE_LIST,AGENCY_ID,nvarchar,NO
dbo,SOA_CODE_LIST,CODE,nvarchar,NO
dbo,SOA_CODE_LIST,CODE_NAME,nvarchar,YES
dbo,SOA_CODE_LIST,CODE_DESC,nvarchar,YES
dbo,SOA_CODE_LIST,STATUS,nvarchar,NO
dbo,SOA_CODE_LIST,EFFECTIVE_DATE,datetime,YES
dbo,SOA_CODE_LIST,EXPIRATION_DATE,datetime,YES
dbo,SOA_CODE_LIST,READ_ONLY,nchar,NO
dbo,SOA_CODE_LIST,CREATE_DATE,datetime,NO
dbo,SOA_CODE_LIST,ROWID,int,NO
dbo,SOA_CODE_MAP,LIST_ID,nvarchar,NO
dbo,SOA_CODE_MAP,AGENCY_ID,nvarchar,NO
dbo,SOA_CODE_MAP,SOA_CODE,nvarchar,NO
dbo,SOA_CODE_MAP,VE_CODE,nvarchar,NO
dbo,SOA_CODE_MAP,VE_CODE_DESC,nvarchar,YES
dbo,SOA_CODE_MAP,ROWID,int,NO
dbo,SOA_DIMENSION,ID,nvarchar,NO
dbo,SOA_DIMENSION,AGENCY_ID,nvarchar,NO
dbo,SOA_DIMENSION,TYPE,nchar,NO
dbo,SOA_DIMENSION,NAME,nvarchar,YES
dbo,SOA_DIMENSION,DESCRIPTION,nvarchar,YES
dbo,SOA_DIMENSION,STATUS,nvarchar,NO
dbo,SOA_DIMENSION,EFFECTIVE_DATE,datetime,YES
dbo,SOA_DIMENSION,EXPIRATION_DATE,datetime,YES
dbo,SOA_DIMENSION,READ_ONLY,nchar,NO
dbo,SOA_DIMENSION,SEQUENCE_NO,int,YES
dbo,SOA_DIMENSION,CREATE_DATE,datetime,NO
dbo,SOA_DIMENSION,ROWID,int,NO
dbo,SOA_DOC_SYNC,ROWID,int,NO
dbo,SOA_DOC_SYNC,EVENT_ID,int,NO
dbo,SOA_DOC_SYNC,PROC_TYPE,nvarchar,NO
dbo,SOA_DOC_SYNC,TABLE_NAME,nvarchar,NO
dbo,SOA_DOC_SYNC,KEY_VALUES,nvarchar,NO
dbo,SOA_DOC_SYNC,ACTION_CODE,nvarchar,NO
dbo,SOA_DOC_SYNC,STATUS,nvarchar,NO
dbo,SOA_DOC_SYNC,CREATE_DATE,datetime,NO
dbo,SOA_ID_MAP,NOUN_ID,nvarchar,NO
dbo,SOA_ID_MAP,SYS_KEY_ID,nvarchar,NO
dbo,SOA_ID_MAP,SYS_ENTITY_ID,nvarchar,NO
dbo,SOA_ID_MAP,SYS_AGENCY_ID,nvarchar,NO
dbo,SOA_ID_MAP,SYS_SCHEME_NAME,nvarchar,YES
dbo,SOA_ID_MAP,SYS_AGENCY_NAME,nvarchar,YES
dbo,SOA_ID_MAP,SYS_LOC_ID,nvarchar,YES
dbo,SOA_ID_MAP,SYS_VARIATION,nvarchar,YES
dbo,SOA_ID_MAP,SOR_KEY_ID,nvarchar,YES
dbo,SOA_ID_MAP,SOR_ENTITY_ID,nvarchar,YES
dbo,SOA_ID_MAP,SOR_LID,nvarchar,YES
dbo,SOA_ID_MAP,SOR_SCHEME_NAME,nvarchar,YES
dbo,SOA_ID_MAP,SOR_AGENCY_NAME,nvarchar,YES
dbo,SOA_ID_MAP,SOR_LOC_ID,nvarchar,YES
dbo,SOA_ID_MAP,SOR_VARIATION,nvarchar,YES
dbo,SOA_ID_MAP,DID,nvarchar,YES
dbo,SOA_ID_MAP,SITE,nvarchar,YES
dbo,SOA_ID_MAP,CREATE_DATE,datetime,NO
dbo,SOA_ID_MAP,ROWID,int,NO
dbo,SOA_NOUN,ID,nvarchar,NO
dbo,SOA_NOUN,NAME,nvarchar,NO
dbo,SOA_NOUN,SOR,nchar,NO
dbo,SOA_NOUN,SYNC_IO,nchar,NO
dbo,SOA_NOUN,PROCESS_IO,nchar,NO
dbo,SOA_NOUN,GET_IO,nchar,NO
dbo,SOA_NOUN,LOAD_IO,nchar,NO
dbo,SOA_NOUN,NOUN_TYPE,nvarchar,YES
dbo,SOA_NOUN,ID_GRANULARITY,nchar,YES
dbo,SOA_NOUN,USE_GEN_SERVICE,nchar,NO
dbo,SOA_NOUN,OPTIONS,nvarchar,YES
dbo,SOA_NOUN,SETTINGS,nvarchar,YES
dbo,SOA_NOUN,ROWID,int,NO
dbo,SPLIT_TRANS,ROWID,int,NO
dbo,SPLIT_TRANS,TRANSACTION_ID,int,NO
dbo,SPLIT_TRANS,FROM_WO_TYPE,nchar,NO
dbo,SPLIT_TRANS,FROM_WO_BASE_ID,nvarchar,NO
dbo,SPLIT_TRANS,FROM_WO_LOT_ID,nvarchar,NO
dbo,SPLIT_TRANS,FROM_WO_SPLIT_ID,nvarchar,NO
dbo,SPLIT_TRANS,FROM_WO_SUB_ID,nvarchar,NO
dbo,SPLIT_TRANS,FROM_WO_SEQ_NO,smallint,NO
dbo,SPLIT_TRANS,TO_WO_TYPE,nchar,NO
dbo,SPLIT_TRANS,TO_WO_BASE_ID,nvarchar,NO
dbo,SPLIT_TRANS,TO_WO_LOT_ID,nvarchar,NO
dbo,SPLIT_TRANS,TO_WO_SPLIT_ID,nvarchar,NO
dbo,SPLIT_TRANS,TO_WO_SUB_ID,nvarchar,NO
dbo,SPLIT_TRANS,TO_WO_SEQ_NO,smallint,NO
dbo,SPLIT_TRANS,QTY,decimal,NO
dbo,SPLIT_TRANS,OPER_QTY,decimal,NO
dbo,SPLIT_TRANS,TRANSACTION_DATE,datetime,NO
dbo,SPLIT_TRANS,CREATE_DATE,datetime,NO
dbo,SPLIT_TRANS,USER_ID,nvarchar,NO
dbo,SPLIT_TRANS,COMMENTS,nvarchar,YES
dbo,SPLIT_TRANS,EST_MATERIAL_COST,decimal,NO
dbo,SPLIT_TRANS,EST_LABOR_COST,decimal,NO
dbo,SPLIT_TRANS,EST_BURDEN_COST,decimal,NO
dbo,SPLIT_TRANS,EST_SERVICE_COST,decimal,NO
dbo,SPLIT_TRANS,ACT_MATERIAL_COST,decimal,NO
dbo,SPLIT_TRANS,ACT_LABOR_COST,decimal,NO
dbo,SPLIT_TRANS,ACT_BURDEN_COST,decimal,NO
dbo,SPLIT_TRANS,ACT_SERVICE_COST,decimal,NO
dbo,SPLIT_TRANS,REM_MATERIAL_COST,decimal,NO
dbo,SPLIT_TRANS,REM_LABOR_COST,decimal,NO
dbo,SPLIT_TRANS,REM_BURDEN_COST,decimal,NO
dbo,SPLIT_TRANS,REM_SERVICE_COST,decimal,NO
dbo,SPLIT_TRANS_CURR,ROWID,int,NO
dbo,SPLIT_TRANS_CURR,TRANSACTION_ID,int,NO
dbo,SPLIT_TRANS_CURR,CURRENCY_ID,nvarchar,NO
dbo,SPLIT_TRANS_CURR,ACT_MATERIAL_COST,decimal,NO
dbo,SPLIT_TRANS_CURR,ACT_LABOR_COST,decimal,NO
dbo,SPLIT_TRANS_CURR,ACT_BURDEN_COST,decimal,NO
dbo,SPLIT_TRANS_CURR,ACT_SERVICE_COST,decimal,NO
dbo,SPLIT_TRANS_CURR,SELL_RATE,decimal,NO
dbo,SPLIT_TRANS_CURR,BUY_RATE,decimal,NO
dbo,SPREAD_PROFILE,ROWID,int,NO
dbo,SPREAD_PROFILE,id,nvarchar,NO
dbo,SPREAD_PROFILE,description,nvarchar,YES
dbo,SPREAD_PROFILE,type,nvarchar,NO
dbo,SPREAD_PROFILE,acct_period,decimal,NO
dbo,SPREAD_PROFILE,profile_amount,decimal,YES
dbo,STAGE,ROWID,int,NO
dbo,STAGE,ID,nvarchar,NO
dbo,STAGE,DESCRIPTION,nvarchar,YES
dbo,STAGE,PROFILE,nchar,YES
dbo,STAGE,ALPHA_PREFIX,nvarchar,YES
dbo,STAGE,STARTING_NUMBER,int,YES
dbo,STAGE,ENDING_NUMBER,int,YES
dbo,STAGE,ALPHA_SUFFIX,nvarchar,YES
dbo,STAGE,LEADING_ZEROS,nchar,YES
dbo,STAGE,DECIMAL_PLACES,smallint,YES
dbo,STAGE,OMIT_LETTERS,nvarchar,YES
dbo,STATE_PROVINCE,ROWID,int,NO
dbo,STATE_PROVINCE,CODE,nvarchar,NO
dbo,STATE_PROVINCE,NAME,nvarchar,YES
dbo,SUMMARY_CODE,ROWID,int,NO
dbo,SUMMARY_CODE,CODE,nvarchar,NO
dbo,SUMMARY_TABLE,ROWID,int,NO
dbo,SUMMARY_TABLE,ID,int,NO
dbo,SUMMARY_TABLE,DESCRIPTION,nvarchar,YES
dbo,SUMMARY_TABLE,TOTAL_AMOUNT,decimal,NO
dbo,SUPPLIER_PREFERENCES,ROWID,int,NO
dbo,SUPPLIER_PREFERENCES,ID,nvarchar,NO
dbo,SUPPLIER_PREFERENCES,SITE_ID,nvarchar,NO
dbo,SUPPLIER_PREFERENCES,FROM_LATE_1,smallint,YES
dbo,SUPPLIER_PREFERENCES,TO_LATE_1,smallint,YES
dbo,SUPPLIER_PREFERENCES,RATING_LATE_1,smallint,YES
dbo,SUPPLIER_PREFERENCES,FROM_LATE_2,smallint,YES
dbo,SUPPLIER_PREFERENCES,TO_LATE_2,smallint,YES
dbo,SUPPLIER_PREFERENCES,RATING_LATE_2,smallint,YES
dbo,SUPPLIER_PREFERENCES,FROM_LATE_3,smallint,YES
dbo,SUPPLIER_PREFERENCES,TO_LATE_3,smallint,YES
dbo,SUPPLIER_PREFERENCES,RATING_LATE_3,smallint,YES
dbo,SUPPLIER_PREFERENCES,FROM_LATE_4,smallint,YES
dbo,SUPPLIER_PREFERENCES,TO_LATE_4,smallint,YES
dbo,SUPPLIER_PREFERENCES,RATING_LATE_4,smallint,YES
dbo,SUPPLIER_PREFERENCES,NCM_QTY,decimal,NO
dbo,SUPPLIER_PREFERENCES,RATING_NCM_QTY,smallint,YES
dbo,SUPPLIER_PREFERENCES,QTY_PERCENT,decimal,NO
dbo,SUPPLIER_PREFERENCES,RATING_PERCENT,smallint,YES
dbo,SUPPLIER_PREFERENCES,LOWEST_PRICE,smallint,YES
dbo,SUPPLIER_PREFERENCES,RATING_LOWEST_PRICE,smallint,YES
dbo,SUPPLIER_PREFERENCES,SHORTEST_LEADTIME,smallint,YES
dbo,SUPPLIER_PREFERENCES,RATING_SHORTEST_LEADTIME,smallint,YES
dbo,SUPPLIER_PREFERENCES,TOTAL_RATING,smallint,YES
dbo,SUPPLIER_PREFERENCES,OLDEST_PO_DATE,datetime,NO
dbo,SUPPLIER_PREFERENCES,NUMBER_OF_SUPPLIERS,smallint,YES
dbo,SUPPLIER_PREFERENCES,USER_ID,nvarchar,YES
dbo,SUPPLIER_PREFERENCES,LAST_MOD_DATE,datetime,NO
dbo,SUPPLIER_PREFERENCES,CREATE_DATE,datetime,NO
dbo,T_NORMAL_DIST,ROWID,int,NO
dbo,T_NORMAL_DIST,T,decimal,NO
dbo,T_NORMAL_DIST,OUTSIDE_OF_LIM,decimal,NO
dbo,T_SEC_APPROX_K1,ROWID,int,NO
dbo,T_SEC_APPROX_K1,T,decimal,NO
dbo,T_SEC_APPROX_K1,OUTSIDE_LIM1,decimal,NO
dbo,T_SEC_APPROX_K1,OUTSIDE_LIM2,decimal,NO
dbo,TABLE_LIST,ROWID,int,NO
dbo,TABLE_LIST,TABLE_NAME,nvarchar,NO
dbo,TABLE_LIST,LAST_MOD_DATE,datetime,NO
dbo,TABLE_LIST,CREATE_DATE,datetime,NO
dbo,TARE,ROWID,int,NO
dbo,TARE,ID,nvarchar,NO
dbo,TARE,BOL_ID,nvarchar,YES
dbo,TARIFF,ROWID,int,NO
dbo,TARIFF,CODE,nvarchar,NO
dbo,TARIFF,DESCRIPTION,nvarchar,YES
dbo,TASK,ROWID,int,NO
dbo,TASK,TYPE,nvarchar,NO
dbo,TASK,TASK_NO,int,NO
dbo,TASK,SEQ_NO,int,NO
dbo,TASK,USER_ID,nvarchar,NO
dbo,TASK,SUB_TYPE,nvarchar,NO
dbo,TASK,EC_ID,nvarchar,YES
dbo,TASK,STATUS,nvarchar,NO
dbo,TASK,REJECT_CODE,nvarchar,YES
dbo,TASK,REJ_TASK_NO,int,YES
dbo,TASK,REJ_SEQ_NO,int,YES
dbo,TASK,COMPLETED_DATE,datetime,YES
dbo,TASK,CREATE_DATE,datetime,NO
dbo,TASK,ol_entry_id,nvarchar,YES
dbo,TASK,STATUS_EFF_DATE,datetime,NO
dbo,TASK_BINARY,ROWID,int,NO
dbo,TASK_BINARY,TASK_TYPE,nvarchar,NO
dbo,TASK_BINARY,TASK_NO,int,NO
dbo,TASK_BINARY,SEQ_NO,int,NO
dbo,TASK_BINARY,TYPE,nchar,NO
dbo,TASK_BINARY,BITS,image,YES
dbo,TASK_BINARY,BITS_LENGTH,int,NO
dbo,TASK_REJ_CODES,ROWID,int,NO
dbo,TASK_REJ_CODES,CODE,nvarchar,NO
dbo,TASK_REJ_CODES,DESCRIPTION,nvarchar,YES
dbo,TASK_REJ_CODES,CREATE_DATE,datetime,NO
dbo,TC_MASTER,ROWID,int,NO
dbo,TC_MASTER,ID,nvarchar,NO
dbo,TC_MASTER,DESCRIPTION,nvarchar,YES
dbo,TC_MASTER,PRINT_TYPE,nchar,YES
dbo,TC_PROJECT,ROWID,int,NO
dbo,TC_PROJECT,TC_ID,nvarchar,NO
dbo,TC_PROJECT,PROJECT_ID,nvarchar,NO
dbo,TERMS,ROWID,int,NO
dbo,TERMS,ID,nvarchar,NO
dbo,TERMS,DESCRIPTION,nvarchar,YES
dbo,TERMS,NET_TYPE,nchar,NO
dbo,TERMS,NET_DAYS,smallint,YES
dbo,TERMS,NET_DATE,datetime,YES
dbo,TERMS,DISC_TYPE,nchar,NO
dbo,TERMS,DISC_DAYS,smallint,YES
dbo,TERMS,DISC_DATE,datetime,YES
dbo,TERMS,DISC_PERCENT,decimal,YES
dbo,TERMS,FREIGHT_TERMS,nchar,YES
dbo,TERMS,END_OF_MONTH,nchar,YES
dbo,TERMS,VAT_ON_FIRST_INST,nchar,YES
dbo,TERMS,PERIOD_TYPE,nchar,YES
dbo,TERMS,DISC_BASIS,nvarchar,YES
dbo,TERMS,ACTIVE_FLAG,nchar,YES
dbo,TERMS_INST,ROWID,int,NO
dbo,TERMS_INST,TERMS_ID,nvarchar,NO
dbo,TERMS_INST,INST_NO,smallint,NO
dbo,TERMS_INST,INST_PERCENT,decimal,NO
dbo,TERMS_INST,PERIOD,smallint,NO
dbo,TERRITORY,ROWID,int,NO
dbo,TERRITORY,CODE,nvarchar,NO
dbo,TERRITORY,DESCRIPTION,nvarchar,YES
dbo,TERRITORY_SYNC,ROWID,int,NO
dbo,TERRITORY_SYNC,EVENT_ID,int,NO
dbo,TERRITORY_SYNC,TYPE,nchar,NO
dbo,TERRITORY_SYNC,CREATE_DATE,datetime,NO
dbo,TERRITORY_SYNC,TERRITORY_CODE,nvarchar,NO
dbo,TERRITORY_SYNC,EXCEPTION,nchar,NO
dbo,TERRITORY_SYNC,SUBSCRIPTIONS,int,NO
dbo,TEST,ROWID,int,NO
dbo,TEST,ID,nvarchar,NO
dbo,TEST,DESCRIPTION,nvarchar,YES
dbo,TEST,STATUS,nchar,NO
dbo,TEST,CREATE_DATE,datetime,NO
dbo,TEST,LAST_UPDATE,datetime,NO
dbo,TEST,QTY_REPORTED,int,NO
dbo,TEST,HOURS_REPORTED,decimal,NO
dbo,TEST_BINARY,ROWID,int,NO
dbo,TEST_BINARY,TEST_ID,nvarchar,NO
dbo,TEST_BINARY,TYPE,nchar,NO
dbo,TEST_BINARY,BITS,image,YES
dbo,TEST_BINARY,BITS_LENGTH,int,NO
dbo,TEST_RESULT,ROWID,int,NO
dbo,TEST_RESULT,TEST_ID,nvarchar,NO
dbo,TEST_RESULT,STEP_NO,int,NO
dbo,TEST_RESULT,SUBGROUP_NO,smallint,NO
dbo,TEST_RESULT,COUNT_NO,smallint,NO
dbo,TEST_RESULT,STATUS,nchar,NO
dbo,TEST_RESULT,RESULT,decimal,YES
dbo,TEST_RESULT,RESULT_DATETIME,datetime,YES
dbo,TEST_RESULT,RESULT_NOTES,image,YES
dbo,TEST_RESULT,TESTER,nvarchar,YES
dbo,TEST_RESULT,PART_ID,nvarchar,YES
dbo,TEST_RESULT,TYPE,nchar,YES
dbo,TEST_RESULT,BASE_ID,nvarchar,YES
dbo,TEST_RESULT,LOT_ID,nvarchar,YES
dbo,TEST_RESULT,SPLIT_ID,nvarchar,YES
dbo,TEST_RESULT,SUB_ID,nvarchar,YES
dbo,TEST_RESULT,OP_SEQ_NO,int,YES
dbo,TEST_RESULT,RUN_ID,nvarchar,YES
dbo,TEST_RESULT,EMPLOYEE_ID,nvarchar,YES
dbo,TEST_RESULT,GAGE_ID,nvarchar,YES
dbo,TEST_RESULT,SERIAL_ID,nvarchar,YES
dbo,TEST_STEP,ROWID,int,NO
dbo,TEST_STEP,TEST_ID,nvarchar,NO
dbo,TEST_STEP,STEP_NO,int,NO
dbo,TEST_STEP,SEQ_NO,int,NO
dbo,TEST_STEP,TYPE,nvarchar,NO
dbo,TEST_STEP,DESCRIPTION,nvarchar,YES
dbo,TEST_STEP,DECISION_ID,int,NO
dbo,TEST_STEP,STATUS,nchar,NO
dbo,TEST_STEP,SAMPLE_SIZE,int,NO
dbo,TEST_STEP,SUBGROUP_SIZE,int,NO
dbo,TEST_STEP,NEXT_SUBGROUP_NO,int,NO
dbo,TEST_STEP,DIMENSION_TYPE,nvarchar,YES
dbo,TEST_STEP,DIMENSION_DESC,nvarchar,YES
dbo,TEST_STEP,CURR_LIMIT_ID,nvarchar,NO
dbo,TEST_STEP,GAGE_ID,nvarchar,NO
dbo,TEST_STEP,FREQUENCY_CODE,nvarchar,YES
dbo,TEST_STEP,DEFECT_CLASS_CODE,nvarchar,YES
dbo,TEST_STEP,SPEC_AIM,decimal,YES
dbo,TEST_STEP,SPEC_LOWER_LIMIT,decimal,YES
dbo,TEST_STEP,SPEC_UPPER_LIMIT,decimal,YES
dbo,TEST_STEP,CONTROL_DIMENSION,nchar,YES
dbo,TEST_STEP,SOLO_DIMENSION,nchar,NO
dbo,TEST_STEP,CREATE_DATE,datetime,NO
dbo,TEST_STEP,LAST_UPDATE,datetime,NO
dbo,TEST_STEP_BINARY,ROWID,int,NO
dbo,TEST_STEP_BINARY,TEST_ID,nvarchar,NO
dbo,TEST_STEP_BINARY,STEP_NO,int,NO
dbo,TEST_STEP_BINARY,TYPE,nchar,NO
dbo,TEST_STEP_BINARY,BITS,image,YES
dbo,TEST_STEP_BINARY,BITS_LENGTH,int,NO
dbo,TMP_KREI_2219,tmp_part_id,varchar,YES
dbo,TMP_KREI_2219,tmp_eng_id,varchar,YES
dbo,TMP_KREI_3912,tmp_part_id,varchar,YES
dbo,TMP_KREI_3912,tmp_eng_id,varchar,YES
dbo,TOOLBAR,ROWID,int,NO
dbo,TOOLBAR,USER_ID,nvarchar,NO
dbo,TOOLBAR,PROGRAM_ID,nvarchar,NO
dbo,TOOLBAR,ID,nvarchar,NO
dbo,TOOLBAR,BITMAP,nvarchar,YES
dbo,TOOLBAR,POSITION,int,YES
dbo,TOOLBAR,TOOLTIP,nvarchar,YES
dbo,TOOLBAR,EXECUTE_COMMAND,nvarchar,YES
dbo,TOOLBAR,USE_KEY_IN_CMD_LINE,nchar,YES
dbo,TOOLBAR,ADD_ENTRY_TO_TOOLBAR,nchar,YES
dbo,TOOLBAR,TOOLBAR_TYPE,nvarchar,YES
dbo,TRACE,ROWID,int,NO
dbo,TRACE,PART_ID,nvarchar,NO
dbo,TRACE,ID,nvarchar,NO
dbo,TRACE,NUMBERING_ID,nvarchar,YES
dbo,TRACE,OUT_QTY,decimal,NO
dbo,TRACE,IN_QTY,decimal,NO
dbo,TRACE,REPORTED_QTY,decimal,NO
dbo,TRACE,ASSIGNED_QTY,decimal,NO
dbo,TRACE,APROPERTY_1,nvarchar,YES
dbo,TRACE,APROPERTY_2,nvarchar,YES
dbo,TRACE,APROPERTY_3,nvarchar,YES
dbo,TRACE,APROPERTY_4,nvarchar,YES
dbo,TRACE,APROPERTY_5,nvarchar,YES
dbo,TRACE,NPROPERTY_1,decimal,YES
dbo,TRACE,NPROPERTY_2,decimal,YES
dbo,TRACE,NPROPERTY_3,decimal,YES
dbo,TRACE,NPROPERTY_4,decimal,YES
dbo,TRACE,NPROPERTY_5,decimal,YES
dbo,TRACE,COMMENTS,nvarchar,YES
dbo,TRACE,EXPIRATION_DATE,datetime,YES
dbo,TRACE,CREATE_DATE,datetime,NO
dbo,TRACE,DISP_IN_QTY,decimal,NO
dbo,TRACE,DISP_OUT_QTY,decimal,NO
dbo,TRACE,UNAVAILABLE_QTY,decimal,NO
dbo,TRACE,OWNER_ID,nvarchar,YES
dbo,TRACE,LOT_ID,nvarchar,YES
dbo,TRACE,SERIAL_ID,nvarchar,YES
dbo,TRACE,COMMITTED_QTY,decimal,YES
dbo,TRACE,PRODUCTION_DATE,datetime,YES
dbo,TRACE,RECEIVE_BY_DATE,datetime,YES
dbo,TRACE,AVAILABLE_DATE,datetime,YES
dbo,TRACE,SHIP_BY_DATE,datetime,YES
dbo,TRACE,SITE_ID,nvarchar,YES
dbo,TRACE_DATE,ROWID,int,NO
dbo,TRACE_DATE,PART_ID,nvarchar,NO
dbo,TRACE_DATE,DATE_NAME,nvarchar,NO
dbo,TRACE_DATE,TRACE_DAYS,int,YES
dbo,TRACE_DATE,FROM_DATE_NAME,nvarchar,YES
dbo,TRACE_DATE,CLASS_ID,nchar,YES
dbo,TRACE_DATE,SITE_ID,nvarchar,YES
dbo,TRACE_DOCUMENTS,ROWID,int,NO
dbo,TRACE_DOCUMENTS,TRACE_ID,nvarchar,NO
dbo,TRACE_DOCUMENTS,REFERENCE,nvarchar,NO
dbo,TRACE_DOCUMENTS,CERT_FILE_PATH,nvarchar,YES
dbo,TRACE_DOCUMENTS,CERT_DOC_ID,nvarchar,YES
dbo,TRACE_HISTORY,ROWID,int,NO
dbo,TRACE_HISTORY,PART_ID,nvarchar,NO
dbo,TRACE_HISTORY,TRACE_ID,nvarchar,NO
dbo,TRACE_HISTORY,ORIG_TRACE_ID,nvarchar,NO
dbo,TRACE_HISTORY,APROPERTY_1,nvarchar,YES
dbo,TRACE_HISTORY,APROPERTY_2,nvarchar,YES
dbo,TRACE_HISTORY,APROPERTY_3,nvarchar,YES
dbo,TRACE_HISTORY,APROPERTY_4,nvarchar,YES
dbo,TRACE_HISTORY,APROPERTY_5,nvarchar,YES
dbo,TRACE_HISTORY,NPROPERTY_1,decimal,YES
dbo,TRACE_HISTORY,NPROPERTY_2,decimal,YES
dbo,TRACE_HISTORY,NPROPERTY_3,decimal,YES
dbo,TRACE_HISTORY,NPROPERTY_4,decimal,YES
dbo,TRACE_HISTORY,NPROPERTY_5,decimal,YES
dbo,TRACE_HISTORY,NUMBERING_ID,nvarchar,YES
dbo,TRACE_HISTORY,REPORTED_QTY,decimal,YES
dbo,TRACE_HISTORY,ASSIGNED_QTY,decimal,YES
dbo,TRACE_HISTORY,COMMENTS,nvarchar,YES
dbo,TRACE_HISTORY,EXPIRATION_DATE,datetime,YES
dbo,TRACE_HISTORY,HIST_COMMENTS,nvarchar,YES
dbo,TRACE_HISTORY,CREATE_DATE,datetime,NO
dbo,TRACE_HISTORY,USER_ID,nvarchar,YES
dbo,TRACE_HISTORY,OWNER_ID,nvarchar,YES
dbo,TRACE_HISTORY,LOT_ID,nvarchar,YES
dbo,TRACE_HISTORY,SERIAL_ID,nvarchar,YES
dbo,TRACE_HISTORY,COMMITTED_QTY,decimal,YES
dbo,TRACE_HISTORY,PRODUCTION_DATE,datetime,YES
dbo,TRACE_HISTORY,RECEIVE_BY_DATE,datetime,YES
dbo,TRACE_HISTORY,AVAILABLE_DATE,datetime,YES
dbo,TRACE_HISTORY,SHIP_BY_DATE,datetime,YES
dbo,TRACE_INV_TRANS,ROWID,int,NO
dbo,TRACE_INV_TRANS,PART_ID,nvarchar,NO
dbo,TRACE_INV_TRANS,TRACE_ID,nvarchar,NO
dbo,TRACE_INV_TRANS,TRANSACTION_ID,int,NO
dbo,TRACE_INV_TRANS,QTY,decimal,NO
dbo,TRACE_INV_TRANS,CREATE_DATE,datetime,NO
dbo,TRACE_INV_TRANS,COSTED_QTY,decimal,NO
dbo,TRACE_LABOR_TRANS,ROWID,int,NO
dbo,TRACE_LABOR_TRANS,PART_ID,nvarchar,NO
dbo,TRACE_LABOR_TRANS,TRACE_ID,nvarchar,NO
dbo,TRACE_LABOR_TRANS,TRANSACTION_ID,int,NO
dbo,TRACE_LABOR_TRANS,QTY,decimal,NO
dbo,TRACE_LABOR_TRANS,CREATE_DATE,datetime,NO
dbo,TRACE_NUMBERING,ROWID,int,NO
dbo,TRACE_NUMBERING,ID,nvarchar,NO
dbo,TRACE_NUMBERING,NEXT_NUMBER,decimal,YES
dbo,TRACE_NUMBERING,ALPHA_PREFIX,nvarchar,YES
dbo,TRACE_NUMBERING,ALPHA_SUFFIX,nvarchar,YES
dbo,TRACE_NUMBERING,DECIMAL_PLACES,smallint,YES
dbo,TRACE_NUMBERING,LEADING_ZEROS,nchar,YES
dbo,TRACE_PROFILE,ROWID,int,NO
dbo,TRACE_PROFILE,PART_ID,nvarchar,NO
dbo,TRACE_PROFILE,NUMBERING_ID,nvarchar,YES
dbo,TRACE_PROFILE,APPLY_TO_REC,nchar,NO
dbo,TRACE_PROFILE,APPLY_TO_ISSUE,nchar,NO
dbo,TRACE_PROFILE,APPLY_TO_ADJ,nchar,YES
dbo,TRACE_PROFILE,APPLY_TO_LABOR,nchar,NO
dbo,TRACE_PROFILE,PRE_ASSIGN,nchar,NO
dbo,TRACE_PROFILE,ASSIGN_METHOD,nchar,NO
dbo,TRACE_PROFILE,TRACE_ID_LABEL,nvarchar,YES
dbo,TRACE_PROFILE,APROPERTY_LABEL_1,nvarchar,YES
dbo,TRACE_PROFILE,APROPERTY_LABEL_2,nvarchar,YES
dbo,TRACE_PROFILE,APROPERTY_LABEL_3,nvarchar,YES
dbo,TRACE_PROFILE,APROPERTY_LABEL_4,nvarchar,YES
dbo,TRACE_PROFILE,APROPERTY_LABEL_5,nvarchar,YES
dbo,TRACE_PROFILE,APROPERTY_1_REQD,nchar,NO
dbo,TRACE_PROFILE,APROPERTY_2_REQD,nchar,NO
dbo,TRACE_PROFILE,APROPERTY_3_REQD,nchar,NO
dbo,TRACE_PROFILE,APROPERTY_4_REQD,nchar,NO
dbo,TRACE_PROFILE,APROPERTY_5_REQD,nchar,NO
dbo,TRACE_PROFILE,NPROPERTY_LABEL_1,nvarchar,YES
dbo,TRACE_PROFILE,NPROPERTY_LABEL_2,nvarchar,YES
dbo,TRACE_PROFILE,NPROPERTY_LABEL_3,nvarchar,YES
dbo,TRACE_PROFILE,NPROPERTY_LABEL_4,nvarchar,YES
dbo,TRACE_PROFILE,NPROPERTY_LABEL_5,nvarchar,YES
dbo,TRACE_PROFILE,NPROPERTY_1_REQD,nchar,NO
dbo,TRACE_PROFILE,NPROPERTY_2_REQD,nchar,NO
dbo,TRACE_PROFILE,NPROPERTY_3_REQD,nchar,NO
dbo,TRACE_PROFILE,NPROPERTY_4_REQD,nchar,NO
dbo,TRACE_PROFILE,NPROPERTY_5_REQD,nchar,NO
dbo,TRACE_PROFILE,MAX_LOT_QTY,decimal,YES
dbo,TRACE_PROFILE,SHELF_LIFE,smallint,YES
dbo,TRACE_PROFILE,COMMENTS,nvarchar,YES
dbo,TRACE_PROFILE,DEF_LBL_FORMAT_ID,nvarchar,YES
dbo,TRACE_PROFILE,APROPERTY_1_EDIT,nchar,NO
dbo,TRACE_PROFILE,APROPERTY_2_EDIT,nchar,NO
dbo,TRACE_PROFILE,APROPERTY_3_EDIT,nchar,NO
dbo,TRACE_PROFILE,APROPERTY_4_EDIT,nchar,NO
dbo,TRACE_PROFILE,APROPERTY_5_EDIT,nchar,NO
dbo,TRACE_PROFILE,NPROPERTY_1_EDIT,nchar,NO
dbo,TRACE_PROFILE,NPROPERTY_2_EDIT,nchar,NO
dbo,TRACE_PROFILE,NPROPERTY_3_EDIT,nchar,NO
dbo,TRACE_PROFILE,NPROPERTY_4_EDIT,nchar,NO
dbo,TRACE_PROFILE,NPROPERTY_5_EDIT,nchar,NO
dbo,TRACE_PROFILE,APROPERTY_1_VIS,nchar,NO
dbo,TRACE_PROFILE,APROPERTY_2_VIS,nchar,NO
dbo,TRACE_PROFILE,APROPERTY_3_VIS,nchar,NO
dbo,TRACE_PROFILE,APROPERTY_4_VIS,nchar,NO
dbo,TRACE_PROFILE,APROPERTY_5_VIS,nchar,NO
dbo,TRACE_PROFILE,NPROPERTY_1_VIS,nchar,NO
dbo,TRACE_PROFILE,NPROPERTY_2_VIS,nchar,NO
dbo,TRACE_PROFILE,NPROPERTY_3_VIS,nchar,NO
dbo,TRACE_PROFILE,NPROPERTY_4_VIS,nchar,NO
dbo,TRACE_PROFILE,NPROPERTY_5_VIS,nchar,NO
dbo,TRACE_PROFILE,EDIT_EXP_DATE,nchar,NO
dbo,TRACE_PROFILE,AUTO_FILL_TRACE,nchar,YES
dbo,TRACE_PROFILE,APPLY_TO_SERVDISP,nchar,NO
dbo,TRACE_PROFILE,APPLY_TO_SERVREC,nchar,NO
dbo,TRACE_PROFILE,OWNERSHIP,nchar,NO
dbo,TRACE_PROFILE,LOT,nchar,NO
dbo,TRACE_PROFILE,SERIAL,nchar,NO
dbo,TRACE_PROFILE,COLOCATE_OWNERS,nchar,NO
dbo,TRACE_PROFILE,COLOCATE_LOTS,nchar,NO
dbo,TRACE_PROFILE,EXPIRATION,nchar,NO
dbo,TRACE_PROFILE,COLOCATE_ALPHAS,nchar,NO
dbo,TRACE_PROFILE,COLOCATE_NUMERICS,nchar,NO
dbo,TRACE_PROFILE,ACCEPT_EXPIRED_RCV,nchar,NO
dbo,TRACE_PROFILE,OWNERSHIP_KNOWN,nchar,NO
dbo,TRACE_PROFILE,LOT_KNOWN,nchar,NO
dbo,TRACE_PROFILE,SERIAL_KNOWN,nchar,NO
dbo,TRACE_PROFILE,EXPIRATION_KNOWN,nchar,NO
dbo,TRACE_PROFILE,APROPERTY_1_KNOWN,nchar,NO
dbo,TRACE_PROFILE,APROPERTY_2_KNOWN,nchar,NO
dbo,TRACE_PROFILE,APROPERTY_3_KNOWN,nchar,NO
dbo,TRACE_PROFILE,APROPERTY_4_KNOWN,nchar,NO
dbo,TRACE_PROFILE,APROPERTY_5_KNOWN,nchar,NO
dbo,TRACE_PROFILE,NPROPERTY_1_KNOWN,nchar,NO
dbo,TRACE_PROFILE,NPROPERTY_2_KNOWN,nchar,NO
dbo,TRACE_PROFILE,NPROPERTY_3_KNOWN,nchar,NO
dbo,TRACE_PROFILE,NPROPERTY_4_KNOWN,nchar,NO
dbo,TRACE_PROFILE,NPROPERTY_5_KNOWN,nchar,NO
dbo,TRACE_PROFILE,COUNT_DETAIL,nchar,NO
dbo,TRACE_PROFILE,PRODUCTION,nchar,NO
dbo,TRACE_PROFILE,PRODUCTION_KNOWN,nchar,NO
dbo,TRACE_PROFILE,COLOCATE_PROD,nchar,NO
dbo,TRACE_PROFILE,RECEIVE_BY,nchar,NO
dbo,TRACE_PROFILE,RECEIVE_BY_KNOWN,nchar,NO
dbo,TRACE_PROFILE,COLOCATE_REC_BY,nchar,NO
dbo,TRACE_PROFILE,AVAILABLE,nchar,NO
dbo,TRACE_PROFILE,AVAILABLE_KNOWN,nchar,NO
dbo,TRACE_PROFILE,COLOCATE_AVAILABLE,nchar,NO
dbo,TRACE_PROFILE,SHIP_BY,nchar,NO
dbo,TRACE_PROFILE,SHIP_BY_KNOWN,nchar,NO
dbo,TRACE_PROFILE,COLOCATE_SHIP_BY,nchar,NO
dbo,TRACE_PROFILE,SITE_ID,nvarchar,NO
dbo,TRACE_SERV_DISP,ROWID,int,NO
dbo,TRACE_SERV_DISP,PART_ID,nvarchar,NO
dbo,TRACE_SERV_DISP,TRACE_ID,nvarchar,NO
dbo,TRACE_SERV_DISP,DISPATCH_ID,nvarchar,NO
dbo,TRACE_SERV_DISP,DISP_LINE_NO,smallint,NO
dbo,TRACE_SERV_DISP,DISPATCH_QTY,decimal,NO
dbo,TRACE_SERV_DISP,CREATE_DATE,datetime,NO
dbo,TRACE_SERV_TRANS,ROWID,int,NO
dbo,TRACE_SERV_TRANS,PART_ID,nvarchar,NO
dbo,TRACE_SERV_TRANS,TRACE_ID,nvarchar,NO
dbo,TRACE_SERV_TRANS,TRANSACTION_ID,int,NO
dbo,TRACE_SERV_TRANS,QTY,decimal,NO
dbo,TRACE_SERV_TRANS,CREATE_DATE,datetime,NO
dbo,TRANS_CATEGORY,ROWID,int,NO
dbo,TRANS_CATEGORY,ID,nvarchar,NO
dbo,TRANS_CATEGORY,DESCRIPTION,nvarchar,YES
dbo,TRANSIT_TIME,ROWID,int,NO
dbo,TRANSIT_TIME,FROM_WAREHOUSE_ID,nvarchar,NO
dbo,TRANSIT_TIME,TO_WAREHOUSE_ID,nvarchar,NO
dbo,TRANSIT_TIME,DAYS,decimal,NO
dbo,UDF_LAYOUT,ROWID,int,NO
dbo,UDF_LAYOUT,ID,nvarchar,NO
dbo,UDF_LAYOUT,UDF_LABELS,nvarchar,NO
dbo,UNITS,ROWID,int,NO
dbo,UNITS,UNIT_OF_MEASURE,nvarchar,NO
dbo,UNITS,DESCRIPTION,nvarchar,YES
dbo,UNITS,SCALE,smallint,NO
dbo,UNITS,CATEGORY,nvarchar,YES
dbo,UNITS,USER_DEFINED_UOM,nchar,YES
dbo,UNITS_CONVERSION,ROWID,int,NO
dbo,UNITS_CONVERSION,FROM_UM,nvarchar,NO
dbo,UNITS_CONVERSION,TO_UM,nvarchar,NO
dbo,UNITS_CONVERSION,CONVERSION_FACTOR,decimal,NO
dbo,UNP_MNT_BINARY,ROWID,int,NO
dbo,UNP_MNT_BINARY,CALL_ID,nvarchar,NO
dbo,UNP_MNT_BINARY,TYPE,nchar,NO
dbo,UNP_MNT_BINARY,BITS,image,YES
dbo,UNP_MNT_BINARY,BITS_LENGTH,int,NO
dbo,UNP_MNT_CALLS,ROWID,int,NO
dbo,UNP_MNT_CALLS,call_id,nvarchar,NO
dbo,UNP_MNT_CALLS,equip_id,nvarchar,NO
dbo,UNP_MNT_CALLS,customer_id,nvarchar,NO
dbo,UNP_MNT_CALLS,status,nvarchar,NO
dbo,UNP_MNT_CALLS,fault_type,nvarchar,NO
dbo,UNP_MNT_CALLS,fault_code,nvarchar,YES
dbo,UNP_MNT_CALLS,remedy_type,nvarchar,YES
dbo,UNP_MNT_CALLS,remedy_code,nvarchar,YES
dbo,UNP_MNT_CALLS,date_opened,datetime,YES
dbo,UNP_MNT_CALLS,date_closed,datetime,YES
dbo,UNP_MNT_CALLS,RESOURCE_SELECTED,nvarchar,YES
dbo,UNP_MNT_CALLS,workorder_base_id,nvarchar,YES
dbo,UNP_MNT_CALLS,workorder_lot_id,nvarchar,YES
dbo,UNP_MNT_CALLS,workorder_split_id,nvarchar,YES
dbo,UNP_MNT_CALLS,workorder_sub_id,nvarchar,YES
dbo,UNP_MNT_CALLS,workorder_type,nvarchar,YES
dbo,UNP_MNT_CALLS,std_repair_part_id,nvarchar,YES
dbo,UNP_MNT_CALLS,std_repair_lot_id,nvarchar,YES
dbo,UNP_MNT_CALLS,urgency,nvarchar,YES
dbo,UNP_MNT_CALLS,escalation,nvarchar,YES
dbo,UNP_MNT_CALLS,task_time,int,YES
dbo,UNP_MNT_CALLS,travel_time,int,YES
dbo,UNP_MNT_CALLS,requested_date,datetime,YES
dbo,UNP_MNT_CALLS,confirmed_date,datetime,YES
dbo,UNP_MNT_CALLS,contact_fax,nvarchar,YES
dbo,UNP_MNT_CALLS,contact_first_name,nvarchar,YES
dbo,UNP_MNT_CALLS,contact_honorific,nvarchar,YES
dbo,UNP_MNT_CALLS,contact_initial,nvarchar,YES
dbo,UNP_MNT_CALLS,contact_last_name,nvarchar,YES
dbo,UNP_MNT_CALLS,contact_phone,nvarchar,YES
dbo,UNP_MNT_CALLS,contact_position,nvarchar,YES
dbo,UNP_MNT_CALLS,contact_salutation,nvarchar,YES
dbo,UNP_MNT_CALLS,contact_mobile,nvarchar,YES
dbo,UNP_MNT_CALLS,contact_email,nvarchar,YES
dbo,UNP_MNT_CALLS,ship_to_addr_no,int,YES
dbo,UNP_MNT_CALLS,user_1,nvarchar,YES
dbo,UNP_MNT_CALLS,user_2,nvarchar,YES
dbo,UNP_MNT_CALLS,user_3,nvarchar,YES
dbo,UNP_MNT_CALLS,user_4,nvarchar,YES
dbo,UNP_MNT_CALLS,user_5,nvarchar,YES
dbo,UNP_MNT_CALLS,user_6,nvarchar,YES
dbo,UNP_MNT_CALLS,user_7,nvarchar,YES
dbo,UNP_MNT_CALLS,user_8,nvarchar,YES
dbo,UNP_MNT_CALLS,user_9,nvarchar,YES
dbo,UNP_MNT_CALLS,user_10,nvarchar,YES
dbo,UNP_MNT_CALLS,UDF_LAYOUT_ID,nvarchar,YES
dbo,UNP_MNT_CALLS,CUST_ORDER_ID,nvarchar,YES
dbo,UNP_MNT_CALLS,CUST_ORDER_LINE_NO,smallint,YES
dbo,UNP_MNT_CALLS,INVOICE_ID,nvarchar,YES
dbo,UNP_MNT_CALLS,INVOICE_FLAG,nvarchar,YES
dbo,UNP_MNT_CALLS,USER_ID,nvarchar,YES
dbo,UNP_MNT_CALLS,SITE_ID,nvarchar,NO
dbo,UNP_MNT_CALLS,CONTACT_ID,nvarchar,YES
dbo,UNP_MNT_CALLS,CONTACT_PHONE_EXT,nvarchar,YES
dbo,UNP_MNT_ENGINEER,ROWID,int,NO
dbo,UNP_MNT_ENGINEER,resource_id,nvarchar,NO
dbo,UNP_MNT_ENGINEER,all_flag,nvarchar,YES
dbo,UNP_MNT_ENGINEER,key1_id,nvarchar,NO
dbo,UNP_MNT_ENGINEER,key2_id,nvarchar,NO
dbo,UNP_MNT_ENGINEER,key_type,nvarchar,NO
dbo,UNP_MNT_ESCALATION,ROWID,int,NO
dbo,UNP_MNT_ESCALATION,id,nvarchar,NO
dbo,UNP_MNT_ESCALATION,description,nvarchar,YES
dbo,UNP_MNT_FAULT_CODE,ROWID,int,NO
dbo,UNP_MNT_FAULT_CODE,id,nvarchar,NO
dbo,UNP_MNT_FAULT_CODE,type_id,nvarchar,NO
dbo,UNP_MNT_FAULT_CODE,description,nvarchar,YES
dbo,UNP_MNT_FAULT_TYPE,ROWID,int,NO
dbo,UNP_MNT_FAULT_TYPE,id,nvarchar,NO
dbo,UNP_MNT_FAULT_TYPE,description,nvarchar,YES
dbo,UNP_MNT_REM_CODE,ROWID,int,NO
dbo,UNP_MNT_REM_CODE,id,nvarchar,NO
dbo,UNP_MNT_REM_CODE,type_id,nvarchar,NO
dbo,UNP_MNT_REM_CODE,description,nvarchar,YES
dbo,UNP_MNT_REM_TYPE,ROWID,int,NO
dbo,UNP_MNT_REM_TYPE,id,nvarchar,NO
dbo,UNP_MNT_REM_TYPE,description,nvarchar,YES
dbo,UNP_MNT_STD_REPAIR,ROWID,int,NO
dbo,UNP_MNT_STD_REPAIR,equipment_type,nvarchar,NO
dbo,UNP_MNT_STD_REPAIR,equipment_model,nvarchar,NO
dbo,UNP_MNT_STD_REPAIR,fault_type,nvarchar,NO
dbo,UNP_MNT_STD_REPAIR,fault_code,nvarchar,NO
dbo,UNP_MNT_STD_REPAIR,part_id,nvarchar,NO
dbo,UNP_MNT_STD_REPAIR,engineer_master,nvarchar,NO
dbo,UNP_MNT_STD_REPAIR,SITE_ID,nvarchar,NO
dbo,UNP_MNT_URGENCY,ROWID,int,NO
dbo,UNP_MNT_URGENCY,id,nvarchar,NO
dbo,UNP_MNT_URGENCY,description,nvarchar,YES
dbo,UOM_CATEGORY,CODE,nvarchar,NO
dbo,UOM_CATEGORY,ROWID,int,NO
dbo,USAGE_ANALYSIS,ROWID,int,NO
dbo,USAGE_ANALYSIS,PART_ID,nvarchar,NO
dbo,USAGE_ANALYSIS,CALC_VALUE,decimal,NO
dbo,USAGE_ANALYSIS,SITE_ID,nvarchar,NO
dbo,USER_DEF_FIELDS,PROGRAM_ID,nvarchar,NO
dbo,USER_DEF_FIELDS,ID,nvarchar,NO
dbo,USER_DEF_FIELDS,DOCUMENT_ID,nvarchar,YES
dbo,USER_DEF_FIELDS,LINE_NO,int,YES
dbo,USER_DEF_FIELDS,DEL_LINE_NO,int,YES
dbo,USER_DEF_FIELDS,LABEL,nvarchar,YES
dbo,USER_DEF_FIELDS,DATA_TYPE,int,YES
dbo,USER_DEF_FIELDS,DISPLAY_FORMAT,nvarchar,YES
dbo,USER_DEF_FIELDS,TAB_OR_TABLE,int,YES
dbo,USER_DEF_FIELDS,TAB_ID,nvarchar,YES
dbo,USER_DEF_FIELDS,TABLE_ID,nvarchar,YES
dbo,USER_DEF_FIELDS,SEQUENCE_NO,int,YES
dbo,USER_DEF_FIELDS,UDF_REQUIRED,int,YES
dbo,USER_DEF_FIELDS,STRING_VAL,nvarchar,YES
dbo,USER_DEF_FIELDS,NUMBER_VAL,decimal,YES
dbo,USER_DEF_FIELDS,BOOL_VAL,int,YES
dbo,USER_DEF_FIELDS,DATE_VAL,datetime,YES
dbo,USER_DEF_FIELDS,ROWID,int,NO
dbo,USER_DIM_MAPPING,ROWID,int,NO
dbo,USER_DIM_MAPPING,OWNER_TABLE,nvarchar,NO
dbo,USER_DIM_MAPPING,OWNER_ID,nvarchar,NO
dbo,USER_DIM_MAPPING,DIMENSION,smallint,NO
dbo,USER_DIM_MAPPING,PROCESS_TYPE,nvarchar,NO
dbo,USER_DIM_MAPPING,EFFECTIVE_DATE,datetime,NO
dbo,USER_DIM_MAPPING,DEBIT_USER_DIM,nvarchar,YES
dbo,USER_DIM_MAPPING,CREDIT_USER_DIM,nvarchar,YES
dbo,USER_DIM_PROC_PRI,ROWID,int,NO
dbo,USER_DIM_PROC_PRI,DIMENSION,smallint,NO
dbo,USER_DIM_PROC_PRI,PROCESS_TYPE,nvarchar,NO
dbo,USER_DIM_PROC_PRI,SOURCE_TYPE,nvarchar,NO
dbo,USER_DIM_PROC_PRI,DR_PROCESS_ORDER,smallint,YES
dbo,USER_DIM_PROC_PRI,CR_PROCESS_ORDER,smallint,YES
dbo,USER_DIMENSION,ROWID,int,NO
dbo,USER_DIMENSION,DIMENSION,smallint,NO
dbo,USER_DIMENSION,ID,nvarchar,NO
dbo,USER_DIMENSION,DESCRIPTION,nvarchar,YES
dbo,USER_DIMENSION,IS_SUMMARY,nchar,NO
dbo,USER_DIMENSION,IS_RESERVED,nchar,NO
dbo,USER_DIMENSION,PARENT_DIMENSION,nvarchar,YES
dbo,USER_DIMENSION_SETUP,ROWID,int,NO
dbo,USER_DIMENSION_SETUP,DIMENSION,smallint,NO
dbo,USER_DIMENSION_SETUP,DIMENSION_LABEL,nvarchar,YES
dbo,USER_FLD_AUTHORITY,ROWID,int,NO
dbo,USER_FLD_AUTHORITY,USER_ID,nvarchar,NO
dbo,USER_FLD_AUTHORITY,PROGRAM_ID,nvarchar,NO
dbo,USER_FLD_AUTHORITY,PROGRAM_FIELD,nvarchar,NO
dbo,USER_FLD_AUTHORITY,PERMISSION,nchar,NO
dbo,USER_MNU_AUTHORITY,ROWID,int,NO
dbo,USER_MNU_AUTHORITY,USER_ID,nvarchar,NO
dbo,USER_MNU_AUTHORITY,GROUP_ID,nvarchar,NO
dbo,USER_MNU_AUTHORITY,LANGUAGE_ID,nvarchar,NO
dbo,USER_MNU_AUTHORITY,PERMISSION,nchar,YES
dbo,USER_PGM_AUTHORITY,ROWID,int,NO
dbo,USER_PGM_AUTHORITY,USER_ID,nvarchar,NO
dbo,USER_PGM_AUTHORITY,PROGRAM_ID,nvarchar,NO
dbo,USER_PGM_AUTHORITY,PROGRAM_COMPONENT,nvarchar,NO
dbo,USER_PGM_AUTHORITY,PERMISSION,nchar,NO
dbo,USER_PGM_AUTHORITY,PROFILE_STRING,nvarchar,YES
dbo,USER_PROFILE,ROWID,int,NO
dbo,USER_PROFILE,USER_ID,nvarchar,NO
dbo,USER_PROFILE,PROFILE_ID,nvarchar,NO
dbo,USER_SITE,ROWID,int,NO
dbo,USER_SITE,SITE_ID,nvarchar,NO
dbo,USER_SITE,USER_ID,nvarchar,NO
dbo,USER_SITE,VIEWABLE_SITES,nchar,YES
dbo,USER_SITE,DEFAULT_SITE,nchar,YES
dbo,V_ACCOUNT,ID,nvarchar,NO
dbo,V_ACCOUNT,ACCEPT_EARLY,smallint,NO
dbo,V_ACCOUNT,ADDR_1,nvarchar,YES
dbo,V_ACCOUNT,ADDR_2,nvarchar,YES
dbo,V_ACCOUNT,ADDR_3,nvarchar,YES
dbo,V_ACCOUNT,ANN_SALES,nchar,YES
dbo,V_ACCOUNT,AREA_ID,nvarchar,YES
dbo,V_ACCOUNT,BACKORDER,smallint,NO
dbo,V_ACCOUNT,BILL_LANGUAGE_ID,nvarchar,YES
dbo,V_ACCOUNT,BILL_TO_ADDR_1,nvarchar,YES
dbo,V_ACCOUNT,BILL_TO_ADDR_2,nvarchar,YES
dbo,V_ACCOUNT,BILL_TO_ADDR_3,nvarchar,YES
dbo,V_ACCOUNT,BILL_TO_CITY,nvarchar,YES
dbo,V_ACCOUNT,BILL_TO_COUNTRY,nvarchar,YES
dbo,V_ACCOUNT,BILL_TO_NAME,nvarchar,YES
dbo,V_ACCOUNT,BILL_TO_STATE,nvarchar,YES
dbo,V_ACCOUNT,BILL_TO_ZIPCODE,nvarchar,YES
dbo,V_ACCOUNT,BRANCH_ID,nvarchar,YES
dbo,V_ACCOUNT,BUS_PHONE,nvarchar,YES
dbo,V_ACCOUNT,BUS_TYPE,nvarchar,YES
dbo,V_ACCOUNT,BUS_UNIT_ID,nvarchar,YES
dbo,V_ACCOUNT,CARRIER_ID,nvarchar,YES
dbo,V_ACCOUNT,CITY,nvarchar,YES
dbo,V_ACCOUNT,CONTACT_BUSINESS,nvarchar,YES
dbo,V_ACCOUNT,CONTACT_EMAIL,nvarchar,YES
dbo,V_ACCOUNT,CONTACT_FAX,nvarchar,YES
dbo,V_ACCOUNT,CONTACT_FIRST_NAME,nvarchar,YES
dbo,V_ACCOUNT,CONTACT_HOME,nvarchar,YES
dbo,V_ACCOUNT,CONTACT_HONORIFIC,nvarchar,YES
dbo,V_ACCOUNT,CONTACT_ID,nvarchar,YES
dbo,V_ACCOUNT,CONTACT_INITIAL,nvarchar,YES
dbo,V_ACCOUNT,CONTACT_LAST_NAME,nvarchar,YES
dbo,V_ACCOUNT,CONTACT_MOBILE,nvarchar,YES
dbo,V_ACCOUNT,CONTACT_OTHER,nvarchar,YES
dbo,V_ACCOUNT,CONTACT_POSITION,nvarchar,YES
dbo,V_ACCOUNT,CONTACT_SALUTATION,nvarchar,YES
dbo,V_ACCOUNT,COUNTRY,nvarchar,YES
dbo,V_ACCOUNT,COUNTRY_ID,nvarchar,YES
dbo,V_ACCOUNT,COUNTY_NAME,nvarchar,YES
dbo,V_ACCOUNT,CREATOR,nvarchar,YES
dbo,V_ACCOUNT,CURRENCY_ID,nvarchar,NO
dbo,V_ACCOUNT,CUST_ID,nvarchar,YES
dbo,V_ACCOUNT,DAYS_EARLY,smallint,YES
dbo,V_ACCOUNT,DEF_ACK_ID,nvarchar,YES
dbo,V_ACCOUNT,DEF_SLS_TAX_GRP_ID,nvarchar,YES
dbo,V_ACCOUNT,DEF_TRANS_CURRENCY,nvarchar,YES
dbo,V_ACCOUNT,DESCRIPTION,nvarchar,YES
dbo,V_ACCOUNT,DISCOUNT_CODE,nvarchar,YES
dbo,V_ACCOUNT,DIVISION_ID,nvarchar,YES
dbo,V_ACCOUNT,DUNNING_LETTERS,smallint,NO
dbo,V_ACCOUNT,FAX_PHONE,nvarchar,YES
dbo,V_ACCOUNT,FINANCE_CHARGE,decimal,YES
dbo,V_ACCOUNT,FOLLOW_UP,smallint,NO
dbo,V_ACCOUNT,FOLLOW_UP_DATE,datetime,YES
dbo,V_ACCOUNT,FOLLOW_UP_TYPE,nvarchar,YES
dbo,V_ACCOUNT,FREE_ON_BOARD,nvarchar,YES
dbo,V_ACCOUNT,FRT_TERMS,nchar,YES
dbo,V_ACCOUNT,IND_CODE,nvarchar,YES
dbo,V_ACCOUNT,LAST_ORDER_DATE,datetime,YES
dbo,V_ACCOUNT,LBL_FORMAT_ID,nvarchar,YES
dbo,V_ACCOUNT,MODE_OF_TRANSPORT,int,YES
dbo,V_ACCOUNT,NAME,nvarchar,YES
dbo,V_ACCOUNT,NO_EMPS,int,YES
dbo,V_ACCOUNT,OPEN_DATE,datetime,NO
dbo,V_ACCOUNT,OWNER,nvarchar,YES
dbo,V_ACCOUNT,PARENT_ACCT_ID,nvarchar,YES
dbo,V_ACCOUNT,PRIORITY,smallint,YES
dbo,V_ACCOUNT,PRODUCT,nvarchar,YES
dbo,V_ACCOUNT,PLANT_SQFT,decimal,YES
dbo,V_ACCOUNT,RECV_ACCT_ID,nvarchar,YES
dbo,V_ACCOUNT,RMA_REQUIRED,smallint,NO
dbo,V_ACCOUNT,SALESREP_ID,nvarchar,YES
dbo,V_ACCOUNT,SHIPTO_ID,nvarchar,YES
dbo,V_ACCOUNT,SHIP_VIA,nvarchar,YES
dbo,V_ACCOUNT,SIC_CODE,nvarchar,YES
dbo,V_ACCOUNT,SIC_ALT_1,nvarchar,YES
dbo,V_ACCOUNT,SIC_ALT_2,nvarchar,YES
dbo,V_ACCOUNT,SIC_ALT_3,nvarchar,YES
dbo,V_ACCOUNT,STATE,nvarchar,YES
dbo,V_ACCOUNT,SUB_AREA_ID,nvarchar,YES
dbo,V_ACCOUNT,SUPPLIER_ID,nvarchar,YES
dbo,V_ACCOUNT,TAX_EXEMPT,smallint,NO
dbo,V_ACCOUNT,TAX_ID_NBR,nvarchar,YES
dbo,V_ACCOUNT,TAX_ON_WHOLESALE,smallint,NO
dbo,V_ACCOUNT,TERMS_DESCRIPTION,nvarchar,YES
dbo,V_ACCOUNT,TERMS_DISC_DATE,datetime,YES
dbo,V_ACCOUNT,TERMS_DISC_DAYS,smallint,YES
dbo,V_ACCOUNT,TERMS_DISC_PERCENT,decimal,YES
dbo,V_ACCOUNT,TERMS_DISC_TYPE,nchar,YES
dbo,V_ACCOUNT,TERMS_NET_DATE,datetime,YES
dbo,V_ACCOUNT,TERMS_NET_DAYS,smallint,YES
dbo,V_ACCOUNT,TERMS_NET_TYPE,nchar,YES
dbo,V_ACCOUNT,TERRITORY,nvarchar,YES
dbo,V_ACCOUNT,URL,nvarchar,YES
dbo,V_ACCOUNT,USER_1,nvarchar,YES
dbo,V_ACCOUNT,USER_2,nvarchar,YES
dbo,V_ACCOUNT,USER_3,nvarchar,YES
dbo,V_ACCOUNT,USER_4,nvarchar,YES
dbo,V_ACCOUNT,USER_5,nvarchar,YES
dbo,V_ACCOUNT,USER_6,nvarchar,YES
dbo,V_ACCOUNT,USER_7,nvarchar,YES
dbo,V_ACCOUNT,USER_8,nvarchar,YES
dbo,V_ACCOUNT,USER_9,nvarchar,YES
dbo,V_ACCOUNT,USER_10,nvarchar,YES
dbo,V_ACCOUNT,USER_T1,nvarchar,YES
dbo,V_ACCOUNT,USER_T2,nvarchar,YES
dbo,V_ACCOUNT,USER_T3,nvarchar,YES
dbo,V_ACCOUNT,USER_T4,nvarchar,YES
dbo,V_ACCOUNT,USER_T5,nvarchar,YES
dbo,V_ACCOUNT,USER_D1,datetime,YES
dbo,V_ACCOUNT,USER_D2,datetime,YES
dbo,V_ACCOUNT,USER_D3,datetime,YES
dbo,V_ACCOUNT,WEB_USER_ID,nvarchar,YES
dbo,V_ACCOUNT,WEB_PASSWORD,nvarchar,YES
dbo,V_ACCOUNT,YR_ESTABLISHED,nvarchar,YES
dbo,V_ACCOUNT,ZIPCODE,nvarchar,YES
dbo,V_ACCOUNT,COMMENTS,nvarchar,YES
dbo,V_ACCOUNT,LAST_MODIFIED,datetime,YES
dbo,V_ACCOUNT,LAST_USER,nvarchar,YES
dbo,V_ACCOUNT,USER_N1,decimal,YES
dbo,V_ACCOUNT,USER_N2,decimal,YES
dbo,V_ACCOUNT,USER_N3,decimal,YES
dbo,V_ACCOUNT,USER_N4,decimal,YES
dbo,V_ACCOUNT,USER_N5,decimal,YES
dbo,V_ACCOUNT,ACCT_TYPE,nvarchar,YES
dbo,V_ACCOUNT,ALT_PHONE,nvarchar,YES
dbo,V_ACCOUNT,ACCT_CATEGORY,nchar,NO
dbo,V_ACCOUNT,USER_T6,nvarchar,YES
dbo,V_ACCOUNT,USER_T7,nvarchar,YES
dbo,V_ACCOUNT,USER_T8,nvarchar,YES
dbo,V_ACCOUNT,USER_T9,nvarchar,YES
dbo,V_ACCOUNT,USER_T10,nvarchar,YES
dbo,V_ACCOUNT,USER_T11,nvarchar,YES
dbo,V_ACCOUNT,USER_T12,nvarchar,YES
dbo,V_ACCOUNT,USER_T13,nvarchar,YES
dbo,V_ACCOUNT,USER_T14,nvarchar,YES
dbo,V_ACCOUNT,USER_T15,nvarchar,YES
dbo,V_ACCOUNT,USER_T16,nvarchar,YES
dbo,V_ACCOUNT,USER_T17,nvarchar,YES
dbo,V_ACCOUNT,USER_T18,nvarchar,YES
dbo,V_ACCOUNT,USER_T19,nvarchar,YES
dbo,V_ACCOUNT,USER_T20,nvarchar,YES
dbo,V_ACCOUNT,USER_T21,nvarchar,YES
dbo,V_ACCOUNT,USER_T22,nvarchar,YES
dbo,V_ACCOUNT,USER_T23,nvarchar,YES
dbo,V_ACCOUNT,USER_T24,nvarchar,YES
dbo,V_ACCOUNT,USER_T25,nvarchar,YES
dbo,V_ACCOUNT,USER_T26,nvarchar,YES
dbo,V_ACCOUNT,USER_T27,nvarchar,YES
dbo,V_ACCOUNT,USER_T28,nvarchar,YES
dbo,V_ACCOUNT,USER_T29,nvarchar,YES
dbo,V_ACCOUNT,USER_T30,nvarchar,YES
dbo,V_ACCOUNT,USER_N6,decimal,YES
dbo,V_ACCOUNT,USER_N7,decimal,YES
dbo,V_ACCOUNT,USER_N8,decimal,YES
dbo,V_ACCOUNT,USER_N9,decimal,YES
dbo,V_ACCOUNT,USER_N10,decimal,YES
dbo,V_ACCOUNT,USER_N11,decimal,YES
dbo,V_ACCOUNT,USER_N12,decimal,YES
dbo,V_ACCOUNT,USER_N13,decimal,YES
dbo,V_ACCOUNT,USER_N14,decimal,YES
dbo,V_ACCOUNT,USER_N15,decimal,YES
dbo,V_ACCOUNT,USER_D4,datetime,YES
dbo,V_ACCOUNT,USER_D5,datetime,YES
dbo,V_ACCOUNT,INACTIVE_ACCOUNT,smallint,YES
dbo,V_ACCOUNT,ACCT_MANAGER,nvarchar,YES
dbo,V_ACCOUNT,RATING,smallint,YES
dbo,V_ACCOUNT,RATING_COMMENTS,nvarchar,YES
dbo,V_ACCOUNT,CREATE_DATE,datetime,YES
dbo,V_ACCOUNT,DO_NOT_CONTACT,datetime,YES
dbo,V_ACCOUNT,DO_NOT_EMAIL,datetime,YES
dbo,V_ACCOUNT,DO_NOT_PHONE,datetime,YES
dbo,V_ACCOUNT,DO_NOT_MAIL,datetime,YES
dbo,V_ACCOUNT,DO_NOT_FAX,datetime,YES
dbo,V_ACCOUNT,DEF_LBL_FORMAT_ID,nvarchar,YES
dbo,V_ACCOUNT,MARKET_ID,nvarchar,YES
dbo,V_ACCOUNT,DEF_RECV_ACCT_ID,nvarchar,YES
dbo,V_ACCOUNT,FILL_RATE,decimal,YES
dbo,V_ACCOUNT,PRIMARILY_EDI,smallint,YES
dbo,V_ACCOUNT,INTER_CONSIGNEE,nvarchar,YES
dbo,V_ACCOUNT,POOL_CODE,nvarchar,YES
dbo,V_ACCOUNT,GENERATE_ASN,smallint,YES
dbo,V_ACCOUNT,HOLD_TRANSFER_ASN,smallint,YES
dbo,V_ACCOUNT,ACCEPT_830,smallint,YES
dbo,V_ACCOUNT,ACCEPT_862,smallint,YES
dbo,V_ACCOUNT,CONSOL_SHIP_LINE,smallint,YES
dbo,V_ACCOUNT,TAKE_DISC_DAYS,decimal,YES
dbo,V_ACCOUNT,LANGUAGE_ID,nvarchar,YES
dbo,V_ACCOUNT,CUSTOMS_DOC_PRINT,nchar,YES
dbo,V_ACCOUNT,COMMENTS_BIN,ntext,YES
dbo,V_ACCOUNT,VAT_ON_FIRST_INST,nchar,YES
dbo,V_ACCOUNT,EOM_DUE_DATE,nchar,YES
dbo,V_ACCOUNT,INST_PERIOD_TYPE,nchar,YES
dbo,V_ACCOUNT,VAT_ALWAYS_DISC,smallint,YES
dbo,V_ACCOUNT,VAT_BOOK_CODE_I,nvarchar,YES
dbo,V_ACCOUNT,VAT_BOOK_CODE_M,nvarchar,YES
dbo,V_ACCOUNT,VAT_CODE,nvarchar,YES
dbo,V_ACCOUNT,VAT_DISCOUNTED,smallint,YES
dbo,V_ACCOUNT,VAT_EXEMPT,smallint,YES
dbo,V_ACCOUNT,VAT_OVERRIDE_SEQ,nvarchar,YES
dbo,V_ACCOUNT,VAT_REGISTRATION,nvarchar,YES
dbo,V_ACCOUNT,ARRIVAL_CODE,nvarchar,YES
dbo,V_ACCOUNT,TRANS_CODE,nvarchar,YES
dbo,V_ACCOUNT,NATURE_OF_TRANS,int,YES
dbo,V_ACCOUNT,RETURN_TRANS,int,YES
dbo,V_ACCOUNT,SIRET_NUMBER,decimal,YES
dbo,V_ACCOUNT,CALL_BILLING_ID,nvarchar,YES
dbo,V_ACCOUNT,IS_LEAD,smallint,YES
dbo,V_ACCOUNT,LEAD_TO_ACCT,datetime,YES
dbo,V_ACCOUNT,ACCT_TO_CUST,datetime,YES
dbo,V_ACCOUNT,DEF_TERMS_ID,nvarchar,YES
dbo,V_ACCOUNT,CUSTOMER_COUNTRY_ID,nvarchar,YES
dbo,V_ACCOUNT,BILL_TO_COUNTRY_ID,nvarchar,YES
dbo,V_ACCT_BINARY,ACCT_ID,nvarchar,NO
dbo,V_ACCT_BINARY,BITS_LENGTH,int,NO
dbo,V_ACCT_BINARY,TYPE,nvarchar,NO
dbo,V_ACCT_BINARY,LAST_MODIFIED,datetime,YES
dbo,V_ACCT_BINARY,LAST_USER,nvarchar,YES
dbo,V_ACCT_BINARY,BITS,image,YES
dbo,V_ACCT_BINARY,CREATE_DATE,datetime,YES
dbo,V_ACCT_CONTACT,ACCT_ID,nvarchar,NO
dbo,V_ACCT_CONTACT,CONT_ID,nvarchar,NO
dbo,V_ACCT_CONTACT,CUST_ID,nvarchar,YES
dbo,V_ACCT_CONTACT,CONTACT_NO,smallint,YES
dbo,V_ACCT_CONTACT,VE_CONT_ID,nvarchar,YES
dbo,V_ACCT_CONTACT,PRIMARY_CONTACT,smallint,YES
dbo,V_ACCT_CONTACT,LAST_MODIFIED,datetime,YES
dbo,V_ACCT_CONTACT,LAST_USER,nvarchar,YES
dbo,V_ACCT_CONTACT,CREATE_DATE,datetime,YES
dbo,V_ACCT_ENTITY,ENTITY_ID,nvarchar,NO
dbo,V_ACCT_ENTITY,ACCT_ID,nvarchar,NO
dbo,V_ACCT_ENTITY,CREDIT_STATUS,nchar,NO
dbo,V_ACCT_ENTITY,CREDIT_LIMIT_CTL,nchar,NO
dbo,V_ACCT_ENTITY,CREDIT_LIMIT,decimal,YES
dbo,V_ACCT_ENTITY,RECV_AGE_LIMIT,smallint,YES
dbo,V_ACCT_ENTITY,TOTAL_OPEN_ORDERS,decimal,NO
dbo,V_ACCT_ENTITY,TOTAL_OPEN_RECV,decimal,NO
dbo,V_ACCT_ENTITY,OPEN_ORDER_COUNT,int,NO
dbo,V_ACCT_ENTITY,OPEN_RECV_COUNT,int,NO
dbo,V_ACCT_ENTITY,LAST_MODIFIED,datetime,YES
dbo,V_ACCT_ENTITY,LAST_USER,nvarchar,YES
dbo,V_ACCT_ENTITY,CREATE_DATE,datetime,YES
dbo,V_ACCT_SALESREP,ACCT_ID,nvarchar,NO
dbo,V_ACCT_SALESREP,COMMISSION_PCT,decimal,YES
dbo,V_ACCT_SALESREP,SALESREP_ID,nvarchar,NO
dbo,V_ACCT_SALESREP,SALESREP_ROLE,nvarchar,YES
dbo,V_ACCT_SALESREP,LAST_MODIFIED,datetime,YES
dbo,V_ACCT_SALESREP,LAST_USER,nvarchar,YES
dbo,V_ACCT_SALESREP,CREATE_DATE,datetime,YES
dbo,V_ACCT_SITE,ACCT_ID,nvarchar,NO
dbo,V_ACCT_SITE,SITE_ID,nvarchar,NO
dbo,V_ACCT_SITE,PRIORITY_CODE,nvarchar,YES
dbo,V_ACCT_SITE,WAREHOUSE_ID,nvarchar,YES
dbo,V_ACCT_SITE,CUST_TYPE,nvarchar,YES
dbo,V_ACCT_SITE,ORDER_FILL_RATE,decimal,NO
dbo,V_ACCT_SITE,FILL_RATE_TYPE,nchar,YES
dbo,V_ACCT_SITE,ALLOCATION_FENCE,int,YES
dbo,V_ACCT_SITE,CO_ALLOC_LEVEL,nchar,YES
dbo,V_ACCT_SITE,REALLOCATE,smallint,YES
dbo,V_ACCT_SITE,CONSOLIDATE_ORDERS,smallint,YES
dbo,V_ACCT_SITE,COMPLIANCE_LABEL,smallint,YES
dbo,V_ACCT_SITE,AUTO_ALLOCATE,smallint,YES
dbo,V_ACCT_SITE,LAST_MODIFIED,datetime,YES
dbo,V_ACCT_SITE,LAST_USER,nvarchar,YES
dbo,V_ACCT_SITE,CREATE_DATE,datetime,YES
dbo,V_ACCT_TYPE,ID,nvarchar,NO
dbo,V_ACCT_TYPE,DESCRIPTION,nvarchar,YES
dbo,V_ACCT_TYPE,LAST_MODIFIED,datetime,YES
dbo,V_ACCT_TYPE,LAST_USER,nvarchar,YES
dbo,V_ACCT_TYPE,CREATE_DATE,datetime,YES
dbo,V_ADDRESS,ID,nvarchar,NO
dbo,V_ADDRESS,ACCT_ID,nvarchar,YES
dbo,V_ADDRESS,ADDR_1,nvarchar,YES
dbo,V_ADDRESS,ADDR_2,nvarchar,YES
dbo,V_ADDRESS,ADDR_3,nvarchar,YES
dbo,V_ADDRESS,ADDR_NO,int,YES
dbo,V_ADDRESS,AREA_ID,nvarchar,YES
dbo,V_ADDRESS,CARRIER_ID,nvarchar,YES
dbo,V_ADDRESS,CITY,nvarchar,YES
dbo,V_ADDRESS,CONTACT_ID,nvarchar,YES
dbo,V_ADDRESS,COUNTRY,nvarchar,YES
dbo,V_ADDRESS,COUNTRY_ID,nvarchar,YES
dbo,V_ADDRESS,COUNTY_NAME,nvarchar,YES
dbo,V_ADDRESS,CUST_ID,nvarchar,YES
dbo,V_ADDRESS,CREATOR,nvarchar,YES
dbo,V_ADDRESS,DEF_SALESREP_ID,nvarchar,YES
dbo,V_ADDRESS,DEF_SLS_TAX_GRP_ID,nvarchar,YES
dbo,V_ADDRESS,DESCRIPTION,nvarchar,YES
dbo,V_ADDRESS,DISCOUNT_CODE,nvarchar,YES
dbo,V_ADDRESS,SITE_ID,nvarchar,YES
dbo,V_ADDRESS,FREE_ON_BOARD,nvarchar,YES
dbo,V_ADDRESS,NAME,nvarchar,YES
dbo,V_ADDRESS,OWNER,nvarchar,YES
dbo,V_ADDRESS,SHIP_VIA,nvarchar,YES
dbo,V_ADDRESS,STATE,nvarchar,YES
dbo,V_ADDRESS,SUB_AREA_ID,nvarchar,YES
dbo,V_ADDRESS,TAX_EXEMPT,smallint,NO
dbo,V_ADDRESS,TAX_ID_NBR,nvarchar,YES
dbo,V_ADDRESS,TERRITORY,nvarchar,YES
dbo,V_ADDRESS,TYPE,nvarchar,YES
dbo,V_ADDRESS,WAREHOUSE_ID,nvarchar,YES
dbo,V_ADDRESS,ZIPCODE,nvarchar,YES
dbo,V_ADDRESS,COMMENTS,nvarchar,YES
dbo,V_ADDRESS,LAST_MODIFIED,datetime,YES
dbo,V_ADDRESS,LAST_USER,nvarchar,YES
dbo,V_ADDRESS,USER_D1,datetime,YES
dbo,V_ADDRESS,USER_D2,datetime,YES
dbo,V_ADDRESS,USER_D3,datetime,YES
dbo,V_ADDRESS,USER_N1,decimal,YES
dbo,V_ADDRESS,USER_N2,decimal,YES
dbo,V_ADDRESS,USER_N3,decimal,YES
dbo,V_ADDRESS,USER_N4,decimal,YES
dbo,V_ADDRESS,USER_N5,decimal,YES
dbo,V_ADDRESS,USER_T1,nvarchar,YES
dbo,V_ADDRESS,USER_T2,nvarchar,YES
dbo,V_ADDRESS,USER_T3,nvarchar,YES
dbo,V_ADDRESS,USER_T4,nvarchar,YES
dbo,V_ADDRESS,USER_T5,nvarchar,YES
dbo,V_ADDRESS,CREATE_DATE,datetime,YES
dbo,V_ADDRESS,SHIPTO_ID,nvarchar,YES
dbo,V_ADDRESS,COMMENTS_BIN,ntext,YES
dbo,V_ADDRESS,VAT_CODE,nvarchar,YES
dbo,V_ADDRESS,VAT_OVERRIDE_SEQ,nvarchar,YES
dbo,V_ADDRESS,VAT_REGISTRATION,nvarchar,YES
dbo,V_ADDRESS,ARRIVAL_CODE,nvarchar,YES
dbo,V_ADDRESS,TRANS_CODE,nvarchar,YES
dbo,V_ADDRESS,NATURE_OF_TRANS,int,YES
dbo,V_ADDRESS,MODE_OF_TRANSPORT,int,YES
dbo,V_ADDRESS,SIRET_NUMBER,decimal,YES
dbo,V_ADDRESS,LANGUAGE_ID,nvarchar,YES
dbo,V_ADDRESS,INACTIVE_ADDRESS,smallint,YES
dbo,V_ADDRESS,CUST_ADDR_COUNTRY_ID,nvarchar,YES
dbo,V_ADMIN,ID,nvarchar,NO
dbo,V_ADMIN,DESCRIPTION,nvarchar,YES
dbo,V_ADMIN,SETTING,nvarchar,YES
dbo,V_ADMIN,LAST_MODIFIED,datetime,YES
dbo,V_ADMIN,LAST_USER,nvarchar,YES
dbo,V_ADMIN,CREATE_DATE,datetime,YES
dbo,V_ANNUAL_SALES,ID,nvarchar,NO
dbo,V_ANNUAL_SALES,ANN_SALES,nvarchar,YES
dbo,V_ANNUAL_SALES,LAST_USER,nvarchar,YES
dbo,V_ANNUAL_SALES,LAST_MODIFIED,datetime,YES
dbo,V_AREA,ID,nvarchar,NO
dbo,V_AREA,DESCRIPTION,nvarchar,YES
dbo,V_AREA,LAST_MODIFIED,datetime,YES
dbo,V_AREA,LAST_USER,nvarchar,YES
dbo,V_AREA,CREATE_DATE,datetime,YES
dbo,V_BRANCH,ID,nvarchar,NO
dbo,V_BRANCH,DESCRIPTION,nvarchar,YES
dbo,V_BRANCH,LAST_MODIFIED,datetime,YES
dbo,V_BRANCH,LAST_USER,nvarchar,YES
dbo,V_BRANCH,CREATE_DATE,datetime,YES
dbo,V_BUSINESS_UNIT,ID,nvarchar,NO
dbo,V_BUSINESS_UNIT,DESCRIPTION,nvarchar,YES
dbo,V_BUSINESS_UNIT,LAST_MODIFIED,datetime,YES
dbo,V_BUSINESS_UNIT,LAST_USER,nvarchar,YES
dbo,V_BUSINESS_UNIT,CREATE_DATE,datetime,YES
dbo,V_CAL_BINARY,CAL_ID,nvarchar,NO
dbo,V_CAL_BINARY,BITS_LENGTH,int,NO
dbo,V_CAL_BINARY,TYPE,nvarchar,NO
dbo,V_CAL_BINARY,LAST_MODIFIED,datetime,YES
dbo,V_CAL_BINARY,LAST_USER,nvarchar,YES
dbo,V_CAL_BINARY,BITS,image,YES
dbo,V_CAL_BINARY,CREATE_DATE,datetime,YES
dbo,V_CAL_CONTACT,CAL_ID,nvarchar,NO
dbo,V_CAL_CONTACT,CONTACT_ID,nvarchar,NO
dbo,V_CAL_CONTACT,LAST_MODIFIED,datetime,YES
dbo,V_CAL_CONTACT,LAST_USER,nvarchar,YES
dbo,V_CAL_CONTACT,PRIMARY_CONTACT,smallint,YES
dbo,V_CAL_CONTACT,CREATE_DATE,datetime,YES
dbo,V_CALENDAR,ID,nvarchar,NO
dbo,V_CALENDAR,ACCT_ID,nvarchar,YES
dbo,V_CALENDAR,SUBJECT,nvarchar,YES
dbo,V_CALENDAR,CREATE_DATE,datetime,NO
dbo,V_CALENDAR,CREATOR,nvarchar,YES
dbo,V_CALENDAR,LAST_MODIFIED,datetime,YES
dbo,V_CALENDAR,LAST_USER,nvarchar,YES
dbo,V_CALENDAR,OWNER,nvarchar,YES
dbo,V_CALENDAR,STATUS,nvarchar,YES
dbo,V_CALENDAR,USER_D1,datetime,YES
dbo,V_CALENDAR,USER_D2,datetime,YES
dbo,V_CALENDAR,USER_D3,datetime,YES
dbo,V_CALENDAR,USER_N1,decimal,YES
dbo,V_CALENDAR,USER_N2,decimal,YES
dbo,V_CALENDAR,USER_N3,decimal,YES
dbo,V_CALENDAR,USER_N4,decimal,YES
dbo,V_CALENDAR,USER_N5,decimal,YES
dbo,V_CALENDAR,USER_T1,nvarchar,YES
dbo,V_CALENDAR,USER_T2,nvarchar,YES
dbo,V_CALENDAR,USER_T3,nvarchar,YES
dbo,V_CALENDAR,USER_T4,nvarchar,YES
dbo,V_CALENDAR,USER_T5,nvarchar,YES
dbo,V_CALENDAR,LOCATION,nvarchar,YES
dbo,V_CALENDAR,START_DATE,datetime,YES
dbo,V_CALENDAR,END_DATE,datetime,YES
dbo,V_CALENDAR,REMINDER,smallint,NO
dbo,V_CALENDAR,PRIVATE,smallint,NO
dbo,V_CALENDAR,CATEGORY_ID,nvarchar,YES
dbo,V_CALENDAR,TENTATIVE,smallint,NO
dbo,V_CALENDAR,C_ORIG_TIME_ZONE,nvarchar,YES
dbo,V_CALENDAR,N_ORIG_TIME_ZONE,int,YES
dbo,V_CALENDAR,CONTACT_ID,nvarchar,YES
dbo,V_CALENDAR,COMMENTS,nvarchar,YES
dbo,V_CALENDAR,REMINDER_TIME,datetime,YES
dbo,V_CALENDAR,SNOOZE_INTERVAL,nvarchar,YES
dbo,V_CALENDAR,REMINDER_INTERVAL,nvarchar,YES
dbo,V_CALENDAR,COMMENTS_BIN,ntext,YES
dbo,V_CALENDAR,ADDR_ID,nvarchar,YES
dbo,V_CALENDAR,ALL_DAY_EVENT,smallint,YES
dbo,V_CALENDAR,SITE_ID,nvarchar,YES
dbo,V_CALL,ID,nvarchar,NO
dbo,V_CALL,ACCT_ID,nvarchar,YES
dbo,V_CALL,CALLER_ID,nvarchar,NO
dbo,V_CALL,CLOSED_DATE,datetime,YES
dbo,V_CALL,CONTR_ID,nvarchar,YES
dbo,V_CALL,CREATOR,nvarchar,YES
dbo,V_CALL,SITE_ID,nvarchar,NO
dbo,V_CALL,FOLLOW_UP,smallint,NO
dbo,V_CALL,FOLLOW_UP_DATE,datetime,YES
dbo,V_CALL,FOLLOW_UP_TYPE,nvarchar,YES
dbo,V_CALL,INVOICED,smallint,YES
dbo,V_CALL,OPEN_DATE,datetime,YES
dbo,V_CALL,OWNER,nvarchar,YES
dbo,V_CALL,PART_ID,nvarchar,YES
dbo,V_CALL,STATUS,nvarchar,NO
dbo,V_CALL,TRACE_ID,nvarchar,YES
dbo,V_CALL,USER_T1,nvarchar,YES
dbo,V_CALL,USER_T2,nvarchar,YES
dbo,V_CALL,USER_T3,nvarchar,YES
dbo,V_CALL,USER_T4,nvarchar,YES
dbo,V_CALL,USER_T5,nvarchar,YES
dbo,V_CALL,POSTING_CANDIDATE,smallint,NO
dbo,V_CALL,USER_D1,datetime,YES
dbo,V_CALL,USER_D2,datetime,YES
dbo,V_CALL,USER_D3,datetime,YES
dbo,V_CALL,LAST_MODIFIED,datetime,YES
dbo,V_CALL,LAST_USER,nvarchar,YES
dbo,V_CALL,COMMENTS,nvarchar,YES
dbo,V_CALL,USER_N1,decimal,YES
dbo,V_CALL,USER_N2,decimal,YES
dbo,V_CALL,USER_N3,decimal,YES
dbo,V_CALL,USER_N4,decimal,YES
dbo,V_CALL,USER_N5,decimal,YES
dbo,V_CALL,LOCKED,smallint,YES
dbo,V_CALL,CREATE_DATE,datetime,YES
dbo,V_CALL,CONTR_ITEM_NO,smallint,YES
dbo,V_CALL,LOOKUP_TYPE,nvarchar,YES
dbo,V_CALL,USER_T6,nvarchar,YES
dbo,V_CALL,USER_T7,nvarchar,YES
dbo,V_CALL,USER_T8,nvarchar,YES
dbo,V_CALL,USER_T9,nvarchar,YES
dbo,V_CALL,USER_T10,nvarchar,YES
dbo,V_CALL,USER_T11,nvarchar,YES
dbo,V_CALL,USER_T12,nvarchar,YES
dbo,V_CALL,USER_T13,nvarchar,YES
dbo,V_CALL,USER_T14,nvarchar,YES
dbo,V_CALL,USER_T15,nvarchar,YES
dbo,V_CALL,USER_T16,nvarchar,YES
dbo,V_CALL,USER_T17,nvarchar,YES
dbo,V_CALL,USER_T18,nvarchar,YES
dbo,V_CALL,USER_T19,nvarchar,YES
dbo,V_CALL,USER_T20,nvarchar,YES
dbo,V_CALL,USER_T21,nvarchar,YES
dbo,V_CALL,USER_T22,nvarchar,YES
dbo,V_CALL,USER_T23,nvarchar,YES
dbo,V_CALL,USER_T24,nvarchar,YES
dbo,V_CALL,USER_T25,nvarchar,YES
dbo,V_CALL,USER_T26,nvarchar,YES
dbo,V_CALL,USER_T27,nvarchar,YES
dbo,V_CALL,USER_T28,nvarchar,YES
dbo,V_CALL,USER_T29,nvarchar,YES
dbo,V_CALL,USER_T30,nvarchar,YES
dbo,V_CALL,USER_N6,decimal,YES
dbo,V_CALL,USER_N7,decimal,YES
dbo,V_CALL,USER_N8,decimal,YES
dbo,V_CALL,USER_N9,decimal,YES
dbo,V_CALL,USER_N10,decimal,YES
dbo,V_CALL,USER_N11,decimal,YES
dbo,V_CALL,USER_N12,decimal,YES
dbo,V_CALL,USER_N13,decimal,YES
dbo,V_CALL,USER_N14,decimal,YES
dbo,V_CALL,USER_N15,decimal,YES
dbo,V_CALL,USER_D4,datetime,YES
dbo,V_CALL,USER_D5,datetime,YES
dbo,V_CALL,FOLLOW_UP_EMP_ID,nvarchar,YES
dbo,V_CALL,FOLLOW_UP_DAYS,smallint,YES
dbo,V_CALL,FOLLOW_UP_AUTO_GEN,smallint,YES
dbo,V_CALL,CALL_BILLING_ID,nvarchar,YES
dbo,V_CALL,CURRENCY_ID,nvarchar,YES
dbo,V_CALL,REV_GL_ACCT_ID,nvarchar,YES
dbo,V_CALL,TERMS_DESCRIPTION,nvarchar,YES
dbo,V_CALL,TERMS_DISC_DATE,datetime,YES
dbo,V_CALL,TERMS_DISC_DAYS,smallint,YES
dbo,V_CALL,TERMS_DISC_TYPE,nvarchar,YES
dbo,V_CALL,TERMS_NET_DATE,datetime,YES
dbo,V_CALL,TERMS_NET_DAYS,smallint,YES
dbo,V_CALL,TERMS_NET_TYPE,nvarchar,YES
dbo,V_CALL,FREIGHT_TERMS,nvarchar,YES
dbo,V_CALL,FREE_ON_BOARD,nvarchar,YES
dbo,V_CALL,VAT_ON_FIRST_INST,nvarchar,YES
dbo,V_CALL,EOM_DUE_DATE,nvarchar,YES
dbo,V_CALL,TERMS_DISC_PERCENT,decimal,YES
dbo,V_CALL,INST_PERIOD_TYPE,nvarchar,YES
dbo,V_CALL,SALESREP_ID,nvarchar,YES
dbo,V_CALL,DISCOUNT_CODE,nvarchar,YES
dbo,V_CALL,COMMISSION_PERCENT,decimal,YES
dbo,V_CALL,SLS_TAX_GRP_ID,nvarchar,YES
dbo,V_CALL,VAT_CODE,nvarchar,YES
dbo,V_CALL,ADDR_ID,nvarchar,YES
dbo,V_CALL,TERMS_ID,nvarchar,YES
dbo,V_CALL_BILL_RATE,ID,nvarchar,NO
dbo,V_CALL_BILL_RATE,DESCRIPTION,nvarchar,YES
dbo,V_CALL_BILL_RATE,BILLING_RATE,decimal,YES
dbo,V_CALL_BILL_RATE,REV_GL_ACCT_ID,nvarchar,YES
dbo,V_CALL_BILL_RATE,SLS_TAX_GRP_ID,nvarchar,YES
dbo,V_CALL_BILL_RATE,VAT_CODE,nvarchar,YES
dbo,V_CALL_BILL_RATE,LAST_USER,nvarchar,YES
dbo,V_CALL_BILL_RATE,LAST_MODIFIED,datetime,YES
dbo,V_CALL_BINARY,CALL_ID,nvarchar,NO
dbo,V_CALL_BINARY,TYPE,nvarchar,NO
dbo,V_CALL_BINARY,BITS_LENGTH,int,NO
dbo,V_CALL_BINARY,LAST_MODIFIED,datetime,YES
dbo,V_CALL_BINARY,LAST_USER,nvarchar,YES
dbo,V_CALL_BINARY,BITS,image,YES
dbo,V_CALL_BINARY,CREATE_DATE,datetime,YES
dbo,V_CALL_ISS_BINARY,CALL_ID,nvarchar,NO
dbo,V_CALL_ISS_BINARY,ISSUE_NO,smallint,NO
dbo,V_CALL_ISS_BINARY,TYPE,nvarchar,NO
dbo,V_CALL_ISS_BINARY,BITS_LENGTH,int,NO
dbo,V_CALL_ISS_BINARY,LAST_MODIFIED,datetime,YES
dbo,V_CALL_ISS_BINARY,LAST_USER,nvarchar,YES
dbo,V_CALL_ISS_BINARY,BITS,image,YES
dbo,V_CALL_ISS_BINARY,CREATE_DATE,datetime,YES
dbo,V_CALL_ISS_KEY,CALL_ID,nvarchar,NO
dbo,V_CALL_ISS_KEY,ISSUE_NO,smallint,NO
dbo,V_CALL_ISS_KEY,KEY_NO,smallint,NO
dbo,V_CALL_ISS_KEY,DESCRIPTION,nvarchar,YES
dbo,V_CALL_ISS_KEY,KEYWORD_ID,nvarchar,YES
dbo,V_CALL_ISS_KEY,LAST_MODIFIED,datetime,YES
dbo,V_CALL_ISS_KEY,LAST_USER,nvarchar,YES
dbo,V_CALL_ISS_KEY,CREATE_DATE,datetime,YES
dbo,V_CALL_ISSUE,CALL_ID,nvarchar,NO
dbo,V_CALL_ISSUE,LINE_NO,smallint,NO
dbo,V_CALL_ISSUE,ASSIGNED_TO_ID,nvarchar,YES
dbo,V_CALL_ISSUE,PRIORITY_ID,nvarchar,NO
dbo,V_CALL_ISSUE,RESOURCE_ID,nvarchar,YES
dbo,V_CALL_ISSUE,LAST_MODIFIED,datetime,YES
dbo,V_CALL_ISSUE,LAST_USER,nvarchar,YES
dbo,V_CALL_ISSUE,ISSUE_HDR,nvarchar,YES
dbo,V_CALL_ISSUE,STATUS,nvarchar,YES
dbo,V_CALL_ISSUE,CATEGORY_ID,nvarchar,YES
dbo,V_CALL_ISSUE,KEYWORD_ID,nvarchar,YES
dbo,V_CALL_ISSUE,PROMISE_DATE,datetime,YES
dbo,V_CALL_ISSUE,CREATOR,nvarchar,YES
dbo,V_CALL_ISSUE,CREATE_DATE,datetime,YES
dbo,V_CALL_ISSUE,USER_T1,nvarchar,YES
dbo,V_CALL_ISSUE,USER_T2,nvarchar,YES
dbo,V_CALL_ISSUE,USER_T3,nvarchar,YES
dbo,V_CALL_ISSUE,USER_T4,nvarchar,YES
dbo,V_CALL_ISSUE,USER_T5,nvarchar,YES
dbo,V_CALL_ISSUE,USER_D1,datetime,YES
dbo,V_CALL_ISSUE,USER_D2,datetime,YES
dbo,V_CALL_ISSUE,USER_D3,datetime,YES
dbo,V_CALL_ISSUE,USER_N1,decimal,YES
dbo,V_CALL_ISSUE,USER_N2,decimal,YES
dbo,V_CALL_ISSUE,USER_N3,decimal,YES
dbo,V_CALL_ISSUE,USER_N4,decimal,YES
dbo,V_CALL_ISSUE,USER_N5,decimal,YES
dbo,V_CALL_ISSUE,USER_T6,nvarchar,YES
dbo,V_CALL_ISSUE,USER_T7,nvarchar,YES
dbo,V_CALL_ISSUE,USER_T8,nvarchar,YES
dbo,V_CALL_ISSUE,USER_T9,nvarchar,YES
dbo,V_CALL_ISSUE,USER_T10,nvarchar,YES
dbo,V_CALL_ISSUE,USER_T11,nvarchar,YES
dbo,V_CALL_ISSUE,USER_T12,nvarchar,YES
dbo,V_CALL_ISSUE,USER_T13,nvarchar,YES
dbo,V_CALL_ISSUE,USER_T14,nvarchar,YES
dbo,V_CALL_ISSUE,USER_T15,nvarchar,YES
dbo,V_CALL_ISSUE,USER_T16,nvarchar,YES
dbo,V_CALL_ISSUE,USER_T17,nvarchar,YES
dbo,V_CALL_ISSUE,USER_T18,nvarchar,YES
dbo,V_CALL_ISSUE,USER_T19,nvarchar,YES
dbo,V_CALL_ISSUE,USER_T20,nvarchar,YES
dbo,V_CALL_ISSUE,USER_T21,nvarchar,YES
dbo,V_CALL_ISSUE,USER_T22,nvarchar,YES
dbo,V_CALL_ISSUE,USER_T23,nvarchar,YES
dbo,V_CALL_ISSUE,USER_T24,nvarchar,YES
dbo,V_CALL_ISSUE,USER_T25,nvarchar,YES
dbo,V_CALL_ISSUE,USER_T26,nvarchar,YES
dbo,V_CALL_ISSUE,USER_T27,nvarchar,YES
dbo,V_CALL_ISSUE,USER_T28,nvarchar,YES
dbo,V_CALL_ISSUE,USER_T29,nvarchar,YES
dbo,V_CALL_ISSUE,USER_T30,nvarchar,YES
dbo,V_CALL_ISSUE,USER_N6,decimal,YES
dbo,V_CALL_ISSUE,USER_N7,decimal,YES
dbo,V_CALL_ISSUE,USER_N8,decimal,YES
dbo,V_CALL_ISSUE,USER_N9,decimal,YES
dbo,V_CALL_ISSUE,USER_N10,decimal,YES
dbo,V_CALL_ISSUE,USER_N11,decimal,YES
dbo,V_CALL_ISSUE,USER_N12,decimal,YES
dbo,V_CALL_ISSUE,USER_N13,decimal,YES
dbo,V_CALL_ISSUE,USER_N14,decimal,YES
dbo,V_CALL_ISSUE,USER_N15,decimal,YES
dbo,V_CALL_ISSUE,USER_D4,datetime,YES
dbo,V_CALL_ISSUE,USER_D5,datetime,YES
dbo,V_CALL_ISSUE,ISSUE,ntext,YES
dbo,V_CALL_ISSUE,OWNER,nvarchar,YES
dbo,V_CALL_RES_BINARY,CALL_ID,nvarchar,NO
dbo,V_CALL_RES_BINARY,ISSUE_NO,smallint,NO
dbo,V_CALL_RES_BINARY,RESOLUTION_NO,smallint,NO
dbo,V_CALL_RES_BINARY,TYPE,nvarchar,NO
dbo,V_CALL_RES_BINARY,BITS_LENGTH,int,NO
dbo,V_CALL_RES_BINARY,LAST_MODIFIED,datetime,YES
dbo,V_CALL_RES_BINARY,LAST_USER,nvarchar,YES
dbo,V_CALL_RES_BINARY,BITS,image,YES
dbo,V_CALL_RES_BINARY,CREATE_DATE,datetime,YES
dbo,V_CALL_RES_KEYS,CALL_ID,nvarchar,NO
dbo,V_CALL_RES_KEYS,ISSUE_NO,smallint,NO
dbo,V_CALL_RES_KEYS,RESOLUTION_NO,smallint,NO
dbo,V_CALL_RES_KEYS,KEY_NO,smallint,NO
dbo,V_CALL_RES_KEYS,DESCRIPTION,nvarchar,YES
dbo,V_CALL_RES_KEYS,KEYWORD_ID,nvarchar,YES
dbo,V_CALL_RES_KEYS,LAST_MODIFIED,datetime,YES
dbo,V_CALL_RES_KEYS,LAST_USER,nvarchar,YES
dbo,V_CALL_RES_KEYS,CREATE_DATE,datetime,YES
dbo,V_CALL_RESOLUTION,CALL_ID,nvarchar,NO
dbo,V_CALL_RESOLUTION,ISSUE_NO,smallint,NO
dbo,V_CALL_RESOLUTION,LINE_NO,smallint,NO
dbo,V_CALL_RESOLUTION,BILL,smallint,NO
dbo,V_CALL_RESOLUTION,BILLING_RATE,decimal,NO
dbo,V_CALL_RESOLUTION,RESOLUTION_HDR,nvarchar,YES
dbo,V_CALL_RESOLUTION,END_DATE,datetime,YES
dbo,V_CALL_RESOLUTION,HRS_WORKED,decimal,NO
dbo,V_CALL_RESOLUTION,START_DATE,datetime,YES
dbo,V_CALL_RESOLUTION,LAST_MODIFIED,datetime,YES
dbo,V_CALL_RESOLUTION,LAST_USER,nvarchar,YES
dbo,V_CALL_RESOLUTION,CREATOR,nvarchar,YES
dbo,V_CALL_RESOLUTION,CREATE_DATE,datetime,YES
dbo,V_CALL_RESOLUTION,USER_T1,nvarchar,YES
dbo,V_CALL_RESOLUTION,USER_T2,nvarchar,YES
dbo,V_CALL_RESOLUTION,USER_T3,nvarchar,YES
dbo,V_CALL_RESOLUTION,USER_T4,nvarchar,YES
dbo,V_CALL_RESOLUTION,USER_T5,nvarchar,YES
dbo,V_CALL_RESOLUTION,USER_D1,datetime,YES
dbo,V_CALL_RESOLUTION,USER_D2,datetime,YES
dbo,V_CALL_RESOLUTION,USER_D3,datetime,YES
dbo,V_CALL_RESOLUTION,USER_N1,decimal,YES
dbo,V_CALL_RESOLUTION,USER_N2,decimal,YES
dbo,V_CALL_RESOLUTION,USER_N3,decimal,YES
dbo,V_CALL_RESOLUTION,USER_N4,decimal,YES
dbo,V_CALL_RESOLUTION,USER_N5,decimal,YES
dbo,V_CALL_RESOLUTION,RESOLUTION,ntext,YES
dbo,V_CALL_RESOLUTION,SLS_TAX_GRP_ID,nvarchar,YES
dbo,V_CALL_RESOLUTION,VAT_CODE,nvarchar,YES
dbo,V_CALL_RESOLUTION,INVOICED,smallint,YES
dbo,V_CALL_RESOLUTION,INVOICED_DATE,datetime,YES
dbo,V_CALL_RESOLUTION,INVOICE_ID,nvarchar,YES
dbo,V_CALL_RESOLUTION,CALL_BILLING_ID,nvarchar,YES
dbo,V_CALL_RESOLUTION,RECEIVABLE_ID,nvarchar,YES
dbo,V_CALL_RESOLUTION,EVENT_DATE,datetime,YES
dbo,V_CALL_RESOLUTION,COMMISSION_PERCENT,decimal,YES
dbo,V_CALL_RESOLUTION,DISCOUNT_PERCENT,decimal,YES
dbo,V_CALL_RESOLUTION,ACT_AMOUNT,decimal,YES
dbo,V_CATEGORY,ID,nvarchar,NO
dbo,V_CATEGORY,KEYWORD_ID,nvarchar,NO
dbo,V_CATEGORY,LAST_MODIFIED,datetime,YES
dbo,V_CATEGORY,LAST_USER,nvarchar,YES
dbo,V_CATEGORY,DETAILS,nvarchar,YES
dbo,V_CATEGORY,COLOR,int,YES
dbo,V_CATEGORY,CREATE_DATE,datetime,YES
dbo,V_COMMENTS_BACKUP,TYPE,nvarchar,YES
dbo,V_COMMENTS_BACKUP,ID,nvarchar,YES
dbo,V_COMMENTS_BACKUP,ID2_N,smallint,YES
dbo,V_COMMENTS_BACKUP,ID3_N,smallint,YES
dbo,V_COMMENTS_BACKUP,DATA1,image,YES
dbo,V_COMMIS_SHARE,ID,nvarchar,NO
dbo,V_COMMIS_SHARE,SALESREP_ID,nvarchar,NO
dbo,V_COMMIS_SHARE,TYPE,nvarchar,NO
dbo,V_COMMIS_SHARE,TYPE_ID,nvarchar,NO
dbo,V_COMMIS_SHARE,SHARE_PCT,decimal,NO
dbo,V_COMMIS_SHARE,LAST_MODIFIED,datetime,YES
dbo,V_COMMIS_SHARE,LAST_USER,nvarchar,YES
dbo,V_COMMIS_SHARE,CREATE_DATE,datetime,YES
dbo,V_CONTACT,ID,nvarchar,NO
dbo,V_CONTACT,ACCT_ID,nvarchar,YES
dbo,V_CONTACT,ADDR_1,nvarchar,YES
dbo,V_CONTACT,ADDR_2,nvarchar,YES
dbo,V_CONTACT,ADDR_3,nvarchar,YES
dbo,V_CONTACT,ADDR_NAME,nvarchar,YES
dbo,V_CONTACT,ALT_NAME,nvarchar,YES
dbo,V_CONTACT,ALT_ADDR_1,nvarchar,YES
dbo,V_CONTACT,ALT_ADDR_2,nvarchar,YES
dbo,V_CONTACT,ALT_ADDR_3,nvarchar,YES
dbo,V_CONTACT,ALT_COUNTRY,nvarchar,YES
dbo,V_CONTACT,ALT_CITY,nvarchar,YES
dbo,V_CONTACT,ALT_STATE,nvarchar,YES
dbo,V_CONTACT,ALT_ZIPCODE,nvarchar,YES
dbo,V_CONTACT,BIRTH_DATE,datetime,YES
dbo,V_CONTACT,BUS_PHONE,nvarchar,YES
dbo,V_CONTACT,CITY,nvarchar,YES
dbo,V_CONTACT,CONTACT_NO,smallint,YES
dbo,V_CONTACT,COUNTRY,nvarchar,YES
dbo,V_CONTACT,CREATE_DATE,datetime,NO
dbo,V_CONTACT,CREATOR,nvarchar,YES
dbo,V_CONTACT,CUST_ID,nvarchar,YES
dbo,V_CONTACT,EMAIL_ADDR,nvarchar,YES
dbo,V_CONTACT,FAX_PHONE,nvarchar,YES
dbo,V_CONTACT,FIRST_NAME,nvarchar,YES
dbo,V_CONTACT,FOLLOW_UP,smallint,NO
dbo,V_CONTACT,FOLLOW_UP_DATE,datetime,YES
dbo,V_CONTACT,FOLLOW_UP_TYPE,nvarchar,YES
dbo,V_CONTACT,GENDER,nvarchar,YES
dbo,V_CONTACT,HOME_PHONE,nvarchar,YES
dbo,V_CONTACT,HONORIFIC,nvarchar,YES
dbo,V_CONTACT,MIDDLE_INITIAL,nvarchar,YES
dbo,V_CONTACT,LAST_NAME,nvarchar,YES
dbo,V_CONTACT,MOBILE_PHONE,nvarchar,YES
dbo,V_CONTACT,NICK_NAME,nvarchar,YES
dbo,V_CONTACT,OTHER_PHONE,nvarchar,YES
dbo,V_CONTACT,OWNER,nvarchar,YES
dbo,V_CONTACT,REPORTS_TO_ID,nvarchar,YES
dbo,V_CONTACT,SEMINAR_INVITE,smallint,NO
dbo,V_CONTACT,SEND_NEWS,smallint,NO
dbo,V_CONTACT,SEND_PROMO,smallint,NO
dbo,V_CONTACT,SOC_SEC_NBR,nvarchar,YES
dbo,V_CONTACT,STATE,nvarchar,YES
dbo,V_CONTACT,TIME_ZONE,nvarchar,YES
dbo,V_CONTACT,TITLE,nvarchar,YES
dbo,V_CONTACT,URL,nvarchar,YES
dbo,V_CONTACT,USER_T1,nvarchar,YES
dbo,V_CONTACT,USER_T2,nvarchar,YES
dbo,V_CONTACT,USER_T3,nvarchar,YES
dbo,V_CONTACT,USER_T4,nvarchar,YES
dbo,V_CONTACT,USER_T5,nvarchar,YES
dbo,V_CONTACT,USER_D1,datetime,YES
dbo,V_CONTACT,USER_D2,datetime,YES
dbo,V_CONTACT,USER_D3,datetime,YES
dbo,V_CONTACT,VENDOR_ID,nvarchar,YES
dbo,V_CONTACT,WEB_PASSWORD,nvarchar,YES
dbo,V_CONTACT,WEB_USER_ID,nvarchar,YES
dbo,V_CONTACT,ZIPCODE,nvarchar,YES
dbo,V_CONTACT,COMMENTS,nvarchar,YES
dbo,V_CONTACT,LAST_MODIFIED,datetime,YES
dbo,V_CONTACT,LAST_USER,nvarchar,YES
dbo,V_CONTACT,USER_N1,decimal,YES
dbo,V_CONTACT,USER_N2,decimal,YES
dbo,V_CONTACT,USER_N3,decimal,YES
dbo,V_CONTACT,USER_N4,decimal,YES
dbo,V_CONTACT,USER_N5,decimal,YES
dbo,V_CONTACT,INACTIVE_CONTACT,smallint,YES
dbo,V_CONTACT,ACCT_PRIMARY,smallint,YES
dbo,V_CONTACT,PROPER_NAME,nvarchar,YES
dbo,V_CONTACT,USER_T6,nvarchar,YES
dbo,V_CONTACT,USER_T7,nvarchar,YES
dbo,V_CONTACT,USER_T8,nvarchar,YES
dbo,V_CONTACT,USER_T9,nvarchar,YES
dbo,V_CONTACT,USER_T10,nvarchar,YES
dbo,V_CONTACT,USER_T11,nvarchar,YES
dbo,V_CONTACT,USER_T12,nvarchar,YES
dbo,V_CONTACT,USER_T13,nvarchar,YES
dbo,V_CONTACT,USER_T14,nvarchar,YES
dbo,V_CONTACT,USER_T15,nvarchar,YES
dbo,V_CONTACT,USER_T16,nvarchar,YES
dbo,V_CONTACT,USER_T17,nvarchar,YES
dbo,V_CONTACT,USER_T18,nvarchar,YES
dbo,V_CONTACT,USER_T19,nvarchar,YES
dbo,V_CONTACT,USER_T20,nvarchar,YES
dbo,V_CONTACT,USER_T21,nvarchar,YES
dbo,V_CONTACT,USER_T22,nvarchar,YES
dbo,V_CONTACT,USER_T23,nvarchar,YES
dbo,V_CONTACT,USER_T24,nvarchar,YES
dbo,V_CONTACT,USER_T25,nvarchar,YES
dbo,V_CONTACT,USER_T26,nvarchar,YES
dbo,V_CONTACT,USER_T27,nvarchar,YES
dbo,V_CONTACT,USER_T28,nvarchar,YES
dbo,V_CONTACT,USER_T29,nvarchar,YES
dbo,V_CONTACT,USER_T30,nvarchar,YES
dbo,V_CONTACT,USER_N6,decimal,YES
dbo,V_CONTACT,USER_N7,decimal,YES
dbo,V_CONTACT,USER_N8,decimal,YES
dbo,V_CONTACT,USER_N9,decimal,YES
dbo,V_CONTACT,USER_N10,decimal,YES
dbo,V_CONTACT,USER_N11,decimal,YES
dbo,V_CONTACT,USER_N12,decimal,YES
dbo,V_CONTACT,USER_N13,decimal,YES
dbo,V_CONTACT,USER_N14,decimal,YES
dbo,V_CONTACT,USER_N15,decimal,YES
dbo,V_CONTACT,USER_D4,datetime,YES
dbo,V_CONTACT,USER_D5,datetime,YES
dbo,V_CONTACT,AREA_ID,nvarchar,YES
dbo,V_CONTACT,BRANCH_ID,nvarchar,YES
dbo,V_CONTACT,BUS_UNIT_ID,nvarchar,YES
dbo,V_CONTACT,DIVISION_ID,nvarchar,YES
dbo,V_CONTACT,RATING,smallint,YES
dbo,V_CONTACT,RATING_COMMENTS,nvarchar,YES
dbo,V_CONTACT,SALESREP_ID,nvarchar,YES
dbo,V_CONTACT,SUB_AREA_ID,nvarchar,YES
dbo,V_CONTACT,TERRITORY,nvarchar,YES
dbo,V_CONTACT,TYPE,nvarchar,YES
dbo,V_CONTACT,DO_NOT_CONTACT,datetime,YES
dbo,V_CONTACT,DO_NOT_EMAIL,datetime,YES
dbo,V_CONTACT,DO_NOT_PHONE,datetime,YES
dbo,V_CONTACT,DO_NOT_MAIL,datetime,YES
dbo,V_CONTACT,DO_NOT_FAX,datetime,YES
dbo,V_CONTACT,COMMENTS_BIN,ntext,YES
dbo,V_CONTACT,PREF_CONTACT,nvarchar,YES
dbo,V_CONTACT,SALUTATION,nvarchar,YES
dbo,V_CONTACT,VE_CONT_ID,nvarchar,YES
dbo,V_CONTACT,USER_1,nvarchar,YES
dbo,V_CONTACT,USER_2,nvarchar,YES
dbo,V_CONTACT,USER_3,nvarchar,YES
dbo,V_CONTACT,USER_4,nvarchar,YES
dbo,V_CONTACT,USER_5,nvarchar,YES
dbo,V_CONTACT,USER_6,nvarchar,YES
dbo,V_CONTACT,USER_7,nvarchar,YES
dbo,V_CONTACT,USER_8,nvarchar,YES
dbo,V_CONTACT,USER_9,nvarchar,YES
dbo,V_CONTACT,USER_10,nvarchar,YES
dbo,V_CONTACT,COUNTRY_DIAL_CODE,nvarchar,YES
dbo,V_CONTACT,MIDDLE_NAME,nvarchar,YES
dbo,V_CONTACT,PHONE_EXT,nvarchar,YES
dbo,V_CONTACT,CONTACT_COUNTRY_ID,nvarchar,YES
dbo,V_CONTACT_BINARY,CONTACT_ID,nvarchar,NO
dbo,V_CONTACT_BINARY,BITS_LENGTH,int,NO
dbo,V_CONTACT_BINARY,TYPE,nvarchar,NO
dbo,V_CONTACT_BINARY,LAST_MODIFIED,datetime,YES
dbo,V_CONTACT_BINARY,LAST_USER,nvarchar,YES
dbo,V_CONTACT_BINARY,BITS,image,YES
dbo,V_CONTACT_BINARY,CREATE_DATE,datetime,YES
dbo,V_CONTACT_PREF,ID,nvarchar,NO
dbo,V_CONTACT_PREF,DESCRIPTION,nvarchar,YES
dbo,V_CONTACT_PREF,LAST_MODIFIED,datetime,YES
dbo,V_CONTACT_PREF,LAST_USER,nvarchar,YES
dbo,V_CONTACT_PREF,CREATE_DATE,datetime,YES
dbo,V_CONTACT_PREF,CREATOR,nvarchar,YES
dbo,V_CONTR_ADDR,ADDR_ID,nvarchar,NO
dbo,V_CONTR_ADDR,CONTR_ID,nvarchar,NO
dbo,V_CONTR_ADDR,LAST_MODIFIED,datetime,YES
dbo,V_CONTR_ADDR,LAST_USER,nvarchar,YES
dbo,V_CONTR_ADDR,CREATE_DATE,datetime,YES
dbo,V_CONTR_BILLING,CONTR_ID,nvarchar,NO
dbo,V_CONTR_BILLING,EVENT_SEQ_NO,smallint,NO
dbo,V_CONTR_BILLING,DESCRIPTION,nvarchar,YES
dbo,V_CONTR_BILLING,BILL_AMOUNT,decimal,YES
dbo,V_CONTR_BILLING,BILL_PERCENT,decimal,YES
dbo,V_CONTR_BILLING,EVENT_DATE,datetime,YES
dbo,V_CONTR_BILLING,REV_GL_ACCT_ID,nvarchar,YES
dbo,V_CONTR_BILLING,SLS_TAX_GRP_ID,nvarchar,YES
dbo,V_CONTR_BILLING,VAT_CODE,nvarchar,YES
dbo,V_CONTR_BILLING,COMMISSION_PERCENT,decimal,YES
dbo,V_CONTR_BILLING,DISCOUNT_PERCENT,decimal,YES
dbo,V_CONTR_BILLING,ACT_AMOUNT,decimal,YES
dbo,V_CONTR_BILLING,TRIGGERED_FLAG,smallint,YES
dbo,V_CONTR_BILLING,TRIGGERED_DATE,datetime,YES
dbo,V_CONTR_BILLING,CREATE_DATE,datetime,YES
dbo,V_CONTR_BILLING,CREATOR,nvarchar,YES
dbo,V_CONTR_BILLING,LAST_USER,nvarchar,YES
dbo,V_CONTR_BILLING,LAST_MODIFIED,datetime,YES
dbo,V_CONTR_BILLING,INVOICE_ID,nvarchar,YES
dbo,V_CONTR_BILLING,RECEIVABLE_ID,nvarchar,YES
dbo,V_CONTR_BILLING,BILLING_BASIS,nvarchar,YES
dbo,V_CONTR_BILLING,REVENUE_STATUS,nvarchar,YES
dbo,V_CONTR_BINARY,CONTR_ID,nvarchar,NO
dbo,V_CONTR_BINARY,TYPE,nvarchar,NO
dbo,V_CONTR_BINARY,BITS_LENGTH,int,NO
dbo,V_CONTR_BINARY,LAST_MODIFIED,datetime,YES
dbo,V_CONTR_BINARY,LAST_USER,nvarchar,YES
dbo,V_CONTR_BINARY,BITS,image,YES
dbo,V_CONTR_BINARY,CREATE_DATE,datetime,YES
dbo,V_CONTR_CHARGE,ID,nvarchar,NO
dbo,V_CONTR_CHARGE,CONTRACT_ID,nvarchar,NO
dbo,V_CONTR_CHARGE,ITEM_TYPE,nchar,NO
dbo,V_CONTR_CHARGE,ITEM_ID,nvarchar,NO
dbo,V_CONTR_CHARGE,SUB_TYPE,nvarchar,NO
dbo,V_CONTR_CHARGE,SUB_ID,smallint,NO
dbo,V_CONTR_CHARGE,DIST_NBR,nvarchar,NO
dbo,V_CONTR_CHARGE,AMOUNT,decimal,YES
dbo,V_CONTR_CHARGE,CREATE_DATE,datetime,YES
dbo,V_CONTR_CHARGE,INVOICE_ID,nvarchar,NO
dbo,V_CONTR_CHARGE,POSTING_CANDIDATE,smallint,YES
dbo,V_CONTR_CHARGE,LAST_USER,nvarchar,YES
dbo,V_CONTR_CHARGE,LAST_MODIFIED,datetime,YES
dbo,V_CONTR_CONT,CONTR_ID,nvarchar,NO
dbo,V_CONTR_CONT,CONTACT_ID,nvarchar,NO
dbo,V_CONTR_CONT,LAST_MODIFIED,datetime,YES
dbo,V_CONTR_CONT,LAST_USER,nvarchar,YES
dbo,V_CONTR_CONT,PRIMARY_CONTACT,smallint,YES
dbo,V_CONTR_CONT,CREATE_DATE,datetime,YES
dbo,V_CONTR_ITEM,CONTR_ID,nvarchar,NO
dbo,V_CONTR_ITEM,ITEM_NO,smallint,NO
dbo,V_CONTR_ITEM,AUTO_GENERATE,smallint,NO
dbo,V_CONTR_ITEM,DESCRIPTION,nvarchar,YES
dbo,V_CONTR_ITEM,EXCLUDED,smallint,NO
dbo,V_CONTR_ITEM,PART_ID,nvarchar,YES
dbo,V_CONTR_ITEM,QTY,decimal,NO
dbo,V_CONTR_ITEM,RESOURCE_ID,nvarchar,YES
dbo,V_CONTR_ITEM,SRVC_CHARGE_ID,nvarchar,YES
dbo,V_CONTR_ITEM,SRVC_UM,nvarchar,YES
dbo,V_CONTR_ITEM,TRACE_ID,nvarchar,YES
dbo,V_CONTR_ITEM,WORKORDER_BASE_ID,nvarchar,YES
dbo,V_CONTR_ITEM,WORKORDER_LOT_ID,nvarchar,YES
dbo,V_CONTR_ITEM,WORKORDER_SPLIT_ID,nvarchar,YES
dbo,V_CONTR_ITEM,WORKORDER_SUB_ID,nvarchar,YES
dbo,V_CONTR_ITEM,WORKORDER_TYPE,nchar,YES
dbo,V_CONTR_ITEM,LAST_MODIFIED,datetime,YES
dbo,V_CONTR_ITEM,LAST_USER,nvarchar,YES
dbo,V_CONTR_ITEM,SRVC_CODE,nvarchar,YES
dbo,V_CONTR_ITEM,SRVC_TYPE,nvarchar,YES
dbo,V_CONTR_ITEM,CREATOR,nvarchar,YES
dbo,V_CONTR_ITEM,CREATE_DATE,datetime,YES
dbo,V_CONTR_ITEM,START_DATE,datetime,YES
dbo,V_CONTR_ITEM,END_DATE,datetime,YES
dbo,V_CONTR_ITEM,STATUS,nvarchar,YES
dbo,V_CONTR_ITEM,USER_T1,nvarchar,YES
dbo,V_CONTR_ITEM,USER_T2,nvarchar,YES
dbo,V_CONTR_ITEM,USER_T3,nvarchar,YES
dbo,V_CONTR_ITEM,USER_T4,nvarchar,YES
dbo,V_CONTR_ITEM,USER_T5,nvarchar,YES
dbo,V_CONTR_ITEM,USER_T6,nvarchar,YES
dbo,V_CONTR_ITEM,USER_T7,nvarchar,YES
dbo,V_CONTR_ITEM,USER_T8,nvarchar,YES
dbo,V_CONTR_ITEM,USER_T9,nvarchar,YES
dbo,V_CONTR_ITEM,USER_T10,nvarchar,YES
dbo,V_CONTR_ITEM,USER_T11,nvarchar,YES
dbo,V_CONTR_ITEM,USER_T12,nvarchar,YES
dbo,V_CONTR_ITEM,USER_T13,nvarchar,YES
dbo,V_CONTR_ITEM,USER_T14,nvarchar,YES
dbo,V_CONTR_ITEM,USER_T15,nvarchar,YES
dbo,V_CONTR_ITEM,USER_T16,nvarchar,YES
dbo,V_CONTR_ITEM,USER_T17,nvarchar,YES
dbo,V_CONTR_ITEM,USER_T18,nvarchar,YES
dbo,V_CONTR_ITEM,USER_T19,nvarchar,YES
dbo,V_CONTR_ITEM,USER_T20,nvarchar,YES
dbo,V_CONTR_ITEM,USER_T21,nvarchar,YES
dbo,V_CONTR_ITEM,USER_T22,nvarchar,YES
dbo,V_CONTR_ITEM,USER_T23,nvarchar,YES
dbo,V_CONTR_ITEM,USER_T24,nvarchar,YES
dbo,V_CONTR_ITEM,USER_T25,nvarchar,YES
dbo,V_CONTR_ITEM,USER_T26,nvarchar,YES
dbo,V_CONTR_ITEM,USER_T27,nvarchar,YES
dbo,V_CONTR_ITEM,USER_T28,nvarchar,YES
dbo,V_CONTR_ITEM,USER_T29,nvarchar,YES
dbo,V_CONTR_ITEM,USER_T30,nvarchar,YES
dbo,V_CONTR_ITEM,USER_N1,decimal,YES
dbo,V_CONTR_ITEM,USER_N2,decimal,YES
dbo,V_CONTR_ITEM,USER_N3,decimal,YES
dbo,V_CONTR_ITEM,USER_N4,decimal,YES
dbo,V_CONTR_ITEM,USER_N5,decimal,YES
dbo,V_CONTR_ITEM,USER_N6,decimal,YES
dbo,V_CONTR_ITEM,USER_N7,decimal,YES
dbo,V_CONTR_ITEM,USER_N8,decimal,YES
dbo,V_CONTR_ITEM,USER_N9,decimal,YES
dbo,V_CONTR_ITEM,USER_N10,decimal,YES
dbo,V_CONTR_ITEM,USER_N11,decimal,YES
dbo,V_CONTR_ITEM,USER_N12,decimal,YES
dbo,V_CONTR_ITEM,USER_N13,decimal,YES
dbo,V_CONTR_ITEM,USER_N14,decimal,YES
dbo,V_CONTR_ITEM,USER_N15,decimal,YES
dbo,V_CONTR_ITEM,USER_D1,datetime,YES
dbo,V_CONTR_ITEM,USER_D2,datetime,YES
dbo,V_CONTR_ITEM,USER_D3,datetime,YES
dbo,V_CONTR_ITEM,USER_D4,datetime,YES
dbo,V_CONTR_ITEM,USER_D5,datetime,YES
dbo,V_CONTR_ITEM,SITE_ID,nvarchar,NO
dbo,V_CONTR_ITEM_BIN,CONTR_ID,nvarchar,NO
dbo,V_CONTR_ITEM_BIN,ITEM_TYPE,nvarchar,NO
dbo,V_CONTR_ITEM_BIN,LINE_NO,smallint,NO
dbo,V_CONTR_ITEM_BIN,TYPE,nvarchar,NO
dbo,V_CONTR_ITEM_BIN,BITS_LENGTH,int,NO
dbo,V_CONTR_ITEM_BIN,LAST_MODIFIED,datetime,YES
dbo,V_CONTR_ITEM_BIN,LAST_USER,nvarchar,YES
dbo,V_CONTR_ITEM_BIN,BITS,image,YES
dbo,V_CONTR_ITEM_BIN,CREATE_DATE,datetime,YES
dbo,V_CONTR_PMT,CONTR_ID,nvarchar,NO
dbo,V_CONTR_PMT,ID,nvarchar,NO
dbo,V_CONTR_PMT,DUE_DATE,datetime,YES
dbo,V_CONTR_PMT,AMOUNT,decimal,YES
dbo,V_CONTR_PMT,INVOICE_ID,nvarchar,NO
dbo,V_CONTR_PMT,POSTING_CANDIDATE,smallint,YES
dbo,V_CONTR_PMT,LAST_USER,nvarchar,YES
dbo,V_CONTR_PMT,LAST_MODIFIED,datetime,YES
dbo,V_CONTR_PMT,CREATOR,nvarchar,YES
dbo,V_CONTR_PMT,CREATE_DATE,datetime,YES
dbo,V_CONTR_TYPE,ID,nvarchar,NO
dbo,V_CONTR_TYPE,AUTO_GEN_DAY,nvarchar,YES
dbo,V_CONTR_TYPE,AUTO_GEN_MONTH,nvarchar,YES
dbo,V_CONTR_TYPE,AUTO_GENERATE,smallint,YES
dbo,V_CONTR_TYPE,AUTO_RENEW,smallint,YES
dbo,V_CONTR_TYPE,DESCRIPTION,nvarchar,NO
dbo,V_CONTR_TYPE,SITE_ID,nvarchar,NO
dbo,V_CONTR_TYPE,EXP_MKUP_AMOUNT,decimal,YES
dbo,V_CONTR_TYPE,EXP_MKUP_PERCENT,decimal,YES
dbo,V_CONTR_TYPE,EXPENSE,smallint,YES
dbo,V_CONTR_TYPE,FENCE_MINUS,smallint,YES
dbo,V_CONTR_TYPE,FENCE_PLUS,smallint,YES
dbo,V_CONTR_TYPE,FREQUENCY_TYPE,nvarchar,YES
dbo,V_CONTR_TYPE,LABOR,smallint,YES
dbo,V_CONTR_TYPE,LBR_RATE_GROUP,nvarchar,YES
dbo,V_CONTR_TYPE,MATERIALS,smallint,YES
dbo,V_CONTR_TYPE,MAX_ORDERS,smallint,YES
dbo,V_CONTR_TYPE,MTL_MKUP_AMOUNT,decimal,YES
dbo,V_CONTR_TYPE,MTL_MKUP_PERCENT,decimal,YES
dbo,V_CONTR_TYPE,REV_EXP_ACCT_ID,nvarchar,YES
dbo,V_CONTR_TYPE,SLS_TAX_GRP_ID,nvarchar,YES
dbo,V_CONTR_TYPE,LAST_MODIFIED,datetime,YES
dbo,V_CONTR_TYPE,LAST_USER,nvarchar,YES
dbo,V_CONTR_TYPE,DURATION,int,YES
dbo,V_CONTR_TYPE,ACCT_MGR_ID,nvarchar,YES
dbo,V_CONTR_TYPE,DEPOSIT_AMOUNT,decimal,YES
dbo,V_CONTR_TYPE,PMT_AMOUNT,decimal,YES
dbo,V_CONTR_TYPE,PMT_FREQ,smallint,YES
dbo,V_CONTR_TYPE,PMT_PERIOD,nvarchar,YES
dbo,V_CONTR_TYPE,PRODUCT_CODE,nvarchar,YES
dbo,V_CONTR_TYPE,STATUS,nvarchar,YES
dbo,V_CONTR_TYPE,TERMS_DESCRIPTION,nvarchar,YES
dbo,V_CONTR_TYPE,TERMS_DISC_DATE,datetime,YES
dbo,V_CONTR_TYPE,TERMS_DISC_DAYS,smallint,YES
dbo,V_CONTR_TYPE,TERMS_DISC_PERCENT,decimal,YES
dbo,V_CONTR_TYPE,TERMS_DISC_TYPE,nchar,YES
dbo,V_CONTR_TYPE,TERMS_NET_DATE,datetime,YES
dbo,V_CONTR_TYPE,TERMS_NET_DAYS,smallint,YES
dbo,V_CONTR_TYPE,TERMS_NET_TYPE,nchar,YES
dbo,V_CONTR_TYPE,AMOUNT,decimal,YES
dbo,V_CONTR_TYPE,COMMISSION_PERCENT,decimal,YES
dbo,V_CONTR_TYPE,CREATOR,nvarchar,YES
dbo,V_CONTR_TYPE,CURRENCY_ID,nvarchar,YES
dbo,V_CONTR_TYPE,DURATION_TYPE,nvarchar,YES
dbo,V_CONTR_TYPE,REV_LBR_ACCT_ID,nvarchar,YES
dbo,V_CONTR_TYPE,REV_MTL_ACCT_ID,nvarchar,YES
dbo,V_CONTR_TYPE,SALESREP_ID,nvarchar,YES
dbo,V_CONTR_TYPE,USER_D1,datetime,YES
dbo,V_CONTR_TYPE,USER_D2,datetime,YES
dbo,V_CONTR_TYPE,USER_D3,datetime,YES
dbo,V_CONTR_TYPE,USER_N1,decimal,YES
dbo,V_CONTR_TYPE,USER_N2,decimal,YES
dbo,V_CONTR_TYPE,USER_N3,decimal,YES
dbo,V_CONTR_TYPE,USER_N4,decimal,YES
dbo,V_CONTR_TYPE,USER_N5,decimal,YES
dbo,V_CONTR_TYPE,USER_T1,nvarchar,YES
dbo,V_CONTR_TYPE,USER_T2,nvarchar,YES
dbo,V_CONTR_TYPE,USER_T3,nvarchar,YES
dbo,V_CONTR_TYPE,USER_T4,nvarchar,YES
dbo,V_CONTR_TYPE,USER_T5,nvarchar,YES
dbo,V_CONTR_TYPE,BUS_UNIT_ID,nvarchar,YES
dbo,V_CONTR_TYPE,DIVISION_ID,nvarchar,YES
dbo,V_CONTR_TYPE,BRANCH_ID,nvarchar,YES
dbo,V_CONTR_TYPE,STATUS_CTL,nchar,YES
dbo,V_CONTR_TYPE,CREATE_DATE,datetime,YES
dbo,V_CONTR_TYPE,USER_T6,nvarchar,YES
dbo,V_CONTR_TYPE,USER_T7,nvarchar,YES
dbo,V_CONTR_TYPE,USER_T8,nvarchar,YES
dbo,V_CONTR_TYPE,USER_T9,nvarchar,YES
dbo,V_CONTR_TYPE,USER_T10,nvarchar,YES
dbo,V_CONTR_TYPE,USER_T11,nvarchar,YES
dbo,V_CONTR_TYPE,USER_T12,nvarchar,YES
dbo,V_CONTR_TYPE,USER_T13,nvarchar,YES
dbo,V_CONTR_TYPE,USER_T14,nvarchar,YES
dbo,V_CONTR_TYPE,USER_T15,nvarchar,YES
dbo,V_CONTR_TYPE,USER_T16,nvarchar,YES
dbo,V_CONTR_TYPE,USER_T17,nvarchar,YES
dbo,V_CONTR_TYPE,USER_T18,nvarchar,YES
dbo,V_CONTR_TYPE,USER_T19,nvarchar,YES
dbo,V_CONTR_TYPE,USER_T20,nvarchar,YES
dbo,V_CONTR_TYPE,USER_T21,nvarchar,YES
dbo,V_CONTR_TYPE,USER_T22,nvarchar,YES
dbo,V_CONTR_TYPE,USER_T23,nvarchar,YES
dbo,V_CONTR_TYPE,USER_T24,nvarchar,YES
dbo,V_CONTR_TYPE,USER_T25,nvarchar,YES
dbo,V_CONTR_TYPE,USER_T26,nvarchar,YES
dbo,V_CONTR_TYPE,USER_T27,nvarchar,YES
dbo,V_CONTR_TYPE,USER_T28,nvarchar,YES
dbo,V_CONTR_TYPE,USER_T29,nvarchar,YES
dbo,V_CONTR_TYPE,USER_T30,nvarchar,YES
dbo,V_CONTR_TYPE,USER_N6,decimal,YES
dbo,V_CONTR_TYPE,USER_N7,decimal,YES
dbo,V_CONTR_TYPE,USER_N8,decimal,YES
dbo,V_CONTR_TYPE,USER_N9,decimal,YES
dbo,V_CONTR_TYPE,USER_N10,decimal,YES
dbo,V_CONTR_TYPE,USER_N11,decimal,YES
dbo,V_CONTR_TYPE,USER_N12,decimal,YES
dbo,V_CONTR_TYPE,USER_N13,decimal,YES
dbo,V_CONTR_TYPE,USER_N14,decimal,YES
dbo,V_CONTR_TYPE,USER_N15,decimal,YES
dbo,V_CONTR_TYPE,USER_D4,datetime,YES
dbo,V_CONTR_TYPE,USER_D5,datetime,YES
dbo,V_CONTR_TYPE,VAT_ON_FIRST_INST,nchar,YES
dbo,V_CONTR_TYPE,EOM_DUE_DATE,nchar,YES
dbo,V_CONTR_TYPE,INST_PERIOD_TYPE,nchar,YES
dbo,V_CONTR_TYPE,FREIGHT_TERMS,nchar,YES
dbo,V_CONTR_TYPE,REV_CTR_ACCT_ID,nvarchar,YES
dbo,V_CONTR_TYPE,DISCOUNT_CODE,nvarchar,YES
dbo,V_CONTR_TYPE,TERMS_ID,nvarchar,YES
dbo,V_CONTRACT,ID,nvarchar,NO
dbo,V_CONTRACT,ACCT_ID,nvarchar,NO
dbo,V_CONTRACT,ACCT_MGR_ID,nvarchar,YES
dbo,V_CONTRACT,AMOUNT,decimal,NO
dbo,V_CONTRACT,AUTO_GEN_DAY,nvarchar,YES
dbo,V_CONTRACT,AUTO_GEN_MONTH,nvarchar,YES
dbo,V_CONTRACT,AUTO_GENERATE,smallint,NO
dbo,V_CONTRACT,AUTO_RENEW,smallint,NO
dbo,V_CONTRACT,BILL_TO_ACCT_ID,nvarchar,YES
dbo,V_CONTRACT,CONTR_TYPE,nvarchar,YES
dbo,V_CONTRACT,CREATOR,nvarchar,YES
dbo,V_CONTRACT,CUST_PO,nvarchar,YES
dbo,V_CONTRACT,DEPOSIT_AMOUNT,decimal,NO
dbo,V_CONTRACT,DESCRIPTION,nvarchar,YES
dbo,V_CONTRACT,END_DATE,datetime,NO
dbo,V_CONTRACT,SITE_ID,nvarchar,NO
dbo,V_CONTRACT,EXP_MKUP_AMOUNT,decimal,NO
dbo,V_CONTRACT,EXP_MKUP_PERCENT,decimal,NO
dbo,V_CONTRACT,EXPENSE,smallint,NO
dbo,V_CONTRACT,FENCE_MINUS,smallint,YES
dbo,V_CONTRACT,FENCE_PLUS,smallint,YES
dbo,V_CONTRACT,FREQUENCY_TYPE,nvarchar,YES
dbo,V_CONTRACT,LABOR,smallint,NO
dbo,V_CONTRACT,LBR_RATE_GROUP,nvarchar,YES
dbo,V_CONTRACT,MATERIALS,smallint,NO
dbo,V_CONTRACT,MAX_ORDERS,smallint,YES
dbo,V_CONTRACT,MTL_MKUP_AMOUNT,decimal,NO
dbo,V_CONTRACT,MTL_MKUP_PERCENT,decimal,NO
dbo,V_CONTRACT,OWNER,nvarchar,YES
dbo,V_CONTRACT,PMT_AMOUNT,decimal,NO
dbo,V_CONTRACT,PMT_FREQ,smallint,NO
dbo,V_CONTRACT,PMT_PERIOD,nvarchar,YES
dbo,V_CONTRACT,REV_EXP_ACCT_ID,nvarchar,YES
dbo,V_CONTRACT,SALESREP_ID,nvarchar,YES
dbo,V_CONTRACT,SLS_TAX_GRP_ID,nvarchar,YES
dbo,V_CONTRACT,START_DATE,datetime,NO
dbo,V_CONTRACT,STATUS,nvarchar,YES
dbo,V_CONTRACT,TERMS_DESCRIPTION,nvarchar,YES
dbo,V_CONTRACT,TERMS_DISC_DATE,datetime,YES
dbo,V_CONTRACT,TERMS_DISC_DAYS,smallint,YES
dbo,V_CONTRACT,TERMS_DISC_PERCENT,decimal,YES
dbo,V_CONTRACT,TERMS_DISC_TYPE,nchar,YES
dbo,V_CONTRACT,TERMS_NET_DATE,datetime,YES
dbo,V_CONTRACT,TERMS_NET_DAYS,smallint,YES
dbo,V_CONTRACT,TERMS_NET_TYPE,nchar,YES
dbo,V_CONTRACT,USER_T1,nvarchar,YES
dbo,V_CONTRACT,USER_T2,nvarchar,YES
dbo,V_CONTRACT,USER_T3,nvarchar,YES
dbo,V_CONTRACT,USER_T4,nvarchar,YES
dbo,V_CONTRACT,USER_T5,nvarchar,YES
dbo,V_CONTRACT,USER_D1,datetime,YES
dbo,V_CONTRACT,USER_D2,datetime,YES
dbo,V_CONTRACT,USER_D3,datetime,YES
dbo,V_CONTRACT,LAST_MODIFIED,datetime,YES
dbo,V_CONTRACT,LAST_USER,nvarchar,YES
dbo,V_CONTRACT,POSTING_CANDIDATE,smallint,NO
dbo,V_CONTRACT,FOLLOW_UP,smallint,NO
dbo,V_CONTRACT,FOLLOW_UP_DATE,datetime,YES
dbo,V_CONTRACT,FOLLOW_UP_TYPE,nvarchar,YES
dbo,V_CONTRACT,USER_N1,decimal,YES
dbo,V_CONTRACT,USER_N2,decimal,YES
dbo,V_CONTRACT,USER_N3,decimal,YES
dbo,V_CONTRACT,USER_N4,decimal,YES
dbo,V_CONTRACT,USER_N5,decimal,YES
dbo,V_CONTRACT,LOCKED,smallint,YES
dbo,V_CONTRACT,BALANCE_AMT,decimal,YES
dbo,V_CONTRACT,AVAILABLE_AMT,decimal,YES
dbo,V_CONTRACT,CONTACT_ID,nvarchar,YES
dbo,V_CONTRACT,PRODUCT_CODE,nvarchar,YES
dbo,V_CONTRACT,CURRENCY_ID,nvarchar,YES
dbo,V_CONTRACT,COMMISION_PERCENT,decimal,YES
dbo,V_CONTRACT,DEPOSIT_REMAIN,decimal,YES
dbo,V_CONTRACT,BUS_UNIT_ID,nvarchar,YES
dbo,V_CONTRACT,DIVISION_ID,nvarchar,YES
dbo,V_CONTRACT,BRANCH_ID,nvarchar,YES
dbo,V_CONTRACT,REV_LBR_ACCT_ID,nvarchar,YES
dbo,V_CONTRACT,REV_MTL_ACCT_ID,nvarchar,YES
dbo,V_CONTRACT,CREATE_DATE,datetime,YES
dbo,V_CONTRACT,STATUS_CTL,nchar,YES
dbo,V_CONTRACT,USER_T6,nvarchar,YES
dbo,V_CONTRACT,USER_T7,nvarchar,YES
dbo,V_CONTRACT,USER_T8,nvarchar,YES
dbo,V_CONTRACT,USER_T9,nvarchar,YES
dbo,V_CONTRACT,USER_T10,nvarchar,YES
dbo,V_CONTRACT,USER_T11,nvarchar,YES
dbo,V_CONTRACT,USER_T12,nvarchar,YES
dbo,V_CONTRACT,USER_T13,nvarchar,YES
dbo,V_CONTRACT,USER_T14,nvarchar,YES
dbo,V_CONTRACT,USER_T15,nvarchar,YES
dbo,V_CONTRACT,USER_T16,nvarchar,YES
dbo,V_CONTRACT,USER_T17,nvarchar,YES
dbo,V_CONTRACT,USER_T18,nvarchar,YES
dbo,V_CONTRACT,USER_T19,nvarchar,YES
dbo,V_CONTRACT,USER_T20,nvarchar,YES
dbo,V_CONTRACT,USER_T21,nvarchar,YES
dbo,V_CONTRACT,USER_T22,nvarchar,YES
dbo,V_CONTRACT,USER_T23,nvarchar,YES
dbo,V_CONTRACT,USER_T24,nvarchar,YES
dbo,V_CONTRACT,USER_T25,nvarchar,YES
dbo,V_CONTRACT,USER_T26,nvarchar,YES
dbo,V_CONTRACT,USER_T27,nvarchar,YES
dbo,V_CONTRACT,USER_T28,nvarchar,YES
dbo,V_CONTRACT,USER_T29,nvarchar,YES
dbo,V_CONTRACT,USER_T30,nvarchar,YES
dbo,V_CONTRACT,USER_N6,decimal,YES
dbo,V_CONTRACT,USER_N7,decimal,YES
dbo,V_CONTRACT,USER_N8,decimal,YES
dbo,V_CONTRACT,USER_N9,decimal,YES
dbo,V_CONTRACT,USER_N10,decimal,YES
dbo,V_CONTRACT,USER_N11,decimal,YES
dbo,V_CONTRACT,USER_N12,decimal,YES
dbo,V_CONTRACT,USER_N13,decimal,YES
dbo,V_CONTRACT,USER_N14,decimal,YES
dbo,V_CONTRACT,USER_N15,decimal,YES
dbo,V_CONTRACT,USER_D4,datetime,YES
dbo,V_CONTRACT,USER_D5,datetime,YES
dbo,V_CONTRACT,VAT_ON_FIRST_INST,nchar,YES
dbo,V_CONTRACT,EOM_DUE_DATE,nchar,YES
dbo,V_CONTRACT,INST_PERIOD_TYPE,nchar,YES
dbo,V_CONTRACT,FREIGHT_TERMS,nchar,YES
dbo,V_CONTRACT,REV_CTR_ACCT_ID,nvarchar,YES
dbo,V_CONTRACT,DISCOUNT_CODE,nvarchar,YES
dbo,V_CONTRACT,COMMISSION_PERCENT,decimal,YES
dbo,V_CONTRACT,ADDR_ID,nvarchar,YES
dbo,V_CONTRACT,TERMS_ID,nvarchar,YES
dbo,V_COUNTY_CODE,COUNTY_NAME,nvarchar,NO
dbo,V_COUNTY_CODE,STATE,nvarchar,NO
dbo,V_COUNTY_CODE,CODE,nvarchar,NO
dbo,V_COUNTY_CODE,LAST_MODIFIED,datetime,YES
dbo,V_COUNTY_CODE,LAST_USER,nvarchar,YES
dbo,V_COUNTY_CODE,CREATE_DATE,datetime,YES
dbo,V_CRM_SYNCH,CUSTOMER_ID,nvarchar,NO
dbo,V_CRM_SYNCH,TRX_TYPE,nchar,NO
dbo,V_CRM_SYNCH,TABLE_NAME,nvarchar,NO
dbo,V_CRM_SYNCH,REF_NO,smallint,YES
dbo,V_CRM_SYNCH,VFO_USER_ID,nvarchar,YES
dbo,V_CUSTOM,ID,nvarchar,NO
dbo,V_CUSTOM,BUS_TYPE,smallint,NO
dbo,V_CUSTOM,DESCRIPTION,nvarchar,YES
dbo,V_CUSTOM,COMMENTS,nvarchar,YES
dbo,V_CUSTOM,ACCT_ID,nvarchar,YES
dbo,V_CUSTOM,CONTACT_ID,nvarchar,YES
dbo,V_CUSTOM,TASK_ID,nvarchar,YES
dbo,V_CUSTOM,CAL_ID,nvarchar,YES
dbo,V_CUSTOM,OPTY_ID,nvarchar,YES
dbo,V_CUSTOM,QUOTE_ID,nvarchar,YES
dbo,V_CUSTOM,EST_ID,nvarchar,YES
dbo,V_CUSTOM,CUST_ORDER_ID,nvarchar,YES
dbo,V_CUSTOM,CALL_ID,nvarchar,YES
dbo,V_CUSTOM,CONTR_ID,nvarchar,YES
dbo,V_CUSTOM,SRVC_ORDER_ID,nvarchar,YES
dbo,V_CUSTOM,CUSTOM_ID,nvarchar,YES
dbo,V_CUSTOM,ADDR_ID,nvarchar,YES
dbo,V_CUSTOM,COMPET_ID,nvarchar,YES
dbo,V_CUSTOM,USER_T1,nvarchar,YES
dbo,V_CUSTOM,USER_T2,nvarchar,YES
dbo,V_CUSTOM,USER_T3,nvarchar,YES
dbo,V_CUSTOM,USER_T4,nvarchar,YES
dbo,V_CUSTOM,USER_T5,nvarchar,YES
dbo,V_CUSTOM,USER_T6,nvarchar,YES
dbo,V_CUSTOM,USER_T7,nvarchar,YES
dbo,V_CUSTOM,USER_T8,nvarchar,YES
dbo,V_CUSTOM,USER_T9,nvarchar,YES
dbo,V_CUSTOM,USER_T10,nvarchar,YES
dbo,V_CUSTOM,USER_T11,nvarchar,YES
dbo,V_CUSTOM,USER_T12,nvarchar,YES
dbo,V_CUSTOM,USER_T13,nvarchar,YES
dbo,V_CUSTOM,USER_T14,nvarchar,YES
dbo,V_CUSTOM,USER_T15,nvarchar,YES
dbo,V_CUSTOM,USER_T16,nvarchar,YES
dbo,V_CUSTOM,USER_T17,nvarchar,YES
dbo,V_CUSTOM,USER_T18,nvarchar,YES
dbo,V_CUSTOM,USER_T19,nvarchar,YES
dbo,V_CUSTOM,USER_T20,nvarchar,YES
dbo,V_CUSTOM,USER_T21,nvarchar,YES
dbo,V_CUSTOM,USER_T22,nvarchar,YES
dbo,V_CUSTOM,USER_T23,nvarchar,YES
dbo,V_CUSTOM,USER_T24,nvarchar,YES
dbo,V_CUSTOM,USER_T25,nvarchar,YES
dbo,V_CUSTOM,USER_T26,nvarchar,YES
dbo,V_CUSTOM,USER_T27,nvarchar,YES
dbo,V_CUSTOM,USER_T28,nvarchar,YES
dbo,V_CUSTOM,USER_T29,nvarchar,YES
dbo,V_CUSTOM,USER_T30,nvarchar,YES
dbo,V_CUSTOM,USER_N1,decimal,YES
dbo,V_CUSTOM,USER_N2,decimal,YES
dbo,V_CUSTOM,USER_N3,decimal,YES
dbo,V_CUSTOM,USER_N4,decimal,YES
dbo,V_CUSTOM,USER_N5,decimal,YES
dbo,V_CUSTOM,USER_N6,decimal,YES
dbo,V_CUSTOM,USER_N7,decimal,YES
dbo,V_CUSTOM,USER_N8,decimal,YES
dbo,V_CUSTOM,USER_N9,decimal,YES
dbo,V_CUSTOM,USER_N10,decimal,YES
dbo,V_CUSTOM,USER_N11,decimal,YES
dbo,V_CUSTOM,USER_N12,decimal,YES
dbo,V_CUSTOM,USER_N13,decimal,YES
dbo,V_CUSTOM,USER_N14,decimal,YES
dbo,V_CUSTOM,USER_N15,decimal,YES
dbo,V_CUSTOM,USER_D1,datetime,YES
dbo,V_CUSTOM,USER_D2,datetime,YES
dbo,V_CUSTOM,USER_D3,datetime,YES
dbo,V_CUSTOM,USER_D4,datetime,YES
dbo,V_CUSTOM,USER_D5,datetime,YES
dbo,V_CUSTOM,CREATOR,nvarchar,YES
dbo,V_CUSTOM,OWNER,nvarchar,YES
dbo,V_CUSTOM,LAST_MODIFIED,datetime,YES
dbo,V_CUSTOM,LAST_USER,nvarchar,YES
dbo,V_CUSTOM,CREATE_DATE,datetime,YES
dbo,V_CUSTOM,PART_ID,nvarchar,YES
dbo,V_CUSTOM,COMMENTS_BIN,ntext,YES
dbo,V_CUSTOM,PACKLIST_ID,nvarchar,YES
dbo,V_CUSTOM_BINARY,BUS_TYPE,smallint,NO
dbo,V_CUSTOM_BINARY,CUSTOM_ID,nvarchar,NO
dbo,V_CUSTOM_BINARY,TYPE,nvarchar,NO
dbo,V_CUSTOM_BINARY,BITS_LENGTH,int,YES
dbo,V_CUSTOM_BINARY,LAST_MODIFIED,datetime,YES
dbo,V_CUSTOM_BINARY,LAST_USER,nvarchar,YES
dbo,V_CUSTOM_BINARY,BITS,image,YES
dbo,V_CUSTOM_BINARY,CREATE_DATE,datetime,YES
dbo,V_CUSTOM_DEF,BUS_TYPE,smallint,NO
dbo,V_CUSTOM_DEF,NAME,nvarchar,YES
dbo,V_CUSTOM_DEF,PLURAL_NAME,nvarchar,YES
dbo,V_CUSTOM_DEF,SEQ_NO,smallint,YES
dbo,V_CUSTOM_DEF,LAST_MODIFIED,datetime,YES
dbo,V_CUSTOM_DEF,LAST_USER,nvarchar,YES
dbo,V_CUSTOM_DEF,CREATE_DATE,datetime,YES
dbo,V_CUSTOM_JUNC,ID_1,nvarchar,NO
dbo,V_CUSTOM_JUNC,BUS_TYPE_1,smallint,NO
dbo,V_CUSTOM_JUNC,ID_2,nvarchar,NO
dbo,V_CUSTOM_JUNC,BUS_TYPE_2,smallint,NO
dbo,V_CUSTOM_JUNC,USER_T1,nvarchar,YES
dbo,V_CUSTOM_JUNC,USER_T2,nvarchar,YES
dbo,V_CUSTOM_JUNC,USER_T3,nvarchar,YES
dbo,V_CUSTOM_JUNC,USER_T4,nvarchar,YES
dbo,V_CUSTOM_JUNC,USER_T5,nvarchar,YES
dbo,V_CUSTOM_JUNC,USER_T6,nvarchar,YES
dbo,V_CUSTOM_JUNC,USER_T7,nvarchar,YES
dbo,V_CUSTOM_JUNC,USER_T8,nvarchar,YES
dbo,V_CUSTOM_JUNC,USER_T9,nvarchar,YES
dbo,V_CUSTOM_JUNC,USER_T10,nvarchar,YES
dbo,V_CUSTOM_JUNC,USER_T11,nvarchar,YES
dbo,V_CUSTOM_JUNC,USER_T12,nvarchar,YES
dbo,V_CUSTOM_JUNC,USER_T13,nvarchar,YES
dbo,V_CUSTOM_JUNC,USER_T14,nvarchar,YES
dbo,V_CUSTOM_JUNC,USER_T15,nvarchar,YES
dbo,V_CUSTOM_JUNC,USER_N1,decimal,YES
dbo,V_CUSTOM_JUNC,USER_N2,decimal,YES
dbo,V_CUSTOM_JUNC,USER_N3,decimal,YES
dbo,V_CUSTOM_JUNC,USER_N4,decimal,YES
dbo,V_CUSTOM_JUNC,USER_N5,decimal,YES
dbo,V_CUSTOM_JUNC,USER_D1,datetime,YES
dbo,V_CUSTOM_JUNC,USER_D2,datetime,YES
dbo,V_CUSTOM_JUNC,USER_D3,datetime,YES
dbo,V_CUSTOM_JUNC,LAST_MODIFIED,datetime,YES
dbo,V_CUSTOM_JUNC,LAST_USER,nvarchar,YES
dbo,V_CUSTOM_JUNC,CREATE_DATE,datetime,YES
dbo,V_CUSTOM_REL,BUS_TYPE,smallint,NO
dbo,V_CUSTOM_REL,REL_BUS_TYPE,smallint,NO
dbo,V_CUSTOM_REL,REL_TYPE,nvarchar,YES
dbo,V_CUSTOM_REL,LAST_MODIFIED,datetime,YES
dbo,V_CUSTOM_REL,LAST_USER,nvarchar,YES
dbo,V_CUSTOM_REL,CREATE_DATE,datetime,YES
dbo,V_DIVISION,ID,nvarchar,NO
dbo,V_DIVISION,DESCRIPTION,nvarchar,YES
dbo,V_DIVISION,LAST_MODIFIED,datetime,YES
dbo,V_DIVISION,LAST_USER,nvarchar,YES
dbo,V_DIVISION,CREATE_DATE,datetime,YES
dbo,V_DOC_CATALOG,ID,nvarchar,NO
dbo,V_DOC_CATALOG,DESCRIPTION,nvarchar,YES
dbo,V_DOC_CATALOG,CATEGORY_ID,nvarchar,YES
dbo,V_DOC_CATALOG,TYPE_ID,nvarchar,YES
dbo,V_DOC_CATALOG,ELECTRONIC,smallint,YES
dbo,V_DOC_CATALOG,LAST_USER,nvarchar,YES
dbo,V_DOC_CATALOG,LAST_MODIFIED,datetime,YES
dbo,V_DOC_CATALOG,COMMENTS,image,YES
dbo,V_DOC_CATALOG,BIN_HDR,nvarchar,YES
dbo,V_DOC_CATALOG,CREATOR,nvarchar,YES
dbo,V_DOC_CATALOG,ORIG_FILENAME,nvarchar,YES
dbo,V_DOC_CATALOG,CREATE_DATE,datetime,YES
dbo,V_DOC_CATALOG,TEMPLATE,smallint,YES
dbo,V_DOC_CATEGORY,ID,nvarchar,NO
dbo,V_DOC_CATEGORY,LAST_MODIFIED,datetime,YES
dbo,V_DOC_CATEGORY,LAST_USER,nvarchar,YES
dbo,V_DOC_CATEGORY,DETAILS,nvarchar,YES
dbo,V_DOC_CATEGORY,CREATE_DATE,datetime,YES
dbo,V_DOC_SENT,ID,nvarchar,NO
dbo,V_DOC_SENT,DOC_CATLG_ID,nvarchar,NO
dbo,V_DOC_SENT,ACCT_ID,nvarchar,YES
dbo,V_DOC_SENT,CONTACT_ID,nvarchar,YES
dbo,V_DOC_SENT,CREATE_DATE,datetime,YES
dbo,V_DOC_SENT,CREATOR,nvarchar,YES
dbo,V_DOC_SENT,DATE_SENT,datetime,YES
dbo,V_DOC_SENT,SENT_BY,nvarchar,YES
dbo,V_DOC_SENT,LAST_USER,nvarchar,YES
dbo,V_DOC_SENT,LAST_MODIFIED,datetime,YES
dbo,V_DOC_SENT,QTY,int,YES
dbo,V_DOC_TYPE,ID,nvarchar,NO
dbo,V_DOC_TYPE,DOC_CATGRY_ID,nvarchar,NO
dbo,V_DOC_TYPE,LAST_MODIFIED,datetime,YES
dbo,V_DOC_TYPE,LAST_USER,nvarchar,YES
dbo,V_DOC_TYPE,DESCRIPTION,nvarchar,YES
dbo,V_DOC_TYPE,CREATE_DATE,datetime,YES
dbo,V_DUPLICATES,ID,nvarchar,NO
dbo,V_DUPLICATES,TYPE,nvarchar,NO
dbo,V_DUPLICATES,TYPE_ID,nvarchar,NO
dbo,V_DUPLICATES,LONG_DESC,nvarchar,YES
dbo,V_DUPLICATES,REVIEWED,smallint,YES
dbo,V_DUPLICATES,STATUS,nvarchar,YES
dbo,V_EMP_MATRIX,EMP_ID,nvarchar,NO
dbo,V_EMP_MATRIX,RATING,nvarchar,NO
dbo,V_EMP_MATRIX,RESOURCE_ID,nvarchar,NO
dbo,V_EMP_MATRIX,BILLING_RATE,decimal,NO
dbo,V_EMP_MATRIX,COMMENTS,nvarchar,YES
dbo,V_EMP_MATRIX,USER_T1,nvarchar,YES
dbo,V_EMP_MATRIX,USER_T2,nvarchar,YES
dbo,V_EMP_MATRIX,USER_T3,nvarchar,YES
dbo,V_EMP_MATRIX,USER_T4,nvarchar,YES
dbo,V_EMP_MATRIX,USER_T5,nvarchar,YES
dbo,V_EMP_MATRIX,USER_D1,datetime,YES
dbo,V_EMP_MATRIX,USER_D2,datetime,YES
dbo,V_EMP_MATRIX,USER_D3,datetime,YES
dbo,V_EMP_MATRIX,LAST_MODIFIED,datetime,YES
dbo,V_EMP_MATRIX,LAST_USER,nvarchar,YES
dbo,V_EMP_MATRIX,USER_N1,decimal,YES
dbo,V_EMP_MATRIX,USER_N2,decimal,YES
dbo,V_EMP_MATRIX,USER_N3,decimal,YES
dbo,V_EMP_MATRIX,USER_N4,decimal,YES
dbo,V_EMP_MATRIX,USER_N5,decimal,YES
dbo,V_EMP_MATRIX,PRIMARY_RESOURCE,smallint,YES
dbo,V_EMP_MATRIX,CREATE_DATE,datetime,YES
dbo,V_EMP_MATRIX,SITE_ID,nvarchar,YES
dbo,V_EMPLOYEE,ID,nvarchar,NO
dbo,V_EMPLOYEE,ACCT_MANAGER,smallint,NO
dbo,V_EMPLOYEE,SRVC_AREA_ID,nvarchar,YES
dbo,V_EMPLOYEE,SRVC_SUB_AREA_ID,nvarchar,YES
dbo,V_EMPLOYEE,EMAIL_ADDR,nvarchar,YES
dbo,V_EMPLOYEE,LAST_MODIFIED,datetime,YES
dbo,V_EMPLOYEE,LAST_USER,nvarchar,YES
dbo,V_EMPLOYEE,VENDOR_ID,nvarchar,YES
dbo,V_EMPLOYEE,CREATOR,nvarchar,YES
dbo,V_EMPLOYEE,CREATE_DATE,datetime,YES
dbo,V_EMPLOYEE,USER_T1,nvarchar,YES
dbo,V_EMPLOYEE,USER_T2,nvarchar,YES
dbo,V_EMPLOYEE,USER_T3,nvarchar,YES
dbo,V_EMPLOYEE,USER_T4,nvarchar,YES
dbo,V_EMPLOYEE,USER_T5,nvarchar,YES
dbo,V_EMPLOYEE,USER_D1,datetime,YES
dbo,V_EMPLOYEE,USER_D2,datetime,YES
dbo,V_EMPLOYEE,USER_D3,datetime,YES
dbo,V_EMPLOYEE,USER_N1,decimal,YES
dbo,V_EMPLOYEE,USER_N2,decimal,YES
dbo,V_EMPLOYEE,USER_N3,decimal,YES
dbo,V_EMPLOYEE,USER_N4,decimal,YES
dbo,V_EMPLOYEE,USER_N5,decimal,YES
dbo,V_EMPLOYEE,EMPLOYEE_COUNTRY_ID,nvarchar,YES
dbo,V_EVENT,ID,nvarchar,NO
dbo,V_EVENT,STATUS,nvarchar,YES
dbo,V_EVENT,KEYWORD_ID,nvarchar,YES
dbo,V_EVENT,CATEGORY_ID,nvarchar,YES
dbo,V_EVENT,START_DATE,datetime,YES
dbo,V_EVENT,END_DATE,datetime,YES
dbo,V_EVENT,URL,nvarchar,YES
dbo,V_EVENT,OWNER,nvarchar,YES
dbo,V_EVENT,LAST_MODIFIED,datetime,YES
dbo,V_EVENT,LAST_USER,nvarchar,YES
dbo,V_EVENT,CREATE_DATE,datetime,YES
dbo,V_EVENT,CREATOR,nvarchar,YES
dbo,V_EVENT,USER_T1,nvarchar,YES
dbo,V_EVENT,USER_T2,nvarchar,YES
dbo,V_EVENT,USER_T3,nvarchar,YES
dbo,V_EVENT,USER_T4,nvarchar,YES
dbo,V_EVENT,USER_T5,nvarchar,YES
dbo,V_EVENT,USER_T6,nvarchar,YES
dbo,V_EVENT,USER_T7,nvarchar,YES
dbo,V_EVENT,USER_T8,nvarchar,YES
dbo,V_EVENT,USER_T9,nvarchar,YES
dbo,V_EVENT,USER_T10,nvarchar,YES
dbo,V_EVENT,USER_T11,nvarchar,YES
dbo,V_EVENT,USER_T12,nvarchar,YES
dbo,V_EVENT,USER_T13,nvarchar,YES
dbo,V_EVENT,USER_T14,nvarchar,YES
dbo,V_EVENT,USER_T15,nvarchar,YES
dbo,V_EVENT,USER_T16,nvarchar,YES
dbo,V_EVENT,USER_T17,nvarchar,YES
dbo,V_EVENT,USER_T18,nvarchar,YES
dbo,V_EVENT,USER_T19,nvarchar,YES
dbo,V_EVENT,USER_T20,nvarchar,YES
dbo,V_EVENT,USER_T21,nvarchar,YES
dbo,V_EVENT,USER_T22,nvarchar,YES
dbo,V_EVENT,USER_T23,nvarchar,YES
dbo,V_EVENT,USER_T24,nvarchar,YES
dbo,V_EVENT,USER_T25,nvarchar,YES
dbo,V_EVENT,USER_T26,nvarchar,YES
dbo,V_EVENT,USER_T27,nvarchar,YES
dbo,V_EVENT,USER_T28,nvarchar,YES
dbo,V_EVENT,USER_T29,nvarchar,YES
dbo,V_EVENT,USER_T30,nvarchar,YES
dbo,V_EVENT,USER_N1,decimal,YES
dbo,V_EVENT,USER_N2,decimal,YES
dbo,V_EVENT,USER_N3,decimal,YES
dbo,V_EVENT,USER_N4,decimal,YES
dbo,V_EVENT,USER_N5,decimal,YES
dbo,V_EVENT,USER_N6,decimal,YES
dbo,V_EVENT,USER_N7,decimal,YES
dbo,V_EVENT,USER_N8,decimal,YES
dbo,V_EVENT,USER_N9,decimal,YES
dbo,V_EVENT,USER_N10,decimal,YES
dbo,V_EVENT,USER_N11,decimal,YES
dbo,V_EVENT,USER_N12,decimal,YES
dbo,V_EVENT,USER_N13,decimal,YES
dbo,V_EVENT,USER_N14,decimal,YES
dbo,V_EVENT,USER_N15,decimal,YES
dbo,V_EVENT,USER_D1,datetime,YES
dbo,V_EVENT,USER_D2,datetime,YES
dbo,V_EVENT,USER_D3,datetime,YES
dbo,V_EVENT,USER_D4,datetime,YES
dbo,V_EVENT,USER_D5,datetime,YES
dbo,V_EVENT,COMMENTS_BIN,ntext,YES
dbo,V_EVENT,COMMENTS,nvarchar,YES
dbo,V_EVENT,DESCRIPTION,nvarchar,YES
dbo,V_EVENT_ATTENDEE,ID,nvarchar,NO
dbo,V_EVENT_ATTENDEE,EVENT_ID,nvarchar,NO
dbo,V_EVENT_ATTENDEE,CONTACT_ID,nvarchar,NO
dbo,V_EVENT_ATTENDEE,ACCT_ID,nvarchar,YES
dbo,V_EVENT_ATTENDEE,STAGE_ID,nvarchar,YES
dbo,V_EVENT_ATTENDEE,STAGE_DATE,datetime,YES
dbo,V_EVENT_ATTENDEE,OWNER,nvarchar,YES
dbo,V_EVENT_ATTENDEE,LAST_MODIFIED,datetime,YES
dbo,V_EVENT_ATTENDEE,LAST_USER,nvarchar,YES
dbo,V_EVENT_ATTENDEE,CREATE_DATE,datetime,YES
dbo,V_EVENT_ATTENDEE,CREATOR,nvarchar,YES
dbo,V_EVENT_ATTENDEE,USER_T1,nvarchar,YES
dbo,V_EVENT_ATTENDEE,USER_T2,nvarchar,YES
dbo,V_EVENT_ATTENDEE,USER_T3,nvarchar,YES
dbo,V_EVENT_ATTENDEE,USER_T4,nvarchar,YES
dbo,V_EVENT_ATTENDEE,USER_T5,nvarchar,YES
dbo,V_EVENT_ATTENDEE,USER_T6,nvarchar,YES
dbo,V_EVENT_ATTENDEE,USER_T7,nvarchar,YES
dbo,V_EVENT_ATTENDEE,USER_T8,nvarchar,YES
dbo,V_EVENT_ATTENDEE,USER_T9,nvarchar,YES
dbo,V_EVENT_ATTENDEE,USER_T10,nvarchar,YES
dbo,V_EVENT_ATTENDEE,USER_T11,nvarchar,YES
dbo,V_EVENT_ATTENDEE,USER_T12,nvarchar,YES
dbo,V_EVENT_ATTENDEE,USER_T13,nvarchar,YES
dbo,V_EVENT_ATTENDEE,USER_T14,nvarchar,YES
dbo,V_EVENT_ATTENDEE,USER_T15,nvarchar,YES
dbo,V_EVENT_ATTENDEE,USER_T16,nvarchar,YES
dbo,V_EVENT_ATTENDEE,USER_T17,nvarchar,YES
dbo,V_EVENT_ATTENDEE,USER_T18,nvarchar,YES
dbo,V_EVENT_ATTENDEE,USER_T19,nvarchar,YES
dbo,V_EVENT_ATTENDEE,USER_T20,nvarchar,YES
dbo,V_EVENT_ATTENDEE,USER_T21,nvarchar,YES
dbo,V_EVENT_ATTENDEE,USER_T22,nvarchar,YES
dbo,V_EVENT_ATTENDEE,USER_T23,nvarchar,YES
dbo,V_EVENT_ATTENDEE,USER_T24,nvarchar,YES
dbo,V_EVENT_ATTENDEE,USER_T25,nvarchar,YES
dbo,V_EVENT_ATTENDEE,USER_T26,nvarchar,YES
dbo,V_EVENT_ATTENDEE,USER_T27,nvarchar,YES
dbo,V_EVENT_ATTENDEE,USER_T28,nvarchar,YES
dbo,V_EVENT_ATTENDEE,USER_T29,nvarchar,YES
dbo,V_EVENT_ATTENDEE,USER_T30,nvarchar,YES
dbo,V_EVENT_ATTENDEE,USER_N1,decimal,YES
dbo,V_EVENT_ATTENDEE,USER_N2,decimal,YES
dbo,V_EVENT_ATTENDEE,USER_N3,decimal,YES
dbo,V_EVENT_ATTENDEE,USER_N4,decimal,YES
dbo,V_EVENT_ATTENDEE,USER_N5,decimal,YES
dbo,V_EVENT_ATTENDEE,USER_N6,decimal,YES
dbo,V_EVENT_ATTENDEE,USER_N7,decimal,YES
dbo,V_EVENT_ATTENDEE,USER_N8,decimal,YES
dbo,V_EVENT_ATTENDEE,USER_N9,decimal,YES
dbo,V_EVENT_ATTENDEE,USER_N10,decimal,YES
dbo,V_EVENT_ATTENDEE,USER_N11,decimal,YES
dbo,V_EVENT_ATTENDEE,USER_N12,decimal,YES
dbo,V_EVENT_ATTENDEE,USER_N13,decimal,YES
dbo,V_EVENT_ATTENDEE,USER_N14,decimal,YES
dbo,V_EVENT_ATTENDEE,USER_N15,decimal,YES
dbo,V_EVENT_ATTENDEE,USER_D1,datetime,YES
dbo,V_EVENT_ATTENDEE,USER_D2,datetime,YES
dbo,V_EVENT_ATTENDEE,USER_D3,datetime,YES
dbo,V_EVENT_ATTENDEE,USER_D4,datetime,YES
dbo,V_EVENT_ATTENDEE,USER_D5,datetime,YES
dbo,V_EVENT_ATTENDEE,COMMENTS_BIN,ntext,YES
dbo,V_EVENT_ATTENDEE,COMMENTS,nvarchar,YES
dbo,V_EVENT_STAGE,ID,nvarchar,NO
dbo,V_EVENT_STAGE,DESCRIPTION,nvarchar,YES
dbo,V_EVENT_STAGE,CREATE_DATE,datetime,YES
dbo,V_EVENT_STAGE,CREATOR,nvarchar,YES
dbo,V_EVENT_STAGE,LAST_MODIFIED,datetime,YES
dbo,V_EVENT_STAGE,LAST_USER,nvarchar,YES
dbo,V_EVENT_STAGE,RECORDHISTORY,smallint,YES
dbo,V_EXP_CODE,ID,nvarchar,NO
dbo,V_EXP_CODE,DESCRIPTION,nvarchar,YES
dbo,V_EXP_CODE,LAST_MODIFIED,datetime,YES
dbo,V_EXP_CODE,LAST_USER,nvarchar,YES
dbo,V_EXP_CODE,EXP_GL_ACCT_ID,nvarchar,YES
dbo,V_EXP_CODE,COST_CATEGORY,nchar,YES
dbo,V_EXP_CODE,CREATE_DATE,datetime,YES
dbo,V_EXP_CODE,UNIT_PRICE,decimal,YES
dbo,V_EXP_CODE,FIXED_MKUP,decimal,YES
dbo,V_EXP_CODE,MKUP_PERCENT,decimal,YES
dbo,V_FILTER,ID,nvarchar,NO
dbo,V_FILTER,BUS_OBJ_TYPE,smallint,NO
dbo,V_FILTER,DEFAULT_FILTER,smallint,NO
dbo,V_FILTER,NAME,nvarchar,NO
dbo,V_FILTER,OWNER,nvarchar,YES
dbo,V_FILTER,SCOPE,nchar,YES
dbo,V_FILTER,BITS_LENGTH,int,NO
dbo,V_FILTER,LAST_MODIFIED,datetime,YES
dbo,V_FILTER,LAST_USER,nvarchar,YES
dbo,V_FILTER,BITS,image,YES
dbo,V_FILTER,CREATOR,nvarchar,YES
dbo,V_FILTER,CREATE_DATE,datetime,YES
dbo,V_GRID_LAYOUT,BUS_TYPE,smallint,NO
dbo,V_GRID_LAYOUT,FIELD_NAME,nvarchar,NO
dbo,V_GRID_LAYOUT,TABLE_NAME,nvarchar,NO
dbo,V_GRID_LAYOUT,CAPTION,nvarchar,YES
dbo,V_GRID_LAYOUT,DATATYPE,smallint,YES
dbo,V_GRID_LAYOUT,FORMAT,nvarchar,YES
dbo,V_GRID_LAYOUT,HIDE,smallint,YES
dbo,V_GRID_LAYOUT,FIELD_LENGTH,int,YES
dbo,V_GRID_LAYOUT,LOCKED,smallint,YES
dbo,V_GRID_LAYOUT,FIELD_POSITION,smallint,YES
dbo,V_GRID_LAYOUT,REQUIRED,smallint,YES
dbo,V_GRID_LAYOUT,UDF_ENABLE,smallint,YES
dbo,V_GRID_LAYOUT,USER_REQUIRED,smallint,YES
dbo,V_GRID_LAYOUT,WIDTH,int,YES
dbo,V_GRID_LAYOUT,LAST_MODIFIED,datetime,YES
dbo,V_GRID_LAYOUT,LAST_USER,nvarchar,YES
dbo,V_GRID_LAYOUT,CREATOR,nvarchar,YES
dbo,V_GRID_LAYOUT,CREATE_DATE,datetime,YES
dbo,V_HIST_DATA,BUS_TYPE,smallint,YES
dbo,V_HIST_DATA,USER_ID,nvarchar,NO
dbo,V_HIST_DATA,TABLE_NAME,nvarchar,NO
dbo,V_HIST_DATA,FIELD_NAME,nvarchar,NO
dbo,V_HIST_DATA,CREATE_DATE,datetime,NO
dbo,V_HIST_DATA,LAST_MODIFIED,datetime,YES
dbo,V_HIST_DATA,LAST_USER,nvarchar,YES
dbo,V_HIST_DATA,PRIMARY_KEY,nvarchar,YES
dbo,V_HIST_DATA,ACTION,nvarchar,YES
dbo,V_HIST_DATA,OLD_VALUE,nvarchar,YES
dbo,V_HIST_DATA,NEW_VALUE,nvarchar,YES
dbo,V_HISTORY,ID,nvarchar,NO
dbo,V_HISTORY,ACCT_ID,nvarchar,YES
dbo,V_HISTORY,CONTACT_ID,nvarchar,YES
dbo,V_HISTORY,LAST_MODIFIED,datetime,YES
dbo,V_HISTORY,LAST_USER,nvarchar,YES
dbo,V_HISTORY,REL_ID,nvarchar,YES
dbo,V_HISTORY,LINE_NO,smallint,YES
dbo,V_HISTORY,REL_TYPE,nvarchar,NO
dbo,V_HISTORY,AUTO_NOTE,smallint,NO
dbo,V_HISTORY,BIN_HDR,nvarchar,YES
dbo,V_HISTORY,SENT_TO,nvarchar,YES
dbo,V_HISTORY,SENT_FROM,nvarchar,YES
dbo,V_HISTORY,SENT_CC,nvarchar,YES
dbo,V_HISTORY,SUMMARY,nvarchar,YES
dbo,V_HISTORY,ATTACHMENT,nvarchar,YES
dbo,V_HISTORY,TYPE,nvarchar,YES
dbo,V_HISTORY,CATEGORY_ID,nvarchar,YES
dbo,V_HISTORY,CREATOR,nvarchar,YES
dbo,V_HISTORY,CREATE_DATE,datetime,YES
dbo,V_HISTORY,NOTE_DATE,datetime,YES
dbo,V_HISTORY,USER_T1,nvarchar,YES
dbo,V_HISTORY,USER_T2,nvarchar,YES
dbo,V_HISTORY,USER_T3,nvarchar,YES
dbo,V_HISTORY,USER_T4,nvarchar,YES
dbo,V_HISTORY,USER_T5,nvarchar,YES
dbo,V_HISTORY,USER_D1,datetime,YES
dbo,V_HISTORY,USER_D2,datetime,YES
dbo,V_HISTORY,USER_D3,datetime,YES
dbo,V_HISTORY,USER_N1,decimal,YES
dbo,V_HISTORY,USER_N2,decimal,YES
dbo,V_HISTORY,USER_N3,decimal,YES
dbo,V_HISTORY,USER_N4,decimal,YES
dbo,V_HISTORY,USER_N5,decimal,YES
dbo,V_HISTORY,EMAIL_ID,nvarchar,YES
dbo,V_HISTORY,PRIVATE,smallint,NO
dbo,V_HISTORY,USER_T6,nvarchar,YES
dbo,V_HISTORY,USER_T7,nvarchar,YES
dbo,V_HISTORY,USER_T8,nvarchar,YES
dbo,V_HISTORY,USER_T9,nvarchar,YES
dbo,V_HISTORY,USER_T10,nvarchar,YES
dbo,V_HISTORY,USER_T11,nvarchar,YES
dbo,V_HISTORY,USER_T12,nvarchar,YES
dbo,V_HISTORY,USER_T13,nvarchar,YES
dbo,V_HISTORY,USER_T14,nvarchar,YES
dbo,V_HISTORY,USER_T15,nvarchar,YES
dbo,V_HISTORY,USER_T16,nvarchar,YES
dbo,V_HISTORY,USER_T17,nvarchar,YES
dbo,V_HISTORY,USER_T18,nvarchar,YES
dbo,V_HISTORY,USER_T19,nvarchar,YES
dbo,V_HISTORY,USER_T20,nvarchar,YES
dbo,V_HISTORY,USER_T21,nvarchar,YES
dbo,V_HISTORY,USER_T22,nvarchar,YES
dbo,V_HISTORY,USER_T23,nvarchar,YES
dbo,V_HISTORY,USER_T24,nvarchar,YES
dbo,V_HISTORY,USER_T25,nvarchar,YES
dbo,V_HISTORY,USER_T26,nvarchar,YES
dbo,V_HISTORY,USER_T27,nvarchar,YES
dbo,V_HISTORY,USER_T28,nvarchar,YES
dbo,V_HISTORY,USER_T29,nvarchar,YES
dbo,V_HISTORY,USER_T30,nvarchar,YES
dbo,V_HISTORY,USER_N6,decimal,YES
dbo,V_HISTORY,USER_N7,decimal,YES
dbo,V_HISTORY,USER_N8,decimal,YES
dbo,V_HISTORY,USER_N9,decimal,YES
dbo,V_HISTORY,USER_N10,decimal,YES
dbo,V_HISTORY,USER_N11,decimal,YES
dbo,V_HISTORY,USER_N12,decimal,YES
dbo,V_HISTORY,USER_N13,decimal,YES
dbo,V_HISTORY,USER_N14,decimal,YES
dbo,V_HISTORY,USER_N15,decimal,YES
dbo,V_HISTORY,USER_D4,datetime,YES
dbo,V_HISTORY,USER_D5,datetime,YES
dbo,V_HISTORY,EVENT_ID,nvarchar,YES
dbo,V_HISTORY,NOTE,ntext,YES
dbo,V_HISTORY,CONTACT_FIRST_NAME,nvarchar,YES
dbo,V_HISTORY,CONTACT_LAST_NAME,nvarchar,YES
dbo,V_HISTORY,CONTACT_EMAIL,nvarchar,YES
dbo,V_HISTORY,EMAIL_STORE_1,nvarchar,YES
dbo,V_HISTORY,EMAIL_STORE_2,nvarchar,YES
dbo,V_HISTORY,ROWID,int,NO
dbo,V_HISTORY_CATEGORY,ID,nvarchar,NO
dbo,V_HISTORY_CATEGORY,DESCRIPTION,nvarchar,YES
dbo,V_HISTORY_CATEGORY,KEYWORD_ID,nvarchar,YES
dbo,V_HISTORY_CATEGORY,LAST_MODIFIED,datetime,YES
dbo,V_HISTORY_CATEGORY,LAST_USER,nvarchar,YES
dbo,V_HISTORY_CATEGORY,ROWID,int,NO
dbo,V_HISTORY_TYPE,ID,nvarchar,NO
dbo,V_HISTORY_TYPE,DESCRIPTION,nvarchar,YES
dbo,V_HISTORY_TYPE,LAST_MODIFIED,datetime,NO
dbo,V_HISTORY_TYPE,LAST_USER,nvarchar,YES
dbo,V_HISTORY_TYPE,CREATE_DATE,datetime,NO
dbo,V_HISTORY_TYPE,CREATOR,nvarchar,YES
dbo,V_HISTORY_TYPE,ROWID,int,NO
dbo,V_INDUSTRY_CODES,ID,nvarchar,NO
dbo,V_INDUSTRY_CODES,TYPE,nvarchar,NO
dbo,V_INDUSTRY_CODES,LONG_DESC,nvarchar,YES
dbo,V_INDUSTRY_CODES,LAST_USER,nvarchar,YES
dbo,V_INDUSTRY_CODES,LAST_MODIFIED,datetime,YES
dbo,V_INST,ID,nvarchar,NO
dbo,V_INST,INST_TYPE,nvarchar,NO
dbo,V_INST,END_OF_MONTH,nchar,YES
dbo,V_INST,VAT_ON_FIRST_INST,nchar,YES
dbo,V_INST,PERIOD_TYPE,nchar,NO
dbo,V_INST,LAST_USER,nvarchar,YES
dbo,V_INST,LAST_MODIFIED,datetime,YES
dbo,V_INST_LINE,INSTALLMENT_ID,nvarchar,NO
dbo,V_INST_LINE,INST_TYPE,nvarchar,NO
dbo,V_INST_LINE,INST_NO,smallint,NO
dbo,V_INST_LINE,INST_PERCENT,decimal,NO
dbo,V_INST_LINE,PERIOD,smallint,NO
dbo,V_INST_LINE,LAST_USER,nvarchar,YES
dbo,V_INST_LINE,LAST_MODIFIED,datetime,YES
dbo,V_INV_BINARY,INVOICE_ID,nvarchar,NO
dbo,V_INV_BINARY,TYPE,nvarchar,NO
dbo,V_INV_BINARY,BITS_LENGTH,int,NO
dbo,V_INV_BINARY,LAST_MODIFIED,datetime,YES
dbo,V_INV_BINARY,LAST_USER,nvarchar,YES
dbo,V_INV_BINARY,BITS,image,YES
dbo,V_INV_BINARY,CREATE_DATE,datetime,YES
dbo,V_INV_LN_BINARY,INVOICE_ID,nvarchar,NO
dbo,V_INV_LN_BINARY,LINE_NO,smallint,NO
dbo,V_INV_LN_BINARY,TYPE,nvarchar,NO
dbo,V_INV_LN_BINARY,BITS_LENGTH,int,NO
dbo,V_INV_LN_BINARY,LAST_MODIFIED,datetime,YES
dbo,V_INV_LN_BINARY,LAST_USER,nvarchar,YES
dbo,V_INV_LN_BINARY,BITS,image,YES
dbo,V_INV_LN_BINARY,CREATE_DATE,datetime,YES
dbo,V_INV_LN_BINARY,CREATOR,nvarchar,YES
dbo,V_INVOICE,ID,nvarchar,NO
dbo,V_INVOICE,RECEIVABLE_ID,nvarchar,YES
dbo,V_INVOICE,INVOICE_DATE,datetime,YES
dbo,V_INVOICE,STATUS,nchar,YES
dbo,V_INVOICE,TEMPLATE_ID,nvarchar,YES
dbo,V_INVOICE,TYPE,nvarchar,YES
dbo,V_INVOICE,TOTAL_AMT,decimal,YES
dbo,V_INVOICE,BATCH_ID,nvarchar,YES
dbo,V_INVOICE,DIST_ID,nvarchar,YES
dbo,V_INVOICE,BUY_RATE,decimal,YES
dbo,V_INVOICE,CURRENCY_ID,nvarchar,YES
dbo,V_INVOICE,DISC_GIVEN,decimal,YES
dbo,V_INVOICE,FREIGHT_TERMS,nchar,YES
dbo,V_INVOICE,MARKED_FOR_PURGE,nchar,YES
dbo,V_INVOICE,PAID_AMT,decimal,YES
dbo,V_INVOICE,POSTING_DATE,datetime,YES
dbo,V_INVOICE,PRINTED_DATE,datetime,YES
dbo,V_INVOICE,RECV_GL_ACCT_ID,nvarchar,YES
dbo,V_INVOICE,SELL_RATE,decimal,YES
dbo,V_INVOICE,TERMS_NET_TYPE,nchar,NO
dbo,V_INVOICE,TERMS_NET_DAYS,smallint,YES
dbo,V_INVOICE,TERMS_NET_DATE,datetime,YES
dbo,V_INVOICE,TERMS_DISC_TYPE,nchar,NO
dbo,V_INVOICE,TERMS_DISC_DAYS,smallint,YES
dbo,V_INVOICE,TERMS_DISC_DATE,datetime,YES
dbo,V_INVOICE,TERMS_DISC_PERCENT,decimal,YES
dbo,V_INVOICE,TERMS_DESCRIPTION,nvarchar,YES
dbo,V_INVOICE,USER_EXCH_RATE,nchar,YES
dbo,V_INVOICE,ACCT_ID,nvarchar,YES
dbo,V_INVOICE,LAST_MODIFIED,datetime,YES
dbo,V_INVOICE,LAST_USER,nvarchar,YES
dbo,V_INVOICE,CUST_ID,nvarchar,YES
dbo,V_INVOICE,SITE_ID,nvarchar,NO
dbo,V_INVOICE,CREATOR,nvarchar,YES
dbo,V_INVOICE,CREATE_DATE,datetime,YES
dbo,V_INVOICE,SALESREP_ID,nvarchar,YES
dbo,V_INVOICE,SRVC_ORDER_ID,nvarchar,YES
dbo,V_INVOICE,VAT_ON_FIRST_INST,nchar,YES
dbo,V_INVOICE,EOM_DUE_DATE,nchar,YES
dbo,V_INVOICE,INST_PERIOD_TYPE,nchar,YES
dbo,V_INVOICE,VAT_BOOK_CODE,nvarchar,YES
dbo,V_INVOICE,VAT_FILENAME,nvarchar,YES
dbo,V_INVOICE,VAT_REPORT_NO,int,YES
dbo,V_INVOICE,CALL_ID,nvarchar,YES
dbo,V_INVOICE,CONTRACT_ID,nvarchar,YES
dbo,V_INVOICE,TERMS_ID,nvarchar,YES
dbo,V_INVOICE_LINE,INVOICE_ID,nvarchar,NO
dbo,V_INVOICE_LINE,LINE_NO,smallint,NO
dbo,V_INVOICE_LINE,AMOUNT,decimal,YES
dbo,V_INVOICE_LINE,BILL,smallint,NO
dbo,V_INVOICE_LINE,COMMISSION_PCT,decimal,YES
dbo,V_INVOICE_LINE,CREATE_DATE,datetime,YES
dbo,V_INVOICE_LINE,CREATOR,nvarchar,YES
dbo,V_INVOICE_LINE,DESCRIPTION,nvarchar,YES
dbo,V_INVOICE_LINE,DISCOUNT_AMT,decimal,NO
dbo,V_INVOICE_LINE,GL_ACCOUNT_ID,nvarchar,YES
dbo,V_INVOICE_LINE,LAST_MODIFIED,datetime,YES
dbo,V_INVOICE_LINE,LAST_USER,nvarchar,YES
dbo,V_INVOICE_LINE,QTY,decimal,NO
dbo,V_INVOICE_LINE,SERVICE_DATE,datetime,NO
dbo,V_INVOICE_LINE,SUB_TYPE,nvarchar,YES
dbo,V_INVOICE_LINE,SUB_TYPE_ID,smallint,YES
dbo,V_INVOICE_LINE,TYPE,nvarchar,NO
dbo,V_INVOICE_LINE,TYPE_ID,nvarchar,NO
dbo,V_INVOICE_LINE,UNIT_PRICE,decimal,NO
dbo,V_INVOICE_LINE,VAT_AMOUNT,decimal,YES
dbo,V_INVOICE_LINE,VAT_CATEGORY,nvarchar,YES
dbo,V_INVOICE_LINE,VAT_CODE,nvarchar,YES
dbo,V_INVOICE_LINE,VAT_GL_ACCT_ID,nvarchar,YES
dbo,V_INVOICE_LINE,VAT_PERCENT,decimal,YES
dbo,V_INVOICE_LINE,ISSUE_NO,smallint,YES
dbo,V_KEYWORD,ID,nvarchar,NO
dbo,V_KEYWORD,PARENT_ID,nvarchar,YES
dbo,V_KEYWORD,LAST_MODIFIED,datetime,YES
dbo,V_KEYWORD,LAST_USER,nvarchar,YES
dbo,V_KEYWORD,DETAILS,nvarchar,YES
dbo,V_KEYWORD,CREATE_DATE,datetime,YES
dbo,V_LBR_GROUP,ID,nvarchar,NO
dbo,V_LBR_GROUP,DESCRIPTION,nvarchar,YES
dbo,V_LBR_GROUP,LAST_USER,nvarchar,YES
dbo,V_LBR_GROUP,LAST_MODIFIED,datetime,YES
dbo,V_LBR_GROUP,CREATE_DATE,datetime,YES
dbo,V_LBR_GRP_RATE,GROUP_ID,nvarchar,NO
dbo,V_LBR_GRP_RATE,RESOURCE_ID,nvarchar,NO
dbo,V_LBR_GRP_RATE,EFF_DATE,datetime,NO
dbo,V_LBR_GRP_RATE,BILL_RATE,decimal,YES
dbo,V_LBR_GRP_RATE,USER_RATE,decimal,YES
dbo,V_LBR_GRP_RATE,RATE_PERCENT,decimal,YES
dbo,V_LBR_GRP_RATE,LAST_USER,nvarchar,YES
dbo,V_LBR_GRP_RATE,LAST_MODIFIED,datetime,YES
dbo,V_LBR_GRP_RATE,CREATE_DATE,datetime,YES
dbo,V_LEAD_SOURCE,ID,nvarchar,NO
dbo,V_LEAD_SOURCE,DESCRIPTION,nvarchar,YES
dbo,V_LEAD_SOURCE,LAST_MODIFIED,datetime,YES
dbo,V_LEAD_SOURCE,LAST_USER,nvarchar,YES
dbo,V_LEAD_SOURCE,CREATE_DATE,datetime,YES
dbo,V_LEASE_TYPE,ID,nvarchar,NO
dbo,V_LEASE_TYPE,DESCRIPTION,nvarchar,YES
dbo,V_LEASE_TYPE,LEASE_REV_ACCT,nvarchar,YES
dbo,V_LEASE_TYPE,LEASE_INT_ACCT,nvarchar,YES
dbo,V_LEASE_TYPE,LAST_MODIFIED,datetime,YES
dbo,V_LEASE_TYPE,LAST_USER,nvarchar,YES
dbo,V_LEASE_TYPE,CREATE_DATE,datetime,YES
dbo,V_LOG,TBNAME,nvarchar,YES
dbo,V_LOG,COLNAME,nvarchar,YES
dbo,V_LOG,SPNAME,nvarchar,YES
dbo,V_LOG,TIME,datetime,YES
dbo,V_LOG,VALUE_PREV,nvarchar,YES
dbo,V_LOG,VALUE_CURR,nvarchar,YES
dbo,V_LOG,COMMENTS,nvarchar,YES
dbo,V_MAIL_NAVBAR,ID,nvarchar,NO
dbo,V_MAIL_NAVBAR,PARENT_NAVBAR_ID,nvarchar,YES
dbo,V_MAIL_NAVBAR,POSITION,smallint,YES
dbo,V_MAIL_NAVBAR,TYPE,nvarchar,YES
dbo,V_MAIL_NAVBAR,USER_ID,nvarchar,NO
dbo,V_MAIL_NAVBAR,ENABLED,smallint,YES
dbo,V_MAIL_NAVBAR,VISIBLE,smallint,YES
dbo,V_MAIL_NAVBAR,LOCKED,smallint,YES
dbo,V_MAIL_NAVBAR,LONG_DESC,nvarchar,YES
dbo,V_MAIL_NAVBAR,ACTION,nvarchar,YES
dbo,V_MAIL_NAVBAR,LAST_USER,nvarchar,YES
dbo,V_MAIL_NAVBAR,LAST_MODIFIED,datetime,YES
dbo,V_MAIL_NAVBAR,CREATE_DATE,datetime,YES
dbo,V_MERGE_DOCS,ID,nvarchar,NO
dbo,V_MERGE_DOCS,LONG_DESC,nvarchar,YES
dbo,V_MERGE_DOCS,FILE_NAME,nvarchar,YES
dbo,V_MERGE_DOCS,CONTEXT,nvarchar,YES
dbo,V_MERGE_DOCS,DEFAULT_DOC,smallint,YES
dbo,V_MERGE_DOCS,USER_ID,nvarchar,YES
dbo,V_MERGE_DOCS,SQL_SELECT,nvarchar,YES
dbo,V_MERGE_DOCS,SQL_WHERE,nvarchar,YES
dbo,V_MERGE_DOCS,LAST_USER,nvarchar,YES
dbo,V_MERGE_DOCS,LAST_MODIFIED,datetime,YES
dbo,V_MERGE_DOCS,ALL_USERS,smallint,YES
dbo,V_MERGE_DOCS,COMMENTS_BIN,ntext,YES
dbo,V_MISC_FIELDS,IS_DELETED,smallint,NO
dbo,V_MISC_FIELDS,EDIT_FROM_DETAIL,smallint,NO
dbo,V_MISC_FIELDS,BINARY_CHANGED,smallint,NO
dbo,V_MISC_FIELDS,IS_DIRTY,smallint,NO
dbo,V_MISC_FIELDS,CREATE_DATE,datetime,YES
dbo,V_NAVBAR,ID,nvarchar,NO
dbo,V_NAVBAR,PARENT_NAVBAR_ID,nvarchar,YES
dbo,V_NAVBAR,POSITION,smallint,YES
dbo,V_NAVBAR,TYPE,nvarchar,YES
dbo,V_NAVBAR,USER_ID,nvarchar,YES
dbo,V_NAVBAR,ENABLED,smallint,YES
dbo,V_NAVBAR,VISIBLE,smallint,YES
dbo,V_NAVBAR,LOCKED,smallint,YES
dbo,V_NAVBAR,LONG_DESC,nvarchar,YES
dbo,V_NAVBAR,ACTION,nvarchar,YES
dbo,V_NAVBAR,LAST_USER,nvarchar,YES
dbo,V_NAVBAR,LAST_MODIFIED,datetime,YES
dbo,V_NAVBAR,CREATE_DATE,datetime,YES
dbo,V_OPPORTUNITY,ID,nvarchar,NO
dbo,V_OPPORTUNITY,ACCT_ID,nvarchar,NO
dbo,V_OPPORTUNITY,OPTY_TYPE_ID,nvarchar,YES
dbo,V_OPPORTUNITY,DESCRIPTION,nvarchar,YES
dbo,V_OPPORTUNITY,OPEN_DATE,datetime,YES
dbo,V_OPPORTUNITY,CLOSE_DATE,datetime,YES
dbo,V_OPPORTUNITY,CUR_STAGE_ID,nvarchar,YES
dbo,V_OPPORTUNITY,PROBABILITY,decimal,YES
dbo,V_OPPORTUNITY,OPTY_AMOUNT,decimal,YES
dbo,V_OPPORTUNITY,WON_AMOUNT,decimal,YES
dbo,V_OPPORTUNITY,WON_REASON,nvarchar,YES
dbo,V_OPPORTUNITY,LOST_AMOUNT,decimal,YES
dbo,V_OPPORTUNITY,LOST_REASON,nvarchar,YES
dbo,V_OPPORTUNITY,COMPETITOR,nvarchar,YES
dbo,V_OPPORTUNITY,INACT_AMOUNT,decimal,YES
dbo,V_OPPORTUNITY,INACT_REASON,nvarchar,YES
dbo,V_OPPORTUNITY,DIVISION_ID,nvarchar,YES
dbo,V_OPPORTUNITY,BUS_UNIT_ID,nvarchar,YES
dbo,V_OPPORTUNITY,SITE_ID,nvarchar,NO
dbo,V_OPPORTUNITY,TERRITORY,nvarchar,YES
dbo,V_OPPORTUNITY,AREA_ID,nvarchar,YES
dbo,V_OPPORTUNITY,SALESREP_ID,nvarchar,YES
dbo,V_OPPORTUNITY,BRANCH_ID,nvarchar,YES
dbo,V_OPPORTUNITY,USER_T1,nvarchar,YES
dbo,V_OPPORTUNITY,USER_T2,nvarchar,YES
dbo,V_OPPORTUNITY,USER_T3,nvarchar,YES
dbo,V_OPPORTUNITY,USER_T4,nvarchar,YES
dbo,V_OPPORTUNITY,USER_T5,nvarchar,YES
dbo,V_OPPORTUNITY,USER_D1,datetime,YES
dbo,V_OPPORTUNITY,USER_D2,datetime,YES
dbo,V_OPPORTUNITY,USER_D3,datetime,YES
dbo,V_OPPORTUNITY,LAST_MODIFIED,datetime,YES
dbo,V_OPPORTUNITY,LAST_USER,nvarchar,YES
dbo,V_OPPORTUNITY,PRODUCT_TYPE,nvarchar,YES
dbo,V_OPPORTUNITY,LEAD_SOURCE,nvarchar,YES
dbo,V_OPPORTUNITY,FORECAST,smallint,YES
dbo,V_OPPORTUNITY,SALES_PLAN,nvarchar,YES
dbo,V_OPPORTUNITY,EST_CLOSE_DATE,datetime,YES
dbo,V_OPPORTUNITY,FOLLOW_UP,smallint,NO
dbo,V_OPPORTUNITY,FOLLOW_UP_DATE,datetime,YES
dbo,V_OPPORTUNITY,FOLLOW_UP_TYPE,nvarchar,YES
dbo,V_OPPORTUNITY,CREATOR,nvarchar,YES
dbo,V_OPPORTUNITY,OWNER,nvarchar,YES
dbo,V_OPPORTUNITY,RESULTS_COMMENTS,nvarchar,YES
dbo,V_OPPORTUNITY,COMMENTS,nvarchar,YES
dbo,V_OPPORTUNITY,USER_N1,decimal,YES
dbo,V_OPPORTUNITY,USER_N2,decimal,YES
dbo,V_OPPORTUNITY,USER_N3,decimal,YES
dbo,V_OPPORTUNITY,USER_N4,decimal,YES
dbo,V_OPPORTUNITY,USER_N5,decimal,YES
dbo,V_OPPORTUNITY,QTY,int,YES
dbo,V_OPPORTUNITY,OPTY_VERSION,nvarchar,YES
dbo,V_OPPORTUNITY,CONTACT_ID,nvarchar,YES
dbo,V_OPPORTUNITY,CREATE_DATE,datetime,YES
dbo,V_OPPORTUNITY,STATUS,nvarchar,YES
dbo,V_OPPORTUNITY,USER_T6,nvarchar,YES
dbo,V_OPPORTUNITY,USER_T7,nvarchar,YES
dbo,V_OPPORTUNITY,USER_T8,nvarchar,YES
dbo,V_OPPORTUNITY,USER_T9,nvarchar,YES
dbo,V_OPPORTUNITY,USER_T10,nvarchar,YES
dbo,V_OPPORTUNITY,USER_T11,nvarchar,YES
dbo,V_OPPORTUNITY,USER_T12,nvarchar,YES
dbo,V_OPPORTUNITY,USER_T13,nvarchar,YES
dbo,V_OPPORTUNITY,USER_T14,nvarchar,YES
dbo,V_OPPORTUNITY,USER_T15,nvarchar,YES
dbo,V_OPPORTUNITY,USER_T16,nvarchar,YES
dbo,V_OPPORTUNITY,USER_T17,nvarchar,YES
dbo,V_OPPORTUNITY,USER_T18,nvarchar,YES
dbo,V_OPPORTUNITY,USER_T19,nvarchar,YES
dbo,V_OPPORTUNITY,USER_T20,nvarchar,YES
dbo,V_OPPORTUNITY,USER_T21,nvarchar,YES
dbo,V_OPPORTUNITY,USER_T22,nvarchar,YES
dbo,V_OPPORTUNITY,USER_T23,nvarchar,YES
dbo,V_OPPORTUNITY,USER_T24,nvarchar,YES
dbo,V_OPPORTUNITY,USER_T25,nvarchar,YES
dbo,V_OPPORTUNITY,USER_T26,nvarchar,YES
dbo,V_OPPORTUNITY,USER_T27,nvarchar,YES
dbo,V_OPPORTUNITY,USER_T28,nvarchar,YES
dbo,V_OPPORTUNITY,USER_T29,nvarchar,YES
dbo,V_OPPORTUNITY,USER_T30,nvarchar,YES
dbo,V_OPPORTUNITY,USER_N6,decimal,YES
dbo,V_OPPORTUNITY,USER_N7,decimal,YES
dbo,V_OPPORTUNITY,USER_N8,decimal,YES
dbo,V_OPPORTUNITY,USER_N9,decimal,YES
dbo,V_OPPORTUNITY,USER_N10,decimal,YES
dbo,V_OPPORTUNITY,USER_N11,decimal,YES
dbo,V_OPPORTUNITY,USER_N12,decimal,YES
dbo,V_OPPORTUNITY,USER_N13,decimal,YES
dbo,V_OPPORTUNITY,USER_N14,decimal,YES
dbo,V_OPPORTUNITY,USER_N15,decimal,YES
dbo,V_OPPORTUNITY,USER_D4,datetime,YES
dbo,V_OPPORTUNITY,USER_D5,datetime,YES
dbo,V_OPPORTUNITY,CURRENCY_ID,nvarchar,YES
dbo,V_OPPORTUNITY,UNIT_PRICE,decimal,YES
dbo,V_OPPORTUNITY,COMMENTS_BIN,ntext,YES
dbo,V_OPPORTUNITY,SALES_LEAD,smallint,YES
dbo,V_OPTY_BINARY,OPTY_ID,nvarchar,NO
dbo,V_OPTY_BINARY,TYPE,nvarchar,NO
dbo,V_OPTY_BINARY,BITS_LENGTH,int,NO
dbo,V_OPTY_BINARY,LAST_MODIFIED,datetime,YES
dbo,V_OPTY_BINARY,LAST_USER,nvarchar,YES
dbo,V_OPTY_BINARY,BITS,image,YES
dbo,V_OPTY_BINARY,CREATE_DATE,datetime,YES
dbo,V_OPTY_COMPET,OPTY_ID,nvarchar,NO
dbo,V_OPTY_COMPET,ACCT_ID,nvarchar,NO
dbo,V_OPTY_COMPET,COMMENTS,nvarchar,YES
dbo,V_OPTY_COMPET,LAST_MODIFIED,datetime,YES
dbo,V_OPTY_COMPET,LAST_USER,nvarchar,YES
dbo,V_OPTY_COMPET,CREATE_DATE,datetime,YES
dbo,V_OPTY_CONTACT,OPTY_ID,nvarchar,NO
dbo,V_OPTY_CONTACT,CONTACT_ID,nvarchar,NO
dbo,V_OPTY_CONTACT,LAST_MODIFIED,datetime,YES
dbo,V_OPTY_CONTACT,LAST_USER,nvarchar,YES
dbo,V_OPTY_CONTACT,PRIMARY_CONTACT,smallint,YES
dbo,V_OPTY_CONTACT,CREATE_DATE,datetime,YES
dbo,V_OPTY_CURR,ID,nvarchar,NO
dbo,V_OPTY_CURR,CURRENCY_ID,nvarchar,NO
dbo,V_OPTY_CURR,AMOUNT,decimal,NO
dbo,V_OPTY_CURR,BUY_RATE,decimal,NO
dbo,V_OPTY_CURR,SELL_RATE,decimal,NO
dbo,V_OPTY_CURR,CREATE_DATE,datetime,NO
dbo,V_OPTY_CURR,CREATOR,nvarchar,YES
dbo,V_OPTY_CURR,LAST_MODIFIED,datetime,YES
dbo,V_OPTY_CURR,LAST_USER,nvarchar,YES
dbo,V_OPTY_ESTIMATE,EST_ID,nvarchar,NO
dbo,V_OPTY_ESTIMATE,OPTY_ID,nvarchar,NO
dbo,V_OPTY_ESTIMATE,LAST_USER,nvarchar,YES
dbo,V_OPTY_ESTIMATE,LAST_MODIFIED,datetime,YES
dbo,V_OPTY_ESTIMATE,CREATE_DATE,datetime,YES
dbo,V_OPTY_ORDER,OPTY_ID,nvarchar,NO
dbo,V_OPTY_ORDER,CUST_ORDER_ID,nvarchar,NO
dbo,V_OPTY_ORDER,CREATE_DATE,datetime,YES
dbo,V_OPTY_ORDER,LAST_USER,nvarchar,YES
dbo,V_OPTY_ORDER,LAST_MODIFIED,datetime,YES
dbo,V_OPTY_PLAN,OPTY_ID,nvarchar,NO
dbo,V_OPTY_PLAN,STAGE_ID,nvarchar,NO
dbo,V_OPTY_PLAN,LINE_NO,int,NO
dbo,V_OPTY_PLAN,SCHED_COMP_DATE,datetime,YES
dbo,V_OPTY_PLAN,START_DATE,datetime,YES
dbo,V_OPTY_PLAN,ACTUAL_COMP_DATE,datetime,YES
dbo,V_OPTY_PLAN,COMMENTS,nvarchar,YES
dbo,V_OPTY_PLAN,LAST_MODIFIED,datetime,YES
dbo,V_OPTY_PLAN,LAST_USER,nvarchar,YES
dbo,V_OPTY_PLAN,DESCRIPTION,nvarchar,YES
dbo,V_OPTY_PLAN,TASK_ID,nvarchar,YES
dbo,V_OPTY_PLAN,CREATE_DATE,datetime,YES
dbo,V_OPTY_TYPE,ID,nvarchar,NO
dbo,V_OPTY_TYPE,DESCRIPTION,nvarchar,YES
dbo,V_OPTY_TYPE,LAST_MODIFIED,datetime,YES
dbo,V_OPTY_TYPE,LAST_USER,nvarchar,YES
dbo,V_OPTY_TYPE,CREATE_DATE,datetime,YES
dbo,V_PAYABLE_DIST,ID,nvarchar,NO
dbo,V_PAYABLE_DIST,DIST_NO,smallint,NO
dbo,V_PAYABLE_DIST,ENTRY_NO,smallint,NO
dbo,V_PAYABLE_DIST,ITEM_TYPE,nvarchar,NO
dbo,V_PAYABLE_DIST,ITEM_TYPE_ID,nvarchar,NO
dbo,V_PAYABLE_DIST,ITEM_TYPE_LN_NBR,int,YES
dbo,V_PAYABLE_DIST,AMOUNT,decimal,NO
dbo,V_PAYABLE_DIST,AMOUNT_TYPE,nchar,NO
dbo,V_PAYABLE_DIST,GL_ACCOUNT_ID,nvarchar,NO
dbo,V_PAYABLE_DIST,NATIVE_AMOUNT,decimal,NO
dbo,V_PAYABLE_DIST,VOUCHER_ID,nvarchar,YES
dbo,V_PAYABLE_DIST,POSTING_DATE,datetime,YES
dbo,V_PAYABLE_DIST,POSTING_STATUS,smallint,NO
dbo,V_PAYABLE_DIST,BATCH_ID,nvarchar,NO
dbo,V_PAYABLE_DIST,CREATE_DATE,datetime,NO
dbo,V_PAYABLE_DIST,SITE_ID,nvarchar,NO
dbo,V_PAYABLE_DIST,CURRENCY_ID,nvarchar,NO
dbo,V_PAYABLE_DIST,NATIVE,nchar,YES
dbo,V_PAYABLE_DIST,LAST_USER,nvarchar,YES
dbo,V_PAYABLE_DIST,LAST_MODIFIED,datetime,YES
dbo,V_POSITION,ID,nvarchar,NO
dbo,V_POSITION,NAME,nvarchar,YES
dbo,V_POSITION,LAST_USER,nvarchar,YES
dbo,V_POSITION,LAST_MODIFIED,datetime,YES
dbo,V_PRIORITY,ID,nvarchar,NO
dbo,V_PRIORITY,DESCRIPTION,nvarchar,YES
dbo,V_PRIORITY,LAST_MODIFIED,datetime,YES
dbo,V_PRIORITY,LAST_USER,nvarchar,YES
dbo,V_PRIORITY,CREATE_DATE,datetime,YES
dbo,V_PROBABILITY,ID,nvarchar,NO
dbo,V_PROBABILITY,PROBABILITY,decimal,YES
dbo,V_PROBABILITY,LAST_USER,nvarchar,YES
dbo,V_PROBABILITY,LAST_MODIFIED,datetime,YES
dbo,V_QTE_LINE_BINARY,QUOTE_ID,nvarchar,NO
dbo,V_QTE_LINE_BINARY,LINE_NO,smallint,NO
dbo,V_QTE_LINE_BINARY,TYPE,nvarchar,NO
dbo,V_QTE_LINE_BINARY,BITS_LENGTH,int,NO
dbo,V_QTE_LINE_BINARY,LAST_MODIFIED,datetime,YES
dbo,V_QTE_LINE_BINARY,LAST_USER,nvarchar,YES
dbo,V_QTE_LINE_BINARY,BITS,image,YES
dbo,V_QTE_LINE_BINARY,CREATE_DATE,datetime,YES
dbo,V_QUOTA,REPORTING_TYPE,nvarchar,NO
dbo,V_QUOTA,REPORTING_ID,nvarchar,NO
dbo,V_QUOTA,STAGE_ID,nvarchar,NO
dbo,V_QUOTA,YEAR,int,NO
dbo,V_QUOTA,MONTH,int,NO
dbo,V_QUOTA,QUOTA_AMOUNT,decimal,YES
dbo,V_QUOTA,LAST_MODIFIED,datetime,YES
dbo,V_QUOTA,LAST_USER,nvarchar,YES
dbo,V_QUOTA,CREATOR,nvarchar,YES
dbo,V_QUOTA,CREATE_DATE,datetime,YES
dbo,V_QUOTE,ID,nvarchar,NO
dbo,V_QUOTE,DESCRIPTION,nvarchar,YES
dbo,V_QUOTE,OPTY_ID,nvarchar,YES
dbo,V_QUOTE,QUOTE_TYPE_ID,nvarchar,YES
dbo,V_QUOTE,STATUS,nvarchar,YES
dbo,V_QUOTE,FREE_ON_BOARD,nvarchar,YES
dbo,V_QUOTE,EFFECTIVE_DATE,datetime,YES
dbo,V_QUOTE,EXPIRATION_DATE,datetime,YES
dbo,V_QUOTE,COMMENTS,nvarchar,YES
dbo,V_QUOTE,PREPARED_BY,nvarchar,YES
dbo,V_QUOTE,ACCT_ID,nvarchar,NO
dbo,V_QUOTE,ACCT_NAME,nvarchar,YES
dbo,V_QUOTE,ADDR_1,nvarchar,YES
dbo,V_QUOTE,ADDR_2,nvarchar,YES
dbo,V_QUOTE,ADDR_3,nvarchar,YES
dbo,V_QUOTE,CITY,nvarchar,YES
dbo,V_QUOTE,STATE,nvarchar,YES
dbo,V_QUOTE,ZIPCODE,nvarchar,YES
dbo,V_QUOTE,COUNTRY,nvarchar,YES
dbo,V_QUOTE,SHIP_TO_NAME,nvarchar,YES
dbo,V_QUOTE,SHIP_TO_ADDR_1,nvarchar,YES
dbo,V_QUOTE,SHIP_TO_ADDR_2,nvarchar,YES
dbo,V_QUOTE,SHIP_TO_ADDR_3,nvarchar,YES
dbo,V_QUOTE,SHIP_TO_CITY,nvarchar,YES
dbo,V_QUOTE,SHIP_TO_STATE,nvarchar,YES
dbo,V_QUOTE,SHIP_TO_ZIPCODE,nvarchar,YES
dbo,V_QUOTE,SHIP_TO_COUNTRY,nvarchar,YES
dbo,V_QUOTE,SLS_TAX_GRP_ID,nvarchar,YES
dbo,V_QUOTE,DIVISION_ID,nvarchar,YES
dbo,V_QUOTE,BUS_UNIT_ID,nvarchar,YES
dbo,V_QUOTE,SITE_ID,nvarchar,NO
dbo,V_QUOTE,SALESREP_ID,nvarchar,YES
dbo,V_QUOTE,TERRITORY,nvarchar,YES
dbo,V_QUOTE,AREA_ID,nvarchar,YES
dbo,V_QUOTE,BRANCH_ID,nvarchar,YES
dbo,V_QUOTE,USER_T1,nvarchar,YES
dbo,V_QUOTE,USER_T2,nvarchar,YES
dbo,V_QUOTE,USER_T3,nvarchar,YES
dbo,V_QUOTE,USER_T4,nvarchar,YES
dbo,V_QUOTE,USER_T5,nvarchar,YES
dbo,V_QUOTE,USER_D1,datetime,YES
dbo,V_QUOTE,USER_D2,datetime,YES
dbo,V_QUOTE,USER_D3,datetime,YES
dbo,V_QUOTE,FOLLOW_UP,smallint,NO
dbo,V_QUOTE,FOLLOW_UP_DATE,datetime,YES
dbo,V_QUOTE,FOLLOW_UP_TYPE,nvarchar,YES
dbo,V_QUOTE,LAST_MODIFIED,datetime,YES
dbo,V_QUOTE,LAST_USER,nvarchar,YES
dbo,V_QUOTE,SHIP_VIA,nvarchar,YES
dbo,V_QUOTE,TERMS_NET_TYPE,nchar,YES
dbo,V_QUOTE,TERMS_NET_DAYS,smallint,YES
dbo,V_QUOTE,TERMS_NET_DATE,datetime,YES
dbo,V_QUOTE,TERMS_DISC_DAYS,smallint,YES
dbo,V_QUOTE,TERMS_DISC_TYPE,nchar,YES
dbo,V_QUOTE,TERMS_DISC_DATE,datetime,YES
dbo,V_QUOTE,TERMS_DISC_PERCENT,decimal,YES
dbo,V_QUOTE,TERMS_DESCRIPTION,nvarchar,YES
dbo,V_QUOTE,FRT_TERMS,nchar,YES
dbo,V_QUOTE,CREATE_DATE,datetime,YES
dbo,V_QUOTE,QUOTED_LEADTIME,smallint,YES
dbo,V_QUOTE,CURRENCY_ID,nvarchar,NO
dbo,V_QUOTE,DISCOUNT_CODE,nvarchar,YES
dbo,V_QUOTE,OWNER,nvarchar,YES
dbo,V_QUOTE,CREATOR,nvarchar,YES
dbo,V_QUOTE,USER_N1,decimal,YES
dbo,V_QUOTE,USER_N2,decimal,YES
dbo,V_QUOTE,USER_N3,decimal,YES
dbo,V_QUOTE,USER_N4,decimal,YES
dbo,V_QUOTE,USER_N5,decimal,YES
dbo,V_QUOTE,SALES_TAX,decimal,YES
dbo,V_QUOTE,FREIGHT,decimal,YES
dbo,V_QUOTE,GROSS_MARGIN_PCT,decimal,YES
dbo,V_QUOTE,GROSS_MARGIN_AMT,decimal,YES
dbo,V_QUOTE,CARRIER_ID,nvarchar,YES
dbo,V_QUOTE,PROMISE_DATE,datetime,YES
dbo,V_QUOTE,DESIRED_SHIP_DATE,datetime,YES
dbo,V_QUOTE,CONTACT_ID,nvarchar,YES
dbo,V_QUOTE,COMMISSION_PERCENT,decimal,YES
dbo,V_QUOTE,USER_T6,nvarchar,YES
dbo,V_QUOTE,USER_T7,nvarchar,YES
dbo,V_QUOTE,USER_T8,nvarchar,YES
dbo,V_QUOTE,USER_T9,nvarchar,YES
dbo,V_QUOTE,USER_T10,nvarchar,YES
dbo,V_QUOTE,USER_T11,nvarchar,YES
dbo,V_QUOTE,USER_T12,nvarchar,YES
dbo,V_QUOTE,USER_T13,nvarchar,YES
dbo,V_QUOTE,USER_T14,nvarchar,YES
dbo,V_QUOTE,USER_T15,nvarchar,YES
dbo,V_QUOTE,USER_T16,nvarchar,YES
dbo,V_QUOTE,USER_T17,nvarchar,YES
dbo,V_QUOTE,USER_T18,nvarchar,YES
dbo,V_QUOTE,USER_T19,nvarchar,YES
dbo,V_QUOTE,USER_T20,nvarchar,YES
dbo,V_QUOTE,USER_T21,nvarchar,YES
dbo,V_QUOTE,USER_T22,nvarchar,YES
dbo,V_QUOTE,USER_T23,nvarchar,YES
dbo,V_QUOTE,USER_T24,nvarchar,YES
dbo,V_QUOTE,USER_T25,nvarchar,YES
dbo,V_QUOTE,USER_T26,nvarchar,YES
dbo,V_QUOTE,USER_T27,nvarchar,YES
dbo,V_QUOTE,USER_T28,nvarchar,YES
dbo,V_QUOTE,USER_T29,nvarchar,YES
dbo,V_QUOTE,USER_T30,nvarchar,YES
dbo,V_QUOTE,USER_N6,decimal,YES
dbo,V_QUOTE,USER_N7,decimal,YES
dbo,V_QUOTE,USER_N8,decimal,YES
dbo,V_QUOTE,USER_N9,decimal,YES
dbo,V_QUOTE,USER_N10,decimal,YES
dbo,V_QUOTE,USER_N11,decimal,YES
dbo,V_QUOTE,USER_N12,decimal,YES
dbo,V_QUOTE,USER_N13,decimal,YES
dbo,V_QUOTE,USER_N14,decimal,YES
dbo,V_QUOTE,USER_N15,decimal,YES
dbo,V_QUOTE,USER_D4,datetime,YES
dbo,V_QUOTE,USER_D5,datetime,YES
dbo,V_QUOTE,SHIPTO_ID,nvarchar,YES
dbo,V_QUOTE,SHIP_TO_ADDR_NO,smallint,YES
dbo,V_QUOTE,CUST_PRICE,decimal,YES
dbo,V_QUOTE,TOTAL_PRICE,decimal,YES
dbo,V_QUOTE,COMMENTS_BIN,ntext,YES
dbo,V_QUOTE,VAT_ON_FIRST_INST,nchar,YES
dbo,V_QUOTE,EOM_DUE_DATE,nchar,YES
dbo,V_QUOTE,INST_PERIOD_TYPE,nchar,YES
dbo,V_QUOTE,TERMS_ID,nvarchar,YES
dbo,V_QUOTE,QUOTE_COUNTRY_ID,nvarchar,YES
dbo,V_QUOTE_ATTRIB,QUOTE_ID,nvarchar,NO
dbo,V_QUOTE_ATTRIB,LINE_NO,smallint,NO
dbo,V_QUOTE_ATTRIB,PART_NO,smallint,NO
dbo,V_QUOTE_ATTRIB,ATTRIB_NO,smallint,NO
dbo,V_QUOTE_ATTRIB,ATTRIB_ID,nvarchar,YES
dbo,V_QUOTE_ATTRIB,ATTRIB_VALUE,nvarchar,YES
dbo,V_QUOTE_ATTRIB,SOURCE,nvarchar,YES
dbo,V_QUOTE_ATTRIB,LAST_MODIFIED,datetime,YES
dbo,V_QUOTE_ATTRIB,LAST_USER,nvarchar,YES
dbo,V_QUOTE_ATTRIB,LABEL,nvarchar,YES
dbo,V_QUOTE_ATTRIB,HIDE,smallint,YES
dbo,V_QUOTE_ATTRIB,CREATE_DATE,datetime,YES
dbo,V_QUOTE_BINARY,QUOTE_ID,nvarchar,NO
dbo,V_QUOTE_BINARY,TYPE,nvarchar,NO
dbo,V_QUOTE_BINARY,BITS_LENGTH,int,NO
dbo,V_QUOTE_BINARY,LAST_MODIFIED,datetime,YES
dbo,V_QUOTE_BINARY,LAST_USER,nvarchar,YES
dbo,V_QUOTE_BINARY,BITS,image,YES
dbo,V_QUOTE_BINARY,CREATE_DATE,datetime,YES
dbo,V_QUOTE_CONTACT,QUOTE_ID,nvarchar,NO
dbo,V_QUOTE_CONTACT,CONTACT_ID,nvarchar,NO
dbo,V_QUOTE_CONTACT,LAST_USER,nvarchar,YES
dbo,V_QUOTE_CONTACT,LAST_MODIFIED,datetime,YES
dbo,V_QUOTE_CONTACT,PRIMARY_CONTACT,smallint,YES
dbo,V_QUOTE_CONTACT,CREATE_DATE,datetime,YES
dbo,V_QUOTE_CURR,ID,nvarchar,NO
dbo,V_QUOTE_CURR,CURRENCY_ID,nvarchar,NO
dbo,V_QUOTE_CURR,AMOUNT,decimal,NO
dbo,V_QUOTE_CURR,BUY_RATE,decimal,NO
dbo,V_QUOTE_CURR,SELL_RATE,decimal,NO
dbo,V_QUOTE_CURR,CREATE_DATE,datetime,NO
dbo,V_QUOTE_CURR,CREATOR,nvarchar,YES
dbo,V_QUOTE_CURR,LAST_MODIFIED,datetime,YES
dbo,V_QUOTE_CURR,LAST_USER,nvarchar,YES
dbo,V_QUOTE_ESTIMATE,EST_ID,nvarchar,NO
dbo,V_QUOTE_ESTIMATE,QUOTE_ID,nvarchar,NO
dbo,V_QUOTE_ESTIMATE,EST_LINE_NO,smallint,NO
dbo,V_QUOTE_ESTIMATE,QUOTE_LINE_NO,smallint,NO
dbo,V_QUOTE_ESTIMATE,LAST_USER,nvarchar,YES
dbo,V_QUOTE_ESTIMATE,LAST_MODIFIED,datetime,YES
dbo,V_QUOTE_ESTIMATE,CREATE_DATE,datetime,YES
dbo,V_QUOTE_ESTIMATE,ACCT_ID,nvarchar,YES
dbo,V_QUOTE_LINE,QUOTE_ID,nvarchar,NO
dbo,V_QUOTE_LINE,LINE_NO,smallint,NO
dbo,V_QUOTE_LINE,GROUP_NO,int,YES
dbo,V_QUOTE_LINE,LINE_TYPE,nvarchar,YES
dbo,V_QUOTE_LINE,SERIES_ID,nvarchar,YES
dbo,V_QUOTE_LINE,MODEL_ID,nvarchar,YES
dbo,V_QUOTE_LINE,PART_ID,nvarchar,YES
dbo,V_QUOTE_LINE,NOMENCLATURE,nvarchar,YES
dbo,V_QUOTE_LINE,DELIVERY,nvarchar,YES
dbo,V_QUOTE_LINE,PRICE_DATE,datetime,YES
dbo,V_QUOTE_LINE,CREATE_DATE,datetime,YES
dbo,V_QUOTE_LINE,LAST_MODIFIED,datetime,YES
dbo,V_QUOTE_LINE,COMPAT_ERR_FLAG,int,YES
dbo,V_QUOTE_LINE,UNIT_PRICE,decimal,YES
dbo,V_QUOTE_LINE,QTY,decimal,YES
dbo,V_QUOTE_LINE,FREIGHT,decimal,YES
dbo,V_QUOTE_LINE,SALES_TAX_PERCENT,decimal,YES
dbo,V_QUOTE_LINE,CUST_DISC_PERCENT,decimal,YES
dbo,V_QUOTE_LINE,CUST_PART_ID,nvarchar,YES
dbo,V_QUOTE_LINE,WORKORDER_BASE_ID,nvarchar,YES
dbo,V_QUOTE_LINE,WORKORDER_LOT_ID,nvarchar,YES
dbo,V_QUOTE_LINE,SLS_TAX_GRP_ID,nvarchar,YES
dbo,V_QUOTE_LINE,PRODUCT_CODE,nvarchar,YES
dbo,V_QUOTE_LINE,COMMODITY_CODE,nvarchar,YES
dbo,V_QUOTE_LINE,COMMENTS,nvarchar,YES
dbo,V_QUOTE_LINE,VDUI_FILE,nvarchar,YES
dbo,V_QUOTE_LINE,LAST_USER,nvarchar,YES
dbo,V_QUOTE_LINE,COMMISSION_PERCENT,decimal,YES
dbo,V_QUOTE_LINE,SERIES_GROUP_ID,nvarchar,YES
dbo,V_QUOTE_LINE,MODEL_GROUP_ID,nvarchar,YES
dbo,V_QUOTE_LINE,DESCRIPTION,nvarchar,YES
dbo,V_QUOTE_LINE,USER_D1,datetime,YES
dbo,V_QUOTE_LINE,USER_D2,datetime,YES
dbo,V_QUOTE_LINE,USER_D3,datetime,YES
dbo,V_QUOTE_LINE,USER_N1,decimal,YES
dbo,V_QUOTE_LINE,USER_N2,decimal,YES
dbo,V_QUOTE_LINE,USER_N3,decimal,YES
dbo,V_QUOTE_LINE,USER_N4,decimal,YES
dbo,V_QUOTE_LINE,USER_N5,decimal,YES
dbo,V_QUOTE_LINE,USER_T1,nvarchar,YES
dbo,V_QUOTE_LINE,USER_T2,nvarchar,YES
dbo,V_QUOTE_LINE,USER_T3,nvarchar,YES
dbo,V_QUOTE_LINE,USER_T4,nvarchar,YES
dbo,V_QUOTE_LINE,USER_T5,nvarchar,YES
dbo,V_QUOTE_LINE,PROMISE_DATE,datetime,YES
dbo,V_QUOTE_LINE,DESIRED_SHIP_DATE,datetime,YES
dbo,V_QUOTE_LINE,DIMENSIONS_UM,nvarchar,YES
dbo,V_QUOTE_LINE,DRAWING_ID,nvarchar,YES
dbo,V_QUOTE_LINE,DRAWING_REV_NO,nvarchar,YES
dbo,V_QUOTE_LINE,PART_HEIGHT,decimal,YES
dbo,V_QUOTE_LINE,PART_LENGTH,decimal,YES
dbo,V_QUOTE_LINE,PART_WIDTH,decimal,YES
dbo,V_QUOTE_LINE,SELLING_UM,nvarchar,YES
dbo,V_QUOTE_LINE,SERVICE_CHARGE_ID,nvarchar,YES
dbo,V_QUOTE_LINE,USER_T6,nvarchar,YES
dbo,V_QUOTE_LINE,USER_T7,nvarchar,YES
dbo,V_QUOTE_LINE,USER_T8,nvarchar,YES
dbo,V_QUOTE_LINE,USER_T9,nvarchar,YES
dbo,V_QUOTE_LINE,USER_T10,nvarchar,YES
dbo,V_QUOTE_LINE,USER_N6,decimal,YES
dbo,V_QUOTE_LINE,USER_N7,decimal,YES
dbo,V_QUOTE_LINE,USER_N8,decimal,YES
dbo,V_QUOTE_LINE,USER_N9,decimal,YES
dbo,V_QUOTE_LINE,USER_N10,decimal,YES
dbo,V_QUOTE_LINE,USER_D4,datetime,YES
dbo,V_QUOTE_LINE,USER_D5,datetime,YES
dbo,V_QUOTE_LINE,WAREHOUSE_ID,nvarchar,YES
dbo,V_QUOTE_LINE,LOCATION_ID,nvarchar,YES
dbo,V_QUOTE_LINE,TOTAL_PRICE,decimal,YES
dbo,V_QUOTE_LINE,CUST_PRICE,decimal,YES
dbo,V_QUOTE_LINE,VAT_CODE,nvarchar,YES
dbo,V_QUOTE_LINE,LENGTH,decimal,YES
dbo,V_QUOTE_LINE,WIDTH,decimal,YES
dbo,V_QUOTE_LINE,HEIGHT,decimal,YES
dbo,V_QUOTE_LINE,PIECE_COUNT,decimal,YES
dbo,V_QUOTE_ORDER,CUST_ORDER_ID,nvarchar,NO
dbo,V_QUOTE_ORDER,QUOTE_ID,nvarchar,NO
dbo,V_QUOTE_ORDER,LAST_USER,nvarchar,YES
dbo,V_QUOTE_ORDER,LAST_MODIFIED,datetime,YES
dbo,V_QUOTE_ORDER,ORDER_LINE_NO,smallint,NO
dbo,V_QUOTE_ORDER,QUOTE_LINE_NO,smallint,NO
dbo,V_QUOTE_ORDER,CREATE_DATE,datetime,YES
dbo,V_QUOTE_PART,QUOTE_ID,nvarchar,NO
dbo,V_QUOTE_PART,LINE_NO,smallint,NO
dbo,V_QUOTE_PART,PART_NO,smallint,NO
dbo,V_QUOTE_PART,TYPE,nvarchar,YES
dbo,V_QUOTE_PART,SALESCODE,nvarchar,YES
dbo,V_QUOTE_PART,CATEGORY_ID,nvarchar,YES
dbo,V_QUOTE_PART,CAT_SEQ_NO,int,YES
dbo,V_QUOTE_PART,STANDARD,nvarchar,YES
dbo,V_QUOTE_PART,QTY,decimal,YES
dbo,V_QUOTE_PART,REQUIRED,smallint,YES
dbo,V_QUOTE_PART,DISCOUNTABLE,int,YES
dbo,V_QUOTE_PART,END_DATE,datetime,YES
dbo,V_QUOTE_PART,PRINT_TYPE,nvarchar,YES
dbo,V_QUOTE_PART,HAS_SPECS,smallint,YES
dbo,V_QUOTE_PART,LAST_MODIFIED,datetime,YES
dbo,V_QUOTE_PART,LAST_USER,nvarchar,YES
dbo,V_QUOTE_PART,CAT_DESC,nvarchar,YES
dbo,V_QUOTE_PART,PART_DESC,nvarchar,YES
dbo,V_QUOTE_PART,USER_T1,nvarchar,YES
dbo,V_QUOTE_PART,USER_T2,nvarchar,YES
dbo,V_QUOTE_PART,USER_N1,decimal,YES
dbo,V_QUOTE_PART,USER_N2,decimal,YES
dbo,V_QUOTE_PART,HIDE,smallint,YES
dbo,V_QUOTE_PART,CREATE_DATE,datetime,YES
dbo,V_QUOTE_PART,PRICE,decimal,YES
dbo,V_QUOTE_PRINT,LONG_DESC,nvarchar,YES
dbo,V_QUOTE_PRINT,PICTURE,nvarchar,YES
dbo,V_QUOTE_PRINT,CREATE_DATE,datetime,YES
dbo,V_QUOTE_PRINT,LAST_USER,nvarchar,YES
dbo,V_QUOTE_PRINT,LAST_MODIFIED,datetime,YES
dbo,V_QUOTE_TYPE,ID,nvarchar,NO
dbo,V_QUOTE_TYPE,DESCRIPTION,nvarchar,YES
dbo,V_QUOTE_TYPE,LAST_USER,nvarchar,YES
dbo,V_QUOTE_TYPE,LAST_MODIFIED,datetime,YES
dbo,V_QUOTE_TYPE,CREATE_DATE,datetime,YES
dbo,V_RECV_DIST,ID,nvarchar,NO
dbo,V_RECV_DIST,ITEM_TYPE,nvarchar,NO
dbo,V_RECV_DIST,ITEM_TYPE_ID,nvarchar,NO
dbo,V_RECV_DIST,DIST_NBR,smallint,NO
dbo,V_RECV_DIST,AMOUNT,decimal,NO
dbo,V_RECV_DIST,AMOUNT_TYPE,nvarchar,NO
dbo,V_RECV_DIST,BATCH_ID,nvarchar,YES
dbo,V_RECV_DIST,CREATE_DATE,datetime,NO
dbo,V_RECV_DIST,CURRENCY_ID,nvarchar,NO
dbo,V_RECV_DIST,SITE_ID,nvarchar,NO
dbo,V_RECV_DIST,GL_ACCOUNT_ID,nvarchar,NO
dbo,V_RECV_DIST,INVOICE_ID,nvarchar,YES
dbo,V_RECV_DIST,NATIVE,smallint,NO
dbo,V_RECV_DIST,NATIVE_AMT,decimal,YES
dbo,V_RECV_DIST,POSTING_DATE,datetime,NO
dbo,V_RECV_DIST,POSTING_STATUS,smallint,NO
dbo,V_RECV_DIST,LAST_MODIFIED,datetime,YES
dbo,V_RECV_DIST,LAST_USER,nvarchar,YES
dbo,V_RECV_DIST,QTY,decimal,YES
dbo,V_RECV_DIST_LINE,DIST_ID,nvarchar,NO
dbo,V_RECV_DIST_LINE,ENTRY_NBR,smallint,NO
dbo,V_RECV_DIST_LINE,SUB_TYPE,nvarchar,YES
dbo,V_RECV_DIST_LINE,SUB_ID,smallint,YES
dbo,V_RECV_DIST_LINE,AMOUNT,decimal,NO
dbo,V_RECV_DIST_LINE,AMOUNT_TYPE,nvarchar,NO
dbo,V_RECV_DIST_LINE,CREATE_DATE,datetime,NO
dbo,V_RECV_DIST_LINE,CURRENCY_ID,nvarchar,NO
dbo,V_RECV_DIST_LINE,SITE_ID,nvarchar,NO
dbo,V_RECV_DIST_LINE,GL_ACCOUNT_ID,nvarchar,NO
dbo,V_RECV_DIST_LINE,NATIVE,smallint,NO
dbo,V_RECV_DIST_LINE,POSTING_DATE,datetime,YES
dbo,V_RECV_DIST_LINE,POSTING_STATUS,smallint,NO
dbo,V_RECV_DIST_LINE,LAST_MODIFIED,datetime,YES
dbo,V_RECV_DIST_LINE,LAST_USER,nvarchar,YES
dbo,V_RECV_DIST_LINE,QTY,decimal,YES
dbo,V_RIGHTS,ID,nvarchar,NO
dbo,V_RIGHTS,VFO_USER_ID,nvarchar,NO
dbo,V_RIGHTS,USER_TYPE,nvarchar,YES
dbo,V_RIGHTS,RIGHT_TYPE,nvarchar,YES
dbo,V_RIGHTS,RIGHT_DESC,nvarchar,YES
dbo,V_RIGHTS,PERMISSION,int,YES
dbo,V_RIGHTS,LAST_MODIFIED,datetime,YES
dbo,V_RIGHTS,LAST_USER,nvarchar,YES
dbo,V_RIGHTS,CREATE_DATE,datetime,YES
dbo,V_RPT,ID,nvarchar,NO
dbo,V_RPT,TYPE,nvarchar,NO
dbo,V_RPT,SUB_TYPE,nvarchar,YES
dbo,V_RPT,DIALOG_CODE,int,YES
dbo,V_RPT,FILE_NAME,nvarchar,YES
dbo,V_RPT,MENU_TEXT,nvarchar,YES
dbo,V_RPT,LONG_DESC,nvarchar,YES
dbo,V_RPT,LAST_USER,nvarchar,YES
dbo,V_RPT,LAST_MODIFIED,datetime,YES
dbo,V_RPT,HAS_CHILD,smallint,NO
dbo,V_RPT,FILE_PATH,nvarchar,YES
dbo,V_RPT,PARENT_ID,nvarchar,YES
dbo,V_RPT,CONTEXT,nvarchar,YES
dbo,V_RPT,USER_ID,nvarchar,YES
dbo,V_RPT,DEFAULT_RPT,smallint,YES
dbo,V_RPT,CREATE_DATE,datetime,YES
dbo,V_RPT_OPT,ID,nvarchar,NO
dbo,V_RPT_OPT,RPT_TYPE,nvarchar,YES
dbo,V_RPT_OPT,RPT_SUB_TYPE,nvarchar,YES
dbo,V_RPT_OPT,RPT_SECTION,nvarchar,YES
dbo,V_RPT_OPT,LAST_MODIFIED,datetime,YES
dbo,V_RPT_OPT,LAST_USER,nvarchar,YES
dbo,V_RPT_OPT,CREATE_DATE,datetime,YES
dbo,V_RPT_USER_OPT,ID,nvarchar,NO
dbo,V_RPT_USER_OPT,USER_ID,nvarchar,YES
dbo,V_RPT_USER_OPT,RPT_TYPE,nvarchar,YES
dbo,V_RPT_USER_OPT,RPT_SUB_TYPE,nvarchar,YES
dbo,V_RPT_USER_OPT,RPT_SECTION,nvarchar,YES
dbo,V_RPT_USER_OPT,PRINT_SECTION,int,YES
dbo,V_RPT_USER_OPT,LAST_MODIFIED,datetime,YES
dbo,V_RPT_USER_OPT,LAST_USER,nvarchar,YES
dbo,V_RPT_USER_OPT,CREATE_DATE,datetime,YES
dbo,V_RPT_USER_OPT,PRINT_SECURITY,int,YES
dbo,V_SALES_ACTIVITY,PLAN_ID,nvarchar,NO
dbo,V_SALES_ACTIVITY,STAGE_ID,nvarchar,NO
dbo,V_SALES_ACTIVITY,SEQ_NO,int,NO
dbo,V_SALES_ACTIVITY,LINE_NO,smallint,NO
dbo,V_SALES_ACTIVITY,DESCRIPTION,nvarchar,YES
dbo,V_SALES_ACTIVITY,DAYS,int,YES
dbo,V_SALES_ACTIVITY,LAST_MODIFIED,datetime,YES
dbo,V_SALES_ACTIVITY,LAST_USER,nvarchar,YES
dbo,V_SALES_ACTIVITY,DEFAULT_ACTIVITY,smallint,YES
dbo,V_SALES_ACTIVITY,CREATE_DATE,datetime,YES
dbo,V_SALES_PLAN,ID,nvarchar,NO
dbo,V_SALES_PLAN,DESCRIPTION,nvarchar,YES
dbo,V_SALES_PLAN,LAST_MODIFIED,datetime,YES
dbo,V_SALES_PLAN,LAST_USER,nvarchar,YES
dbo,V_SALES_PLAN,CREATOR,nvarchar,YES
dbo,V_SALES_PLAN,CREATE_DATE,datetime,YES
dbo,V_SALES_STAGE,ID,nvarchar,NO
dbo,V_SALES_STAGE,DESCRIPTION,nvarchar,YES
dbo,V_SALES_STAGE,SEQ_NO,int,YES
dbo,V_SALES_STAGE,PROBABILITY,int,YES
dbo,V_SALES_STAGE,LAST_MODIFIED,datetime,YES
dbo,V_SALES_STAGE,LAST_USER,nvarchar,YES
dbo,V_SALES_STAGE,CREATE_DATE,datetime,YES
dbo,V_SALES_STAGE,SOA_CODE,nvarchar,YES
dbo,V_SHOP_RESOURCE,ID,nvarchar,NO
dbo,V_SHOP_RESOURCE,BASE_RATE,decimal,YES
dbo,V_SHOP_RESOURCE,LAST_MODIFIED,datetime,YES
dbo,V_SHOP_RESOURCE,LAST_USER,nvarchar,YES
dbo,V_SHOP_RESOURCE,CREATE_DATE,datetime,YES
dbo,V_SHOP_RESOURCE,USER_T1,nvarchar,YES
dbo,V_SHOP_RESOURCE,USER_T2,nvarchar,YES
dbo,V_SHOP_RESOURCE,USER_T3,nvarchar,YES
dbo,V_SHOP_RESOURCE,USER_T4,nvarchar,YES
dbo,V_SHOP_RESOURCE,USER_T5,nvarchar,YES
dbo,V_SHOP_RESOURCE,USER_D1,datetime,YES
dbo,V_SHOP_RESOURCE,USER_D2,datetime,YES
dbo,V_SHOP_RESOURCE,USER_D3,datetime,YES
dbo,V_SHOP_RESOURCE,USER_N1,decimal,YES
dbo,V_SHOP_RESOURCE,USER_N2,decimal,YES
dbo,V_SHOP_RESOURCE,USER_N3,decimal,YES
dbo,V_SHOP_RESOURCE,USER_N4,decimal,YES
dbo,V_SHOP_RESOURCE,USER_N5,decimal,YES
dbo,V_SO_EXP_BINARY,SRVC_ORDER_ID,nvarchar,NO
dbo,V_SO_EXP_BINARY,LINE_NO,smallint,NO
dbo,V_SO_EXP_BINARY,TYPE,nvarchar,NO
dbo,V_SO_EXP_BINARY,BITS_LENGTH,int,NO
dbo,V_SO_EXP_BINARY,CREATE_DATE,datetime,YES
dbo,V_SO_EXP_BINARY,CREATOR,nvarchar,YES
dbo,V_SO_EXP_BINARY,LAST_MODIFIED,datetime,YES
dbo,V_SO_EXP_BINARY,LAST_USER,nvarchar,YES
dbo,V_SO_EXP_BINARY,BITS,image,YES
dbo,V_SO_LBR_BINARY,SRVC_ORDER_ID,nvarchar,NO
dbo,V_SO_LBR_BINARY,LINE_NO,smallint,NO
dbo,V_SO_LBR_BINARY,TYPE,nvarchar,NO
dbo,V_SO_LBR_BINARY,BITS_LENGTH,int,NO
dbo,V_SO_LBR_BINARY,CREATE_DATE,datetime,YES
dbo,V_SO_LBR_BINARY,CREATOR,nvarchar,YES
dbo,V_SO_LBR_BINARY,LAST_MODIFIED,datetime,YES
dbo,V_SO_LBR_BINARY,LAST_USER,nvarchar,YES
dbo,V_SO_LBR_BINARY,BITS,image,YES
dbo,V_SO_MTL_BINARY,SRVC_ORDER_ID,nvarchar,NO
dbo,V_SO_MTL_BINARY,LINE_NO,smallint,NO
dbo,V_SO_MTL_BINARY,TYPE,nvarchar,NO
dbo,V_SO_MTL_BINARY,BITS_LENGTH,int,NO
dbo,V_SO_MTL_BINARY,CREATE_DATE,datetime,YES
dbo,V_SO_MTL_BINARY,CREATOR,nvarchar,YES
dbo,V_SO_MTL_BINARY,LAST_MODIFIED,datetime,YES
dbo,V_SO_MTL_BINARY,LAST_USER,nvarchar,YES
dbo,V_SO_MTL_BINARY,BITS,image,YES
dbo,V_SO_OPR_BINARY,SRVC_ORDER_ID,nvarchar,NO
dbo,V_SO_OPR_BINARY,LINE_NO,smallint,NO
dbo,V_SO_OPR_BINARY,TYPE,nvarchar,NO
dbo,V_SO_OPR_BINARY,BITS_LENGTH,int,NO
dbo,V_SO_OPR_BINARY,CREATE_DATE,datetime,YES
dbo,V_SO_OPR_BINARY,CREATOR,nvarchar,YES
dbo,V_SO_OPR_BINARY,LAST_MODIFIED,datetime,YES
dbo,V_SO_OPR_BINARY,LAST_USER,nvarchar,YES
dbo,V_SO_OPR_BINARY,BITS,image,YES
dbo,V_SO_VND_BINARY,SRVC_ORDER_ID,nvarchar,NO
dbo,V_SO_VND_BINARY,LINE_NO,smallint,NO
dbo,V_SO_VND_BINARY,TYPE,nvarchar,NO
dbo,V_SO_VND_BINARY,BITS_LENGTH,int,NO
dbo,V_SO_VND_BINARY,CREATE_DATE,datetime,YES
dbo,V_SO_VND_BINARY,CREATOR,nvarchar,YES
dbo,V_SO_VND_BINARY,LAST_MODIFIED,datetime,YES
dbo,V_SO_VND_BINARY,LAST_USER,nvarchar,YES
dbo,V_SO_VND_BINARY,BITS,image,YES
dbo,V_SRVC_CALL,ID,nvarchar,NO
dbo,V_SRVC_CALL,SRVC_ORDER_ID,nvarchar,NO
dbo,V_SRVC_CALL,CALL_ID,nvarchar,NO
dbo,V_SRVC_CALL,ISSUE_LINE_NO,smallint,YES
dbo,V_SRVC_CALL,LAST_MODIFIED,datetime,NO
dbo,V_SRVC_CALL,LAST_USER,nvarchar,YES
dbo,V_SRVC_CALL,CREATE_DATE,datetime,NO
dbo,V_SRVC_CALL,CREATOR,nvarchar,YES
dbo,V_SRVC_CODE,ID,nvarchar,NO
dbo,V_SRVC_CODE,DESCRIPTION,nvarchar,YES
dbo,V_SRVC_CODE,LAST_MODIFIED,datetime,YES
dbo,V_SRVC_CODE,LAST_USER,nvarchar,YES
dbo,V_SRVC_CODE,CREATE_DATE,datetime,YES
dbo,V_SRVC_ORDER,ID,nvarchar,NO
dbo,V_SRVC_ORDER,ACCT_MGR_ID,nvarchar,YES
dbo,V_SRVC_ORDER,ACCT_ID,nvarchar,NO
dbo,V_SRVC_ORDER,AUTO_GENERATED,smallint,NO
dbo,V_SRVC_ORDER,CLOSE_DATE,datetime,YES
dbo,V_SRVC_ORDER,CONTACT_ID,nvarchar,YES
dbo,V_SRVC_ORDER,CONTR_ID,nvarchar,YES
dbo,V_SRVC_ORDER,CREATOR,nvarchar,YES
dbo,V_SRVC_ORDER,CUST_PO,nvarchar,YES
dbo,V_SRVC_ORDER,WORKORDER_BASE_ID,nvarchar,YES
dbo,V_SRVC_ORDER,SITE_ID,nvarchar,NO
dbo,V_SRVC_ORDER,FOLLOW_UP_AUTO_GEN,smallint,NO
dbo,V_SRVC_ORDER,FOLLOW_UP_DATE,datetime,YES
dbo,V_SRVC_ORDER,FOLLOW_UP_DAYS,smallint,YES
dbo,V_SRVC_ORDER,FOLLOW_UP_EMP_ID,nvarchar,YES
dbo,V_SRVC_ORDER,FOLLOW_UP_RES_ID,nvarchar,YES
dbo,V_SRVC_ORDER,INVOICED,smallint,NO
dbo,V_SRVC_ORDER,OPEN_DATE,datetime,NO
dbo,V_SRVC_ORDER,OWNER,nvarchar,YES
dbo,V_SRVC_ORDER,PREPAID,smallint,NO
dbo,V_SRVC_ORDER,PRIORITY_ID,nvarchar,NO
dbo,V_SRVC_ORDER,REQ_END_DATE,datetime,YES
dbo,V_SRVC_ORDER,REQ_START_DATE,datetime,YES
dbo,V_SRVC_ORDER,REV_MTL_ACCT_ID,nvarchar,YES
dbo,V_SRVC_ORDER,REV_EXP_ACCT_ID,nvarchar,YES
dbo,V_SRVC_ORDER,SALESREP_ID,nvarchar,YES
dbo,V_SRVC_ORDER,SLS_TAX_GRP_ID,nvarchar,YES
dbo,V_SRVC_ORDER,ADDR_ID,nvarchar,YES
dbo,V_SRVC_ORDER,SRVC_CODE,nvarchar,YES
dbo,V_SRVC_ORDER,SRVC_END_DATE,datetime,YES
dbo,V_SRVC_ORDER,SRVC_START_DATE,datetime,YES
dbo,V_SRVC_ORDER,SRVC_TYPE,nvarchar,YES
dbo,V_SRVC_ORDER,STATUS,nvarchar,NO
dbo,V_SRVC_ORDER,USER_T1,nvarchar,YES
dbo,V_SRVC_ORDER,USER_T2,nvarchar,YES
dbo,V_SRVC_ORDER,USER_T3,nvarchar,YES
dbo,V_SRVC_ORDER,USER_T4,nvarchar,YES
dbo,V_SRVC_ORDER,USER_T5,nvarchar,YES
dbo,V_SRVC_ORDER,USER_D1,datetime,YES
dbo,V_SRVC_ORDER,USER_D2,datetime,YES
dbo,V_SRVC_ORDER,USER_D3,datetime,YES
dbo,V_SRVC_ORDER,LAST_MODIFIED,datetime,YES
dbo,V_SRVC_ORDER,LAST_USER,nvarchar,YES
dbo,V_SRVC_ORDER,COMMENTS,nvarchar,YES
dbo,V_SRVC_ORDER,EXCH_RATE_FIXED,smallint,NO
dbo,V_SRVC_ORDER,POSTING_CANDIDATE,smallint,NO
dbo,V_SRVC_ORDER,SELL_RATE,decimal,NO
dbo,V_SRVC_ORDER,PRODUCT_CODE,nvarchar,YES
dbo,V_SRVC_ORDER,ACT_LBR_AMT,decimal,NO
dbo,V_SRVC_ORDER,ACT_MTL_AMT,decimal,NO
dbo,V_SRVC_ORDER,ACT_EXP_AMT,decimal,NO
dbo,V_SRVC_ORDER,BUY_RATE,decimal,NO
dbo,V_SRVC_ORDER,PRINTED_DATE,datetime,YES
dbo,V_SRVC_ORDER,CURRENCY_ID,nvarchar,YES
dbo,V_SRVC_ORDER,INVOICE_ID,nvarchar,YES
dbo,V_SRVC_ORDER,INVOICE_DATE,datetime,YES
dbo,V_SRVC_ORDER,FOLLOW_UP,smallint,NO
dbo,V_SRVC_ORDER,FOLLOW_UP_TYPE,nvarchar,YES
dbo,V_SRVC_ORDER,WORKORDER_LOT_ID,nvarchar,YES
dbo,V_SRVC_ORDER,WORKORDER_SPLIT_ID,nvarchar,YES
dbo,V_SRVC_ORDER,WORKORDER_SUB_ID,nvarchar,YES
dbo,V_SRVC_ORDER,WORKORDER_TYPE,nchar,YES
dbo,V_SRVC_ORDER,USER_N1,decimal,YES
dbo,V_SRVC_ORDER,USER_N2,decimal,YES
dbo,V_SRVC_ORDER,USER_N3,decimal,YES
dbo,V_SRVC_ORDER,USER_N4,decimal,YES
dbo,V_SRVC_ORDER,USER_N5,decimal,YES
dbo,V_SRVC_ORDER,OPTY_ID,nvarchar,YES
dbo,V_SRVC_ORDER,QUOTE_ID,nvarchar,YES
dbo,V_SRVC_ORDER,DESIRED_QTY,decimal,YES
dbo,V_SRVC_ORDER,LOCKED,smallint,YES
dbo,V_SRVC_ORDER,TERMS_DESCRIPTION,nvarchar,YES
dbo,V_SRVC_ORDER,TERMS_DISC_DATE,datetime,YES
dbo,V_SRVC_ORDER,TERMS_DISC_DAYS,smallint,YES
dbo,V_SRVC_ORDER,TERMS_DISC_PERCENT,decimal,YES
dbo,V_SRVC_ORDER,TERMS_DISC_TYPE,nchar,YES
dbo,V_SRVC_ORDER,TERMS_NET_DATE,datetime,YES
dbo,V_SRVC_ORDER,TERMS_NET_DAYS,smallint,YES
dbo,V_SRVC_ORDER,TERMS_NET_TYPE,nchar,YES
dbo,V_SRVC_ORDER,CREATE_DATE,datetime,YES
dbo,V_SRVC_ORDER,COMMISSION_PCT,decimal,YES
dbo,V_SRVC_ORDER,DIVISION_ID,nvarchar,YES
dbo,V_SRVC_ORDER,BRANCH_ID,nvarchar,YES
dbo,V_SRVC_ORDER,BUS_UNIT_ID,nvarchar,YES
dbo,V_SRVC_ORDER,TASK_ID,nvarchar,YES
dbo,V_SRVC_ORDER,PART_QTY,decimal,YES
dbo,V_SRVC_ORDER,PART_ID,nvarchar,YES
dbo,V_SRVC_ORDER,TRACE_ID,nvarchar,YES
dbo,V_SRVC_ORDER,EXP_MKUP_AMOUNT,decimal,NO
dbo,V_SRVC_ORDER,EXP_MKUP_PERCENT,decimal,NO
dbo,V_SRVC_ORDER,MTL_MKUP_AMOUNT,decimal,NO
dbo,V_SRVC_ORDER,MTL_MKUP_PERCENT,decimal,NO
dbo,V_SRVC_ORDER,REV_LBR_ACCT_ID,nvarchar,YES
dbo,V_SRVC_ORDER,DISCOUNT_CODE,nvarchar,YES
dbo,V_SRVC_ORDER,ISSUE_MTL,smallint,YES
dbo,V_SRVC_ORDER,CONTR_LINE_NO,int,YES
dbo,V_SRVC_ORDER,LOOKUP_TYPE,nvarchar,YES
dbo,V_SRVC_ORDER,USER_T6,nvarchar,YES
dbo,V_SRVC_ORDER,USER_T7,nvarchar,YES
dbo,V_SRVC_ORDER,USER_T8,nvarchar,YES
dbo,V_SRVC_ORDER,USER_T9,nvarchar,YES
dbo,V_SRVC_ORDER,USER_T10,nvarchar,YES
dbo,V_SRVC_ORDER,USER_T11,nvarchar,YES
dbo,V_SRVC_ORDER,USER_T12,nvarchar,YES
dbo,V_SRVC_ORDER,USER_T13,nvarchar,YES
dbo,V_SRVC_ORDER,USER_T14,nvarchar,YES
dbo,V_SRVC_ORDER,USER_T15,nvarchar,YES
dbo,V_SRVC_ORDER,USER_T16,nvarchar,YES
dbo,V_SRVC_ORDER,USER_T17,nvarchar,YES
dbo,V_SRVC_ORDER,USER_T18,nvarchar,YES
dbo,V_SRVC_ORDER,USER_T19,nvarchar,YES
dbo,V_SRVC_ORDER,USER_T20,nvarchar,YES
dbo,V_SRVC_ORDER,USER_T21,nvarchar,YES
dbo,V_SRVC_ORDER,USER_T22,nvarchar,YES
dbo,V_SRVC_ORDER,USER_T23,nvarchar,YES
dbo,V_SRVC_ORDER,USER_T24,nvarchar,YES
dbo,V_SRVC_ORDER,USER_T25,nvarchar,YES
dbo,V_SRVC_ORDER,USER_T26,nvarchar,YES
dbo,V_SRVC_ORDER,USER_T27,nvarchar,YES
dbo,V_SRVC_ORDER,USER_T28,nvarchar,YES
dbo,V_SRVC_ORDER,USER_T29,nvarchar,YES
dbo,V_SRVC_ORDER,USER_T30,nvarchar,YES
dbo,V_SRVC_ORDER,USER_N6,decimal,YES
dbo,V_SRVC_ORDER,USER_N7,decimal,YES
dbo,V_SRVC_ORDER,USER_N8,decimal,YES
dbo,V_SRVC_ORDER,USER_N9,decimal,YES
dbo,V_SRVC_ORDER,USER_N10,decimal,YES
dbo,V_SRVC_ORDER,USER_N11,decimal,YES
dbo,V_SRVC_ORDER,USER_N12,decimal,YES
dbo,V_SRVC_ORDER,USER_N13,decimal,YES
dbo,V_SRVC_ORDER,USER_N14,decimal,YES
dbo,V_SRVC_ORDER,USER_N15,decimal,YES
dbo,V_SRVC_ORDER,USER_D4,datetime,YES
dbo,V_SRVC_ORDER,USER_D5,datetime,YES
dbo,V_SRVC_ORDER,EST_MTL_AMT,decimal,YES
dbo,V_SRVC_ORDER,EST_LBR_AMT,decimal,YES
dbo,V_SRVC_ORDER,EST_EXP_AMT,decimal,YES
dbo,V_SRVC_ORDER,BILL_ITEMS,smallint,YES
dbo,V_SRVC_ORDER,COMMENTS_BIN,ntext,YES
dbo,V_SRVC_ORDER,TERMS_ID,nvarchar,YES
dbo,V_SRVC_ORDER,FREIGHT_TERMS,nchar,YES
dbo,V_SRVC_TYPE,ID,nvarchar,NO
dbo,V_SRVC_TYPE,DESCRIPTION,nvarchar,YES
dbo,V_SRVC_TYPE,LAST_MODIFIED,datetime,YES
dbo,V_SRVC_TYPE,LAST_USER,nvarchar,YES
dbo,V_SRVC_TYPE,CREATE_DATE,datetime,YES
dbo,V_SRVCORD_BINARY,SRVC_ORDER_ID,nvarchar,NO
dbo,V_SRVCORD_BINARY,TYPE,nvarchar,NO
dbo,V_SRVCORD_BINARY,BITS_LENGTH,int,NO
dbo,V_SRVCORD_BINARY,LAST_MODIFIED,datetime,YES
dbo,V_SRVCORD_BINARY,LAST_USER,nvarchar,YES
dbo,V_SRVCORD_BINARY,BITS,text,YES
dbo,V_SRVCORD_BINARY,CREATE_DATE,datetime,YES
dbo,V_SRVCORD_EXP,SRVC_ORDER_ID,nvarchar,NO
dbo,V_SRVCORD_EXP,LINE_NO,smallint,NO
dbo,V_SRVCORD_EXP,BILL,smallint,NO
dbo,V_SRVCORD_EXP,COMMODITY_CODE,nvarchar,YES
dbo,V_SRVCORD_EXP,CONTR_ITEM_NO,smallint,YES
dbo,V_SRVCORD_EXP,DESCRIPTION,nvarchar,YES
dbo,V_SRVCORD_EXP,EXP_GL_ACCT_ID,nvarchar,YES
dbo,V_SRVCORD_EXP,FIXED_MKUP,decimal,NO
dbo,V_SRVCORD_EXP,MKUP_PERCENT,decimal,NO
dbo,V_SRVCORD_EXP,PRODUCT_CODE,nvarchar,YES
dbo,V_SRVCORD_EXP,EST_QTY,decimal,NO
dbo,V_SRVCORD_EXP,PAY,smallint,NO
dbo,V_SRVCORD_EXP,UNIT_COST,decimal,NO
dbo,V_SRVCORD_EXP,LAST_MODIFIED,datetime,YES
dbo,V_SRVCORD_EXP,LAST_USER,nvarchar,YES
dbo,V_SRVCORD_EXP,ACT_AMOUNT,decimal,NO
dbo,V_SRVCORD_EXP,POSTING_CANDIDATE,smallint,NO
dbo,V_SRVCORD_EXP,BUY_RATE,decimal,NO
dbo,V_SRVCORD_EXP,SELL_RATE,decimal,NO
dbo,V_SRVCORD_EXP,EXCH_RATE_FIXED,smallint,NO
dbo,V_SRVCORD_EXP,CURRENCY_ID,nvarchar,YES
dbo,V_SRVCORD_EXP,EXP_ID,nvarchar,YES
dbo,V_SRVCORD_EXP,PRINTED_DATE,datetime,YES
dbo,V_SRVCORD_EXP,VOUCHER_ID,nvarchar,YES
dbo,V_SRVCORD_EXP,STATUS,nvarchar,YES
dbo,V_SRVCORD_EXP,GENERATE_PMT,smallint,YES
dbo,V_SRVCORD_EXP,SERVICE_DATE,datetime,YES
dbo,V_SRVCORD_EXP,DISCOUNT_PERCENT,decimal,NO
dbo,V_SRVCORD_EXP,COST_CATEGORY,nvarchar,YES
dbo,V_SRVCORD_EXP,REV_GL_ACCT_ID,nvarchar,YES
dbo,V_SRVCORD_EXP,CREATE_DATE,datetime,YES
dbo,V_SRVCORD_EXP,USER_T1,nvarchar,YES
dbo,V_SRVCORD_EXP,USER_T2,nvarchar,YES
dbo,V_SRVCORD_EXP,USER_T3,nvarchar,YES
dbo,V_SRVCORD_EXP,USER_T4,nvarchar,YES
dbo,V_SRVCORD_EXP,USER_T5,nvarchar,YES
dbo,V_SRVCORD_EXP,USER_D1,datetime,YES
dbo,V_SRVCORD_EXP,USER_D2,datetime,YES
dbo,V_SRVCORD_EXP,USER_D3,datetime,YES
dbo,V_SRVCORD_EXP,USER_N1,decimal,YES
dbo,V_SRVCORD_EXP,USER_N2,decimal,YES
dbo,V_SRVCORD_EXP,USER_N3,decimal,YES
dbo,V_SRVCORD_EXP,USER_N4,decimal,YES
dbo,V_SRVCORD_EXP,USER_N5,decimal,YES
dbo,V_SRVCORD_EXP,WORKORDER_BASE_ID,nvarchar,YES
dbo,V_SRVCORD_EXP,WORKORDER_LOT_ID,nvarchar,YES
dbo,V_SRVCORD_EXP,WORKORDER_SPLIT_ID,nvarchar,YES
dbo,V_SRVCORD_EXP,WORKORDER_SUB_ID,nvarchar,YES
dbo,V_SRVCORD_EXP,WORKORDER_TYPE,nvarchar,YES
dbo,V_SRVCORD_EXP,UNIT_PRICE,decimal,YES
dbo,V_SRVCORD_EXP,VENDOR_ID,nvarchar,YES
dbo,V_SRVCORD_EXP,ACT_CURR_AMOUNT,decimal,YES
dbo,V_SRVCORD_EXP,ACT_QTY,decimal,YES
dbo,V_SRVCORD_EXP,EST_CURR_AMOUNT,decimal,YES
dbo,V_SRVCORD_EXP,EST_AMOUNT,decimal,YES
dbo,V_SRVCORD_EXP,COMMISSION_PERCENT,decimal,YES
dbo,V_SRVCORD_EXP,SLS_TAX_GRP_ID,nvarchar,YES
dbo,V_SRVCORD_EXP,VAT_CODE,nvarchar,YES
dbo,V_SRVCORD_EXP,SITE_ID,nvarchar,NO
dbo,V_SRVCORD_LBR,SRVC_ORDER_ID,nvarchar,NO
dbo,V_SRVCORD_LBR,LINE_NO,smallint,NO
dbo,V_SRVCORD_LBR,TRANSACTION_ID,int,YES
dbo,V_SRVCORD_LBR,ACT_LBR_HRS,decimal,NO
dbo,V_SRVCORD_LBR,LBR_RATE,decimal,NO
dbo,V_SRVCORD_LBR,WORKORDER_BASE_ID,nvarchar,NO
dbo,V_SRVCORD_LBR,WORKORDER_LOT_ID,nvarchar,NO
dbo,V_SRVCORD_LBR,WORKORDER_OP_SEQ,smallint,NO
dbo,V_SRVCORD_LBR,WORKORDER_SPLIT_ID,nvarchar,NO
dbo,V_SRVCORD_LBR,WORKORDER_SUB_ID,nvarchar,NO
dbo,V_SRVCORD_LBR,WORKORDER_TYPE,nchar,NO
dbo,V_SRVCORD_LBR,LAST_MODIFIED,datetime,YES
dbo,V_SRVCORD_LBR,LAST_USER,nvarchar,YES
dbo,V_SRVCORD_LBR,SERVICE_DATE,datetime,YES
dbo,V_SRVCORD_LBR,STATUS,nvarchar,YES
dbo,V_SRVCORD_LBR,CREATE_DATE,datetime,YES
dbo,V_SRVCORD_LBR,USER_T1,nvarchar,YES
dbo,V_SRVCORD_LBR,USER_T2,nvarchar,YES
dbo,V_SRVCORD_LBR,USER_T3,nvarchar,YES
dbo,V_SRVCORD_LBR,USER_T4,nvarchar,YES
dbo,V_SRVCORD_LBR,USER_T5,nvarchar,YES
dbo,V_SRVCORD_LBR,USER_D1,datetime,YES
dbo,V_SRVCORD_LBR,USER_D2,datetime,YES
dbo,V_SRVCORD_LBR,USER_D3,datetime,YES
dbo,V_SRVCORD_LBR,USER_N1,decimal,YES
dbo,V_SRVCORD_LBR,USER_N2,decimal,YES
dbo,V_SRVCORD_LBR,USER_N3,decimal,YES
dbo,V_SRVCORD_LBR,USER_N4,decimal,YES
dbo,V_SRVCORD_LBR,USER_N5,decimal,YES
dbo,V_SRVCORD_LBR,EMPLOYEE_ID,nvarchar,YES
dbo,V_SRVCORD_LBR,RESOURCE_ID,nvarchar,YES
dbo,V_SRVCORD_LBR,CLOCK_IN,datetime,YES
dbo,V_SRVCORD_LBR,CLOCK_OUT,datetime,YES
dbo,V_SRVCORD_LBR,SITE_ID,nvarchar,NO
dbo,V_SRVCORD_MTL,SRVC_ORDER_ID,nvarchar,NO
dbo,V_SRVCORD_MTL,LINE_NO,smallint,NO
dbo,V_SRVCORD_MTL,BILL,smallint,NO
dbo,V_SRVCORD_MTL,COMMISSION_PERCENT,decimal,NO
dbo,V_SRVCORD_MTL,COMMODITY_CODE,nvarchar,YES
dbo,V_SRVCORD_MTL,CONTR_ITEM_NO,smallint,YES
dbo,V_SRVCORD_MTL,DESCRIPTION,nvarchar,YES
dbo,V_SRVCORD_MTL,DISCOUNT_PERCENT,decimal,NO
dbo,V_SRVCORD_MTL,REV_GL_ACCT_ID,nvarchar,YES
dbo,V_SRVCORD_MTL,PART_ID,nvarchar,YES
dbo,V_SRVCORD_MTL,ACT_AMOUNT,decimal,NO
dbo,V_SRVCORD_MTL,ACT_QTY,decimal,NO
dbo,V_SRVCORD_MTL,SLS_TAX_GRP_ID,nvarchar,YES
dbo,V_SRVCORD_MTL,POSTING_CANDIDATE,smallint,NO
dbo,V_SRVCORD_MTL,UNIT_PRICE,decimal,YES
dbo,V_SRVCORD_MTL,WORKORDER_BASE_ID,nvarchar,YES
dbo,V_SRVCORD_MTL,WORKORDER_LOT_ID,nvarchar,YES
dbo,V_SRVCORD_MTL,WORKORDER_OP_SEQ,smallint,YES
dbo,V_SRVCORD_MTL,WORKORDER_REQ_NO,smallint,YES
dbo,V_SRVCORD_MTL,WORKORDER_SPLIT_ID,nvarchar,YES
dbo,V_SRVCORD_MTL,WORKORDER_SUB_ID,nvarchar,YES
dbo,V_SRVCORD_MTL,WORKORDER_TYPE,nchar,YES
dbo,V_SRVCORD_MTL,LAST_MODIFIED,datetime,YES
dbo,V_SRVCORD_MTL,LAST_USER,nvarchar,YES
dbo,V_SRVCORD_MTL,STATUS,nvarchar,YES
dbo,V_SRVCORD_MTL,PIECE_NO,smallint,YES
dbo,V_SRVCORD_MTL,UNIT_OF_MEASURE,nchar,YES
dbo,V_SRVCORD_MTL,WAREHOUSE_ID,nvarchar,YES
dbo,V_SRVCORD_MTL,LOCATION_ID,nvarchar,YES
dbo,V_SRVCORD_MTL,TRACE_ID,nvarchar,YES
dbo,V_SRVCORD_MTL,SERVICE_DATE,datetime,YES
dbo,V_SRVCORD_MTL,EST_QTY,decimal,YES
dbo,V_SRVCORD_MTL,CREATE_DATE,datetime,YES
dbo,V_SRVCORD_MTL,USER_T1,nvarchar,YES
dbo,V_SRVCORD_MTL,USER_T2,nvarchar,YES
dbo,V_SRVCORD_MTL,USER_T3,nvarchar,YES
dbo,V_SRVCORD_MTL,USER_T4,nvarchar,YES
dbo,V_SRVCORD_MTL,USER_T5,nvarchar,YES
dbo,V_SRVCORD_MTL,USER_D1,datetime,YES
dbo,V_SRVCORD_MTL,USER_D2,datetime,YES
dbo,V_SRVCORD_MTL,USER_D3,datetime,YES
dbo,V_SRVCORD_MTL,USER_N1,decimal,YES
dbo,V_SRVCORD_MTL,USER_N2,decimal,YES
dbo,V_SRVCORD_MTL,USER_N3,decimal,YES
dbo,V_SRVCORD_MTL,USER_N4,decimal,YES
dbo,V_SRVCORD_MTL,USER_N5,decimal,YES
dbo,V_SRVCORD_MTL,ISSUE,smallint,YES
dbo,V_SRVCORD_MTL,TRANSACTION_ID,int,YES
dbo,V_SRVCORD_MTL,EST_AMOUNT,decimal,YES
dbo,V_SRVCORD_MTL,VAT_CODE,nvarchar,YES
dbo,V_SRVCORD_MTL,LENGTH,decimal,YES
dbo,V_SRVCORD_MTL,WIDTH,decimal,YES
dbo,V_SRVCORD_MTL,HEIGHT,decimal,YES
dbo,V_SRVCORD_MTL,DIMENSIONS_UM,nvarchar,YES
dbo,V_SRVCORD_MTL,PIECE_COUNT,decimal,YES
dbo,V_SRVCORD_MTL,ISSUE_QTY,decimal,YES
dbo,V_SRVCORD_MTL,SITE_ID,nvarchar,NO
dbo,V_SRVCORD_OPER,SRVC_ORDER_ID,nvarchar,NO
dbo,V_SRVCORD_OPER,LINE_NO,smallint,NO
dbo,V_SRVCORD_OPER,ACT_END_DATE,datetime,YES
dbo,V_SRVCORD_OPER,ACT_START_DATE,datetime,YES
dbo,V_SRVCORD_OPER,BILL,smallint,NO
dbo,V_SRVCORD_OPER,COMMISSION_PERCENT,decimal,NO
dbo,V_SRVCORD_OPER,CONTR_ITEM_NO,smallint,YES
dbo,V_SRVCORD_OPER,DESCRIPTION,nvarchar,YES
dbo,V_SRVCORD_OPER,DISCOUNT_PERCENT,decimal,NO
dbo,V_SRVCORD_OPER,EMP_ID,nvarchar,YES
dbo,V_SRVCORD_OPER,EST_END_DATE,datetime,YES
dbo,V_SRVCORD_OPER,EST_START_DATE,datetime,YES
dbo,V_SRVCORD_OPER,LABOR_RATE,decimal,YES
dbo,V_SRVCORD_OPER,REV_GL_ACCT_ID,nvarchar,YES
dbo,V_SRVCORD_OPER,EST_AMOUNT,decimal,YES
dbo,V_SRVCORD_OPER,EST_HOURS,decimal,YES
dbo,V_SRVCORD_OPER,ACT_AMOUNT,decimal,YES
dbo,V_SRVCORD_OPER,RESOURCE_ID,nvarchar,NO
dbo,V_SRVCORD_OPER,REQ_START_DATE,datetime,YES
dbo,V_SRVCORD_OPER,REQ_END_DATE,datetime,YES
dbo,V_SRVCORD_OPER,WORKORDER_BASE_ID,nvarchar,NO
dbo,V_SRVCORD_OPER,WORKORDER_LOT_ID,nvarchar,NO
dbo,V_SRVCORD_OPER,WORKORDER_OP_SEQ,smallint,NO
dbo,V_SRVCORD_OPER,WORKORDER_SPLIT_ID,nvarchar,NO
dbo,V_SRVCORD_OPER,WORKORDER_SUB_ID,nvarchar,NO
dbo,V_SRVCORD_OPER,WORKORDER_TYPE,nchar,NO
dbo,V_SRVCORD_OPER,LAST_MODIFIED,datetime,YES
dbo,V_SRVCORD_OPER,LAST_USER,nvarchar,YES
dbo,V_SRVCORD_OPER,STATUS,nvarchar,YES
dbo,V_SRVCORD_OPER,POSTING_CANDIDATE,smallint,YES
dbo,V_SRVCORD_OPER,ACT_HOURS,decimal,YES
dbo,V_SRVCORD_OPER,CREATE_DATE,datetime,YES
dbo,V_SRVCORD_OPER,USER_T1,nvarchar,YES
dbo,V_SRVCORD_OPER,USER_T2,nvarchar,YES
dbo,V_SRVCORD_OPER,USER_T3,nvarchar,YES
dbo,V_SRVCORD_OPER,USER_T4,nvarchar,YES
dbo,V_SRVCORD_OPER,USER_T5,nvarchar,YES
dbo,V_SRVCORD_OPER,USER_D1,datetime,YES
dbo,V_SRVCORD_OPER,USER_D2,datetime,YES
dbo,V_SRVCORD_OPER,USER_D3,datetime,YES
dbo,V_SRVCORD_OPER,USER_N1,decimal,YES
dbo,V_SRVCORD_OPER,USER_N2,decimal,YES
dbo,V_SRVCORD_OPER,USER_N3,decimal,YES
dbo,V_SRVCORD_OPER,USER_N4,decimal,YES
dbo,V_SRVCORD_OPER,USER_N5,decimal,YES
dbo,V_SRVCORD_OPER,START_TIME,datetime,YES
dbo,V_SRVCORD_OPER,END_TIME,datetime,YES
dbo,V_SRVCORD_OPER,SLS_TAX_GRP_ID,nvarchar,YES
dbo,V_SRVCORD_OPER,SERVICE_ID,nvarchar,YES
dbo,V_SRVCORD_OPER,VAT_CODE,nvarchar,YES
dbo,V_SRVCORD_OPER,SITE_ID,nvarchar,NO
dbo,V_SRVCORD_VNDR,SRVC_ORDER_ID,nvarchar,NO
dbo,V_SRVCORD_VNDR,LINE_NO,smallint,NO
dbo,V_SRVCORD_VNDR,BILL,smallint,NO
dbo,V_SRVCORD_VNDR,COMMISSION_PERCENT,decimal,NO
dbo,V_SRVCORD_VNDR,CONTR_ITEM_NO,smallint,YES
dbo,V_SRVCORD_VNDR,VENDOR_ID,nvarchar,YES
dbo,V_SRVCORD_VNDR,UNIT_COST,decimal,NO
dbo,V_SRVCORD_VNDR,DISCOUNT_PERCENT,decimal,NO
dbo,V_SRVCORD_VNDR,EST_AMOUNT,decimal,NO
dbo,V_SRVCORD_VNDR,FIXED_MKUP,decimal,NO
dbo,V_SRVCORD_VNDR,MKUP_PERCENT,decimal,NO
dbo,V_SRVCORD_VNDR,PO_ID,nvarchar,YES
dbo,V_SRVCORD_VNDR,REV_GL_ACCT_ID,nvarchar,YES
dbo,V_SRVCORD_VNDR,LAST_MODIFIED,datetime,YES
dbo,V_SRVCORD_VNDR,LAST_USER,nvarchar,YES
dbo,V_SRVCORD_VNDR,ACT_AMOUNT,decimal,NO
dbo,V_SRVCORD_VNDR,BUY_RATE,decimal,NO
dbo,V_SRVCORD_VNDR,SELL_RATE,decimal,NO
dbo,V_SRVCORD_VNDR,POSTING_CANDIDATE,smallint,NO
dbo,V_SRVCORD_VNDR,PO_SRVC_ID,nvarchar,YES
dbo,V_SRVCORD_VNDR,CURRENCY_ID,nvarchar,YES
dbo,V_SRVCORD_VNDR,STATUS,nvarchar,YES
dbo,V_SRVCORD_VNDR,RECV_QTY,decimal,NO
dbo,V_SRVCORD_VNDR,RECEIVED,smallint,NO
dbo,V_SRVCORD_VNDR,PO_LINE_NO,smallint,YES
dbo,V_SRVCORD_VNDR,EST_QTY,decimal,YES
dbo,V_SRVCORD_VNDR,DESCRIPTION,nvarchar,YES
dbo,V_SRVCORD_VNDR,SERVICE_DATE,datetime,YES
dbo,V_SRVCORD_VNDR,CREATE_DATE,datetime,YES
dbo,V_SRVCORD_VNDR,USER_T1,nvarchar,YES
dbo,V_SRVCORD_VNDR,USER_T2,nvarchar,YES
dbo,V_SRVCORD_VNDR,USER_T3,nvarchar,YES
dbo,V_SRVCORD_VNDR,USER_T4,nvarchar,YES
dbo,V_SRVCORD_VNDR,USER_T5,nvarchar,YES
dbo,V_SRVCORD_VNDR,USER_D1,datetime,YES
dbo,V_SRVCORD_VNDR,USER_D2,datetime,YES
dbo,V_SRVCORD_VNDR,USER_D3,datetime,YES
dbo,V_SRVCORD_VNDR,USER_N1,decimal,YES
dbo,V_SRVCORD_VNDR,USER_N2,decimal,YES
dbo,V_SRVCORD_VNDR,USER_N3,decimal,YES
dbo,V_SRVCORD_VNDR,USER_N4,decimal,YES
dbo,V_SRVCORD_VNDR,USER_N5,decimal,YES
dbo,V_SRVCORD_VNDR,WORKORDER_BASE_ID,nvarchar,YES
dbo,V_SRVCORD_VNDR,WORKORDER_LOT_ID,nvarchar,YES
dbo,V_SRVCORD_VNDR,WORKORDER_OP_SEQ,smallint,YES
dbo,V_SRVCORD_VNDR,WORKORDER_SPLIT_ID,nvarchar,YES
dbo,V_SRVCORD_VNDR,WORKORDER_SUB_ID,nvarchar,YES
dbo,V_SRVCORD_VNDR,WORKORDER_TYPE,nvarchar,YES
dbo,V_SRVCORD_VNDR,UNIT_PRICE,decimal,YES
dbo,V_SRVCORD_VNDR,ACT_CURR_AMOUNT,decimal,YES
dbo,V_SRVCORD_VNDR,ACT_QTY,decimal,YES
dbo,V_SRVCORD_VNDR,EST_CURR_AMOUNT,decimal,YES
dbo,V_SRVCORD_VNDR,SITE_ID,nvarchar,YES
dbo,V_SUB_AREA,AREA_ID,nvarchar,NO
dbo,V_SUB_AREA,ID,nvarchar,NO
dbo,V_SUB_AREA,DESCRIPTION,nvarchar,YES
dbo,V_SUB_AREA,LAST_MODIFIED,datetime,YES
dbo,V_SUB_AREA,LAST_USER,nvarchar,YES
dbo,V_SUB_AREA,CREATE_DATE,datetime,YES
dbo,V_SYNC_USER,ID,nvarchar,NO
dbo,V_SYNC_USER,MACHINE_ID,nvarchar,NO
dbo,V_SYNC_USER,USER_ID,nvarchar,YES
dbo,V_SYNC_USER,DBID,nvarchar,YES
dbo,V_SYNC_USER,ACTIVE,smallint,NO
dbo,V_SYNC_USER,LAST_MODIFIED,datetime,YES
dbo,V_SYNC_USER,LAST_USER,nvarchar,YES
dbo,V_SYNC_USER,CREATE_DATE,datetime,YES
dbo,V_SYNC_USER,ENABLED,smallint,YES
dbo,V_SYNC_USER,CLIENT_HASH,nvarchar,YES
dbo,V_TASK,ID,nvarchar,NO
dbo,V_TASK,ACCT_ID,nvarchar,YES
dbo,V_TASK,CATEGORY_ID,nvarchar,YES
dbo,V_TASK,COMPLETED_DATE,datetime,YES
dbo,V_TASK,CREATE_DATE,datetime,YES
dbo,V_TASK,CREATOR,nvarchar,YES
dbo,V_TASK,DUE_DATE,datetime,YES
dbo,V_TASK,OWNER,nvarchar,YES
dbo,V_TASK,PRIORITY_TYPE,nvarchar,YES
dbo,V_TASK,REL_ID,nvarchar,YES
dbo,V_TASK,REL_TYPE,nvarchar,YES
dbo,V_TASK,START_DATE,datetime,YES
dbo,V_TASK,STATUS,nvarchar,YES
dbo,V_TASK,SUBJECT,nvarchar,YES
dbo,V_TASK,USER_T1,nvarchar,YES
dbo,V_TASK,USER_T2,nvarchar,YES
dbo,V_TASK,USER_T3,nvarchar,YES
dbo,V_TASK,USER_T4,nvarchar,YES
dbo,V_TASK,USER_T5,nvarchar,YES
dbo,V_TASK,USER_D1,datetime,YES
dbo,V_TASK,USER_D2,datetime,YES
dbo,V_TASK,USER_D3,datetime,YES
dbo,V_TASK,LAST_MODIFIED,datetime,YES
dbo,V_TASK,LAST_USER,nvarchar,YES
dbo,V_TASK,ACTUAL_WORK,decimal,YES
dbo,V_TASK,ESTIMATED_WORK,decimal,YES
dbo,V_TASK,USER_N1,decimal,YES
dbo,V_TASK,USER_N2,decimal,YES
dbo,V_TASK,USER_N3,decimal,YES
dbo,V_TASK,USER_N4,decimal,YES
dbo,V_TASK,USER_N5,decimal,YES
dbo,V_TASK,COMPLETE_PERCENT,decimal,YES
dbo,V_TASK,USER_NOTE,smallint,NO
dbo,V_TASK,CONTACT_ID,nvarchar,YES
dbo,V_TASK,SNOOZE_INTERVAL,nvarchar,YES
dbo,V_TASK,REMINDER_INTERVAL,nvarchar,YES
dbo,V_TASK,REMINDER_TIME,datetime,YES
dbo,V_TASK,REMINDER,smallint,YES
dbo,V_TASK,CATALOG_ID,nvarchar,YES
dbo,V_TASK,EVENT_ID,nvarchar,YES
dbo,V_TASK,COMMENTS_BIN,ntext,YES
dbo,V_TASK,REL_NO,int,NO
dbo,V_TASK,CUSTOMER_ID,nvarchar,YES
dbo,V_TASK,VENDOR_ID,nvarchar,YES
dbo,V_TASK,PART_ID,nvarchar,YES
dbo,V_TASK,VE_CONT_ID,nvarchar,YES
dbo,V_TASK,SERVICE_ID,nvarchar,YES
dbo,V_TASK,BANK_ACCOUNT_ID,nvarchar,YES
dbo,V_TASK,CONTROL_NO,smallint,YES
dbo,V_TASK,ACTIVITY_TYPE_ID,nvarchar,YES
dbo,V_TASK,SITE_ID,nvarchar,YES
dbo,V_TASK,USER_1,nvarchar,YES
dbo,V_TASK,USER_2,nvarchar,YES
dbo,V_TASK,USER_3,nvarchar,YES
dbo,V_TASK,USER_4,nvarchar,YES
dbo,V_TASK,USER_5,nvarchar,YES
dbo,V_TASK,USER_6,nvarchar,YES
dbo,V_TASK,USER_7,nvarchar,YES
dbo,V_TASK,USER_8,nvarchar,YES
dbo,V_TASK,USER_9,nvarchar,YES
dbo,V_TASK,USER_10,nvarchar,YES
dbo,V_TASK,UDF_LAYOUT_ID,nvarchar,YES
dbo,V_TASK,COMMENTS,nvarchar,YES
dbo,V_TASK,ROWID,int,NO
dbo,V_TASK_ACTIVITY_TYPE,ID,nvarchar,NO
dbo,V_TASK_ACTIVITY_TYPE,DESCRIPTION,nvarchar,YES
dbo,V_TASK_ACTIVITY_TYPE,CREATE_DATE,datetime,YES
dbo,V_TASK_ACTIVITY_TYPE,ROWID,int,NO
dbo,V_TASK_BINARY,TASK_ID,nvarchar,NO
dbo,V_TASK_BINARY,TYPE,nvarchar,NO
dbo,V_TASK_BINARY,BITS_LENGTH,int,NO
dbo,V_TASK_BINARY,LAST_MODIFIED,datetime,YES
dbo,V_TASK_BINARY,LAST_USER,nvarchar,YES
dbo,V_TASK_BINARY,BITS,image,YES
dbo,V_TASK_BINARY,CREATE_DATE,datetime,YES
dbo,V_TASK_CATEGORY,ID,nvarchar,NO
dbo,V_TASK_CATEGORY,DESCRIPTION,nvarchar,YES
dbo,V_TASK_CATEGORY,KEYWORD_ID,nvarchar,YES
dbo,V_TASK_CATEGORY,LAST_MODIFIED,datetime,YES
dbo,V_TASK_CATEGORY,LAST_USER,nvarchar,YES
dbo,V_TASK_CATEGORY,NEWONCOMPLETE,smallint,YES
dbo,V_TASK_CATEGORY,RECORDHISTORY,smallint,YES
dbo,V_TASK_CATEGORY,CREATE_DATE,datetime,YES
dbo,V_TASK_CATEGORY,ROWID,int,NO
dbo,V_TASK_CONTACT,TASK_ID,nvarchar,NO
dbo,V_TASK_CONTACT,CONTACT_ID,nvarchar,NO
dbo,V_TASK_CONTACT,LAST_MODIFIED,datetime,YES
dbo,V_TASK_CONTACT,LAST_USER,nvarchar,YES
dbo,V_TASK_CONTACT,PRIMARY_CONTACT,smallint,YES
dbo,V_TASK_CONTACT,CREATE_DATE,datetime,YES
dbo,V_USER,ID,nvarchar,NO
dbo,V_USER,TYPE,nvarchar,YES
dbo,V_USER,EMP_ID,nvarchar,YES
dbo,V_USER,LAST_MODIFIED,datetime,YES
dbo,V_USER,LAST_USER,nvarchar,YES
dbo,V_USER,CREATOR,nvarchar,YES
dbo,V_USER,CREATE_DATE,datetime,YES
dbo,V_USER_AUTH,USER_ID,nvarchar,NO
dbo,V_USER_AUTH,PROCESS,nvarchar,NO
dbo,V_USER_AUTH,ACCESS_LEVEL,nvarchar,NO
dbo,V_USER_AUTH,DESCRIPTION,nvarchar,YES
dbo,V_USER_AUTH,LAST_MODIFIED,datetime,YES
dbo,V_USER_AUTH,LAST_USER,nvarchar,YES
dbo,V_USER_AUTH,CREATE_DATE,datetime,YES
dbo,V_USER_DEF_LIST,BUS_TYPE,smallint,NO
dbo,V_USER_DEF_LIST,FIELD_NAME,nvarchar,NO
dbo,V_USER_DEF_LIST,CODE,nvarchar,NO
dbo,V_USER_DEF_LIST,DESCRIPTION,nvarchar,YES
dbo,V_USER_DEF_LIST,LAST_MODIFIED,datetime,YES
dbo,V_USER_DEF_LIST,LAST_USER,nvarchar,YES
dbo,V_USER_DEF_LIST,CREATE_DATE,datetime,YES
dbo,V_USER_DEFINED,BUS_TYPE,smallint,NO
dbo,V_USER_DEFINED,FIELD_NAME,nvarchar,NO
dbo,V_USER_DEFINED,TABLE_NAME,nvarchar,NO
dbo,V_USER_DEFINED,AVAILABLE_TO_GRID,smallint,YES
dbo,V_USER_DEFINED,CAPTION,nvarchar,YES
dbo,V_USER_DEFINED,FORMAT,nvarchar,YES
dbo,V_USER_DEFINED,FIELD_LENGTH,int,YES
dbo,V_USER_DEFINED,FIELD_POSITION,int,YES
dbo,V_USER_DEFINED,LAST_MODIFIED,datetime,YES
dbo,V_USER_DEFINED,LAST_USER,nvarchar,YES
dbo,V_USER_DEFINED,USE_LIST,smallint,YES
dbo,V_USER_DEFINED,CONSTRAIN_LIST,smallint,YES
dbo,V_USER_DEFINED,CREATE_DATE,datetime,YES
dbo,V_USER_SALESREP,USER_ID,nvarchar,NO
dbo,V_USER_SALESREP,SALESREP_ID,nvarchar,NO
dbo,V_USER_SALESREP,LAST_USER,nvarchar,YES
dbo,V_USER_SALESREP,LAST_MODIFIED,datetime,YES
dbo,V_USER_TYPE,ID,nvarchar,NO
dbo,V_USER_TYPE,DESCRIPTION,nvarchar,YES
dbo,V_USER_TYPE,LAST_MODIFIED,datetime,YES
dbo,V_USER_TYPE,LAST_USER,nvarchar,YES
dbo,V_USER_TYPE,CREATE_DATE,datetime,YES
dbo,V_VERSION,DB_VERSION,nvarchar,NO
dbo,V_VERSION,COMPANY,nvarchar,NO
dbo,V_VERSION,COMMENTS,nvarchar,YES
dbo,V_VERSION,LAST_MODIFIED,datetime,YES
dbo,V_VERSION,LAST_USER,nvarchar,YES
dbo,V_VERSION,SERIAL_NUMBER,nvarchar,YES
dbo,V_VERSION,SYNC_MACHINE_ID,nvarchar,YES
dbo,V_VERSION,UPGRADE_ACTION_REQ,smallint,YES
dbo,V_VERSION,BOI_DATE_RUN,datetime,YES
dbo,V_VERSION,BOI_COUNT,smallint,YES
dbo,V_VERSION,SYNC_CLIENT_SN,nvarchar,YES
dbo,VAT,ROWID,int,NO
dbo,VAT,CODE,nvarchar,NO
dbo,VAT,DESCRIPTION,nvarchar,YES
dbo,VAT,TAX_PERCENT,decimal,NO
dbo,VAT,TAX_RCV_PERCENT,decimal,NO
dbo,VAT,TAX_GL_ACCT_ID,nvarchar,YES
dbo,VAT,TAX_RCV_GL_ACCT_ID,nvarchar,YES
dbo,VAT,effective_date,datetime,NO
dbo,VAT,TYPE,nchar,NO
dbo,VAT,TAX_IE_PERCENT,decimal,YES
dbo,VAT,TAX_IE_DR_GL_ACCT_ID,nvarchar,YES
dbo,VAT,TAX_IE_CR_GL_ACCT_ID,nvarchar,YES
dbo,VAT_BOOK,ROWID,int,NO
dbo,VAT_BOOK,CODE,nvarchar,NO
dbo,VAT_BOOK,YEAR,int,NO
dbo,VAT_BOOK,DESCRIPTION,nvarchar,YES
dbo,VAT_BOOK,AR_INVOICES,nchar,NO
dbo,VAT_BOOK,AR_MEMOS,nchar,NO
dbo,VAT_BOOK,AP_INVOICES,nchar,NO
dbo,VAT_BOOK,AP_MEMOS,nchar,NO
dbo,VAT_BOOK,REPORT_TYPE,nchar,NO
dbo,VAT_BOOK,ALPHA_PREFIX,nvarchar,YES
dbo,VAT_BOOK,START_NUMBER,int,YES
dbo,VAT_BOOK,NEXT_NUMBER,int,YES
dbo,VAT_BOOK,ALPHA_SUFFIX,nvarchar,YES
dbo,VAT_BOOK,LEADING_ZEROS,nchar,NO
dbo,VAT_BOOK,DECIMAL_PLACES,smallint,YES
dbo,VAT_BOOK,CURR_POSTING_DATE,datetime,YES
dbo,VAT_BOOK,ENTITY_ID,nvarchar,NO
dbo,VAT_CATEGORY,ROWID,int,NO
dbo,VAT_CATEGORY,id,nvarchar,NO
dbo,VAT_CATEGORY,category_type,nvarchar,NO
dbo,VAT_CATEGORY,description,nvarchar,YES
dbo,VEND_BANK_ACCOUNT,ROWID,int,NO
dbo,VEND_BANK_ACCOUNT,ID,nvarchar,NO
dbo,VEND_BANK_ACCOUNT,DESCRIPTION,nvarchar,YES
dbo,VEND_BANK_ACCOUNT,BANK_ID,nvarchar,YES
dbo,VEND_BANK_ACCOUNT,ACCOUNT_NO,nvarchar,YES
dbo,VEND_BANK_ACCOUNT,ACCOUNT_TYPE,nvarchar,YES
dbo,VEND_BANK_ACCOUNT,BRANCH_ID,nvarchar,YES
dbo,VEND_BANK_ACCOUNT,BANK_NAME,nvarchar,YES
dbo,VEND_BANK_ACCOUNT,BANK_ADDR_1,nvarchar,YES
dbo,VEND_BANK_ACCOUNT,BANK_ADDR_2,nvarchar,YES
dbo,VEND_BANK_ACCOUNT,BANK_ADDR_3,nvarchar,YES
dbo,VEND_BANK_ACCOUNT,BANK_CITY,nvarchar,YES
dbo,VEND_BANK_ACCOUNT,BANK_ZIPCODE,nvarchar,YES
dbo,VEND_BANK_ACCOUNT,BANK_STATE,nvarchar,YES
dbo,VEND_BANK_ACCOUNT,BANK_COUNTRY,nvarchar,YES
dbo,VEND_BANK_ACCOUNT,IBAN,nvarchar,YES
dbo,VEND_BANK_ACCOUNT,BIC,nvarchar,YES
dbo,VEND_BANK_ACCOUNT,XML_PAY_EXPORT,nvarchar,YES
dbo,VEND_BANK_ACCOUNT,BANK_COUNTRY_ID,nvarchar,YES
dbo,VEND_CONT_EML_DOC,ROWID,int,NO
dbo,VEND_CONT_EML_DOC,VENDOR_ID,nvarchar,NO
dbo,VEND_CONT_EML_DOC,CONTACT_NO,smallint,NO
dbo,VEND_CONT_EML_DOC,DOCUMENT_TYPE,nvarchar,NO
dbo,VEND_CONT_EML_DOC,CONTACT_ID,nvarchar,YES
dbo,VEND_CONT_EML_DOC,SITE_ID,nvarchar,YES
dbo,VEND_CONT_EML_DOC,CONTACT_EMAIL,nvarchar,YES
dbo,VEND_CONTACT,VENDOR_ID,nvarchar,NO
dbo,VEND_CONTACT,CONTACT_NO,smallint,YES
dbo,VEND_CONTACT,CONTACT_ID,nvarchar,NO
dbo,VEND_CONTACT,PRIMARY_CONTACT,nchar,NO
dbo,VEND_CONTACT,ROWID,int,NO
dbo,VEND_GROUP_RELATION,ROWID,int,NO
dbo,VEND_GROUP_RELATION,GROUP_ID,nvarchar,NO
dbo,VEND_GROUP_RELATION,VENDOR_ID,nvarchar,NO
dbo,VENDOR,ROWID,int,NO
dbo,VENDOR,ID,nvarchar,NO
dbo,VENDOR,NAME,nvarchar,YES
dbo,VENDOR,ADDR_1,nvarchar,YES
dbo,VENDOR,ADDR_2,nvarchar,YES
dbo,VENDOR,ADDR_3,nvarchar,YES
dbo,VENDOR,CITY,nvarchar,YES
dbo,VENDOR,STATE,nvarchar,YES
dbo,VENDOR,ZIPCODE,nvarchar,YES
dbo,VENDOR,COUNTRY,nvarchar,YES
dbo,VENDOR,CONTACT_FIRST_NAME,nvarchar,YES
dbo,VENDOR,CONTACT_LAST_NAME,nvarchar,YES
dbo,VENDOR,CONTACT_INITIAL,nvarchar,YES
dbo,VENDOR,CONTACT_POSITION,nvarchar,YES
dbo,VENDOR,CONTACT_HONORIFIC,nvarchar,YES
dbo,VENDOR,CONTACT_SALUTATION,nvarchar,YES
dbo,VENDOR,CONTACT_PHONE,nvarchar,YES
dbo,VENDOR,CONTACT_FAX,nvarchar,YES
dbo,VENDOR,REMIT_TO_NAME,nvarchar,YES
dbo,VENDOR,REMIT_TO_ADDR_1,nvarchar,YES
dbo,VENDOR,REMIT_TO_ADDR_2,nvarchar,YES
dbo,VENDOR,REMIT_TO_ADDR_3,nvarchar,YES
dbo,VENDOR,REMIT_TO_CITY,nvarchar,YES
dbo,VENDOR,REMIT_TO_STATE,nvarchar,YES
dbo,VENDOR,REMIT_TO_ZIPCODE,nvarchar,YES
dbo,VENDOR,REMIT_TO_COUNTRY,nvarchar,YES
dbo,VENDOR,FREE_ON_BOARD,nvarchar,YES
dbo,VENDOR,SHIP_VIA,nvarchar,YES
dbo,VENDOR,BUYER,nvarchar,YES
dbo,VENDOR,REPORT_1099_MISC,nchar,NO
dbo,VENDOR,TERMS_NET_TYPE,nchar,NO
dbo,VENDOR,TERMS_NET_DAYS,smallint,YES
dbo,VENDOR,TERMS_NET_DATE,datetime,YES
dbo,VENDOR,TERMS_DISC_TYPE,nchar,NO
dbo,VENDOR,TERMS_DISC_DAYS,smallint,YES
dbo,VENDOR,TERMS_DISC_DATE,datetime,YES
dbo,VENDOR,TERMS_DISC_PERCENT,decimal,YES
dbo,VENDOR,TERMS_DESCRIPTION,nvarchar,YES
dbo,VENDOR,CURRENCY_ID,nvarchar,NO
dbo,VENDOR,TAX_ID_NUMBER,nvarchar,YES
dbo,VENDOR,SITE_ID,nvarchar,YES
dbo,VENDOR,DEF_EXP_GL_ACCT_ID,nvarchar,YES
dbo,VENDOR,DEF_SLS_TAX_GRP_ID,nvarchar,YES
dbo,VENDOR,MATCH_TYPE,nchar,NO
dbo,VENDOR,MATCH_HIGH_PCT,decimal,YES
dbo,VENDOR,MATCH_LOW_PCT,decimal,YES
dbo,VENDOR,LAST_ORDER_DATE,datetime,YES
dbo,VENDOR,OPEN_DATE,datetime,YES
dbo,VENDOR,MODIFY_DATE,datetime,YES
dbo,VENDOR,USER_1,nvarchar,YES
dbo,VENDOR,USER_2,nvarchar,YES
dbo,VENDOR,USER_3,nvarchar,YES
dbo,VENDOR,USER_4,nvarchar,YES
dbo,VENDOR,USER_5,nvarchar,YES
dbo,VENDOR,USER_6,nvarchar,YES
dbo,VENDOR,USER_7,nvarchar,YES
dbo,VENDOR,USER_8,nvarchar,YES
dbo,VENDOR,USER_9,nvarchar,YES
dbo,VENDOR,USER_10,nvarchar,YES
dbo,VENDOR,DEF_PAYB_ACCT_ID,nvarchar,YES
dbo,VENDOR,UDF_LAYOUT_ID,nvarchar,YES
dbo,VENDOR,ARRIVAL_CODE,nvarchar,YES
dbo,VENDOR,TRANS_CODE,nvarchar,YES
dbo,VENDOR,COUNTRY_ID,nvarchar,YES
dbo,VENDOR,NATURE_OF_TRANS,int,YES
dbo,VENDOR,MODE_OF_TRANSPORT,int,YES
dbo,VENDOR,SIRET_NUMBER,decimal,YES
dbo,VENDOR,VAT_REGISTRATION,nvarchar,YES
dbo,VENDOR,VAT_BOOK_CODE_I,nvarchar,YES
dbo,VENDOR,VAT_BOOK_CODE_M,nvarchar,YES
dbo,VENDOR,VAT_EXEMPT,nchar,YES
dbo,VENDOR,WITHHOLDING_CODE,nvarchar,YES
dbo,VENDOR,VEND_BANK_ACCT_ID,nvarchar,YES
dbo,VENDOR,PAYEE_REF_CODE,nvarchar,YES
dbo,VENDOR,PAYMENT_METHOD,nchar,NO
dbo,VENDOR,TYPE,nchar,YES
dbo,VENDOR,SOCIAL_SECURITY_NO,nvarchar,YES
dbo,VENDOR,DATE_OF_BIRTH,datetime,YES
dbo,VENDOR,SEX,nchar,YES
dbo,VENDOR,PLACE_OF_BIRTH,nvarchar,YES
dbo,VENDOR,STATE_OF_BIRTH,nvarchar,YES
dbo,VENDOR,PRIORITY,smallint,YES
dbo,VENDOR,DEF_EXP_ACCT_ID,nvarchar,YES
dbo,VENDOR,QA_PERCENTAGE,decimal,YES
dbo,VENDOR,PREF_ORDER_MEDIUM,nvarchar,YES
dbo,VENDOR,DEF_CARRIER_ID,nvarchar,YES
dbo,VENDOR,CONTACT_MOBILE,nvarchar,YES
dbo,VENDOR,CONTACT_EMAIL,nvarchar,YES
dbo,VENDOR,DEF_TRANS_CURRENCY,nvarchar,YES
dbo,VENDOR,DEF_LBL_FORMAT_ID,nvarchar,YES
dbo,VENDOR,vat_discounted,nvarchar,NO
dbo,VENDOR,vat_always_disc,nvarchar,NO
dbo,VENDOR,vat_code,nvarchar,YES
dbo,VENDOR,vat_override_seq,nvarchar,NO
dbo,VENDOR,return_trans,int,YES
dbo,VENDOR,WEB_URL,nvarchar,YES
dbo,VENDOR,SHIPTO_ID,nvarchar,YES
dbo,VENDOR,DISPATCH_ADDR_ID,nvarchar,YES
dbo,VENDOR,DISP_PALLET_REQ,nchar,YES
dbo,VENDOR,ACTIVE_FLAG,nchar,YES
dbo,VENDOR,STATUS_EFF_DATE,datetime,NO
dbo,VENDOR,DEF_TERMS_ID,nvarchar,YES
dbo,VENDOR,VENDOR_GROUP_ID,nvarchar,YES
dbo,VENDOR,INTERNAL_VENDOR,nchar,YES
dbo,VENDOR,PREVENT_EDIT_PO_RECEIPT,nchar,YES
dbo,VENDOR,CONTACT_PHONE_EXT,nvarchar,YES
dbo,VENDOR,EMAIL_VEND_ON_NEW_ORDER,nchar,NO
dbo,VENDOR,EMAIL_VEND_ON_CHG_ORDER,nchar,NO
dbo,VENDOR,EMAIL_VEND_ON_PO_RECEIPT,nchar,NO
dbo,VENDOR,EMAIL_EMPL_ON_NEW_ORDER,nchar,NO
dbo,VENDOR,EMAIL_EMPL_ON_CHG_ORDER,nchar,NO
dbo,VENDOR,EMAIL_EMPL_ON_PO_RECEIPT,nchar,NO
dbo,VENDOR,EMAIL_EMPL_ON_INV_PAID,nchar,NO
dbo,VENDOR,VENDOR_COUNTRY_ID,nvarchar,YES
dbo,VENDOR,REMIT_TO_COUNTRY_ID,nvarchar,YES
dbo,VENDOR_ADDRESS,ROWID,int,NO
dbo,VENDOR_ADDRESS,VENDOR_ID,nvarchar,NO
dbo,VENDOR_ADDRESS,ADDR_NO,int,NO
dbo,VENDOR_ADDRESS,NAME,nvarchar,YES
dbo,VENDOR_ADDRESS,ADDR_1,nvarchar,YES
dbo,VENDOR_ADDRESS,ADDR_2,nvarchar,YES
dbo,VENDOR_ADDRESS,ADDR_3,nvarchar,YES
dbo,VENDOR_ADDRESS,CITY,nvarchar,YES
dbo,VENDOR_ADDRESS,STATE,nvarchar,YES
dbo,VENDOR_ADDRESS,ZIPCODE,nvarchar,YES
dbo,VENDOR_ADDRESS,COUNTRY,nvarchar,YES
dbo,VENDOR_ADDRESS,TRANS_CODE,nvarchar,YES
dbo,VENDOR_ADDRESS,COUNTRY_ID,nvarchar,YES
dbo,VENDOR_ADDRESS,VAT_REGISTRATION,nvarchar,YES
dbo,VENDOR_ADDRESS,DEF_LBL_FORMAT_ID,nvarchar,YES
dbo,VENDOR_ADDRESS,VAT_CODE,nvarchar,YES
dbo,VENDOR_ADDRESS,VAT_OVERRIDE_SEQ,nvarchar,YES
dbo,VENDOR_ADDRESS,DISPATCH_ADDR_ID,nvarchar,YES
dbo,VENDOR_ADDRESS,CARRIER_ID,nvarchar,YES
dbo,VENDOR_ADDRESS,DISP_PALLET_REQ,nchar,YES
dbo,VENDOR_ADDRESS,VENDOR_ADDR_COUNTRY_ID,nvarchar,YES
dbo,VENDOR_BANK,ROWID,int,NO
dbo,VENDOR_BANK,VENDOR_ID,nvarchar,NO
dbo,VENDOR_BANK,BANK_ID,nvarchar,NO
dbo,VENDOR_BANK,NAME,nvarchar,YES
dbo,VENDOR_BANK,DESCRIPTION,nvarchar,YES
dbo,VENDOR_BANK,ADDR_1,nvarchar,YES
dbo,VENDOR_BANK,ADDR_2,nvarchar,YES
dbo,VENDOR_BANK,ADDR_3,nvarchar,YES
dbo,VENDOR_BANK,CITY,nvarchar,YES
dbo,VENDOR_BANK,STATE,nvarchar,YES
dbo,VENDOR_BANK,ZIPCODE,nvarchar,YES
dbo,VENDOR_BANK,COUNTRY,nvarchar,YES
dbo,VENDOR_BANK,COUNTRY_ID,nvarchar,YES
dbo,VENDOR_BANK,IBAN,nvarchar,YES
dbo,VENDOR_BANK,SWIFT,nvarchar,YES
dbo,VENDOR_BANK,ACCOUNT_NO,nvarchar,YES
dbo,VENDOR_BANK,BRANCH_ID,nvarchar,YES
dbo,VENDOR_BANK,IS_DEFAULT,smallint,NO
dbo,VENDOR_BANK,VENDOR_BANK_COUNTRY_ID,nvarchar,YES
dbo,VENDOR_BINARY,ROWID,int,NO
dbo,VENDOR_BINARY,VENDOR_ID,nvarchar,NO
dbo,VENDOR_BINARY,TYPE,nchar,NO
dbo,VENDOR_BINARY,BITS,image,YES
dbo,VENDOR_BINARY,BITS_LENGTH,int,NO
dbo,VENDOR_BUYER,ROWID,int,NO
dbo,VENDOR_BUYER,VENDOR_ID,nvarchar,NO
dbo,VENDOR_BUYER,BUYER_ID,nvarchar,NO
dbo,VENDOR_BUYER,EFFECTIVE_DATE,datetime,YES
dbo,VENDOR_CALENDAR,ROWID,int,NO
dbo,VENDOR_CALENDAR,VENDOR_ID,nvarchar,NO
dbo,VENDOR_CALENDAR,SERVICE_ID,nvarchar,YES
dbo,VENDOR_CALENDAR,START_DATE,datetime,NO
dbo,VENDOR_CALENDAR,END_DATE,datetime,NO
dbo,VENDOR_CALENDAR,DAY_PERCENT,smallint,NO
dbo,VENDOR_CONTACT,ROWID,int,NO
dbo,VENDOR_CONTACT,VENDOR_ID,nvarchar,NO
dbo,VENDOR_CONTACT,CONTACT_NO,smallint,NO
dbo,VENDOR_CONTACT,CONTACT_FIRST_NAME,nvarchar,YES
dbo,VENDOR_CONTACT,CONTACT_LAST_NAME,nvarchar,YES
dbo,VENDOR_CONTACT,CONTACT_POSITION,nvarchar,YES
dbo,VENDOR_CONTACT,CONTACT_INITIAL,nvarchar,YES
dbo,VENDOR_CONTACT,CONTACT_HONORIFIC,nvarchar,YES
dbo,VENDOR_CONTACT,CONTACT_PHONE,nvarchar,YES
dbo,VENDOR_CONTACT,CONTACT_FAX,nvarchar,YES
dbo,VENDOR_CONTACT,CONTACT_MOBILE,nvarchar,YES
dbo,VENDOR_CONTACT,CONTACT_EMAIL,nvarchar,YES
dbo,VENDOR_ENTITY,ROWID,int,NO
dbo,VENDOR_ENTITY,ENTITY_ID,nvarchar,NO
dbo,VENDOR_ENTITY,VENDOR_ID,nvarchar,NO
dbo,VENDOR_ENTITY,TOTAL_OPEN_ORDERS,decimal,NO
dbo,VENDOR_ENTITY,TOTAL_OPEN_PAYB,decimal,NO
dbo,VENDOR_ENTITY,OPEN_ORDER_COUNT,int,NO
dbo,VENDOR_ENTITY,OPEN_PAYB_COUNT,int,NO
dbo,VENDOR_GROUP,ROWID,int,NO
dbo,VENDOR_GROUP,ID,nvarchar,NO
dbo,VENDOR_GROUP,NAME,nvarchar,YES
dbo,VENDOR_GROUP,REMIT_TO_NAME,nvarchar,YES
dbo,VENDOR_GROUP,REMIT_TO_ADDR_1,nvarchar,YES
dbo,VENDOR_GROUP,REMIT_TO_ADDR_2,nvarchar,YES
dbo,VENDOR_GROUP,REMIT_TO_ADDR_3,nvarchar,YES
dbo,VENDOR_GROUP,REMIT_TO_CITY,nvarchar,YES
dbo,VENDOR_GROUP,REMIT_TO_STATE,nvarchar,YES
dbo,VENDOR_GROUP,REMIT_TO_ZIPCODE,nvarchar,YES
dbo,VENDOR_GROUP,REMIT_TO_COUNTRY,nvarchar,YES
dbo,VENDOR_GROUP,MODIFY_DATE,datetime,YES
dbo,VENDOR_GROUP,REMIT_TO_COUNTRY_ID,nvarchar,YES
dbo,VENDOR_PART,ROWID,int,NO
dbo,VENDOR_PART,PART_ID,nvarchar,NO
dbo,VENDOR_PART,VENDOR_ID,nvarchar,NO
dbo,VENDOR_PART,VENDOR_PART_ID,nvarchar,YES
dbo,VENDOR_PART,LONG_DESCRIPTION,image,YES
dbo,VENDOR_PART,LEADTIME_BUFFER,smallint,YES
dbo,VENDOR_PART,SITE_ID,nvarchar,NO
dbo,VENDOR_QUOTE,ROWID,int,NO
dbo,VENDOR_QUOTE,VENDOR_ID,nvarchar,NO
dbo,VENDOR_QUOTE,VENDOR_PART_ID,nvarchar,NO
dbo,VENDOR_QUOTE,MFG_NAME,nvarchar,YES
dbo,VENDOR_QUOTE,MFG_PART_ID,nvarchar,YES
dbo,VENDOR_QUOTE,QTY_BREAK_1,decimal,YES
dbo,VENDOR_QUOTE,QTY_BREAK_2,decimal,YES
dbo,VENDOR_QUOTE,QTY_BREAK_3,decimal,YES
dbo,VENDOR_QUOTE,QTY_BREAK_4,decimal,YES
dbo,VENDOR_QUOTE,QTY_BREAK_5,decimal,YES
dbo,VENDOR_QUOTE,QTY_BREAK_6,decimal,YES
dbo,VENDOR_QUOTE,QTY_BREAK_7,decimal,YES
dbo,VENDOR_QUOTE,QTY_BREAK_8,decimal,YES
dbo,VENDOR_QUOTE,QTY_BREAK_9,decimal,YES
dbo,VENDOR_QUOTE,QTY_BREAK_10,decimal,YES
dbo,VENDOR_QUOTE,UNIT_PRICE_1,decimal,YES
dbo,VENDOR_QUOTE,UNIT_PRICE_2,decimal,YES
dbo,VENDOR_QUOTE,UNIT_PRICE_3,decimal,YES
dbo,VENDOR_QUOTE,UNIT_PRICE_4,decimal,YES
dbo,VENDOR_QUOTE,UNIT_PRICE_5,decimal,YES
dbo,VENDOR_QUOTE,UNIT_PRICE_6,decimal,YES
dbo,VENDOR_QUOTE,UNIT_PRICE_7,decimal,YES
dbo,VENDOR_QUOTE,UNIT_PRICE_8,decimal,YES
dbo,VENDOR_QUOTE,UNIT_PRICE_9,decimal,YES
dbo,VENDOR_QUOTE,UNIT_PRICE_10,decimal,YES
dbo,VENDOR_QUOTE,DEFAULT_UNIT_PRICE,decimal,NO
dbo,VENDOR_QUOTE,PURCHASE_UM,nvarchar,YES
dbo,VENDOR_QUOTE,QUOTE_DATE,datetime,YES
dbo,VENDOR_QUOTE,LONG_DESCRIPTION,image,YES
dbo,VENDOR_QUOTE,CURRENCY_ID,nvarchar,NO
dbo,VENDOR_QUOTE,UNIT_PRICE_CURR_1,decimal,YES
dbo,VENDOR_QUOTE,UNIT_PRICE_CURR_2,decimal,YES
dbo,VENDOR_QUOTE,UNIT_PRICE_CURR_3,decimal,YES
dbo,VENDOR_QUOTE,UNIT_PRICE_CURR_4,decimal,YES
dbo,VENDOR_QUOTE,UNIT_PRICE_CURR_5,decimal,YES
dbo,VENDOR_QUOTE,UNIT_PRICE_CURR_6,decimal,YES
dbo,VENDOR_QUOTE,UNIT_PRICE_CURR_7,decimal,YES
dbo,VENDOR_QUOTE,UNIT_PRICE_CURR_8,decimal,YES
dbo,VENDOR_QUOTE,UNIT_PRICE_CURR_9,decimal,YES
dbo,VENDOR_QUOTE,UNIT_PRICE_CURR_10,decimal,YES
dbo,VENDOR_QUOTE,DEF_UNIT_PRICE_CURR,decimal,NO
dbo,VENDOR_QUOTE,CONTRACT_ID,nvarchar,YES
dbo,VENDOR_QUOTE,CONTRACT_LINE_NO,smallint,YES
dbo,VENDOR_QUOTE,VENDOR_CLIN,nvarchar,YES
dbo,VENDOR_QUOTE,EFFECTIVE_DATE,datetime,YES
dbo,VENDOR_QUOTE,EXPIRATION_DATE,datetime,YES
dbo,VENDOR_QUOTE,SITE_ID,nvarchar,NO
dbo,VENDOR_QUOTE,LEADTIME_1,smallint,YES
dbo,VENDOR_QUOTE,LEADTIME_2,smallint,YES
dbo,VENDOR_QUOTE,LEADTIME_3,smallint,YES
dbo,VENDOR_QUOTE,LEADTIME_4,smallint,YES
dbo,VENDOR_QUOTE,LEADTIME_5,smallint,YES
dbo,VENDOR_QUOTE,LEADTIME_6,smallint,YES
dbo,VENDOR_QUOTE,LEADTIME_7,smallint,YES
dbo,VENDOR_QUOTE,LEADTIME_8,smallint,YES
dbo,VENDOR_QUOTE,LEADTIME_9,smallint,YES
dbo,VENDOR_QUOTE,LEADTIME_10,smallint,YES
dbo,VENDOR_QUOTE,DEFAULT_LEADTIME,smallint,YES
dbo,VENDOR_REMIT_ADDR,ROWID,int,NO
dbo,VENDOR_REMIT_ADDR,VENDOR_ID,nvarchar,NO
dbo,VENDOR_REMIT_ADDR,ADDR_NO,int,NO
dbo,VENDOR_REMIT_ADDR,NAME,nvarchar,YES
dbo,VENDOR_REMIT_ADDR,ADDR_1,nvarchar,YES
dbo,VENDOR_REMIT_ADDR,ADDR_2,nvarchar,YES
dbo,VENDOR_REMIT_ADDR,ADDR_3,nvarchar,YES
dbo,VENDOR_REMIT_ADDR,CITY,nvarchar,YES
dbo,VENDOR_REMIT_ADDR,STATE,nvarchar,YES
dbo,VENDOR_REMIT_ADDR,ZIPCODE,nvarchar,YES
dbo,VENDOR_REMIT_ADDR,COUNTRY,nvarchar,YES
dbo,VENDOR_REMIT_ADDR,VENDOR_REMIT_COUNTRY_ID,nvarchar,YES
dbo,VENDOR_SERV_QUOTE,ROWID,int,NO
dbo,VENDOR_SERV_QUOTE,VENDOR_ID,nvarchar,NO
dbo,VENDOR_SERV_QUOTE,VENDOR_SERVICE_ID,nvarchar,YES
dbo,VENDOR_SERV_QUOTE,QTY_BREAK_1,decimal,YES
dbo,VENDOR_SERV_QUOTE,QTY_BREAK_2,decimal,YES
dbo,VENDOR_SERV_QUOTE,QTY_BREAK_3,decimal,YES
dbo,VENDOR_SERV_QUOTE,QTY_BREAK_4,decimal,YES
dbo,VENDOR_SERV_QUOTE,QTY_BREAK_5,decimal,YES
dbo,VENDOR_SERV_QUOTE,QTY_BREAK_6,decimal,YES
dbo,VENDOR_SERV_QUOTE,QTY_BREAK_7,decimal,YES
dbo,VENDOR_SERV_QUOTE,QTY_BREAK_8,decimal,YES
dbo,VENDOR_SERV_QUOTE,QTY_BREAK_9,decimal,YES
dbo,VENDOR_SERV_QUOTE,QTY_BREAK_10,decimal,YES
dbo,VENDOR_SERV_QUOTE,UNIT_PRICE_1,decimal,YES
dbo,VENDOR_SERV_QUOTE,UNIT_PRICE_2,decimal,YES
dbo,VENDOR_SERV_QUOTE,UNIT_PRICE_3,decimal,YES
dbo,VENDOR_SERV_QUOTE,UNIT_PRICE_4,decimal,YES
dbo,VENDOR_SERV_QUOTE,UNIT_PRICE_5,decimal,YES
dbo,VENDOR_SERV_QUOTE,UNIT_PRICE_6,decimal,YES
dbo,VENDOR_SERV_QUOTE,UNIT_PRICE_7,decimal,YES
dbo,VENDOR_SERV_QUOTE,UNIT_PRICE_8,decimal,YES
dbo,VENDOR_SERV_QUOTE,UNIT_PRICE_9,decimal,YES
dbo,VENDOR_SERV_QUOTE,UNIT_PRICE_10,decimal,YES
dbo,VENDOR_SERV_QUOTE,DEFAULT_UNIT_PRICE,decimal,NO
dbo,VENDOR_SERV_QUOTE,MINIMUM_CHARGE,decimal,NO
dbo,VENDOR_SERV_QUOTE,BASE_CHARGE,decimal,NO
dbo,VENDOR_SERV_QUOTE,PURCHASE_UM,nvarchar,YES
dbo,VENDOR_SERV_QUOTE,QUOTE_DATE,datetime,YES
dbo,VENDOR_SERV_QUOTE,LONG_DESCRIPTION,image,YES
dbo,VENDOR_SERV_QUOTE,CURRENCY_ID,nvarchar,NO
dbo,VENDOR_SERV_QUOTE,UNIT_PRICE_CURR_1,decimal,YES
dbo,VENDOR_SERV_QUOTE,UNIT_PRICE_CURR_2,decimal,YES
dbo,VENDOR_SERV_QUOTE,UNIT_PRICE_CURR_3,decimal,YES
dbo,VENDOR_SERV_QUOTE,UNIT_PRICE_CURR_4,decimal,YES
dbo,VENDOR_SERV_QUOTE,UNIT_PRICE_CURR_5,decimal,YES
dbo,VENDOR_SERV_QUOTE,UNIT_PRICE_CURR_6,decimal,YES
dbo,VENDOR_SERV_QUOTE,UNIT_PRICE_CURR_7,decimal,YES
dbo,VENDOR_SERV_QUOTE,UNIT_PRICE_CURR_8,decimal,YES
dbo,VENDOR_SERV_QUOTE,UNIT_PRICE_CURR_9,decimal,YES
dbo,VENDOR_SERV_QUOTE,UNIT_PRICE_CURR_10,decimal,YES
dbo,VENDOR_SERV_QUOTE,DEF_UNIT_PRICE_CURR,decimal,NO
dbo,VENDOR_SERV_QUOTE,CONTRACT_ID,nvarchar,YES
dbo,VENDOR_SERV_QUOTE,CONTRACT_LINE_NO,smallint,YES
dbo,VENDOR_SERV_QUOTE,VENDOR_CLIN,nvarchar,YES
dbo,VENDOR_SERV_QUOTE,EFFECTIVE_DATE,datetime,YES
dbo,VENDOR_SERV_QUOTE,EXPIRATION_DATE,datetime,YES
dbo,VENDOR_SERV_QUOTE,SITE_ID,nvarchar,NO
dbo,VENDOR_SERV_QUOTE,LEADTIME_1,smallint,YES
dbo,VENDOR_SERV_QUOTE,LEADTIME_2,smallint,YES
dbo,VENDOR_SERV_QUOTE,LEADTIME_3,smallint,YES
dbo,VENDOR_SERV_QUOTE,LEADTIME_4,smallint,YES
dbo,VENDOR_SERV_QUOTE,LEADTIME_5,smallint,YES
dbo,VENDOR_SERV_QUOTE,LEADTIME_6,smallint,YES
dbo,VENDOR_SERV_QUOTE,LEADTIME_7,smallint,YES
dbo,VENDOR_SERV_QUOTE,LEADTIME_8,smallint,YES
dbo,VENDOR_SERV_QUOTE,LEADTIME_9,smallint,YES
dbo,VENDOR_SERV_QUOTE,LEADTIME_10,smallint,YES
dbo,VENDOR_SERV_QUOTE,DEFAULT_LEADTIME,smallint,YES
dbo,VENDOR_SERVICE,ROWID,int,NO
dbo,VENDOR_SERVICE,SERVICE_ID,nvarchar,NO
dbo,VENDOR_SERVICE,VENDOR_ID,nvarchar,NO
dbo,VENDOR_SERVICE,VENDOR_SERVICE_ID,nvarchar,YES
dbo,VENDOR_SERVICE,DESCRIPTION,nvarchar,YES
dbo,VENDOR_SERVICE,EST_COST_PER_UNIT,decimal,NO
dbo,VENDOR_SERVICE,EST_MIN_CHARGE,decimal,NO
dbo,VENDOR_SERVICE,EST_BASE_CHARGE,decimal,NO
dbo,VENDOR_SERVICE,VAT_CODE,nvarchar,YES
dbo,VENDOR_SERVICE,SCHEDULE_RANK,smallint,YES
dbo,VENDOR_SERVICE,RUN,decimal,YES
dbo,VENDOR_SERVICE,RUN_TYPE,nvarchar,YES
dbo,VENDOR_SERVICE,LOAD_SIZE_QTY,decimal,YES
dbo,VENDOR_SERVICE,TRANSIT_DAYS,decimal,YES
dbo,VENDOR_SERVICE,PURCHASE_UM,nvarchar,YES
dbo,VENDOR_SERVICE,LONG_DESCRIPTION,image,YES
dbo,VENDOR_SERVICE,SITE_ID,nvarchar,NO
dbo,VENDOR_SYNC,ROWID,int,NO
dbo,VENDOR_SYNC,EVENT_ID,int,NO
dbo,VENDOR_SYNC,TYPE,nchar,NO
dbo,VENDOR_SYNC,CREATE_DATE,datetime,NO
dbo,VENDOR_SYNC,VENDOR_ID,nvarchar,NO
dbo,VENDOR_SYNC,EXCEPTION,nchar,NO
dbo,VENDOR_SYNC,SUBSCRIPTIONS,int,NO
dbo,VENDOR_WEEK,ROWID,int,NO
dbo,VENDOR_WEEK,VENDOR_ID,nvarchar,NO
dbo,VENDOR_WEEK,SERVICE_ID,nvarchar,YES
dbo,VENDOR_WEEK,DAY_OF_WEEK,smallint,NO
dbo,VENDOR_WEEK,DAY_PERCENT,smallint,NO
dbo,VMDI_ACK_CODES,ROWID,int,NO
dbo,VMDI_ACK_CODES,ACK_ID,nvarchar,NO
dbo,VMDI_ACK_CODES,DESCRIPTION,nvarchar,YES
dbo,VMDI_ASSOC,ROWID,int,NO
dbo,VMDI_ASSOC,LAYOUT_KEY,nchar,NO
dbo,VMDI_ASSOC,LAYOUT_VERSION,nchar,NO
dbo,VMDI_ASSOC,LAYOUT_DIRECTION,nchar,NO
dbo,VMDI_ASSOC,TABLE_NAME,nvarchar,NO
dbo,VMDI_ASSOC,TABLE_KEY,nvarchar,NO
dbo,VMDI_CSH_HDR,ROWID,int,NO
dbo,VMDI_CSH_HDR,PENDING_ID,int,NO
dbo,VMDI_CSH_HDR,PENDING_FLAG,nchar,NO
dbo,VMDI_CSH_HDR,TRANSACTION_DATE,datetime,NO
dbo,VMDI_CSH_HDR,CUSTOMER_ID,nvarchar,NO
dbo,VMDI_CSH_HDR,CHECK_ID,nvarchar,NO
dbo,VMDI_CSH_HDR,BANK_ID,nvarchar,YES
dbo,VMDI_CSH_HDR,ACCOUNT_NO,nvarchar,YES
dbo,VMDI_CSH_HDR,ROUTING_NO,nvarchar,YES
dbo,VMDI_CSH_HDR,CHECK_DATE,datetime,NO
dbo,VMDI_CSH_HDR,CURRENCY_ID,nvarchar,YES
dbo,VMDI_CSH_HDR,ISO_CURRENCY_CD,nvarchar,YES
dbo,VMDI_CSH_HDR,BANK_ACCOUNT_ID,nvarchar,YES
dbo,VMDI_CSH_HDR,SITE_ID,nvarchar,YES
dbo,VMDI_CSH_HDR,SELL_RATE,decimal,YES
dbo,VMDI_CSH_HDR,BUY_RATE,decimal,YES
dbo,VMDI_CSH_HDR,DEPOSIT_ID,nvarchar,YES
dbo,VMDI_CSH_HDR,AMOUNT,decimal,YES
dbo,VMDI_CSH_LINE,ROWID,int,NO
dbo,VMDI_CSH_LINE,PENDING_ID,int,NO
dbo,VMDI_CSH_LINE,PENDING_FLAG,nchar,NO
dbo,VMDI_CSH_LINE,TRANSACTION_DATE,datetime,NO
dbo,VMDI_CSH_LINE,CUSTOMER_ID,nvarchar,NO
dbo,VMDI_CSH_LINE,CHECK_ID,nvarchar,NO
dbo,VMDI_CSH_LINE,LINE_NO,smallint,NO
dbo,VMDI_CSH_LINE,INVOICE_ID,nvarchar,YES
dbo,VMDI_CSH_LINE,PACKLIST_ID,nvarchar,YES
dbo,VMDI_CSH_LINE,BOL_ID,nvarchar,YES
dbo,VMDI_CSH_LINE,ASN_ID,nvarchar,YES
dbo,VMDI_CSH_LINE,DISCOUNT_APPLIED,decimal,NO
dbo,VMDI_CSH_LINE,REFERENCE,nvarchar,YES
dbo,VMDI_CSH_LINE,SELL_RATE,decimal,YES
dbo,VMDI_CSH_LINE,BUY_RATE,decimal,YES
dbo,VMDI_CSH_LINE,AMOUNT,decimal,YES
dbo,VMDI_CSH_LINE,GL_ACCOUNT_ID,nvarchar,YES
dbo,VMDI_CSH_LINE,SITE_ID,nvarchar,YES
dbo,VMDI_DATA,ROWID,int,NO
dbo,VMDI_DATA,LAYOUT_KEY,nchar,NO
dbo,VMDI_DATA,LAYOUT_VERSION,nchar,NO
dbo,VMDI_DATA,LAYOUT_DIRECTION,nchar,NO
dbo,VMDI_DATA,SEGMENT_TYPE,nchar,NO
dbo,VMDI_DATA,TABLE_NAME,nvarchar,NO
dbo,VMDI_DATA,COLUMN_NAME,nvarchar,NO
dbo,VMDI_DATA,TYPE,nvarchar,NO
dbo,VMDI_DATA,LENGTH,smallint,NO
dbo,VMDI_DATA,SCALE,smallint,NO
dbo,VMDI_DATA,COLNO,smallint,NO
dbo,VMDI_DATA,DUPLICATE_CRITERIA,int,YES
dbo,VMDI_LAYOUT,ROWID,int,NO
dbo,VMDI_LAYOUT,KEY,nchar,NO
dbo,VMDI_LAYOUT,VERSION,nchar,NO
dbo,VMDI_LAYOUT,DIRECTION,nchar,NO
dbo,VMDI_LAYOUT,OUTPUT_TYPE,nchar,NO
dbo,VMDI_LAYOUT,INBOUND_RULE,nchar,NO
dbo,VMDI_LAYOUT,STYLE,nchar,NO
dbo,VMDI_LAYOUT,FIELD_DELIMITER,nchar,YES
dbo,VMDI_LAYOUT,RECORD_DELIMITER,nchar,YES
dbo,VMDI_LAYOUT,USER_ID,nvarchar,NO
dbo,VMDI_LAYOUT,CREATE_DATE,datetime,NO
dbo,VMDI_LAYOUT,LAST_RUN_DATE,datetime,YES
dbo,VMDI_LAYOUT,DEL_UNSHIPPED,nchar,YES
dbo,VMDI_LAYOUT,PREFIX_TOKEN,nvarchar,YES
dbo,VMDI_LAYOUT,AUTOGENERATE,nchar,YES
dbo,VMDI_LAYOUT,SAVE_DATA_FLOW,nchar,NO
dbo,VMDI_LAYOUT,DEL_UNSHIPPED_LN,nchar,YES
dbo,VMDI_LAYOUT,description,nvarchar,YES
dbo,VMDI_LAYOUT,SPECIAL_CONDITION,nvarchar,YES
dbo,VMDI_LAYOUT,LINE_INBOUND_RULE,nchar,YES
dbo,VMDI_LAYOUT,DEL_INBOUND_RULE,nchar,YES
dbo,VMDI_LAYOUT,INBOUND_QTY_RULE,nchar,YES
dbo,VMDI_LAYOUT,ALLOW_UPD_DISP_ORD,nchar,YES
dbo,VMDI_LAYOUT,CHK_BLANKET_FLAG,nchar,YES
dbo,VMDI_LAYOUT,INV_OUTBOUND_RULE,nvarchar,YES
dbo,VMDI_SPECIAL_COLS,ROWID,int,NO
dbo,VMDI_SPECIAL_COLS,LAYOUT_KEY,nchar,NO
dbo,VMDI_SPECIAL_COLS,TABLE_NAME,nvarchar,NO
dbo,VMDI_SPECIAL_COLS,COLUMN_NAME,nvarchar,NO
dbo,VMDI_SPECIAL_COLS,SPECIAL_INST,nchar,YES
dbo,VMDI_SPECIAL_COLS,SEGMENT_TYPE,nchar,YES
dbo,VMDI_TABLE,ROWID,int,NO
dbo,VMDI_TABLE,LAYOUT_KEY,nchar,NO
dbo,VMDI_TABLE,LAYOUT_VERSION,nchar,NO
dbo,VMDI_TABLE,LAYOUT_DIRECTION,nchar,NO
dbo,VMDI_TABLE,SEGMENT_TYPE,nchar,NO
dbo,VMDI_TABLE,TABLE_NAME,nvarchar,NO
dbo,VMDI_TABLE,JOIN,nvarchar,YES
dbo,VMDI_TABLE,PRIMARY_KEY,nvarchar,YES
dbo,VMQUERY_ITEM_AUTHORITY,ROWID,int,NO
dbo,VMQUERY_ITEM_AUTHORITY,USER_ID,nvarchar,NO
dbo,VMQUERY_ITEM_AUTHORITY,ITEM_ID,nvarchar,NO
dbo,VMQUERY_ITEM_AUTHORITY,PERMISSION,nchar,NO
dbo,VR_ANALYTIC_CONFIG,ROWID,int,NO
dbo,VR_ANALYTIC_CONFIG,ID,nvarchar,NO
dbo,VR_ANALYTIC_CONFIG,DESCRIPTION,nvarchar,YES
dbo,VR_ANALYTIC_CONFIG,SCOPE_TYPE,int,NO
dbo,VR_ANALYTIC_CONFIG,TITLE,nvarchar,YES
dbo,VR_ANALYTIC_CONFIG,DATA_SOURCE_ID,nvarchar,NO
dbo,VR_ANALYTIC_CONFIG,STATUS,nchar,NO
dbo,VR_ANALYTIC_CONFIG,ANALYTIC_TYPE,nchar,YES
dbo,VR_ANALYTIC_CONFIG,CALENDAR_TYPE,nchar,YES
dbo,VR_ANALYTIC_CONFIG,CHART_TYPE,int,NO
dbo,VR_ANALYTIC_CONFIG,VALUE_COL_NAME,nvarchar,NO
dbo,VR_ANALYTIC_CONFIG,VALUE_AGGR_TYPE,int,NO
dbo,VR_ANALYTIC_CONFIG,SHOW_X_AXIS_TITLE,nchar,NO
dbo,VR_ANALYTIC_CONFIG,X_AXIS_TITLE,nvarchar,YES
dbo,VR_ANALYTIC_CONFIG,SHOW_Y_AXIS_TITLE,nchar,NO
dbo,VR_ANALYTIC_CONFIG,Y_AXIS_TITLE,nvarchar,YES
dbo,VR_ANALYTIC_CONFIG,SHOW_LEGEND,nchar,NO
dbo,VR_ANALYTIC_CONFIG,LEGEND_POSITION,int,YES
dbo,VR_ANALYTIC_CONFIG,LEGEND_ALIGNMENT,int,YES
dbo,VR_ANALYTIC_CONFIG,PERIOD_DAY_COL_NAME,nvarchar,YES
dbo,VR_ANALYTIC_CONFIG,PERIOD_WEEK_COL_NAME,nvarchar,YES
dbo,VR_ANALYTIC_CONFIG,PERIOD_MONTH_COL_NAME,nvarchar,YES
dbo,VR_ANALYTIC_CONFIG,PERIOD_QUARTER_COL_NAME,nvarchar,YES
dbo,VR_ANALYTIC_CONFIG,PERIOD_YEAR_COL_NAME,nvarchar,YES
dbo,VR_ANALYTIC_CONFIG,DEF_SERIES_COL_NAME,nvarchar,YES
dbo,VR_ANALYTIC_CONFIG,DEF_CATEGORY_COL_NAME,nvarchar,YES
dbo,VR_ANALYTIC_CONFIG,DEF_TOP_N,int,NO
dbo,VR_ANALYTIC_CONFIG,DEF_PERIOD_TYPE,int,YES
dbo,VR_ANALYTIC_CONFIG,DEF_PERIODS,int,YES
dbo,VR_ANALYTIC_CONFIG,DEF_HORIZ_PERIODS,int,YES
dbo,VR_ANALYTIC_CONFIG,DEF_PERIOD_BEGIN,datetime,YES
dbo,VR_ANALYTIC_CONFIG,DEF_PERIOD_END,datetime,YES
dbo,VR_ANALYTIC_CONFIG,X_AXIS_LINE_STYLE,int,YES
dbo,VR_ANALYTIC_CONFIG,SHOW_X_AXIS_LABEL,nchar,YES
dbo,VR_ANALYTIC_CONFIG,X_AXIS_LABEL,nvarchar,YES
dbo,VR_ANALYTIC_CONFIG,SHOW_Y_AXIS_LABEL,nchar,YES
dbo,VR_ANALYTIC_CONFIG,Y_AXIS_LABEL,nvarchar,YES
dbo,VR_ANALYTIC_CONFIG,Y_AXIS_LINE_STYLE,int,YES
dbo,VR_ANALYTIC_CONFIG,X_AXIS_LABEL_ANGLE,int,YES
dbo,VR_ANALYTIC_CONFIG,Y_AXIS_LABEL_ANGLE,int,YES
dbo,VR_ANALYTIC_CONFIG,X_AXIS_LABEL_FORMAT,nvarchar,YES
dbo,VR_ANALYTIC_CONFIG,Y_AXIS_LABEL_FORMAT,nvarchar,YES
dbo,VR_ANALYTIC_CONFIG,SHOW_SERIES_LABEL,nchar,NO
dbo,VR_ANALYTIC_CONFIG,SERIES_LABEL_FORMAT,nvarchar,YES
dbo,VR_ANALYTIC_CONFIG,SHOW_SERIES_TOOLTIP,nchar,NO
dbo,VR_ANALYTIC_CONFIG,SERIES_TOOLTIP_FORMAT,nvarchar,YES
dbo,VR_ANALYTIC_CONFIG,CREATED_BY,nvarchar,YES
dbo,VR_ANALYTIC_CONFIG,LAST_MODIFIED_BY,nvarchar,YES
dbo,VR_ANALYTIC_CONFIG,LAST_MODIFIED,datetime,YES
dbo,VR_ANALYTIC_CONFIG,CREATE_DATE,datetime,NO
dbo,VR_ANALYTIC_CONFIG_PROP,ROWID,int,NO
dbo,VR_ANALYTIC_CONFIG_PROP,ANALYTIC_CONFIG_ID,nvarchar,NO
dbo,VR_ANALYTIC_CONFIG_PROP,PROPERTY_NAME,nvarchar,NO
dbo,VR_ANALYTIC_CONFIG_PROP,PROPERTY_VALUE,nvarchar,NO
dbo,VR_ANALYTIC_CONFIG_PROP,SEQUENCE_NO,int,NO
dbo,VR_CAL_DATE,ROWID,int,NO
dbo,VR_CAL_DATE,CAL_DAY,datetime,NO
dbo,VR_CAL_DATE,CAL_WEEK,datetime,YES
dbo,VR_CAL_DATE,CAL_MONTH,datetime,YES
dbo,VR_CAL_DATE,CAL_QUARTER,datetime,YES
dbo,VR_CAL_DATE,CAL_YEAR,int,YES
dbo,VR_CUSTORD_DET,ROWID,int,NO
dbo,VR_CUSTORD_DET,CUST_ORDER_ID,nvarchar,YES
dbo,VR_CUSTORD_DET,ORDER_DATE,datetime,YES
dbo,VR_CUSTORD_DET,DESIRED_SHIP_DATE,datetime,YES
dbo,VR_CUSTORD_DET,STATUS,nvarchar,YES
dbo,VR_CUSTORD_DET,USER_STATUS,nvarchar,YES
dbo,VR_CUSTORD_DET,CUSTOMER_ID,nvarchar,YES
dbo,VR_CUSTORD_DET,CUSTOMER_NAME,nvarchar,YES
dbo,VR_CUSTORD_DET,SALESREP_ID,nvarchar,YES
dbo,VR_CUSTORD_DET,TERRITORY,nvarchar,YES
dbo,VR_CUSTORD_DET,LINE_NO,smallint,YES
dbo,VR_CUSTORD_DET,DEL_LINE_NO,smallint,YES
dbo,VR_CUSTORD_DET,PART_ID,nvarchar,YES
dbo,VR_CUSTORD_DET,PART_DESCRIPTION,nvarchar,YES
dbo,VR_CUSTORD_DET,SERVICE_CHARGE_ID,nvarchar,YES
dbo,VR_CUSTORD_DET,ORDER_QTY,decimal,YES
dbo,VR_CUSTORD_DET,SELLING_UM,nvarchar,YES
dbo,VR_CUSTORD_DET,UNIT_PRICE,decimal,YES
dbo,VR_CUSTORD_DET,TRADE_DISC_PERCENT,decimal,YES
dbo,VR_CUSTORD_DET,AMOUNT_ORDERED,decimal,YES
dbo,VR_CUSTORD_DET,PRODUCT_CODE,nvarchar,YES
dbo,VR_CUSTORD_DET,COMMODITY_CODE,nvarchar,YES
dbo,VR_CUSTORD_DET,SELL_RATE,decimal,YES
dbo,VR_CUSTORD_DET,CURRENCY_ID,nvarchar,YES
dbo,VR_CUSTORD_DET,SITE_ID,nvarchar,NO
dbo,VR_DATA_SOURCE,ROWID,int,NO
dbo,VR_DATA_SOURCE,ID,nvarchar,NO
dbo,VR_DATA_SOURCE,SOURCE_TYPE,int,NO
dbo,VR_DATA_SOURCE,SCOPE_TYPE,int,NO
dbo,VR_DATA_SOURCE,DESCRIPTION,nvarchar,YES
dbo,VR_DATA_SOURCE,USE_ANSI_92_JOIN,nchar,NO
dbo,VR_DATA_SOURCE,STATUS,nchar,NO
dbo,VR_DATA_SOURCE,FILTER_TEXT,nvarchar,YES
dbo,VR_DATA_SOURCE,CREATED_BY,nvarchar,YES
dbo,VR_DATA_SOURCE,LAST_MODIFIED_BY,nvarchar,YES
dbo,VR_DATA_SOURCE,LAST_MODIFIED,datetime,YES
dbo,VR_DATA_SOURCE,CREATE_DATE,datetime,NO
dbo,VR_DATA_SOURCE_COLUMN,ROWID,int,NO
dbo,VR_DATA_SOURCE_COLUMN,DATA_SOURCE_ID,nvarchar,NO
dbo,VR_DATA_SOURCE_COLUMN,NAME,nvarchar,NO
dbo,VR_DATA_SOURCE_COLUMN,TABLE_ALIAS,nvarchar,YES
dbo,VR_DATA_SOURCE_COLUMN,LABEL,nvarchar,YES
dbo,VR_DATA_SOURCE_COLUMN,SQL_REF,nvarchar,YES
dbo,VR_DATA_SOURCE_COLUMN,DATA_TYPE,nvarchar,NO
dbo,VR_DATA_SOURCE_COLUMN,DATA_FORMAT,nvarchar,YES
dbo,VR_DATA_SOURCE_COLUMN,BACKGROUND_COLOR,nvarchar,YES
dbo,VR_DATA_SOURCE_COLUMN,TEXT_COLOR,nvarchar,YES
dbo,VR_DATA_SOURCE_COLUMN,CELL_BKGD_COLOR,nvarchar,YES
dbo,VR_DATA_SOURCE_COLUMN,CELL_TEXT_COLOR,nvarchar,YES
dbo,VR_DATA_SOURCE_COLUMN,CLASS_NAME,nvarchar,YES
dbo,VR_DATA_SOURCE_COLUMN,FILTER_TYPE,nvarchar,NO
dbo,VR_DATA_SOURCE_COLUMN,FILTER_SOURCE_TYPE,nvarchar,YES
dbo,VR_DATA_SOURCE_COLUMN,FILTER_SOURCE_TEXT,nvarchar,YES
dbo,VR_DATA_SOURCE_COLUMN,SEQ_NO,int,NO
dbo,VR_DATA_SOURCE_COLUMN,IS_VISIBLE,nchar,NO
dbo,VR_DATA_SOURCE_TABLE,ROWID,int,NO
dbo,VR_DATA_SOURCE_TABLE,DATA_SOURCE_ID,nvarchar,NO
dbo,VR_DATA_SOURCE_TABLE,ALIAS,nvarchar,NO
dbo,VR_DATA_SOURCE_TABLE,NAME,nvarchar,NO
dbo,VR_DATA_SOURCE_TABLE,TYPE,int,NO
dbo,VR_DATA_SOURCE_TABLE,SEQ_NO,int,NO
dbo,VR_DATA_SOURCE_TABLE,JOIN_TYPE,int,NO
dbo,VR_DATA_SOURCE_TABLE,JOIN_TEXT,nvarchar,YES
dbo,VR_DATA_SRC_DRILLTO_PARAM,ROWID,int,NO
dbo,VR_DATA_SRC_DRILLTO_PARAM,DATA_SOURCE_ID,nvarchar,NO
dbo,VR_DATA_SRC_DRILLTO_PARAM,DATA_SOURCE_COLUMN_NAME,nvarchar,NO
dbo,VR_DATA_SRC_DRILLTO_PARAM,SEQUENCE_NO,int,NO
dbo,VR_DATA_SRC_DRILLTO_PARAM,PARAMETER_TYPE,nchar,NO
dbo,VR_DATA_SRC_DRILLTO_PARAM,PARAMETER_VALUE,nvarchar,YES
dbo,VR_GRID_CONFIG,ROWID,int,NO
dbo,VR_GRID_CONFIG,ID,nvarchar,NO
dbo,VR_GRID_CONFIG,DESCRIPTION,nvarchar,YES
dbo,VR_GRID_CONFIG,SCOPE_TYPE,int,NO
dbo,VR_GRID_CONFIG,TITLE,nvarchar,YES
dbo,VR_GRID_CONFIG,DATA_SOURCE_ID,nvarchar,NO
dbo,VR_GRID_CONFIG,STATUS,nchar,NO
dbo,VR_GRID_CONFIG,GRID_TYPE,nchar,NO
dbo,VR_GRID_CONFIG,VALUE_COL_NAME,nvarchar,YES
dbo,VR_GRID_CONFIG,VALUE_AGGR_TYPE,int,NO
dbo,VR_GRID_CONFIG,DEF_TOP_N,int,NO
dbo,VR_GRID_CONFIG,DEF_PERIOD_TYPE,int,YES
dbo,VR_GRID_CONFIG,DEF_PERIODS,int,YES
dbo,VR_GRID_CONFIG,DEF_HORIZ_PERIODS,int,YES
dbo,VR_GRID_CONFIG,DEF_PERIOD_BEGIN,datetime,YES
dbo,VR_GRID_CONFIG,DEF_PERIOD_END,datetime,YES
dbo,VR_GRID_CONFIG,CREATED_BY,nvarchar,YES
dbo,VR_GRID_CONFIG,LAST_MODIFIED_BY,nvarchar,YES
dbo,VR_GRID_CONFIG,LAST_MODIFIED,datetime,YES
dbo,VR_GRID_CONFIG,CREATE_DATE,datetime,NO
dbo,VR_GRID_CONFIG_COLUMN,ROWID,int,NO
dbo,VR_GRID_CONFIG_COLUMN,GRID_CONFIG_ID,nvarchar,NO
dbo,VR_GRID_CONFIG_COLUMN,NAME,nvarchar,NO
dbo,VR_GRID_CONFIG_COLUMN,IS_VISIBLE,nchar,NO
dbo,VR_GRID_CONFIG_COLUMN,SEQ_NO,int,NO
dbo,VR_MENU,ROWID,int,NO
dbo,VR_MENU,ID,nvarchar,NO
dbo,VR_MENU,LOCALE,nvarchar,NO
dbo,VR_MENU,DESCRIPTION,nvarchar,YES
dbo,VR_MENU_NODE,ROWID,int,NO
dbo,VR_MENU_NODE,MENU_ID,nvarchar,NO
dbo,VR_MENU_NODE,NODE_ID,int,NO
dbo,VR_MENU_NODE,PARENT_NODE_ID,int,YES
dbo,VR_MENU_NODE,MENU_STRING,nvarchar,YES
dbo,VR_MENU_NODE,PROGRAM_ID,nvarchar,YES
dbo,VR_MENU_NODE,URL_STRING,nvarchar,YES
dbo,VR_MENU_NODE,DEFAULT_VIEW_ID,nvarchar,YES
dbo,VR_MENU_NODE,LOCALE,nvarchar,NO
dbo,VR_MENU_NODE,ALLOW_VFIN,nchar,YES
dbo,VR_PAYABLE_DET,ROWID,int,NO
dbo,VR_PAYABLE_DET,VOUCHER_ID,nvarchar,YES
dbo,VR_PAYABLE_DET,SITE_ID,nvarchar,NO
dbo,VR_PAYABLE_DET,LINE_NO,smallint,YES
dbo,VR_PAYABLE_DET,PURC_ORDER_ID,nvarchar,YES
dbo,VR_PAYABLE_DET,PURC_ORDER_LINE_NO,smallint,YES
dbo,VR_PAYABLE_DET,RECEIVER_ID,nvarchar,YES
dbo,VR_PAYABLE_DET,RECEIVER_LINE_NO,smallint,YES
dbo,VR_PAYABLE_DET,QTY,decimal,YES
dbo,VR_PAYABLE_DET,AMOUNT,decimal,YES
dbo,VR_PAYABLE_HDR,ROWID,int,NO
dbo,VR_PAYABLE_HDR,VOUCHER_ID,nvarchar,YES
dbo,VR_PAYABLE_HDR,INVOICE_DATE,datetime,YES
dbo,VR_PAYABLE_HDR,PAYMENT_DATE,datetime,YES
dbo,VR_PAYABLE_HDR,DUE_DATE,datetime,YES
dbo,VR_PAYABLE_HDR,LAST_PAID_DATE,datetime,YES
dbo,VR_PAYABLE_HDR,ZERO_DATE,datetime,YES
dbo,VR_PAYABLE_HDR,POSTING_DATE,datetime,YES
dbo,VR_PAYABLE_HDR,PAY_STATUS,nvarchar,YES
dbo,VR_PAYABLE_HDR,USER_PAY_STATUS,nvarchar,YES
dbo,VR_PAYABLE_HDR,TOTAL_AMOUNT,decimal,YES
dbo,VR_PAYABLE_HDR,PAID_AMOUNT,decimal,YES
dbo,VR_PAYABLE_HDR,DISCOUNT_TAKEN,decimal,YES
dbo,VR_PAYABLE_HDR,SITE_ID,nvarchar,NO
dbo,VR_PAYABLE_HDR,VENDOR_ID,nvarchar,YES
dbo,VR_PAYABLE_HDR,VENDOR_NAME,nvarchar,YES
dbo,VR_PAYABLE_HDR,INVOICE_ID,nvarchar,YES
dbo,VR_PAYABLE_HDR,CURRENCY_ID,nvarchar,YES
dbo,VR_PAYABLE_HDR,SELL_RATE,decimal,YES
dbo,VR_PAYABLE_HDR,INVOICE_STYLE,nvarchar,YES
dbo,VR_PROPERTY,ROWID,int,NO
dbo,VR_PROPERTY,NAME,nvarchar,YES
dbo,VR_PROPERTY,VALUE,nvarchar,YES
dbo,VR_PURCORD_DET,ROWID,int,NO
dbo,VR_PURCORD_DET,PURC_ORDER_ID,nvarchar,YES
dbo,VR_PURCORD_DET,LINE_NO,smallint,YES
dbo,VR_PURCORD_DET,DEL_LINE_NO,smallint,YES
dbo,VR_PURCORD_DET,ORDER_DATE,datetime,YES
dbo,VR_PURCORD_DET,DESIRED_RECV_DATE,datetime,YES
dbo,VR_PURCORD_DET,STATUS,nvarchar,YES
dbo,VR_PURCORD_DET,USER_STATUS,nvarchar,YES
dbo,VR_PURCORD_DET,VENDOR_ID,nvarchar,YES
dbo,VR_PURCORD_DET,VENDOR_NAME,nvarchar,YES
dbo,VR_PURCORD_DET,BUYER,nvarchar,YES
dbo,VR_PURCORD_DET,SELL_RATE,decimal,YES
dbo,VR_PURCORD_DET,CURRENCY_ID,nvarchar,YES
dbo,VR_PURCORD_DET,AMOUNT_ORDERED,decimal,YES
dbo,VR_PURCORD_DET,AMOUNT_RECEIVED,decimal,YES
dbo,VR_PURCORD_DET,TRADE_DISC_PERCENT,decimal,YES
dbo,VR_PURCORD_DET,FIXED_CHARGE,decimal,YES
dbo,VR_PURCORD_DET,MINIMUM_CHARGE,decimal,YES
dbo,VR_PURCORD_DET,PART_ID,nvarchar,YES
dbo,VR_PURCORD_DET,PART_DESCRIPTION,nvarchar,YES
dbo,VR_PURCORD_DET,SERVICE_ID,nvarchar,YES
dbo,VR_PURCORD_DET,SERV_DESCRIPTION,nvarchar,YES
dbo,VR_PURCORD_DET,PRODUCT_CODE,nvarchar,YES
dbo,VR_PURCORD_DET,COMMODITY_CODE,nvarchar,YES
dbo,VR_PURCORD_DET,WAREHOUSE_ID,nvarchar,YES
dbo,VR_PURCORD_DET,USER_ORDER_QTY,decimal,YES
dbo,VR_PURCORD_DET,USER_RECVD_QTY,decimal,YES
dbo,VR_PURCORD_DET,PURCHASE_UM,nvarchar,YES
dbo,VR_PURCORD_DET,UNIT_PRICE,decimal,YES
dbo,VR_PURCORD_DET,SITE_ID,nvarchar,NO
dbo,VR_RECEIVABLE_HDR,ROWID,int,NO
dbo,VR_RECEIVABLE_HDR,INVOICE_ID,nvarchar,YES
dbo,VR_RECEIVABLE_HDR,INVOICE_DATE,datetime,YES
dbo,VR_RECEIVABLE_HDR,LAST_PAID_DATE,datetime,YES
dbo,VR_RECEIVABLE_HDR,ZERO_DATE,datetime,YES
dbo,VR_RECEIVABLE_HDR,POSTING_DATE,datetime,YES
dbo,VR_RECEIVABLE_HDR,DUE_DATE,datetime,YES
dbo,VR_RECEIVABLE_HDR,TOTAL_AMOUNT,decimal,YES
dbo,VR_RECEIVABLE_HDR,PAID_AMOUNT,decimal,YES
dbo,VR_RECEIVABLE_HDR,DISCOUNT_GIVEN,decimal,YES
dbo,VR_RECEIVABLE_HDR,SITE_ID,nvarchar,NO
dbo,VR_RECEIVABLE_HDR,CUSTOMER_ID,nvarchar,YES
dbo,VR_RECEIVABLE_HDR,CUSTOMER_NAME,nvarchar,YES
dbo,VR_RECEIVABLE_HDR,SALESREP_ID,nvarchar,YES
dbo,VR_RECEIVABLE_HDR,CURRENCY_ID,nvarchar,YES
dbo,VR_RECEIVABLE_HDR,SELL_RATE,decimal,YES
dbo,VR_RECEIVABLE_HDR,INVOICE_STYLE,nvarchar,YES
dbo,VR_RECEIVER_DET,ROWID,int,NO
dbo,VR_RECEIVER_DET,RECEIVER_ID,nvarchar,YES
dbo,VR_RECEIVER_DET,RECEIVER_LINE_NO,smallint,YES
dbo,VR_RECEIVER_DET,RECEIVER_DEL_LINE_NO,smallint,YES
dbo,VR_RECEIVER_DET,RECEIVED_DATE,datetime,YES
dbo,VR_RECEIVER_DET,USER_RECEIVED_QTY,decimal,YES
dbo,VR_RECEIVER_DET,AMOUNT_RECEIVED,decimal,YES
dbo,VR_RECEIVER_DET,PURC_ORDER_ID,nvarchar,YES
dbo,VR_RECEIVER_DET,PURC_ORDER_LINE_NO,smallint,YES
dbo,VR_RECEIVER_DET,PURC_DEL_LINE_NO,smallint,YES
dbo,VR_RECEIVER_DET,ORDER_DATE,datetime,YES
dbo,VR_RECEIVER_DET,DESIRED_RECV_DATE,datetime,YES
dbo,VR_RECEIVER_DET,PURCHASE_UM,nvarchar,YES
dbo,VR_RECEIVER_DET,USER_ORDER_QTY,decimal,YES
dbo,VR_RECEIVER_DET,AMOUNT_ORDERED,decimal,YES
dbo,VR_RECEIVER_DET,UNIT_PRICE,decimal,YES
dbo,VR_RECEIVER_DET,TRADE_DISC_PERCENT,decimal,YES
dbo,VR_RECEIVER_DET,FIXED_CHARGE,decimal,YES
dbo,VR_RECEIVER_DET,MINIMUM_CHARGE,decimal,YES
dbo,VR_RECEIVER_DET,SELL_RATE,decimal,YES
dbo,VR_RECEIVER_DET,ORDER_STATUS,nvarchar,YES
dbo,VR_RECEIVER_DET,USER_ORDER_STATUS,nvarchar,YES
dbo,VR_RECEIVER_DET,CURRENCY_ID,nvarchar,YES
dbo,VR_RECEIVER_DET,VENDOR_ID,nvarchar,YES
dbo,VR_RECEIVER_DET,VENDOR_NAME,nvarchar,YES
dbo,VR_RECEIVER_DET,BUYER,nvarchar,YES
dbo,VR_RECEIVER_DET,PRODUCT_CODE,nvarchar,YES
dbo,VR_RECEIVER_DET,COMMODITY_CODE,nvarchar,YES
dbo,VR_RECEIVER_DET,PART_ID,nvarchar,YES
dbo,VR_RECEIVER_DET,PART_DESCRIPTION,nvarchar,YES
dbo,VR_RECEIVER_DET,SERVICE_ID,nvarchar,YES
dbo,VR_RECEIVER_DET,SERVICE_DESCRIPTION,nvarchar,YES
dbo,VR_RECEIVER_DET,SITE_ID,nvarchar,NO
dbo,VR_RECEIVER_DET,RPT_DAYS_DIFF,smallint,YES
dbo,VR_SHIPMENT_DET,ROWID,int,NO
dbo,VR_SHIPMENT_DET,PACKLIST_ID,nvarchar,YES
dbo,VR_SHIPMENT_DET,SHIPPER_LINE_NO,smallint,YES
dbo,VR_SHIPMENT_DET,SHIPPER_DEL_LINE_NO,smallint,YES
dbo,VR_SHIPMENT_DET,ORDER_DATE,datetime,YES
dbo,VR_SHIPMENT_DET,DESIRED_SHIP_DATE,datetime,YES
dbo,VR_SHIPMENT_DET,SHIPPED_DATE,datetime,YES
dbo,VR_SHIPMENT_DET,USER_ORDER_QTY,decimal,YES
dbo,VR_SHIPMENT_DET,USER_SHIPPED_QTY,decimal,YES
dbo,VR_SHIPMENT_DET,SELLING_UM,nvarchar,YES
dbo,VR_SHIPMENT_DET,CUST_ORDER_ID,nvarchar,YES
dbo,VR_SHIPMENT_DET,CUST_ORDER_LINE_NO,smallint,YES
dbo,VR_SHIPMENT_DET,CUST_DEL_LINE_NO,smallint,YES
dbo,VR_SHIPMENT_DET,AMOUNT_ORDERED,decimal,YES
dbo,VR_SHIPMENT_DET,AMOUNT_SHIPPED,decimal,YES
dbo,VR_SHIPMENT_DET,UNIT_PRICE,decimal,YES
dbo,VR_SHIPMENT_DET,TRADE_DISC_PERCENT,decimal,YES
dbo,VR_SHIPMENT_DET,SELL_RATE,decimal,YES
dbo,VR_SHIPMENT_DET,ORDER_STATUS,nvarchar,YES
dbo,VR_SHIPMENT_DET,USER_ORDER_STATUS,nvarchar,YES
dbo,VR_SHIPMENT_DET,CURRENCY_ID,nvarchar,YES
dbo,VR_SHIPMENT_DET,CUSTOMER_ID,nvarchar,YES
dbo,VR_SHIPMENT_DET,CUSTOMER_NAME,nvarchar,YES
dbo,VR_SHIPMENT_DET,SALESREP_ID,nvarchar,YES
dbo,VR_SHIPMENT_DET,PRODUCT_CODE,nvarchar,YES
dbo,VR_SHIPMENT_DET,TERRITORY,nvarchar,YES
dbo,VR_SHIPMENT_DET,COMMODITY_CODE,nvarchar,YES
dbo,VR_SHIPMENT_DET,PART_ID,nvarchar,YES
dbo,VR_SHIPMENT_DET,PART_DESCRIPTION,nvarchar,YES
dbo,VR_SHIPMENT_DET,SERVICE_CHARGE_ID,nvarchar,YES
dbo,VR_SHIPMENT_DET,SITE_ID,nvarchar,NO
dbo,VR_SHIPMENT_DET,RPT_DAYS_DIFF,smallint,YES
dbo,VR_WORKORDER_HDR,ROWID,int,NO
dbo,VR_WORKORDER_HDR,WORKORDER_TYPE,nchar,YES
dbo,VR_WORKORDER_HDR,WORKORDER_BASE_ID,nvarchar,YES
dbo,VR_WORKORDER_HDR,WORKORDER_LOT_ID,nvarchar,YES
dbo,VR_WORKORDER_HDR,WORKORDER_SPLIT_ID,nvarchar,YES
dbo,VR_WORKORDER_HDR,WORKORDER_SUB_ID,nvarchar,YES
dbo,VR_WORKORDER_HDR,PART_ID,nvarchar,YES
dbo,VR_WORKORDER_HDR,PART_DESCRIPTION,nvarchar,YES
dbo,VR_WORKORDER_HDR,RELEASE_DATE,datetime,YES
dbo,VR_WORKORDER_HDR,WANT_DATE,datetime,YES
dbo,VR_WORKORDER_HDR,CLOSE_DATE,datetime,YES
dbo,VR_WORKORDER_HDR,DESIRED_QTY,decimal,YES
dbo,VR_WORKORDER_HDR,RECEIVED_QTY,decimal,YES
dbo,VR_WORKORDER_HDR,STOCK_UM,nvarchar,YES
dbo,VR_WORKORDER_HDR,STATUS,nvarchar,YES
dbo,VR_WORKORDER_HDR,USER_STATUS,nvarchar,YES
dbo,VR_WORKORDER_HDR,PRODUCT_CODE,nvarchar,YES
dbo,VR_WORKORDER_HDR,COMMODITY_CODE,nvarchar,YES
dbo,VR_WORKORDER_HDR,ESTIMATED_COST,decimal,YES
dbo,VR_WORKORDER_HDR,ACTUAL_COST,decimal,YES
dbo,VR_WORKORDER_HDR,REMAINING_COST,decimal,YES
dbo,VR_WORKORDER_HDR,PROJECTED_COST,decimal,YES
dbo,VR_WORKORDER_HDR,WAREHOUSE_ID,nvarchar,YES
dbo,VR_WORKORDER_HDR,PLANNER_USER_ID,nvarchar,YES
dbo,VR_WORKORDER_HDR,CURRENCY_ID,nvarchar,YES
dbo,WAREHOUSE,ROWID,int,NO
dbo,WAREHOUSE,ID,nvarchar,NO
dbo,WAREHOUSE,DESCRIPTION,nvarchar,YES
dbo,WAREHOUSE,NAME,nvarchar,YES
dbo,WAREHOUSE,ADDR_1,nvarchar,YES
dbo,WAREHOUSE,ADDR_2,nvarchar,YES
dbo,WAREHOUSE,ADDR_3,nvarchar,YES
dbo,WAREHOUSE,CITY,nvarchar,YES
dbo,WAREHOUSE,STATE,nvarchar,YES
dbo,WAREHOUSE,ZIPCODE,nvarchar,YES
dbo,WAREHOUSE,COUNTRY,nvarchar,YES
dbo,WAREHOUSE,REGION_ID,nvarchar,YES
dbo,WAREHOUSE,COUNTRY_ID,nvarchar,YES
dbo,WAREHOUSE,VAT_REGISTRATION,nvarchar,YES
dbo,WAREHOUSE,WIP_VAS,nchar,YES
dbo,WAREHOUSE,DEF_LBL_FORMAT_ID,nvarchar,YES
dbo,WAREHOUSE,INDEPENDENT,nchar,NO
dbo,WAREHOUSE,VDW_INSTALLED,nchar,YES
dbo,WAREHOUSE,INV_NOT_SHARED,nchar,YES
dbo,WAREHOUSE,MRP_EXEMPT,nchar,NO
dbo,WAREHOUSE,CUSTOMER_ID,nvarchar,YES
dbo,WAREHOUSE,VENDOR_ID,nvarchar,YES
dbo,WAREHOUSE,CONSIGNED_TYPE,nchar,YES
dbo,WAREHOUSE,SITE_ID,nvarchar,NO
dbo,WAREHOUSE,WAREHOUSE_COUNTRY_ID,nvarchar,YES
dbo,WAREHOUSE_ADDRESS,ROWID,int,NO
dbo,WAREHOUSE_ADDRESS,WAREHOUSE_ID,nvarchar,NO
dbo,WAREHOUSE_ADDRESS,ADDR_NO,int,NO
dbo,WAREHOUSE_ADDRESS,SHIPTO_ID,nvarchar,YES
dbo,WAREHOUSE_ADDRESS,NAME,nvarchar,YES
dbo,WAREHOUSE_ADDRESS,ADDR_1,nvarchar,YES
dbo,WAREHOUSE_ADDRESS,ADDR_2,nvarchar,YES
dbo,WAREHOUSE_ADDRESS,ADDR_3,nvarchar,YES
dbo,WAREHOUSE_ADDRESS,CITY,nvarchar,YES
dbo,WAREHOUSE_ADDRESS,STATE,nvarchar,YES
dbo,WAREHOUSE_ADDRESS,ZIPCODE,nvarchar,YES
dbo,WAREHOUSE_ADDRESS,COUNTRY,nvarchar,YES
dbo,WAREHOUSE_ADDRESS,VAT_REGISTRATION,nvarchar,YES
dbo,WAREHOUSE_ADDRESS,WAREHOUSE_ADDR_COUNTRY_ID,nvarchar,YES
dbo,WAREHOUSE_WIP_VAS,ROWID,int,NO
dbo,WAREHOUSE_WIP_VAS,WAREHOUSE_ID,nvarchar,NO
dbo,WAREHOUSE_WIP_VAS,PART_ID,nvarchar,NO
dbo,WAREHOUSE_WIP_VAS,WIP_VAS_ID,nvarchar,NO
dbo,WAREHOUSE_WIP_VAS,UNIT_PRICE,decimal,NO
dbo,WBS,ROWID,int,NO
dbo,WBS,CODE,nvarchar,NO
dbo,WBS,PROJECT_ID,nvarchar,NO
dbo,WBS,DESCRIPTION,nvarchar,YES
dbo,WBS,STATUS,nchar,YES
dbo,WBS,BILLABLE,nchar,YES
dbo,WBS,CLIN,nvarchar,YES
dbo,WBS,CWBS,nvarchar,YES
dbo,WBS,CDRL,nvarchar,YES
dbo,WBS,DEF_DEPARTMENT_ID,nvarchar,YES
dbo,WBS,TRANSFER_COSTS,nchar,YES
dbo,WBS,STATUS_EFF_DATE,datetime,NO
dbo,WBS_BILLABLE_TYPE,ROWID,int,NO
dbo,WBS_BILLABLE_TYPE,CODE,nvarchar,NO
dbo,WBS_BILLABLE_TYPE,DESCRIPTION,nvarchar,YES
dbo,WEB_SESSION,ROWID,int,NO
dbo,WEB_SESSION,USER_ID,nvarchar,NO
dbo,WEB_SESSION,APPLICATION_ID,nvarchar,NO
dbo,WEB_SESSION,TOKEN,nvarchar,NO
dbo,WEB_SESSION,LAST_ACTIVITY,datetime,NO
dbo,WEB_SESSION,EXPIRE_DATE,datetime,NO
dbo,WEB_SESSION,CREATE_DATE,datetime,NO
dbo,WH_SHIP_ADVICE,ROWID,int,NO
dbo,WH_SHIP_ADVICE,ID,nvarchar,NO
dbo,WH_SHIP_ADVICE,BOL_ID,nvarchar,YES
dbo,WH_SHIP_ADVICE,CARRIER_REF,nvarchar,YES
dbo,WH_SHIP_ADVICE,TRANS_METHOD_CODE,nvarchar,YES
dbo,WH_SHIP_ADVICE,SHIPMENT_ID,nvarchar,YES
dbo,WH_SHIP_ADVICE,WSA_ON_HOLD,nchar,YES
dbo,WH_SHIP_ADVICE,WSA_TRANSMITTED,nchar,YES
dbo,WH_SHIP_ADVICE,WSA_TRANSMITTED_BY,nvarchar,YES
dbo,WH_SHIP_ADVICE,WSA_TRANSMIT_DATE,datetime,YES
dbo,WH_SHIP_ADVICE,SHIP_DATE_CHG_RSN,nvarchar,YES
dbo,WH_SHIP_ADVICE,CARRIER_RT_CHG_RSN,nvarchar,YES
dbo,WH_SHIP_ADVICE,USER_1,nvarchar,YES
dbo,WH_SHIP_ADVICE,USER_2,nvarchar,YES
dbo,WH_SHIP_ADVICE,USER_3,nvarchar,YES
dbo,WH_SHIP_ADVICE,USER_4,nvarchar,YES
dbo,WH_SHIP_ADVICE,USER_5,nvarchar,YES
dbo,WH_SHIP_ADVICE,USER_6,nvarchar,YES
dbo,WH_SHIP_ADVICE,USER_7,nvarchar,YES
dbo,WH_SHIP_ADVICE,USER_8,nvarchar,YES
dbo,WH_SHIP_ADVICE,USER_9,nvarchar,YES
dbo,WH_SHIP_ADVICE,USER_10,nvarchar,YES
dbo,WH_SHIP_ADVICE,UDF_LAYOUT_ID,nvarchar,YES
dbo,WIP_BALANCE,ROWID,int,NO
dbo,WIP_BALANCE,WORKORDER_TYPE,nchar,NO
dbo,WIP_BALANCE,WORKORDER_BASE_ID,nvarchar,NO
dbo,WIP_BALANCE,WORKORDER_LOT_ID,nvarchar,NO
dbo,WIP_BALANCE,WORKORDER_SPLIT_ID,nvarchar,NO
dbo,WIP_BALANCE,WORKORDER_SUB_ID,nvarchar,NO
dbo,WIP_BALANCE,POSTING_DATE,datetime,NO
dbo,WIP_BALANCE,FLAG,nchar,NO
dbo,WIP_BALANCE,MATERIAL_AMOUNT,decimal,YES
dbo,WIP_BALANCE,LABOR_AMOUNT,decimal,YES
dbo,WIP_BALANCE,BURDEN_AMOUNT,decimal,YES
dbo,WIP_BALANCE,SERVICE_AMOUNT,decimal,YES
dbo,WIP_BALANCE,MAT_GL_ACCT_ID,nvarchar,YES
dbo,WIP_BALANCE,LAB_GL_ACCT_ID,nvarchar,YES
dbo,WIP_BALANCE,BUR_GL_ACCT_ID,nvarchar,YES
dbo,WIP_BALANCE,SER_GL_ACCT_ID,nvarchar,YES
dbo,WIP_BALANCE,CURRENCY_ID,nvarchar,NO
dbo,WIP_BALANCE,SITE_ID,nvarchar,NO
dbo,WIP_ISSUE_DETAIL,ROWID,int,NO
dbo,WIP_ISSUE_DETAIL,WORKORDER_TYPE,nchar,NO
dbo,WIP_ISSUE_DETAIL,WORKORDER_BASE_ID,nvarchar,NO
dbo,WIP_ISSUE_DETAIL,WORKORDER_LOT_ID,nvarchar,NO
dbo,WIP_ISSUE_DETAIL,WORKORDER_SPLIT_ID,nvarchar,NO
dbo,WIP_ISSUE_DETAIL,WORKORDER_SUB_ID,nvarchar,NO
dbo,WIP_ISSUE_DETAIL,DIST_NO,smallint,NO
dbo,WIP_ISSUE_DETAIL,TRANSACTION_ID,int,NO
dbo,WIP_ISSUE_DETAIL,PART_ID,nvarchar,YES
dbo,WIP_ISSUE_DETAIL,ACT_MATERIAL_COST,decimal,YES
dbo,WIP_ISSUE_DETAIL,ACT_LABOR_COST,decimal,YES
dbo,WIP_ISSUE_DETAIL,ACT_BURDEN_COST,decimal,YES
dbo,WIP_ISSUE_DETAIL,ACT_SERVICE_COST,decimal,YES
dbo,WIP_ISSUE_DETAIL,REFERENCE,nvarchar,YES
dbo,WIP_ISSUE_DETAIL,CURRENCY_ID,nvarchar,NO
dbo,WIP_ISSUE_DETAIL,DR_MAT_GL_ACCT_ID,nvarchar,YES
dbo,WIP_ISSUE_DETAIL,DR_LAB_GL_ACCT_ID,nvarchar,YES
dbo,WIP_ISSUE_DETAIL,DR_BUR_GL_ACCT_ID,nvarchar,YES
dbo,WIP_ISSUE_DETAIL,DR_SER_GL_ACCT_ID,nvarchar,YES
dbo,WIP_ISSUE_DETAIL,CR_MAT_GL_ACCT_ID,nvarchar,YES
dbo,WIP_ISSUE_DETAIL,CR_LAB_GL_ACCT_ID,nvarchar,YES
dbo,WIP_ISSUE_DETAIL,CR_BUR_GL_ACCT_ID,nvarchar,YES
dbo,WIP_ISSUE_DETAIL,CR_SER_GL_ACCT_ID,nvarchar,YES
dbo,WIP_ISSUE_DIST,ROWID,int,NO
dbo,WIP_ISSUE_DIST,WORKORDER_TYPE,nchar,NO
dbo,WIP_ISSUE_DIST,WORKORDER_BASE_ID,nvarchar,NO
dbo,WIP_ISSUE_DIST,WORKORDER_LOT_ID,nvarchar,NO
dbo,WIP_ISSUE_DIST,WORKORDER_SPLIT_ID,nvarchar,NO
dbo,WIP_ISSUE_DIST,WORKORDER_SUB_ID,nvarchar,NO
dbo,WIP_ISSUE_DIST,DIST_NO,smallint,NO
dbo,WIP_ISSUE_DIST,ENTRY_NO,smallint,NO
dbo,WIP_ISSUE_DIST,AMOUNT,decimal,NO
dbo,WIP_ISSUE_DIST,AMOUNT_TYPE,nchar,NO
dbo,WIP_ISSUE_DIST,GL_ACCOUNT_ID,nvarchar,NO
dbo,WIP_ISSUE_DIST,SITE_ID,nvarchar,NO
dbo,WIP_ISSUE_DIST,POSTING_STATUS,nchar,NO
dbo,WIP_ISSUE_DIST,POSTING_DATE,datetime,NO
dbo,WIP_ISSUE_DIST,BATCH_ID,nvarchar,YES
dbo,WIP_ISSUE_DIST,CREATE_DATE,datetime,NO
dbo,WIP_ISSUE_DIST,USER_ID,nvarchar,NO
dbo,WIP_ISSUE_DIST,CURRENCY_ID,nvarchar,NO
dbo,WIP_ISSUE_DIST,NATIVE,nchar,YES
dbo,WIP_LABOR_DETAIL,ROWID,int,NO
dbo,WIP_LABOR_DETAIL,WORKORDER_TYPE,nchar,NO
dbo,WIP_LABOR_DETAIL,WORKORDER_BASE_ID,nvarchar,NO
dbo,WIP_LABOR_DETAIL,WORKORDER_LOT_ID,nvarchar,NO
dbo,WIP_LABOR_DETAIL,WORKORDER_SPLIT_ID,nvarchar,NO
dbo,WIP_LABOR_DETAIL,WORKORDER_SUB_ID,nvarchar,NO
dbo,WIP_LABOR_DETAIL,DIST_NO,smallint,NO
dbo,WIP_LABOR_DETAIL,TRANSACTION_ID,int,NO
dbo,WIP_LABOR_DETAIL,ACT_MATERIAL_COST,decimal,YES
dbo,WIP_LABOR_DETAIL,ACT_LABOR_COST,decimal,YES
dbo,WIP_LABOR_DETAIL,ACT_BURDEN_COST,decimal,YES
dbo,WIP_LABOR_DETAIL,ACT_SERVICE_COST,decimal,YES
dbo,WIP_LABOR_DETAIL,REFERENCE,nvarchar,YES
dbo,WIP_LABOR_DETAIL,CURRENCY_ID,nvarchar,NO
dbo,WIP_LABOR_DETAIL,DR_MAT_GL_ACCT_ID,nvarchar,YES
dbo,WIP_LABOR_DETAIL,DR_LAB_GL_ACCT_ID,nvarchar,YES
dbo,WIP_LABOR_DETAIL,DR_BUR_GL_ACCT_ID,nvarchar,YES
dbo,WIP_LABOR_DETAIL,DR_SER_GL_ACCT_ID,nvarchar,YES
dbo,WIP_LABOR_DETAIL,CR_MAT_GL_ACCT_ID,nvarchar,YES
dbo,WIP_LABOR_DETAIL,CR_LAB_GL_ACCT_ID,nvarchar,YES
dbo,WIP_LABOR_DETAIL,CR_BUR_GL_ACCT_ID,nvarchar,YES
dbo,WIP_LABOR_DETAIL,CR_SER_GL_ACCT_ID,nvarchar,YES
dbo,WIP_PAYB_DETAIL,ROWID,int,NO
dbo,WIP_PAYB_DETAIL,WORKORDER_TYPE,nchar,NO
dbo,WIP_PAYB_DETAIL,WORKORDER_BASE_ID,nvarchar,NO
dbo,WIP_PAYB_DETAIL,WORKORDER_LOT_ID,nvarchar,NO
dbo,WIP_PAYB_DETAIL,WORKORDER_SPLIT_ID,nvarchar,NO
dbo,WIP_PAYB_DETAIL,WORKORDER_SUB_ID,nvarchar,NO
dbo,WIP_PAYB_DETAIL,DIST_NO,smallint,NO
dbo,WIP_PAYB_DETAIL,VOUCHER_ID,nvarchar,NO
dbo,WIP_PAYB_DETAIL,VOUCHER_LINE_NO,smallint,NO
dbo,WIP_PAYB_DETAIL,ACT_MATERIAL_COST,decimal,YES
dbo,WIP_PAYB_DETAIL,ACT_LABOR_COST,decimal,YES
dbo,WIP_PAYB_DETAIL,ACT_BURDEN_COST,decimal,YES
dbo,WIP_PAYB_DETAIL,ACT_SERVICE_COST,decimal,YES
dbo,WIP_PAYB_DETAIL,REFERENCE,nvarchar,YES
dbo,WIP_PAYB_DETAIL,CURRENCY_ID,nvarchar,NO
dbo,WIP_RECEIPT_DETAIL,ROWID,int,NO
dbo,WIP_RECEIPT_DETAIL,WORKORDER_TYPE,nchar,NO
dbo,WIP_RECEIPT_DETAIL,WORKORDER_BASE_ID,nvarchar,NO
dbo,WIP_RECEIPT_DETAIL,WORKORDER_LOT_ID,nvarchar,NO
dbo,WIP_RECEIPT_DETAIL,WORKORDER_SPLIT_ID,nvarchar,NO
dbo,WIP_RECEIPT_DETAIL,WORKORDER_SUB_ID,nvarchar,NO
dbo,WIP_RECEIPT_DETAIL,DIST_NO,smallint,NO
dbo,WIP_RECEIPT_DETAIL,TRANSACTION_ID,int,NO
dbo,WIP_RECEIPT_DETAIL,PART_ID,nvarchar,YES
dbo,WIP_RECEIPT_DETAIL,PRODUCT_CODE,nvarchar,YES
dbo,WIP_RECEIPT_DETAIL,FLAG,nchar,NO
dbo,WIP_RECEIPT_DETAIL,ACT_MATERIAL_COST,decimal,YES
dbo,WIP_RECEIPT_DETAIL,ACT_LABOR_COST,decimal,YES
dbo,WIP_RECEIPT_DETAIL,ACT_BURDEN_COST,decimal,YES
dbo,WIP_RECEIPT_DETAIL,ACT_SERVICE_COST,decimal,YES
dbo,WIP_RECEIPT_DETAIL,VAR_MATERIAL_COST,decimal,YES
dbo,WIP_RECEIPT_DETAIL,VAR_LABOR_COST,decimal,YES
dbo,WIP_RECEIPT_DETAIL,VAR_BURDEN_COST,decimal,YES
dbo,WIP_RECEIPT_DETAIL,VAR_SERVICE_COST,decimal,YES
dbo,WIP_RECEIPT_DETAIL,REFERENCE,nvarchar,YES
dbo,WIP_RECEIPT_DETAIL,CURRENCY_ID,nvarchar,NO
dbo,WIP_RECEIPT_DETAIL,DR_MAT_GL_ACCT_ID,nvarchar,YES
dbo,WIP_RECEIPT_DETAIL,DR_LAB_GL_ACCT_ID,nvarchar,YES
dbo,WIP_RECEIPT_DETAIL,DR_BUR_GL_ACCT_ID,nvarchar,YES
dbo,WIP_RECEIPT_DETAIL,DR_SER_GL_ACCT_ID,nvarchar,YES
dbo,WIP_RECEIPT_DETAIL,CR_MAT_GL_ACCT_ID,nvarchar,YES
dbo,WIP_RECEIPT_DETAIL,CR_LAB_GL_ACCT_ID,nvarchar,YES
dbo,WIP_RECEIPT_DETAIL,CR_BUR_GL_ACCT_ID,nvarchar,YES
dbo,WIP_RECEIPT_DETAIL,CR_SER_GL_ACCT_ID,nvarchar,YES
dbo,WIP_RECEIPT_DIST,ROWID,int,NO
dbo,WIP_RECEIPT_DIST,WORKORDER_TYPE,nchar,NO
dbo,WIP_RECEIPT_DIST,WORKORDER_BASE_ID,nvarchar,NO
dbo,WIP_RECEIPT_DIST,WORKORDER_LOT_ID,nvarchar,NO
dbo,WIP_RECEIPT_DIST,WORKORDER_SPLIT_ID,nvarchar,NO
dbo,WIP_RECEIPT_DIST,WORKORDER_SUB_ID,nvarchar,NO
dbo,WIP_RECEIPT_DIST,DIST_NO,smallint,NO
dbo,WIP_RECEIPT_DIST,ENTRY_NO,smallint,NO
dbo,WIP_RECEIPT_DIST,AMOUNT,decimal,NO
dbo,WIP_RECEIPT_DIST,AMOUNT_TYPE,nchar,NO
dbo,WIP_RECEIPT_DIST,GL_ACCOUNT_ID,nvarchar,NO
dbo,WIP_RECEIPT_DIST,SITE_ID,nvarchar,NO
dbo,WIP_RECEIPT_DIST,POSTING_STATUS,nchar,NO
dbo,WIP_RECEIPT_DIST,POSTING_DATE,datetime,NO
dbo,WIP_RECEIPT_DIST,BATCH_ID,nvarchar,YES
dbo,WIP_RECEIPT_DIST,CREATE_DATE,datetime,NO
dbo,WIP_RECEIPT_DIST,USER_ID,nvarchar,NO
dbo,WIP_RECEIPT_DIST,CURRENCY_ID,nvarchar,NO
dbo,WIP_RECEIPT_DIST,NATIVE,nchar,YES
dbo,WIP_SERVICE_DETAIL,ROWID,int,NO
dbo,WIP_SERVICE_DETAIL,WORKORDER_TYPE,nchar,NO
dbo,WIP_SERVICE_DETAIL,WORKORDER_BASE_ID,nvarchar,NO
dbo,WIP_SERVICE_DETAIL,WORKORDER_LOT_ID,nvarchar,NO
dbo,WIP_SERVICE_DETAIL,WORKORDER_SPLIT_ID,nvarchar,NO
dbo,WIP_SERVICE_DETAIL,WORKORDER_SUB_ID,nvarchar,NO
dbo,WIP_SERVICE_DETAIL,DIST_NO,smallint,NO
dbo,WIP_SERVICE_DETAIL,TRANSACTION_ID,int,NO
dbo,WIP_SERVICE_DETAIL,ACT_MATERIAL_COST,decimal,YES
dbo,WIP_SERVICE_DETAIL,ACT_LABOR_COST,decimal,YES
dbo,WIP_SERVICE_DETAIL,ACT_BURDEN_COST,decimal,YES
dbo,WIP_SERVICE_DETAIL,ACT_SERVICE_COST,decimal,YES
dbo,WIP_SERVICE_DETAIL,REFERENCE,nvarchar,YES
dbo,WIP_SERVICE_DETAIL,CURRENCY_ID,nvarchar,NO
dbo,WIP_SERVICE_DETAIL,DR_MAT_GL_ACCT_ID,nvarchar,YES
dbo,WIP_SERVICE_DETAIL,DR_LAB_GL_ACCT_ID,nvarchar,YES
dbo,WIP_SERVICE_DETAIL,DR_BUR_GL_ACCT_ID,nvarchar,YES
dbo,WIP_SERVICE_DETAIL,DR_SER_GL_ACCT_ID,nvarchar,YES
dbo,WIP_SERVICE_DETAIL,CR_MAT_GL_ACCT_ID,nvarchar,YES
dbo,WIP_SERVICE_DETAIL,CR_LAB_GL_ACCT_ID,nvarchar,YES
dbo,WIP_SERVICE_DETAIL,CR_BUR_GL_ACCT_ID,nvarchar,YES
dbo,WIP_SERVICE_DETAIL,CR_SER_GL_ACCT_ID,nvarchar,YES
dbo,WIP_SPLIT_DETAIL,ROWID,int,NO
dbo,WIP_SPLIT_DETAIL,WORKORDER_TYPE,nchar,NO
dbo,WIP_SPLIT_DETAIL,WORKORDER_BASE_ID,nvarchar,NO
dbo,WIP_SPLIT_DETAIL,WORKORDER_LOT_ID,nvarchar,NO
dbo,WIP_SPLIT_DETAIL,WORKORDER_SPLIT_ID,nvarchar,NO
dbo,WIP_SPLIT_DETAIL,WORKORDER_SUB_ID,nvarchar,NO
dbo,WIP_SPLIT_DETAIL,DIST_NO,smallint,NO
dbo,WIP_SPLIT_DETAIL,TRANSACTION_ID,int,NO
dbo,WIP_SPLIT_DETAIL,ACT_MATERIAL_COST,decimal,YES
dbo,WIP_SPLIT_DETAIL,ACT_LABOR_COST,decimal,YES
dbo,WIP_SPLIT_DETAIL,ACT_BURDEN_COST,decimal,YES
dbo,WIP_SPLIT_DETAIL,ACT_SERVICE_COST,decimal,YES
dbo,WIP_SPLIT_DETAIL,REFERENCE,nvarchar,YES
dbo,WIP_SPLIT_DETAIL,CURRENCY_ID,nvarchar,NO
dbo,WIP_SPLIT_DETAIL,DR_MAT_GL_ACCT_ID,nvarchar,YES
dbo,WIP_SPLIT_DETAIL,DR_LAB_GL_ACCT_ID,nvarchar,YES
dbo,WIP_SPLIT_DETAIL,DR_BUR_GL_ACCT_ID,nvarchar,YES
dbo,WIP_SPLIT_DETAIL,DR_SER_GL_ACCT_ID,nvarchar,YES
dbo,WIP_SPLIT_DETAIL,CR_MAT_GL_ACCT_ID,nvarchar,YES
dbo,WIP_SPLIT_DETAIL,CR_LAB_GL_ACCT_ID,nvarchar,YES
dbo,WIP_SPLIT_DETAIL,CR_BUR_GL_ACCT_ID,nvarchar,YES
dbo,WIP_SPLIT_DETAIL,CR_SER_GL_ACCT_ID,nvarchar,YES
dbo,WIP_VAS,ROWID,int,NO
dbo,WIP_VAS,WIP_VAS_ID,nvarchar,NO
dbo,WIP_VAS,DESCRIPTION,nvarchar,YES
dbo,WIP_VAS,UNIT_PRICE,decimal,NO
dbo,WIP_VAS_SYNC,ROWID,int,NO
dbo,WIP_VAS_SYNC,EVENT_ID,int,NO
dbo,WIP_VAS_SYNC,TYPE,nchar,NO
dbo,WIP_VAS_SYNC,CREATE_DATE,datetime,NO
dbo,WIP_VAS_SYNC,WIP_VAS_ID,nvarchar,NO
dbo,WIP_VAS_SYNC,EXCEPTION,nchar,NO
dbo,WIP_VAS_SYNC,SUBSCRIPTIONS,int,NO
dbo,WITHHOLDING,ROWID,int,NO
dbo,WITHHOLDING,CODE,nvarchar,NO
dbo,WITHHOLDING,DESCRIPTION,nvarchar,YES
dbo,WITHHOLDING,TAX_PERCENT,decimal,NO
dbo,WITHHOLDING,TAX_ALLOWANCE_PCT,decimal,NO
dbo,WITHHOLDING,TAX_GL_ACCT_ID,nvarchar,NO
dbo,WO_SCH_PRIORITY,ROWID,int,NO
dbo,WO_SCH_PRIORITY,SCHEDULE_ID,nvarchar,NO
dbo,WO_SCH_PRIORITY,WORKORDER_TYPE,nchar,NO
dbo,WO_SCH_PRIORITY,WORKORDER_BASE_ID,nvarchar,NO
dbo,WO_SCH_PRIORITY,WORKORDER_LOT_ID,nvarchar,NO
dbo,WO_SCH_PRIORITY,WORKORDER_SPLIT_ID,nvarchar,NO
dbo,WO_SCH_PRIORITY,WORKORDER_SUB_ID,nvarchar,NO
dbo,WO_SCH_PRIORITY,GLOBAL_RANK,smallint,YES
dbo,WO_SETUP_ATTRIB,ROWID,int,NO
dbo,WO_SETUP_ATTRIB,WORKORDER_TYPE,nchar,NO
dbo,WO_SETUP_ATTRIB,WORKORDER_BASE_ID,nvarchar,NO
dbo,WO_SETUP_ATTRIB,WORKORDER_LOT_ID,nvarchar,NO
dbo,WO_SETUP_ATTRIB,WORKORDER_SPLIT_ID,nvarchar,NO
dbo,WO_SETUP_ATTRIB,WORKORDER_SUB_ID,nvarchar,NO
dbo,WO_SETUP_ATTRIB,ATTRIBUTE_ID,nvarchar,NO
dbo,WO_SETUP_ATTRIB,NUMERIC_VALUE,decimal,YES
dbo,WO_SETUP_ATTRIB,ALPHA_VALUE,nvarchar,YES
dbo,WO_SETUP_ATTRIB,DATE_VALUE,datetime,YES
dbo,WORK_ORDER,ROWID,int,NO
dbo,WORK_ORDER,TYPE,nchar,NO
dbo,WORK_ORDER,BASE_ID,nvarchar,NO
dbo,WORK_ORDER,LOT_ID,nvarchar,NO
dbo,WORK_ORDER,SPLIT_ID,nvarchar,NO
dbo,WORK_ORDER,SUB_ID,nvarchar,NO
dbo,WORK_ORDER,PART_ID,nvarchar,YES
dbo,WORK_ORDER,GLOBAL_RANK,smallint,YES
dbo,WORK_ORDER,DESIRED_QTY,decimal,YES
dbo,WORK_ORDER,RECEIVED_QTY,decimal,NO
dbo,WORK_ORDER,CREATE_DATE,datetime,NO
dbo,WORK_ORDER,DESIRED_RLS_DATE,datetime,YES
dbo,WORK_ORDER,DESIRED_WANT_DATE,datetime,YES
dbo,WORK_ORDER,CLOSE_DATE,datetime,YES
dbo,WORK_ORDER,COSTED_DATE,datetime,YES
dbo,WORK_ORDER,STATUS,nchar,NO
dbo,WORK_ORDER,COPY_FROM_SPLIT_ID,nvarchar,YES
dbo,WORK_ORDER,ENGINEERED_BY,nvarchar,YES
dbo,WORK_ORDER,ENGINEERED_DATE,datetime,YES
dbo,WORK_ORDER,DRAWING_ID,nvarchar,YES
dbo,WORK_ORDER,DRAWING_REV_NO,nvarchar,YES
dbo,WORK_ORDER,PRODUCT_CODE,nvarchar,YES
dbo,WORK_ORDER,COMMODITY_CODE,nvarchar,YES
dbo,WORK_ORDER,FORWARD_SCHEDULE,nchar,NO
dbo,WORK_ORDER,POSTING_CANDIDATE,nchar,NO
dbo,WORK_ORDER,MAT_GL_ACCT_ID,nvarchar,YES
dbo,WORK_ORDER,LAB_GL_ACCT_ID,nvarchar,YES
dbo,WORK_ORDER,BUR_GL_ACCT_ID,nvarchar,YES
dbo,WORK_ORDER,SER_GL_ACCT_ID,nvarchar,YES
dbo,WORK_ORDER,VARIABLE_TABLE,nvarchar,YES
dbo,WORK_ORDER,SCHEDULE_GROUP_ID,nvarchar,YES
dbo,WORK_ORDER,SCHED_START_DATE,datetime,YES
dbo,WORK_ORDER,SCHED_FINISH_DATE,datetime,YES
dbo,WORK_ORDER,COULD_FINISH_DATE,datetime,YES
dbo,WORK_ORDER,EST_MATERIAL_COST,decimal,NO
dbo,WORK_ORDER,EST_LABOR_COST,decimal,NO
dbo,WORK_ORDER,EST_BURDEN_COST,decimal,NO
dbo,WORK_ORDER,EST_SERVICE_COST,decimal,NO
dbo,WORK_ORDER,ACT_MATERIAL_COST,decimal,NO
dbo,WORK_ORDER,ACT_LABOR_COST,decimal,NO
dbo,WORK_ORDER,ACT_BURDEN_COST,decimal,NO
dbo,WORK_ORDER,ACT_SERVICE_COST,decimal,NO
dbo,WORK_ORDER,REM_MATERIAL_COST,decimal,NO
dbo,WORK_ORDER,REM_LABOR_COST,decimal,NO
dbo,WORK_ORDER,REM_BURDEN_COST,decimal,NO
dbo,WORK_ORDER,REM_SERVICE_COST,decimal,NO
dbo,WORK_ORDER,MARKED_FOR_PURGE,nchar,NO
dbo,WORK_ORDER,PRINTED_DATE,datetime,YES
dbo,WORK_ORDER,DRAWING_FILE,nvarchar,YES
dbo,WORK_ORDER,WAREHOUSE_ID,nvarchar,YES
dbo,WORK_ORDER,WIP_VAS_REQUIRED,nchar,YES
dbo,WORK_ORDER,ALLOCATED_QTY,decimal,NO
dbo,WORK_ORDER,FULFILLED_QTY,decimal,NO
dbo,WORK_ORDER,DEF_LBL_FORMAT_ID,nvarchar,YES
dbo,WORK_ORDER,HARD_RELEASE_DATE,nchar,YES
dbo,WORK_ORDER,USER_1,nvarchar,YES
dbo,WORK_ORDER,USER_2,nvarchar,YES
dbo,WORK_ORDER,USER_3,nvarchar,YES
dbo,WORK_ORDER,USER_4,nvarchar,YES
dbo,WORK_ORDER,USER_5,nvarchar,YES
dbo,WORK_ORDER,USER_6,nvarchar,YES
dbo,WORK_ORDER,USER_7,nvarchar,YES
dbo,WORK_ORDER,USER_8,nvarchar,YES
dbo,WORK_ORDER,USER_9,nvarchar,YES
dbo,WORK_ORDER,USER_10,nvarchar,YES
dbo,WORK_ORDER,UDF_LAYOUT_ID,nvarchar,YES
dbo,WORK_ORDER,DBR_TYPE,nchar,YES
dbo,WORK_ORDER,DBR_PRIORITY,nchar,YES
dbo,WORK_ORDER,DBR_CODE,int,YES
dbo,WORK_ORDER,WBS_CODE,nvarchar,YES
dbo,WORK_ORDER,WBS_PROJECT,nchar,YES
dbo,WORK_ORDER,WBS_CUST_ORDER_ID,nvarchar,YES
dbo,WORK_ORDER,MILESTONE_SEQ_NO,smallint,YES
dbo,WORK_ORDER,MILESTONE_SUB_ID,nvarchar,YES
dbo,WORK_ORDER,ECN_REVISION,nchar,YES
dbo,WORK_ORDER,EDI_BLANKET_FLAG,nchar,YES
dbo,WORK_ORDER,DISPATCHED,nchar,YES
dbo,WORK_ORDER,ORIG_STAGE_REVISION_ID,nvarchar,YES
dbo,WORK_ORDER,STATUS_EFF_DATE,datetime,NO
dbo,WORK_ORDER,ALLOW_ALT_PARTS,nchar,YES
dbo,WORK_ORDER,ALLOW_UPD_FROM_MST,nchar,NO
dbo,WORK_ORDER,ALLOW_UPD_FROM_LEG,nchar,NO
dbo,WORK_ORDER,UPDATE_FROM_REF,nvarchar,YES
dbo,WORK_ORDER,UPDATE_USER_ID,nvarchar,YES
dbo,WORK_ORDER,UPDATE_ENG_MASTER,nvarchar,YES
dbo,WORK_ORDER,UPDATE_DATE,datetime,YES
dbo,WORK_ORDER,SITE_ID,nvarchar,NO
dbo,WORK_ORDER,PROD_ORDER_TYPE,nvarchar,YES
dbo,WORK_ORDER,PLANNER_ID,nvarchar,YES
dbo,WORK_ORDER,INACTIVE,nchar,NO
dbo,WORK_ORDER,ENTERED_BY,nvarchar,YES
dbo,WORK_ORDER,PERCENT_COMPL,nvarchar,YES
dbo,WORK_ORDER,QTY_COMPL_BY_HRS,nvarchar,YES
dbo,WORK_ORDER,MAX_QTY_COMPLETE,decimal,YES
dbo,WORK_ORDER,CUSTOMER_PRIORITY,int,NO
dbo,WORK_ORDER_SCHED,ROWID,int,NO
dbo,WORK_ORDER_SCHED,SCHEDULE_ID,nvarchar,NO
dbo,WORK_ORDER_SCHED,WORKORDER_TYPE,nchar,NO
dbo,WORK_ORDER_SCHED,WORKORDER_BASE_ID,nvarchar,NO
dbo,WORK_ORDER_SCHED,WORKORDER_LOT_ID,nvarchar,NO
dbo,WORK_ORDER_SCHED,WORKORDER_SPLIT_ID,nvarchar,NO
dbo,WORK_ORDER_SCHED,WORKORDER_SUB_ID,nvarchar,NO
dbo,WORK_ORDER_SCHED,PART_ID,nvarchar,YES
dbo,WORK_ORDER_SCHED,START_DATE,datetime,YES
dbo,WORK_ORDER_SCHED,FINISH_DATE,datetime,YES
dbo,WORK_ORDER_SCHED,SCHEDULE_TIME,decimal,YES
dbo,WORK_ORDER_SCHED,PASS_COUNT,int,YES
dbo,WORK_ORDER_SCHED,SCHEDULE_RANK,int,YES
dbo,WORK_ORDER_SCHED,BITS,image,YES
dbo,WORK_ORDER_SCHED,BITS_LENGTH,int,NO
dbo,WORK_ORDER_SCHED,CCR_COUNT,int,YES
dbo,WORK_ORDER_SCHED,PROBLEM_CODE,int,YES
dbo,WORK_ORDER_SYNC,ROWID,int,NO
dbo,WORK_ORDER_SYNC,EVENT_ID,int,NO
dbo,WORK_ORDER_SYNC,TYPE,nchar,NO
dbo,WORK_ORDER_SYNC,CREATE_DATE,datetime,NO
dbo,WORK_ORDER_SYNC,WORKORDER_TYPE,nchar,NO
dbo,WORK_ORDER_SYNC,WORKORDER_BASE_ID,nvarchar,NO
dbo,WORK_ORDER_SYNC,WORKORDER_LOT_ID,nvarchar,NO
dbo,WORK_ORDER_SYNC,WORKORDER_SPLIT_ID,nvarchar,NO
dbo,WORK_ORDER_SYNC,WORKORDER_SUB_ID,nvarchar,NO
dbo,WORK_ORDER_SYNC,EXCEPTION,nchar,NO
dbo,WORK_ORDER_SYNC,SUBSCRIPTIONS,int,NO
dbo,WORKFLOW,ROWID,int,NO
dbo,WORKFLOW,TYPE,nvarchar,NO
dbo,WORKFLOW,APPLICATION_AREA,nvarchar,NO
dbo,WORKFLOW,TEMPLATE_NAME,nvarchar,NO
dbo,WORKFLOW,REFERENCE,nvarchar,NO
dbo,WORKFLOW,STATUS,nvarchar,YES
dbo,WORKFLOW,DBTABLE,nvarchar,YES
dbo,WORKFLOW,EVALUATE_ON_TIMER,nchar,YES
dbo,WORKFLOW,DIAGRAM,image,YES
dbo,WORKFLOW,curr_step_name,nvarchar,YES
dbo,WORKFLOW,curr_step_id,nvarchar,YES
dbo,WORKFLOW,curr_approv_user,nvarchar,YES
dbo,WORKFLOW,curr_step_start_on,datetime,YES
dbo,WORKFLOW,curr_step_last_notified,datetime,YES
dbo,WORKFLOW,STATUS_EFF_DATE,datetime,NO
dbo,WORKFLOW_EVENT,ROWID,int,NO
dbo,WORKFLOW_EVENT,CREATE_DATE,datetime,NO
dbo,WORKORD_MILESTONE,ROWID,int,NO
dbo,WORKORD_MILESTONE,WORKORDER_TYPE,nchar,NO
dbo,WORKORD_MILESTONE,WORKORDER_BASE_ID,nvarchar,NO
dbo,WORKORD_MILESTONE,WORKORDER_LOT_ID,nvarchar,NO
dbo,WORKORD_MILESTONE,WORKORDER_SPLIT_ID,nvarchar,NO
dbo,WORKORD_MILESTONE,WORKORDER_SUB_ID,nvarchar,NO
dbo,WORKORD_MILESTONE,MILESTONE_ID,nvarchar,NO
dbo,WORKORD_MILESTONE,DESCRIPTION,nvarchar,YES
dbo,WORKORD_MILESTONE,MAT_GL_ACCT_ID,nvarchar,NO
dbo,WORKORD_MILESTONE,LAB_GL_ACCT_ID,nvarchar,NO
dbo,WORKORD_MILESTONE,BUR_GL_ACCT_ID,nvarchar,NO
dbo,WORKORD_MILESTONE,SER_GL_ACCT_ID,nvarchar,NO
dbo,WORKORDER_AUDIT,ROWID,int,NO
dbo,WORKORDER_AUDIT,SCHEDULE_ID,nvarchar,NO
dbo,WORKORDER_AUDIT,WORKORDER_TYPE,nchar,NO
dbo,WORKORDER_AUDIT,WORKORDER_BASE_ID,nvarchar,NO
dbo,WORKORDER_AUDIT,WORKORDER_LOT_ID,nvarchar,NO
dbo,WORKORDER_AUDIT,WORKORDER_SPLIT_ID,nvarchar,NO
dbo,WORKORDER_AUDIT,PASS_NO,int,NO
dbo,WORKORDER_AUDIT,PASS_DIRECTION,nchar,NO
dbo,WORKORDER_AUDIT,PASS_RESULT,nchar,NO
dbo,WORKORDER_AUDIT,START_DATE,datetime,YES
dbo,WORKORDER_AUDIT,FINISH_DATE,datetime,YES
dbo,WORKORDER_AUDIT,COULD_START_FINISH,datetime,YES
dbo,WORKORDER_AUDIT,SCHEDULE_RANK,int,YES
dbo,WORKORDER_BINARY,ROWID,int,NO
dbo,WORKORDER_BINARY,WORKORDER_TYPE,nchar,NO
dbo,WORKORDER_BINARY,WORKORDER_BASE_ID,nvarchar,NO
dbo,WORKORDER_BINARY,WORKORDER_LOT_ID,nvarchar,NO
dbo,WORKORDER_BINARY,WORKORDER_SPLIT_ID,nvarchar,NO
dbo,WORKORDER_BINARY,WORKORDER_SUB_ID,nvarchar,NO
dbo,WORKORDER_BINARY,TYPE,nchar,NO
dbo,WORKORDER_BINARY,BITS,image,YES
dbo,WORKORDER_BINARY,BITS_LENGTH,int,NO
dbo,WORKORDER_SUMMARY,ROWID,int,NO
dbo,WORKORDER_SUMMARY,SPID,nvarchar,NO
dbo,WORKORDER_SUMMARY,WORKORDER_TYPE,nchar,NO
dbo,WORKORDER_SUMMARY,WORKORDER_BASE_ID,nvarchar,NO
dbo,WORKORDER_SUMMARY,WORKORDER_LOT_ID,nvarchar,NO
dbo,WORKORDER_SUMMARY,WORKORDER_SPLIT_ID,nvarchar,NO
dbo,WORKORDER_SUMMARY,WORKORDER_SUB_ID,nvarchar,NO
dbo,WORKORDER_SUMMARY,EST_ATL_MAT_COST,decimal,NO
dbo,WORKORDER_SUMMARY,EST_ATL_LAB_COST,decimal,NO
dbo,WORKORDER_SUMMARY,EST_ATL_BUR_COST,decimal,NO
dbo,WORKORDER_SUMMARY,EST_ATL_SER_COST,decimal,NO
dbo,WORKORDER_SUMMARY,REM_ATL_MAT_COST,decimal,NO
dbo,WORKORDER_SUMMARY,REM_ATL_LAB_COST,decimal,NO
dbo,WORKORDER_SUMMARY,REM_ATL_BUR_COST,decimal,NO
dbo,WORKORDER_SUMMARY,REM_ATL_SER_COST,decimal,NO
dbo,WORKORDER_SUMMARY,ACT_ATL_MAT_COST,decimal,NO
dbo,WORKORDER_SUMMARY,ACT_ATL_LAB_COST,decimal,NO
dbo,WORKORDER_SUMMARY,ACT_ATL_BUR_COST,decimal,NO
dbo,WORKORDER_SUMMARY,ACT_ATL_SER_COST,decimal,NO
dbo,WORKORDER_SUMMARY,STATUS,nchar,YES
dbo,WORKORDER_TRC_CTL,ROWID,int,NO
dbo,WORKORDER_TRC_CTL,WORKORDER_TYPE,nchar,NO
dbo,WORKORDER_TRC_CTL,WORKORDER_BASE_ID,nvarchar,NO
dbo,WORKORDER_TRC_CTL,WORKORDER_LOT_ID,nvarchar,NO
dbo,WORKORDER_TRC_CTL,WORKORDER_SPLIT_ID,nvarchar,NO
dbo,WORKORDER_TRC_CTL,WORKORDER_SUB_ID,nvarchar,NO
dbo,WORKORDER_TRC_CTL,OWNER_ID,nvarchar,YES