WORK_ORDER_STATUS,OPERATION_STATUS,WORK_ORDER_ID,PART_ID,DESIRED_QTY,WORK_ORDER_STATUS_EFF_DATE,SEQUENCE_NO,RESOURCE_ID,RESOURCE_DESCRIPTION,RESOURCE_TYPE,DEPARTMENT_ID,SCHEDULE_GROUP_ID,SETUP_COMPLETED,COMPLETED_QTY,CALC_END_QTY,SCHED_START_DATE,SCHED_FINISH_DATE,OPERATION_STATUS_EFF_DATE,STATUS_PAIR_ROW_NUM
C,C,WO-071433,48.0243.R,97.00000000,2026-05-30 08:56:20.563,5,500-GRP,Die Maintenance,G,NULL,NULL,N,0.00000000,1.00000000,2026-06-14 22:30:00.000,2026-06-14 22:30:00.000,2026-05-30 15:08:57.353,1
C,C,WO-071433,48.0243.R,97.00000000,2026-05-30 08:56:20.563,19,100-29,E-Brake Premium III Series,W,NULL,NULL,Y,97.00000000,97.00000000,2026-06-14 22:40:00.000,2026-06-14 23:50:00.000,2026-05-30 08:47:50.537,2
C,C,WO-071452,40250-LH-Blank,71.00000000,2026-05-29 22:28:38.070,5,500-GRP,Die Maintenance,G,NULL,NULL,N,0.00000000,1.00000000,2026-06-25 12:50:00.000,2026-06-25 12:50:00.000,2026-05-30 03:03:05.687,3
C,C,WO-071447,104910-03,200.00000000,2026-05-29 16:53:56.417,5,500-GRP,Die Maintenance,G,NULL,NULL,N,0.00000000,1.00000000,2026-06-01 19:40:00.000,2026-06-01 19:40:00.000,2026-05-30 03:03:05.653,4
C,C,WO-071452,40250-LH-Blank,71.00000000,2026-05-29 22:28:38.070,19,060-02,Laser - Bystronic 12K,W,NULL,NULL,Y,71.00000000,71.00000000,2026-06-25 13:00:00.000,2026-06-25 22:50:00.000,2026-05-29 22:12:08.930,5
C,C,WO-071447,104910-03,200.00000000,2026-05-29 16:53:56.417,29,V100-33,Press Room 440 Ton Seyi,W,NULL,NULL,Y,200.00000000,200.00000000,2026-06-01 19:50:00.000,2026-06-01 23:50:00.000,2026-05-29 16:15:39.023,6
C,C,WO-071449,1824360,126.00000000,2026-05-29 13:16:15.573,5,500-GRP,Die Maintenance,G,NULL,NULL,N,0.00000000,1.00000000,2026-06-25 22:30:00.000,2026-06-25 22:30:00.000,2026-05-29 15:03:57.863,7
C,C,WO-071229,A17219902,8200.00000000,2026-05-29 09:16:06.180,5,500-GRP,Die Maintenance,G,NULL,NULL,N,0.00000000,1.00000000,2026-05-25 07:50:00.000,2026-05-25 07:50:00.000,2026-05-29 15:03:52.627,8
C,C,WO-071229,A17219902,8200.00000000,2026-05-29 09:16:06.180,19,100-28,Press Room 330 Ton Stamtec,W,NULL,NULL,Y,7452.00000000,8200.00000000,2026-05-25 08:00:00.000,2026-05-27 23:50:00.000,2026-05-29 15:03:52.627,9
C,C,WO-071197,A0003885482,3051.00000000,2026-05-29 11:14:38.887,5,500-GRP,Die Maintenance,G,NULL,NULL,N,0.00000000,1.00000000,2026-05-29 00:00:00.000,2026-05-29 00:00:00.000,2026-05-29 15:03:50.233,10
C,C,WO-071197,A0003885482,3051.00000000,2026-05-29 11:14:38.887,19,100-09,Press Room 800 Ton,W,NULL,NULL,Y,2800.00000000,3051.00000000,2026-05-29 00:00:00.000,2026-06-02 19:00:00.000,2026-05-29 15:03:50.233,11
C,C,WO-071021,32 096 16,74200.00000000,2026-05-29 12:59:06.580,5,500-GRP,Die Maintenance,G,NULL,NULL,N,0.00000000,1.00000000,2026-05-29 00:00:00.000,2026-05-29 00:00:00.000,2026-05-29 15:03:43.717,12
C,C,WO-071021,32 096 16,74200.00000000,2026-05-29 12:59:06.580,19,100-18,Press Room 330 Ton Seyi Servo,W,NULL,NULL,N,74109.00000000,74200.00000000,2026-05-29 04:10:00.000,2026-05-29 10:30:00.000,2026-05-29 15:03:43.717,13
C,C,CO-087445,NULL,1.00000000,2026-05-29 11:13:02.910,15,Materials,Materials,W,NULL,NULL,N,0.00000000,1.00000000,2026-05-29 00:00:00.000,2026-05-29 00:00:00.000,2026-05-29 15:03:12.600,14
C,C,CO-087445,NULL,1.00000000,2026-05-29 11:13:02.910,50,050-GRP,Shop Group,G,NULL,NULL,Y,0.00000000,1.00000000,2026-06-09 08:00:00.000,2026-06-12 19:50:00.000,2026-05-29 15:03:12.600,15
C,C,CO-087445,NULL,1.00000000,2026-05-29 11:13:02.910,51,050-GRP,Shop Group,G,NULL,NULL,Y,0.00000000,1.00000000,2026-06-12 20:00:00.000,2026-06-12 20:00:00.000,2026-05-29 15:03:12.600,16
C,C,CO-087445,NULL,1.00000000,2026-05-29 11:13:02.910,150,050-GRP,Shop Group,G,NULL,NULL,N,0.00000000,1.00000000,2026-06-12 20:00:00.000,2026-06-12 20:00:00.000,2026-05-29 15:03:12.600,17
C,C,CO-087445,NULL,1.00000000,2026-05-29 11:13:02.910,350,350-GRP,Wire EDM Group,G,NULL,NULL,Y,0.00000000,1.00000000,2026-06-12 20:00:00.000,2026-06-12 20:00:00.000,2026-05-29 15:03:12.600,18
C,C,CO-087445,NULL,1.00000000,2026-05-29 11:13:02.910,351,050-GRP,Shop Group,G,NULL,NULL,N,0.00000000,1.00000000,2026-06-12 20:00:00.000,2026-06-12 20:00:00.000,2026-05-29 15:03:12.600,19
C,C,CO-087445,NULL,1.00000000,2026-05-29 11:13:02.910,500,150-GRP,Die Shop Assembly,G,NULL,NULL,N,0.00000000,1.00000000,2026-06-12 20:00:00.000,2026-06-12 20:00:00.000,2026-05-29 15:03:12.600,20
C,C,CO-087445,NULL,1.00000000,2026-05-29 11:13:02.910,600,300-GRP,Die Shop Tryout,G,NULL,NULL,N,0.00000000,1.00000000,2026-06-12 20:00:00.000,2026-06-15 00:20:00.000,2026-05-29 15:03:12.600,21
C,C,CO-087445,NULL,1.00000000,2026-05-29 11:13:02.910,900,OUTSIDE_SERVICE,Outside Service,C,NULL,NULL,N,0.00000000,1.00000000,2026-06-15 00:30:00.000,2026-06-15 00:30:00.000,2026-05-29 15:03:12.600,22
C,C,CO-087441,NULL,1.00000000,2026-05-29 11:12:29.750,15,Materials,Materials,W,NULL,NULL,N,0.00000000,1.00000000,2026-05-29 00:00:00.000,2026-05-29 00:00:00.000,2026-05-29 15:03:12.553,23
C,C,CO-087441,NULL,1.00000000,2026-05-29 11:12:29.750,50,050-GRP,Shop Group,G,NULL,NULL,Y,0.00000000,1.00000000,2026-06-03 12:00:00.000,2026-06-09 07:50:00.000,2026-05-29 15:03:12.553,24
C,C,CO-087441,NULL,1.00000000,2026-05-29 11:12:29.750,51,050-GRP,Shop Group,G,NULL,NULL,Y,0.00000000,1.00000000,2026-06-09 08:00:00.000,2026-06-09 08:00:00.000,2026-05-29 15:03:12.553,25
C,C,CO-087441,NULL,1.00000000,2026-05-29 11:12:29.750,150,050-GRP,Shop Group,G,NULL,NULL,Y,0.00000000,1.00000000,2026-06-09 08:00:00.000,2026-06-09 08:00:00.000,2026-05-29 15:03:12.553,26
C,C,CO-087441,NULL,1.00000000,2026-05-29 11:12:29.750,350,350-GRP,Wire EDM Group,G,NULL,NULL,Y,0.00000000,1.00000000,2026-06-09 08:00:00.000,2026-06-09 08:00:00.000,2026-05-29 15:03:12.553,27
C,C,CO-087441,NULL,1.00000000,2026-05-29 11:12:29.750,351,050-GRP,Shop Group,G,NULL,NULL,Y,0.00000000,1.00000000,2026-06-09 08:00:00.000,2026-06-09 08:00:00.000,2026-05-29 15:03:12.553,28
C,C,CO-087441,NULL,1.00000000,2026-05-29 11:12:29.750,500,150-GRP,Die Shop Assembly,G,NULL,NULL,N,0.00000000,1.00000000,2026-06-09 08:00:00.000,2026-06-09 08:00:00.000,2026-05-29 15:03:12.553,29
C,C,CO-087441,NULL,1.00000000,2026-05-29 11:12:29.750,600,300-GRP,Die Shop Tryout,G,NULL,NULL,N,0.00000000,1.00000000,2026-06-09 08:00:00.000,2026-06-09 12:50:00.000,2026-05-29 15:03:12.553,30
C,C,CO-087441,NULL,1.00000000,2026-05-29 11:12:29.750,900,OUTSIDE_SERVICE,Outside Service,C,NULL,NULL,N,0.00000000,1.00000000,2026-06-09 13:00:00.000,2026-06-09 13:00:00.000,2026-05-29 15:03:12.553,31
C,C,CO-085394,NULL,1.00000000,2026-05-29 11:14:58.777,15,Materials,Materials,W,NULL,NULL,N,0.00000000,1.00000000,2026-05-29 00:00:00.000,2026-05-29 00:00:00.000,2026-05-29 15:03:12.507,32
C,C,CO-085394,NULL,1.00000000,2026-05-29 11:14:58.777,50,050-GRP,Shop Group,G,NULL,NULL,Y,0.00000000,1.00000000,2026-05-29 07:00:00.000,2026-06-04 09:50:00.000,2026-05-29 15:03:12.507,33
C,C,CO-085394,NULL,1.00000000,2026-05-29 11:14:58.777,51,050-GRP,Shop Group,G,NULL,NULL,N,0.00000000,1.00000000,2026-06-04 10:00:00.000,2026-06-04 10:00:00.000,2026-05-29 15:03:12.507,34
C,C,CO-085394,NULL,1.00000000,2026-05-29 11:14:58.777,150,050-GRP,Shop Group,G,NULL,NULL,N,0.00000000,1.00000000,2026-06-04 10:00:00.000,2026-06-04 10:00:00.000,2026-05-29 15:03:12.507,35
C,C,CO-085394,NULL,1.00000000,2026-05-29 11:14:58.777,350,350-GRP,Wire EDM Group,G,NULL,NULL,N,0.00000000,1.00000000,2026-06-04 10:00:00.000,2026-06-04 10:00:00.000,2026-05-29 15:03:12.507,36
C,C,CO-085394,NULL,1.00000000,2026-05-29 11:14:58.777,351,050-GRP,Shop Group,G,NULL,NULL,N,0.00000000,1.00000000,2026-06-04 10:00:00.000,2026-06-04 10:00:00.000,2026-05-29 15:03:12.507,37
C,C,CO-085394,NULL,1.00000000,2026-05-29 11:14:58.777,500,150-GRP,Die Shop Assembly,G,NULL,NULL,N,0.00000000,1.00000000,2026-06-04 10:00:00.000,2026-06-04 10:00:00.000,2026-05-29 15:03:12.507,38
C,C,CO-085394,NULL,1.00000000,2026-05-29 11:14:58.777,600,300-GRP,Die Shop Tryout,G,NULL,NULL,N,0.00000000,1.00000000,2026-06-04 10:00:00.000,2026-06-04 15:50:00.000,2026-05-29 15:03:12.507,39
C,C,CO-085394,NULL,1.00000000,2026-05-29 11:14:58.777,900,OUTSIDE_SERVICE,Outside Service,C,NULL,NULL,N,0.00000000,1.00000000,2026-06-04 16:00:00.000,2026-06-04 16:00:00.000,2026-05-29 15:03:12.507,40
C,C,CO-083853,NULL,1.00000000,2026-05-29 11:13:40.823,10,990-GRP,Engineering Group,G,NULL,NULL,N,0.00000000,1.00000000,2026-08-17 08:10:00.000,2026-08-17 13:00:00.000,2026-05-29 15:03:12.460,41
C,C,CO-083853,NULL,1.00000000,2026-05-29 11:13:40.823,15,Materials,Materials,W,NULL,NULL,N,0.00000000,1.00000000,2026-08-17 13:10:00.000,2026-08-17 13:10:00.000,2026-05-29 15:03:12.460,42
C,C,CO-083853,NULL,1.00000000,2026-05-29 11:13:40.823,20,020-01,Waterjet - Flow M3 4020B,W,NULL,NULL,N,0.00000000,1.00000000,2026-08-17 13:10:00.000,2026-08-17 13:10:00.000,2026-05-29 15:03:12.460,43
C,C,CO-083853,NULL,1.00000000,2026-05-29 11:13:40.823,50,050-GRP,Shop Group,G,NULL,NULL,Y,0.00000000,1.00000000,2026-08-17 13:10:00.000,2026-08-19 07:00:00.000,2026-05-29 15:03:12.460,44
C,C,CO-083853,NULL,1.00000000,2026-05-29 11:13:40.823,51,050-GRP,Shop Group,G,NULL,NULL,N,0.00000000,1.00000000,2026-08-19 07:10:00.000,2026-08-19 07:10:00.000,2026-05-29 15:03:12.460,45
C,C,CO-083853,NULL,1.00000000,2026-05-29 11:13:40.823,100,050-02,Unattended Machining,W,NULL,NULL,N,0.00000000,1.00000000,2026-08-19 07:10:00.000,2026-08-19 07:10:00.000,2026-05-29 15:03:12.460,46
C,C,CO-083853,NULL,1.00000000,2026-05-29 11:13:40.823,350,350-GRP,Wire EDM Group,G,NULL,NULL,N,0.00000000,1.00000000,2026-08-19 07:10:00.000,2026-08-19 07:10:00.000,2026-05-29 15:03:12.460,47
C,C,CO-083853,NULL,1.00000000,2026-05-29 11:13:40.823,400,350-03,Unattended Wire EDM,W,NULL,NULL,N,0.00000000,1.00000000,2026-08-19 07:10:00.000,2026-08-19 07:10:00.000,2026-05-29 15:03:12.460,48
C,C,CO-083853,NULL,1.00000000,2026-05-29 11:13:40.823,500,100-GRP,Small Press Coil Fed,G,NULL,NULL,N,0.00000000,1.00000000,2026-08-19 07:10:00.000,2026-08-19 10:00:00.000,2026-05-29 15:03:12.460,49
C,C,CO-083853,NULL,1.00000000,2026-05-29 11:13:40.823,600,252-GRP,Final Inspection Group,G,NULL,NULL,N,0.00000000,1.00000000,2026-08-19 10:10:00.000,2026-08-19 11:00:00.000,2026-05-29 15:03:12.460,50
C,C,CO-083853,NULL,1.00000000,2026-05-29 11:13:40.823,700,300-GRP,Die Shop Tryout,G,NULL,NULL,N,0.00000000,1.00000000,2026-08-19 11:10:00.000,2026-08-19 11:10:00.000,2026-05-29 15:03:12.460,51
C,C,CO-083853,NULL,1.00000000,2026-05-29 11:13:40.823,900,OUTSIDE_SERVICE,Outside Service,C,NULL,NULL,N,0.00000000,1.00000000,2026-08-19 11:10:00.000,2026-08-19 11:10:00.000,2026-05-29 15:03:12.460,52
C,C,CO-083853,NULL,1.00000000,2026-05-29 11:13:40.823,901,253-GRP,In-Process Inspection Group,G,NULL,NULL,N,0.00000000,1.00000000,2026-08-19 11:10:00.000,2026-08-19 11:10:00.000,2026-05-29 15:03:12.460,53
C,C,CO-083852,NULL,1.00000000,2026-05-29 11:14:08.643,10,990-GRP,Engineering Group,G,NULL,NULL,N,0.00000000,1.00000000,2026-11-17 08:00:00.000,2026-11-18 14:50:00.000,2026-05-29 15:03:12.430,54
C,C,CO-083852,NULL,1.00000000,2026-05-29 11:14:08.643,15,Materials,Materials,W,NULL,NULL,N,0.00000000,1.00000000,2026-11-18 15:00:00.000,2026-11-18 15:00:00.000,2026-05-29 15:03:12.430,55
C,C,CO-083852,NULL,1.00000000,2026-05-29 11:14:08.643,20,020-01,Waterjet - Flow M3 4020B,W,NULL,NULL,N,0.00000000,1.00000000,2026-11-18 15:00:00.000,2026-11-18 15:00:00.000,2026-05-29 15:03:12.430,56
C,C,CO-083852,NULL,1.00000000,2026-05-29 11:14:08.643,50,050-GRP,Shop Group,G,NULL,NULL,N,0.00000000,1.00000000,2026-11-18 15:00:00.000,2026-11-19 20:50:00.000,2026-05-29 15:03:12.430,57
C,C,CO-083852,NULL,1.00000000,2026-05-29 11:14:08.643,51,050-GRP,Shop Group,G,NULL,NULL,N,0.00000000,1.00000000,2026-11-19 21:00:00.000,2026-11-19 21:00:00.000,2026-05-29 15:03:12.430,58
C,C,CO-083852,NULL,1.00000000,2026-05-29 11:14:08.643,100,050-02,Unattended Machining,W,NULL,NULL,N,0.00000000,1.00000000,2026-11-19 21:00:00.000,2026-11-19 21:00:00.000,2026-05-29 15:03:12.430,59
C,C,CO-083852,NULL,1.00000000,2026-05-29 11:14:08.643,350,350-GRP,Wire EDM Group,G,NULL,NULL,N,0.00000000,1.00000000,2026-11-19 21:00:00.000,2026-11-19 21:00:00.000,2026-05-29 15:03:12.430,60
C,C,CO-083852,NULL,1.00000000,2026-05-29 11:14:08.643,400,350-03,Unattended Wire EDM,W,NULL,NULL,N,0.00000000,1.00000000,2026-11-19 21:00:00.000,2026-11-19 21:00:00.000,2026-05-29 15:03:12.430,61
C,C,CO-083852,NULL,1.00000000,2026-05-29 11:14:08.643,500,100-GRP,Small Press Coil Fed,G,NULL,NULL,N,0.00000000,1.00000000,2026-11-19 21:00:00.000,2026-11-20 01:50:00.000,2026-05-29 15:03:12.430,62
C,C,CO-083852,NULL,1.00000000,2026-05-29 11:14:08.643,600,252-GRP,Final Inspection Group,G,NULL,NULL,N,0.00000000,1.00000000,2026-11-20 02:00:00.000,2026-11-20 02:50:00.000,2026-05-29 15:03:12.430,63
C,C,CO-083852,NULL,1.00000000,2026-05-29 11:14:08.643,700,300-GRP,Die Shop Tryout,G,NULL,NULL,N,0.00000000,1.00000000,2026-11-20 03:00:00.000,2026-11-20 03:00:00.000,2026-05-29 15:03:12.430,64
C,C,CO-083852,NULL,1.00000000,2026-05-29 11:14:08.643,900,OUTSIDE_SERVICE,Outside Service,C,NULL,NULL,N,0.00000000,1.00000000,2026-11-20 03:00:00.000,2026-11-20 03:00:00.000,2026-05-29 15:03:12.430,65
C,C,CO-083852,NULL,1.00000000,2026-05-29 11:14:08.643,901,253-GRP,In-Process Inspection Group,G,NULL,NULL,N,0.00000000,1.00000000,2026-11-20 03:00:00.000,2026-11-20 03:00:00.000,2026-05-29 15:03:12.430,66
C,C,WO-071142,78749663-PKG,176.00000000,2026-05-29 14:29:18.983,5,500-GRP,Die Maintenance,G,NULL,NULL,N,0.00000000,1.00000000,2026-06-23 23:50:00.000,2026-06-23 23:50:00.000,2026-05-29 14:29:40.057,67
C,C,WO-071063,21044562-PKG,79.00000000,2026-05-29 14:26:02.543,5,500-GRP,Die Maintenance,G,NULL,NULL,N,0.00000000,1.00000000,2026-05-29 00:00:00.000,2026-05-29 00:00:00.000,2026-05-29 14:26:22.900,68
C,C,WO-071063,21044562-PKG,79.00000000,2026-05-29 14:26:02.543,15,100-30,Press (Multicell),W,NULL,NULL,Y,0.00000000,79.00000000,2026-05-29 07:20:00.000,2026-05-29 07:40:00.000,2026-05-29 14:26:22.900,69
C,C,WO-070842,24905212-PKG,46.00000000,2026-05-29 14:23:49.773,5,500-GRP,Die Maintenance,G,NULL,NULL,Y,0.00000000,1.00000000,2026-05-29 00:00:00.000,2026-05-29 00:00:00.000,2026-05-29 14:24:13.660,70
C,C,WO-069103,24905212-PKG,41.00000000,2026-05-29 14:22:14.367,5,500-GRP,Die Maintenance,G,NULL,NULL,Y,0.00000000,1.00000000,2026-05-29 00:00:00.000,2026-05-29 00:00:00.000,2026-05-29 14:22:34.803,71
C,C,WO-071214,3210004,96.00000000,2026-05-29 14:16:48.393,5,500-GRP,Die Maintenance,G,NULL,NULL,N,0.00000000,1.00000000,2026-06-04 23:50:00.000,2026-06-04 23:50:00.000,2026-05-29 14:17:11.820,72
C,C,WO-070966,4025011,62.00000000,2026-05-29 14:15:33.820,5,500-GRP,Die Maintenance,G,NULL,NULL,N,0.00000000,1.00000000,2026-06-10 23:50:00.000,2026-06-10 23:50:00.000,2026-05-29 14:15:54.870,73
C,C,WO-070946,135610,2315.00000000,2026-05-29 13:49:21.960,5,500-GRP,Die Maintenance,G,NULL,NULL,N,0.00000000,1.00000000,2026-05-29 00:00:00.000,2026-05-29 00:00:00.000,2026-05-29 13:49:29.587,74
C,C,WO-070709,A22-74373-170,150.00000000,2026-05-29 13:23:50.203,5,500-GRP,Die Maintenance,G,NULL,NULL,N,0.00000000,1.00000000,2026-05-29 00:00:00.000,2026-05-29 00:00:00.000,2026-05-29 13:23:58.480,75
C,C,WO-071345,21044562,23.00000000,2026-05-29 13:53:51.090,919,V880-PAK,Manual Finish Packaging,W,NULL,NULL,Y,23.00000000,23.00000000,2026-06-02 23:40:00.000,2026-06-02 23:40:00.000,2026-05-29 12:52:46.080,76
C,C,WO-071449,1824360,126.00000000,2026-05-29 13:16:15.573,10,060-02,Laser - Bystronic 12K,W,NULL,NULL,Y,126.00000000,126.00000000,2026-06-25 22:40:00.000,2026-06-25 23:50:00.000,2026-05-29 11:57:45.543,77
C,C,WO-070428,04-29876-000,3108.00000000,2026-05-29 11:00:36.390,5,500-GRP,Die Maintenance,G,NULL,NULL,Y,0.00000000,1.00000000,2026-05-29 00:00:00.000,2026-05-29 00:00:00.000,2026-05-29 11:01:48.510,78
C,C,WO-071403,24858390,17.00000000,2026-05-29 10:46:35.410,5,500-GRP,Die Maintenance,G,NULL,NULL,N,0.00000000,1.00000000,2026-05-29 00:00:00.000,2026-05-29 00:00:00.000,2026-05-29 10:47:24.017,79
C,C,WO-071051,951313,8552.00000000,2026-05-29 10:41:04.957,5,500-GRP,Die Maintenance,G,NULL,NULL,Y,0.00000000,1.00000000,2026-05-29 00:00:00.000,2026-05-29 00:00:00.000,2026-05-29 10:42:50.710,80
C,C,WO-071051,951313,8552.00000000,2026-05-29 10:41:04.957,10,100-14,Press Room 660 Ton Seyi,W,NULL,NULL,N,8551.00000000,8552.00000000,2026-06-02 11:10:00.000,2026-06-02 21:00:00.000,2026-05-29 10:42:50.710,81
C,C,WO-071455,78816601,3.00000000,2026-05-29 10:57:53.483,910,V880-PAK,Manual Finish Packaging,W,NULL,NULL,Y,3.00000000,3.00000000,2026-06-01 21:30:00.000,2026-06-01 21:30:00.000,2026-05-29 10:08:43.433,82
C,C,WO-071456,22-74371-075,19.00000000,2026-05-29 09:56:58.777,10,880-GRP,Manual Finish Group,G,NULL,NULL,N,0.00000000,19.00000000,NULL,NULL,2026-05-29 09:57:57.550,83
C,C,WO-068077,24436402-PKG,5.00000000,2026-05-29 08:38:11.360,5,500-GRP,Die Maintenance,G,NULL,NULL,N,0.00000000,1.00000000,2026-05-29 00:00:00.000,2026-05-29 00:00:00.000,2026-05-29 08:38:31.397,84
C,C,WO-070925,24753576-PKG,25.00000000,2026-05-29 08:36:56.577,5,500-GRP,Die Maintenance,G,NULL,NULL,N,0.00000000,1.00000000,2026-05-29 00:00:00.000,2026-05-29 00:00:00.000,2026-05-29 08:37:16.567,85
C,C,WO-070825,24871731-PKG,10.00000000,2026-05-29 08:34:59.913,5,500-GRP,Die Maintenance,G,NULL,NULL,Y,0.00000000,1.00000000,2026-05-29 00:00:00.000,2026-05-29 00:00:00.000,2026-05-29 08:35:31.260,86
C,C,WO-071014,24767464-PKG,18.00000000,2026-05-29 08:33:41.120,5,500-GRP,Die Maintenance,G,NULL,NULL,N,0.00000000,1.00000000,2026-05-29 00:00:00.000,2026-05-29 00:00:00.000,2026-05-29 08:34:02.550,87
C,C,WO-070502,26025828-PKG,12.00000000,2026-05-29 08:32:28.050,5,500-GRP,Die Maintenance,G,NULL,NULL,N,0.00000000,1.00000000,2026-05-29 00:00:00.000,2026-05-29 00:00:00.000,2026-05-29 08:32:51.650,88
C,C,WO-071109,PXX14929,142.00000000,2026-05-29 08:19:54.100,5,500-GRP,Die Maintenance,G,NULL,NULL,N,0.00000000,1.00000000,2026-06-03 23:50:00.000,2026-06-03 23:50:00.000,2026-05-29 08:20:20.773,89
C,C,WO-071191,46892052,504.00000000,2026-05-29 08:11:17.887,5,500-GRP,Die Maintenance,G,NULL,NULL,N,0.00000000,1.00000000,2026-06-01 23:50:00.000,2026-06-01 23:50:00.000,2026-05-29 08:11:24.480,90
C,C,WO-071446,24887423,6.00000000,2026-05-29 10:37:42.580,919,V880-PAK,Manual Finish Packaging,W,NULL,NULL,Y,6.00000000,6.00000000,NULL,NULL,2026-05-29 07:19:19.023,91
C,C,WO-071065,21044560-PKG,170.00000000,2026-05-29 07:16:23.850,5,500-GRP,Die Maintenance,G,NULL,NULL,N,0.00000000,1.00000000,2026-05-22 00:00:00.000,2026-05-22 00:00:00.000,2026-05-29 07:16:44.987,92
C,C,WO-071101,GM87314,374.00000000,2026-05-29 06:52:37.360,5,500-GRP,Die Maintenance,G,NULL,NULL,N,0.00000000,1.00000000,2026-05-22 00:00:00.000,2026-05-22 00:00:00.000,2026-05-29 07:03:25.583,93
C,C,WO-071101,GM87314,374.00000000,2026-05-29 06:52:37.360,99,096-02,Lincoln Robotic Welder XHS-CM,W,NULL,NULL,Y,337.00000000,374.00000000,2026-05-25 01:50:00.000,2026-05-26 02:30:00.000,2026-05-29 07:03:25.583,94
C,C,WO-070938,SRE-50099,2706.00000000,2026-05-29 04:56:14.340,5,500-GRP,Die Maintenance,G,NULL,NULL,N,0.00000000,1.00000000,2026-05-22 00:00:00.000,2026-05-22 00:00:00.000,2026-05-29 07:02:59.520,95
C,C,WO-069133,243802-001,2208.00000000,2026-05-29 06:22:20.870,5,500-GRP,Die Maintenance,G,NULL,NULL,Y,0.00000000,1.00000000,2026-05-22 00:00:00.000,2026-05-22 00:00:00.000,2026-05-29 07:01:28.527,96
C,C,WO-071433,48.0243.R,97.00000000,2026-05-30 08:56:20.563,10,060-02,Laser - Bystronic 12K,W,NULL,NULL,Y,97.00000000,97.00000000,NULL,NULL,2026-05-29 04:40:14.617,97
C,C,WO-070938,SRE-50099,2706.00000000,2026-05-29 04:56:14.340,10,100-1807,Press Room 200 Ton Minster,W,NULL,NULL,Y,2706.00000000,2706.00000000,2026-05-25 12:00:00.000,2026-05-25 18:10:00.000,2026-05-29 04:34:06.967,98
C,C,WO-071402,24858392,40.00000000,2026-05-28 15:48:24.543,5,500-GRP,Die Maintenance,G,NULL,NULL,N,0.00000000,1.00000000,NULL,NULL,2026-05-29 03:07:12.920,99
C,C,WO-071237,104910-03,215.00000000,2026-05-28 18:57:09.330,5,500-GRP,Die Maintenance,G,NULL,NULL,N,0.00000000,1.00000000,2026-05-22 00:00:00.000,2026-05-22 00:00:00.000,2026-05-29 03:07:09.387,100
C,R,WO-071338,24392640-PKG,0.00000000,2026-05-27 14:52:10.590,5,500-GRP,Die Maintenance,G,NULL,NULL,N,0.00000000,1.00000000,NULL,NULL,2026-05-22 14:23:23.190,1
C,R,CO-083776,NULL,1.00000000,2026-04-17 11:51:18.060,10,990-GRP,Engineering Group,G,NULL,NULL,N,0.00000000,1.00100000,2026-08-10 08:00:00.000,2026-08-17 08:00:00.000,2026-04-23 11:49:39.957,2
C,R,CO-083776,NULL,1.00000000,2026-04-17 11:51:18.293,10,990-GRP,Engineering Group,G,NULL,NULL,N,0.00000000,1.00100000,2026-08-10 08:00:00.000,2026-08-17 08:00:00.000,2026-04-23 11:49:39.957,3
C,R,CO-083776,NULL,1.00000000,2026-04-17 11:51:18.060,15,Materials,Materials,W,NULL,NULL,N,0.00000000,1.00000000,2026-08-17 08:10:00.000,2026-08-17 08:10:00.000,2026-04-23 11:49:39.957,4
C,R,CO-083776,NULL,1.00000000,2026-04-17 11:51:18.293,15,Materials,Materials,W,NULL,NULL,N,0.00000000,1.00000000,2026-08-17 08:10:00.000,2026-08-17 08:10:00.000,2026-04-23 11:49:39.957,5
C,R,CO-083776,NULL,1.00000000,2026-04-17 11:51:18.060,20,020-01,Waterjet - Flow M3 4020B,W,NULL,NULL,N,0.00000000,1.00100000,2026-08-17 08:10:00.000,2026-08-17 08:10:00.000,2026-04-23 11:49:39.957,6
C,R,CO-083776,NULL,1.00000000,2026-04-17 11:51:18.293,20,020-01,Waterjet - Flow M3 4020B,W,NULL,NULL,N,0.00000000,1.00100000,2026-08-17 08:10:00.000,2026-08-17 08:10:00.000,2026-04-23 11:49:39.957,7
C,R,CO-083776,NULL,1.00000000,2026-04-17 11:51:18.060,50,050-GRP,Shop Group,G,NULL,NULL,Y,0.00000000,1.00100000,2026-08-17 08:10:00.000,2026-08-24 08:10:00.000,2026-04-23 11:49:39.957,8
C,R,CO-083776,NULL,1.00000000,2026-04-17 11:51:18.293,50,050-GRP,Shop Group,G,NULL,NULL,Y,0.00000000,1.00100000,2026-08-17 08:10:00.000,2026-08-24 08:10:00.000,2026-04-23 11:49:39.957,9
C,R,CO-083776,NULL,1.00000000,2026-04-17 11:51:18.060,51,050-GRP,Shop Group,G,NULL,NULL,Y,0.00000000,1.00100000,2026-08-24 08:20:00.000,2026-08-24 08:20:00.000,2026-04-23 11:49:39.957,10
C,R,CO-083776,NULL,1.00000000,2026-04-17 11:51:18.293,51,050-GRP,Shop Group,G,NULL,NULL,Y,0.00000000,1.00100000,2026-08-24 08:20:00.000,2026-08-24 08:20:00.000,2026-04-23 11:49:39.957,11
C,R,CO-083776,NULL,1.00000000,2026-04-17 11:51:18.060,100,050-02,Unattended Machining,W,NULL,NULL,N,0.00000000,1.00100000,2026-08-24 08:20:00.000,2026-08-24 08:20:00.000,2026-04-23 11:49:39.957,12
C,R,CO-083776,NULL,1.00000000,2026-04-17 11:51:18.293,100,050-02,Unattended Machining,W,NULL,NULL,N,0.00000000,1.00100000,2026-08-24 08:20:00.000,2026-08-24 08:20:00.000,2026-04-23 11:49:39.957,13
C,R,CO-083776,NULL,1.00000000,2026-04-17 11:51:18.060,350,350-GRP,Wire EDM Group,G,NULL,NULL,N,0.00000000,1.00100000,2026-08-24 08:20:00.000,2026-08-24 08:20:00.000,2026-04-23 11:49:39.957,14
C,R,CO-083776,NULL,1.00000000,2026-04-17 11:51:18.293,350,350-GRP,Wire EDM Group,G,NULL,NULL,N,0.00000000,1.00100000,2026-08-24 08:20:00.000,2026-08-24 08:20:00.000,2026-04-23 11:49:39.957,15
C,R,CO-083776,NULL,1.00000000,2026-04-17 11:51:18.060,400,350-03,Unattended Wire EDM,W,NULL,NULL,N,0.00000000,1.00100000,2026-08-24 08:20:00.000,2026-08-24 08:20:00.000,2026-04-23 11:49:39.957,16
C,R,CO-083776,NULL,1.00000000,2026-04-17 11:51:18.293,400,350-03,Unattended Wire EDM,W,NULL,NULL,N,0.00000000,1.00100000,2026-08-24 08:20:00.000,2026-08-24 08:20:00.000,2026-04-23 11:49:39.957,17
C,R,CO-083776,NULL,1.00000000,2026-04-17 11:51:18.060,500,100-GRP,Small Press Coil Fed,G,NULL,NULL,N,0.00000000,1.00100000,2026-08-24 08:20:00.000,2026-08-24 18:20:00.000,2026-04-23 11:49:39.957,18
C,R,CO-083776,NULL,1.00000000,2026-04-17 11:51:18.293,500,100-GRP,Small Press Coil Fed,G,NULL,NULL,N,0.00000000,1.00100000,2026-08-24 08:20:00.000,2026-08-24 18:20:00.000,2026-04-23 11:49:39.957,19
C,R,CO-083776,NULL,1.00000000,2026-04-17 11:51:18.060,600,252-GRP,Final Inspection Group,G,NULL,NULL,N,0.00000000,1.00100000,2026-08-24 18:30:00.000,2026-08-24 19:20:00.000,2026-04-23 11:49:39.957,20
C,R,CO-083776,NULL,1.00000000,2026-04-17 11:51:18.293,600,252-GRP,Final Inspection Group,G,NULL,NULL,N,0.00000000,1.00100000,2026-08-24 18:30:00.000,2026-08-24 19:20:00.000,2026-04-23 11:49:39.957,21
C,R,CO-083776,NULL,1.00000000,2026-04-17 11:51:18.060,700,300-GRP,Die Shop Tryout,G,NULL,NULL,N,0.00000000,1.00100000,2026-08-24 19:30:00.000,2026-08-24 19:30:00.000,2026-04-23 11:49:39.957,22
C,R,CO-083776,NULL,1.00000000,2026-04-17 11:51:18.293,700,300-GRP,Die Shop Tryout,G,NULL,NULL,N,0.00000000,1.00100000,2026-08-24 19:30:00.000,2026-08-24 19:30:00.000,2026-04-23 11:49:39.957,23
C,R,CO-083776,NULL,1.00000000,2026-04-17 11:51:18.060,900,OUTSIDE_SERVICE,Outside Service,C,NULL,NULL,N,0.00000000,1.00100000,2026-08-24 19:30:00.000,2026-08-24 19:30:00.000,2026-04-23 11:49:39.957,24
C,R,CO-083776,NULL,1.00000000,2026-04-17 11:51:18.293,900,OUTSIDE_SERVICE,Outside Service,C,NULL,NULL,N,0.00000000,1.00100000,2026-08-24 19:30:00.000,2026-08-24 19:30:00.000,2026-04-23 11:49:39.957,25
C,R,CO-083776,NULL,1.00000000,2026-04-17 11:51:18.060,901,253-GRP,In-Process Inspection Group,G,NULL,NULL,N,0.00000000,1.00100000,2026-08-24 19:30:00.000,2026-08-24 19:30:00.000,2026-04-23 11:49:39.957,26
C,R,CO-083776,NULL,1.00000000,2026-04-17 11:51:18.293,901,253-GRP,In-Process Inspection Group,G,NULL,NULL,N,0.00000000,1.00100000,2026-08-24 19:30:00.000,2026-08-24 19:30:00.000,2026-04-23 11:49:39.957,27
C,R,WO-066087,NULL,0.00000000,2026-02-12 09:43:30.937,15,Materials,Materials,W,NULL,NULL,Y,0.00000000,1.00000000,2026-07-20 10:00:00.000,2026-07-20 10:00:00.000,2026-02-12 09:43:30.953,28
C,R,WO-068853,A0006876776-G90,0.00000000,2026-02-09 13:58:17.467,5,500-GRP,Die Maintenance,G,NULL,NULL,N,0.00000000,1.00000000,2026-02-06 00:00:00.000,2026-02-06 00:00:00.000,2026-02-02 10:49:36.813,29
C,R,WO-064929,952071,3808.00000000,2025-09-02 06:08:07.057,5,500-GRP,Die Maintenance,G,NULL,NULL,N,0.00000000,1.00000000,2025-08-29 00:00:00.000,2025-08-29 00:00:00.000,2025-08-22 11:04:53.717,30
C,R,WO-064929,952071,3808.00000000,2025-09-02 06:08:07.057,20,OUTSIDE_SERVICE,Outside Service,C,NULL,NULL,N,3692.00000000,3808.00000000,2025-08-29 04:10:00.000,2025-08-29 04:10:00.000,2025-08-22 11:04:53.717,31
C,R,WO-061068,2461721,0.00000000,2025-02-27 14:51:11.087,5,500-GRP,Die Maintenance,G,NULL,NULL,N,0.00000000,1.00000000,2025-02-27 00:00:00.000,2025-02-27 00:00:00.000,2025-02-19 14:27:23.300,32
C,R,CO-075225,NULL,1.00000000,2024-10-04 06:06:33.527,10,990-GRP,Engineering Group,G,NULL,NULL,N,0.00000000,2.00000000,2026-05-29 00:00:00.000,2026-05-29 00:00:00.000,2024-09-11 12:56:36.517,33
C,R,CO-075225,NULL,1.00000000,2024-10-04 06:06:33.527,15,Materials,Materials,W,NULL,NULL,N,0.00000000,1.00000000,2026-05-29 00:00:00.000,2026-05-29 00:00:00.000,2024-09-11 12:56:36.517,34
C,R,CO-075225,NULL,1.00000000,2024-10-04 06:06:33.527,20,020-01,Waterjet - Flow M3 4020B,W,NULL,NULL,N,0.00000000,2.00000000,2026-05-29 00:00:00.000,2026-05-29 00:00:00.000,2024-09-11 12:56:36.517,35
C,R,CO-075225,NULL,1.00000000,2024-10-04 06:06:33.527,50,050-GRP,Shop Group,G,NULL,NULL,Y,0.00000000,2.00000000,2026-05-29 00:00:00.000,2026-06-01 07:50:00.000,2024-09-11 12:56:36.517,36
C,R,CO-075225,NULL,1.00000000,2024-10-04 06:06:33.527,100,050-02,Unattended Machining,W,NULL,NULL,N,0.00000000,2.00000000,2026-06-01 08:00:00.000,2026-06-01 08:00:00.000,2024-09-11 12:56:36.517,37
C,R,CO-075225,NULL,1.00000000,2024-10-04 06:06:33.527,350,350-GRP,Wire EDM Group,G,NULL,NULL,N,0.00000000,2.00000000,2026-06-01 08:00:00.000,2026-06-01 08:00:00.000,2024-09-11 12:56:36.517,38
C,R,CO-075225,NULL,1.00000000,2024-10-04 06:06:33.527,400,350-03,Unattended Wire EDM,W,NULL,NULL,N,0.00000000,2.00000000,2026-06-01 08:00:00.000,2026-06-01 08:00:00.000,2024-09-11 12:56:36.517,39
C,R,CO-075225,NULL,1.00000000,2024-10-04 06:06:33.527,500,100-GRP,Small Press Coil Fed,G,NULL,NULL,N,0.00000000,2.00000000,2026-06-01 08:00:00.000,2026-06-01 08:00:00.000,2024-09-11 12:56:36.517,40
C,R,CO-075225,NULL,1.00000000,2024-10-04 06:06:33.527,600,252-GRP,Final Inspection Group,G,NULL,NULL,N,0.00000000,2.00000000,2026-06-01 08:00:00.000,2026-06-01 08:00:00.000,2024-09-11 12:56:36.517,41
C,R,CO-075225,NULL,1.00000000,2024-10-04 06:06:33.527,700,300-GRP,Die Shop Tryout,G,NULL,NULL,N,0.00000000,2.00000000,2026-06-01 08:00:00.000,2026-06-01 08:00:00.000,2024-09-11 12:56:36.517,42
C,R,CO-075225,NULL,1.00000000,2024-10-04 06:06:33.527,900,OUTSIDE_SERVICE,Outside Service,C,NULL,NULL,N,0.00000000,2.00000000,2026-06-01 08:00:00.000,2026-06-01 08:00:00.000,2024-09-11 12:56:36.517,43
C,R,CO-075225,NULL,1.00000000,2024-10-04 06:06:33.527,901,253-GRP,In-Process Inspection Group,G,NULL,NULL,N,0.00000000,2.00000000,2026-06-01 08:00:00.000,2026-06-01 08:00:00.000,2024-09-11 12:56:36.517,44
C,R,WO-056386,029-26981-000,0.00000000,2024-06-28 07:49:17.580,5,500-GRP,Die Maintenance,G,NULL,NULL,Y,0.00000000,1.00000000,2024-07-02 21:40:00.000,2024-07-02 21:40:00.000,2024-06-28 07:49:17.580,45
C,R,WO-049397,29545982,0.00000000,2023-04-05 10:14:23.557,5,500-GRP,Die Maintenance,G,NULL,NULL,N,0.00000000,1.00000000,2023-03-31 00:00:00.000,2023-03-31 00:00:00.000,2023-02-23 14:03:00.350,46
C,R,WO-049396,29531022,0.00000000,2023-04-05 10:17:54.430,5,500-GRP,Die Maintenance,G,NULL,NULL,N,0.00000000,1.00000000,2023-03-31 00:00:00.000,2023-03-31 00:00:00.000,2023-02-23 14:00:53.973,47
C,R,CO-064163,NULL,1.00000000,2022-07-18 11:09:00.250,50,050-GRP,Shop Group,G,NULL,NULL,N,0.00000000,1.00000000,2022-07-15 07:00:00.000,2022-07-15 12:50:00.000,2022-11-03 11:40:39.903,48
C,R,CO-058060,NULL,1.00000000,2023-01-31 09:19:17.940,10,990-GRP,Engineering Group,G,NULL,NULL,N,0.00000000,1.00000000,2023-01-27 00:00:00.000,2023-01-27 00:00:00.000,2021-08-10 05:14:54.930,49
C,R,CO-058060,NULL,1.00000000,2023-01-31 09:19:17.940,15,Materials,Materials,W,NULL,NULL,N,0.00000000,1.00000000,2023-01-27 00:00:00.000,2023-01-27 00:00:00.000,2021-08-10 05:14:54.930,50
C,R,CO-058060,NULL,1.00000000,2023-01-31 09:19:17.940,20,020-01,Waterjet - Flow M3 4020B,W,NULL,NULL,N,0.00000000,1.00000000,2023-01-27 00:00:00.000,2023-01-27 00:00:00.000,2021-08-10 05:14:54.930,51
C,R,CO-058060,NULL,1.00000000,2023-01-31 09:19:17.940,50,050-GRP,Shop Group,G,NULL,NULL,Y,0.00000000,1.00000000,2023-01-27 00:00:00.000,2023-01-27 14:50:00.000,2021-08-10 05:14:54.930,52
C,R,CO-058060,NULL,1.00000000,2023-01-31 09:19:17.940,100,050-02,Unattended Machining,W,NULL,NULL,N,0.00000000,1.00000000,2023-01-27 15:00:00.000,2023-01-27 15:00:00.000,2021-08-10 05:14:54.930,53
C,R,CO-058060,NULL,1.00000000,2023-01-31 09:19:17.940,350,350-GRP,Wire EDM Group,G,NULL,NULL,N,0.00000000,1.00000000,2023-01-27 15:00:00.000,2023-01-27 15:00:00.000,2021-08-10 05:14:54.930,54
C,R,CO-058060,NULL,1.00000000,2023-01-31 09:19:17.940,400,350-03,Unattended Wire EDM,W,NULL,NULL,N,0.00000000,1.00000000,2023-01-27 15:00:00.000,2023-01-27 15:00:00.000,2021-08-10 05:14:54.930,55
C,R,CO-058060,NULL,1.00000000,2023-01-31 09:19:17.940,500,100-GRP,Small Press Coil Fed,G,NULL,NULL,N,0.00000000,1.00000000,2023-01-27 15:00:00.000,2023-01-27 15:00:00.000,2021-08-10 05:14:54.930,56
C,R,CO-058060,NULL,1.00000000,2023-01-31 09:19:17.940,600,252-GRP,Final Inspection Group,G,NULL,NULL,N,0.00000000,1.00000000,2023-01-27 15:00:00.000,2023-01-27 15:00:00.000,2021-08-10 05:14:54.930,57
C,R,CO-058060,NULL,1.00000000,2023-01-31 09:19:17.940,700,300-GRP,Die Shop Tryout,G,NULL,NULL,N,0.00000000,1.00000000,2023-01-27 15:00:00.000,2023-01-27 15:00:00.000,2021-08-10 05:14:54.930,58
C,R,CO-058060,NULL,1.00000000,2023-01-31 09:19:17.940,900,OUTSIDE_SERVICE,Outside Service,C,NULL,NULL,N,0.00000000,1.00000000,2023-01-27 15:00:00.000,2023-01-27 15:00:00.000,2021-08-10 05:14:54.930,59
C,R,CO-058060,NULL,1.00000000,2023-01-31 09:19:17.940,901,253-GRP,In-Process Inspection Group,G,NULL,NULL,N,0.00000000,1.00000000,2023-01-27 15:00:00.000,2023-01-27 15:00:00.000,2021-08-10 05:14:54.930,60
C,R,WO-033648,18697-13,1755.00000000,2019-01-21 12:54:20.610,10,100-12,Press Room 440 Ton Seyi,W,NULL,NULL,Y,1750.00000000,1755.00000000,NULL,NULL,2018-10-23 00:00:00.000,61
C,R,WO-027448,309-5624,50.00000000,2017-08-03 08:16:35.257,5,500-GRP,Die Maintenance,G,NULL,NULL,N,0.00000000,1.00000000,NULL,NULL,2017-01-03 00:00:00.000,62
C,R,WO-027448,309-5624,50.00000000,2017-08-03 08:16:35.257,19,020-01,Waterjet - Flow M3 4020B,W,NULL,NULL,Y,47.00000000,50.00000000,NULL,NULL,2017-01-03 00:00:00.000,63
C,R,CO-028615,NULL,1.00000000,2015-12-03 00:00:00.000,10,990-GRP,Engineering Group,G,NULL,NULL,N,0.00000000,1.00000000,NULL,NULL,2015-12-02 10:51:17.873,64
C,R,CO-028615,NULL,1.00000000,2015-12-03 00:00:00.000,15,Materials,Materials,W,NULL,NULL,N,0.00000000,1.00000000,NULL,NULL,2015-12-02 10:51:17.873,65
C,R,CO-028615,NULL,1.00000000,2015-12-03 00:00:00.000,20,020-01,Waterjet - Flow M3 4020B,W,NULL,NULL,N,0.00000000,1.00000000,NULL,NULL,2015-12-02 10:51:17.873,66
C,R,CO-028615,NULL,1.00000000,2015-12-03 00:00:00.000,50,050-GRP,Shop Group,G,NULL,NULL,Y,0.00000000,1.00000000,NULL,NULL,2015-12-02 10:51:17.873,67
C,R,CO-028615,NULL,1.00000000,2015-12-03 00:00:00.000,100,050-02,Unattended Machining,W,NULL,NULL,N,0.00000000,1.00000000,NULL,NULL,2015-12-02 10:51:17.873,68
C,R,CO-028615,NULL,1.00000000,2015-12-03 00:00:00.000,350,350-GRP,Wire EDM Group,G,NULL,NULL,N,0.00000000,1.00000000,NULL,NULL,2015-12-02 10:51:17.873,69
C,R,CO-028615,NULL,1.00000000,2015-12-03 00:00:00.000,400,350-03,Unattended Wire EDM,W,NULL,NULL,N,0.00000000,1.00000000,NULL,NULL,2015-12-02 10:51:17.873,70
C,R,CO-028615,NULL,1.00000000,2015-12-03 00:00:00.000,500,100-GRP,Small Press Coil Fed,G,NULL,NULL,N,0.00000000,1.00000000,NULL,NULL,2015-12-02 10:51:17.873,71
C,R,CO-028615,NULL,1.00000000,2015-12-03 00:00:00.000,600,252-GRP,Final Inspection Group,G,NULL,NULL,N,0.00000000,1.00000000,NULL,NULL,2015-12-02 10:51:17.873,72
C,R,CO-028615,NULL,1.00000000,2015-12-03 00:00:00.000,700,300-GRP,Die Shop Tryout,G,NULL,NULL,N,0.00000000,1.00000000,NULL,NULL,2015-12-02 10:51:17.873,73
C,R,CO-028615,NULL,1.00000000,2015-12-03 00:00:00.000,900,OUTSIDE_SERVICE,Outside Service,C,NULL,NULL,N,0.00000000,1.00000000,NULL,NULL,2015-12-02 10:51:17.873,74
C,R,CO-028615,NULL,1.00000000,2015-12-03 00:00:00.000,901,253-GRP,In-Process Inspection Group,G,NULL,NULL,N,0.00000000,1.00000000,NULL,NULL,2015-12-02 10:51:17.873,75
C,R,CO-024729,NULL,1.00000000,2015-03-05 00:00:00.000,900,OUTSIDE_SERVICE,Outside Service,C,NULL,NULL,N,0.00000000,1.00000000,NULL,NULL,2014-12-04 11:20:26.523,76
C,R,CO-021098,NULL,6.00000000,2014-01-31 00:00:00.000,10,990-GRP,Engineering Group,G,NULL,NULL,N,0.00000000,6.00000000,NULL,NULL,2014-01-10 11:41:30.297,77
C,R,CO-021098,NULL,6.00000000,2014-01-31 00:00:00.000,15,Materials,Materials,W,NULL,NULL,N,0.00000000,6.00000000,NULL,NULL,2014-01-10 11:41:30.297,78
C,R,CO-021098,NULL,6.00000000,2014-01-31 00:00:00.000,20,020-01,Waterjet - Flow M3 4020B,W,NULL,NULL,Y,0.00000000,6.00000000,NULL,NULL,2014-01-10 11:41:30.297,79
C,R,CO-021098,NULL,6.00000000,2014-01-31 00:00:00.000,50,050-GRP,Shop Group,G,NULL,NULL,Y,0.00000000,6.00000000,NULL,NULL,2014-01-10 11:41:30.297,80
C,R,CO-021098,NULL,6.00000000,2014-01-31 00:00:00.000,100,050-02,Unattended Machining,W,NULL,NULL,N,0.00000000,6.00000000,NULL,NULL,2014-01-10 11:41:30.297,81
C,R,CO-021098,NULL,6.00000000,2014-01-31 00:00:00.000,350,350-GRP,Wire EDM Group,G,NULL,NULL,N,0.00000000,6.00000000,NULL,NULL,2014-01-10 11:41:30.297,82
C,R,CO-021098,NULL,6.00000000,2014-01-31 00:00:00.000,400,350-03,Unattended Wire EDM,W,NULL,NULL,N,0.00000000,6.00000000,NULL,NULL,2014-01-10 11:41:30.297,83
C,R,CO-021098,NULL,6.00000000,2014-01-31 00:00:00.000,500,100-GRP,Small Press Coil Fed,G,NULL,NULL,Y,0.00000000,6.00000000,NULL,NULL,2014-01-10 11:41:30.297,84
C,R,CO-021098,NULL,6.00000000,2014-01-31 00:00:00.000,600,252-GRP,Final Inspection Group,G,NULL,NULL,N,0.00000000,6.00000000,NULL,NULL,2014-01-10 11:41:30.297,85
C,R,CO-021098,NULL,6.00000000,2014-01-31 00:00:00.000,700,300-GRP,Die Shop Tryout,G,NULL,NULL,N,0.00000000,6.00000000,NULL,NULL,2014-01-10 11:41:30.297,86
C,R,CO-021098,NULL,6.00000000,2014-01-31 00:00:00.000,900,OUTSIDE_SERVICE,Outside Service,C,NULL,NULL,N,0.00000000,6.00000000,NULL,NULL,2014-01-10 11:41:30.297,87
C,R,CO-021098,NULL,6.00000000,2014-01-31 00:00:00.000,901,253-GRP,In-Process Inspection Group,G,NULL,NULL,N,0.00000000,6.00000000,NULL,NULL,2014-01-10 11:41:30.297,88
C,R,WO-016839,L-302C,14625.00000000,2012-05-31 11:42:14.303,19,100-08,Press Room 800 Ton,W,NULL,NULL,Y,13279.00000000,14625.00000000,2012-05-21 23:50:00.000,2012-05-24 09:30:00.000,2012-03-23 00:00:00.000,89
C,R,WO-015989,PCLP005,139000.00000000,2011-11-14 00:00:00.000,910,OUTSIDE_SERVICE,Outside Service,C,NULL,NULL,N,0.00000000,139000.00000000,NULL,NULL,2011-10-12 00:00:00.000,90
C,R,CO-012931,NULL,1.00000000,2011-12-15 00:00:00.000,50,050-GRP,Shop Group,G,NULL,NULL,Y,0.00000000,1.00000000,2011-11-08 15:50:00.000,2011-11-10 23:40:00.000,2011-04-25 08:12:05.843,91
C,R,CO-012931,NULL,1.00000000,2011-12-15 00:00:00.000,50,050-GRP,Shop Group,G,NULL,NULL,Y,0.00000000,1.00000000,2011-11-08 15:50:00.000,2011-11-10 23:40:00.000,2011-04-25 08:12:05.843,92
C,U,WO-056120,7445879,1411.00000000,2024-06-11 05:34:03.987,919,880-GRP,Manual Finish Group,G,NULL,NULL,N,0.00000000,1411.00000000,NULL,NULL,2024-08-20 15:40:50.237,1
C,U,WO-053329,11058-1674,59.00000000,2023-12-20 11:24:54.837,29,252-01,Final Inspection ,W,NULL,NULL,N,0.00000000,59.00000000,NULL,NULL,2024-02-29 07:14:33.440,2
C,X,WO-066087,NULL,0.00000000,2026-02-12 09:43:30.937,10,990-GRP,Engineering Group,G,NULL,NULL,Y,0.00000000,0.00000000,2026-07-15 14:00:00.000,2026-07-20 09:50:00.000,2025-12-19 07:24:46.173,1
C,X,WO-066087,NULL,0.00000000,2026-02-12 09:43:30.937,20,020-01,Waterjet - Flow M3 4020B,W,NULL,NULL,Y,1.00000000,0.00000000,2026-06-30 09:00:00.000,2026-06-30 09:00:00.000,2025-12-19 07:24:46.173,2
C,X,WO-066087,NULL,0.00000000,2026-02-12 09:43:30.937,50,050-GRP,Shop Group,G,NULL,NULL,Y,0.00000000,0.00000000,2026-07-21 12:00:00.000,2026-07-28 11:50:00.000,2025-12-19 07:24:46.173,3
C,X,WO-066087,NULL,0.00000000,2026-02-12 09:43:30.937,51,050-GRP,Shop Group,G,NULL,NULL,Y,0.00000000,0.00000000,2026-07-28 12:00:00.000,2026-07-28 12:00:00.000,2025-12-19 07:24:46.173,4
C,X,WO-066087,NULL,0.00000000,2026-02-12 09:43:30.937,100,050-02,Unattended Machining,W,NULL,NULL,Y,0.00000000,0.00000000,2026-07-28 12:00:00.000,2026-07-28 12:00:00.000,2025-12-19 07:24:46.173,5
C,X,WO-066087,NULL,0.00000000,2026-02-12 09:43:30.937,350,350-GRP,Wire EDM Group,G,NULL,NULL,Y,0.00000000,0.00000000,2026-07-28 12:00:00.000,2026-07-28 12:00:00.000,2025-12-19 07:24:46.173,6
C,X,WO-066087,NULL,0.00000000,2026-02-12 09:43:30.937,400,350-03,Unattended Wire EDM,W,NULL,NULL,Y,0.00000000,0.00000000,2026-07-28 12:00:00.000,2026-07-28 12:00:00.000,2025-12-19 07:24:46.173,7
C,X,WO-066087,NULL,0.00000000,2026-02-12 09:43:30.937,500,100-GRP,Small Press Coil Fed,G,NULL,NULL,Y,0.00000000,0.00000000,2026-07-28 12:00:00.000,2026-07-28 12:00:00.000,2025-12-19 07:24:46.173,8
C,X,WO-066087,NULL,0.00000000,2026-02-12 09:43:30.937,600,252-GRP,Final Inspection Group,G,NULL,NULL,Y,0.00000000,0.00000000,2026-07-28 12:00:00.000,2026-07-28 12:00:00.000,2025-12-19 07:24:46.173,9
C,X,WO-066087,NULL,0.00000000,2026-02-12 09:43:30.937,700,300-GRP,Die Shop Tryout,G,NULL,NULL,Y,0.00000000,0.00000000,2026-07-28 12:00:00.000,2026-07-28 12:00:00.000,2025-12-19 07:24:46.173,10
C,X,WO-066087,NULL,0.00000000,2026-02-12 09:43:30.937,900,OUTSIDE_SERVICE,Outside Service,C,NULL,NULL,Y,0.00000000,0.00000000,2026-07-28 12:00:00.000,2026-07-28 12:00:00.000,2025-12-19 07:24:46.173,11
C,X,WO-066087,NULL,0.00000000,2026-02-12 09:43:30.937,901,253-GRP,In-Process Inspection Group,G,NULL,NULL,Y,0.00000000,0.00000000,2026-07-28 12:00:00.000,2026-07-28 12:00:00.000,2025-12-19 07:24:46.173,12
C,X,WO-056386,029-26981-000,0.00000000,2024-06-28 07:49:17.580,19,100-12,Press Room 440 Ton Seyi,W,NULL,NULL,Y,0.00000000,0.00000000,2024-07-02 21:50:00.000,2024-07-02 23:50:00.000,2024-06-27 07:53:02.063,13
C,X,CO-069707,NULL,1.00000000,2024-09-09 14:51:15.763,10,990-GRP,Engineering Group,G,NULL,NULL,N,0.00000000,1.00000000,2026-03-05 12:00:00.000,2026-03-10 07:50:00.000,2024-02-23 11:31:02.347,14
C,X,CO-069707,NULL,1.00000000,2024-09-09 14:51:15.967,10,990-GRP,Engineering Group,G,NULL,NULL,N,0.00000000,1.00000000,2026-03-05 12:00:00.000,2026-03-10 07:50:00.000,2024-02-23 11:31:02.347,15
C,X,CO-069707,NULL,1.00000000,2024-09-09 14:51:15.763,15,Materials,Materials,W,NULL,NULL,N,0.00000000,1.00000000,2026-03-10 08:00:00.000,2026-03-10 08:00:00.000,2024-02-23 11:31:02.347,16
C,X,CO-069707,NULL,1.00000000,2024-09-09 14:51:15.967,15,Materials,Materials,W,NULL,NULL,N,0.00000000,1.00000000,2026-03-10 08:00:00.000,2026-03-10 08:00:00.000,2024-02-23 11:31:02.347,17
C,X,CO-069707,NULL,1.00000000,2024-09-09 14:51:15.763,20,020-01,Waterjet - Flow M3 4020B,W,NULL,NULL,N,0.00000000,1.00000000,2026-03-10 08:00:00.000,2026-03-10 08:00:00.000,2024-02-23 11:31:02.347,18
C,X,CO-069707,NULL,1.00000000,2024-09-09 14:51:15.967,20,020-01,Waterjet - Flow M3 4020B,W,NULL,NULL,N,0.00000000,1.00000000,2026-03-10 08:00:00.000,2026-03-10 08:00:00.000,2024-02-23 11:31:02.347,19
C,X,CO-069707,NULL,1.00000000,2024-09-09 14:51:15.763,50,050-GRP,Shop Group,G,NULL,NULL,N,0.00000000,1.00000000,2026-06-15 08:00:00.000,2026-07-01 11:50:00.000,2024-02-23 11:31:02.347,20
C,X,CO-069707,NULL,1.00000000,2024-09-09 14:51:15.967,50,050-GRP,Shop Group,G,NULL,NULL,N,0.00000000,1.00000000,2026-06-15 08:00:00.000,2026-07-01 11:50:00.000,2024-02-23 11:31:02.347,21
C,X,CO-069707,NULL,1.00000000,2024-09-09 14:51:15.763,100,050-02,Unattended Machining,W,NULL,NULL,N,0.00000000,1.00000000,2026-07-01 12:00:00.000,2026-07-01 12:00:00.000,2024-02-23 11:31:02.347,22
C,X,CO-069707,NULL,1.00000000,2024-09-09 14:51:15.967,100,050-02,Unattended Machining,W,NULL,NULL,N,0.00000000,1.00000000,2026-07-01 12:00:00.000,2026-07-01 12:00:00.000,2024-02-23 11:31:02.347,23
C,X,CO-069707,NULL,1.00000000,2024-09-09 14:51:15.763,350,350-GRP,Wire EDM Group,G,NULL,NULL,N,0.00000000,1.00000000,2026-07-01 12:00:00.000,2026-07-01 12:00:00.000,2024-02-23 11:31:02.347,24
C,X,CO-069707,NULL,1.00000000,2024-09-09 14:51:15.967,350,350-GRP,Wire EDM Group,G,NULL,NULL,N,0.00000000,1.00000000,2026-07-01 12:00:00.000,2026-07-01 12:00:00.000,2024-02-23 11:31:02.347,25
C,X,CO-069707,NULL,1.00000000,2024-09-09 14:51:15.763,400,350-03,Unattended Wire EDM,W,NULL,NULL,N,0.00000000,1.00000000,2026-07-01 12:00:00.000,2026-07-01 12:00:00.000,2024-02-23 11:31:02.347,26
C,X,CO-069707,NULL,1.00000000,2024-09-09 14:51:15.967,400,350-03,Unattended Wire EDM,W,NULL,NULL,N,0.00000000,1.00000000,2026-07-01 12:00:00.000,2026-07-01 12:00:00.000,2024-02-23 11:31:02.347,27
C,X,CO-069707,NULL,1.00000000,2024-09-09 14:51:15.763,500,100-GRP,Small Press Coil Fed,G,NULL,NULL,N,0.00000000,1.00000000,2026-07-01 12:00:00.000,2026-07-01 16:50:00.000,2024-02-23 11:31:02.347,28
C,X,CO-069707,NULL,1.00000000,2024-09-09 14:51:15.967,500,100-GRP,Small Press Coil Fed,G,NULL,NULL,N,0.00000000,1.00000000,2026-07-01 12:00:00.000,2026-07-01 16:50:00.000,2024-02-23 11:31:02.347,29
C,X,CO-069707,NULL,1.00000000,2024-09-09 14:51:15.763,600,252-GRP,Final Inspection Group,G,NULL,NULL,N,0.00000000,1.00000000,2026-07-01 17:00:00.000,2026-07-01 17:50:00.000,2024-02-23 11:31:02.347,30
C,X,CO-069707,NULL,1.00000000,2024-09-09 14:51:15.967,600,252-GRP,Final Inspection Group,G,NULL,NULL,N,0.00000000,1.00000000,2026-07-01 17:00:00.000,2026-07-01 17:50:00.000,2024-02-23 11:31:02.347,31
C,X,CO-069707,NULL,1.00000000,2024-09-09 14:51:15.763,700,300-GRP,Die Shop Tryout,G,NULL,NULL,N,0.00000000,1.00000000,2026-07-01 18:00:00.000,2026-07-01 18:00:00.000,2024-02-23 11:31:02.347,32
C,X,CO-069707,NULL,1.00000000,2024-09-09 14:51:15.967,700,300-GRP,Die Shop Tryout,G,NULL,NULL,N,0.00000000,1.00000000,2026-07-01 18:00:00.000,2026-07-01 18:00:00.000,2024-02-23 11:31:02.347,33
C,X,CO-069707,NULL,1.00000000,2024-09-09 14:51:15.763,900,OUTSIDE_SERVICE,Outside Service,C,NULL,NULL,N,0.00000000,1.00000000,2026-07-01 18:00:00.000,2026-07-01 18:00:00.000,2024-02-23 11:31:02.347,34
C,X,CO-069707,NULL,1.00000000,2024-09-09 14:51:15.967,900,OUTSIDE_SERVICE,Outside Service,C,NULL,NULL,N,0.00000000,1.00000000,2026-07-01 18:00:00.000,2026-07-01 18:00:00.000,2024-02-23 11:31:02.347,35
C,X,CO-069707,NULL,1.00000000,2024-09-09 14:51:15.763,901,253-GRP,In-Process Inspection Group,G,NULL,NULL,N,0.00000000,1.00000000,2026-07-01 18:00:00.000,2026-07-01 18:00:00.000,2024-02-23 11:31:02.347,36
C,X,CO-069707,NULL,1.00000000,2024-09-09 14:51:15.967,901,253-GRP,In-Process Inspection Group,G,NULL,NULL,N,0.00000000,1.00000000,2026-07-01 18:00:00.000,2026-07-01 18:00:00.000,2024-02-23 11:31:02.347,37
C,X,CO-069582,NULL,1.00000000,2024-09-26 10:28:50.517,10,990-GRP,Engineering Group,G,NULL,NULL,N,0.00000000,1.00000000,2024-11-13 10:00:00.000,2024-11-14 12:50:00.000,2024-02-06 08:58:23.087,38
C,X,CO-069582,NULL,1.00000000,2024-09-26 10:28:50.737,10,990-GRP,Engineering Group,G,NULL,NULL,N,0.00000000,1.00000000,2024-11-13 10:00:00.000,2024-11-14 12:50:00.000,2024-02-06 08:58:23.087,39
C,X,CO-069582,NULL,1.00000000,2024-09-26 10:28:50.517,15,Materials,Materials,W,NULL,NULL,N,0.00000000,1.00000000,2024-11-14 13:00:00.000,2024-11-14 13:00:00.000,2024-02-06 08:58:23.087,40
C,X,CO-069582,NULL,1.00000000,2024-09-26 10:28:50.737,15,Materials,Materials,W,NULL,NULL,N,0.00000000,1.00000000,2024-11-14 13:00:00.000,2024-11-14 13:00:00.000,2024-02-06 08:58:23.087,41
C,X,CO-069582,NULL,1.00000000,2024-09-26 10:28:50.517,20,020-01,Waterjet - Flow M3 4020B,W,NULL,NULL,N,0.00000000,1.00000000,2024-11-14 13:00:00.000,2024-11-14 13:00:00.000,2024-02-06 08:58:23.087,42
C,X,CO-069582,NULL,1.00000000,2024-09-26 10:28:50.737,20,020-01,Waterjet - Flow M3 4020B,W,NULL,NULL,N,0.00000000,1.00000000,2024-11-14 13:00:00.000,2024-11-14 13:00:00.000,2024-02-06 08:58:23.087,43
C,X,CO-069582,NULL,1.00000000,2024-09-26 10:28:50.517,50,050-GRP,Shop Group,G,NULL,NULL,Y,0.00000000,1.00000000,2024-12-12 07:00:00.000,2024-12-23 10:50:00.000,2024-02-06 08:58:23.087,44
C,X,CO-069582,NULL,1.00000000,2024-09-26 10:28:50.737,50,050-GRP,Shop Group,G,NULL,NULL,Y,0.00000000,1.00000000,2024-12-12 07:00:00.000,2024-12-23 10:50:00.000,2024-02-06 08:58:23.087,45
C,X,CO-069582,NULL,1.00000000,2024-09-26 10:28:50.517,100,050-02,Unattended Machining,W,NULL,NULL,N,0.00000000,1.00000000,2024-12-23 11:00:00.000,2024-12-23 11:00:00.000,2024-02-06 08:58:23.087,46
C,X,CO-069582,NULL,1.00000000,2024-09-26 10:28:50.737,100,050-02,Unattended Machining,W,NULL,NULL,N,0.00000000,1.00000000,2024-12-23 11:00:00.000,2024-12-23 11:00:00.000,2024-02-06 08:58:23.087,47
C,X,CO-069582,NULL,1.00000000,2024-09-26 10:28:50.517,350,350-GRP,Wire EDM Group,G,NULL,NULL,N,0.00000000,1.00000000,2024-12-23 11:00:00.000,2024-12-23 11:00:00.000,2024-02-06 08:58:23.087,48
C,X,CO-069582,NULL,1.00000000,2024-09-26 10:28:50.737,350,350-GRP,Wire EDM Group,G,NULL,NULL,N,0.00000000,1.00000000,2024-12-23 11:00:00.000,2024-12-23 11:00:00.000,2024-02-06 08:58:23.087,49
C,X,CO-069582,NULL,1.00000000,2024-09-26 10:28:50.517,400,350-03,Unattended Wire EDM,W,NULL,NULL,N,0.00000000,1.00000000,2024-12-23 11:00:00.000,2024-12-23 11:00:00.000,2024-02-06 08:58:23.087,50
C,X,CO-069582,NULL,1.00000000,2024-09-26 10:28:50.737,400,350-03,Unattended Wire EDM,W,NULL,NULL,N,0.00000000,1.00000000,2024-12-23 11:00:00.000,2024-12-23 11:00:00.000,2024-02-06 08:58:23.087,51
C,X,CO-069582,NULL,1.00000000,2024-09-26 10:28:50.517,500,100-GRP,Small Press Coil Fed,G,NULL,NULL,N,0.00000000,1.00000000,2024-12-24 05:00:00.000,2024-12-24 09:50:00.000,2024-02-06 08:58:23.087,52
C,X,CO-069582,NULL,1.00000000,2024-09-26 10:28:50.737,500,100-GRP,Small Press Coil Fed,G,NULL,NULL,N,0.00000000,1.00000000,2024-12-24 05:00:00.000,2024-12-24 09:50:00.000,2024-02-06 08:58:23.087,53
C,X,CO-069582,NULL,1.00000000,2024-09-26 10:28:50.517,600,252-GRP,Final Inspection Group,G,NULL,NULL,N,0.00000000,1.00000000,2024-12-24 10:00:00.000,2024-12-24 10:50:00.000,2024-02-06 08:58:23.087,54
C,X,CO-069582,NULL,1.00000000,2024-09-26 10:28:50.737,600,252-GRP,Final Inspection Group,G,NULL,NULL,N,0.00000000,1.00000000,2024-12-24 10:00:00.000,2024-12-24 10:50:00.000,2024-02-06 08:58:23.087,55
C,X,CO-069582,NULL,1.00000000,2024-09-26 10:28:50.517,700,300-GRP,Die Shop Tryout,G,NULL,NULL,N,0.00000000,1.00000000,2024-12-24 11:00:00.000,2024-12-24 11:00:00.000,2024-02-06 08:58:23.087,56
C,X,CO-069582,NULL,1.00000000,2024-09-26 10:28:50.737,700,300-GRP,Die Shop Tryout,G,NULL,NULL,N,0.00000000,1.00000000,2024-12-24 11:00:00.000,2024-12-24 11:00:00.000,2024-02-06 08:58:23.087,57
C,X,CO-069582,NULL,1.00000000,2024-09-26 10:28:50.517,900,OUTSIDE_SERVICE,Outside Service,C,NULL,NULL,N,0.00000000,1.00000000,2024-12-24 11:00:00.000,2024-12-24 11:00:00.000,2024-02-06 08:58:23.087,58
C,X,CO-069582,NULL,1.00000000,2024-09-26 10:28:50.737,900,OUTSIDE_SERVICE,Outside Service,C,NULL,NULL,N,0.00000000,1.00000000,2024-12-24 11:00:00.000,2024-12-24 11:00:00.000,2024-02-06 08:58:23.087,59
C,X,CO-069582,NULL,1.00000000,2024-09-26 10:28:50.517,901,253-GRP,In-Process Inspection Group,G,NULL,NULL,N,0.00000000,1.00000000,2024-12-24 11:00:00.000,2024-12-24 11:00:00.000,2024-02-06 08:58:23.087,60
C,X,CO-069582,NULL,1.00000000,2024-09-26 10:28:50.737,901,253-GRP,In-Process Inspection Group,G,NULL,NULL,N,0.00000000,1.00000000,2024-12-24 11:00:00.000,2024-12-24 11:00:00.000,2024-02-06 08:58:23.087,61
C,X,CO-069876,NULL,1.00000000,2023-08-29 09:01:04.540,5,500-GRP,Die Maintenance,G,NULL,NULL,N,0.00000000,1.00000000,2023-09-07 00:00:00.000,2023-09-07 00:00:00.000,2023-09-19 14:55:11.820,62
C,X,CO-069876,NULL,1.00000000,2023-08-29 09:01:04.540,10,060-01,Laser - 3015 Mazak Nexus Fiber 4,000 W,W,NULL,NULL,Y,1.00000000,1.00000000,NULL,NULL,2023-09-19 14:55:11.820,63
C,X,CO-069876,NULL,1.00000000,2023-08-29 09:01:04.540,20,100-24,Press Room 800 Ton,W,NULL,NULL,Y,0.00000000,1.00000000,2023-09-07 00:00:00.000,2023-09-07 00:00:00.000,2023-09-19 14:55:11.820,64
C,X,CO-069876,NULL,1.00000000,2023-08-29 09:01:04.540,99,096-02,Lincoln Robotic Welder XHS-CM,W,NULL,NULL,Y,0.00000000,1.00000000,2023-09-07 00:10:00.000,2023-09-07 00:10:00.000,2023-09-19 14:55:11.820,65
C,X,CO-067330,NULL,1.00000000,2023-03-08 06:23:02.080,10,060-01,Laser - 3015 Mazak Nexus Fiber 4,000 W,W,NULL,NULL,Y,0.00000000,1.00000000,2023-04-07 00:00:00.000,2023-04-07 07:50:00.000,2023-08-03 06:52:18.507,66
C,X,CO-067330,NULL,1.00000000,2023-02-28 13:02:19.270,10,060-01,Laser - 3015 Mazak Nexus Fiber 4,000 W,W,NULL,NULL,Y,0.00000000,1.00000000,2023-04-07 00:00:00.000,2023-04-07 07:50:00.000,2023-08-03 06:52:18.507,67
C,X,CO-067330,NULL,1.00000000,2023-02-27 05:41:22.097,10,060-01,Laser - 3015 Mazak Nexus Fiber 4,000 W,W,NULL,NULL,Y,0.00000000,1.00000000,2023-04-07 00:00:00.000,2023-04-07 07:50:00.000,2023-08-03 06:52:18.507,68
C,X,CO-067330,NULL,1.00000000,2023-03-10 10:33:27.870,10,060-01,Laser - 3015 Mazak Nexus Fiber 4,000 W,W,NULL,NULL,Y,0.00000000,1.00000000,2023-04-07 00:00:00.000,2023-04-07 07:50:00.000,2023-08-03 06:52:18.507,69
C,X,CO-067330,NULL,1.00000000,2023-03-10 10:33:28.277,10,060-01,Laser - 3015 Mazak Nexus Fiber 4,000 W,W,NULL,NULL,Y,0.00000000,1.00000000,2023-04-07 00:00:00.000,2023-04-07 07:50:00.000,2023-08-03 06:52:18.507,70
C,X,CO-067330,NULL,1.00000000,2023-03-09 11:35:17.697,10,060-01,Laser - 3015 Mazak Nexus Fiber 4,000 W,W,NULL,NULL,Y,0.00000000,1.00000000,2023-04-07 00:00:00.000,2023-04-07 07:50:00.000,2023-08-03 06:52:18.507,71
C,X,CO-067330,NULL,1.00000000,2023-02-28 13:07:10.300,10,060-01,Laser - 3015 Mazak Nexus Fiber 4,000 W,W,NULL,NULL,Y,0.00000000,1.00000000,2023-04-07 00:00:00.000,2023-04-07 07:50:00.000,2023-08-03 06:52:18.507,72
C,X,CO-067330,NULL,1.00000000,2023-03-07 07:07:48.470,10,060-01,Laser - 3015 Mazak Nexus Fiber 4,000 W,W,NULL,NULL,Y,0.00000000,1.00000000,2023-04-07 00:00:00.000,2023-04-07 07:50:00.000,2023-08-03 06:52:18.507,73
C,X,CO-067330,NULL,1.00000000,2023-02-21 06:05:47.127,10,060-01,Laser - 3015 Mazak Nexus Fiber 4,000 W,W,NULL,NULL,Y,0.00000000,1.00000000,2023-04-07 00:00:00.000,2023-04-07 07:50:00.000,2023-08-03 06:52:18.507,74
C,X,CO-067330,NULL,1.00000000,2023-02-28 07:12:23.060,10,060-01,Laser - 3015 Mazak Nexus Fiber 4,000 W,W,NULL,NULL,Y,0.00000000,1.00000000,2023-04-07 00:00:00.000,2023-04-07 07:50:00.000,2023-08-03 06:52:18.507,75
C,X,CO-067330,NULL,1.00000000,2023-02-28 13:05:16.160,10,060-01,Laser - 3015 Mazak Nexus Fiber 4,000 W,W,NULL,NULL,Y,0.00000000,1.00000000,2023-04-07 00:00:00.000,2023-04-07 07:50:00.000,2023-08-03 06:52:18.507,76
C,X,CO-067330,NULL,1.00000000,2023-02-22 09:06:59.523,10,060-01,Laser - 3015 Mazak Nexus Fiber 4,000 W,W,NULL,NULL,Y,0.00000000,1.00000000,2023-04-07 00:00:00.000,2023-04-07 07:50:00.000,2023-08-03 06:52:18.507,77
C,X,CO-067330,NULL,1.00000000,2023-02-27 05:38:42.160,10,060-01,Laser - 3015 Mazak Nexus Fiber 4,000 W,W,NULL,NULL,Y,0.00000000,1.00000000,2023-04-07 00:00:00.000,2023-04-07 07:50:00.000,2023-08-03 06:52:18.507,78
C,X,CO-050412,NULL,1.00000000,2021-04-09 00:00:00.000,10,990-GRP,Engineering Group,G,NULL,NULL,N,0.00000000,1.00000000,2021-08-12 12:00:00.000,2021-08-17 07:50:00.000,2022-03-07 14:53:03.927,79
C,X,CO-050412,NULL,1.00000000,2021-04-09 00:00:00.000,15,Materials,Materials,W,NULL,NULL,N,0.00000000,1.00000000,2021-08-17 08:00:00.000,2021-08-17 08:00:00.000,2022-03-07 14:53:03.927,80
C,X,CO-050412,NULL,1.00000000,2021-04-09 00:00:00.000,20,020-01,Waterjet - Flow M3 4020B,W,NULL,NULL,N,0.00000000,1.00000000,2021-08-17 08:00:00.000,2021-08-17 08:00:00.000,2022-03-07 14:53:03.927,81
C,X,CO-050412,NULL,1.00000000,2021-04-09 00:00:00.000,50,050-GRP,Shop Group,G,NULL,NULL,Y,0.00000000,1.00000000,2021-08-17 08:00:00.000,2021-08-24 17:50:00.000,2022-03-07 14:53:03.927,82
C,X,CO-050412,NULL,1.00000000,2021-04-09 00:00:00.000,100,050-02,Unattended Machining,W,NULL,NULL,N,0.00000000,1.00000000,2021-08-24 18:00:00.000,2021-08-24 18:00:00.000,2022-03-07 14:53:03.927,83
C,X,CO-050412,NULL,1.00000000,2021-04-09 00:00:00.000,350,350-GRP,Wire EDM Group,G,NULL,NULL,Y,0.00000000,1.00000000,2021-08-24 18:00:00.000,2021-08-24 18:00:00.000,2022-03-07 14:53:03.927,84
C,X,CO-050412,NULL,1.00000000,2021-04-09 00:00:00.000,400,350-03,Unattended Wire EDM,W,NULL,NULL,N,0.00000000,1.00000000,2021-08-24 18:00:00.000,2021-08-24 18:00:00.000,2022-03-07 14:53:03.927,85
C,X,CO-050412,NULL,1.00000000,2021-04-09 00:00:00.000,500,100-GRP,Small Press Coil Fed,G,NULL,NULL,Y,0.00000000,1.00000000,2021-08-24 18:00:00.000,2021-08-25 03:50:00.000,2022-03-07 14:53:03.927,86
C,X,CO-050412,NULL,1.00000000,2021-04-09 00:00:00.000,600,252-GRP,Final Inspection Group,G,NULL,NULL,N,0.00000000,1.00000000,2021-08-25 04:00:00.000,2021-08-25 08:50:00.000,2022-03-07 14:53:03.927,87
C,X,CO-050412,NULL,1.00000000,2021-04-09 00:00:00.000,700,300-GRP,Die Shop Tryout,G,NULL,NULL,N,0.00000000,1.00000000,2021-08-25 09:00:00.000,2021-08-25 09:00:00.000,2022-03-07 14:53:03.927,88
C,X,CO-050412,NULL,1.00000000,2021-04-09 00:00:00.000,900,OUTSIDE_SERVICE,Outside Service,C,NULL,NULL,N,0.00000000,1.00000000,2021-08-25 09:00:00.000,2021-08-25 09:00:00.000,2022-03-07 14:53:03.927,89
C,X,CO-050412,NULL,1.00000000,2021-04-09 00:00:00.000,901,253-GRP,In-Process Inspection Group,G,NULL,NULL,N,0.00000000,1.00000000,2021-08-25 09:00:00.000,2021-08-25 09:00:00.000,2022-03-07 14:53:03.927,90
C,X,CO-048904,NULL,1.00010000,2021-07-07 09:58:22.073,10,990-GRP,Engineering Group,G,NULL,NULL,N,0.00000000,1.00000000,2021-08-05 00:00:00.000,2021-08-05 00:00:00.000,2022-02-01 15:07:37.757,91
C,X,CO-048904,NULL,1.00010000,2021-07-07 09:58:22.073,15,Materials,Materials,W,NULL,NULL,N,0.00000000,1.00000000,2021-08-05 00:00:00.000,2021-08-05 00:00:00.000,2022-02-01 15:07:37.757,92
C,X,CO-048904,NULL,1.00010000,2021-07-07 09:58:22.073,20,020-01,Waterjet - Flow M3 4020B,W,NULL,NULL,N,0.00000000,1.00000000,2021-08-05 00:00:00.000,2021-08-05 00:00:00.000,2022-02-01 15:07:37.757,93
C,X,CO-048904,NULL,1.00010000,2021-07-07 09:58:22.073,50,050-GRP,Shop Group,G,NULL,NULL,Y,0.00000000,1.00000000,2021-08-05 00:00:00.000,2021-08-13 15:50:00.000,2022-02-01 15:07:37.757,94
C,X,CO-048904,NULL,1.00010000,2021-07-07 09:58:22.073,100,050-02,Unattended Machining,W,NULL,NULL,N,0.00000000,1.00000000,2021-08-13 16:00:00.000,2021-08-13 16:00:00.000,2022-02-01 15:07:37.757,95
C,X,CO-048904,NULL,1.00010000,2021-07-07 09:58:22.073,350,350-GRP,Wire EDM Group,G,NULL,NULL,Y,0.00000000,1.00000000,2021-08-13 16:00:00.000,2021-08-13 16:00:00.000,2022-02-01 15:07:37.757,96
C,X,CO-048904,NULL,1.00010000,2021-07-07 09:58:22.073,400,350-03,Unattended Wire EDM,W,NULL,NULL,Y,0.00000000,1.00000000,2021-08-13 16:00:00.000,2021-08-13 16:00:00.000,2022-02-01 15:07:37.757,97
C,X,CO-048904,NULL,1.00010000,2021-07-07 09:58:22.073,500,100-GRP,Small Press Coil Fed,G,NULL,NULL,N,0.00000000,1.00000000,2021-08-13 16:00:00.000,2021-08-13 16:00:00.000,2022-02-01 15:07:37.757,98
C,X,CO-048904,NULL,1.00010000,2021-07-07 09:58:22.073,600,252-GRP,Final Inspection Group,G,NULL,NULL,N,0.00000000,1.00000000,2021-08-13 16:00:00.000,2021-08-13 16:00:00.000,2022-02-01 15:07:37.757,99
C,X,CO-048904,NULL,1.00010000,2021-07-07 09:58:22.073,700,300-GRP,Die Shop Tryout,G,NULL,NULL,N,0.00000000,1.00000000,2021-08-13 16:00:00.000,2021-08-13 16:00:00.000,2022-02-01 15:07:37.757,100
R,C,WO-071254,78777757-PKG,100.00000000,2026-05-20 07:49:13.687,10,100-25,Press Room 660 Ton Seyi,W,NULL,NULL,Y,100.00000000,100.00000000,2026-06-04 10:00:00.000,2026-06-04 14:00:00.000,2026-05-31 13:01:44.670,1
R,C,WO-071332,A17-21790-009,450.00000000,2026-05-22 11:44:40.757,20,100-27,Press Room 330 Ton Seyi,W,NULL,NULL,Y,450.00000000,450.00000000,2026-05-29 07:50:00.000,2026-05-29 17:10:00.000,2026-05-31 11:46:37.920,2
R,C,WO-071461,UC46987,500.00000000,2026-05-29 12:43:37.573,10,060-02,Laser - Bystronic 12K,W,NULL,NULL,Y,500.00000000,500.00000000,NULL,NULL,2026-05-30 17:03:05.520,3
R,C,WO-071458,524574,1480.00000000,2026-05-29 10:38:06.127,10,060-02,Laser - Bystronic 12K,W,NULL,NULL,Y,1480.00000000,1480.00000000,NULL,NULL,2026-05-30 11:04:00.750,4
R,C,WO-070114,GM87316-1,562.00000000,2026-04-01 10:12:22.357,19,100-16,Press Room 440 Ton Seyi,W,NULL,NULL,Y,562.00000000,562.00000000,2026-06-02 12:00:00.000,2026-06-02 21:10:00.000,2026-05-30 00:19:56.967,5
R,C,WO-070694,17-21194-000,16296.00000000,2026-04-27 14:01:05.913,917,100-07,Brake Press,W,NULL,NULL,Y,16296.00000000,16296.00000000,2026-06-03 18:50:00.000,2026-06-03 21:30:00.000,2026-05-29 22:58:33.620,6
R,C,WO-070841,GM89935-Formed,213.00000000,2026-04-30 09:04:08.557,19,100-20,Press Room 440 Ton Seyi,W,NULL,NULL,Y,213.00000000,213.00000000,2026-06-03 00:30:00.000,2026-06-03 07:00:00.000,2026-05-29 18:40:37.910,7
R,C,WO-071451,15-30092-002,200.00000000,2026-05-29 06:23:55.240,10,060-02,Laser - Bystronic 12K,W,NULL,NULL,Y,200.00000000,200.00000000,2026-06-26 12:00:00.000,2026-06-26 21:30:00.000,2026-05-29 15:58:46.913,8
R,C,WO-071424,UC46987,650.00000000,2026-05-27 10:28:32.887,20,100-29,E-Brake Premium III Series,W,NULL,NULL,Y,652.00000000,650.00000000,2026-05-29 00:00:00.000,2026-05-29 10:50:00.000,2026-05-29 15:58:35.570,9
R,C,WO-071423,2720316,32.00000000,2026-05-27 10:25:05.743,20,880-DBR,Manual Finish Laser Parts,W,NULL,NULL,Y,32.00000000,32.00000000,2026-06-22 21:50:00.000,2026-06-22 21:50:00.000,2026-05-29 14:39:59.240,10
R,C,WO-071434,24392640-PKG,225.00000000,2026-05-27 14:52:45.500,10,060-02,Laser - Bystronic 12K,W,NULL,NULL,Y,225.00000000,225.00000000,2026-05-29 01:10:00.000,2026-05-29 01:20:00.000,2026-05-29 11:56:25.157,11
R,C,WO-070943,A22-76574-000,2980.00000000,2026-05-05 08:22:16.980,20,100-27,Press Room 330 Ton Seyi,W,NULL,NULL,Y,3065.00000000,2980.00000000,2026-05-29 02:00:00.000,2026-05-29 05:00:00.000,2026-05-29 10:51:03.597,12
R,C,WO-071392,78677013-PKG,100.00000000,2026-05-26 13:55:53.230,15,100-30,Press (Multicell),W,NULL,NULL,Y,100.00000000,100.00000000,2026-05-29 11:00:00.000,2026-05-29 11:40:00.000,2026-05-29 10:20:48.267,13
R,C,WO-071425,UC46986,650.00000000,2026-05-27 10:37:32.077,20,100-29,E-Brake Premium III Series,W,NULL,NULL,Y,650.00000000,650.00000000,NULL,NULL,2026-05-29 07:10:10.843,14
R,C,WO-071224,22-69103-002,331.00000000,2026-05-19 09:08:13.840,10,100-06,Press Room 500 Ton Heim,W,NULL,NULL,Y,331.00000000,331.00000000,2026-05-22 11:30:00.000,2026-05-22 15:40:00.000,2026-05-29 06:44:05.397,15
R,C,WO-071369,A22-77724-110,350.00000000,2026-05-26 07:45:13.753,10,V096-04,Lincoln Robotic Welder XHS-CM,W,NULL,NULL,Y,364.00000000,350.00000000,NULL,NULL,2026-05-29 06:24:03.740,16
R,C,WO-071429,029-22044-000,88.00000000,2026-05-27 13:01:37.947,10,060-03,Laser - Bystronic 12K,W,NULL,NULL,Y,88.00000000,88.00000000,NULL,NULL,2026-05-29 06:19:10.413,17
R,C,WO-071043,11058-7355,1330.00000000,2026-05-08 13:05:28.233,10,100-14,Press Room 660 Ton Seyi,W,NULL,NULL,Y,1369.00000000,1330.00000000,2026-06-05 14:00:00.000,2026-06-05 21:10:00.000,2026-05-29 02:19:51.770,18
R,C,WO-071423,2720316,32.00000000,2026-05-27 10:25:05.743,10,060-02,Laser - Bystronic 12K,W,NULL,NULL,Y,34.00000000,32.00000000,NULL,NULL,2026-05-28 15:48:11.240,19
R,C,WO-071286,78820488,2.00000000,2026-05-21 07:22:03.690,919,V880-PAK,Manual Finish Packaging,W,NULL,NULL,Y,2.00000000,2.00000000,2026-05-22 09:10:00.000,2026-05-22 09:10:00.000,2026-05-28 12:38:12.553,20
R,C,WO-071290,22-73639-150,400.00000000,2026-05-21 08:36:09.127,19,V100-33,Press Room 440 Ton Seyi,W,NULL,NULL,Y,400.00000000,400.00000000,2026-05-28 03:00:00.000,2026-05-28 11:40:00.000,2026-05-28 10:17:44.903,21
R,C,WO-071425,UC46986,650.00000000,2026-05-27 10:37:32.077,10,060-03,Laser - Bystronic 12K,W,NULL,NULL,Y,656.00000000,650.00000000,NULL,NULL,2026-05-28 10:05:38.150,22
R,C,WO-070956,24729960-2,10.00000000,2026-05-05 11:13:45.403,30,252-01,Final Inspection ,W,NULL,NULL,Y,10.00000000,10.00000000,2026-05-22 00:00:00.000,2026-05-22 00:00:00.000,2026-05-28 09:17:07.103,23
R,C,WO-071424,UC46987,650.00000000,2026-05-27 10:28:32.887,10,060-02,Laser - Bystronic 12K,W,NULL,NULL,Y,655.00000000,650.00000000,NULL,NULL,2026-05-28 07:59:11.497,24
R,C,WO-071386,16-21374-000,7380.00000000,2026-05-26 12:12:53.043,10,100-19,Press Room 880 Ton Seyi,W,NULL,NULL,Y,7380.00000000,7380.00000000,NULL,NULL,2026-05-27 21:53:53.463,25
R,C,WO-071357,104910-06,1390.00000000,2026-05-26 06:48:08.647,29,V100-33,Press Room 440 Ton Seyi,W,NULL,NULL,Y,1390.00000000,1390.00000000,NULL,NULL,2026-05-27 19:03:45.903,26
R,C,WO-070231,32037-0538,1790.00000000,2026-04-07 09:08:50.517,99,096-02,Lincoln Robotic Welder XHS-CM,W,NULL,NULL,Y,1790.00000000,1790.00000000,2026-05-26 23:40:00.000,2026-05-27 23:40:00.000,2026-05-27 14:51:37.920,27
R,C,WO-071193,78689077-PKG,24.00000000,2026-05-18 11:11:37.673,15,100-30,Press (Multicell),W,NULL,NULL,Y,24.00000000,24.00000000,2026-05-22 11:00:00.000,2026-05-22 11:10:00.000,2026-05-27 10:17:22.447,28
R,C,WO-071368,A22-77724-080,73.00000000,2026-05-26 07:42:54.700,10,V096-04,Lincoln Robotic Welder XHS-CM,W,NULL,NULL,Y,80.00000000,73.00000000,NULL,NULL,2026-05-27 08:22:44.987,29
R,C,WO-071294,4536-2779-020-Blank,326.00000000,2026-05-21 09:45:55.047,10,060-02,Laser - Bystronic 12K,W,NULL,NULL,Y,326.00000000,326.00000000,2026-05-28 15:50:00.000,2026-05-28 23:40:00.000,2026-05-27 07:26:38.373,30
R,C,WO-070829,29531022,293028.00000000,2026-04-29 14:44:25.697,900,OUTSIDE_SERVICE,Outside Service,C,NULL,NULL,Y,293028.00000000,293028.00000000,2026-05-15 00:00:00.000,2026-05-15 00:00:00.000,2026-05-27 06:54:08.843,31
R,C,WO-070761,29545990,40362.00000000,2026-04-28 11:16:30.140,900,OUTSIDE_SERVICE,Outside Service,C,NULL,NULL,Y,40362.00000000,40362.00000000,2026-05-15 00:00:00.000,2026-05-15 00:00:00.000,2026-05-27 06:52:05.047,32
R,C,WO-071161,24621947-PKG,106.00000000,2026-05-15 09:42:39.633,70,095-01,Welding - Portable Lincoln Arc Welder,W,NULL,NULL,Y,106.00000000,106.00000000,2026-05-22 07:40:00.000,2026-05-22 08:50:00.000,2026-05-27 06:49:24.780,33
R,C,WO-071392,78677013-PKG,100.00000000,2026-05-26 13:55:53.230,10,060-02,Laser - Bystronic 12K,W,NULL,NULL,Y,100.00000000,100.00000000,NULL,NULL,2026-05-27 03:22:16.587,34
R,C,WO-071153,A22-77724-220,10.00000000,2026-05-14 15:44:37.087,10,V096-04,Lincoln Robotic Welder XHS-CM,W,NULL,NULL,Y,10.00000000,10.00000000,2026-06-03 22:20:00.000,2026-06-03 22:30:00.000,2026-05-26 19:48:51.103,35
R,C,WO-071152,A22-77724-200,10.00000000,2026-05-14 15:42:31.583,10,V096-04,Lincoln Robotic Welder XHS-CM,W,NULL,NULL,Y,10.00000000,10.00000000,2026-05-25 23:30:00.000,2026-05-25 23:40:00.000,2026-05-26 16:38:10.960,36
R,C,WO-071243,15-30486-000,806.00000000,2026-05-19 12:36:38.293,20,100-30,Press (Multicell),W,NULL,NULL,Y,828.00000000,806.00000000,2026-05-25 07:00:00.000,2026-05-25 11:20:00.000,2026-05-26 15:02:25.863,37
R,C,WO-071311,24761618-PKG,49.00000000,2026-05-21 11:01:52.757,80,252-01,Final Inspection ,W,NULL,NULL,Y,54.00000000,49.00000000,2026-05-22 13:20:00.000,2026-05-22 13:20:00.000,2026-05-26 14:58:18.613,38
R,C,WO-071288,22-73639-105,800.00000000,2026-05-21 08:30:57.207,19,V100-33,Press Room 440 Ton Seyi,W,NULL,NULL,Y,800.00000000,800.00000000,2026-06-03 17:20:00.000,2026-06-03 23:50:00.000,2026-05-26 14:58:09.020,39
R,C,WO-071151,A22-77724-180,40.00000000,2026-05-14 15:39:44.400,10,V096-04,Lincoln Robotic Welder XHS-CM,W,NULL,NULL,Y,40.00000000,40.00000000,2026-05-22 11:20:00.000,2026-05-22 12:20:00.000,2026-05-26 13:52:32.837,40
R,C,WO-071149,A22-77724-160,12.00000000,2026-05-14 15:36:45.327,10,V096-04,Lincoln Robotic Welder XHS-CM,W,NULL,NULL,Y,12.00000000,12.00000000,2026-05-22 04:40:00.000,2026-05-22 04:50:00.000,2026-05-26 10:28:19.983,41
R,C,WO-071146,A22-77724-090,33.00000000,2026-05-14 15:26:44.330,10,V096-04,Lincoln Robotic Welder XHS-CM,W,NULL,NULL,Y,36.00000000,33.00000000,2026-05-22 10:20:00.000,2026-05-22 11:10:00.000,2026-05-26 09:14:56.737,42
R,C,WO-071174,78831694-PKG,31.00000000,2026-05-15 14:40:30.393,10,060-03,Laser - Bystronic 12K,W,NULL,NULL,Y,31.00000000,31.00000000,2026-05-22 00:00:00.000,2026-05-22 00:10:00.000,2026-05-26 09:11:58.533,43
R,C,WO-071190,46886880,208.00000000,2026-05-18 11:01:16.670,96,096-01,Lincoln E Cell Robotic Welder,W,NULL,NULL,Y,208.00000000,208.00000000,2026-06-04 22:10:00.000,2026-06-04 23:40:00.000,2026-05-26 05:47:08.697,44
R,C,WO-071332,A17-21790-009,450.00000000,2026-05-22 11:44:40.757,10,060-03,Laser - Bystronic 12K,W,NULL,NULL,Y,450.00000000,450.00000000,NULL,NULL,2026-05-24 16:22:50.863,45
R,C,WO-070933,10000000825,7326.00000000,2026-05-04 14:43:24.660,10,100-20,Press Room 440 Ton Seyi,W,NULL,NULL,Y,7326.00000000,7326.00000000,2026-05-22 00:00:00.000,2026-05-22 18:10:00.000,2026-05-23 17:56:00.100,46
R,C,WO-071243,15-30486-000,806.00000000,2026-05-19 12:36:38.293,10,060-02,Laser - Bystronic 12K,W,NULL,NULL,Y,823.00000000,806.00000000,2026-05-22 05:50:00.000,2026-05-25 04:50:00.000,2026-05-22 21:44:33.210,47
R,C,WO-070539,GM102501,7600.00000000,2026-04-21 15:24:08.407,19,100-18,Press Room 330 Ton Seyi Servo,W,NULL,NULL,Y,7600.00000000,7600.00000000,2026-05-22 00:00:00.000,2026-05-22 03:10:00.000,2026-05-22 11:25:39.367,48
R,C,WO-071311,24761618-PKG,49.00000000,2026-05-21 11:01:52.757,70,100-29,E-Brake Premium III Series,W,NULL,NULL,Y,54.00000000,49.00000000,2026-05-22 11:50:00.000,2026-05-22 13:10:00.000,2026-05-22 10:40:28.547,49
R,C,WO-071311,24761618-PKG,49.00000000,2026-05-21 11:01:52.757,15,100-30,Press (Multicell),W,NULL,NULL,Y,54.00000000,49.00000000,2026-05-22 11:20:00.000,2026-05-22 11:40:00.000,2026-05-22 08:09:15.040,50
R,C,WO-071311,24761618-PKG,49.00000000,2026-05-21 11:01:52.757,10,060-02,Laser - Bystronic 12K,W,NULL,NULL,Y,54.00000000,49.00000000,NULL,NULL,2026-05-22 06:54:45.730,51
R,C,WO-071304,029-27774-200,512.00000000,2026-05-21 10:40:44.460,10,060-02,Laser - Bystronic 12K,W,NULL,NULL,Y,512.00000000,512.00000000,NULL,NULL,2026-05-22 04:23:37.390,52
R,C,WO-071297,1603047,459.00000000,2026-05-21 10:00:05.627,10,060-03,Laser - Bystronic 12K,W,NULL,NULL,Y,459.00000000,459.00000000,NULL,NULL,2026-05-22 01:44:28.990,53
R,C,WO-071148,A22-77724-120,250.00000000,2026-05-14 15:33:44.250,10,V096-04,Lincoln Robotic Welder XHS-CM,W,NULL,NULL,Y,250.00000000,250.00000000,2026-05-15 02:00:00.000,2026-05-15 08:50:00.000,2026-05-21 21:35:13.473,54
R,C,WO-071316,78835833-PKG,21.00000000,2026-05-21 11:53:16.773,15,060-02,Laser - Bystronic 12K,W,NULL,NULL,Y,21.00000000,21.00000000,NULL,NULL,2026-05-21 21:34:09.047,55
R,C,WO-071253,15-31660-001,81.00000000,2026-05-20 07:33:21.727,10,060-02,Laser - Bystronic 12K,W,NULL,NULL,Y,81.00000000,81.00000000,NULL,NULL,2026-05-21 20:45:24.437,56
R,C,WO-071219,78706199-PKG,300.00000000,2026-05-19 08:44:01.863,30,100-29,E-Brake Premium III Series,W,NULL,NULL,Y,300.00000000,300.00000000,NULL,NULL,2026-05-21 14:31:57.787,57
R,C,WO-071299,1603048,279.00000000,2026-05-21 10:02:31.233,10,060-02,Laser - Bystronic 12K,W,NULL,NULL,Y,279.00000000,279.00000000,2026-06-12 08:40:00.000,2026-06-12 13:10:00.000,2026-05-21 10:02:31.700,58
R,C,WO-071250,135600,7672.00000000,2026-05-19 14:18:20.970,10,060-02,Laser - Bystronic 12K,W,NULL,NULL,Y,7672.00000000,7672.00000000,NULL,NULL,2026-05-21 07:00:03.643,59
R,C,WO-069644,22-77401-000,5290.00000000,2026-05-21 10:17:21.900,5,500-GRP,Die Maintenance,G,NULL,NULL,Y,0.00000000,1.00000000,2026-05-28 18:40:00.000,2026-05-28 18:40:00.000,2026-05-21 03:07:29.633,60
R,C,WO-069644,22-77401-000,5290.00000000,2026-05-21 10:17:21.900,10,100-17,Press Room 660 Ton Seyi,W,NULL,NULL,Y,4522.00000000,5290.00000000,2026-05-28 18:50:00.000,2026-05-28 20:10:00.000,2026-05-21 03:07:29.633,61
R,C,WO-069644,22-77401-000,5290.00000000,2026-05-21 10:17:21.900,900,OUTSIDE_SERVICE,Outside Service,C,NULL,NULL,N,5057.00000000,5290.00000000,2026-05-28 20:20:00.000,2026-05-28 20:20:00.000,2026-05-21 03:07:29.633,62
R,C,WO-071074,24473824-PKG,150.00000000,2026-05-11 21:23:53.470,10,100-14,Press Room 660 Ton Seyi,W,NULL,NULL,Y,150.00000000,150.00000000,2026-06-04 15:50:00.000,2026-06-04 20:00:00.000,2026-05-20 21:08:49.500,63
R,C,WO-070986,24480540-PKG,2122.00000000,2026-05-06 08:14:06.093,10,100-19,Press Room 880 Ton Seyi,W,NULL,NULL,Y,2122.00000000,2122.00000000,2026-05-18 03:30:00.000,2026-05-18 21:30:00.000,2026-05-20 20:43:56.837,64
R,C,WO-071080,78812268-PKG,21.00000000,2026-05-12 10:13:36.773,70,252-01,Final Inspection ,W,NULL,NULL,Y,21.00000000,21.00000000,2026-05-15 09:30:00.000,2026-05-15 09:30:00.000,2026-05-20 14:25:40.153,65
R,C,WO-071194,A22-77724-050,15.00000000,2026-05-18 11:14:42.770,10,V096-04,Lincoln Robotic Welder XHS-CM,W,NULL,NULL,Y,20.00000000,15.00000000,NULL,NULL,2026-05-20 14:01:22.657,66
R,C,WO-071219,78706199-PKG,300.00000000,2026-05-19 08:44:01.863,15,100-30,Press (Multicell),W,NULL,NULL,Y,300.00000000,300.00000000,NULL,NULL,2026-05-20 12:44:29.700,67
R,C,WO-071064,029-22044-000,87.00000000,2026-05-11 12:45:32.463,20,100-29,E-Brake Premium III Series,W,NULL,NULL,Y,87.00000000,87.00000000,2026-05-15 03:10:00.000,2026-05-15 05:10:00.000,2026-05-20 08:33:00.073,68
R,C,WO-071219,78706199-PKG,300.00000000,2026-05-19 08:44:01.863,10,060-02,Laser - Bystronic 12K,W,NULL,NULL,Y,300.00000000,300.00000000,NULL,NULL,2026-05-20 07:46:43.533,69
R,C,WO-069644,22-77401-000,5290.00000000,2026-05-21 10:17:21.900,919,880-01,Manual Finish ,W,NULL,NULL,Y,5430.00000000,5290.00000000,2026-05-28 20:30:00.000,2026-05-28 23:50:00.000,2026-05-20 05:57:47.943,70
R,C,WO-071064,029-22044-000,87.00000000,2026-05-11 12:45:32.463,10,060-03,Laser - Bystronic 12K,W,NULL,NULL,Y,87.00000000,87.00000000,2026-05-15 01:50:00.000,2026-05-15 03:00:00.000,2026-05-20 03:24:47.313,71
R,C,WO-070943,A22-76574-000,2980.00000000,2026-05-05 08:22:16.980,10,100-17,Press Room 660 Ton Seyi,W,NULL,NULL,Y,3030.00000000,2980.00000000,2026-05-21 22:00:00.000,2026-05-22 02:40:00.000,2026-05-20 02:32:52.703,72
R,C,WO-071183,2667045,26.00000000,2026-05-18 09:57:13.273,20,100-23,Press Room 800 Ton,W,NULL,NULL,N,25.00000000,26.00000000,NULL,NULL,2026-05-20 00:42:01.173,73
R,C,WO-071196,24375453-PKG,300.00000000,2026-05-18 13:43:53.917,10,060-02,Laser - Bystronic 12K,W,NULL,NULL,Y,306.00000000,300.00000000,NULL,NULL,2026-05-19 14:52:07.433,74
R,C,WO-071250,135600,7672.00000000,2026-05-19 14:18:20.970,900,OUTSIDE_SERVICE,Outside Service,C,NULL,NULL,Y,7672.00000000,7672.00000000,2026-05-22 00:00:00.000,2026-05-22 00:00:00.000,2026-05-19 14:18:21.440,75
R,C,WO-071119,78816605-PKG,19.00000000,2026-05-13 15:25:03.770,70,090-GRP,Spot Weld Group,G,NULL,NULL,Y,19.00000000,19.00000000,2026-05-15 00:00:00.000,2026-05-15 00:20:00.000,2026-05-19 13:43:05.077,76
R,C,WO-071082,62 536 13,196.00000000,2026-05-12 12:56:28.393,359,V880-GRP,Manual Finish Group,W,NULL,NULL,Y,196.00000000,196.00000000,2026-06-04 23:40:00.000,2026-06-05 15:20:00.000,2026-05-19 12:55:56.790,77
R,C,WO-071243,15-30486-000,806.00000000,2026-05-19 12:36:38.293,30,100-07,Brake Press,W,NULL,NULL,Y,806.00000000,806.00000000,2026-05-25 11:30:00.000,2026-05-25 17:00:00.000,2026-05-19 12:36:38.870,78
R,C,WO-071118,26113273-PKG,14.00000000,2026-05-13 14:53:00.433,10,060-02,Laser - Bystronic 12K,W,NULL,NULL,Y,15.00000000,14.00000000,2026-05-15 05:10:00.000,2026-05-15 06:10:00.000,2026-05-19 10:51:24.400,79
R,C,WO-071186,29552368,248.00000000,2026-05-18 10:04:23.597,20,100-30,Press (Multicell),W,NULL,NULL,Y,250.00000000,248.00000000,NULL,NULL,2026-05-19 08:08:38.290,80
R,C,WO-070235,22-77402-000,4408.00000000,2026-04-07 10:33:00.770,10,100-17,Press Room 660 Ton Seyi,W,NULL,NULL,Y,4400.00000000,4408.00000000,2026-05-20 11:10:00.000,2026-05-20 16:50:00.000,2026-05-19 03:44:41.807,81
R,C,WO-071186,29552368,248.00000000,2026-05-18 10:04:23.597,10,060-02,Laser - Bystronic 12K,W,NULL,NULL,Y,250.00000000,248.00000000,NULL,NULL,2026-05-18 22:35:53.900,82
R,C,WO-071183,2667045,26.00000000,2026-05-18 09:57:13.273,10,100-23,Press Room 800 Ton,W,NULL,NULL,Y,26.00000000,26.00000000,NULL,NULL,2026-05-18 18:35:09.010,83
R,C,WO-071081,7445672,40.00000000,2026-05-12 10:44:55.950,96,096-01-GRP,Lincoln E Cell Robotic Welder,G,NULL,NULL,Y,40.00000000,40.00000000,2026-05-20 03:00:00.000,2026-05-20 04:50:00.000,2026-05-18 15:01:32.273,84
R,C,WO-071080,78812268-PKG,21.00000000,2026-05-12 10:13:36.773,15,100-30,Press (Multicell),W,NULL,NULL,Y,20.00000000,21.00000000,2026-05-15 09:20:00.000,2026-05-15 09:20:00.000,2026-05-18 13:24:03.533,85
R,C,WO-071168,78816603-PKG,50.00000000,2026-05-15 11:15:59.793,10,060-02,Laser - Bystronic 12K,W,NULL,NULL,Y,50.00000000,50.00000000,NULL,NULL,2026-05-18 11:38:16.087,86
R,C,WO-071128,78816601-PKG,50.00000000,2026-05-14 09:17:09.040,10,060-02,Laser - Bystronic 12K,W,NULL,NULL,Y,52.00000000,50.00000000,2026-05-15 07:00:00.000,2026-05-15 08:10:00.000,2026-05-18 11:20:07.757,87
R,C,WO-071193,78689077-PKG,24.00000000,2026-05-18 11:11:37.673,10,060-02,Laser - Bystronic 12K,W,NULL,NULL,Y,24.00000000,24.00000000,NULL,NULL,2026-05-18 11:11:37.983,88
R,C,WO-071186,29552368,248.00000000,2026-05-18 10:04:23.597,30,100-07,Brake Press,W,NULL,NULL,Y,248.00000000,248.00000000,NULL,NULL,2026-05-18 10:04:26.430,89
R,C,WO-071180,26135398-PKG,311.00000000,2026-05-18 09:47:12.307,10,060-02,Laser - Bystronic 12K,W,NULL,NULL,Y,311.00000000,311.00000000,2026-05-22 01:00:00.000,2026-05-22 05:40:00.000,2026-05-18 09:47:12.573,90
R,C,WO-070612,78706199-PKG,24.00000000,2026-04-23 13:07:30.823,40,252-01,Final Inspection ,W,NULL,NULL,Y,24.00000000,24.00000000,2026-05-15 01:30:00.000,2026-05-15 01:30:00.000,2026-05-18 07:12:32.823,91
R,C,WO-071111,24942754-PKG,50.00000000,2026-05-13 12:46:51.953,10,060-03,Laser - Bystronic 12K,W,NULL,NULL,Y,50.00000000,50.00000000,2026-05-15 00:40:00.000,2026-05-15 01:40:00.000,2026-05-15 11:25:19.430,92
R,C,WO-071080,78812268-PKG,21.00000000,2026-05-12 10:13:36.773,10,060-02,Laser - Bystronic 12K,W,NULL,NULL,Y,20.00000000,21.00000000,2026-05-15 03:00:00.000,2026-05-15 03:00:00.000,2026-05-15 10:56:08.290,93
R,C,WO-070956,24729960-2,10.00000000,2026-05-05 11:13:45.403,20,180-05,Chevalier Surface Grinder,W,NULL,NULL,Y,10.00000000,10.00000000,2026-05-15 00:00:00.000,2026-05-15 01:30:00.000,2026-05-15 09:44:41.813,94
R,C,WO-070612,78706199-PKG,24.00000000,2026-04-23 13:07:30.823,30,100-29,E-Brake Premium III Series,W,NULL,NULL,Y,24.00000000,24.00000000,2026-05-15 00:00:00.000,2026-05-15 01:20:00.000,2026-05-15 08:45:40.023,95
R,C,WO-071159,27012-0922,195.00000000,2026-05-15 08:31:30.840,109,OUTSIDE_SERVICE,Outside Service,C,NULL,NULL,Y,195.00000000,195.00000000,2026-05-22 00:00:00.000,2026-05-22 00:00:00.000,2026-05-15 08:31:31.530,96
R,C,WO-066533,78816601-PKG,51.00000000,2025-10-15 08:51:51.290,930,140-GRP,Assembly Group,G,NULL,NULL,Y,72.00000000,51.00000000,2026-05-08 07:00:00.000,2026-05-08 07:00:00.000,2026-05-14 14:38:51.687,97
R,C,WO-071089,78828676-PKG,20.00000000,2026-05-13 05:47:22.377,10,060-03,Laser - Bystronic 12K,W,NULL,NULL,Y,20.00000000,20.00000000,NULL,NULL,2026-05-14 14:04:27.527,98
R,C,WO-071088,78823111-PKG,20.00000000,2026-05-13 05:43:13.690,10,060-02,Laser - Bystronic 12K,W,NULL,NULL,Y,20.00000000,20.00000000,NULL,NULL,2026-05-14 13:11:35.930,99
R,C,CO-082773,NULL,1.00000000,2025-09-03 13:43:33.073,900,OUTSIDE_SERVICE,Outside Service,C,NULL,NULL,Y,380.00000000,380.00000000,2026-08-13 20:00:00.000,2026-08-13 20:00:00.000,2026-05-14 08:12:24.073,100
R,R,WO-071468,27012-0922,5000.00000000,2026-05-29 14:18:30.293,119,V880-GRP,Manual Finish Group,W,NULL,NULL,N,0.00000000,5000.00000000,NULL,NULL,2026-05-29 14:18:31.510,1
R,R,WO-071468,27012-0922,5000.00000000,2026-05-29 14:18:30.293,109,OUTSIDE_SERVICE,Outside Service,C,NULL,NULL,N,0.00000000,5000.00000000,NULL,NULL,2026-05-29 14:18:31.400,2
R,R,WO-071468,27012-0922,5000.00000000,2026-05-29 14:18:30.293,100,252-01,Final Inspection ,W,NULL,NULL,N,0.00000000,5000.00000000,NULL,NULL,2026-05-29 14:18:31.307,3
R,R,WO-071468,27012-0922,5000.00000000,2026-05-29 14:18:30.293,99,090-GRP,Spot Weld Group,G,NULL,NULL,N,0.00000000,5000.00000000,NULL,NULL,2026-05-29 14:18:31.137,4
R,R,WO-071468,27012-0922,5000.00000000,2026-05-29 14:18:30.293,10,100-16,Press Room 440 Ton Seyi,W,NULL,NULL,N,0.00000000,5000.00000000,NULL,NULL,2026-05-29 14:18:30.853,5
R,R,WO-071468,27012-0922,5000.00000000,2026-05-29 14:18:30.293,5,500-GRP,Die Maintenance,G,NULL,NULL,N,0.00000000,1.00000000,NULL,NULL,2026-05-29 14:18:30.543,6
R,R,WO-071467,22-73639-085-Blank,150.00000000,2026-05-29 14:17:52.087,19,V100-32,Press Room 660 Ton Seyi,W,NULL,NULL,N,0.00000000,150.00000000,NULL,NULL,2026-05-29 14:17:52.570,7
R,R,WO-071467,22-73639-085-Blank,150.00000000,2026-05-29 14:17:52.087,5,500-GRP,Die Maintenance,G,NULL,NULL,N,0.00000000,1.00000000,NULL,NULL,2026-05-29 14:17:52.320,8
R,R,WO-071466,53.3143,1.00000000,2026-05-29 13:21:21.067,19,100-03,Press Room 220 Ton Aida,W,NULL,NULL,N,0.00000000,1.00000000,NULL,NULL,2026-05-29 13:21:21.410,9
R,R,WO-071466,53.3143,1.00000000,2026-05-29 13:21:21.067,5,500-GRP,Die Maintenance,G,NULL,NULL,N,0.00000000,1.00000000,NULL,NULL,2026-05-29 13:21:21.223,10
R,R,WO-071465,GM47371,1.00000000,2026-05-29 13:20:05.367,19,100-1823,Press Room 150 ton Bliss,W,NULL,NULL,N,0.00000000,1.00000000,NULL,NULL,2026-05-29 13:20:05.680,11
R,R,WO-071465,GM47371,1.00000000,2026-05-29 13:20:05.367,5,500-GRP,Die Maintenance,G,NULL,NULL,N,0.00000000,1.00000000,NULL,NULL,2026-05-29 13:20:05.490,12
R,R,WO-071464,25 314 04,6100.00000000,2026-05-29 13:17:16.330,900,OUTSIDE_SERVICE,Outside Service,C,NULL,NULL,N,0.00000000,6100.00000000,NULL,NULL,2026-05-29 13:17:16.783,13
R,R,WO-071464,25 314 04,6100.00000000,2026-05-29 13:17:16.330,10,100-12,Press Room 440 Ton Seyi,W,NULL,NULL,N,0.00000000,6100.00000000,NULL,NULL,2026-05-29 13:17:16.627,14
R,R,WO-071464,25 314 04,6100.00000000,2026-05-29 13:17:16.330,5,500-GRP,Die Maintenance,G,NULL,NULL,N,0.00000000,1.00000000,NULL,NULL,2026-05-29 13:17:16.470,15
R,R,WO-071463,32 063 23,1.00000000,2026-05-29 12:52:50.797,19,100-27,Press Room 330 Ton Seyi,W,NULL,NULL,N,0.00000000,1.00000000,NULL,NULL,2026-05-29 12:52:51.187,16
R,R,WO-071463,32 063 23,1.00000000,2026-05-29 12:52:50.797,5,500-GRP,Die Maintenance,G,NULL,NULL,Y,0.00000000,1.00000000,NULL,NULL,2026-05-29 12:52:51.000,17
R,R,WO-071462,21044560,150.00000000,2026-05-29 12:47:31.010,919,V880-PAK,Manual Finish Packaging,W,NULL,NULL,Y,18.00000000,150.00000000,NULL,NULL,2026-05-29 12:47:31.133,18
R,R,WO-071461,UC46987,500.00000000,2026-05-29 12:43:37.573,900,OUTSIDE_SERVICE,Outside Service,C,NULL,NULL,N,0.00000000,500.00000000,NULL,NULL,2026-05-29 12:43:38.387,19
R,R,WO-071461,UC46987,500.00000000,2026-05-29 12:43:37.573,20,100-29,E-Brake Premium III Series,W,NULL,NULL,N,0.00000000,500.00000000,NULL,NULL,2026-05-29 12:43:38.290,20
R,R,WO-071461,UC46987,500.00000000,2026-05-29 12:43:37.573,5,500-GRP,Die Maintenance,G,NULL,NULL,N,0.00000000,1.00000000,NULL,NULL,2026-05-29 12:43:37.840,21
R,R,CO-087744,NULL,1.00000000,2026-05-29 10:56:17.820,900,OUTSIDE_SERVICE,Outside Service,C,NULL,NULL,N,0.00000000,1.00000000,NULL,NULL,2026-05-29 10:57:23.617,22
R,R,CO-087744,NULL,1.00000000,2026-05-29 10:56:17.820,600,300-GRP,Die Shop Tryout,G,NULL,NULL,N,0.00000000,1.00000000,NULL,NULL,2026-05-29 10:57:23.477,23
R,R,CO-087744,NULL,1.00000000,2026-05-29 10:56:17.820,500,150-GRP,Die Shop Assembly,G,NULL,NULL,N,0.00000000,1.00000000,NULL,NULL,2026-05-29 10:57:23.303,24
R,R,CO-087744,NULL,1.00000000,2026-05-29 10:56:17.820,351,050-GRP,Shop Group,G,NULL,NULL,N,0.00000000,1.00000000,NULL,NULL,2026-05-29 10:57:23.147,25
R,R,CO-087744,NULL,1.00000000,2026-05-29 10:56:17.820,350,350-GRP,Wire EDM Group,G,NULL,NULL,N,0.00000000,1.00000000,NULL,NULL,2026-05-29 10:57:22.883,26
R,R,CO-087744,NULL,1.00000000,2026-05-29 10:56:17.820,150,050-GRP,Shop Group,G,NULL,NULL,N,0.00000000,1.00000000,NULL,NULL,2026-05-29 10:57:22.727,27
R,R,CO-087744,NULL,1.00000000,2026-05-29 10:56:17.820,51,050-GRP,Shop Group,G,NULL,NULL,N,0.00000000,1.00000000,NULL,NULL,2026-05-29 10:57:22.553,28
R,R,CO-087744,NULL,1.00000000,2026-05-29 10:56:17.820,50,050-GRP,Shop Group,G,NULL,NULL,N,0.00000000,1.00000000,NULL,NULL,2026-05-29 10:57:22.430,29
R,R,CO-087744,NULL,1.00000000,2026-05-29 10:56:17.820,15,Materials,Materials,W,NULL,NULL,N,0.00000000,1.00000000,NULL,NULL,2026-05-29 10:57:22.193,30
R,R,WO-071460,49103-0016,100000.00000000,2026-05-29 10:47:04.087,19,100-1807,Press Room 200 Ton Minster,W,NULL,NULL,N,0.00000000,100000.00000000,NULL,NULL,2026-05-29 10:47:04.480,31
R,R,WO-071460,49103-0016,100000.00000000,2026-05-29 10:47:04.087,5,500-GRP,Die Maintenance,G,NULL,NULL,N,0.00000000,1.00000000,NULL,NULL,2026-05-29 10:47:04.277,32
R,R,WO-071459,24 126 223,14150.00000000,2026-05-29 10:45:41.930,900,OUTSIDE_SERVICE,Outside Service,C,NULL,NULL,N,0.00000000,14150.00000000,NULL,NULL,2026-05-29 10:45:42.380,33
R,R,WO-071459,24 126 223,14150.00000000,2026-05-29 10:45:41.930,10,100-18,Press Room 330 Ton Seyi Servo,W,NULL,NULL,N,0.00000000,14150.00000000,NULL,NULL,2026-05-29 10:45:42.147,34
R,R,WO-071459,24 126 223,14150.00000000,2026-05-29 10:45:41.930,5,500-GRP,Die Maintenance,G,NULL,NULL,N,0.00000000,1.00000000,NULL,NULL,2026-05-29 10:45:42.007,35
R,R,WO-071458,524574,1480.00000000,2026-05-29 10:38:06.127,900,OUTSIDE_SERVICE,Outside Service,C,NULL,NULL,N,0.00000000,1480.00000000,NULL,NULL,2026-05-29 10:38:06.660,36
R,R,WO-071458,524574,1480.00000000,2026-05-29 10:38:06.127,20,135-23,CNC Vertical Mill - Doosan VC 3600,W,NULL,NULL,N,0.00000000,1480.00000000,NULL,NULL,2026-05-29 10:38:06.580,37
R,R,WO-071458,524574,1480.00000000,2026-05-29 10:38:06.127,5,500-GRP,Die Maintenance,G,NULL,NULL,N,0.00000000,1.00000000,NULL,NULL,2026-05-29 10:38:06.283,38
R,R,WO-071457,965578,160.00000000,2026-05-29 10:07:10.400,919,V880-PAK,Manual Finish Packaging,W,NULL,NULL,Y,100.00000000,160.00000000,NULL,NULL,2026-05-29 10:07:10.523,39
R,R,WO-071454,78816603,9.00000000,2026-05-29 06:56:09.367,910,V880-PAK,Manual Finish Packaging,W,NULL,NULL,Y,4.00000000,9.00000000,2026-06-01 23:40:00.000,2026-06-01 23:40:00.000,2026-05-29 06:56:09.520,40
R,R,WO-071453,24480540,624.00000000,2026-05-29 06:53:34.247,929,V880-PAK,Manual Finish Packaging,W,NULL,NULL,Y,403.00000000,624.00000000,2026-05-29 07:00:00.000,2026-05-29 10:20:00.000,2026-05-29 06:53:34.390,41
R,R,WO-071451,15-30092-002,200.00000000,2026-05-29 06:23:55.240,900,OUTSIDE_SERVICE,Outside Service,C,NULL,NULL,N,0.00000000,200.00000000,2026-06-28 23:50:00.000,2026-06-28 23:50:00.000,2026-05-29 06:23:56.177,42
R,R,WO-071451,15-30092-002,200.00000000,2026-05-29 06:23:55.240,20,100-30,Press (Multicell),W,NULL,NULL,N,0.00000000,200.00000000,2026-06-26 21:40:00.000,2026-06-26 22:50:00.000,2026-05-29 06:23:56.070,43
R,R,WO-071451,15-30092-002,200.00000000,2026-05-29 06:23:55.240,5,500-GRP,Die Maintenance,G,NULL,NULL,N,0.00000000,1.00000000,2026-06-26 11:50:00.000,2026-06-26 11:50:00.000,2026-05-29 06:23:55.490,44
R,R,WO-071450,243802-001,30000.00000000,2026-05-29 06:22:42.150,10,100-14,Press Room 660 Ton Seyi,W,NULL,NULL,N,0.00000000,30000.00000000,2026-06-04 23:10:00.000,2026-06-08 16:30:00.000,2026-05-29 06:22:42.790,45
R,R,WO-071450,243802-001,30000.00000000,2026-05-29 06:22:42.150,5,500-GRP,Die Maintenance,G,NULL,NULL,N,0.00000000,1.00000000,2026-05-29 00:00:00.000,2026-05-29 00:00:00.000,2026-05-29 06:22:42.433,46
R,R,WO-071448,29568451,25.00000000,2026-05-29 06:01:40.190,939,V880-GRP,Manual Finish Group,W,NULL,NULL,N,0.00000000,25.00000000,2026-06-18 09:50:00.000,2026-06-18 10:10:00.000,2026-05-29 06:01:41.377,47
R,R,WO-071448,29568451,25.00000000,2026-05-29 06:01:40.190,920,OUTSIDE_SERVICE,Outside Service,C,NULL,NULL,N,0.00000000,25.00000000,2026-06-05 15:00:00.000,2026-06-05 15:00:00.000,2026-05-29 06:01:41.283,48
R,R,WO-071448,29568451,25.00000000,2026-05-29 06:01:40.190,910,OUTSIDE_SERVICE,Outside Service,C,NULL,NULL,N,0.00000000,25.00000000,2026-06-05 15:00:00.000,2026-06-05 15:00:00.000,2026-05-29 06:01:41.207,49
R,R,WO-071448,29568451,25.00000000,2026-05-29 06:01:40.190,900,OUTSIDE_SERVICE,Outside Service,C,NULL,NULL,N,0.00000000,25.00000000,2026-06-05 15:00:00.000,2026-06-05 15:00:00.000,2026-05-29 06:01:41.110,50
R,R,WO-071448,29568451,25.00000000,2026-05-29 06:01:40.190,40,095-12,Lincoln Precision Tig, Model 375,W,NULL,NULL,N,0.00000000,25.00000000,2026-06-05 12:20:00.000,2026-06-05 14:50:00.000,2026-05-29 06:01:40.987,51
R,R,WO-071448,29568451,25.00000000,2026-05-29 06:01:40.190,30,100-29,E-Brake Premium III Series,W,NULL,NULL,N,0.00000000,25.00000000,2026-06-05 10:50:00.000,2026-06-05 12:10:00.000,2026-05-29 06:01:40.923,52
R,R,WO-071448,29568451,25.00000000,2026-05-29 06:01:40.190,20,050-01,Shop Group,I,NULL,NULL,N,0.00000000,25.00000000,2026-06-05 09:00:00.000,2026-06-05 10:40:00.000,2026-05-29 06:01:40.847,53
R,R,WO-071448,29568451,25.00000000,2026-05-29 06:01:40.190,10,060-03,Laser - Bystronic 12K,W,NULL,NULL,Y,0.00000000,25.00000000,2026-05-29 00:00:00.000,2026-05-29 03:50:00.000,2026-05-29 06:01:40.660,54
R,R,WO-071448,29568451,25.00000000,2026-05-29 06:01:40.190,5,500-GRP,Die Maintenance,G,NULL,NULL,N,0.00000000,1.00000000,2026-05-29 00:00:00.000,2026-05-29 00:00:00.000,2026-05-29 06:01:40.423,55
R,R,WO-071444,24864578,9.00000000,2026-05-28 12:53:46.450,919,V880-PAK,Manual Finish Packaging,W,NULL,NULL,N,0.00000000,9.00000000,2026-06-01 22:50:00.000,2026-06-01 22:50:00.000,2026-05-28 12:53:46.590,56
R,R,WO-071441,03-23010-000,4496.00000000,2026-05-28 10:48:54.840,19,V100-34,Press Room 660 Ton Seyi,W,NULL,NULL,Y,1554.00000000,4496.00000000,2026-05-29 00:00:00.000,2026-06-02 03:20:00.000,2026-05-28 10:48:55.153,57
R,R,WO-071441,03-23010-000,4496.00000000,2026-05-28 10:48:54.840,5,500-GRP,Die Maintenance,G,NULL,NULL,N,0.00000000,1.00000000,2026-05-29 00:00:00.000,2026-05-29 00:00:00.000,2026-05-28 10:48:54.967,58
R,R,WO-071439,200-24913-01/UNF,1000.00000000,2026-05-28 09:53:03.693,900,OUTSIDE_SERVICE,Outside Service,C,NULL,NULL,N,0.00000000,1000.00000000,2026-06-17 09:10:00.000,2026-06-17 09:10:00.000,2026-05-28 09:53:04.367,59
R,R,WO-071439,200-24913-01/UNF,1000.00000000,2026-05-28 09:53:03.693,20,050-01,Shop Group,I,NULL,NULL,N,0.00000000,1000.00000000,2026-06-16 23:50:00.000,2026-06-17 09:00:00.000,2026-05-28 09:53:04.257,60
R,R,WO-071439,200-24913-01/UNF,1000.00000000,2026-05-28 09:53:03.693,10,100-1806,Press Room 200 Ton Minster,W,NULL,NULL,N,0.00000000,1000.00000000,2026-06-04 03:30:00.000,2026-06-04 05:50:00.000,2026-05-28 09:53:03.943,61
R,R,WO-071439,200-24913-01/UNF,1000.00000000,2026-05-28 09:53:03.693,5,500-GRP,Die Maintenance,G,NULL,NULL,N,0.00000000,1.00000000,2026-05-29 00:00:00.000,2026-05-29 00:00:00.000,2026-05-28 09:53:03.787,62
R,R,WO-071438,78700941,1.00000000,2026-05-28 09:44:13.540,919,V880-PAK,Manual Finish Packaging,W,NULL,NULL,N,0.00000000,1.00000000,2026-05-29 11:20:00.000,2026-05-29 11:20:00.000,2026-05-28 09:44:13.667,63
R,R,WO-071437,24734040,1458.00000000,2026-05-28 08:45:45.807,919,V880-PAK,Manual Finish Packaging,W,NULL,NULL,Y,396.00000000,1458.00000000,2026-06-26 17:00:00.000,2026-06-26 22:50:00.000,2026-05-28 08:45:45.947,64
R,R,WO-071435,A22-74373-041,10.00000000,2026-05-28 06:16:15.360,910,OUTSIDE_SERVICE,Outside Service,C,NULL,NULL,N,0.00000000,10.00000000,2026-06-03 23:50:00.000,2026-06-03 23:50:00.000,2026-05-28 06:16:16.000,65
R,R,WO-071435,A22-74373-041,10.00000000,2026-05-28 06:16:15.360,70,V096-04,Lincoln Robotic Welder XHS-CM,W,NULL,NULL,N,0.00000000,10.00000000,2026-06-03 23:30:00.000,2026-06-03 23:40:00.000,2026-05-28 06:16:15.783,66
R,R,WO-071435,A22-74373-041,10.00000000,2026-05-28 06:16:15.360,5,500-GRP,Die Maintenance,G,NULL,NULL,N,0.00000000,1.00000000,2026-06-03 23:20:00.000,2026-06-03 23:20:00.000,2026-05-28 06:16:15.533,67
R,R,WO-071434,24392640-PKG,225.00000000,2026-05-27 14:52:45.500,930,OUTSIDE_SERVICE,Outside Service,C,NULL,NULL,N,0.00000000,225.00000000,2026-05-29 10:30:00.000,2026-05-29 10:30:00.000,2026-05-27 14:52:46.860,68
R,R,WO-071434,24392640-PKG,225.00000000,2026-05-27 14:52:45.500,96,V140-GRP,Assembly Group,G,NULL,NULL,N,0.00000000,225.00000000,2026-05-29 07:00:00.000,2026-05-29 10:20:00.000,2026-05-27 14:52:46.640,69
R,R,WO-071434,24392640-PKG,225.00000000,2026-05-27 14:52:45.500,90,OUTSIDE_SERVICE,Outside Service,C,NULL,NULL,N,0.00000000,225.00000000,2026-05-29 06:20:00.000,2026-05-29 06:20:00.000,2026-05-27 14:52:46.563,70
R,R,WO-071434,24392640-PKG,225.00000000,2026-05-27 14:52:45.500,30,252-01,Final Inspection ,W,NULL,NULL,N,0.00000000,225.00000000,2026-05-29 06:20:00.000,2026-05-29 06:20:00.000,2026-05-27 14:52:46.483,71
R,R,WO-071434,24392640-PKG,225.00000000,2026-05-27 14:52:45.500,15,100-1806,Press Room 200 Ton Minster,W,NULL,NULL,N,0.00000000,225.00000000,2026-05-29 03:20:00.000,2026-05-29 06:10:00.000,2026-05-27 14:52:46.390,72
R,R,WO-071434,24392640-PKG,225.00000000,2026-05-27 14:52:45.500,5,500-GRP,Die Maintenance,G,NULL,NULL,N,0.00000000,1.00000000,2026-05-29 00:00:00.000,2026-05-29 00:00:00.000,2026-05-27 14:52:45.877,73
R,R,WO-071432,46.0228.48.FB,200.00000000,2026-05-27 13:59:41.273,19,100-03,Press Room 220 Ton Aida,W,NULL,NULL,N,0.00000000,200.00000000,2026-06-19 20:30:00.000,2026-06-21 23:50:00.000,2026-05-27 13:59:41.600,74
R,R,WO-071432,46.0228.48.FB,200.00000000,2026-05-27 13:59:41.273,5,500-GRP,Die Maintenance,G,NULL,NULL,N,0.00000000,1.00000000,2026-06-19 20:20:00.000,2026-06-19 20:20:00.000,2026-05-27 13:59:41.477,75
R,R,WO-071431,GM104507,185.00000000,2026-05-27 13:06:09.277,19,060-02,Laser - Bystronic 12K,W,NULL,NULL,N,0.00000000,185.00000000,2026-05-29 02:40:00.000,2026-05-29 03:50:00.000,2026-05-27 13:06:09.650,76
R,R,WO-071431,GM104507,185.00000000,2026-05-27 13:06:09.277,5,500-GRP,Die Maintenance,G,NULL,NULL,N,0.00000000,1.00000000,2026-05-29 00:00:00.000,2026-05-29 00:00:00.000,2026-05-27 13:06:09.417,77
R,R,WO-071429,029-22044-000,88.00000000,2026-05-27 13:01:37.947,900,OUTSIDE_SERVICE,Outside Service,C,NULL,NULL,N,0.00000000,88.00000000,2026-06-03 08:00:00.000,2026-06-03 08:00:00.000,2026-05-27 13:01:38.713,78
R,R,WO-071429,029-22044-000,88.00000000,2026-05-27 13:01:37.947,90,090-01,Spot Weld ,W,NULL,NULL,N,0.00000000,88.00000000,2026-06-03 05:00:00.000,2026-06-03 07:50:00.000,2026-05-27 13:01:38.573,79
R,R,WO-071429,029-22044-000,88.00000000,2026-05-27 13:01:37.947,20,100-29,E-Brake Premium III Series,W,NULL,NULL,N,0.00000000,88.00000000,2026-05-29 00:10:00.000,2026-05-29 02:10:00.000,2026-05-27 13:01:38.480,80
R,R,WO-071429,029-22044-000,88.00000000,2026-05-27 13:01:37.947,5,500-GRP,Die Maintenance,G,NULL,NULL,N,0.00000000,1.00000000,2026-05-29 00:00:00.000,2026-05-29 00:00:00.000,2026-05-27 13:01:38.103,81
R,R,WO-071386,16-21374-000,7380.00000000,2026-05-26 12:12:53.043,900,OUTSIDE_SERVICE,Outside Service,C,NULL,NULL,N,0.00000000,3780.00000000,2026-05-29 00:00:00.000,2026-05-29 00:00:00.000,2026-05-27 12:58:05.350,82
R,R,WO-068836,13272-3993,17000.00000000,2026-05-27 11:35:43.997,5,500-GRP,Die Maintenance,G,NULL,NULL,N,0.00000000,1.00000000,2026-05-29 00:00:00.000,2026-05-29 00:00:00.000,2026-05-27 11:35:44.027,83
R,R,WO-068836,13272-3993,17000.00000000,2026-05-27 11:35:43.997,900,OUTSIDE_SERVICE,Outside Service,C,NULL,NULL,N,105.00000000,17000.00000000,2026-05-29 00:00:00.000,2026-05-29 00:00:00.000,2026-05-27 11:35:44.027,84
R,R,WO-068836,13272-3993,17000.00000000,2026-05-27 11:35:43.997,905,252-GRP,Final Inspection Group,G,NULL,NULL,N,0.00000000,17000.00000000,2026-05-29 00:00:00.000,2026-05-29 00:00:00.000,2026-05-27 11:35:44.027,85
R,R,WO-068836,13272-3993,17000.00000000,2026-05-27 11:35:43.997,910,V880-GRP,Manual Finish Group,W,NULL,NULL,N,0.00000000,17000.00000000,2026-05-29 00:00:00.000,2026-05-29 00:00:00.000,2026-05-27 11:35:44.027,86
R,R,WO-071427,24759448,30.00000000,2026-05-27 10:50:51.950,919,V880-PAK,Manual Finish Packaging,W,NULL,NULL,Y,21.00000000,30.00000000,2026-06-15 22:50:00.000,2026-06-15 22:50:00.000,2026-05-27 10:50:52.090,87
R,R,WO-071426,24733470,116.00000000,2026-05-27 10:46:39.940,919,V880-PAK,Manual Finish Packaging,W,NULL,NULL,N,0.00000000,116.00000000,2026-06-23 19:00:00.000,2026-06-23 19:30:00.000,2026-05-27 10:46:40.067,88
R,R,WO-071425,UC46986,650.00000000,2026-05-27 10:37:32.077,900,OUTSIDE_SERVICE,Outside Service,C,NULL,NULL,N,0.00000000,650.00000000,2026-05-29 00:00:00.000,2026-05-29 00:00:00.000,2026-05-27 10:37:32.657,89
R,R,WO-071425,UC46986,650.00000000,2026-05-27 10:37:32.077,5,500-GRP,Die Maintenance,G,NULL,NULL,N,0.00000000,1.00000000,2026-05-29 00:00:00.000,2026-05-29 00:00:00.000,2026-05-27 10:37:32.310,90
R,R,WO-071424,UC46987,650.00000000,2026-05-27 10:28:32.887,900,OUTSIDE_SERVICE,Outside Service,C,NULL,NULL,N,0.00000000,650.00000000,2026-05-29 11:00:00.000,2026-05-29 11:00:00.000,2026-05-27 10:28:33.420,91
R,R,WO-071424,UC46987,650.00000000,2026-05-27 10:28:32.887,5,500-GRP,Die Maintenance,G,NULL,NULL,N,0.00000000,1.00000000,2026-05-29 00:00:00.000,2026-05-29 00:00:00.000,2026-05-27 10:28:33.043,92
R,R,WO-071423,2720316,32.00000000,2026-05-27 10:25:05.743,29,100-07,Brake Press,W,NULL,NULL,N,0.00000000,32.00000000,2026-06-22 22:00:00.000,2026-06-22 23:50:00.000,2026-05-27 10:25:06.597,93
R,R,WO-071423,2720316,32.00000000,2026-05-27 10:25:05.743,5,500-GRP,Die Maintenance,G,NULL,NULL,N,0.00000000,1.00000000,2026-06-22 21:50:00.000,2026-06-22 21:50:00.000,2026-05-27 10:25:05.977,94
R,R,WO-071422,104910-07,795.00000000,2026-05-27 10:21:53.100,29,V100-33,Press Room 440 Ton Seyi,W,NULL,NULL,Y,456.00000000,795.00000000,2026-06-01 01:40:00.000,2026-06-01 11:50:00.000,2026-05-27 10:21:53.400,95
R,R,WO-071422,104910-07,795.00000000,2026-05-27 10:21:53.100,5,500-GRP,Die Maintenance,G,NULL,NULL,Y,0.00000000,1.00000000,2026-05-29 00:00:00.000,2026-05-29 00:00:00.000,2026-05-27 10:21:53.227,96
R,R,WO-071421,24733458,754.00000000,2026-05-27 09:49:51.880,919,V880-PAK,Manual Finish Packaging,W,NULL,NULL,Y,174.00000000,754.00000000,2026-06-29 19:40:00.000,2026-06-29 22:50:00.000,2026-05-27 09:49:52.023,97
R,R,CO-087658,NULL,1.00000000,2026-05-27 09:48:43.040,900,OUTSIDE_SERVICE,Outside Service,C,NULL,NULL,N,0.00000000,1.00000000,2027-04-19 18:00:00.000,2027-04-19 18:00:00.000,2026-05-27 09:49:33.737,98
R,R,CO-087658,NULL,1.00000000,2026-05-27 09:48:43.040,600,300-GRP,Die Shop Tryout,G,NULL,NULL,N,0.00000000,1.00000000,2027-04-16 21:00:00.000,2027-04-19 17:50:00.000,2026-05-27 09:49:33.563,99
R,R,CO-087658,NULL,1.00000000,2026-05-27 09:48:43.040,500,150-GRP,Die Shop Assembly,G,NULL,NULL,N,0.00000000,1.00000000,2027-04-16 21:00:00.000,2027-04-16 21:00:00.000,2026-05-27 09:49:33.390,100
R,U,WO-071116,78612A-ISE,84220.00000000,2026-05-13 14:03:24.257,20,OUTSIDE_SERVICE,Outside Service,C,NULL,NULL,N,0.00000000,23.00000000,NULL,NULL,2026-05-29 11:35:12.610,1
R,U,WO-070657,43827,830.00000000,2026-04-24 14:13:30.107,910,OUTSIDE_SERVICE,Outside Service,C,NULL,NULL,N,0.00000000,3.00000000,NULL,NULL,2026-05-29 08:10:41.963,2
R,U,CO-090000,NULL,1.00000000,2020-02-10 00:00:00.000,5,500-GRP,Die Maintenance,G,NULL,NULL,N,0.00000000,1.00000000,NULL,NULL,2020-02-10 08:13:12.377,3
R,U,CO-090000,NULL,1.00000000,2020-02-10 00:00:00.000,8,Materials,Materials,W,NULL,NULL,N,0.00000000,1.00000000,NULL,NULL,2020-02-10 08:13:12.377,4
R,U,CO-090000,NULL,1.00000000,2020-02-10 00:00:00.000,10,060-01,Laser - 3015 Mazak Nexus Fiber 4,000 W,W,NULL,NULL,N,0.00000000,1.00000000,NULL,NULL,2020-02-10 08:13:12.377,5
R,U,CO-090000,NULL,1.00000000,2020-02-10 00:00:00.000,20,020-01,Waterjet - Flow M3 4020B,W,NULL,NULL,N,0.00000000,1.00000000,NULL,NULL,2020-02-10 08:13:12.377,6
R,U,CO-090000,NULL,1.00000000,2020-02-10 00:00:00.000,30,100-07,Brake Press,W,NULL,NULL,N,0.00000000,1.00000000,NULL,NULL,2020-02-10 08:13:12.377,7
R,U,CO-090000,NULL,1.00000000,2020-02-10 00:00:00.000,40,120-01,PEMSERTER® Series 4 Auto Feeder,W,NULL,NULL,N,0.00000000,1.00000000,NULL,NULL,2020-02-10 08:13:12.377,8
R,U,CO-090000,NULL,1.00000000,2020-02-10 00:00:00.000,90,090-01,Spot Weld ,W,NULL,NULL,N,0.00000000,1.00000000,NULL,NULL,2020-02-10 08:13:12.377,9
R,U,CO-090000,NULL,1.00000000,2020-02-10 00:00:00.000,96,096-01,Lincoln E Cell Robotic Welder,W,NULL,NULL,N,0.00000000,1.00000000,NULL,NULL,2020-02-10 08:13:12.377,10
R,U,CO-090000,NULL,1.00000000,2020-02-10 00:00:00.000,900,OUTSIDE_SERVICE,Outside Service,C,NULL,NULL,N,0.00000000,1.00000000,NULL,NULL,2020-02-10 08:13:12.377,11
R,U,CO-090000,NULL,1.00000000,2020-02-10 00:00:00.000,910,OUTSIDE_SERVICE,Outside Service,C,NULL,NULL,N,0.00000000,1.00000000,NULL,NULL,2020-02-10 08:13:12.377,12
R,U,CO-090000,NULL,1.00000000,2020-02-10 00:00:00.000,920,OUTSIDE_SERVICE,Outside Service,C,NULL,NULL,N,0.00000000,1.00000000,NULL,NULL,2020-02-10 08:13:12.377,13
U,U,WO-070843,26087929,2585.00000000,2026-04-30 09:42:20.910,10,V880-PAK,Manual Finish Packaging,W,NULL,NULL,N,0.00000000,2585.00000000,NULL,NULL,2026-04-30 09:44:04.783,1
U,U,WO-068347,2487860,100.00000000,2026-01-08 15:19:45.537,929,880-01,Manual Finish ,W,NULL,NULL,N,0.00000000,100.00000000,NULL,NULL,2026-01-08 15:19:46.177,2
U,U,WO-068347,2487860,100.00000000,2026-01-08 15:19:45.537,919,252-01,Final Inspection ,W,NULL,NULL,N,0.00000000,100.00000000,NULL,NULL,2026-01-08 15:19:46.083,3
U,U,WO-068347,2487860,100.00000000,2026-01-08 15:19:45.537,915,100-30,Press (Multicell),W,NULL,NULL,N,0.00000000,100.00000000,NULL,NULL,2026-01-08 15:19:45.973,4
U,U,WO-068347,2487860,100.00000000,2026-01-08 15:19:45.537,910,OUTSIDE_SERVICE,Outside Service,C,NULL,NULL,N,0.00000000,100.00000000,NULL,NULL,2026-01-08 15:19:45.897,5
U,U,WO-068347,2487860,100.00000000,2026-01-08 15:19:45.537,900,252-01,Final Inspection ,W,NULL,NULL,N,0.00000000,100.00000000,NULL,NULL,2026-01-08 15:19:45.817,6
U,U,WO-068347,2487860,100.00000000,2026-01-08 15:19:45.537,96,096-02,Lincoln Robotic Welder XHS-CM,W,NULL,NULL,N,0.00000000,100.00000000,NULL,NULL,2026-01-08 15:19:45.613,7
U,U,WO-066684,A22-77724-220,50.00000000,2025-10-23 09:55:46.177,20,OUTSIDE_SERVICE,Outside Service,C,NULL,NULL,N,0.00000000,50.00000000,NULL,NULL,2025-10-23 09:56:14.350,8
U,U,WO-066684,A22-77724-220,50.00000000,2025-10-23 09:55:46.177,10,095-12,Lincoln Precision Tig, Model 375,W,NULL,NULL,N,0.00000000,50.00000000,NULL,NULL,2025-10-23 09:56:14.287,9
U,U,WO-066684,A22-77724-220,50.00000000,2025-10-23 09:55:46.177,5,500-GRP,Die Maintenance,G,NULL,NULL,N,0.00000000,1.00000000,NULL,NULL,2025-10-23 09:56:14.253,10
U,U,WO-064765,24759455-PKG,25.00000000,2025-07-31 07:31:46.140,20,OUTSIDE_SERVICE,Outside Service,C,NULL,NULL,N,0.00000000,25.00000000,NULL,NULL,2025-07-31 07:32:14.530,11
U,U,WO-064765,24759455-PKG,25.00000000,2025-07-31 07:31:46.140,10,100-24,Press Room 800 Ton,W,NULL,NULL,N,0.00000000,25.00000000,NULL,NULL,2025-07-31 07:32:14.453,12
U,U,WO-064765,24759455-PKG,25.00000000,2025-07-31 07:31:46.140,5,500-GRP,Die Maintenance,G,NULL,NULL,N,0.00000000,1.00000000,NULL,NULL,2025-07-31 07:32:14.407,13
U,U,WO-062892,G15161S00001-Proto,36.00000000,2025-05-08 11:40:56.577,35,252-01,Final Inspection ,W,NULL,NULL,N,0.00000000,36.00000000,NULL,NULL,2025-05-08 11:42:44.920,14
U,U,WO-062892,G15161S00001-Proto,36.00000000,2025-05-08 11:40:56.577,15,Materials,Materials,W,NULL,NULL,N,0.00000000,1.00000000,NULL,NULL,2025-05-08 11:42:44.810,15
U,U,WO-055691,22-77725-110-Raw,200.00000000,2024-05-07 09:05:57.780,19,100-07,Brake Press,W,NULL,NULL,N,0.00000000,200.00000000,NULL,NULL,2024-05-07 09:05:57.980,16
U,U,WO-055691,22-77725-110-Raw,200.00000000,2024-05-07 09:05:57.780,5,500-GRP,Die Maintenance,G,NULL,NULL,N,0.00000000,1.00000000,NULL,NULL,2024-05-07 09:05:57.857,17
U,U,WO-055300,S16678,1.00000000,2024-04-16 08:28:36.053,19,100-06,Press Room 500 Ton Heim,W,NULL,NULL,N,0.00000000,1.00000000,NULL,NULL,2024-04-16 08:28:36.257,18
U,U,WO-055300,S16678,1.00000000,2024-04-16 08:28:36.053,5,500-GRP,Die Maintenance,G,NULL,NULL,N,0.00000000,1.00000000,NULL,NULL,2024-04-16 08:28:36.147,19
U,U,WO-055298,S22919,1.00000000,2024-04-16 08:28:04.583,29,100-1823,Press Room 150 ton Bliss,W,NULL,NULL,N,0.00000000,1.00000000,NULL,NULL,2024-04-16 08:28:04.960,20
U,U,WO-055298,S22919,1.00000000,2024-04-16 08:28:04.583,10,100-19,Press Room 880 Ton Seyi,W,NULL,NULL,N,0.00000000,1.00000000,NULL,NULL,2024-04-16 08:28:04.803,21
U,U,WO-055298,S22919,1.00000000,2024-04-16 08:28:04.583,5,500-GRP,Die Maintenance,G,NULL,NULL,N,0.00000000,1.00000000,NULL,NULL,2024-04-16 08:28:04.693,22
X,C,WO-065635,2480061,30.00000000,2025-09-17 11:50:34.197,70,252-01,Final Inspection ,W,NULL,NULL,Y,30.00000000,30.00000000,2025-09-11 10:10:00.000,2025-09-11 10:10:00.000,2025-09-18 15:13:05.593,1
X,C,CO-069582,NULL,1.00000000,2024-02-06 08:58:23.070,10,990-GRP,Engineering Group,G,NULL,NULL,N,0.00000000,1.00000000,2026-01-05 12:00:00.000,2026-01-15 07:50:00.000,2024-09-26 15:01:51.703,2
X,C,CO-069582,NULL,1.00000000,2024-02-06 08:58:23.070,15,Materials,Materials,W,NULL,NULL,N,0.00000000,1.00000000,2026-01-15 08:00:00.000,2026-01-15 08:00:00.000,2024-09-26 15:01:51.703,3
X,C,CO-069582,NULL,1.00000000,2024-02-06 08:58:23.070,20,020-01,Waterjet - Flow M3 4020B,W,NULL,NULL,N,0.00000000,1.00000000,2026-01-15 08:00:00.000,2026-01-15 08:00:00.000,2024-09-26 15:01:51.703,4
X,C,CO-069582,NULL,1.00000000,2024-02-06 08:58:23.070,50,050-GRP,Shop Group,G,NULL,NULL,N,0.00000000,1.00000000,2026-04-08 09:00:00.000,2026-06-05 12:50:00.000,2024-09-26 15:01:51.703,5
X,C,CO-069582,NULL,1.00000000,2024-02-06 08:58:23.070,100,050-02,Unattended Machining,W,NULL,NULL,N,0.00000000,1.00000000,2026-06-05 13:00:00.000,2026-06-05 13:00:00.000,2024-09-26 15:01:51.703,6
X,C,CO-069582,NULL,1.00000000,2024-02-06 08:58:23.070,350,350-GRP,Wire EDM Group,G,NULL,NULL,N,0.00000000,1.00000000,2026-06-05 13:00:00.000,2026-06-05 13:00:00.000,2024-09-26 15:01:51.703,7
X,C,CO-069582,NULL,1.00000000,2024-02-06 08:58:23.070,400,350-03,Unattended Wire EDM,W,NULL,NULL,N,0.00000000,1.00000000,2026-06-05 13:00:00.000,2026-06-05 13:00:00.000,2024-09-26 15:01:51.703,8
X,C,CO-069582,NULL,1.00000000,2024-02-06 08:58:23.070,500,100-GRP,Small Press Coil Fed,G,NULL,NULL,N,0.00000000,1.00000000,2026-06-05 13:00:00.000,2026-06-05 13:00:00.000,2024-09-26 15:01:51.703,9
X,C,CO-069582,NULL,1.00000000,2024-02-06 08:58:23.070,600,252-GRP,Final Inspection Group,G,NULL,NULL,N,0.00000000,1.00000000,2026-06-05 13:00:00.000,2026-06-05 17:50:00.000,2024-09-26 15:01:51.703,10
X,C,CO-069582,NULL,1.00000000,2024-02-06 08:58:23.070,700,300-GRP,Die Shop Tryout,G,NULL,NULL,N,0.00000000,1.00000000,2026-06-05 18:00:00.000,2026-06-05 18:00:00.000,2024-09-26 15:01:51.703,11
X,C,CO-069582,NULL,1.00000000,2024-02-06 08:58:23.070,900,OUTSIDE_SERVICE,Outside Service,C,NULL,NULL,N,0.00000000,1.00000000,2026-06-05 18:00:00.000,2026-06-05 18:00:00.000,2024-09-26 15:01:51.703,12
X,C,CO-069582,NULL,1.00000000,2024-02-06 08:58:23.070,901,253-GRP,In-Process Inspection Group,G,NULL,NULL,N,0.00000000,1.00000000,2026-06-05 18:00:00.000,2026-06-05 18:00:00.000,2024-09-26 15:01:51.703,13
X,C,CO-069582,NULL,1.00000000,2024-02-06 08:58:23.070,10,990-GRP,Engineering Group,G,NULL,NULL,N,0.00000000,1.00000000,2025-12-25 08:00:00.000,2026-01-05 11:50:00.000,2024-09-26 15:01:51.670,14
X,C,CO-069582,NULL,1.00000000,2024-02-06 08:58:23.070,15,Materials,Materials,W,NULL,NULL,N,0.00000000,1.00000000,2026-01-05 12:00:00.000,2026-01-05 12:00:00.000,2024-09-26 15:01:51.670,15
X,C,CO-069582,NULL,1.00000000,2024-02-06 08:58:23.070,20,020-01,Waterjet - Flow M3 4020B,W,NULL,NULL,N,0.00000000,1.00000000,2026-01-05 12:00:00.000,2026-01-05 12:00:00.000,2024-09-26 15:01:51.670,16
X,C,CO-069582,NULL,1.00000000,2024-02-06 08:58:23.070,50,050-GRP,Shop Group,G,NULL,NULL,N,0.00000000,1.00000000,2026-02-06 13:00:00.000,2026-04-08 08:50:00.000,2024-09-26 15:01:51.670,17
X,C,CO-069582,NULL,1.00000000,2024-02-06 08:58:23.070,100,050-02,Unattended Machining,W,NULL,NULL,N,0.00000000,1.00000000,2026-04-08 09:00:00.000,2026-04-08 09:00:00.000,2024-09-26 15:01:51.670,18
X,C,CO-069582,NULL,1.00000000,2024-02-06 08:58:23.070,350,350-GRP,Wire EDM Group,G,NULL,NULL,N,0.00000000,1.00000000,2026-04-08 09:00:00.000,2026-04-08 09:00:00.000,2024-09-26 15:01:51.670,19
X,C,CO-069582,NULL,1.00000000,2024-02-06 08:58:23.070,400,350-03,Unattended Wire EDM,W,NULL,NULL,N,0.00000000,1.00000000,2026-04-08 09:00:00.000,2026-04-08 09:00:00.000,2024-09-26 15:01:51.670,20
X,C,CO-069582,NULL,1.00000000,2024-02-06 08:58:23.070,500,100-GRP,Small Press Coil Fed,G,NULL,NULL,N,0.00000000,1.00000000,2026-04-08 09:00:00.000,2026-04-08 18:50:00.000,2024-09-26 15:01:51.670,21
X,C,CO-069582,NULL,1.00000000,2024-02-06 08:58:23.070,600,252-GRP,Final Inspection Group,G,NULL,NULL,N,0.00000000,1.00000000,2026-04-08 19:00:00.000,2026-04-08 23:50:00.000,2024-09-26 15:01:51.670,22
X,C,CO-069582,NULL,1.00000000,2024-02-06 08:58:23.070,700,300-GRP,Die Shop Tryout,G,NULL,NULL,N,0.00000000,1.00000000,2026-04-09 00:00:00.000,2026-04-09 00:00:00.000,2024-09-26 15:01:51.670,23
X,C,CO-069582,NULL,1.00000000,2024-02-06 08:58:23.070,900,OUTSIDE_SERVICE,Outside Service,C,NULL,NULL,N,0.00000000,1.00000000,2026-04-09 00:00:00.000,2026-04-09 00:00:00.000,2024-09-26 15:01:51.670,24
X,C,CO-069582,NULL,1.00000000,2024-02-06 08:58:23.070,901,253-GRP,In-Process Inspection Group,G,NULL,NULL,N,0.00000000,1.00000000,2026-04-09 00:00:00.000,2026-04-09 00:00:00.000,2024-09-26 15:01:51.670,25
X,C,WO-055727,NULL,0.00000000,2024-05-31 11:14:42.330,50,050-GRP,Shop Group,G,NULL,NULL,Y,0.00000000,0.00000000,2025-09-18 12:00:00.000,2025-09-23 12:50:00.000,2024-05-31 11:17:16.083,26
X,C,WO-053430,1036284.01,0.00000000,2024-01-10 06:28:59.967,10,060-01,Laser - 3015 Mazak Nexus Fiber 4,000 W,W,NULL,NULL,Y,2624.00000000,0.00000000,2024-01-09 13:00:00.000,2024-01-09 17:50:00.000,2024-01-10 12:49:27.513,27
X,C,CO-069876,NULL,1.00000000,2023-09-19 14:55:11.807,10,990-GRP,Engineering Group,G,NULL,NULL,N,0.00000000,1.00000000,2024-05-06 07:00:00.000,2024-05-06 07:50:00.000,2023-08-29 15:08:35.137,28
X,C,CO-069876,NULL,1.00000000,2023-09-19 14:55:11.807,15,Materials,Materials,W,NULL,NULL,N,0.00000000,1.00000000,2024-05-06 08:00:00.000,2024-05-06 08:00:00.000,2023-08-29 15:08:35.137,29
X,C,CO-069876,NULL,1.00000000,2023-09-19 14:55:11.807,20,020-01,Waterjet - Flow M3 4020B,W,NULL,NULL,N,0.00000000,1.00000000,2024-05-06 08:00:00.000,2024-05-06 08:00:00.000,2023-08-29 15:08:35.137,30
X,C,CO-069876,NULL,1.00000000,2023-09-19 14:55:11.807,50,050-GRP,Shop Group,G,NULL,NULL,N,0.00000000,1.00000000,2024-06-24 14:00:00.000,2024-06-25 08:50:00.000,2023-08-29 15:08:35.137,31
X,C,CO-069876,NULL,1.00000000,2023-09-19 14:55:11.807,100,050-02,Unattended Machining,W,NULL,NULL,N,0.00000000,1.00000000,2024-06-25 09:00:00.000,2024-06-25 09:00:00.000,2023-08-29 15:08:35.137,32
X,C,CO-069876,NULL,1.00000000,2023-09-19 14:55:11.807,350,350-GRP,Wire EDM Group,G,NULL,NULL,N,0.00000000,1.00000000,2024-06-25 09:00:00.000,2024-06-25 09:00:00.000,2023-08-29 15:08:35.137,33
X,C,CO-069876,NULL,1.00000000,2023-09-19 14:55:11.807,400,350-03,Unattended Wire EDM,W,NULL,NULL,N,0.00000000,1.00000000,2024-06-25 09:00:00.000,2024-06-25 09:00:00.000,2023-08-29 15:08:35.137,34
X,C,CO-069876,NULL,1.00000000,2023-09-19 14:55:11.807,500,100-GRP,Small Press Coil Fed,G,NULL,NULL,N,0.00000000,1.00000000,2024-06-25 09:00:00.000,2024-06-25 18:50:00.000,2023-08-29 15:08:35.137,35
X,C,CO-069876,NULL,1.00000000,2023-09-19 14:55:11.807,600,252-GRP,Final Inspection Group,G,NULL,NULL,N,0.00000000,1.00000000,2024-06-25 19:00:00.000,2024-06-25 20:50:00.000,2023-08-29 15:08:35.137,36
X,C,CO-069876,NULL,1.00000000,2023-09-19 14:55:11.807,700,300-GRP,Die Shop Tryout,G,NULL,NULL,N,0.00000000,1.00000000,2024-06-25 21:00:00.000,2024-06-25 21:00:00.000,2023-08-29 15:08:35.137,37
X,C,CO-069876,NULL,1.00000000,2023-09-19 14:55:11.807,900,OUTSIDE_SERVICE,Outside Service,C,NULL,NULL,N,0.00000000,1.00000000,2024-06-25 21:00:00.000,2024-06-25 21:00:00.000,2023-08-29 15:08:35.137,38
X,C,CO-069876,NULL,1.00000000,2023-09-19 14:55:11.807,901,253-GRP,In-Process Inspection Group,G,NULL,NULL,N,0.00000000,1.00000000,2024-06-25 21:00:00.000,2024-06-25 21:00:00.000,2023-08-29 15:08:35.133,39
X,C,CO-067330,NULL,1.00000000,2023-08-03 06:52:18.507,10,060-01,Laser - 3015 Mazak Nexus Fiber 4,000 W,W,NULL,NULL,Y,0.00000000,1.00000000,2023-03-10 08:00:00.000,2023-03-10 22:50:00.000,2023-03-10 15:01:09.043,40
X,C,CO-067330,NULL,1.00000000,2023-08-03 06:52:18.507,10,060-01,Laser - 3015 Mazak Nexus Fiber 4,000 W,W,NULL,NULL,Y,1.00000000,1.00000000,NULL,NULL,2023-03-09 17:35:55.963,41
X,C,CO-067330,NULL,1.00000000,2023-08-03 06:52:18.507,10,060-01,Laser - 3015 Mazak Nexus Fiber 4,000 W,W,NULL,NULL,N,0.00000000,1.00000000,NULL,NULL,2023-03-09 15:00:43.027,42
X,C,CO-067330,NULL,1.00000000,2023-08-03 06:52:18.507,10,060-01,Laser - 3015 Mazak Nexus Fiber 4,000 W,W,NULL,NULL,Y,0.00000000,1.00000000,2023-02-28 07:50:00.000,2023-02-28 12:40:00.000,2023-03-08 07:40:20.000,43
X,C,CO-067330,NULL,1.00000000,2023-08-03 06:52:18.507,10,060-01,Laser - 3015 Mazak Nexus Fiber 4,000 W,W,NULL,NULL,Y,0.00000000,1.00000000,2023-02-28 22:50:00.000,2023-03-01 03:40:00.000,2023-03-07 15:04:57.460,44
X,C,CO-067330,NULL,1.00000000,2023-08-03 06:52:18.507,10,060-01,Laser - 3015 Mazak Nexus Fiber 4,000 W,W,NULL,NULL,Y,1.00000000,1.00000000,2023-02-28 12:50:00.000,2023-02-28 17:40:00.000,2023-02-28 15:07:18.927,45
X,C,CO-067330,NULL,1.00000000,2023-08-03 06:52:18.507,10,060-01,Laser - 3015 Mazak Nexus Fiber 4,000 W,W,NULL,NULL,Y,0.00000000,1.00000000,2023-02-24 05:30:00.000,2023-02-24 10:20:00.000,2023-02-28 15:07:18.897,46
X,C,CO-067330,NULL,1.00000000,2023-08-03 06:52:18.507,10,060-01,Laser - 3015 Mazak Nexus Fiber 4,000 W,W,NULL,NULL,Y,0.00000000,1.00000000,2023-02-24 00:30:00.000,2023-02-24 05:20:00.000,2023-02-28 15:07:18.850,47
X,C,CO-067330,NULL,1.00000000,2023-08-03 06:52:18.507,10,060-01,Laser - 3015 Mazak Nexus Fiber 4,000 W,W,NULL,NULL,Y,1.00000000,1.00000000,2023-02-28 01:50:00.000,2023-02-28 07:40:00.000,2023-02-27 18:26:33.507,48
X,C,CO-067330,NULL,1.00000000,2023-08-03 06:52:18.507,10,060-01,Laser - 3015 Mazak Nexus Fiber 4,000 W,W,NULL,NULL,Y,0.00000000,1.00000000,2023-02-27 19:50:00.000,2023-02-28 01:40:00.000,2023-02-27 15:07:43.257,49
X,C,CO-067330,NULL,1.00000000,2023-08-03 06:52:18.507,10,060-01,Laser - 3015 Mazak Nexus Fiber 4,000 W,W,NULL,NULL,Y,0.00000000,1.00000000,2023-02-28 17:50:00.000,2023-02-28 22:40:00.000,2023-02-27 15:07:43.210,50
X,C,CO-067330,NULL,1.00000000,2023-08-03 06:52:18.507,10,060-01,Laser - 3015 Mazak Nexus Fiber 4,000 W,W,NULL,NULL,Y,1.00000000,1.00000000,NULL,NULL,2023-02-21 18:52:03.320,51
X,C,CO-067330,NULL,1.00000000,2023-08-03 06:52:18.507,10,060-01,Laser - 3015 Mazak Nexus Fiber 4,000 W,W,NULL,NULL,Y,0.00000000,1.00000000,NULL,NULL,2023-02-21 07:31:24.207,52
X,C,WO-048813,30104802,0.00000000,2023-01-10 12:40:24.510,39,100-07,Brake Press,W,NULL,NULL,Y,0.00000000,0.00000000,2023-02-03 07:00:00.000,2023-02-03 07:40:00.000,2023-01-20 09:41:33.003,53
X,C,CO-063786,NULL,1.00000000,2022-11-09 07:05:01.390,10,990-GRP,Engineering Group,G,NULL,NULL,N,0.00000000,1.00000000,2022-12-21 13:10:00.000,2023-01-31 11:00:00.000,2022-12-28 15:06:04.310,54
X,C,CO-063786,NULL,1.00000000,2022-11-09 07:05:01.390,15,Materials,Materials,W,NULL,NULL,N,0.00000000,1.00000000,2023-01-31 11:10:00.000,2023-01-31 11:10:00.000,2022-12-28 15:06:04.310,55
X,C,CO-063786,NULL,1.00000000,2022-11-09 07:05:01.390,20,020-01,Waterjet - Flow M3 4020B,W,NULL,NULL,N,0.00000000,1.00000000,2023-01-31 11:10:00.000,2023-01-31 11:10:00.000,2022-12-28 15:06:04.310,56
X,C,CO-063786,NULL,1.00000000,2022-11-09 07:05:01.390,50,050-GRP,Shop Group,G,NULL,NULL,Y,0.00000000,1.00000000,2023-02-28 20:00:00.000,2023-05-09 19:50:00.000,2022-12-28 15:06:04.310,57
X,C,CO-063786,NULL,1.00000000,2022-11-09 07:05:01.390,100,050-02,Unattended Machining,W,NULL,NULL,N,0.00000000,1.00000000,2023-05-09 20:00:00.000,2023-05-09 20:00:00.000,2022-12-28 15:06:04.310,58
X,C,CO-063786,NULL,1.00000000,2022-11-09 07:05:01.390,350,350-GRP,Wire EDM Group,G,NULL,NULL,N,0.00000000,1.00000000,2023-05-09 20:00:00.000,2023-05-09 20:00:00.000,2022-12-28 15:06:04.310,59
X,C,CO-063786,NULL,1.00000000,2022-11-09 07:05:01.390,400,350-03,Unattended Wire EDM,W,NULL,NULL,N,0.00000000,1.00000000,2023-05-09 20:00:00.000,2023-05-09 20:00:00.000,2022-12-28 15:06:04.310,60
X,C,CO-063786,NULL,1.00000000,2022-11-09 07:05:01.390,500,100-GRP,Small Press Coil Fed,G,NULL,NULL,Y,0.00000000,1.00000000,2023-05-09 20:00:00.000,2023-05-11 11:50:00.000,2022-12-28 15:06:04.310,61
X,C,CO-063786,NULL,1.00000000,2022-11-09 07:05:01.390,600,252-GRP,Final Inspection Group,G,NULL,NULL,N,0.00000000,1.00000000,2023-05-11 12:00:00.000,2023-05-11 16:50:00.000,2022-12-28 15:06:04.310,62
X,C,CO-063786,NULL,1.00000000,2022-11-09 07:05:01.390,700,300-GRP,Die Shop Tryout,G,NULL,NULL,N,0.00000000,1.00000000,2023-05-11 17:00:00.000,2023-05-11 17:00:00.000,2022-12-28 15:06:04.310,63
X,C,CO-063786,NULL,1.00000000,2022-11-09 07:05:01.390,900,OUTSIDE_SERVICE,Outside Service,C,NULL,NULL,N,0.00000000,1.00000000,2023-05-11 17:00:00.000,2023-05-11 17:00:00.000,2022-12-28 15:06:04.310,64
X,C,CO-063786,NULL,1.00000000,2022-11-09 07:05:01.390,901,253-GRP,In-Process Inspection Group,G,NULL,NULL,N,0.00000000,1.00000000,2023-05-11 17:00:00.000,2023-05-11 17:00:00.000,2022-12-28 15:06:04.310,65
X,C,WO-041080,22-69103-001,73.00000000,2022-08-04 09:58:42.397,10,100-06,Press Room 500 Ton Heim,W,NULL,NULL,Y,73.00000000,73.00000000,2021-04-29 16:10:00.000,2021-04-29 19:30:00.000,2022-12-22 13:37:19.990,66
X,C,WO-044600,NULL,1.00000000,2022-06-22 12:48:49.900,50,050-GRP,Shop Group,G,NULL,NULL,Y,14.00000000,1.00000000,2023-05-09 14:10:00.000,2023-05-15 07:00:00.000,2022-06-23 05:59:25.293,67
X,C,CO-004198,NULL,1.00000000,2009-02-27 10:52:08.360,10,990-GRP,Engineering Group,G,NULL,NULL,Y,0.00000000,1.00000000,2009-04-13 11:00:00.000,2009-04-17 08:50:00.000,2022-05-21 06:32:39.123,68
X,C,CO-004198,NULL,1.00000000,2008-12-30 09:43:57.120,10,990-GRP,Engineering Group,G,NULL,NULL,Y,0.00000000,1.00000000,2009-04-13 11:00:00.000,2009-04-17 08:50:00.000,2022-05-21 06:32:39.123,69
X,C,CO-004198,NULL,1.00000000,2009-02-27 10:52:08.360,10,990-GRP,Engineering Group,G,NULL,NULL,Y,0.00000000,1.00000000,2009-04-15 09:00:00.000,2009-04-20 07:50:00.000,2022-05-21 06:32:39.123,70
X,C,CO-004198,NULL,1.00000000,2008-12-30 09:43:57.120,10,990-GRP,Engineering Group,G,NULL,NULL,Y,0.00000000,1.00000000,2009-04-15 09:00:00.000,2009-04-20 07:50:00.000,2022-05-21 06:32:39.123,71
X,C,CO-004198,NULL,1.00000000,2009-02-27 10:52:08.360,100,050-02,Unattended Machining,W,NULL,NULL,N,0.00000000,1.00000000,2009-05-04 09:00:00.000,2009-05-04 09:00:00.000,2022-05-21 06:32:39.123,72
X,C,CO-004198,NULL,1.00000000,2008-12-30 09:43:57.120,100,050-02,Unattended Machining,W,NULL,NULL,N,0.00000000,1.00000000,2009-05-04 09:00:00.000,2009-05-04 09:00:00.000,2022-05-21 06:32:39.123,73
X,C,CO-004198,NULL,1.00000000,2009-02-27 10:52:08.360,100,050-02,Unattended Machining,W,NULL,NULL,N,0.00000000,1.00000000,2009-05-05 16:00:00.000,2009-05-05 16:00:00.000,2022-05-21 06:32:39.123,74
X,C,CO-004198,NULL,1.00000000,2008-12-30 09:43:57.120,100,050-02,Unattended Machining,W,NULL,NULL,N,0.00000000,1.00000000,2009-05-05 16:00:00.000,2009-05-05 16:00:00.000,2022-05-21 06:32:39.123,75
X,C,CO-004198,NULL,1.00000000,2009-02-27 10:52:08.360,350,350-GRP,Wire EDM Group,G,NULL,NULL,Y,0.00000000,1.00000000,2009-05-05 16:00:00.000,2009-05-05 16:00:00.000,2022-05-21 06:32:39.123,76
X,C,CO-004198,NULL,1.00000000,2008-12-30 09:43:57.120,350,350-GRP,Wire EDM Group,G,NULL,NULL,Y,0.00000000,1.00000000,2009-05-05 16:00:00.000,2009-05-05 16:00:00.000,2022-05-21 06:32:39.123,77
X,C,CO-004198,NULL,1.00000000,2009-02-27 10:52:08.360,350,350-GRP,Wire EDM Group,G,NULL,NULL,N,0.00000000,1.00000000,2009-05-04 09:00:00.000,2009-05-04 09:00:00.000,2022-05-21 06:32:39.123,78
X,C,CO-004198,NULL,1.00000000,2008-12-30 09:43:57.120,350,350-GRP,Wire EDM Group,G,NULL,NULL,N,0.00000000,1.00000000,2009-05-04 09:00:00.000,2009-05-04 09:00:00.000,2022-05-21 06:32:39.123,79
X,C,CO-004198,NULL,1.00000000,2009-02-27 10:52:08.360,400,350-03,Unattended Wire EDM,W,NULL,NULL,N,0.00000000,1.00000000,2009-05-04 09:00:00.000,2009-05-04 09:00:00.000,2022-05-21 06:32:39.123,80
X,C,CO-004198,NULL,1.00000000,2008-12-30 09:43:57.120,400,350-03,Unattended Wire EDM,W,NULL,NULL,N,0.00000000,1.00000000,2009-05-04 09:00:00.000,2009-05-04 09:00:00.000,2022-05-21 06:32:39.123,81
X,C,CO-004198,NULL,1.00000000,2009-02-27 10:52:08.360,400,350-03,Unattended Wire EDM,W,NULL,NULL,Y,0.00000000,1.00000000,2009-05-05 16:00:00.000,2009-05-05 16:00:00.000,2022-05-21 06:32:39.123,82
X,C,CO-004198,NULL,1.00000000,2008-12-30 09:43:57.120,400,350-03,Unattended Wire EDM,W,NULL,NULL,Y,0.00000000,1.00000000,2009-05-05 16:00:00.000,2009-05-05 16:00:00.000,2022-05-21 06:32:39.123,83
X,C,CO-004198,NULL,1.00000000,2009-02-27 10:52:08.360,500,100-GRP,Small Press Coil Fed,G,NULL,NULL,Y,0.00000000,1.00000000,2009-05-05 16:00:00.000,2009-05-05 17:50:00.000,2022-05-21 06:32:39.123,84
X,C,CO-004198,NULL,1.00000000,2008-12-30 09:43:57.120,500,100-GRP,Small Press Coil Fed,G,NULL,NULL,Y,0.00000000,1.00000000,2009-05-05 16:00:00.000,2009-05-05 17:50:00.000,2022-05-21 06:32:39.123,85
X,C,CO-004198,NULL,1.00000000,2009-02-27 10:52:08.360,500,100-GRP,Small Press Coil Fed,G,NULL,NULL,Y,0.00000000,1.00000000,2009-05-04 09:00:00.000,2009-05-04 10:50:00.000,2022-05-21 06:32:39.123,86
X,C,CO-004198,NULL,1.00000000,2008-12-30 09:43:57.120,500,100-GRP,Small Press Coil Fed,G,NULL,NULL,Y,0.00000000,1.00000000,2009-05-04 09:00:00.000,2009-05-04 10:50:00.000,2022-05-21 06:32:39.123,87
X,C,CO-004198,NULL,1.00000000,2009-02-27 10:52:08.360,600,252-GRP,Final Inspection Group,G,NULL,NULL,N,0.00000000,1.00000000,2009-05-05 18:00:00.000,2009-05-05 19:50:00.000,2022-05-21 06:32:39.123,88
X,C,CO-004198,NULL,1.00000000,2008-12-30 09:43:57.120,600,252-GRP,Final Inspection Group,G,NULL,NULL,N,0.00000000,1.00000000,2009-05-05 18:00:00.000,2009-05-05 19:50:00.000,2022-05-21 06:32:39.123,89
X,C,CO-004198,NULL,1.00000000,2009-02-27 10:52:08.360,600,252-GRP,Final Inspection Group,G,NULL,NULL,N,0.00000000,1.00000000,2009-05-04 11:00:00.000,2009-05-04 12:50:00.000,2022-05-21 06:32:39.123,90
X,C,CO-004198,NULL,1.00000000,2008-12-30 09:43:57.120,600,252-GRP,Final Inspection Group,G,NULL,NULL,N,0.00000000,1.00000000,2009-05-04 11:00:00.000,2009-05-04 12:50:00.000,2022-05-21 06:32:39.123,91
X,C,CO-004198,NULL,1.00000000,2009-02-27 10:52:08.360,700,300-GRP,Die Shop Tryout,G,NULL,NULL,N,0.00000000,1.00000000,2009-05-04 13:00:00.000,2009-05-04 13:00:00.000,2022-05-21 06:32:39.123,92
X,C,CO-004198,NULL,1.00000000,2008-12-30 09:43:57.120,700,300-GRP,Die Shop Tryout,G,NULL,NULL,N,0.00000000,1.00000000,2009-05-04 13:00:00.000,2009-05-04 13:00:00.000,2022-05-21 06:32:39.123,93
X,C,CO-004198,NULL,1.00000000,2009-02-27 10:52:08.360,700,300-GRP,Die Shop Tryout,G,NULL,NULL,N,0.00000000,1.00000000,2009-05-05 20:00:00.000,2009-05-05 20:00:00.000,2022-05-21 06:32:39.123,94
X,C,CO-004198,NULL,1.00000000,2008-12-30 09:43:57.120,700,300-GRP,Die Shop Tryout,G,NULL,NULL,N,0.00000000,1.00000000,2009-05-05 20:00:00.000,2009-05-05 20:00:00.000,2022-05-21 06:32:39.123,95
X,C,CO-004198,NULL,1.00000000,2009-02-27 10:52:08.360,900,OUTSIDE_SERVICE,Outside Service,C,NULL,NULL,N,0.00000000,1.00000000,2009-05-04 13:00:00.000,2009-05-04 13:00:00.000,2022-05-21 06:32:39.123,96
X,C,CO-004198,NULL,1.00000000,2008-12-30 09:43:57.120,900,OUTSIDE_SERVICE,Outside Service,C,NULL,NULL,N,0.00000000,1.00000000,2009-05-04 13:00:00.000,2009-05-04 13:00:00.000,2022-05-21 06:32:39.123,97
X,C,CO-004198,NULL,1.00000000,2009-02-27 10:52:08.360,900,OUTSIDE_SERVICE,Outside Service,C,NULL,NULL,N,0.00000000,1.00000000,2009-05-05 20:00:00.000,2009-05-05 20:00:00.000,2022-05-21 06:32:39.123,98
X,C,CO-004198,NULL,1.00000000,2008-12-30 09:43:57.120,900,OUTSIDE_SERVICE,Outside Service,C,NULL,NULL,N,0.00000000,1.00000000,2009-05-05 20:00:00.000,2009-05-05 20:00:00.000,2022-05-21 06:32:39.123,99
X,C,CO-004552,NULL,1.00000000,2009-02-24 09:58:27.343,100,050-02,Unattended Machining,W,NULL,NULL,N,0.00000000,1.00000000,2010-01-26 20:30:00.000,2010-01-26 20:30:00.000,2022-05-21 06:32:39.123,100
X,R,WO-045455,NULL,1.00000000,2022-08-02 06:14:47.837,50,050-GRP,Shop Group,G,NULL,NULL,Y,0.00000000,1.00000000,2023-03-08 07:10:00.000,2023-03-15 07:00:00.000,2022-08-11 08:22:24.027,1
X,R,WO-010880,NULL,1.00000000,2009-01-29 08:53:15.047,80,880-GRP,Manual Finish Group,G,NULL,NULL,Y,0.00000000,1.00000000,2008-10-31 00:00:00.000,2008-10-31 00:00:00.000,2008-06-09 00:00:00.000,2
X,U,CO-068451-SAM,NULL,3.00000000,2023-06-01 14:21:19.103,10,100-1807,Press Room 200 Ton Minster,W,NULL,NULL,N,0.00000000,3.00000000,NULL,NULL,2023-06-20 08:19:14.650,1
X,U,CO-068451-SAM,NULL,3.00000000,2023-06-01 14:21:19.103,5,500-GRP,Die Maintenance,G,NULL,NULL,N,0.00000000,1.00000000,NULL,NULL,2023-06-20 08:19:14.540,2
X,X,WO-070475,22-77723-075-Raw,25.00000000,2026-05-26 07:22:32.310,5,500-GRP,Die Maintenance,G,NULL,NULL,N,0.00000000,1.00000000,2026-05-22 00:00:00.000,2026-05-22 00:00:00.000,2026-05-26 07:22:32.343,1
X,X,WO-070475,22-77723-075-Raw,25.00000000,2026-05-26 07:22:32.310,19,V100-33,Press Room 440 Ton Seyi,W,NULL,NULL,Y,0.00000000,25.00000000,2026-05-22 00:00:00.000,2026-05-22 00:10:00.000,2026-05-26 07:22:32.343,2
X,X,WO-070564,24 090 47,40000.00000000,2026-04-22 07:23:23.360,5,500-GRP,Die Maintenance,G,NULL,NULL,N,0.00000000,1.00000000,NULL,NULL,2026-04-22 07:23:23.377,3
X,X,WO-070564,24 090 47,40000.00000000,2026-04-22 07:23:23.360,10,100-1806,Press Room 200 Ton Minster,W,NULL,NULL,N,0.00000000,40000.00000000,NULL,NULL,2026-04-22 07:23:23.377,4
X,X,WO-070564,24 090 47,40000.00000000,2026-04-22 07:23:23.360,900,OUTSIDE_SERVICE,Outside Service,C,NULL,NULL,N,0.00000000,40000.00000000,NULL,NULL,2026-04-22 07:23:23.377,5
X,X,WO-069867,A0003883721,0.00000000,2026-04-09 09:44:29.190,5,880-GRP,Manual Finish Group,G,NULL,NULL,Y,1.00000000,1.00000000,2026-03-27 00:00:00.000,2026-03-27 00:00:00.000,2026-04-09 09:44:29.580,6
X,X,WO-068065,24733460-PKG,50.00000000,2026-03-26 08:08:55.557,5,500-GRP,Die Maintenance,G,NULL,NULL,Y,0.00000000,1.00000000,2026-06-15 23:50:00.000,2026-06-15 23:50:00.000,2026-03-26 08:08:55.587,7
X,X,WO-068065,24733460-PKG,50.00000000,2026-03-26 08:08:55.557,10,V100-33,Press Room 440 Ton Seyi,W,NULL,NULL,Y,50.00000000,50.00000000,NULL,NULL,2026-03-26 08:08:55.587,8
X,X,WO-068065,24733460-PKG,50.00000000,2026-03-26 08:08:55.557,19,V120-05,Auto Rivet Machine,W,NULL,NULL,Y,50.00000000,50.00000000,2026-01-07 22:30:00.000,2026-01-07 23:40:00.000,2026-03-26 08:08:55.587,9
X,X,WO-068065,24733460-PKG,50.00000000,2026-03-26 08:08:55.557,20,OUTSIDE_SERVICE,Outside Service,C,NULL,NULL,N,0.00000000,50.00000000,2026-06-15 23:50:00.000,2026-06-15 23:50:00.000,2026-03-26 08:08:55.587,10
X,X,WO-069184,24436346,4.00000000,2026-03-25 13:06:02.373,5,500-GRP,Die Maintenance,G,NULL,NULL,N,0.00000000,1.00000000,2026-03-19 00:00:00.000,2026-03-19 00:00:00.000,2026-03-25 13:06:02.390,11
X,X,WO-069184,24436346,4.00000000,2026-03-25 13:06:02.373,10,060-02,Laser - Bystronic 12K,W,NULL,NULL,Y,4.00000000,4.00000000,NULL,NULL,2026-03-25 13:06:02.390,12
X,X,WO-069184,24436346,4.00000000,2026-03-25 13:06:02.373,30,100-24,Press Room 800 Ton,W,NULL,NULL,Y,4.00000000,4.00000000,NULL,NULL,2026-03-25 13:06:02.390,13
X,X,WO-069184,24436346,4.00000000,2026-03-25 13:06:02.373,70,252-01,Final Inspection ,W,NULL,NULL,Y,4.00000000,4.00000000,NULL,NULL,2026-03-25 13:06:02.390,14
X,X,WO-069184,24436346,4.00000000,2026-03-25 13:06:02.373,900,OUTSIDE_SERVICE,Outside Service,C,NULL,NULL,N,0.00000000,4.00000000,2026-03-19 00:00:00.000,2026-03-19 00:00:00.000,2026-03-25 13:06:02.390,15
X,X,WO-069159,24436279,4.00000000,2026-03-25 13:02:45.250,5,500-GRP,Die Maintenance,G,NULL,NULL,N,0.00000000,1.00000000,2026-03-19 00:00:00.000,2026-03-19 00:00:00.000,2026-03-25 13:02:45.267,16
X,X,WO-069159,24436279,4.00000000,2026-03-25 13:02:45.250,30,100-24,Press Room 800 Ton,W,NULL,NULL,Y,4.00000000,4.00000000,NULL,NULL,2026-03-25 13:02:45.267,17
X,X,WO-069159,24436279,4.00000000,2026-03-25 13:02:45.250,70,252-01,Final Inspection ,W,NULL,NULL,Y,4.00000000,4.00000000,NULL,NULL,2026-03-25 13:02:45.267,18
X,X,WO-069159,24436279,4.00000000,2026-03-25 13:02:45.250,900,OUTSIDE_SERVICE,Outside Service,C,NULL,NULL,N,0.00000000,4.00000000,2026-03-19 00:00:00.000,2026-03-19 00:00:00.000,2026-03-25 13:02:45.267,19
X,X,WO-068125,24409486,5.00000000,2026-03-25 13:00:11.977,5,500-GRP,Die Maintenance,G,NULL,NULL,N,0.00000000,1.00000000,2026-03-19 00:00:00.000,2026-03-19 00:00:00.000,2026-03-25 13:00:12.007,20
X,X,WO-068125,24409486,5.00000000,2026-03-25 13:00:11.977,10,060-02,Laser - Bystronic 12K,W,NULL,NULL,Y,5.00000000,5.00000000,2026-01-15 03:10:00.000,2026-01-15 03:10:00.000,2026-03-25 13:00:12.007,21
X,X,WO-068125,24409486,5.00000000,2026-03-25 13:00:11.977,30,100-24,Press Room 800 Ton,W,NULL,NULL,Y,5.00000000,5.00000000,2026-02-12 14:00:00.000,2026-02-12 18:00:00.000,2026-03-25 13:00:12.007,22
X,X,WO-068125,24409486,5.00000000,2026-03-25 13:00:11.977,70,OUTSIDE_SERVICE,Outside Service,C,NULL,NULL,N,0.00000000,4.00000000,2026-03-19 00:00:00.000,2026-03-19 00:00:00.000,2026-03-25 12:59:56.757,23
X,X,WO-069835,A0004166146,0.00000000,2026-03-23 08:50:52.110,5,500-GRP,Die Maintenance,G,NULL,NULL,N,0.00000000,1.00000000,NULL,NULL,2026-03-23 08:50:52.143,24
X,X,WO-069835,A0004166146,0.00000000,2026-03-23 08:50:52.110,19,120-04,Haeger 824 MSP-5e Automated Cell,W,NULL,NULL,Y,0.00000000,0.00000000,NULL,NULL,2026-03-23 08:50:52.143,25
X,X,CO-080939,NULL,1.00000000,2026-03-12 12:59:49.060,10,990-GRP,Engineering Group,G,NULL,NULL,N,0.00000000,1.00000000,2026-03-12 00:00:00.000,2026-03-12 00:00:00.000,2026-03-12 12:59:49.093,26
X,X,CO-080939,NULL,1.00000000,2026-03-12 12:59:49.060,15,Materials,Materials,W,NULL,NULL,N,0.00000000,1.00000000,2026-03-12 00:00:00.000,2026-03-12 00:00:00.000,2026-03-12 12:59:49.093,27
X,X,CO-080939,NULL,1.00000000,2026-03-12 12:59:49.060,20,020-01,Waterjet - Flow M3 4020B,W,NULL,NULL,N,0.00000000,1.00000000,2026-03-12 00:00:00.000,2026-03-12 00:00:00.000,2026-03-12 12:59:49.093,28
X,X,CO-080939,NULL,1.00000000,2026-03-12 12:59:49.060,50,050-GRP,Shop Group,G,NULL,NULL,N,0.00000000,1.00000000,2026-03-12 00:00:00.000,2026-03-12 00:00:00.000,2026-03-12 12:59:49.093,29
X,X,CO-080939,NULL,1.00000000,2026-03-12 12:59:49.060,100,050-02,Unattended Machining,W,NULL,NULL,N,0.00000000,1.00000000,2026-03-12 00:00:00.000,2026-03-12 00:00:00.000,2026-03-12 12:59:49.093,30
X,X,CO-080939,NULL,1.00000000,2026-03-12 12:59:49.060,350,350-GRP,Wire EDM Group,G,NULL,NULL,N,0.00000000,1.00000000,2026-03-12 00:00:00.000,2026-03-12 00:00:00.000,2026-03-12 12:59:49.093,31
X,X,CO-080939,NULL,1.00000000,2026-03-12 12:59:49.060,400,350-03,Unattended Wire EDM,W,NULL,NULL,N,0.00000000,1.00000000,2026-03-12 00:00:00.000,2026-03-12 00:00:00.000,2026-03-12 12:59:49.093,32
X,X,CO-080939,NULL,1.00000000,2026-03-12 12:59:49.060,500,100-GRP,Small Press Coil Fed,G,NULL,NULL,N,0.00000000,1.00000000,2026-03-12 00:00:00.000,2026-03-12 00:00:00.000,2026-03-12 12:59:49.093,33
X,X,CO-080939,NULL,1.00000000,2026-03-12 12:59:49.060,600,252-GRP,Final Inspection Group,G,NULL,NULL,N,0.00000000,1.00000000,2026-03-12 00:00:00.000,2026-03-12 00:00:00.000,2026-03-12 12:59:49.093,34
X,X,CO-080939,NULL,1.00000000,2026-03-12 12:59:49.060,700,300-GRP,Die Shop Tryout,G,NULL,NULL,N,0.00000000,1.00000000,2026-03-12 00:00:00.000,2026-03-12 00:00:00.000,2026-03-12 12:59:49.093,35
X,X,CO-080939,NULL,1.00000000,2026-03-12 12:59:49.060,900,OUTSIDE_SERVICE,Outside Service,C,NULL,NULL,N,0.00000000,1.00000000,2026-03-12 00:00:00.000,2026-03-12 00:00:00.000,2026-03-12 12:59:49.093,36
X,X,CO-080939,NULL,1.00000000,2026-03-12 12:59:49.060,901,253-GRP,In-Process Inspection Group,G,NULL,NULL,N,0.00000000,1.00000000,2026-03-12 00:00:00.000,2026-03-12 00:00:00.000,2026-03-12 12:59:49.093,37
X,X,WO-068833,22-74371-050,25.00000000,2026-03-11 10:37:57.960,5,500-GRP,Die Maintenance,G,NULL,NULL,N,0.00000000,1.00000000,2026-03-05 00:00:00.000,2026-03-05 00:00:00.000,2026-03-11 10:37:58.003,38
X,X,WO-068833,22-74371-050,25.00000000,2026-03-11 10:37:57.960,19,V100-33,Press Room 440 Ton Seyi,W,NULL,NULL,Y,25.00000000,25.00000000,NULL,NULL,2026-03-11 10:37:58.003,39
X,X,WO-069250,A0003883721,0.00000000,2026-03-10 08:52:27.870,5,500-GRP,Die Maintenance,G,NULL,NULL,Y,0.00000000,1.00000000,2026-03-05 00:00:00.000,2026-03-05 00:00:00.000,2026-03-10 08:52:27.887,40
X,X,WO-068430,A0003702490,0.00000000,2026-03-01 09:21:19.683,5,500-GRP,Die Maintenance,G,NULL,NULL,Y,0.00000000,1.00000000,2026-02-27 00:00:00.000,2026-02-27 00:00:00.000,2026-03-01 09:21:19.777,41
X,X,WO-068430,A0003702490,0.00000000,2026-03-01 09:21:19.683,19,100-12,Press Room 440 Ton Seyi,W,NULL,NULL,Y,0.00000000,0.00000000,2026-02-27 00:00:00.000,2026-02-27 02:00:00.000,2026-03-01 09:21:19.777,42
X,X,WO-067058,715,0.00000000,2026-02-24 13:23:38.037,5,500-GRP,Die Maintenance,G,NULL,NULL,Y,0.00000000,1.00000000,2026-02-19 00:00:00.000,2026-02-19 00:00:00.000,2026-02-24 13:23:38.050,43
X,X,WO-067058,715,0.00000000,2026-02-24 13:23:38.037,19,100-31,Press Room 1100 ton SEYI,W,NULL,NULL,Y,0.00000000,0.00000000,2026-02-19 00:00:00.000,2026-02-19 02:00:00.000,2026-02-24 13:23:38.050,44
X,X,WO-066010,24795869-PKG,0.00000000,2026-02-24 13:17:36.257,5,500-GRP,Die Maintenance,G,NULL,NULL,N,0.00000000,1.00000000,2025-10-02 00:00:00.000,2025-10-02 00:00:00.000,2026-02-24 13:17:36.270,45
X,X,WO-066010,24795869-PKG,0.00000000,2026-02-24 13:17:36.257,10,060-02,Laser - Bystronic 12K,W,NULL,NULL,Y,15.00000000,0.00000000,2025-09-26 05:50:00.000,2025-09-26 07:00:00.000,2026-02-24 13:17:36.270,46
X,X,WO-066010,24795869-PKG,0.00000000,2026-02-24 13:17:36.257,15,100-30,Press (Multicell),W,NULL,NULL,Y,15.00000000,0.00000000,2025-09-26 09:50:00.000,2025-09-26 09:50:00.000,2026-02-24 13:17:36.270,47
X,X,WO-066010,24795869-PKG,0.00000000,2026-02-24 13:17:36.257,20,100-29,E-Brake Premium III Series,W,NULL,NULL,Y,0.00000000,0.00000000,2025-10-02 04:30:00.000,2025-10-02 05:40:00.000,2026-02-24 13:17:36.270,48
X,X,WO-064662,24795869-PKG,0.00000000,2026-02-24 13:04:41.753,5,500-GRP,Die Maintenance,G,NULL,NULL,N,0.00000000,1.00000000,2025-09-18 00:00:00.000,2025-09-18 00:00:00.000,2026-02-24 13:04:41.783,49
X,X,WO-064662,24795869-PKG,0.00000000,2026-02-24 13:04:41.753,10,060-02,Laser - Bystronic 12K,W,NULL,NULL,Y,14.00000000,0.00000000,2025-09-18 01:40:00.000,2025-09-18 01:40:00.000,2026-02-24 13:04:41.783,50
X,X,WO-064662,24795869-PKG,0.00000000,2026-02-24 13:04:41.753,15,100-30,Press (Multicell),W,NULL,NULL,Y,14.00000000,0.00000000,2025-09-18 07:00:00.000,2025-09-18 07:00:00.000,2026-02-24 13:04:41.783,51
X,X,WO-064662,24795869-PKG,0.00000000,2026-02-24 13:04:41.753,20,100-29,E-Brake Premium III Series,W,NULL,NULL,Y,0.00000000,0.00000000,2025-09-18 07:10:00.000,2025-09-18 08:30:00.000,2026-02-24 13:04:41.783,52
X,X,WO-064662,24795869-PKG,0.00000000,2026-02-24 13:04:41.753,70,252-01,Final Inspection ,W,NULL,NULL,Y,0.00000000,0.00000000,2025-09-18 08:40:00.000,2025-09-18 08:40:00.000,2026-02-24 13:04:41.783,53
X,X,WO-064662,24795869-PKG,0.00000000,2026-02-24 13:04:41.753,900,OUTSIDE_SERVICE,Outside Service,C,NULL,NULL,Y,0.00000000,0.00000000,2025-09-18 08:40:00.000,2025-09-18 08:40:00.000,2026-02-24 13:04:41.783,54
X,X,WO-068693,HXE186089,1.00000000,2026-02-24 09:17:18.463,5,500-GRP,Die Maintenance,G,NULL,NULL,Y,0.00000000,1.00000000,2026-02-19 00:00:00.000,2026-02-19 00:00:00.000,2026-02-24 09:17:18.493,55
X,X,WO-068693,HXE186089,1.00000000,2026-02-24 09:17:18.463,10,100-12,Press Room 440 Ton Seyi,W,NULL,NULL,N,0.00000000,1.00000000,2026-02-19 02:20:00.000,2026-02-19 04:20:00.000,2026-02-24 09:17:18.493,56
X,X,WO-068693,HXE186089,1.00000000,2026-02-24 09:17:18.463,900,OUTSIDE_SERVICE,Outside Service,C,NULL,NULL,N,0.00000000,1.00000000,2026-02-19 04:30:00.000,2026-02-19 04:30:00.000,2026-02-24 09:17:18.493,57
X,X,WO-068693,HXE186089,1.00000000,2026-02-24 09:17:18.463,910,880-PAK,Manual Finish Packaging,W,NULL,NULL,N,0.00000000,1.00000000,2026-02-19 04:30:00.000,2026-02-19 04:30:00.000,2026-02-24 09:17:18.493,58
X,X,WO-068681,A0004166146,3000.00000000,2026-02-19 08:37:28.487,5,500-GRP,Die Maintenance,G,NULL,NULL,N,0.00000000,1.00000000,2026-02-19 00:00:00.000,2026-02-19 00:00:00.000,2026-02-19 08:37:28.517,59
X,X,WO-068681,A0004166146,3000.00000000,2026-02-19 08:37:28.487,19,120-04,Haeger 824 MSP-5e Automated Cell,W,NULL,NULL,Y,0.00000000,3000.00000000,2026-02-19 00:00:00.000,2026-02-23 17:20:00.000,2026-02-19 08:37:28.517,60
X,X,WO-068483,22-73639-040-Blank,0.00000000,2026-02-18 10:28:27.563,5,500-GRP,Die Maintenance,G,NULL,NULL,Y,0.00000000,1.00000000,2026-02-12 00:00:00.000,2026-02-12 00:00:00.000,2026-02-18 10:28:27.597,61
X,X,WO-068483,22-73639-040-Blank,0.00000000,2026-02-18 10:28:27.563,19,V100-32,Press Room 660 Ton Seyi,W,NULL,NULL,Y,0.00000000,0.00000000,2026-02-12 00:00:00.000,2026-02-12 01:00:00.000,2026-02-18 10:28:27.597,62
X,X,WO-068126,24436279,6.00000000,2026-02-13 13:32:15.520,5,500-GRP,Die Maintenance,G,NULL,NULL,N,0.00000000,1.00000000,2026-02-12 00:00:00.000,2026-02-12 00:00:00.000,2026-02-13 13:32:15.547,63
X,X,WO-068126,24436279,6.00000000,2026-02-13 13:32:15.520,10,060-02,Laser - Bystronic 12K,W,NULL,NULL,Y,0.00000000,6.00000000,2026-02-12 01:10:00.000,2026-02-12 01:10:00.000,2026-02-13 13:32:15.547,64
X,X,WO-068126,24436279,6.00000000,2026-02-13 13:32:15.520,30,100-24,Press Room 800 Ton,W,NULL,NULL,N,0.00000000,6.00000000,2026-02-12 18:10:00.000,2026-02-12 22:20:00.000,2026-02-13 13:32:15.547,65
X,X,WO-068126,24436279,6.00000000,2026-02-13 13:32:15.520,70,252-01,Final Inspection ,W,NULL,NULL,N,0.00000000,6.00000000,2026-02-12 22:30:00.000,2026-02-12 22:30:00.000,2026-02-13 13:32:15.547,66
X,X,WO-068742,A0006876776,0.00000000,2026-01-28 12:54:11.080,10,880-GRP,Manual Finish Group,G,NULL,NULL,Y,0.00000000,0.00000000,NULL,NULL,2026-01-28 12:54:11.093,67
X,X,WO-063444,NULL,0.00000000,2026-01-23 09:33:08.087,10,990-GRP,Engineering Group,G,NULL,NULL,Y,0.00000000,0.00000000,2026-01-23 00:00:00.000,2026-01-23 00:00:00.000,2026-01-23 09:33:08.100,68
X,X,WO-063444,NULL,0.00000000,2026-01-23 09:33:08.087,15,Materials,Materials,W,NULL,NULL,N,0.00000000,1.00000000,2026-01-23 00:00:00.000,2026-01-23 00:00:00.000,2026-01-23 09:33:08.100,69
X,X,WO-063444,NULL,0.00000000,2026-01-23 09:33:08.087,20,020-01,Waterjet - Flow M3 4020B,W,NULL,NULL,Y,0.00000000,0.00000000,2026-01-23 00:00:00.000,2026-01-23 00:00:00.000,2026-01-23 09:33:08.100,70
X,X,WO-063444,NULL,0.00000000,2026-01-23 09:33:08.087,50,050-GRP,Shop Group,G,NULL,NULL,Y,0.00000000,0.00000000,2026-01-26 16:00:00.000,2026-01-30 19:50:00.000,2026-01-23 09:33:08.100,71
X,X,WO-063444,NULL,0.00000000,2026-01-23 09:33:08.087,100,050-02,Unattended Machining,W,NULL,NULL,Y,0.00000000,0.00000000,2026-01-30 20:00:00.000,2026-01-30 20:00:00.000,2026-01-23 09:33:08.100,72
X,X,WO-063444,NULL,0.00000000,2026-01-23 09:33:08.087,350,350-GRP,Wire EDM Group,G,NULL,NULL,Y,0.00000000,0.00000000,2026-01-30 20:00:00.000,2026-01-30 20:00:00.000,2026-01-23 09:33:08.100,73
X,X,WO-063444,NULL,0.00000000,2026-01-23 09:33:08.087,400,350-03,Unattended Wire EDM,W,NULL,NULL,Y,0.00000000,0.00000000,2026-01-30 20:00:00.000,2026-01-30 20:00:00.000,2026-01-23 09:33:08.100,74
X,X,WO-063444,NULL,0.00000000,2026-01-23 09:33:08.087,500,100-GRP,Small Press Coil Fed,G,NULL,NULL,Y,0.00000000,0.00000000,2026-01-30 20:00:00.000,2026-01-30 20:00:00.000,2026-01-23 09:33:08.100,75
X,X,WO-063444,NULL,0.00000000,2026-01-23 09:33:08.087,600,252-GRP,Final Inspection Group,G,NULL,NULL,Y,0.00000000,0.00000000,2026-01-30 20:00:00.000,2026-01-30 20:00:00.000,2026-01-23 09:33:08.100,76
X,X,WO-063444,NULL,0.00000000,2026-01-23 09:33:08.087,700,300-GRP,Die Shop Tryout,G,NULL,NULL,Y,0.00000000,0.00000000,2026-01-30 20:00:00.000,2026-01-30 20:00:00.000,2026-01-23 09:33:08.100,77
X,X,WO-063444,NULL,0.00000000,2026-01-23 09:33:08.087,900,OUTSIDE_SERVICE,Outside Service,C,NULL,NULL,Y,12.00000000,12.00000000,2025-07-14 23:50:00.000,2025-07-14 23:50:00.000,2026-01-23 09:33:08.100,78
X,X,WO-063444,NULL,0.00000000,2026-01-23 09:33:08.087,901,253-GRP,In-Process Inspection Group,G,NULL,NULL,Y,0.00000000,0.00000000,2026-01-30 20:00:00.000,2026-01-30 20:00:00.000,2026-01-23 09:33:08.100,79
X,X,WO-063444,NULL,0.00000000,2026-01-23 09:33:08.087,911,OUTSIDE_SERVICE,Outside Service,C,NULL,NULL,Y,11.00000000,11.00000000,NULL,NULL,2026-01-23 09:33:08.100,80
X,X,WO-063444,NULL,0.00000000,2026-01-23 09:33:08.087,921,OUTSIDE_SERVICE,Outside Service,C,NULL,NULL,Y,7.00000000,7.00000000,NULL,NULL,2026-01-23 09:33:08.100,81
X,X,WO-063444,NULL,0.00000000,2026-01-23 09:33:08.087,931,OUTSIDE_SERVICE,Outside Service,C,NULL,NULL,N,16.00000000,34.00000000,2026-01-30 20:00:00.000,2026-01-30 20:00:00.000,2026-01-23 09:33:08.100,82
X,X,WO-063444,NULL,0.00000000,2026-01-23 09:33:08.087,941,OUTSIDE_SERVICE,Outside Service,C,NULL,NULL,Y,16.00000000,16.00000000,NULL,NULL,2026-01-23 09:33:08.100,83
X,X,WO-068477,139014203,0.00000000,2026-01-20 15:04:06.830,5,500-GRP,Die Maintenance,G,NULL,NULL,Y,0.00000000,1.00000000,NULL,NULL,2026-01-20 15:04:06.847,84
X,X,WO-067509,139524,0.00000000,2026-01-08 21:08:31.403,5,500-GRP,Die Maintenance,G,NULL,NULL,Y,0.00000000,1.00000000,2026-01-08 00:00:00.000,2026-01-08 00:00:00.000,2026-01-08 21:08:31.437,85
X,X,WO-067509,139524,0.00000000,2026-01-08 21:08:31.403,10,100-12,Press Room 440 Ton Seyi,W,NULL,NULL,Y,0.00000000,0.00000000,2026-01-08 00:00:00.000,2026-01-08 04:00:00.000,2026-01-08 21:08:31.437,86
X,X,WO-067509,139524,0.00000000,2026-01-08 21:08:31.403,70,252-01,Final Inspection ,W,NULL,NULL,Y,0.00000000,0.00000000,2026-01-08 04:10:00.000,2026-01-08 08:10:00.000,2026-01-08 21:08:31.437,87
X,X,WO-068251,510-47001PA,1000.00000000,2026-01-06 07:29:07.270,5,500-GRP,Die Maintenance,G,NULL,NULL,N,0.00000000,1.00000000,NULL,NULL,2026-01-06 07:29:07.287,88
X,X,WO-068251,510-47001PA,1000.00000000,2026-01-06 07:29:07.270,10,060-03,Laser - Bystronic 12K,W,NULL,NULL,N,0.00000000,1000.00000000,NULL,NULL,2026-01-06 07:29:07.287,89
X,X,WO-068251,510-47001PA,1000.00000000,2026-01-06 07:29:07.270,19,100-29,E-Brake Premium III Series,W,NULL,NULL,N,0.00000000,1000.00000000,NULL,NULL,2026-01-06 07:29:07.287,90
X,X,WO-067312,A0006873401-Blank,0.00000000,2025-12-26 14:08:30.040,5,500-GRP,Die Maintenance,G,NULL,NULL,Y,0.00000000,1.00000000,2025-12-18 00:00:00.000,2025-12-18 00:00:00.000,2025-12-26 14:08:30.057,91
X,X,WO-067483,A0004166146-Blank,0.00000000,2025-12-23 06:15:30.567,5,500-GRP,Die Maintenance,G,NULL,NULL,Y,0.00000000,1.00000000,2025-12-18 00:00:00.000,2025-12-18 00:00:00.000,2025-12-23 06:15:30.583,92
X,X,WO-067483,A0004166146-Blank,0.00000000,2025-12-23 06:15:30.567,19,100-15,Press Room 660 Ton Seyi,W,NULL,NULL,Y,0.00000000,0.00000000,2025-12-18 02:10:00.000,2025-12-19 11:10:00.000,2025-12-23 06:15:30.583,93
X,X,WO-067563,A0003702490,0.00000000,2025-12-19 10:11:32.610,5,500-GRP,Die Maintenance,G,NULL,NULL,Y,0.00000000,1.00000000,2025-12-24 21:40:00.000,2025-12-24 21:40:00.000,2025-12-19 10:11:32.627,94
X,X,WO-067563,A0003702490,0.00000000,2025-12-19 10:11:32.610,19,100-12,Press Room 440 Ton Seyi,W,NULL,NULL,Y,0.00000000,0.00000000,2025-12-24 21:50:00.000,2025-12-24 23:50:00.000,2025-12-19 10:11:32.627,95
X,X,WO-059921,NULL,1.00000000,2025-12-19 07:31:08.800,10,990-GRP,Engineering Group,G,NULL,NULL,N,0.00000000,1.00000000,2025-12-18 00:00:00.000,2025-12-18 00:00:00.000,2025-12-19 07:31:08.830,96
X,X,WO-059921,NULL,1.00000000,2025-12-19 07:31:08.800,15,Materials,Materials,W,NULL,NULL,N,0.00000000,1.00000000,2025-12-18 00:00:00.000,2025-12-18 00:00:00.000,2025-12-19 07:31:08.830,97
X,X,WO-059921,NULL,1.00000000,2025-12-19 07:31:08.800,20,020-01,Waterjet - Flow M3 4020B,W,NULL,NULL,N,0.00000000,1.00000000,2025-12-18 00:00:00.000,2025-12-18 00:00:00.000,2025-12-19 07:31:08.830,98
X,X,WO-059921,NULL,1.00000000,2025-12-19 07:31:08.800,50,050-GRP,Shop Group,G,NULL,NULL,Y,0.00000000,1.00000000,2025-12-19 08:00:00.000,2025-12-19 17:50:00.000,2025-12-19 07:31:08.830,99
X,X,WO-059921,NULL,1.00000000,2025-12-19 07:31:08.800,100,050-02,Unattended Machining,W,NULL,NULL,N,0.00000000,1.00000000,2025-12-19 18:00:00.000,2025-12-19 18:00:00.000,2025-12-19 07:31:08.830,100

(733 rows affected)


Completion time: 2026-05-31T15:50:31.2014543-05:00
