ORDER_ID,OPERATION_SEQ_NO,PIECE_NO,PART_ID,CALC_QTY,QTY_PER,FIXED_QTY,REQUIRED_DATE,SITE_ID,QTY_ON_HAND
WO-042133,10,10,MMF0002006,157.94000000,0.53000000,0.00000000,2028-08-17 00:00:00.000,MTM2,239.00000000
WO-042200,10,10,MMF0000045,82.80000000,6.90000000,0.00000000,2028-08-17 00:00:00.000,MTM2,1166.00000000
WO-042279,19,10,MMF0000392,85.20000000,3.55000000,0.00000000,2026-06-05 00:00:00.000,MTM2,0.00000000
WO-042301,10,10,MMF0002006,162.00000000,0.54000000,0.00000000,2028-08-17 00:00:00.000,MTM2,239.00000000
WO-042328,29,10,MMF0000394,153.00000000,7.65000000,0.00000000,2028-08-15 00:00:00.000,MTM2,80.00000000
WO-044754,19,10,22-77723-200-Blank,22.00000000,1.00000000,0.00000000,2035-06-08 00:00:00.000,MTM2,0.00000000
WO-044755,19,10,22-77723-240-Blank,27.00000000,1.00000000,0.00000000,2035-06-15 00:00:00.000,MTM2,0.00000000
WO-049365,19,10,22-44994-013-Blank,145.00000000,1.00000000,0.00000000,2032-07-16 11:00:00.000,MTM2,4.00000000
WO-054129,10,10,MMF0000844,1.00000000,0.00850000,0.00000000,2026-07-20 12:00:00.000,MTM2,0.00000000
WO-068673,920,10,2487437-PKG,42.00000000,1.00000000,0.00000000,2026-05-29 00:00:00.000,MTM2,44.00000000
WO-068675,920,10,2487860-PKG,50.00000000,1.00000000,0.00000000,2026-05-29 00:40:00.000,MTM2,21.00000000
WO-068805,19,10,MMC0000033,4560.00000000,0.57000000,0.00000000,2026-05-28 15:50:00.000,MTM2,1445.00000000
WO-069131,10,10,MMC0000744,189824.00000000,14.83000000,0.00000000,2026-05-29 00:00:00.000,MTM2,148232.04000000
WO-069132,10,10,MMC0000745,93975.00000000,26.85000000,0.00000000,2026-05-29 01:50:00.000,MTM2,69662.95000000
WO-069149,10,40,24436346,10.00000000,1.00000000,0.00000000,2026-05-29 07:00:00.000,MTM2,15.00000000
WO-069149,10,50,24409486,10.00000000,1.00000000,0.00000000,2026-05-29 07:00:00.000,MTM2,10.00000000
WO-069149,10,60,24436279,10.00000000,1.00000000,0.00000000,2026-05-29 07:00:00.000,MTM2,10.00000000
WO-069149,10,70,995054,40.00000000,4.00000000,0.00000000,2026-05-29 07:00:00.000,MTM2,914.00000000
WO-069149,10,80,990941,40.00000000,4.00000000,0.00000000,2026-05-29 07:00:00.000,MTM2,1857.00000000
WO-069245,10,20,CDFAL081-820,880.00000000,8.00000000,0.00000000,2026-06-02 19:10:00.000,MTM2,2036628.00000000
WO-069245,10,30,FH-173-8,200.00000000,2.00000000,0.00000000,2026-06-02 19:10:00.000,MTM2,41700.00000000
WO-069263,10,10,MMC0000745,161100.00000000,26.85000000,0.00000000,2026-05-29 15:50:00.000,MTM2,69662.95000000
WO-069379,96,10,2481542,1.00000000,1.00000000,0.00000000,2026-06-02 04:40:00.000,MTM2,722.00000000
WO-069379,96,20,2481297,1.00000000,1.00000000,0.00000000,2026-06-02 04:40:00.000,MTM2,668.00000000
WO-069535,10,10,MMCSR00006,504.00000000,3.36000000,0.00000000,2026-06-04 05:40:00.000,MTM2,3580.00000000
WO-069535,10,30,Tooling Not Ready,150.00000000,1.00000000,0.00000000,2026-06-04 05:40:00.000,MTM2,0.00000000
WO-069580,19,10,MMC0000033,5700.00000000,0.57000000,0.00000000,2026-05-28 10:00:00.000,MTM2,1445.00000000
WO-069652,99,10,11058-1951,750.00000000,1.00000000,0.00000000,2026-05-29 00:00:00.000,MTM2,3041.00000000
WO-069652,99,20,11058-1952,750.00000000,1.00000000,0.00000000,2026-05-29 00:00:00.000,MTM2,2570.00000000
WO-069652,99,30,11058-1953,750.00000000,1.00000000,0.00000000,2026-05-29 00:00:00.000,MTM2,2695.00000000
WO-069652,99,40,13061-0692,1500.00000000,2.00000000,0.00000000,2026-05-29 00:00:00.000,MTM2,2310.00000000
WO-069722,19,10,GM102848-1,5000.00000000,1.00000000,0.00000000,2026-05-29 01:30:00.000,MTM2,926.00000000
WO-069722,19,20,GM102848-2,10000.00000000,2.00000000,0.00000000,2026-05-29 01:30:00.000,MTM2,5531.00000000
WO-069722,19,30,GM107144-05,20000.00000000,4.00000000,0.00000000,2026-05-29 01:30:00.000,MTM2,103040.00000000
WO-069736,359,10,32 126 18,75000.00000000,1.00000000,0.00000000,2026-05-29 00:10:00.000,MTM2,33602.00000000
WO-069736,359,20,24 090 47,75000.00000000,1.00000000,0.00000000,2026-05-29 00:10:00.000,MTM2,42781.00000000
WO-069736,359,30,24 090 13-A,75000.00000000,1.00000000,0.00000000,2026-05-29 00:10:00.000,MTM2,7398.00000000
WO-069736,359,40,24 090 05,75000.00000000,1.00000000,0.00000000,2026-05-29 00:10:00.000,MTM2,22526.00000000
WO-069736,359,50,25086398,75000.00000000,1.00000000,0.00000000,2026-05-29 00:10:00.000,MTM2,40806.00000000
WO-069736,359,60,M-547050,75000.00000000,1.00000000,0.00000000,2026-05-29 00:10:00.000,MTM2,35638.00000000
WO-069736,359,70,2446820,75000.00000000,1.00000000,0.00000000,2026-05-29 00:10:00.000,MTM2,35864.00000000
WO-069736,359,80,2411227,75000.00000000,1.00000000,0.00000000,2026-05-29 00:10:00.000,MTM2,14759.00000000
WO-069736,359,100,25086399,75000.00000000,1.00000000,0.00000000,2026-05-29 00:10:00.000,MTM2,34771.00000000
WO-069736,359,120,2446801,75000.00000000,1.00000000,0.00000000,2026-05-29 00:10:00.000,MTM2,36235.00000000
WO-069814,10,10,MMC0000409,52200.00000000,0.45000000,0.00000000,2026-06-04 23:30:00.000,MTM2,58155.00000000
WO-069826,19,10,MMC0000440,21974.40000000,0.56000000,0.00000000,2026-05-29 00:00:00.000,MTM2,15106.76000000
WO-069826,19,20,CH420-10DPGM,117720.00000000,3.00000000,0.00000000,2026-05-29 00:00:00.000,MTM2,284909.00000000
WO-069826,19,30,C420-1-GM,39240.00000000,1.00000000,0.00000000,2026-05-29 00:00:00.000,MTM2,113907.00000000
WO-069881,19,10,MMC0000770,69850.00000000,13.97000000,0.00000000,2026-05-29 00:00:00.000,MTM2,25580.00000000
WO-069945,10,10,22-77723-140-Raw,520.00000000,1.00000000,0.00000000,2026-05-29 00:00:00.000,MTM2,0.00000000
WO-070114,19,10,MMC0000295,5389.58000000,9.59000000,0.00000000,2026-06-02 12:00:00.000,MTM2,-114.66000000
WO-070208,96,10,KK105578,169.00000000,1.00000000,0.00000000,2026-05-29 20:20:00.000,MTM2,374.00000000
WO-070208,96,20,KK106063,169.00000000,1.00000000,0.00000000,2026-05-29 20:20:00.000,MTM2,524.00000000
WO-070208,96,25,KK125249,169.00000000,1.00000000,0.00000000,2026-05-29 20:20:00.000,MTM2,504.00000000
WO-070208,96,30,KK106521,169.00000000,1.00000000,0.00000000,2026-05-29 20:20:00.000,MTM2,5459.00000000
WO-070208,96,40,LVU28697,169.00000000,1.00000000,0.00000000,2026-05-29 20:20:00.000,MTM2,1055.00000000
WO-070231,99,10,13272-4422,1790.00000000,1.00000000,0.00000000,2026-05-26 23:40:00.000,MTM2,2023.00000000
WO-070231,99,20,13272-7556,1790.00000000,1.00000000,0.00000000,2026-05-26 23:40:00.000,MTM2,1302.00000000
WO-070231,99,30,13272-7557,1790.00000000,1.00000000,0.00000000,2026-05-26 23:40:00.000,MTM2,81.00000000
WO-070232,99,10,11058-1887,3900.00000000,2.00000000,0.00000000,2026-06-10 23:50:00.000,MTM2,4869.00000000
WO-070232,99,20,11058-1888,1950.00000000,1.00000000,0.00000000,2026-06-10 23:50:00.000,MTM2,4127.00000000
WO-070232,99,30,32155-7900,1950.00000000,1.00000000,0.00000000,2026-06-10 23:50:00.000,MTM2,1954.00000000
WO-070233,96,10,12-24773-000,2500.00000000,1.00000000,0.00000000,2029-10-05 01:40:00.000,MTM2,1625.00000000
WO-070233,96,20,12-24779-000,2500.00000000,1.00000000,0.00000000,2029-10-05 01:40:00.000,MTM2,1370.00000000
WO-070233,96,30,12-24781-000,2500.00000000,1.00000000,0.00000000,2029-10-05 01:40:00.000,MTM2,340.00000000
WO-070321,19,10,MMC0001000,1886.50000000,5.39000000,0.00000000,2026-05-29 00:00:00.000,MTM2,41391.70000000
WO-070331,10,10,MMF0007125,273.42000000,1.86000000,0.00000000,2026-05-28 19:30:00.000,MTM2,140.00000000
WO-070334,919,10,V-EMB-79,2.00000000,0.05560000,0.00000000,2026-05-29 00:00:00.000,MTM2,101.00000000
WO-070334,919,20,V-EMB-29,2.00000000,0.05560000,0.00000000,2026-05-29 00:00:00.000,MTM2,45.00000000
WO-070334,919,30,V-EMB-9,2.00000000,0.05560000,0.00000000,2026-05-29 00:00:00.000,MTM2,54.00000000
WO-070334,919,40,V-EMB-69,2.00000000,0.05560000,0.00000000,2026-05-29 00:00:00.000,MTM2,168.00000000
WO-070334,919,50,24733490-PKG,18.00000000,1.00000000,0.00000000,2026-05-29 00:00:00.000,MTM2,7.00000000
WO-070364,10,10,MMC0001136,17700.00000000,1.18000000,0.00000000,2026-05-29 00:00:00.000,MTM2,36601.00000000
WO-070385,10,10,MMC0000626,2189.94000000,0.17000000,0.00000000,2026-05-29 03:20:00.000,MTM2,832.21000000
WO-070385,10,20,HFHS-M8-20,64410.00000000,5.00000000,0.00000000,2026-05-29 03:20:00.000,MTM2,2233.00000000
WO-070428,19,10,MMC0000449,3232.32000000,1.04000000,0.00000000,2026-05-29 00:00:00.000,MTM2,0.00000000
WO-070441,10,10,MMF0002009,1170.00000000,0.24000000,0.00000000,2026-12-06 23:50:00.000,MTM2,507.00000000
WO-070491,15,10,24764526,10.00000000,10.00000000,0.00000000,2026-05-29 00:00:00.000,MTM2,9.00000000
WO-070521,10,10,MMC0000669,384.00000000,0.08000000,0.00000000,2026-05-29 06:20:00.000,MTM2,508.00000000
WO-070534,19,10,MMC0000056,32400.00000000,7.20000000,0.00000000,2026-06-01 00:40:00.000,MTM2,115177.00000000
WO-070538,19,10,MMC0000416,13702.00000000,0.62000000,0.00000000,2026-06-03 08:50:00.000,MTM2,0.00000000
WO-070552,19,10,MMC0000735,1109.60000000,1.90000000,0.00000000,2026-05-27 13:00:00.000,MTM2,0.00000000
WO-070565,10,10,MMC0001110,18200.00000000,0.91000000,0.00000000,2026-05-29 01:50:00.000,MTM2,34799.00000000
WO-070567,359,10,22-69103-003,240.00000000,1.00000000,0.00000000,2026-06-05 18:30:00.000,MTM2,14.00000000
WO-070567,359,20,22-69378-000,960.00000000,4.00000000,0.00000000,2026-06-05 18:30:00.000,MTM2,43157.00000000
WO-070567,359,30,22-69378-003,480.00000000,2.00000000,0.00000000,2026-05-28 09:20:00.000,MTM2,4.00000000
WO-070573,19,10,MMC0000939,19920.00000000,16.60000000,0.00000000,2026-06-01 22:20:00.000,MTM2,40850.00000000
WO-070574,19,10,MMC0000939,19920.00000000,16.60000000,0.00000000,2026-06-02 12:20:00.000,MTM2,40850.00000000
WO-070620,19,10,MMC0001025,1376.00000000,3.44000000,0.00000000,2026-05-27 20:20:00.000,MTM2,63505.00000000
WO-070639,19,10,GM107144-01,4596.00000000,1.00000000,0.00000000,2026-06-02 22:40:00.000,MTM2,19232.00000000
WO-070639,19,20,GM107144-02,4596.00000000,1.00000000,0.00000000,2026-06-02 22:40:00.000,MTM2,2656.00000000
WO-070639,19,30,GM107144-03,4596.00000000,1.00000000,0.00000000,2026-06-02 22:40:00.000,MTM2,13466.00000000
WO-070639,19,40,GM107144-04,4596.00000000,1.00000000,0.00000000,2026-06-02 22:40:00.000,MTM2,16640.00000000
WO-070639,19,50,GM107144-05,13788.00000000,3.00000000,0.00000000,2026-06-02 22:40:00.000,MTM2,103040.00000000
WO-070639,19,60,GM107144-06,9192.00000000,2.00000000,0.00000000,2026-06-02 22:40:00.000,MTM2,44714.00000000
WO-070639,19,70,GM107144-07,4596.00000000,1.00000000,0.00000000,2026-06-02 22:40:00.000,MTM2,61638.00000000
WO-070639,19,80,GM107144-08,4596.00000000,1.00000000,0.00000000,2026-06-02 22:40:00.000,MTM2,32560.00000000
WO-070646,19,10,MMC0000997,3780.00000000,0.30000000,0.00000000,2026-05-29 02:50:00.000,MTM2,175.20000000
WO-070647,10,10,MMC0000976,7853.70000000,1.41000000,0.00000000,2026-06-08 16:40:00.000,MTM2,7860.00000000
WO-070647,10,20,FGT0206-01,5570.00000000,1.00000000,0.00000000,2026-06-08 16:40:00.000,MTM2,0.00000000
WO-070657,10,10,MMC0000348,2797.10000000,3.37000000,0.00000000,2026-06-01 05:50:00.000,MTM2,840.00000000
WO-070668,10,10,MMC0001156,100.80000000,0.96000000,0.00000000,2026-05-25 23:40:00.000,MTM2,1364.00000000
WO-070668,10,30,Tooling Not Ready,105.00000000,1.00000000,0.00000000,2026-05-25 23:40:00.000,MTM2,0.00000000
WO-070669,10,10,MMC0001155,408.75000000,5.45000000,0.00000000,2026-06-01 21:50:00.000,MTM2,5335.00000000
WO-070673,10,10,24 090 13,50000.00000000,1.00000000,0.00000000,2026-06-05 20:30:00.000,MTM2,54882.00000000
WO-070673,10,20,M-446030,50000.00000000,1.00000000,0.00000000,2026-06-05 20:30:00.000,MTM2,23546.00000000
WO-070673,10,30,M-403025,50000.00000000,1.00000000,0.00000000,2026-06-05 20:30:00.000,MTM2,54745.00000000
WO-070677,10,10,MMCSR00007,267.00000000,2.67000000,0.00000000,2026-06-01 12:20:00.000,MTM2,1292.00000000
WO-070684,19,10,MMF0000314,8388.60000000,13.64000000,0.00000000,2026-06-03 22:50:00.000,MTM2,8399.56000000
WO-070686,10,10,MMCSR00002,760.00000000,3.04000000,0.00000000,2026-06-02 21:30:00.000,MTM2,2357.00000000
WO-070690,919,10,V-EMB-92,8.00000000,0.02500000,0.00000000,2026-05-26 23:20:00.000,MTM2,223.00000000
WO-070690,919,20,V-EMB-2,8.00000000,0.02500000,0.00000000,2026-05-26 23:20:00.000,MTM2,387.00000000
WO-070690,919,30,V-EMB-750,64.00000000,0.20000000,0.00000000,2026-05-26 23:50:00.000,MTM2,1774.00000000
WO-070690,919,40,23618243-PKG,320.00000000,1.00000000,0.00000000,2026-05-26 23:50:00.000,MTM2,1488.00000000
WO-070691,919,10,V-EMB-92,8.00000000,0.02780000,0.00000000,2026-05-29 22:30:00.000,MTM2,223.00000000
WO-070691,919,20,V-EMB-2,8.00000000,0.02780000,0.00000000,2026-05-29 22:30:00.000,MTM2,387.00000000
WO-070691,919,30,V-EMB-780,30.00000000,0.11670000,0.00000000,2026-05-29 22:30:00.000,MTM2,761.00000000
WO-070691,919,40,24375453-PKG,256.00000000,1.00000000,0.00000000,2026-05-29 22:30:00.000,MTM2,242.00000000
WO-070694,917,10,17-21194-000-HTS,16296.00000000,1.00000000,0.00000000,2026-06-03 18:50:00.000,MTM2,-17.00000000
WO-070696,919,10,V-EMB-92,4.00000000,0.00110000,0.00000000,2026-05-26 15:20:00.000,MTM2,223.00000000
WO-070696,919,20,V-EMB-2,4.00000000,0.00110000,0.00000000,2026-05-26 15:20:00.000,MTM2,387.00000000
WO-070696,919,30,V-EMB-750,59.00000000,0.01820000,0.00000000,2026-05-29 00:10:00.000,MTM2,1774.00000000
WO-070696,919,40,24375454-PKG,3190.00000000,1.00000000,0.00000000,2026-05-29 00:10:00.000,MTM2,1811.00000000
WO-070701,70,10,22-74371-080,104.00000000,1.00000000,0.00000000,2026-06-03 22:40:00.000,MTM2,107.00000000
WO-070701,70,20,22-74372-000,208.00000000,2.00000000,0.00000000,2026-06-03 22:40:00.000,MTM2,1271.00000000
WO-070712,70,10,22-74371-200,15.00000000,1.00000000,0.00000000,2026-05-29 00:10:00.000,MTM2,16.00000000
WO-070712,70,20,22-74372-000,30.00000000,2.00000000,0.00000000,2026-05-29 00:10:00.000,MTM2,1271.00000000
WO-070723,919,30,V-EMB-750,12.00000000,0.14290000,0.00000000,2026-05-27 23:20:00.000,MTM2,1774.00000000
WO-070723,919,40,24733426-PKG,77.00000000,1.00000000,0.00000000,2026-05-27 23:20:00.000,MTM2,164.00000000
WO-070725,919,10,V-EMB-92,3.00000000,0.02080000,0.00000000,2026-05-26 21:50:00.000,MTM2,223.00000000
WO-070725,919,20,V-EMB-2,3.00000000,0.02080000,0.00000000,2026-05-26 21:50:00.000,MTM2,387.00000000
WO-070725,919,30,V-EMB-800,15.00000000,0.11670000,0.00000000,2026-05-26 21:50:00.000,MTM2,487.00000000
WO-070725,919,40,24733429-PKG,126.00000000,1.00000000,0.00000000,2026-05-26 21:50:00.000,MTM2,93.00000000
WO-070728,919,10,V-EMB-72,13.00000000,0.03330000,0.00000000,2026-05-26 22:40:00.000,MTM2,255.00000000
WO-070728,919,20,V-EMB-22,27.00000000,0.06670000,0.00000000,2026-05-26 22:40:00.000,MTM2,465.00000000
WO-070728,919,30,V-EMB-2,13.00000000,0.03330000,0.00000000,2026-05-26 22:40:00.000,MTM2,387.00000000
WO-070728,919,40,V-EMB-62,13.00000000,0.03330000,0.00000000,2026-05-26 22:40:00.000,MTM2,353.00000000
WO-070728,919,50,24733444-PKG,390.00000000,1.00000000,0.00000000,2026-05-26 22:40:00.000,MTM2,618.00000000
WO-070731,19,10,MMC0000776,5742.00000000,5.80000000,0.00000000,2026-06-01 16:30:00.000,MTM2,5785.00000000
WO-070734,19,10,MMC0000415,16894.38000000,0.62000000,0.00000000,2026-05-29 20:10:00.000,MTM2,0.00000000
WO-070735,19,10,MMC0000122,3050.00000000,0.61000000,0.00000000,2026-06-15 18:10:00.000,MTM2,3060.00000000
WO-070736,10,10,MMF0005013,17.52000000,0.73000000,0.00000000,2026-05-26 22:30:00.000,MTM2,10291.00000000
WO-070737,919,30,V-EMB-800,7.00000000,0.16670000,0.00000000,2026-05-29 04:30:00.000,MTM2,487.00000000
WO-070737,919,40,24733451-PKG,36.00000000,1.00000000,0.00000000,2026-05-29 04:30:00.000,MTM2,222.00000000
WO-070738,919,10,V-EMB-71,5.00000000,0.01670000,0.00000000,2026-05-29 04:40:00.000,MTM2,517.00000000
WO-070738,919,20,V-EMB-21,9.00000000,0.03330000,0.00000000,2026-05-29 04:40:00.000,MTM2,1268.00000000
WO-070738,919,30,V-EMB-1,5.00000000,0.01670000,0.00000000,2026-05-29 04:40:00.000,MTM2,221.00000000
WO-070738,919,40,V-EMB-61,5.00000000,0.01670000,0.00000000,2026-05-29 04:40:00.000,MTM2,1122.00000000
WO-070738,919,50,24733452-PKG,245.00000000,1.00000000,0.00000000,2026-05-29 04:40:00.000,MTM2,1354.00000000
WO-070739,919,10,V-EMB-71,9.00000000,0.01720000,0.00000000,2026-05-26 18:50:00.000,MTM2,517.00000000
WO-070739,919,20,V-EMB-21,27.00000000,0.05170000,0.00000000,2026-05-26 18:50:00.000,MTM2,1268.00000000
WO-070739,919,30,V-EMB-1,9.00000000,0.01720000,0.00000000,2026-05-26 18:50:00.000,MTM2,221.00000000
WO-070739,919,40,V-EMB-61,9.00000000,0.01720000,0.00000000,2026-05-26 18:50:00.000,MTM2,1122.00000000
WO-070739,919,50,V-EMB-116,9.00000000,0.01720000,0.00000000,2026-05-26 18:50:00.000,MTM2,540.00000000
WO-070739,919,60,24733458-PKG,522.00000000,1.00000000,0.00000000,2026-05-26 18:50:00.000,MTM2,2201.00000000
WO-070740,919,10,V-EMB-71,4.00000000,0.01720000,0.00000000,2026-05-26 18:30:00.000,MTM2,517.00000000
WO-070740,919,20,V-EMB-21,11.00000000,0.05170000,0.00000000,2026-05-26 18:30:00.000,MTM2,1268.00000000
WO-070740,919,30,V-EMB-1,4.00000000,0.01720000,0.00000000,2026-05-26 18:30:00.000,MTM2,221.00000000
WO-070740,919,40,V-EMB-61,4.00000000,0.01720000,0.00000000,2026-05-26 18:30:00.000,MTM2,1122.00000000
WO-070740,919,50,V-EMB-116,4.00000000,0.01720000,0.00000000,2026-05-26 18:30:00.000,MTM2,540.00000000
WO-070740,919,60,24733460-PKG,199.00000000,1.00000000,0.00000000,2026-05-26 18:30:00.000,MTM2,122.00000000
WO-070741,919,10,V-EMB-71,6.00000000,0.03330000,0.00000000,2026-05-26 18:20:00.000,MTM2,517.00000000
WO-070741,919,20,V-EMB-21,13.00000000,0.06670000,0.00000000,2026-05-26 18:20:00.000,MTM2,1268.00000000
WO-070741,919,30,V-EMB-1,6.00000000,0.03330000,0.00000000,2026-05-26 18:20:00.000,MTM2,221.00000000
WO-070741,919,40,V-EMB-61,6.00000000,0.03330000,0.00000000,2026-05-26 18:20:00.000,MTM2,1122.00000000
WO-070741,919,50,24733461-PKG,180.00000000,1.00000000,0.00000000,2026-05-26 18:20:00.000,MTM2,702.00000000
WO-070742,919,10,V-EMB-71,5.00000000,0.03330000,0.00000000,2026-05-26 16:00:00.000,MTM2,517.00000000
WO-070742,919,20,V-EMB-21,10.00000000,0.06670000,0.00000000,2026-05-26 18:10:00.000,MTM2,1268.00000000
WO-070742,919,30,V-EMB-1,5.00000000,0.03330000,0.00000000,2026-05-26 16:00:00.000,MTM2,221.00000000
WO-070742,919,40,V-EMB-61,5.00000000,0.03330000,0.00000000,2026-05-26 16:00:00.000,MTM2,1122.00000000
WO-070742,919,50,24733463-PKG,138.00000000,1.00000000,0.00000000,2026-05-26 18:10:00.000,MTM2,150.00000000
WO-070743,919,10,V-EMB-71,49.00000000,0.08330000,0.00000000,2026-05-26 17:30:00.000,MTM2,517.00000000
WO-070743,919,20,V-EMB-21,49.00000000,0.08330000,0.00000000,2026-05-26 17:30:00.000,MTM2,1268.00000000
WO-070743,919,30,V-EMB-1,49.00000000,0.08330000,0.00000000,2026-05-26 17:30:00.000,MTM2,221.00000000
WO-070743,919,40,V-EMB-61,49.00000000,0.08330000,0.00000000,2026-05-26 17:30:00.000,MTM2,1122.00000000
WO-070743,919,50,24733464-PKG,584.00000000,1.00000000,0.00000000,2026-05-26 17:30:00.000,MTM2,1312.00000000
WO-070744,919,10,V-EMB-71,32.00000000,0.08330000,0.00000000,2026-05-26 16:50:00.000,MTM2,517.00000000
WO-070744,919,20,V-EMB-21,32.00000000,0.08330000,0.00000000,2026-05-26 16:50:00.000,MTM2,1268.00000000
WO-070744,919,30,V-EMB-1,32.00000000,0.08330000,0.00000000,2026-05-26 16:50:00.000,MTM2,221.00000000
WO-070744,919,40,V-EMB-61,32.00000000,0.08330000,0.00000000,2026-05-26 16:50:00.000,MTM2,1122.00000000
WO-070744,919,50,24733467-PKG,376.00000000,1.00000000,0.00000000,2026-05-26 16:50:00.000,MTM2,264.00000000
WO-070745,919,10,V-EMB-71,46.00000000,0.08330000,0.00000000,2026-05-26 16:10:00.000,MTM2,517.00000000
WO-070745,919,20,V-EMB-21,46.00000000,0.08330000,0.00000000,2026-05-26 16:10:00.000,MTM2,1268.00000000
WO-070745,919,30,V-EMB-1,46.00000000,0.08330000,0.00000000,2026-05-26 16:10:00.000,MTM2,221.00000000
WO-070745,919,40,V-EMB-61,46.00000000,0.08330000,0.00000000,2026-05-26 16:10:00.000,MTM2,1122.00000000
WO-070745,919,50,24733471-PKG,541.00000000,1.00000000,0.00000000,2026-05-26 16:10:00.000,MTM2,0.00000000
WO-070746,919,10,V-EMB-71,28.00000000,0.08330000,0.00000000,2026-05-27 23:40:00.000,MTM2,517.00000000
WO-070746,919,20,V-EMB-21,28.00000000,0.08330000,0.00000000,2026-05-27 23:40:00.000,MTM2,1268.00000000
WO-070746,919,30,V-EMB-1,28.00000000,0.08330000,0.00000000,2026-05-27 23:40:00.000,MTM2,221.00000000
WO-070746,919,40,V-EMB-61,28.00000000,0.08330000,0.00000000,2026-05-27 23:40:00.000,MTM2,1122.00000000
WO-070746,919,50,24733473-PKG,333.00000000,1.00000000,0.00000000,2026-05-27 23:40:00.000,MTM2,128.00000000
WO-070747,919,10,V-EMB-71,15.00000000,0.08330000,0.00000000,2026-05-26 15:50:00.000,MTM2,517.00000000
WO-070747,919,20,V-EMB-21,15.00000000,0.08330000,0.00000000,2026-05-26 15:50:00.000,MTM2,1268.00000000
WO-070747,919,30,V-EMB-1,15.00000000,0.08330000,0.00000000,2026-05-26 15:50:00.000,MTM2,221.00000000
WO-070747,919,40,V-EMB-61,15.00000000,0.08330000,0.00000000,2026-05-26 15:50:00.000,MTM2,1122.00000000
WO-070747,919,50,24733474-PKG,176.00000000,1.00000000,0.00000000,2026-05-29 04:50:00.000,MTM2,5.00000000
WO-070748,919,10,V-EMB-71,12.00000000,0.08330000,0.00000000,2026-05-26 15:30:00.000,MTM2,517.00000000
WO-070748,919,20,V-EMB-21,12.00000000,0.08330000,0.00000000,2026-05-26 15:30:00.000,MTM2,1268.00000000
WO-070748,919,30,V-EMB-1,12.00000000,0.08330000,0.00000000,2026-05-26 15:30:00.000,MTM2,221.00000000
WO-070748,919,40,V-EMB-61,12.00000000,0.08330000,0.00000000,2026-05-26 15:30:00.000,MTM2,1122.00000000
WO-070748,919,50,24733476-PKG,139.00000000,1.00000000,0.00000000,2026-05-26 15:30:00.000,MTM2,170.00000000
WO-070749,919,10,V-EMB-92,18.00000000,0.00570000,0.00000000,2026-05-27 18:30:00.000,MTM2,223.00000000
WO-070749,919,20,V-EMB-2,18.00000000,0.00570000,0.00000000,2026-05-27 18:30:00.000,MTM2,387.00000000
WO-070749,919,30,V-EMB-750,279.00000000,0.09090000,0.00000000,2026-05-27 18:30:00.000,MTM2,1774.00000000
WO-070749,919,40,24733509-PKG,3069.00000000,1.00000000,0.00000000,2026-05-27 18:30:00.000,MTM2,2765.00000000
WO-070751,919,10,V-EMB-91,4.00000000,0.00420000,0.00000000,2026-05-25 22:20:00.000,MTM2,274.00000000
WO-070751,919,20,V-EMB-780,61.00000000,0.06670000,0.00000000,2026-05-25 23:40:00.000,MTM2,761.00000000
WO-070751,919,30,V-EMB-1,4.00000000,0.00420000,0.00000000,2026-05-25 22:20:00.000,MTM2,221.00000000
WO-070751,919,40,24733511-PKG,903.00000000,1.00000000,0.00000000,2026-05-25 23:40:00.000,MTM2,969.00000000
WO-070754,919,10,V-EMB-91,2.00000000,0.00630000,0.00000000,2026-05-26 11:20:00.000,MTM2,274.00000000
WO-070754,919,20,V-EMB-1,2.00000000,0.00630000,0.00000000,2026-05-26 11:20:00.000,MTM2,221.00000000
WO-070754,919,30,V-EMB-800,22.00000000,0.10000000,0.00000000,2026-05-26 18:50:00.000,MTM2,487.00000000
WO-070754,919,40,24733514-PKG,220.00000000,1.00000000,0.00000000,2026-05-26 18:50:00.000,MTM2,525.00000000
WO-070756,919,10,V-EMB-71,9.00000000,0.05000000,0.00000000,2026-05-25 22:50:00.000,MTM2,517.00000000
WO-070756,919,20,V-EMB-21,36.00000000,0.20000000,0.00000000,2026-05-25 22:50:00.000,MTM2,1268.00000000
WO-070756,919,30,V-EMB-1,9.00000000,0.05000000,0.00000000,2026-05-25 22:50:00.000,MTM2,221.00000000
WO-070756,919,40,V-EMB-61,9.00000000,0.05000000,0.00000000,2026-05-25 22:50:00.000,MTM2,1122.00000000
WO-070756,919,50,24733517-PKG,180.00000000,1.00000000,0.00000000,2026-05-25 22:50:00.000,MTM2,884.00000000
WO-070759,919,10,V-EMB-71,6.00000000,0.03330000,0.00000000,2026-05-25 22:10:00.000,MTM2,517.00000000
WO-070759,919,20,V-EMB-21,6.00000000,0.03330000,0.00000000,2026-05-25 22:10:00.000,MTM2,1268.00000000
WO-070767,919,10,24759448-PKG,39.00000000,1.00000000,0.00000000,2026-05-27 22:50:00.000,MTM2,94.00000000
WO-070767,919,20,V-EMB-72,3.00000000,0.06250000,0.00000000,2026-05-27 22:50:00.000,MTM2,255.00000000
WO-070767,919,30,V-EMB-2,3.00000000,0.06250000,0.00000000,2026-05-27 22:50:00.000,MTM2,387.00000000
WO-070767,919,40,V-EMB-62,13.00000000,0.33330000,0.00000000,2026-05-27 22:50:00.000,MTM2,353.00000000
WO-070767,919,50,V-EMB-22,13.00000000,0.33330000,0.00000000,2026-05-27 22:50:00.000,MTM2,465.00000000
WO-070769,19,10,MMC0000869,9760.00000000,3.05000000,0.00000000,2026-06-02 06:40:00.000,MTM2,15020.00000000
WO-070769,19,20,CH420-10DPGM,9600.00000000,3.00000000,0.00000000,2026-06-02 06:40:00.000,MTM2,284909.00000000
WO-070769,19,30,C420-1-GM,3200.00000000,1.00000000,0.00000000,2026-06-02 06:40:00.000,MTM2,113907.00000000
WO-070774,19,10,MMC0001023,11894.32000000,12.56000000,0.00000000,2026-06-04 09:00:00.000,MTM2,16640.00000000
WO-070781,919,10,26029124-PKG,80.00000000,1.00000000,0.00000000,2026-05-29 05:00:00.000,MTM2,127.00000000
WO-070790,910,10,78827341-PKG,497.00000000,1.00000000,0.00000000,2026-05-26 18:00:00.000,MTM2,708.00000000
WO-070790,910,20,V-EMB-91,5.00000000,0.00890000,0.00000000,2026-05-26 09:20:00.000,MTM2,274.00000000
WO-070790,910,30,V-EMB-2,5.00000000,0.00890000,0.00000000,2026-05-26 09:20:00.000,MTM2,387.00000000
WO-070790,910,40,V-EMB-780,72.00000000,0.14290000,0.00000000,2026-05-26 18:00:00.000,MTM2,761.00000000
WO-070792,919,30,V-EMB-750,8.00000000,0.00500000,0.00000000,2026-05-26 18:10:00.000,MTM2,1774.00000000
WO-070792,919,40,82400281-PKG,1600.00000000,1.00000000,0.00000000,2026-05-26 18:10:00.000,MTM2,2189.00000000
WO-070796,19,10,MMC0000170,2000.00000000,10.00000000,0.00000000,2026-06-01 12:30:00.000,MTM2,3881.00000000
WO-070802,10,10,MMC0000383,8430.00000000,2.50000000,0.00000000,2026-06-02 06:50:00.000,MTM2,547.50000000
WO-070807,19,10,MMC0000788,1844.00000000,2.00000000,0.00000000,2026-06-05 02:50:00.000,MTM2,1845.00000000
WO-070808,19,10,MMC0000570,1479.66000000,0.26000000,0.00000000,2026-05-26 21:30:00.000,MTM2,3520.00000000
WO-070809,10,10,MMC0000092,8756.50000000,0.21100000,0.00000000,2026-06-04 09:40:00.000,MTM2,8760.00000000
WO-070809,10,30,23-12161-005,41500.00000000,1.00000000,0.00000000,2026-06-04 09:40:00.000,MTM2,0.00000000
WO-070810,19,10,MMC0000305,950.00000000,0.19000000,0.00000000,2026-06-02 19:40:00.000,MTM2,1540.00000000
WO-070812,10,10,MMC0000668,595.00000000,0.17000000,0.00000000,2026-05-26 14:00:00.000,MTM2,663.00000000
WO-070831,10,10,MMC0000850,100230.00000000,12.85000000,0.00000000,2026-05-29 12:00:00.000,MTM2,90400.00000000
WO-070833,10,10,MMC0000540,460.00000000,0.46000000,0.00000000,2026-06-01 01:00:00.000,MTM2,0.00000000
WO-070835,919,10,V-EMB-92,1.00000000,0.00450000,0.00000000,2026-05-26 09:00:00.000,MTM2,223.00000000
WO-070835,919,20,V-EMB-2,1.00000000,0.00450000,0.00000000,2026-05-26 09:00:00.000,MTM2,387.00000000
WO-070835,919,30,V-EMB-750,5.00000000,0.07140000,0.00000000,2026-05-26 17:10:00.000,MTM2,1774.00000000
WO-070835,919,40,20899384-PKG,70.00000000,1.00000000,0.00000000,2026-05-26 17:10:00.000,MTM2,377.00000000
WO-070836,919,10,V-EMB-92,1.00000000,0.00450000,0.00000000,2026-05-27 20:50:00.000,MTM2,223.00000000
WO-070836,919,20,V-EMB-2,1.00000000,0.00450000,0.00000000,2026-05-27 20:50:00.000,MTM2,387.00000000
WO-070836,919,30,V-EMB-750,5.00000000,0.07140000,0.00000000,2026-05-27 22:40:00.000,MTM2,1774.00000000
WO-070836,919,40,20899389-PKG,70.00000000,1.00000000,0.00000000,2026-05-27 22:40:00.000,MTM2,427.00000000
WO-070841,19,10,MMF0000315,2166.21000000,10.17000000,0.00000000,2026-06-03 00:30:00.000,MTM2,261.21000000
WO-070846,919,10,V-EMB-72,7.00000000,0.03330000,0.00000000,2026-05-26 16:50:00.000,MTM2,255.00000000
WO-070846,919,20,V-EMB-22,14.00000000,0.06670000,0.00000000,2026-05-26 16:50:00.000,MTM2,465.00000000
WO-070846,919,30,V-EMB-2,7.00000000,0.03330000,0.00000000,2026-05-26 16:50:00.000,MTM2,387.00000000
WO-070846,919,40,V-EMB-62,7.00000000,0.03330000,0.00000000,2026-05-26 16:50:00.000,MTM2,353.00000000
WO-070846,919,50,24733446-PKG,206.00000000,1.00000000,0.00000000,2026-05-26 16:50:00.000,MTM2,565.00000000
WO-070847,919,10,V-EMB-71,4.00000000,0.01720000,0.00000000,2026-05-27 23:20:00.000,MTM2,517.00000000
WO-070847,919,20,V-EMB-21,12.00000000,0.05170000,0.00000000,2026-05-27 23:20:00.000,MTM2,1268.00000000
WO-070847,919,30,V-EMB-1,4.00000000,0.01720000,0.00000000,2026-05-27 23:20:00.000,MTM2,221.00000000
WO-070847,919,40,V-EMB-61,4.00000000,0.01720000,0.00000000,2026-05-27 23:20:00.000,MTM2,1122.00000000
WO-070847,919,50,24733468-PKG,227.00000000,1.00000000,0.00000000,2026-05-27 23:20:00.000,MTM2,291.00000000
WO-070848,19,10,MMC0000268,7913.20000000,0.29200000,0.00000000,2026-06-02 23:10:00.000,MTM2,7893.72000000
WO-070852,19,10,MMC0000429,6042.00000000,1.06000000,0.00000000,2026-05-28 06:00:00.000,MTM2,0.00000000
WO-070853,19,10,MMC0000797,39984.00000000,3.36000000,0.00000000,2026-05-29 11:30:00.000,MTM2,29100.00000000
WO-070859,10,10,MMF0005501,168.72000000,0.57000000,0.00000000,2026-05-28 21:00:00.000,MTM2,38.00000000
WO-070872,10,10,MMC0001136,17700.00000000,1.18000000,0.00000000,2026-06-01 08:00:00.000,MTM2,36601.00000000
WO-070881,919,10,24705645-PKG,521.00000000,1.00000000,0.00000000,2026-05-28 23:10:00.000,MTM2,158.00000000
WO-070881,919,20,V-EMB-92,3.00000000,0.00420000,0.00000000,2026-05-28 23:10:00.000,MTM2,223.00000000
WO-070881,919,30,V-EMB-2,3.00000000,0.00420000,0.00000000,2026-05-28 23:10:00.000,MTM2,387.00000000
WO-070881,919,40,V-EMB-780,18.00000000,0.03330000,0.00000000,2026-05-28 23:10:00.000,MTM2,761.00000000
WO-070886,10,10,MMC0000089,15750.00000000,0.42000000,0.00000000,2026-05-31 22:40:00.000,MTM2,4265.00000000
WO-070886,10,20,23-12729-008,75000.00000000,2.00000000,0.00000000,2026-05-31 22:40:00.000,MTM2,307947.00000000
WO-070886,10,30,23-12161-005,37500.00000000,1.00000000,0.00000000,2026-05-31 22:40:00.000,MTM2,0.00000000
WO-070887,10,10,MMC0000236,14025.00000000,0.11000000,0.00000000,2026-05-29 00:10:00.000,MTM2,0.00000000
WO-070898,919,10,V-EMB-71,7.00000000,0.05000000,0.00000000,2026-05-26 16:30:00.000,MTM2,517.00000000
WO-070898,919,20,V-EMB-21,13.00000000,0.10000000,0.00000000,2026-05-26 16:30:00.000,MTM2,1268.00000000
WO-070898,919,30,V-EMB-1,7.00000000,0.05000000,0.00000000,2026-05-26 16:30:00.000,MTM2,221.00000000
WO-070898,919,40,V-EMB-61,7.00000000,0.05000000,0.00000000,2026-05-26 16:30:00.000,MTM2,1122.00000000
WO-070898,919,50,24733527-PKG,125.00000000,1.00000000,0.00000000,2026-05-26 16:30:00.000,MTM2,400.00000000
WO-070904,919,10,24970620-PKG,7.00000000,1.00000000,0.00000000,2026-05-29 05:30:00.000,MTM2,23.00000000
WO-070905,919,10,26020773-PKG,34.00000000,1.00000000,0.00000000,2026-05-25 23:30:00.000,MTM2,0.00000000
WO-070905,919,40,V-EMB-787,2.00000000,0.05000000,0.00000000,2026-05-25 23:30:00.000,MTM2,260.00000000
WO-070908,19,10,MMC0000656,12840.00000000,1.07000000,0.00000000,2026-06-03 19:40:00.000,MTM2,41045.00000000
WO-070909,19,10,MMF0000315,966.15000000,10.17000000,0.00000000,2026-06-02 19:50:00.000,MTM2,261.21000000
WO-070912,10,30,78694677,10.00000000,1.00000000,0.00000000,2026-05-29 07:00:00.000,MTM2,0.00000000
WO-070912,10,40,24409485,10.00000000,1.00000000,0.00000000,2026-05-29 07:00:00.000,MTM2,0.00000000
WO-070912,10,50,78694679,10.00000000,1.00000000,0.00000000,2026-05-29 07:00:00.000,MTM2,0.00000000
WO-070912,10,60,995054,40.00000000,4.00000000,0.00000000,2026-05-29 07:00:00.000,MTM2,914.00000000
WO-070912,10,70,990941,40.00000000,4.00000000,0.00000000,2026-05-29 07:00:00.000,MTM2,1857.00000000
WO-070914,19,10,MMC0000417,62500.00000000,1.25000000,0.00000000,2026-05-29 00:00:00.000,MTM2,27417.50000000
WO-070917,19,10,MMC0000428,2200.00000000,0.25000000,0.00000000,2026-05-26 18:50:00.000,MTM2,-4.00000000
WO-070918,19,10,MMC0000427,2030.94000000,0.27000000,0.00000000,2026-05-28 22:00:00.000,MTM2,0.00000000
WO-070924,19,10,MMC0000758,23020.00000000,0.10000000,0.00000000,2026-06-02 18:00:00.000,MTM2,22937.80000000
WO-070930,19,10,MMC0001000,3800.00000000,4.75000000,0.00000000,2026-05-27 19:00:00.000,MTM2,41391.70000000
WO-070953,19,10,MMC0000381,1500.00000000,0.02500000,0.00000000,2026-05-29 02:30:00.000,MTM2,1802.00000000
WO-070953,19,20,23-12729-008,60000.00000000,1.00000000,0.00000000,2026-05-29 02:30:00.000,MTM2,307947.00000000
WO-070959,19,10,MMC0001026,5481.00000000,0.14000000,0.00000000,2026-06-05 09:00:00.000,MTM2,5482.00000000
WO-070969,19,10,MMC0000366,24600.00000000,3.28000000,0.00000000,2026-05-29 00:00:00.000,MTM2,28630.00000000
WO-070977,19,10,MMC0001023,2888.80000000,12.56000000,0.00000000,2026-06-05 10:40:00.000,MTM2,16640.00000000
WO-070978,19,10,MMC0000318,3900.00000000,1.56000000,0.00000000,2026-06-09 04:50:00.000,MTM2,12217.00000000
WO-070981,19,10,MMC0000856,862.40000000,1.54000000,0.00000000,2026-05-26 08:50:00.000,MTM2,4225.00000000
WO-070982,19,10,MMC0000856,2322.00000000,2.16000000,0.00000000,2026-05-27 13:10:00.000,MTM2,4225.00000000
WO-070989,10,10,MMC0000943,4840.00000000,0.11000000,0.00000000,2026-06-10 14:30:00.000,MTM2,22845.00000000
WO-070990,19,10,MMC0000556,365.00000000,0.05000000,0.00000000,2026-06-02 10:30:00.000,MTM2,359.00000000
WO-070999,96,10,2481542,15.00000000,1.00000000,0.00000000,2026-06-02 10:50:00.000,MTM2,722.00000000
WO-070999,96,20,2481297,15.00000000,1.00000000,0.00000000,2026-06-02 10:50:00.000,MTM2,668.00000000
WO-071000,19,10,MMC0000868,22800.00000000,2.28000000,0.00000000,2026-05-29 17:20:00.000,MTM2,30075.00000000
WO-071000,19,20,CH420-10DPGM,30000.00000000,3.00000000,0.00000000,2026-05-29 17:20:00.000,MTM2,284909.00000000
WO-071000,19,30,C420-1-GM,10000.00000000,1.00000000,0.00000000,2026-05-29 17:20:00.000,MTM2,113907.00000000
WO-071001,19,10,MMC0001113,2336.00000000,1.46000000,0.00000000,2026-05-29 00:10:00.000,MTM2,1905.06000000
WO-071001,19,30,23-12742-002,3200.00000000,2.00000000,0.00000000,2026-05-29 00:10:00.000,MTM2,-76.00000000
WO-071003,10,10,MMC0000522,6710.00000000,1.10000000,0.00000000,2026-05-29 10:30:00.000,MTM2,6800.00000000
WO-071004,10,10,MMC0000975,2666.00000000,0.86000000,0.00000000,2026-06-03 16:00:00.000,MTM2,2720.00000000
WO-071005,359,10,22-69103-004,194.00000000,1.00000000,0.00000000,2026-06-04 20:30:00.000,MTM2,0.00000000
WO-071005,359,20,22-69378-000,776.00000000,4.00000000,0.00000000,2026-06-04 20:30:00.000,MTM2,43157.00000000
WO-071005,359,30,22-69378-002,388.00000000,2.00000000,0.00000000,2026-06-04 20:30:00.000,MTM2,450.00000000
WO-071013,19,10,MMF0005512,539.26000000,0.59000000,0.00000000,2026-06-09 17:50:00.000,MTM2,2082.00000000
WO-071016,19,10,MMC0000381,210.00000000,0.04200000,0.00000000,2026-06-05 11:30:00.000,MTM2,1802.00000000
WO-071016,19,20,23-12729-008,5000.00000000,1.00000000,0.00000000,2026-06-05 11:30:00.000,MTM2,307947.00000000
WO-071020,19,10,MMC0000153,38824.00000000,0.09200000,0.00000000,2026-05-29 00:00:00.000,MTM2,0.00000000
WO-071020,19,20,64-5-16,1266.00000000,0.00300000,0.00000000,2026-05-29 00:00:00.000,MTM2,14.00000000
WO-071021,19,10,MMC0000576,4229.40000000,0.05700000,0.00000000,2026-05-29 04:10:00.000,MTM2,5.78000000
WO-071024,19,10,22-73639-090-Blank,997.00000000,1.00000000,0.00000000,2026-05-28 14:20:00.000,MTM2,0.00000000
WO-071034,919,10,V-EMB-92,10.00000000,0.08300000,0.00000000,2026-05-26 16:00:00.000,MTM2,223.00000000
WO-071034,919,20,V-EMB-2,1.00000000,0.00830000,0.00000000,2026-05-26 09:50:00.000,MTM2,387.00000000
WO-071034,919,30,V-EMB-780,8.00000000,0.06670000,0.00000000,2026-05-26 17:50:00.000,MTM2,761.00000000
WO-071034,919,40,24507917-PKG,116.00000000,1.00000000,0.00000000,2026-05-26 17:50:00.000,MTM2,965.00000000
WO-071035,10,10,MMC0001139,13662.00000000,1.38000000,0.00000000,2026-06-03 06:20:00.000,MTM2,13730.00000000
WO-071036,70,10,2481294,60.00000000,1.00000000,0.00000000,2026-05-29 10:50:00.000,MTM2,220.00000000
WO-071036,70,20,2481612,60.00000000,1.00000000,0.00000000,2026-05-29 10:50:00.000,MTM2,66.00000000
WO-071037,19,10,MMC0000228,4335.80000000,0.16300000,0.00000000,2026-06-04 02:20:00.000,MTM2,4350.00000000
WO-071039,19,10,MMC0000428,2000.00000000,0.25000000,0.00000000,2026-06-08 05:00:00.000,MTM2,-4.00000000
WO-071042,19,10,MMC0000856,2871.20000000,1.85000000,0.00000000,2026-05-26 23:50:00.000,MTM2,4225.00000000
WO-071044,19,30,MMC0000298,1528.80000000,3.12000000,0.00000000,2026-06-01 11:10:00.000,MTM2,1540.00000000
WO-071045,10,10,MMC0000749,24720.00000000,8.24000000,0.00000000,2026-06-05 19:00:00.000,MTM2,61170.00000000
WO-071046,10,10,MMC0001134,12512.00000000,0.92000000,0.00000000,2026-06-04 07:40:00.000,MTM2,12520.00000000
WO-071049,10,10,MMC0001158,335.40000000,1.56000000,0.00000000,2026-06-03 02:00:00.000,MTM2,1640.00000000
WO-071049,10,30,Tooling Not Ready,215.00000000,1.00000000,0.00000000,2026-06-03 02:00:00.000,MTM2,0.00000000
WO-071051,10,10,MMC0001145,60377.12000000,7.06000000,0.00000000,2026-06-02 11:10:00.000,MTM2,123396.00000000
WO-071052,19,10,MMC0000251,5920.00000000,1.48000000,0.00000000,2026-06-03 11:20:00.000,MTM2,8520.00000000
WO-071055,19,10,MMC0000296,462.00000000,0.42000000,0.00000000,2026-06-03 21:30:00.000,MTM2,470.00000000
WO-071056,19,10,MMC0000350,3626.00000000,0.37000000,0.00000000,2026-06-02 05:00:00.000,MTM2,3650.00000000
WO-071057,19,10,MMC0000440,3526.00000000,0.21500000,0.00000000,2026-06-08 11:10:00.000,MTM2,15106.76000000
WO-071058,19,10,MMC0000442,6166.40000000,0.37600000,0.00000000,2026-06-08 20:30:00.000,MTM2,6200.00000000
WO-071075,919,10,V-EMB-71,3.00000000,0.01000000,0.00000000,2026-05-26 15:20:00.000,MTM2,517.00000000
WO-071075,919,20,V-EMB-21,7.00000000,0.03000000,0.00000000,2026-05-26 15:20:00.000,MTM2,1268.00000000
WO-071075,919,30,V-EMB-1,3.00000000,0.01000000,0.00000000,2026-05-26 15:20:00.000,MTM2,221.00000000
WO-071075,919,40,V-EMB-61,3.00000000,0.01000000,0.00000000,2026-05-26 15:20:00.000,MTM2,1122.00000000
WO-071075,919,50,24733455-PKG,216.00000000,1.00000000,0.00000000,2026-05-26 15:20:00.000,MTM2,1063.00000000
WO-071082,359,5,62 536 1S,196.00000000,1.00000000,0.00000000,2026-06-04 23:40:00.000,MTM2,101.00000000
WO-071082,359,8,62 536 3S,196.00000000,1.00000000,0.00000000,2026-06-04 23:40:00.000,MTM2,113.00000000
WO-071082,359,10,62 126 40,196.00000000,1.00000000,0.00000000,2026-06-04 23:40:00.000,MTM2,2627.00000000
WO-071082,359,20,2515811,392.00000000,2.00000000,0.00000000,2026-06-04 23:40:00.000,MTM2,12969.00000000
WO-071082,359,30,6215803,196.00000000,1.00000000,0.00000000,2026-06-04 23:40:00.000,MTM2,4480.00000000
WO-071082,359,40,62 090 07,196.00000000,1.00000000,0.00000000,2026-06-04 23:40:00.000,MTM2,2220.00000000
WO-071082,359,70,62 090 10,196.00000000,1.00000000,0.00000000,2026-06-04 23:40:00.000,MTM2,3941.00000000
WO-071082,359,80,6207912,196.00000000,1.00000000,0.00000000,2026-06-04 23:40:00.000,MTM2,10688.00000000
WO-071082,359,90,6207911,196.00000000,1.00000000,0.00000000,2026-06-04 23:40:00.000,MTM2,5913.00000000
WO-071082,359,100,6211719,392.00000000,2.00000000,0.00000000,2026-06-04 23:40:00.000,MTM2,5700.00000000
WO-071082,359,110,6211718,196.00000000,1.00000000,0.00000000,2026-06-04 23:40:00.000,MTM2,6921.00000000
WO-071082,359,130,6211717,196.00000000,1.00000000,0.00000000,2026-06-04 23:40:00.000,MTM2,9764.00000000
WO-071082,359,160,6211204,196.00000000,1.00000000,0.00000000,2026-06-04 23:40:00.000,MTM2,9370.00000000
WO-071082,359,180,6208920,392.00000000,2.00000000,0.00000000,2026-06-04 23:40:00.000,MTM2,11043.00000000
WO-071082,359,190,2046807,588.00000000,3.00000000,0.00000000,2026-06-04 23:40:00.000,MTM2,114720.00000000
WO-071082,359,200,6246802,392.00000000,2.00000000,0.00000000,2026-06-04 23:40:00.000,MTM2,5648.00000000
WO-071082,359,210,6246807,392.00000000,2.00000000,0.00000000,2026-06-04 23:40:00.000,MTM2,6666.00000000
WO-071082,359,220,M-0931010,392.00000000,2.00000000,0.00000000,2026-06-04 23:40:00.000,MTM2,12393.00000000
WO-071082,359,230,91755A215,196.00000000,1.00000000,0.00000000,2026-06-04 23:40:00.000,MTM2,6638.00000000
WO-071086,10,10,MMC0001131,6333.60000000,0.58000000,0.00000000,2026-05-27 12:50:00.000,MTM2,1280.00000000
WO-071087,19,10,MMC0001131,1560.00000000,1.20000000,0.00000000,2026-06-04 09:40:00.000,MTM2,1280.00000000
WO-071098,919,10,78689077-PKG,8.00000000,1.00000000,0.00000000,2026-05-29 06:00:00.000,MTM2,5.00000000
WO-071100,19,10,MMF0000133,216.00000000,0.36000000,0.00000000,2026-06-03 19:00:00.000,MTM2,4519.00000000
WO-071103,96,10,2481602,25.00000000,1.00000000,0.00000000,2026-06-02 08:10:00.000,MTM2,606.00000000
WO-071103,96,20,2481603,25.00000000,1.00000000,0.00000000,2026-06-02 08:10:00.000,MTM2,468.00000000
WO-071106,10,10,MMC0000451,297.00000000,0.11000000,0.00000000,2026-05-31 23:30:00.000,MTM2,548.00000000
WO-071110,19,10,MMC0000388,53940.00000000,0.29000000,0.00000000,2026-06-01 07:00:00.000,MTM2,15614.22000000
WO-071116,10,10,MMC0000700,40425.60000000,0.48000000,0.00000000,2026-05-29 00:00:00.000,MTM2,64080.80000000
WO-071117,10,10,MMC0000700,40425.60000000,0.48000000,0.00000000,2026-06-02 00:30:00.000,MTM2,64080.80000000
WO-071121,19,10,MMC0001000,4272.00000000,7.12000000,0.00000000,2026-05-29 05:20:00.000,MTM2,41391.70000000
WO-071122,19,10,MMC0001000,3020.00000000,7.55000000,0.00000000,2026-06-01 12:10:00.000,MTM2,41391.70000000
WO-071123,19,10,MMC0001000,798.00000000,7.98000000,0.00000000,2026-05-29 19:40:00.000,MTM2,41391.70000000
WO-071124,19,10,MMC0001000,885.00000000,8.85000000,0.00000000,2026-05-29 01:00:00.000,MTM2,41391.70000000
WO-071125,19,10,MMC0001000,696.00000000,9.28000000,0.00000000,2026-05-29 03:20:00.000,MTM2,41391.70000000
WO-071129,19,10,MMC0001000,1208.00000000,3.02000000,0.00000000,2026-06-01 09:30:00.000,MTM2,41391.70000000
WO-071130,19,10,MMC0001000,2932.50000000,3.45000000,0.00000000,2026-05-29 21:40:00.000,MTM2,41391.70000000
WO-071131,19,10,MMC0001000,3485.00000000,4.10000000,0.00000000,2026-06-01 17:10:00.000,MTM2,41391.70000000
WO-071132,19,10,MMC0001000,5400.00000000,4.32000000,0.00000000,2026-06-01 01:40:00.000,MTM2,41391.70000000
WO-071134,19,10,MMC0001000,9060.00000000,4.53000000,0.00000000,2026-05-29 11:10:00.000,MTM2,41391.70000000
WO-071138,10,10,MMC0000013,3756.30000000,0.32950000,0.00000000,2026-06-09 18:20:00.000,MTM2,3760.00000000
WO-071139,10,10,MMC0000411,4884.00000000,0.66000000,0.00000000,2026-06-05 00:10:00.000,MTM2,4700.00000000
WO-071141,10,10,MMC0000698,500.00000000,0.05000000,0.00000000,2026-06-04 15:10:00.000,MTM2,1300.00000000
WO-071142,10,10,MMF0005506,1344.64000000,7.64000000,0.00000000,2026-06-23 19:40:00.000,MTM2,7227.00000000
WO-071144,19,10,MMC0000791,15958.80000000,12.87000000,0.00000000,2026-06-03 02:20:00.000,MTM2,17780.00000000
WO-071147,10,10,22-77723-100-Raw,141.00000000,1.00000000,0.00000000,2026-05-29 00:50:00.000,MTM2,25.00000000
WO-071147,10,20,22-74372-000,282.00000000,2.00000000,0.00000000,2026-05-29 00:50:00.000,MTM2,1271.00000000
WO-071150,10,20,22-74372-000,236.00000000,2.00000000,0.00000000,2026-05-29 01:10:00.000,MTM2,1271.00000000
WO-071152,10,10,22-77723-200-Raw,10.00000000,1.00000000,0.00000000,2026-05-25 23:30:00.000,MTM2,15.00000000
WO-071152,10,20,22-74372-000,20.00000000,2.00000000,0.00000000,2026-05-25 23:30:00.000,MTM2,1271.00000000
WO-071153,10,10,22-77723-220-Raw,10.00000000,1.00000000,0.00000000,2026-06-03 22:20:00.000,MTM2,0.00000000
WO-071153,10,20,22-74372-000,20.00000000,2.00000000,0.00000000,2026-06-03 22:20:00.000,MTM2,1271.00000000
WO-071154,19,10,MMC0000856,207.70000000,0.62000000,0.00000000,2026-06-01 20:10:00.000,MTM2,4225.00000000
WO-071155,19,10,MMC0000856,970.20000000,3.08000000,0.00000000,2026-06-01 13:40:00.000,MTM2,4225.00000000
WO-071158,919,20,V-EMB-500,26.00000000,0.05000000,0.00000000,2026-05-26 17:30:00.000,MTM2,1173.00000000
WO-071158,919,40,20461010-PKG,510.00000000,1.00000000,0.00000000,2026-05-26 17:30:00.000,MTM2,4166.00000000
WO-071162,919,20,V-EMB-750,74.00000000,0.06250000,0.00000000,2026-05-25 23:10:00.000,MTM2,1774.00000000
WO-071162,919,40,24591564-PKG,1184.00000000,1.00000000,0.00000000,2026-05-25 23:10:00.000,MTM2,4182.00000000
WO-071171,96,10,Tooling Not Ready,20.00000000,1.00000000,0.00000000,2026-05-29 12:20:00.000,MTM2,0.00000000
WO-071171,96,20,24729960-1,20.00000000,1.00000000,0.00000000,2026-05-29 12:20:00.000,MTM2,20.00000000
WO-071171,96,30,24729960-2,20.00000000,1.00000000,0.00000000,2026-05-29 12:20:00.000,MTM2,10.00000000
WO-071171,96,40,24729960-3,40.00000000,2.00000000,0.00000000,2026-05-29 12:20:00.000,MTM2,20.00000000
WO-071171,96,50,24729960-4,40.00000000,2.00000000,0.00000000,2026-05-29 12:20:00.000,MTM2,20.00000000
WO-071176,19,10,A0006873403-Blank,10000.00000000,1.00000000,0.00000000,2026-05-29 00:10:00.000,MTM2,9107.00000000
WO-071176,19,20,FHA-M3-15,70000.00000000,7.00000000,0.00000000,2026-05-29 00:10:00.000,MTM2,1270902.00000000
WO-071177,10,10,MMC0000253,619.98000000,0.03000000,0.00000000,2026-06-01 16:40:00.000,MTM2,620.00000000
WO-071178,10,10,MMC0000761,16071.40000000,7.51000000,0.00000000,2026-06-04 14:50:00.000,MTM2,16100.00000000
WO-071179,19,10,MMC0000651,42100.00000000,4.21000000,0.00000000,2026-06-02 13:00:00.000,MTM2,112631.00000000
WO-071181,19,10,MMC0000654,8400.00000000,0.84000000,0.00000000,2026-06-08 14:00:00.000,MTM2,19060.00000000
WO-071184,19,10,MMC0000655,9840.00000000,1.23000000,0.00000000,2026-06-09 00:20:00.000,MTM2,11929.00000000
WO-071187,19,10,MMC0000170,1145.00000000,11.45000000,0.00000000,2026-06-04 01:40:00.000,MTM2,3881.00000000
WO-071188,19,10,MMC0000170,2578.00000000,12.89000000,0.00000000,2026-06-10 05:30:00.000,MTM2,3881.00000000
WO-071190,96,10,46886879,208.00000000,1.00000000,0.00000000,2026-06-04 22:10:00.000,MTM2,25.00000000
WO-071190,96,20,7110366,208.00000000,1.00000000,0.00000000,2026-06-04 22:10:00.000,MTM2,95.00000000
WO-071195,10,10,MMC0000007,42025.70000000,1.00300000,0.00000000,2026-05-31 23:50:00.000,MTM2,42040.00000000
WO-071197,19,10,A0003448372,3051.00000000,1.00000000,0.00000000,2026-05-29 00:00:00.000,MTM2,5697.00000000
WO-071197,19,20,A0003448373,3051.00000000,1.00000000,0.00000000,2026-05-29 00:00:00.000,MTM2,4611.00000000
WO-071197,19,30,A0003701884,3051.00000000,1.00000000,0.00000000,2026-05-29 00:00:00.000,MTM2,8381.00000000
WO-071197,19,40,A0003701903,3051.00000000,1.00000000,0.00000000,2026-05-29 00:00:00.000,MTM2,3808.00000000
WO-071197,19,50,A0003702101,3051.00000000,1.00000000,0.00000000,2026-05-29 00:00:00.000,MTM2,0.00000000
WO-071197,19,60,A0003702490,3051.00000000,1.00000000,0.00000000,2026-05-29 00:00:00.000,MTM2,10913.00000000
WO-071197,19,70,GENFOAM1,3051.00000000,1.00000000,0.00000000,2026-05-29 00:00:00.000,MTM2,6802.00000000
WO-071197,19,80,GENFOAM2,3051.00000000,1.00000000,0.00000000,2026-05-29 00:00:00.000,MTM2,3504.00000000
WO-071197,19,90,GENFOAM3,3051.00000000,1.00000000,0.00000000,2026-05-29 00:00:00.000,MTM2,1252.00000000
WO-071200,10,10,MMC0000848,4015.00000000,1.10000000,0.00000000,2026-06-01 23:20:00.000,MTM2,131622.00000000
WO-071201,10,10,MMC0000848,4015.00000000,1.10000000,0.00000000,2026-06-02 03:10:00.000,MTM2,131622.00000000
WO-071202,10,10,MMC0000848,6666.00000000,1.10000000,0.00000000,2026-06-08 05:20:00.000,MTM2,131622.00000000
WO-071203,10,10,MMC0000848,6666.00000000,1.10000000,0.00000000,2026-06-05 19:10:00.000,MTM2,131622.00000000
WO-071204,10,10,MMC0000848,5456.00000000,1.10000000,0.00000000,2026-06-02 07:00:00.000,MTM2,131622.00000000
WO-071205,10,10,MMC0000848,5456.00000000,1.10000000,0.00000000,2026-06-04 15:00:00.000,MTM2,131622.00000000
WO-071206,10,10,MMC0000848,6039.00000000,1.10000000,0.00000000,2026-06-05 09:00:00.000,MTM2,131622.00000000
WO-071207,10,10,MMC0000848,6039.00000000,1.10000000,0.00000000,2026-06-08 11:20:00.000,MTM2,131622.00000000
WO-071208,10,10,MMC0000848,6149.00000000,1.10000000,0.00000000,2026-06-08 00:10:00.000,MTM2,131622.00000000
WO-071209,10,10,MMC0000848,6149.00000000,1.10000000,0.00000000,2026-06-05 14:00:00.000,MTM2,131622.00000000
WO-071210,10,10,MMC0000848,5549.50000000,1.10000000,0.00000000,2026-06-04 23:20:00.000,MTM2,131622.00000000
WO-071211,10,10,MMC0000848,5544.00000000,1.10000000,0.00000000,2026-06-05 04:10:00.000,MTM2,131622.00000000
WO-071213,19,10,MMC0000364,62040.40000000,8.60000000,0.00000000,2026-05-26 21:40:00.000,MTM2,30487.00000000
WO-071215,19,10,MMC0000532,3060.00000000,1.53000000,0.00000000,2026-06-01 11:50:00.000,MTM2,4030.00000000
WO-071216,10,10,MMC0000753,620.40000000,0.88000000,0.00000000,2026-06-10 20:10:00.000,MTM2,620.00000000
WO-071218,10,10,1219924,15164.00000000,2.00000000,0.00000000,2026-06-16 15:00:00.000,MTM2,5400.00000000
WO-071218,10,20,08037424001,7582.00000000,1.00000000,0.00000000,2026-06-16 15:00:00.000,MTM2,5501.00000000
WO-071220,96,10,24436406-Main,150.00000000,1.00000000,0.00000000,2026-05-29 15:40:00.000,MTM2,111.00000000
WO-071220,96,20,24436406-Sub-L,150.00000000,1.00000000,0.00000000,2026-05-29 15:40:00.000,MTM2,359.00000000
WO-071220,96,30,24436406-Sub-R,150.00000000,1.00000000,0.00000000,2026-05-29 15:40:00.000,MTM2,309.00000000
WO-071222,10,10,MMC0000973,10668.00000000,3.81000000,0.00000000,2026-06-11 19:00:00.000,MTM2,10940.00000000
WO-071223,10,10,MMC0001146,86284.00000000,8.14000000,0.00000000,2026-06-10 23:00:00.000,MTM2,86435.00000000
WO-071225,10,10,MMC0000760,28811.30000000,5.21000000,0.00000000,2026-06-11 05:40:00.000,MTM2,28810.00000000
WO-071226,10,10,MMC0000762,432.00000000,0.24000000,0.00000000,2026-06-11 19:00:00.000,MTM2,3200.00000000
WO-071228,10,10,MMC0000082,23014.50000000,0.67000000,0.00000000,2026-06-05 16:20:00.000,MTM2,23020.00000000
WO-071228,10,20,23-12729-008,34350.00000000,1.00000000,0.00000000,2026-06-05 16:20:00.000,MTM2,307947.00000000
WO-071230,19,10,MMC0000732,9690.00000000,0.57000000,0.00000000,2026-06-02 21:20:00.000,MTM2,34748.00000000
WO-071231,19,10,MMC0000731,29200.00000000,1.46000000,0.00000000,2026-05-29 00:00:00.000,MTM2,56117.18000000
WO-071232,10,10,MMC0000339,1352.00000000,0.65000000,0.00000000,2026-06-03 00:00:00.000,MTM2,10175.00000000
WO-071233,10,10,MMC0000339,4860.00000000,0.81000000,0.00000000,2026-06-01 23:00:00.000,MTM2,10175.00000000
WO-071234,29,10,104410-01,12960.00000000,9.00000000,0.00000000,2026-05-29 00:30:00.000,MTM2,-325.00000000
WO-071235,29,10,104410-01,22000.00000000,11.00000000,0.00000000,2026-05-29 00:50:00.000,MTM2,-325.00000000
WO-071235,29,30,613244-11,2000.00000000,1.00000000,0.00000000,2026-05-29 00:50:00.000,MTM2,560.00000000
WO-071236,19,10,MMC0000436,26150.00000000,5.23000000,0.00000000,2026-06-08 01:30:00.000,MTM2,26220.00000000
WO-071237,29,10,104410-01,645.00000000,3.00000000,0.00000000,2026-05-27 03:10:00.000,MTM2,-325.00000000
WO-071237,29,40,613244-03,215.00000000,1.00000000,0.00000000,2026-05-27 03:10:00.000,MTM2,485.00000000
WO-071238,29,10,104410-02,670.00000000,2.00000000,0.00000000,2026-06-09 19:20:00.000,MTM2,48338.00000000
WO-071238,29,30,613244-02,335.00000000,1.00000000,0.00000000,2026-06-09 19:20:00.000,MTM2,0.00000000
WO-071239,29,10,104410-02,1500.00000000,5.00000000,0.00000000,2026-05-27 14:40:00.000,MTM2,48338.00000000
WO-071239,29,30,613244-05,300.00000000,1.00000000,0.00000000,2026-05-27 14:40:00.000,MTM2,-1.00000000
WO-071240,29,10,104410-03,3000.00000000,10.00000000,0.00000000,2026-06-09 13:20:00.000,MTM2,3059.00000000
WO-071240,29,30,613244-10,300.00000000,1.00000000,0.00000000,2026-06-09 13:20:00.000,MTM2,211.00000000
WO-071241,29,10,104410-01,1305.00000000,5.00000000,0.00000000,2026-05-27 19:10:00.000,MTM2,-325.00000000
WO-071241,29,30,613244-05,261.00000000,1.00000000,0.00000000,2026-05-27 19:10:00.000,MTM2,-1.00000000
WO-071245,10,10,MMF0006614,108556.00000000,2.80000000,0.00000000,2026-06-05 16:40:00.000,MTM2,108559.00000000
WO-071247,19,10,MMC0000434,23421.00000000,4.22000000,0.00000000,2026-06-04 21:30:00.000,MTM2,23454.00000000
WO-071251,10,10,MMF0001014,2227.84000000,4.72000000,0.00000000,2026-05-29 12:10:00.000,MTM2,2534.24000000
WO-071265,19,10,MMC0000210,77.99000000,0.01100000,0.00000000,2026-05-29 11:30:00.000,MTM2,78.00000000
WO-071266,19,10,MMC0000056,10800.00000000,7.20000000,0.00000000,2026-06-02 12:50:00.000,MTM2,115177.00000000
WO-071267,19,10,MMC0000056,36000.00000000,7.20000000,0.00000000,2026-06-01 18:10:00.000,MTM2,115177.00000000
WO-071268,19,10,MMC0000431,1719.90000000,0.21000000,0.00000000,2026-06-01 07:10:00.000,MTM2,1720.00000000
WO-071269,909,10,S3BA0014B-Blank,4800.00000000,1.00000000,0.00000000,2026-06-25 00:00:00.000,MTM2,4875.00000000
WO-071271,919,10,V-EMB-2,1.00000000,0.00040000,0.00000000,2026-05-25 22:30:00.000,MTM2,387.00000000
WO-071271,919,20,V-EMB-500,1.00000000,0.01000000,0.00000000,2026-05-25 22:30:00.000,MTM2,1173.00000000
WO-071271,919,30,V-EMB-92,1.00000000,0.00040000,0.00000000,2026-05-25 22:30:00.000,MTM2,223.00000000
WO-071271,919,40,965578-PKG,100.00000000,1.00000000,0.00000000,2026-05-25 22:30:00.000,MTM2,60.00000000
WO-071272,919,10,V-EMB-2,1.00000000,0.00250000,0.00000000,2026-05-29 21:10:00.000,MTM2,387.00000000
WO-071272,919,20,V-EMB-500,5.00000000,0.02000000,0.00000000,2026-05-31 23:10:00.000,MTM2,1173.00000000
WO-071272,919,30,V-EMB-92,1.00000000,0.00250000,0.00000000,2026-05-29 21:10:00.000,MTM2,223.00000000
WO-071272,919,40,965582-PKG,250.00000000,1.00000000,0.00000000,2026-05-31 23:10:00.000,MTM2,1270.00000000
WO-071273,10,10,MMC0000590,5962.50000000,2.25000000,0.00000000,2026-06-10 02:50:00.000,MTM2,5984.00000000
WO-071274,19,10,MMC0000724,1064.00000000,0.28000000,0.00000000,2026-06-10 09:40:00.000,MTM2,1080.00000000
WO-071275,919,10,24759445-PKG,36.00000000,1.00000000,0.00000000,2026-05-29 06:10:00.000,MTM2,81.00000000
WO-071275,919,40,V-EMB-840,9.00000000,0.25000000,0.00000000,2026-05-29 06:10:00.000,MTM2,260.00000000
WO-071276,10,10,22-77723-120-Raw,1.00000000,1.00000000,0.00000000,2026-05-29 01:40:00.000,MTM2,379.00000000
WO-071276,10,20,22-74372-000,2.00000000,2.00000000,0.00000000,2026-05-29 01:40:00.000,MTM2,1271.00000000
WO-071277,19,10,MMC0000441,6952.00000000,0.55000000,0.00000000,2026-06-02 10:20:00.000,MTM2,6955.00000000
WO-071279,10,10,MMC0000594,2715.00000000,9.05000000,0.00000000,2026-06-12 06:40:00.000,MTM2,13420.00000000
WO-071279,10,30,Tooling Not Ready,300.00000000,1.00000000,0.00000000,2026-06-12 06:40:00.000,MTM2,0.00000000
WO-071280,10,10,MMC0000594,9050.00000000,9.05000000,0.00000000,2026-06-12 01:10:00.000,MTM2,13420.00000000
WO-071281,19,10,MMC0000878,6480.00000000,0.81000000,0.00000000,2026-06-09 05:50:00.000,MTM2,6540.00000000
WO-071282,19,10,MMF0000029,2280.00000000,1.52000000,0.00000000,2026-05-29 00:00:00.000,MTM2,2352.00000000
WO-071283,919,10,V-EMB-71,49.00000000,0.08330000,0.00000000,2026-06-18 21:40:00.000,MTM2,517.00000000
WO-071283,919,20,V-EMB-21,49.00000000,0.08330000,0.00000000,2026-06-18 21:40:00.000,MTM2,1268.00000000
WO-071283,919,30,V-EMB-1,49.00000000,0.08330000,0.00000000,2026-06-18 21:40:00.000,MTM2,221.00000000
WO-071283,919,40,V-EMB-61,49.00000000,0.08330000,0.00000000,2026-06-18 21:40:00.000,MTM2,1122.00000000
WO-071283,919,50,24733471-PKG,580.00000000,1.00000000,0.00000000,2026-06-18 21:40:00.000,MTM2,0.00000000
WO-071284,919,10,V-EMB-71,10.00000000,0.03330000,0.00000000,2026-06-23 22:30:00.000,MTM2,517.00000000
WO-071284,919,20,V-EMB-21,21.00000000,0.06670000,0.00000000,2026-06-23 22:30:00.000,MTM2,1268.00000000
WO-071284,919,30,V-EMB-1,10.00000000,0.03330000,0.00000000,2026-06-23 22:30:00.000,MTM2,221.00000000
WO-071284,919,40,V-EMB-61,10.00000000,0.03330000,0.00000000,2026-06-23 22:30:00.000,MTM2,1122.00000000
WO-071284,919,50,24733461-PKG,300.00000000,1.00000000,0.00000000,2026-06-23 22:30:00.000,MTM2,702.00000000
WO-071287,70,10,2481614,40.00000000,1.00000000,0.00000000,2026-06-02 05:50:00.000,MTM2,100.00000000
WO-071287,70,20,2481385,160.00000000,4.00000000,0.00000000,2026-06-02 05:50:00.000,MTM2,65.00000000
WO-071288,19,10,22-73639-105-Blank,800.00000000,1.00000000,0.00000000,2026-06-03 17:20:00.000,MTM2,0.00000000
WO-071289,19,10,22-73639-110-Blank,1501.00000000,1.00000000,0.00000000,2026-05-28 23:40:00.000,MTM2,0.00000000
WO-071290,19,10,22-73639-150-Blank,400.00000000,1.00000000,0.00000000,2026-05-28 03:00:00.000,MTM2,-1.00000000
WO-071291,919,40,V-EMB-750,5.00000000,0.14290000,0.00000000,2026-05-31 22:30:00.000,MTM2,1774.00000000
WO-071291,919,50,24733428-PKG,28.00000000,1.00000000,0.00000000,2026-05-31 22:30:00.000,MTM2,164.00000000
WO-071292,919,10,V-EMB-79,1.00000000,0.02080000,0.00000000,2026-05-26 17:20:00.000,MTM2,101.00000000
WO-071292,919,20,V-EMB-29,1.00000000,0.04170000,0.00000000,2026-05-26 17:20:00.000,MTM2,45.00000000
WO-071292,919,30,V-EMB-9,1.00000000,0.02080000,0.00000000,2026-05-26 17:20:00.000,MTM2,54.00000000
WO-071292,919,40,V-EMB-69,1.00000000,0.02080000,0.00000000,2026-05-26 17:20:00.000,MTM2,168.00000000
WO-071292,919,50,24733531-PKG,17.00000000,1.00000000,0.00000000,2026-05-26 17:20:00.000,MTM2,139.00000000
WO-071294,10,10,MMF0002006,176.04000000,0.54000000,0.00000000,2026-05-28 15:50:00.000,MTM2,239.00000000
WO-071296,919,10,24773808-PKG,4.00000000,1.00000000,0.00000000,2026-05-29 10:40:00.000,MTM2,33.00000000
WO-071296,919,20,V-EMB-91,1.00000000,0.01560000,0.00000000,2026-05-29 10:40:00.000,MTM2,274.00000000
WO-071296,919,30,V-EMB-1,1.00000000,0.01560000,0.00000000,2026-05-29 10:40:00.000,MTM2,221.00000000
WO-071296,919,40,V-EMB-780,1.00000000,0.25000000,0.00000000,2026-05-29 10:40:00.000,MTM2,761.00000000
WO-071298,910,10,24795000-PKG,44.00000000,1.00000000,0.00000000,2026-05-29 22:50:00.000,MTM2,8.00000000
WO-071298,910,20,V-EMB-92,1.00000000,0.00190000,0.00000000,2026-05-29 22:40:00.000,MTM2,223.00000000
WO-071298,910,30,V-EMB-2,1.00000000,0.00190000,0.00000000,2026-05-29 22:40:00.000,MTM2,387.00000000
WO-071298,910,40,V-EMB-750,1.00000000,0.02220000,0.00000000,2026-05-29 22:40:00.000,MTM2,1774.00000000
WO-071299,10,10,MMF0005007,3191.76000000,11.44000000,0.00000000,2026-06-12 08:40:00.000,MTM2,0.00000000
WO-071300,919,10,V-EMB-92,1.00000000,0.00780000,0.00000000,2026-05-31 23:10:00.000,MTM2,223.00000000
WO-071300,919,20,V-EMB-2,1.00000000,0.00780000,0.00000000,2026-05-31 23:10:00.000,MTM2,387.00000000
WO-071300,919,30,V-EMB-780,2.00000000,0.06250000,0.00000000,2026-05-31 23:10:00.000,MTM2,761.00000000
WO-071300,919,40,24797075-PKG,20.00000000,1.00000000,0.00000000,2026-05-31 23:10:00.000,MTM2,30.00000000
WO-071301,919,10,24858497-PKG,50.00000000,1.00000000,0.00000000,2026-06-02 23:40:00.000,MTM2,26.00000000
WO-071301,919,20,V-EMB-71,2.00000000,0.02780000,0.00000000,2026-06-02 23:40:00.000,MTM2,517.00000000
WO-071301,919,30,V-EMB-21,3.00000000,0.05560000,0.00000000,2026-06-02 23:40:00.000,MTM2,1268.00000000
WO-071301,919,40,V-EMB-1,2.00000000,0.02780000,0.00000000,2026-06-02 23:40:00.000,MTM2,221.00000000
WO-071301,919,50,V-EMB-61,2.00000000,0.02780000,0.00000000,2026-06-02 23:40:00.000,MTM2,1122.00000000
WO-071302,919,10,24858500-PKG,25.00000000,1.00000000,0.00000000,2026-05-31 23:00:00.000,MTM2,19.00000000
WO-071302,919,20,V-EMB-71,1.00000000,0.02780000,0.00000000,2026-05-31 23:00:00.000,MTM2,517.00000000
WO-071302,919,30,V-EMB-21,2.00000000,0.05560000,0.00000000,2026-05-31 23:00:00.000,MTM2,1268.00000000
WO-071302,919,40,V-EMB-1,1.00000000,0.02780000,0.00000000,2026-05-31 23:00:00.000,MTM2,221.00000000
WO-071302,919,50,V-EMB-61,1.00000000,0.02780000,0.00000000,2026-05-31 23:00:00.000,MTM2,1122.00000000
WO-071303,919,10,24858502-PKG,25.00000000,1.00000000,0.00000000,2026-05-31 22:50:00.000,MTM2,11.00000000
WO-071303,919,20,V-EMB-71,1.00000000,0.02780000,0.00000000,2026-05-31 22:50:00.000,MTM2,517.00000000
WO-071303,919,30,V-EMB-21,2.00000000,0.05560000,0.00000000,2026-05-31 22:50:00.000,MTM2,1268.00000000
WO-071303,919,40,V-EMB-1,1.00000000,0.02780000,0.00000000,2026-05-31 22:50:00.000,MTM2,221.00000000
WO-071303,919,50,V-EMB-61,1.00000000,0.02780000,0.00000000,2026-05-31 22:50:00.000,MTM2,1122.00000000
WO-071305,919,10,24937584-PKG,14.00000000,1.00000000,0.00000000,2026-05-29 10:50:00.000,MTM2,78.00000000
WO-071305,919,20,V-EMB-92,1.00000000,0.00130000,0.00000000,2026-05-29 10:50:00.000,MTM2,223.00000000
WO-071305,919,30,V-EMB-2,1.00000000,0.00130000,0.00000000,2026-05-29 10:50:00.000,MTM2,387.00000000
WO-071305,919,40,V-EMB-500,1.00000000,0.01040000,0.00000000,2026-05-29 10:50:00.000,MTM2,1173.00000000
WO-071307,919,10,26065879-PKG,16.00000000,1.00000000,0.00000000,2026-05-29 11:00:00.000,MTM2,18.00000000
WO-071307,919,20,V-EMB-92,1.00000000,0.00390000,0.00000000,2026-05-29 11:00:00.000,MTM2,223.00000000
WO-071307,919,30,V-EMB-2,1.00000000,0.00390000,0.00000000,2026-05-29 11:00:00.000,MTM2,387.00000000
WO-071307,919,40,V-EMB-750,1.00000000,0.06250000,0.00000000,2026-05-29 11:00:00.000,MTM2,1774.00000000
WO-071308,919,10,26073478-PKG,29.00000000,1.00000000,0.00000000,2026-05-29 11:10:00.000,MTM2,69.00000000
WO-071308,919,20,V-EMB-92,1.00000000,0.01040000,0.00000000,2026-05-29 11:10:00.000,MTM2,223.00000000
WO-071308,919,30,V-EMB-2,1.00000000,0.01040000,0.00000000,2026-05-29 11:10:00.000,MTM2,387.00000000
WO-071308,919,40,V-EMB-750,5.00000000,0.16670000,0.00000000,2026-05-29 11:10:00.000,MTM2,1774.00000000
WO-071309,10,10,MMC0000058,7999.62000000,0.16900000,0.00000000,2026-06-01 02:50:00.000,MTM2,8000.00000000
WO-071310,919,10,26073479-PKG,6.00000000,1.00000000,0.00000000,2026-05-29 06:20:00.000,MTM2,107.00000000
WO-071310,919,40,V-EMB-750,2.00000000,0.16670000,0.00000000,2026-05-29 06:20:00.000,MTM2,1774.00000000
WO-071312,10,10,MMF0008037,4533.76000000,58.88000000,0.00000000,2026-06-11 18:20:00.000,MTM2,230.00000000
WO-071313,919,10,990948,16.00000000,4.00000000,0.00000000,2026-06-18 02:00:00.000,MTM2,100.00000000
WO-071313,919,20,996061,16.00000000,4.00000000,0.00000000,2026-06-18 02:00:00.000,MTM2,100.00000000
WO-071313,919,30,17409649,4.00000000,1.00000000,0.00000000,2026-06-18 02:00:00.000,MTM2,4.00000000
WO-071313,919,40,78835831,4.00000000,1.00000000,0.00000000,2026-06-18 02:00:00.000,MTM2,90.00000000
WO-071313,919,50,78812268-PKG,4.00000000,1.00000000,0.00000000,2026-06-18 02:00:00.000,MTM2,0.00000000
WO-071315,10,10,MMF0008037,472.71000000,22.51000000,0.00000000,2026-06-19 21:40:00.000,MTM2,230.00000000
WO-071317,19,10,MMC0000654,9240.00000000,0.84000000,0.00000000,2026-06-09 09:00:00.000,MTM2,19060.00000000
WO-071318,10,10,MMC0000264,5688.20000000,2.38000000,0.00000000,2026-06-01 17:20:00.000,MTM2,5700.00000000
WO-071320,10,10,MMF0007125,288.30000000,1.86000000,0.00000000,2026-07-03 19:50:00.000,MTM2,140.00000000
WO-071322,10,10,22-74371-029-Raw,6.00000000,1.00000000,0.00000000,2026-06-04 23:50:00.000,MTM2,2.00000000
WO-071323,96,10,18-72142-010,4000.00000000,1.00000000,0.00000000,2026-06-04 03:00:00.000,MTM2,4477.00000000
WO-071323,96,20,18-72142-020,8000.00000000,2.00000000,0.00000000,2026-06-04 03:00:00.000,MTM2,7045.00000000
WO-071324,19,10,MMC0000277,62.00000000,0.03100000,0.00000000,2026-06-02 15:50:00.000,MTM2,250.00000000
WO-071326,19,10,MMC0001132,6193.44000000,0.17600000,0.00000000,2026-06-01 22:50:00.000,MTM2,6194.00000000
WO-071327,19,10,GM107144-01,3500.00000000,1.00000000,0.00000000,2026-06-03 09:50:00.000,MTM2,19232.00000000
WO-071327,19,20,GM107144-02,3500.00000000,1.00000000,0.00000000,2026-06-03 09:50:00.000,MTM2,2656.00000000
WO-071327,19,30,GM107144-03,3500.00000000,1.00000000,0.00000000,2026-06-03 09:50:00.000,MTM2,13466.00000000
WO-071327,19,40,GM107144-04,3500.00000000,1.00000000,0.00000000,2026-06-03 09:50:00.000,MTM2,16640.00000000
WO-071327,19,50,GM107144-05,10500.00000000,3.00000000,0.00000000,2026-06-03 09:50:00.000,MTM2,103040.00000000
WO-071327,19,60,GM107144-06,7000.00000000,2.00000000,0.00000000,2026-06-03 09:50:00.000,MTM2,44714.00000000
WO-071327,19,70,GM107144-07,3500.00000000,1.00000000,0.00000000,2026-06-03 09:50:00.000,MTM2,61638.00000000
WO-071327,19,80,GM107144-08,3500.00000000,1.00000000,0.00000000,2026-06-03 09:50:00.000,MTM2,32560.00000000
WO-071329,19,10,MMC0000125,12152.79000000,1.32600000,0.00000000,2026-06-11 10:10:00.000,MTM2,12153.00000000
WO-071330,10,10,MMC0000670,6600.00000000,1.10000000,0.00000000,2026-06-12 16:20:00.000,MTM2,6800.00000000
WO-071331,19,10,MMC0000651,42100.00000000,4.21000000,0.00000000,2026-06-03 11:00:00.000,MTM2,112631.00000000
WO-071333,19,10,MMC0000425,1300.00000000,0.26000000,0.00000000,2026-06-04 05:20:00.000,MTM2,6700.00000000
WO-071335,19,10,MMC0000430,16250.00000000,3.25000000,0.00000000,2026-05-29 10:40:00.000,MTM2,16640.00000000
WO-071335,19,20,FGT0756-01,0.00000000,0.00000000,0.00000000,2026-05-29 00:00:00.000,MTM2,0.00000000
WO-071336,19,20,FHA-M3-10,51000.00000000,6.00000000,0.00000000,2026-06-03 00:00:00.000,MTM2,526903.00000000
WO-071336,19,30,MMC0000650,54910.00000000,6.46000000,0.00000000,2026-06-03 00:00:00.000,MTM2,95399.18000000
WO-071341,919,10,V-EMB-2,1.00000000,0.00250000,0.00000000,2026-05-26 00:00:00.000,MTM2,387.00000000
WO-071341,919,20,V-EMB-500,1.00000000,0.02000000,0.00000000,2026-05-26 00:00:00.000,MTM2,1173.00000000
WO-071341,919,30,V-EMB-92,1.00000000,0.00250000,0.00000000,2026-05-26 00:00:00.000,MTM2,223.00000000
WO-071341,919,40,20383027-PKG,8.00000000,1.00000000,0.00000000,2026-05-26 00:00:00.000,MTM2,2546.00000000
WO-071342,919,10,V-EMB-2,1.00000000,0.00350000,0.00000000,2026-05-26 00:00:00.000,MTM2,387.00000000
WO-071342,919,20,V-EMB-500,1.00000000,0.02780000,0.00000000,2026-05-26 00:00:00.000,MTM2,1173.00000000
WO-071342,919,30,V-EMB-92,1.00000000,0.00350000,0.00000000,2026-05-26 00:00:00.000,MTM2,223.00000000
WO-071342,919,40,20433220-PKG,1.00000000,1.00000000,0.00000000,2026-05-26 00:00:00.000,MTM2,71.00000000
WO-071343,919,10,V-EMB-92,1.00000000,0.00450000,0.00000000,2026-06-24 23:20:00.000,MTM2,223.00000000
WO-071343,919,20,V-EMB-2,1.00000000,0.00450000,0.00000000,2026-06-24 23:20:00.000,MTM2,387.00000000
WO-071343,919,30,V-EMB-750,7.00000000,0.07140000,0.00000000,2026-06-24 23:20:00.000,MTM2,1774.00000000
WO-071343,919,40,20899384-PKG,98.00000000,1.00000000,0.00000000,2026-06-24 23:20:00.000,MTM2,377.00000000
WO-071344,919,10,V-EMB-92,1.00000000,0.00450000,0.00000000,2026-06-21 23:30:00.000,MTM2,223.00000000
WO-071344,919,20,V-EMB-2,1.00000000,0.00450000,0.00000000,2026-06-21 23:30:00.000,MTM2,387.00000000
WO-071344,919,30,V-EMB-750,6.00000000,0.07140000,0.00000000,2026-06-21 23:30:00.000,MTM2,1774.00000000
WO-071344,919,40,20899389-PKG,84.00000000,1.00000000,0.00000000,2026-06-21 23:30:00.000,MTM2,427.00000000
WO-071345,919,10,21044562-PKG,23.00000000,1.00000000,0.00000000,2026-06-02 23:40:00.000,MTM2,79.00000000
WO-071345,919,20,V-EMB-92,1.00000000,0.00130000,0.00000000,2026-06-02 23:40:00.000,MTM2,223.00000000
WO-071345,919,30,V-EMB-2,1.00000000,0.00130000,0.00000000,2026-06-02 23:40:00.000,MTM2,387.00000000
WO-071345,919,40,V-EMB-750,1.00000000,0.02000000,0.00000000,2026-06-02 23:40:00.000,MTM2,1774.00000000
WO-071346,919,10,V-EMB-2,1.00000000,0.00140000,0.00000000,2026-06-01 21:40:00.000,MTM2,387.00000000
WO-071346,919,20,V-EMB-750,8.00000000,0.02220000,0.00000000,2026-06-01 21:40:00.000,MTM2,1774.00000000
WO-071346,919,30,V-EMB-92,1.00000000,0.00140000,0.00000000,2026-06-01 21:40:00.000,MTM2,223.00000000
WO-071346,919,40,21094864-PKG,360.00000000,1.00000000,0.00000000,2026-06-01 21:40:00.000,MTM2,1150.00000000
WO-071347,919,10,V-EMB-2,3.00000000,0.00060000,0.00000000,2026-06-16 00:30:00.000,MTM2,387.00000000
WO-071347,919,20,V-EMB-500,47.00000000,0.01330000,0.00000000,2026-06-16 00:30:00.000,MTM2,1173.00000000
WO-071347,919,30,V-EMB-92,3.00000000,0.00060000,0.00000000,2026-06-16 00:30:00.000,MTM2,223.00000000
WO-071347,919,40,21827926-PKG,3525.00000000,1.00000000,0.00000000,2026-06-16 00:30:00.000,MTM2,6329.00000000
WO-071348,919,10,V-EMB-2,1.00000000,0.00310000,0.00000000,2026-06-14 23:20:00.000,MTM2,387.00000000
WO-071348,919,20,V-EMB-500,3.00000000,0.02500000,0.00000000,2026-06-14 23:20:00.000,MTM2,1173.00000000
WO-071348,919,30,V-EMB-92,1.00000000,0.00310000,0.00000000,2026-06-14 23:20:00.000,MTM2,223.00000000
WO-071348,919,40,22421149-PKG,120.00000000,1.00000000,0.00000000,2026-06-14 23:20:00.000,MTM2,1920.00000000
WO-071349,919,10,24383293-PKG,74.00000000,1.00000000,0.00000000,2026-06-07 23:30:00.000,MTM2,216.00000000
WO-071349,919,20,V-EMB-71,19.00000000,0.25000000,0.00000000,2026-06-07 23:30:00.000,MTM2,517.00000000
WO-071349,919,30,V-EMB-21,19.00000000,0.25000000,0.00000000,2026-06-07 23:30:00.000,MTM2,1268.00000000
WO-071349,919,40,V-EMB-1,19.00000000,0.25000000,0.00000000,2026-06-07 23:30:00.000,MTM2,221.00000000
WO-071349,919,50,V-EMB-61,19.00000000,0.25000000,0.00000000,2026-06-07 23:30:00.000,MTM2,1122.00000000
WO-071349,919,60,V-EMB-116,74.00000000,1.00000000,0.00000000,2026-06-07 23:30:00.000,MTM2,540.00000000
WO-071350,919,10,24436406-PKG,34.00000000,1.00000000,0.00000000,2026-06-02 23:50:00.000,MTM2,101.00000000
WO-071350,919,20,V-EMB-71,7.00000000,0.20000000,0.00000000,2026-05-26 00:00:00.000,MTM2,517.00000000
WO-071350,919,30,V-EMB-21,7.00000000,0.20000000,0.00000000,2026-05-26 00:00:00.000,MTM2,1268.00000000
WO-071350,919,40,V-EMB-1,7.00000000,0.20000000,0.00000000,2026-05-26 00:00:00.000,MTM2,221.00000000
WO-071350,919,50,V-EMB-61,7.00000000,0.20000000,0.00000000,2026-05-26 00:00:00.000,MTM2,1122.00000000
WO-071351,919,10,24473824-PKG,16.00000000,1.00000000,0.00000000,2026-06-16 23:50:00.000,MTM2,11.00000000
WO-071351,919,20,V-EMB-92,1.00000000,0.01040000,0.00000000,2026-05-26 00:00:00.000,MTM2,223.00000000
WO-071351,919,30,V-EMB-2,1.00000000,0.01040000,0.00000000,2026-05-26 00:00:00.000,MTM2,387.00000000
WO-071351,919,40,V-EMB-500,2.00000000,0.08330000,0.00000000,2026-06-16 23:50:00.000,MTM2,1173.00000000
WO-071352,929,10,24480539-PKG,162.00000000,1.00000000,0.00000000,2026-06-08 23:20:00.000,MTM2,99.00000000
WO-071352,929,20,V-EMB-71,11.00000000,0.06670000,0.00000000,2026-06-08 23:20:00.000,MTM2,517.00000000
WO-071352,929,30,V-EMB-21,11.00000000,0.06670000,0.00000000,2026-06-08 23:20:00.000,MTM2,1268.00000000
WO-071352,929,40,V-EMB-1,11.00000000,0.06670000,0.00000000,2026-06-08 23:20:00.000,MTM2,221.00000000
WO-071352,929,50,V-EMB-61,11.00000000,0.06670000,0.00000000,2026-06-08 23:20:00.000,MTM2,1122.00000000
WO-071353,919,10,V-EMB-2,2.00000000,0.00210000,0.00000000,2026-06-16 21:30:00.000,MTM2,387.00000000
WO-071353,919,20,V-EMB-500,31.00000000,0.05000000,0.00000000,2026-06-16 21:30:00.000,MTM2,1173.00000000
WO-071353,919,30,V-EMB-92,2.00000000,0.00210000,0.00000000,2026-06-16 21:30:00.000,MTM2,223.00000000
WO-071353,919,40,24487340-PKG,620.00000000,1.00000000,0.00000000,2026-06-16 21:30:00.000,MTM2,1820.00000000
WO-071354,919,10,V-EMB-92,23.00000000,0.08300000,0.00000000,2026-06-16 22:00:00.000,MTM2,223.00000000
WO-071354,919,20,V-EMB-2,3.00000000,0.00830000,0.00000000,2026-06-16 22:00:00.000,MTM2,387.00000000
WO-071354,919,30,V-EMB-780,19.00000000,0.06670000,0.00000000,2026-06-16 22:00:00.000,MTM2,761.00000000
WO-071354,919,40,24507917-PKG,270.00000000,1.00000000,0.00000000,2026-06-16 22:00:00.000,MTM2,965.00000000
WO-071355,919,10,V-EMB-2,1.00000000,0.00250000,0.00000000,2026-06-16 20:00:00.000,MTM2,387.00000000
WO-071355,919,20,V-EMB-500,7.00000000,0.02000000,0.00000000,2026-06-16 20:00:00.000,MTM2,1173.00000000
WO-071355,919,30,V-EMB-92,1.00000000,0.00250000,0.00000000,2026-06-16 20:00:00.000,MTM2,223.00000000
WO-071355,919,40,24569462-PKG,350.00000000,1.00000000,0.00000000,2026-06-16 20:00:00.000,MTM2,2989.00000000
WO-071356,919,10,V-EMB-2,1.00000000,0.00010000,0.00000000,2026-06-16 08:50:00.000,MTM2,387.00000000
WO-071356,919,20,V-EMB-500,5.00000000,0.00250000,0.00000000,2026-06-16 08:50:00.000,MTM2,1173.00000000
WO-071356,919,30,V-EMB-92,1.00000000,0.00010000,0.00000000,2026-06-16 08:50:00.000,MTM2,223.00000000
WO-071356,919,40,82279496-PKG,2000.00000000,1.00000000,0.00000000,2026-06-16 08:50:00.000,MTM2,3365.00000000
WO-071357,29,10,104410-01,8340.00000000,6.00000000,0.00000000,2026-05-26 00:00:00.000,MTM2,-325.00000000
WO-071357,29,20,FGT1034-01,0.00000000,0.00000000,0.00000000,2026-05-26 00:00:00.000,MTM2,0.00000000
WO-071357,29,30,613244-06,1390.00000000,1.00000000,0.00000000,2026-05-26 00:00:00.000,MTM2,185.00000000
WO-071358,919,10,V-EMB-71,28.00000000,0.08330000,0.00000000,2026-06-28 23:00:00.000,MTM2,517.00000000
WO-071358,919,20,V-EMB-21,28.00000000,0.08330000,0.00000000,2026-06-28 23:00:00.000,MTM2,1268.00000000
WO-071358,919,30,V-EMB-1,28.00000000,0.08330000,0.00000000,2026-06-28 23:00:00.000,MTM2,221.00000000
WO-071358,919,40,V-EMB-61,28.00000000,0.08330000,0.00000000,2026-06-28 23:00:00.000,MTM2,1122.00000000
WO-071358,919,50,24733473-PKG,333.00000000,1.00000000,0.00000000,2026-06-28 23:00:00.000,MTM2,128.00000000
WO-071359,910,10,78827341-PKG,371.00000000,1.00000000,0.00000000,2026-06-26 21:20:00.000,MTM2,708.00000000
WO-071359,910,20,V-EMB-91,4.00000000,0.00890000,0.00000000,2026-06-26 21:20:00.000,MTM2,274.00000000
WO-071359,910,30,V-EMB-2,4.00000000,0.00890000,0.00000000,2026-06-26 21:20:00.000,MTM2,387.00000000
WO-071359,910,40,V-EMB-780,54.00000000,0.14290000,0.00000000,2026-06-26 21:20:00.000,MTM2,761.00000000
WO-071360,919,10,V-EMB-72,23.00000000,0.10000000,0.00000000,2026-06-04 23:00:00.000,MTM2,255.00000000
WO-071360,919,20,V-EMB-22,69.00000000,0.30000000,0.00000000,2026-06-04 23:00:00.000,MTM2,465.00000000
WO-071360,919,30,V-EMB-2,23.00000000,0.10000000,0.00000000,2026-06-04 23:00:00.000,MTM2,387.00000000
WO-071360,919,40,V-EMB-62,23.00000000,0.10000000,0.00000000,2026-06-04 23:00:00.000,MTM2,353.00000000
WO-071360,919,50,24733521-PKG,230.00000000,1.00000000,0.00000000,2026-06-04 23:00:00.000,MTM2,336.00000000
WO-071361,919,10,V-EMB-71,26.00000000,0.05000000,0.00000000,2026-06-22 22:20:00.000,MTM2,517.00000000
WO-071361,919,20,V-EMB-21,104.00000000,0.20000000,0.00000000,2026-06-22 22:20:00.000,MTM2,1268.00000000
WO-071361,919,30,V-EMB-1,26.00000000,0.05000000,0.00000000,2026-06-22 22:20:00.000,MTM2,221.00000000
WO-071361,919,40,V-EMB-61,26.00000000,0.05000000,0.00000000,2026-06-22 22:20:00.000,MTM2,1122.00000000
WO-071361,919,50,24733517-PKG,520.00000000,1.00000000,0.00000000,2026-06-22 22:20:00.000,MTM2,884.00000000
WO-071362,919,10,V-EMB-71,3.00000000,0.01110000,0.00000000,2026-06-22 19:20:00.000,MTM2,517.00000000
WO-071362,919,20,V-EMB-21,5.00000000,0.02220000,0.00000000,2026-06-22 19:20:00.000,MTM2,1268.00000000
WO-071362,919,30,V-EMB-1,3.00000000,0.01110000,0.00000000,2026-06-22 19:20:00.000,MTM2,221.00000000
WO-071362,919,40,V-EMB-61,3.00000000,0.01110000,0.00000000,2026-06-22 19:20:00.000,MTM2,1122.00000000
WO-071362,919,50,24733518-PKG,210.00000000,1.00000000,0.00000000,2026-06-22 19:20:00.000,MTM2,589.00000000
WO-071363,919,10,V-EMB-76,1.00000000,0.08330000,0.00000000,2026-05-26 00:00:00.000,MTM2,73.00000000
WO-071363,919,20,V-EMB-26,1.00000000,0.08330000,0.00000000,2026-05-26 00:00:00.000,MTM2,71.00000000
WO-071363,919,30,V-EMB-6,1.00000000,0.08330000,0.00000000,2026-05-26 00:00:00.000,MTM2,49.00000000
WO-071363,919,40,V-EMB-66,1.00000000,0.08330000,0.00000000,2026-05-26 00:00:00.000,MTM2,252.00000000
WO-071363,919,50,24733529-PKG,2.00000000,1.00000000,0.00000000,2026-05-26 00:00:00.000,MTM2,6.00000000
WO-071364,919,10,V-EMB-71,65.00000000,0.01820000,0.00000000,2026-06-22 08:20:00.000,MTM2,517.00000000
WO-071364,919,20,V-EMB-21,194.00000000,0.05450000,0.00000000,2026-06-22 08:20:00.000,MTM2,1268.00000000
WO-071364,919,30,V-EMB-1,65.00000000,0.01820000,0.00000000,2026-06-22 08:20:00.000,MTM2,221.00000000
WO-071364,919,40,V-EMB-61,65.00000000,0.01820000,0.00000000,2026-06-22 08:20:00.000,MTM2,1122.00000000
WO-071364,919,50,24734037-PKG,3554.00000000,1.00000000,0.00000000,2026-06-22 08:20:00.000,MTM2,1915.00000000
WO-071365,919,10,V-EMB-92,2.00000000,0.02080000,0.00000000,2026-06-23 20:40:00.000,MTM2,223.00000000
WO-071365,919,20,V-EMB-2,2.00000000,0.02080000,0.00000000,2026-06-23 20:40:00.000,MTM2,387.00000000
WO-071365,919,30,V-EMB-800,11.00000000,0.11670000,0.00000000,2026-06-23 20:40:00.000,MTM2,487.00000000
WO-071365,919,40,24733429-PKG,90.00000000,1.00000000,0.00000000,2026-06-23 20:40:00.000,MTM2,93.00000000
WO-071366,919,10,V-EMB-71,44.00000000,0.08330000,0.00000000,2026-06-29 18:10:00.000,MTM2,517.00000000
WO-071366,919,20,V-EMB-21,44.00000000,0.08330000,0.00000000,2026-06-29 18:10:00.000,MTM2,1268.00000000
WO-071366,919,30,V-EMB-1,44.00000000,0.08330000,0.00000000,2026-06-29 18:10:00.000,MTM2,221.00000000
WO-071366,919,40,V-EMB-61,44.00000000,0.08330000,0.00000000,2026-06-29 18:10:00.000,MTM2,1122.00000000
WO-071366,919,50,24733464-PKG,522.00000000,1.00000000,0.00000000,2026-06-29 18:10:00.000,MTM2,1312.00000000
WO-071367,919,10,V-EMB-72,20.00000000,0.03330000,0.00000000,2026-06-29 21:10:00.000,MTM2,255.00000000
WO-071367,919,20,V-EMB-22,41.00000000,0.06670000,0.00000000,2026-06-29 21:10:00.000,MTM2,465.00000000
WO-071367,919,30,V-EMB-2,20.00000000,0.03330000,0.00000000,2026-06-29 21:10:00.000,MTM2,387.00000000
WO-071367,919,40,V-EMB-62,20.00000000,0.03330000,0.00000000,2026-06-29 21:10:00.000,MTM2,353.00000000
WO-071367,919,50,24733444-PKG,600.00000000,1.00000000,0.00000000,2026-06-29 21:10:00.000,MTM2,618.00000000
WO-071368,10,10,22-77723-080-Raw,73.00000000,1.00000000,0.00000000,2026-05-26 00:00:00.000,MTM2,0.00000000
WO-071368,10,20,22-74372-000,146.00000000,2.00000000,0.00000000,2026-05-26 00:00:00.000,MTM2,1271.00000000
WO-071369,10,10,22-77723-110-Raw,350.00000000,1.00000000,0.00000000,2026-05-26 00:00:00.000,MTM2,277.00000000
WO-071369,10,20,22-74372-000,700.00000000,2.00000000,0.00000000,2026-05-26 00:00:00.000,MTM2,1271.00000000
WO-071370,10,10,22-77723-125-Raw,219.00000000,1.00000000,0.00000000,2026-05-29 03:50:00.000,MTM2,3.00000000
WO-071370,10,20,22-74372-000,438.00000000,2.00000000,0.00000000,2026-05-29 03:50:00.000,MTM2,1271.00000000
WO-071371,10,10,22-77723-130-Raw,25.00000000,1.00000000,0.00000000,2026-05-29 01:50:00.000,MTM2,25.00000000
WO-071371,10,20,22-74372-000,50.00000000,2.00000000,0.00000000,2026-05-29 01:50:00.000,MTM2,1271.00000000
WO-071372,19,10,MMC0000653,17850.00000000,2.10000000,0.00000000,2026-06-09 17:40:00.000,MTM2,78155.00000000
WO-071372,19,20,FGT1212-01,0.00000000,0.00000000,0.00000000,2026-05-26 00:00:00.000,MTM2,0.00000000
WO-071373,96,10,17-13119-002,110.00000000,1.00000000,0.00000000,2026-05-29 16:50:00.000,MTM2,502.00000000
WO-071373,96,20,17-13120-002,110.00000000,1.00000000,0.00000000,2026-05-29 16:50:00.000,MTM2,946.00000000
WO-071373,96,30,A17-13146-001,110.00000000,1.00000000,0.00000000,2026-05-29 16:50:00.000,MTM2,158.00000000
WO-071374,10,10,MMC0000409,58140.00000000,0.45000000,0.00000000,2026-06-09 03:00:00.000,MTM2,58155.00000000
WO-071374,10,20,FGT0965-01,0.00000000,0.00000000,0.00000000,2026-05-26 00:00:00.000,MTM2,0.00000000
WO-071375,919,10,V-EMB-91,1.00000000,0.00630000,0.00000000,2026-05-26 00:00:00.000,MTM2,274.00000000
WO-071375,919,20,V-EMB-1,1.00000000,0.00630000,0.00000000,2026-05-26 00:00:00.000,MTM2,221.00000000
WO-071375,919,30,V-EMB-800,5.00000000,0.10000000,0.00000000,2026-05-29 06:30:00.000,MTM2,487.00000000
WO-071375,919,40,24733514-PKG,50.00000000,1.00000000,0.00000000,2026-05-29 06:30:00.000,MTM2,525.00000000
WO-071376,919,10,24705645-PKG,420.00000000,1.00000000,0.00000000,2026-06-16 20:10:00.000,MTM2,158.00000000
WO-071376,919,20,V-EMB-92,2.00000000,0.00420000,0.00000000,2026-06-16 20:10:00.000,MTM2,223.00000000
WO-071376,919,30,V-EMB-2,2.00000000,0.00420000,0.00000000,2026-06-16 20:10:00.000,MTM2,387.00000000
WO-071376,919,40,V-EMB-780,14.00000000,0.03330000,0.00000000,2026-06-16 20:10:00.000,MTM2,761.00000000
WO-071377,919,10,V-EMB-71,5.00000000,0.01720000,0.00000000,2026-06-23 20:50:00.000,MTM2,517.00000000
WO-071377,919,20,V-EMB-21,15.00000000,0.05170000,0.00000000,2026-06-23 20:50:00.000,MTM2,1268.00000000
WO-071377,919,30,V-EMB-1,5.00000000,0.01720000,0.00000000,2026-06-23 20:50:00.000,MTM2,221.00000000
WO-071377,919,40,V-EMB-61,5.00000000,0.01720000,0.00000000,2026-06-23 20:50:00.000,MTM2,1122.00000000
WO-071377,919,50,24733468-PKG,290.00000000,1.00000000,0.00000000,2026-06-23 20:50:00.000,MTM2,291.00000000
WO-071378,70,10,V-EMB-92,1.00000000,0.02500000,0.00000000,2026-06-09 23:20:00.000,MTM2,223.00000000
WO-071378,70,20,V-EMB-2,1.00000000,0.02500000,0.00000000,2026-06-09 23:20:00.000,MTM2,387.00000000
WO-071378,70,30,V-EMB-800,5.00000000,0.20000000,0.00000000,2026-06-09 23:20:00.000,MTM2,487.00000000
WO-071378,70,40,24733533-PKG,25.00000000,1.00000000,0.00000000,2026-06-09 23:20:00.000,MTM2,25.00000000
WO-071379,919,10,V-EMB-79,2.00000000,0.08330000,0.00000000,2026-06-14 23:10:00.000,MTM2,101.00000000
WO-071379,919,20,V-EMB-29,2.00000000,0.08330000,0.00000000,2026-06-14 23:10:00.000,MTM2,45.00000000
WO-071379,919,30,V-EMB-9,2.00000000,0.08330000,0.00000000,2026-06-14 23:10:00.000,MTM2,54.00000000
WO-071379,919,40,V-EMB-69,2.00000000,0.08330000,0.00000000,2026-06-14 23:10:00.000,MTM2,168.00000000
WO-071379,919,50,24733491-PKG,24.00000000,1.00000000,0.00000000,2026-06-14 23:10:00.000,MTM2,219.00000000
WO-071380,919,10,V-EMB-71,25.00000000,0.08330000,0.00000000,2026-06-26 19:40:00.000,MTM2,517.00000000
WO-071380,919,20,V-EMB-21,25.00000000,0.08330000,0.00000000,2026-06-26 19:40:00.000,MTM2,1268.00000000
WO-071380,919,30,V-EMB-1,25.00000000,0.08330000,0.00000000,2026-06-26 19:40:00.000,MTM2,221.00000000
WO-071380,919,40,V-EMB-61,25.00000000,0.08330000,0.00000000,2026-06-26 19:40:00.000,MTM2,1122.00000000
WO-071380,919,50,24733467-PKG,290.00000000,1.00000000,0.00000000,2026-06-26 19:40:00.000,MTM2,264.00000000
WO-071381,919,10,V-EMB-92,1.00000000,0.00890000,0.00000000,2026-06-26 17:30:00.000,MTM2,223.00000000
WO-071381,919,20,V-EMB-2,1.00000000,0.00890000,0.00000000,2026-06-26 17:30:00.000,MTM2,387.00000000
WO-071381,919,30,V-EMB-750,13.00000000,0.14290000,0.00000000,2026-06-26 17:30:00.000,MTM2,1774.00000000
WO-071381,919,40,24733426-PKG,84.00000000,1.00000000,0.00000000,2026-06-26 17:30:00.000,MTM2,164.00000000
WO-071382,919,10,24759470-PKG,30.00000000,1.00000000,0.00000000,2026-05-26 00:00:00.000,MTM2,72.00000000
WO-071382,919,20,V-EMB-71,6.00000000,0.16670000,0.00000000,2026-05-26 00:00:00.000,MTM2,517.00000000
WO-071382,919,30,V-EMB-1,6.00000000,0.16670000,0.00000000,2026-05-26 00:00:00.000,MTM2,221.00000000
WO-071382,919,40,V-EMB-21,6.00000000,0.16670000,0.00000000,2026-05-26 00:00:00.000,MTM2,1268.00000000
WO-071382,919,50,V-EMB-61,6.00000000,0.16670000,0.00000000,2026-05-26 00:00:00.000,MTM2,1122.00000000
WO-071383,919,10,V-EMB-2,1.00000000,0.00010000,0.00000000,2026-05-29 08:00:00.000,MTM2,387.00000000
WO-071383,919,20,V-EMB-500,3.00000000,0.00330000,0.00000000,2026-05-29 08:00:00.000,MTM2,1173.00000000
WO-071383,919,30,V-EMB-92,1.00000000,0.00010000,0.00000000,2026-05-29 08:00:00.000,MTM2,223.00000000
WO-071383,919,40,84055776-PKG,900.00000000,1.00000000,0.00000000,2026-05-29 08:00:00.000,MTM2,8856.00000000
WO-071384,919,10,26003359-PKG,1.00000000,1.00000000,0.00000000,2026-05-26 00:00:00.000,MTM2,3.00000000
WO-071384,919,20,V-EMB-92,1.00000000,0.01040000,0.00000000,2026-05-26 00:00:00.000,MTM2,223.00000000
WO-071384,919,30,V-EMB-2,1.00000000,0.01040000,0.00000000,2026-05-26 00:00:00.000,MTM2,387.00000000
WO-071384,919,40,V-EMB-750,1.00000000,0.16670000,0.00000000,2026-05-26 00:00:00.000,MTM2,1774.00000000
WO-071385,10,10,MMC0001124,12600.00000000,0.21000000,0.00000000,2027-04-27 17:50:00.000,MTM2,8379.50000000
WO-071385,10,20,FGT1167-01,0.00000000,0.00000000,0.00000000,2027-04-09 00:00:00.000,MTM2,0.00000000
WO-071386,10,10,MMC0000887,36531.00000000,4.95000000,0.00000000,2026-05-27 00:00:00.000,MTM2,0.00000000
WO-071386,10,20,FGT0199-01,0.00000000,0.00000000,0.00000000,2026-05-27 00:00:00.000,MTM2,0.00000000
WO-071387,96,10,KK105578,434.00000000,1.00000000,0.00000000,2026-06-03 00:00:00.000,MTM2,374.00000000
WO-071387,96,20,KK106063,434.00000000,1.00000000,0.00000000,2026-06-03 00:00:00.000,MTM2,524.00000000
WO-071387,96,25,KK125249,434.00000000,1.00000000,0.00000000,2026-06-03 00:00:00.000,MTM2,504.00000000
WO-071387,96,30,KK106521,434.00000000,1.00000000,0.00000000,2026-06-03 00:00:00.000,MTM2,5459.00000000
WO-071387,96,40,LVU28697,434.00000000,1.00000000,0.00000000,2026-06-03 00:00:00.000,MTM2,1055.00000000
WO-071388,919,10,78757733-PKG,575.00000000,1.00000000,0.00000000,2026-06-15 19:30:00.000,MTM2,1465.00000000
WO-071389,919,10,V-EMB-71,3.00000000,0.03330000,0.00000000,2026-06-23 20:20:00.000,MTM2,517.00000000
WO-071389,919,20,V-EMB-21,7.00000000,0.06670000,0.00000000,2026-06-23 20:20:00.000,MTM2,1268.00000000
WO-071389,919,30,V-EMB-1,3.00000000,0.03330000,0.00000000,2026-06-23 20:20:00.000,MTM2,221.00000000
WO-071389,919,40,V-EMB-61,3.00000000,0.03330000,0.00000000,2026-06-23 20:20:00.000,MTM2,1122.00000000
WO-071389,919,50,24733463-PKG,90.00000000,1.00000000,0.00000000,2026-06-23 20:20:00.000,MTM2,150.00000000
WO-071390,919,10,78749663-PKG,270.00000000,1.00000000,0.00000000,2026-05-29 07:00:00.000,MTM2,546.00000000
WO-071390,919,20,V-EMB-92,1.00000000,0.00310000,0.00000000,2026-05-26 00:00:00.000,MTM2,223.00000000
WO-071390,919,30,V-EMB-2,1.00000000,0.00310000,0.00000000,2026-05-26 00:00:00.000,MTM2,387.00000000
WO-071390,919,40,V-EMB-757,27.00000000,0.10000000,0.00000000,2026-05-29 07:00:00.000,MTM2,268.00000000
WO-071391,96,10,KK87344,780.00000000,1.00000000,0.00000000,2026-06-01 02:10:00.000,MTM2,606.00000000
WO-071391,96,20,KK106521,780.00000000,1.00000000,0.00000000,2026-06-01 02:10:00.000,MTM2,5459.00000000
WO-071391,96,30,LVU28697,780.00000000,1.00000000,0.00000000,2026-06-01 02:10:00.000,MTM2,1055.00000000
WO-071391,96,40,FGF0001-01,0.00000000,0.00000000,0.00000000,2026-05-26 00:00:00.000,MTM2,0.00000000
WO-071393,919,10,V-EMB-92,1.00000000,0.00170000,0.00000000,2026-06-23 19:40:00.000,MTM2,223.00000000
WO-071393,919,20,V-EMB-2,1.00000000,0.00170000,0.00000000,2026-06-23 19:40:00.000,MTM2,387.00000000
WO-071393,919,30,V-EMB-500,4.00000000,0.04000000,0.00000000,2026-06-23 19:40:00.000,MTM2,1173.00000000
WO-071393,919,40,23996946-PKG,100.00000000,1.00000000,0.00000000,2026-06-23 19:40:00.000,MTM2,212.00000000
WO-071394,19,10,MMC0000565,101500.00000000,0.87500000,0.00000000,2026-06-04 14:10:00.000,MTM2,157450.00000000
WO-071394,19,20,FGT1016-01,0.00000000,0.00000000,0.00000000,2026-05-26 00:00:00.000,MTM2,0.00000000
WO-071395,96,10,7454619,35.00000000,1.00000000,0.00000000,2026-06-08 21:40:00.000,MTM2,53.00000000
WO-071395,96,20,7497338,35.00000000,1.00000000,0.00000000,2026-06-08 21:40:00.000,MTM2,67.00000000
WO-071395,96,30,FGF0001-01,0.00000000,0.00000000,0.00000000,2026-05-26 00:00:00.000,MTM2,0.00000000
WO-071396,10,10,MMC0000235,4077.12000000,0.03200000,0.00000000,2026-06-02 01:00:00.000,MTM2,5200.00000000
WO-071396,10,20,FGT0320-01,0.00000000,0.00000000,0.00000000,2026-05-26 00:00:00.000,MTM2,0.00000000
WO-071397,19,10,MMF0005350,8.40000000,0.56000000,0.00000000,2026-05-26 00:00:00.000,MTM2,127.00000000
WO-071399,19,10,MMC0000570,957.58000000,0.26000000,0.00000000,2026-06-04 19:40:00.000,MTM2,3520.00000000
WO-071399,19,20,FGT0410-01,0.00000000,0.00000000,0.00000000,2026-05-26 00:00:00.000,MTM2,0.00000000
WO-071400,10,10,MMC0000595,700.00000000,0.08000000,0.00000000,2026-06-02 06:30:00.000,MTM2,700.00000000
WO-071400,10,20,FGT0992-01,0.00000000,0.00000000,0.00000000,2026-05-26 00:00:00.000,MTM2,0.00000000
WO-071401,10,10,MMF0002016,288.58000000,3.07000000,0.00000000,2026-05-26 00:00:00.000,MTM2,147.00000000
WO-071402,10,10,MMF0002016,102.80000000,2.57000000,0.00000000,2026-05-26 00:00:00.000,MTM2,147.00000000
WO-071403,10,10,MMF0002016,40.80000000,2.40000000,0.00000000,2026-05-29 01:00:00.000,MTM2,147.00000000
WO-071404,10,10,MMF0005537,314.72000000,2.81000000,0.00000000,2026-05-27 00:00:00.000,MTM2,12520.94000000
WO-071405,10,10,22-77723-150-Raw,294.00000000,1.00000000,0.00000000,2026-06-17 15:40:00.000,MTM2,294.00000000
WO-071405,10,20,22-74372-000,588.00000000,2.00000000,0.00000000,2026-06-17 15:40:00.000,MTM2,1271.00000000
WO-071406,10,10,22-77723-190-Raw,54.00000000,1.00000000,0.00000000,2026-06-03 22:00:00.000,MTM2,75.00000000
WO-071406,10,20,22-74372-000,108.00000000,2.00000000,0.00000000,2026-06-03 22:00:00.000,MTM2,1271.00000000
WO-071407,70,10,22-74371-050,5.00000000,1.00000000,0.00000000,2026-05-29 02:40:00.000,MTM2,18.00000000
WO-071407,70,20,22-74372-000,10.00000000,2.00000000,0.00000000,2026-05-29 02:40:00.000,MTM2,1271.00000000
WO-071408,70,10,22-74371-080,95.00000000,1.00000000,0.00000000,2026-06-17 12:00:00.000,MTM2,107.00000000
WO-071408,70,20,22-74372-000,190.00000000,2.00000000,0.00000000,2026-06-17 12:00:00.000,MTM2,1271.00000000
WO-071409,70,10,22-74371-080,20.00000000,1.00000000,0.00000000,2026-06-29 22:10:00.000,MTM2,107.00000000
WO-071409,70,20,22-74372-000,40.00000000,2.00000000,0.00000000,2026-06-29 22:10:00.000,MTM2,1271.00000000
WO-071410,70,10,22-74371-100,118.00000000,1.00000000,0.00000000,2026-06-11 19:40:00.000,MTM2,118.00000000
WO-071410,70,20,22-74372-000,236.00000000,2.00000000,0.00000000,2026-06-11 19:40:00.000,MTM2,1271.00000000
WO-071411,70,10,22-74371-110,547.00000000,1.00000000,0.00000000,2026-06-03 05:40:00.000,MTM2,547.00000000
WO-071411,70,20,22-74372-000,1094.00000000,2.00000000,0.00000000,2026-06-03 05:40:00.000,MTM2,1271.00000000
WO-071412,70,10,22-74371-140,124.00000000,1.00000000,0.00000000,2026-06-15 19:30:00.000,MTM2,124.00000000
WO-071412,70,20,22-74372-000,248.00000000,2.00000000,0.00000000,2026-06-15 19:30:00.000,MTM2,1271.00000000
WO-071413,70,10,22-74371-150,313.00000000,1.00000000,0.00000000,2026-06-25 14:10:00.000,MTM2,330.00000000
WO-071413,70,20,22-74372-000,626.00000000,2.00000000,0.00000000,2026-06-25 14:10:00.000,MTM2,1271.00000000
WO-071414,70,10,22-74371-160,5.00000000,1.00000000,0.00000000,2026-06-17 10:50:00.000,MTM2,5.00000000
WO-071414,70,20,22-74372-000,10.00000000,2.00000000,0.00000000,2026-06-17 10:50:00.000,MTM2,1271.00000000
WO-071415,919,10,V-EMB-72,2.00000000,0.05000000,0.00000000,2026-06-01 23:50:00.000,MTM2,255.00000000
WO-071415,919,20,V-EMB-22,2.00000000,0.05000000,0.00000000,2026-06-01 23:50:00.000,MTM2,465.00000000
WO-071415,919,30,V-EMB-2,2.00000000,0.05000000,0.00000000,2026-06-01 23:50:00.000,MTM2,387.00000000
WO-071415,919,40,V-EMB-62,2.00000000,0.05000000,0.00000000,2026-06-01 23:50:00.000,MTM2,353.00000000
WO-071415,919,50,24733515-PKG,30.00000000,1.00000000,0.00000000,2026-06-01 23:50:00.000,MTM2,317.00000000
WO-071416,919,10,V-EMB-91,1.00000000,0.00390000,0.00000000,2026-05-27 00:00:00.000,MTM2,274.00000000
WO-071416,919,20,V-EMB-1,1.00000000,0.00390000,0.00000000,2026-05-27 00:00:00.000,MTM2,221.00000000
WO-071416,919,30,V-EMB-780,8.00000000,0.06250000,0.00000000,2026-05-27 00:00:00.000,MTM2,761.00000000
WO-071416,919,40,24733510-PKG,125.00000000,1.00000000,0.00000000,2026-05-27 00:00:00.000,MTM2,41.00000000
WO-071417,919,10,V-EMB-92,20.00000000,0.00570000,0.00000000,2026-06-15 09:00:00.000,MTM2,223.00000000
WO-071417,919,20,V-EMB-2,20.00000000,0.00570000,0.00000000,2026-06-15 09:00:00.000,MTM2,387.00000000
WO-071417,919,30,V-EMB-750,318.00000000,0.09090000,0.00000000,2026-06-15 09:00:00.000,MTM2,1774.00000000
WO-071417,919,40,24733509-PKG,3498.00000000,1.00000000,0.00000000,2026-06-15 09:00:00.000,MTM2,2765.00000000
WO-071418,919,10,V-EMB-71,5.00000000,0.02220000,0.00000000,2026-06-22 21:30:00.000,MTM2,517.00000000
WO-071418,919,20,V-EMB-21,10.00000000,0.04440000,0.00000000,2026-06-22 21:30:00.000,MTM2,1268.00000000
WO-071418,919,30,V-EMB-1,5.00000000,0.02220000,0.00000000,2026-06-22 21:30:00.000,MTM2,221.00000000
WO-071418,919,40,V-EMB-61,5.00000000,0.02220000,0.00000000,2026-06-22 21:30:00.000,MTM2,1122.00000000
WO-071418,919,50,24733522-PKG,225.00000000,1.00000000,0.00000000,2026-06-22 21:30:00.000,MTM2,649.00000000
WO-071419,919,10,V-EMB-71,7.00000000,0.03330000,0.00000000,2026-06-22 20:30:00.000,MTM2,517.00000000
WO-071419,919,20,V-EMB-21,7.00000000,0.03330000,0.00000000,2026-06-22 20:30:00.000,MTM2,1268.00000000
WO-071419,919,30,V-EMB-1,7.00000000,0.03330000,0.00000000,2026-06-22 20:30:00.000,MTM2,221.00000000
WO-071419,919,40,V-EMB-61,7.00000000,0.03330000,0.00000000,2026-06-22 20:30:00.000,MTM2,1122.00000000
WO-071419,919,50,24733523-PKG,210.00000000,1.00000000,0.00000000,2026-06-22 20:30:00.000,MTM2,380.00000000
WO-071420,919,10,V-EMB-71,1.00000000,0.02500000,0.00000000,2026-06-08 23:00:00.000,MTM2,517.00000000
WO-071420,919,20,V-EMB-21,2.00000000,0.05000000,0.00000000,2026-06-08 23:00:00.000,MTM2,1268.00000000
WO-071420,919,30,V-EMB-1,1.00000000,0.02500000,0.00000000,2026-06-08 23:00:00.000,MTM2,221.00000000
WO-071420,919,40,V-EMB-61,1.00000000,0.02500000,0.00000000,2026-06-08 23:00:00.000,MTM2,1122.00000000
WO-071420,919,50,24733524-PKG,40.00000000,1.00000000,0.00000000,2026-06-08 23:00:00.000,MTM2,153.00000000
WO-071421,919,10,V-EMB-71,13.00000000,0.01720000,0.00000000,2026-06-29 19:40:00.000,MTM2,517.00000000
WO-071421,919,20,V-EMB-21,39.00000000,0.05170000,0.00000000,2026-06-29 19:40:00.000,MTM2,1268.00000000
WO-071421,919,30,V-EMB-1,13.00000000,0.01720000,0.00000000,2026-06-29 19:40:00.000,MTM2,221.00000000
WO-071421,919,40,V-EMB-61,13.00000000,0.01720000,0.00000000,2026-06-29 19:40:00.000,MTM2,1122.00000000
WO-071421,919,50,V-EMB-116,13.00000000,0.01720000,0.00000000,2026-06-29 19:40:00.000,MTM2,540.00000000
WO-071421,919,60,24733458-PKG,754.00000000,1.00000000,0.00000000,2026-06-29 19:40:00.000,MTM2,2201.00000000
WO-071422,29,10,104410-01,5565.00000000,7.00000000,0.00000000,2026-06-01 01:40:00.000,MTM2,-325.00000000
WO-071422,29,20,FGT1034-01,0.00000000,0.00000000,0.00000000,2026-05-27 00:00:00.000,MTM2,0.00000000
WO-071422,29,30,613244-07,795.00000000,1.00000000,0.00000000,2026-06-01 01:40:00.000,MTM2,618.00000000
WO-071423,10,10,MMF0008037,1884.16000000,58.88000000,0.00000000,2026-05-27 00:00:00.000,MTM2,230.00000000
WO-071424,10,10,MMF0005511,1339.00000000,2.06000000,0.00000000,2026-05-27 00:00:00.000,MTM2,2448.00000000
WO-071425,10,10,MMF0005511,1339.00000000,2.06000000,0.00000000,2026-05-26 00:00:00.000,MTM2,2448.00000000
WO-071426,919,10,V-EMB-71,2.00000000,0.01720000,0.00000000,2026-06-23 19:00:00.000,MTM2,517.00000000
WO-071426,919,20,V-EMB-21,6.00000000,0.05170000,0.00000000,2026-06-23 19:00:00.000,MTM2,1268.00000000
WO-071426,919,30,V-EMB-1,2.00000000,0.01720000,0.00000000,2026-06-23 19:00:00.000,MTM2,221.00000000
WO-071426,919,40,V-EMB-61,2.00000000,0.01720000,0.00000000,2026-06-23 19:00:00.000,MTM2,1122.00000000
WO-071426,919,50,24733470-PKG,116.00000000,1.00000000,0.00000000,2026-06-23 19:00:00.000,MTM2,158.00000000
WO-071427,919,10,24759448-PKG,30.00000000,1.00000000,0.00000000,2026-06-15 22:50:00.000,MTM2,94.00000000
WO-071427,919,20,V-EMB-72,2.00000000,0.06250000,0.00000000,2026-05-27 00:00:00.000,MTM2,255.00000000
WO-071427,919,30,V-EMB-2,2.00000000,0.06250000,0.00000000,2026-05-27 00:00:00.000,MTM2,387.00000000
WO-071427,919,40,V-EMB-62,10.00000000,0.33330000,0.00000000,2026-06-15 22:50:00.000,MTM2,353.00000000
WO-071427,919,50,V-EMB-22,10.00000000,0.33330000,0.00000000,2026-06-15 22:50:00.000,MTM2,465.00000000
WO-071428,919,10,24759454-PKG,30.00000000,1.00000000,0.00000000,2026-05-27 00:00:00.000,MTM2,51.00000000
WO-071428,919,20,V-EMB-71,1.00000000,0.03330000,0.00000000,2026-05-27 00:00:00.000,MTM2,517.00000000
WO-071428,919,30,V-EMB-21,3.00000000,0.06670000,0.00000000,2026-05-27 00:00:00.000,MTM2,1268.00000000
WO-071428,919,40,V-EMB-1,1.00000000,0.03330000,0.00000000,2026-05-27 00:00:00.000,MTM2,221.00000000
WO-071428,919,50,V-EMB-61,1.00000000,0.03330000,0.00000000,2026-05-27 00:00:00.000,MTM2,1122.00000000
WO-071430,10,10,85461F,5.00000000,1.00000000,0.00000000,2026-05-27 00:00:00.000,MTM2,1.00000000
WO-071431,19,10,MMF0005932,18.80000000,0.10160000,0.00000000,2026-05-29 02:40:00.000,MTM2,158.00000000
WO-071432,19,10,MMC0000174,2220.00000000,11.10000000,0.00000000,2026-06-19 20:30:00.000,MTM2,3220.00000000
WO-071432,19,20,FGT0366-01,0.00000000,0.00000000,0.00000000,2026-05-27 00:00:00.000,MTM2,0.00000000
WO-071433,10,10,MMF0005014,47.53000000,0.49000000,0.00000000,2026-05-27 00:00:00.000,MTM2,298.00000000
WO-071435,70,10,22-77723-040-Raw,10.00000000,1.00000000,0.00000000,2026-06-03 23:30:00.000,MTM2,78.00000000
WO-071435,70,20,22-74372-000,20.00000000,2.00000000,0.00000000,2026-06-03 23:30:00.000,MTM2,1271.00000000
WO-071436,919,10,24759435-PKG,2.00000000,1.00000000,0.00000000,2026-05-28 00:00:00.000,MTM2,22.00000000
WO-071436,919,20,V-EMB-91,1.00000000,0.01250000,0.00000000,2026-05-28 00:00:00.000,MTM2,274.00000000
WO-071436,919,30,V-EMB-1,1.00000000,0.01250000,0.00000000,2026-05-28 00:00:00.000,MTM2,221.00000000
WO-071436,919,40,V-EMB-780,1.00000000,0.20000000,0.00000000,2026-05-28 00:00:00.000,MTM2,761.00000000
WO-071437,919,10,V-EMB-71,83.00000000,0.05660000,0.00000000,2026-06-26 17:00:00.000,MTM2,517.00000000
WO-071437,919,20,V-EMB-21,162.00000000,0.11110000,0.00000000,2026-06-26 17:00:00.000,MTM2,1268.00000000
WO-071437,919,30,V-EMB-1,83.00000000,0.05660000,0.00000000,2026-06-26 17:00:00.000,MTM2,221.00000000
WO-071437,919,40,V-EMB-61,83.00000000,0.05660000,0.00000000,2026-06-26 17:00:00.000,MTM2,1122.00000000
WO-071437,919,50,24734040-PKG,1458.00000000,1.00000000,0.00000000,2026-06-26 17:00:00.000,MTM2,911.00000000
WO-071438,919,10,78700941-PKG,1.00000000,1.00000000,0.00000000,2026-05-29 11:20:00.000,MTM2,1.00000000
WO-071438,919,20,V-EMB-71,1.00000000,0.20000000,0.00000000,2026-05-29 11:20:00.000,MTM2,517.00000000
WO-071438,919,30,V-EMB-21,1.00000000,0.40000000,0.00000000,2026-05-29 11:20:00.000,MTM2,1268.00000000
WO-071438,919,40,V-EMB-1,1.00000000,0.20000000,0.00000000,2026-05-29 11:20:00.000,MTM2,221.00000000
WO-071438,919,50,V-EMB-61,1.00000000,0.20000000,0.00000000,2026-05-29 11:20:00.000,MTM2,1122.00000000
WO-071439,10,10,MMC0000881,40.00000000,0.04000000,0.00000000,2026-06-04 03:30:00.000,MTM2,296.00000000
WO-071439,10,20,FGT1015-01,0.00000000,0.00000000,0.00000000,2026-05-28 00:00:00.000,MTM2,0.00000000
WO-071440,919,10,24759456-PKG,3.00000000,1.00000000,0.00000000,2026-05-28 00:00:00.000,MTM2,43.00000000
WO-071440,919,20,V-EMB-71,1.00000000,0.03330000,0.00000000,2026-05-28 00:00:00.000,MTM2,517.00000000
WO-071440,919,30,V-EMB-21,1.00000000,0.03330000,0.00000000,2026-05-28 00:00:00.000,MTM2,1268.00000000
WO-071440,919,40,V-EMB-1,1.00000000,0.03330000,0.00000000,2026-05-28 00:00:00.000,MTM2,221.00000000
WO-071440,919,50,V-EMB-61,1.00000000,0.03330000,0.00000000,2026-05-28 00:00:00.000,MTM2,1122.00000000
WO-071441,19,10,RMSAEB1S0125-023,34214.56000000,7.61000000,0.00000000,2026-05-29 00:00:00.000,MTM2,17836.06000000
WO-071441,19,20,FGT0001-01,0.00000000,0.00000000,0.00000000,2026-05-28 00:00:00.000,MTM2,0.00000000
WO-071441,19,30,FGT0001-01,0.00000000,0.00000000,0.00000000,2026-05-28 00:00:00.000,MTM2,0.00000000
WO-071442,919,10,24759476-PKG,19.00000000,1.00000000,0.00000000,2026-05-28 00:00:00.000,MTM2,39.00000000
WO-071442,919,20,V-EMB-71,1.00000000,0.03330000,0.00000000,2026-05-28 00:00:00.000,MTM2,517.00000000
WO-071442,919,30,V-EMB-21,1.00000000,0.03330000,0.00000000,2026-05-28 00:00:00.000,MTM2,1268.00000000
WO-071442,919,40,V-EMB-1,1.00000000,0.03330000,0.00000000,2026-05-28 00:00:00.000,MTM2,221.00000000
WO-071442,919,50,V-EMB-61,1.00000000,0.03330000,0.00000000,2026-05-28 00:00:00.000,MTM2,1122.00000000
WO-071443,919,10,24853485-PKG,6.00000000,1.00000000,0.00000000,2026-05-28 00:00:00.000,MTM2,0.00000000
WO-071443,919,20,V-EMB-92,1.00000000,0.01040000,0.00000000,2026-05-28 00:00:00.000,MTM2,223.00000000
WO-071443,919,30,V-EMB-2,1.00000000,0.01040000,0.00000000,2026-05-28 00:00:00.000,MTM2,387.00000000
WO-071443,919,40,V-EMB-750,2.00000000,0.16670000,0.00000000,2026-05-28 00:00:00.000,MTM2,1774.00000000
WO-071444,919,10,24864578-PKG,9.00000000,1.00000000,0.00000000,2026-06-01 22:50:00.000,MTM2,30.00000000
WO-071444,919,20,V-EMB-92,1.00000000,0.00130000,0.00000000,2026-06-01 22:50:00.000,MTM2,223.00000000
WO-071444,919,30,V-EMB-2,1.00000000,0.00130000,0.00000000,2026-06-01 22:50:00.000,MTM2,387.00000000
WO-071444,919,40,V-EMB-500,1.00000000,0.01040000,0.00000000,2026-06-01 22:50:00.000,MTM2,1173.00000000
WO-071445,919,10,78677013-PKG,2.00000000,1.00000000,0.00000000,2026-05-28 00:00:00.000,MTM2,0.00000000
WO-071445,919,20,V-EMB-92,1.00000000,0.00780000,0.00000000,2026-05-28 00:00:00.000,MTM2,223.00000000
WO-071445,919,30,V-EMB-2,1.00000000,0.00780000,0.00000000,2026-05-28 00:00:00.000,MTM2,387.00000000
WO-071445,919,40,V-EMB-787,1.00000000,0.12500000,0.00000000,2026-05-28 00:00:00.000,MTM2,260.00000000
WO-071446,919,10,24887423-PKG,6.00000000,1.00000000,0.00000000,2026-05-28 00:00:00.000,MTM2,9.00000000
WO-071446,919,20,V-EMB-92,1.00000000,0.00520000,0.00000000,2026-05-28 00:00:00.000,MTM2,223.00000000
WO-071446,919,30,V-EMB-2,1.00000000,0.00520000,0.00000000,2026-05-28 00:00:00.000,MTM2,387.00000000
WO-071446,919,40,V-EMB-780,1.00000000,0.01040000,0.00000000,2026-05-28 00:00:00.000,MTM2,761.00000000
WO-071447,29,10,104410-01,600.00000000,3.00000000,0.00000000,2026-06-01 19:50:00.000,MTM2,-325.00000000
WO-071447,29,30,FGT1034-01,0.00000000,0.00000000,0.00000000,2026-05-28 00:00:00.000,MTM2,0.00000000
WO-071447,29,40,613244-03,200.00000000,1.00000000,0.00000000,2026-06-01 19:50:00.000,MTM2,485.00000000
WO-071449,10,10,MMF0005537,354.06000000,2.81000000,0.00000000,2026-06-25 22:40:00.000,MTM2,12520.94000000
WO-071450,10,10,MMC0000746,192600.00000000,6.42000000,0.00000000,2026-06-04 23:10:00.000,MTM2,187365.00000000
WO-071450,10,20,FGT1247-01,0.00000000,0.00000000,0.00000000,2026-05-29 00:00:00.000,MTM2,0.00000000
WO-071451,10,10,MMF0005537,2126.00000000,10.63000000,0.00000000,2026-06-26 12:00:00.000,MTM2,12520.94000000
WO-071452,19,10,MMF0005537,9088.00000000,128.00000000,0.00000000,2026-06-25 13:00:00.000,MTM2,12520.94000000
WO-071453,929,10,24480540-PKG,624.00000000,1.00000000,0.00000000,2026-05-29 07:00:00.000,MTM2,222.00000000
WO-071453,929,20,V-EMB-71,42.00000000,0.06670000,0.00000000,2026-05-29 07:00:00.000,MTM2,517.00000000
WO-071453,929,30,V-EMB-21,84.00000000,0.13330000,0.00000000,2026-05-29 07:00:00.000,MTM2,1268.00000000
WO-071453,929,40,V-EMB-1,42.00000000,0.06670000,0.00000000,2026-05-29 07:00:00.000,MTM2,221.00000000
WO-071453,929,50,V-EMB-61,42.00000000,0.06670000,0.00000000,2026-05-29 07:00:00.000,MTM2,1122.00000000
WO-071454,910,10,78816603-PKG,9.00000000,1.00000000,0.00000000,2026-06-01 23:40:00.000,MTM2,5.00000000
WO-071454,910,20,V-EMB-91,1.00000000,0.00310000,0.00000000,2026-06-01 23:40:00.000,MTM2,274.00000000
WO-071454,910,30,V-EMB-2,1.00000000,0.00310000,0.00000000,2026-06-01 23:40:00.000,MTM2,387.00000000
WO-071454,910,40,V-EMB-780,1.00000000,0.05000000,0.00000000,2026-06-01 23:40:00.000,MTM2,761.00000000
WO-071455,910,10,78816601-PKG,3.00000000,1.00000000,0.00000000,2026-06-01 21:30:00.000,MTM2,0.00000000
WO-071455,910,20,V-EMB-72,1.00000000,0.04170000,0.00000000,2026-06-01 21:30:00.000,MTM2,255.00000000
WO-071455,910,30,V-EMB-22,1.00000000,0.08330000,0.00000000,2026-06-01 21:30:00.000,MTM2,465.00000000
WO-071455,910,40,V-EMB-2,1.00000000,0.04170000,0.00000000,2026-06-01 21:30:00.000,MTM2,387.00000000
WO-071455,910,50,V-EMB-62,1.00000000,0.04170000,0.00000000,2026-06-01 21:30:00.000,MTM2,353.00000000
WO-071456,10,10,22-77723-075-Raw,19.00000000,1.00000000,0.00000000,2026-05-30 00:00:00.000,MTM2,0.00000000
WO-071457,919,10,V-EMB-2,1.00000000,0.00040000,0.00000000,2026-05-29 00:00:00.000,MTM2,387.00000000
WO-071457,919,20,V-EMB-500,2.00000000,0.01000000,0.00000000,2026-05-29 00:00:00.000,MTM2,1173.00000000
WO-071457,919,30,V-EMB-92,1.00000000,0.00040000,0.00000000,2026-05-29 00:00:00.000,MTM2,223.00000000
WO-071457,919,40,965578-PKG,160.00000000,1.00000000,0.00000000,2026-05-29 00:00:00.000,MTM2,60.00000000
WO-071458,10,10,MMF0005010,3211.60000000,2.17000000,0.00000000,2026-05-29 00:00:00.000,MTM2,568.40000000
WO-071459,10,10,MMC0000239,3679.00000000,0.26000000,0.00000000,2026-05-29 00:00:00.000,MTM2,3680.00000000
WO-071459,10,20,FGT0340-01,0.00000000,0.00000000,0.00000000,2026-05-29 00:00:00.000,MTM2,0.00000000
WO-071460,19,10,MMC0000066,12000.00000000,0.12000000,0.00000000,2026-05-29 00:00:00.000,MTM2,73608.60000000
WO-071460,19,20,FGT0975-01,0.00000000,0.00000000,0.00000000,2026-05-29 00:00:00.000,MTM2,0.00000000
WO-071461,10,10,MMF0005511,1030.00000000,2.06000000,0.00000000,2026-05-29 00:00:00.000,MTM2,2448.00000000
WO-071462,919,10,21044560-PKG,150.00000000,1.00000000,0.00000000,2026-05-29 00:00:00.000,MTM2,170.00000000
WO-071462,919,20,V-EMB-92,1.00000000,0.00130000,0.00000000,2026-05-29 00:00:00.000,MTM2,223.00000000
WO-071462,919,30,V-EMB-2,1.00000000,0.00130000,0.00000000,2026-05-29 00:00:00.000,MTM2,387.00000000
WO-071462,919,40,V-EMB-750,3.00000000,0.02000000,0.00000000,2026-05-29 00:00:00.000,MTM2,1774.00000000
WO-071463,19,10,MMC0000415,0.62000000,0.62000000,0.00000000,2026-05-29 00:00:00.000,MTM2,0.00000000
WO-071463,19,20,FGT0482-01,0.00000000,0.00000000,0.00000000,2026-05-29 00:00:00.000,MTM2,0.00000000
WO-071464,10,10,MMC0000287,14762.00000000,2.42000000,0.00000000,2026-05-29 00:00:00.000,MTM2,14820.00000000
WO-071464,10,20,FGT0594-01,0.00000000,0.00000000,0.00000000,2026-05-29 00:00:00.000,MTM2,0.00000000
WO-071465,19,10,MMF0000133,0.36000000,0.36000000,0.00000000,2026-05-29 00:00:00.000,MTM2,4519.00000000
WO-071465,19,20,FGT0201-01,0.00000000,0.00000000,0.00000000,2026-05-29 00:00:00.000,MTM2,0.00000000
WO-071466,19,10,MMC0000063,1.39000000,1.38400000,0.00000000,2026-05-29 00:00:00.000,MTM2,0.00000000
WO-071466,19,20,FGT0028-01,0.00000000,0.00000000,0.00000000,2026-05-29 00:00:00.000,MTM2,0.00000000
WO-071467,19,10,MMC0001000,582.00000000,3.88000000,0.00000000,2026-05-29 00:00:00.000,MTM2,41391.70000000
WO-071467,19,20,FGT0015-01,0.00000000,0.00000000,0.00000000,2026-05-29 00:00:00.000,MTM2,0.00000000