CUSTOMER_ORDER_ID,ORDER_LINE_NO,ORDER_DEL_NO,DEMAND_TYPE,SUPPLY_TYPE,SUPPLY_KEY,WORKORDER_BASE_ID,WORKORDER_LOT_ID,WORKORDER_SPLIT_ID,WORKORDER_SUB_ID,WORKORDER_TYPE,WORKORDER_PART_ID,DEMAND_PART_ID,ALLOCATED_QTY,WANT_DATE,FINISH_DATE
CO-085550,1,0,CO,WO,WO~CO-085550~1~0~0~0~ ,CO-085550,1,0,0,W,NULL, ,1.00000000,2027-06-25 00:00:00.000,2027-06-25 00:00:00.000
CO-085550,1,0,CO,WO,WO~CO-085550~1~0~0~0~ ,CO-085550,1,0,0,W,NULL, ,1.00000000,2027-06-25 00:00:00.000,2027-06-24 23:50:00.000
CO-085550,1,0,CO,WO,WO~CO-085550~1~0~0~0~ ,CO-085550,1,0,0,W,NULL, ,1.00000000,2027-06-25 00:00:00.000,2027-06-24 23:50:00.000
CO-087117,1,241,CD,WO,WO~WO-071133~1~0~0~0~1094.397.033,WO-071133,1,0,0,W,1094.397.033,1094.397.033,146.00000000,2027-05-10 00:00:00.000,2026-05-25 00:00:00.000
CO-087117,1,241,CD,WO,WO~WO-071133~1~0~0~0~1094.397.033,WO-071133,1,0,0,W,1094.397.033,1094.397.033,146.00000000,2027-05-10 00:00:00.000,2026-06-11 18:20:00.000
CO-087117,1,241,CD,WO,WO~WO-071133~1~0~0~0~1094.397.033,WO-071133,1,0,0,W,1094.397.033,1094.397.033,146.00000000,2027-05-10 00:00:00.000,2026-06-10 20:40:00.000
CO-087117,1,240,CD,WO,WO~WO-071133~1~0~0~0~1094.397.033,WO-071133,1,0,0,W,1094.397.033,1094.397.033,125.00000000,2027-05-03 00:00:00.000,2026-05-25 00:00:00.000
CO-087117,1,240,CD,WO,WO~WO-071133~1~0~0~0~1094.397.033,WO-071133,1,0,0,W,1094.397.033,1094.397.033,125.00000000,2027-05-03 00:00:00.000,2026-06-10 20:40:00.000
CO-087117,1,240,CD,WO,WO~WO-071133~1~0~0~0~1094.397.033,WO-071133,1,0,0,W,1094.397.033,1094.397.033,125.00000000,2027-05-03 00:00:00.000,2026-06-11 18:20:00.000
CO-085587,1,5,CD,WO,WO~WO-071046~1~0~0~0~SRE-50006,WO-071046,1,0,0,W,SRE-50006,SRE-50006,8700.00000000,2027-04-30 00:00:00.000,2026-05-01 00:00:00.000
CO-085587,1,5,CD,WO,WO~WO-071046~1~0~0~0~SRE-50006,WO-071046,1,0,0,W,SRE-50006,SRE-50006,8700.00000000,2027-04-30 00:00:00.000,2026-05-27 03:00:00.000
CO-085587,1,5,CD,WO,WO~WO-071046~1~0~0~0~SRE-50006,WO-071046,1,0,0,W,SRE-50006,SRE-50006,8700.00000000,2027-04-30 00:00:00.000,2026-05-25 21:30:00.000
CO-085589,1,1,CD,WO,WO~WO-071385~1~0~0~0~SRE-50009,WO-071385,1,0,0,W,SRE-50009,SRE-50009,57241.00000000,2027-04-30 00:00:00.000,2027-04-30 00:00:00.000
CO-087117,1,239,CD,WO,WO~WO-071133~1~0~0~0~1094.397.033,WO-071133,1,0,0,W,1094.397.033,1094.397.033,125.00000000,2027-04-26 00:00:00.000,2026-05-25 00:00:00.000
CO-087117,1,239,CD,WO,WO~WO-071133~1~0~0~0~1094.397.033,WO-071133,1,0,0,W,1094.397.033,1094.397.033,125.00000000,2027-04-26 00:00:00.000,2026-06-11 18:20:00.000
CO-087117,1,239,CD,WO,WO~WO-071133~1~0~0~0~1094.397.033,WO-071133,1,0,0,W,1094.397.033,1094.397.033,125.00000000,2027-04-26 00:00:00.000,2026-06-10 20:40:00.000
CO-100026-22,9,6,CD,WO,WO~WO-070231~1~0~0~0~32037-0538,WO-070231,1,0,0,W,32037-0538,32037-0538,24.00000000,2027-04-21 00:00:00.000,2026-05-28 00:00:00.000
CO-100026-22,9,6,CD,WO,WO~WO-070231~1~0~0~0~32037-0538,WO-070231,1,0,0,W,32037-0538,32037-0538,24.00000000,2027-04-21 00:00:00.000,2026-05-27 23:50:00.000
CO-100026-22,9,6,CD,WO,WO~WO-070231~1~0~0~0~32037-0538,WO-070231,1,0,0,W,32037-0538,32037-0538,24.00000000,2027-04-21 00:00:00.000,2026-05-27 23:50:00.000
CO-087117,1,238,CD,WO,WO~WO-071133~1~0~0~0~1094.397.033,WO-071133,1,0,0,W,1094.397.033,1094.397.033,125.00000000,2027-04-19 00:00:00.000,2026-05-25 00:00:00.000
CO-087117,1,238,CD,WO,WO~WO-071133~1~0~0~0~1094.397.033,WO-071133,1,0,0,W,1094.397.033,1094.397.033,125.00000000,2027-04-19 00:00:00.000,2026-06-11 18:20:00.000
CO-087117,1,238,CD,WO,WO~WO-071133~1~0~0~0~1094.397.033,WO-071133,1,0,0,W,1094.397.033,1094.397.033,125.00000000,2027-04-19 00:00:00.000,2026-06-10 20:40:00.000
CO-087117,1,237,CD,WO,WO~WO-071133~1~0~0~0~1094.397.033,WO-071133,1,0,0,W,1094.397.033,1094.397.033,125.00000000,2027-04-12 00:00:00.000,2026-05-25 00:00:00.000
CO-087117,1,237,CD,WO,WO~WO-071133~1~0~0~0~1094.397.033,WO-071133,1,0,0,W,1094.397.033,1094.397.033,125.00000000,2027-04-12 00:00:00.000,2026-06-10 20:40:00.000
CO-087117,1,237,CD,WO,WO~WO-071133~1~0~0~0~1094.397.033,WO-071133,1,0,0,W,1094.397.033,1094.397.033,125.00000000,2027-04-12 00:00:00.000,2026-06-11 18:20:00.000
CO-087117,1,236,CD,WO,WO~WO-071133~1~0~0~0~1094.397.033,WO-071133,1,0,0,W,1094.397.033,1094.397.033,250.00000000,2027-04-05 00:00:00.000,2026-05-25 00:00:00.000
CO-087117,1,236,CD,WO,WO~WO-071133~1~0~0~0~1094.397.033,WO-071133,1,0,0,W,1094.397.033,1094.397.033,250.00000000,2027-04-05 00:00:00.000,2026-06-11 18:20:00.000
CO-087117,1,236,CD,WO,WO~WO-071133~1~0~0~0~1094.397.033,WO-071133,1,0,0,W,1094.397.033,1094.397.033,250.00000000,2027-04-05 00:00:00.000,2026-06-10 20:40:00.000
CO-087117,1,235,CD,WO,WO~WO-071133~1~0~0~0~1094.397.033,WO-071133,1,0,0,W,1094.397.033,1094.397.033,125.00000000,2027-03-29 00:00:00.000,2026-05-25 00:00:00.000
CO-087117,1,235,CD,WO,WO~WO-071133~1~0~0~0~1094.397.033,WO-071133,1,0,0,W,1094.397.033,1094.397.033,125.00000000,2027-03-29 00:00:00.000,2026-06-10 20:40:00.000
CO-087117,1,235,CD,WO,WO~WO-071133~1~0~0~0~1094.397.033,WO-071133,1,0,0,W,1094.397.033,1094.397.033,125.00000000,2027-03-29 00:00:00.000,2026-06-11 18:20:00.000
CO-100026-22,9,5,CD,WO,WO~WO-070231~1~0~0~0~32037-0538,WO-070231,1,0,0,W,32037-0538,32037-0538,300.00000000,2027-03-24 00:00:00.000,2026-05-28 00:00:00.000
CO-100026-22,9,5,CD,WO,WO~WO-070231~1~0~0~0~32037-0538,WO-070231,1,0,0,W,32037-0538,32037-0538,300.00000000,2027-03-24 00:00:00.000,2026-05-27 23:50:00.000
CO-100026-22,9,5,CD,WO,WO~WO-070231~1~0~0~0~32037-0538,WO-070231,1,0,0,W,32037-0538,32037-0538,300.00000000,2027-03-24 00:00:00.000,2026-05-27 23:50:00.000
CO-087117,1,234,CD,WO,WO~WO-071133~1~0~0~0~1094.397.033,WO-071133,1,0,0,W,1094.397.033,1094.397.033,125.00000000,2027-03-22 00:00:00.000,2026-05-25 00:00:00.000
CO-087117,1,234,CD,WO,WO~WO-071133~1~0~0~0~1094.397.033,WO-071133,1,0,0,W,1094.397.033,1094.397.033,125.00000000,2027-03-22 00:00:00.000,2026-06-11 18:20:00.000
CO-087117,1,234,CD,WO,WO~WO-071133~1~0~0~0~1094.397.033,WO-071133,1,0,0,W,1094.397.033,1094.397.033,125.00000000,2027-03-22 00:00:00.000,2026-06-10 20:40:00.000
CO-100027-22,182,1,CD,WO,WO~WO-070907~1~0~0~0~78687452,WO-070907,1,0,0,W,78687452,78687452,1.00000000,2027-03-16 00:00:00.000,2026-05-13 00:00:00.000
CO-100027-22,182,1,CD,WO,WO~WO-070907~1~0~0~0~78687452,WO-070907,1,0,0,W,78687452,78687452,1.00000000,2027-03-16 00:00:00.000,2026-05-22 01:00:00.000
CO-100027-22,182,1,CD,WO,WO~WO-070907~1~0~0~0~78687452,WO-070907,1,0,0,W,78687452,78687452,1.00000000,2027-03-16 00:00:00.000,2026-05-22 08:20:00.000
CO-087117,1,233,CD,WO,WO~WO-071133~1~0~0~0~1094.397.033,WO-071133,1,0,0,W,1094.397.033,1094.397.033,125.00000000,2027-03-15 00:00:00.000,2026-05-25 00:00:00.000
CO-087117,1,233,CD,WO,WO~WO-071133~1~0~0~0~1094.397.033,WO-071133,1,0,0,W,1094.397.033,1094.397.033,125.00000000,2027-03-15 00:00:00.000,2026-06-11 18:20:00.000
CO-087117,1,233,CD,WO,WO~WO-071133~1~0~0~0~1094.397.033,WO-071133,1,0,0,W,1094.397.033,1094.397.033,125.00000000,2027-03-15 00:00:00.000,2026-06-10 20:40:00.000
CO-087117,1,232,CD,WO,WO~WO-071133~1~0~0~0~1094.397.033,WO-071133,1,0,0,W,1094.397.033,1094.397.033,125.00000000,2027-03-08 00:00:00.000,2026-05-25 00:00:00.000
CO-087117,1,232,CD,WO,WO~WO-071133~1~0~0~0~1094.397.033,WO-071133,1,0,0,W,1094.397.033,1094.397.033,125.00000000,2027-03-08 00:00:00.000,2026-06-10 20:40:00.000
CO-087117,1,232,CD,WO,WO~WO-071133~1~0~0~0~1094.397.033,WO-071133,1,0,0,W,1094.397.033,1094.397.033,125.00000000,2027-03-08 00:00:00.000,2026-06-11 18:20:00.000
CO-087117,1,231,CD,WO,WO~WO-071133~1~0~0~0~1094.397.033,WO-071133,1,0,0,W,1094.397.033,1094.397.033,125.00000000,2027-03-01 00:00:00.000,2026-05-25 00:00:00.000
CO-087117,1,231,CD,WO,WO~WO-071133~1~0~0~0~1094.397.033,WO-071133,1,0,0,W,1094.397.033,1094.397.033,125.00000000,2027-03-01 00:00:00.000,2026-06-11 18:20:00.000
CO-087117,1,231,CD,WO,WO~WO-071133~1~0~0~0~1094.397.033,WO-071133,1,0,0,W,1094.397.033,1094.397.033,125.00000000,2027-03-01 00:00:00.000,2026-06-10 20:40:00.000
CO-087117,1,230,CD,WO,WO~WO-071133~1~0~0~0~1094.397.033,WO-071133,1,0,0,W,1094.397.033,1094.397.033,125.00000000,2027-02-22 00:00:00.000,2026-05-25 00:00:00.000
CO-087117,1,230,CD,WO,WO~WO-071133~1~0~0~0~1094.397.033,WO-071133,1,0,0,W,1094.397.033,1094.397.033,125.00000000,2027-02-22 00:00:00.000,2026-06-10 20:40:00.000
CO-087117,1,230,CD,WO,WO~WO-071133~1~0~0~0~1094.397.033,WO-071133,1,0,0,W,1094.397.033,1094.397.033,125.00000000,2027-02-22 00:00:00.000,2026-06-11 18:20:00.000
CO-087117,1,229,CD,WO,WO~WO-071133~1~0~0~0~1094.397.033,WO-071133,1,0,0,W,1094.397.033,1094.397.033,125.00000000,2027-02-15 00:00:00.000,2026-05-25 00:00:00.000
CO-087117,1,229,CD,WO,WO~WO-071133~1~0~0~0~1094.397.033,WO-071133,1,0,0,W,1094.397.033,1094.397.033,125.00000000,2027-02-15 00:00:00.000,2026-06-11 18:20:00.000
CO-087117,1,229,CD,WO,WO~WO-071133~1~0~0~0~1094.397.033,WO-071133,1,0,0,W,1094.397.033,1094.397.033,125.00000000,2027-02-15 00:00:00.000,2026-06-10 20:40:00.000
CO-100026-22,9,3,CD,WO,WO~WO-070231~1~0~0~0~32037-0538,WO-070231,1,0,0,W,32037-0538,32037-0538,24.00000000,2027-02-10 00:00:00.000,2026-05-28 00:00:00.000
CO-100026-22,9,3,CD,WO,WO~WO-070231~1~0~0~0~32037-0538,WO-070231,1,0,0,W,32037-0538,32037-0538,24.00000000,2027-02-10 00:00:00.000,2026-05-27 23:50:00.000
CO-100026-22,9,3,CD,WO,WO~WO-070231~1~0~0~0~32037-0538,WO-070231,1,0,0,W,32037-0538,32037-0538,24.00000000,2027-02-10 00:00:00.000,2026-05-27 23:50:00.000
CO-100026-22,9,4,CD,WO,WO~WO-070231~1~0~0~0~32037-0538,WO-070231,1,0,0,W,32037-0538,32037-0538,276.00000000,2027-02-10 00:00:00.000,2026-05-28 00:00:00.000
CO-100026-22,9,4,CD,WO,WO~WO-070231~1~0~0~0~32037-0538,WO-070231,1,0,0,W,32037-0538,32037-0538,276.00000000,2027-02-10 00:00:00.000,2026-05-27 23:50:00.000
CO-100026-22,9,4,CD,WO,WO~WO-070231~1~0~0~0~32037-0538,WO-070231,1,0,0,W,32037-0538,32037-0538,276.00000000,2027-02-10 00:00:00.000,2026-05-27 23:50:00.000
CO-087117,1,228,CD,WO,WO~WO-071133~1~0~0~0~1094.397.033,WO-071133,1,0,0,W,1094.397.033,1094.397.033,125.00000000,2027-02-08 00:00:00.000,2026-05-25 00:00:00.000
CO-087117,1,228,CD,WO,WO~WO-071133~1~0~0~0~1094.397.033,WO-071133,1,0,0,W,1094.397.033,1094.397.033,125.00000000,2027-02-08 00:00:00.000,2026-06-11 18:20:00.000
CO-087117,1,228,CD,WO,WO~WO-071133~1~0~0~0~1094.397.033,WO-071133,1,0,0,W,1094.397.033,1094.397.033,125.00000000,2027-02-08 00:00:00.000,2026-06-10 20:40:00.000
CO-087117,1,227,CD,WO,WO~WO-071133~1~0~0~0~1094.397.033,WO-071133,1,0,0,W,1094.397.033,1094.397.033,125.00000000,2027-02-01 00:00:00.000,2026-05-25 00:00:00.000
CO-087117,1,227,CD,WO,WO~WO-071133~1~0~0~0~1094.397.033,WO-071133,1,0,0,W,1094.397.033,1094.397.033,125.00000000,2027-02-01 00:00:00.000,2026-06-10 20:40:00.000
CO-087117,1,227,CD,WO,WO~WO-071133~1~0~0~0~1094.397.033,WO-071133,1,0,0,W,1094.397.033,1094.397.033,125.00000000,2027-02-01 00:00:00.000,2026-06-11 18:20:00.000
CO-087117,1,226,CD,WO,WO~WO-071133~1~0~0~0~1094.397.033,WO-071133,1,0,0,W,1094.397.033,1094.397.033,250.00000000,2027-01-25 00:00:00.000,2026-05-25 00:00:00.000
CO-087117,1,226,CD,WO,WO~WO-071133~1~0~0~0~1094.397.033,WO-071133,1,0,0,W,1094.397.033,1094.397.033,250.00000000,2027-01-25 00:00:00.000,2026-06-11 18:20:00.000
CO-087117,1,226,CD,WO,WO~WO-071133~1~0~0~0~1094.397.033,WO-071133,1,0,0,W,1094.397.033,1094.397.033,250.00000000,2027-01-25 00:00:00.000,2026-06-10 20:40:00.000
CO-087117,1,225,CD,WO,WO~WO-071133~1~0~0~0~1094.397.033,WO-071133,1,0,0,W,1094.397.033,1094.397.033,125.00000000,2027-01-18 00:00:00.000,2026-05-25 00:00:00.000
CO-087117,1,225,CD,WO,WO~WO-071133~1~0~0~0~1094.397.033,WO-071133,1,0,0,W,1094.397.033,1094.397.033,125.00000000,2027-01-18 00:00:00.000,2026-06-10 20:40:00.000
CO-087117,1,225,CD,WO,WO~WO-071133~1~0~0~0~1094.397.033,WO-071133,1,0,0,W,1094.397.033,1094.397.033,125.00000000,2027-01-18 00:00:00.000,2026-06-11 18:20:00.000
CO-087117,1,224,CD,WO,WO~WO-071133~1~0~0~0~1094.397.033,WO-071133,1,0,0,W,1094.397.033,1094.397.033,125.00000000,2027-01-11 00:00:00.000,2026-05-25 00:00:00.000
CO-087117,1,224,CD,WO,WO~WO-071133~1~0~0~0~1094.397.033,WO-071133,1,0,0,W,1094.397.033,1094.397.033,125.00000000,2027-01-11 00:00:00.000,2026-06-11 18:20:00.000
CO-087117,1,224,CD,WO,WO~WO-071133~1~0~0~0~1094.397.033,WO-071133,1,0,0,W,1094.397.033,1094.397.033,125.00000000,2027-01-11 00:00:00.000,2026-06-10 20:40:00.000
CO-087117,1,242,CD,WO,WO~WO-071133~1~0~0~0~1094.397.033,WO-071133,1,0,0,W,1094.397.033,1094.397.033,125.00000000,2027-01-04 00:00:00.000,2026-05-25 00:00:00.000
CO-087117,1,242,CD,WO,WO~WO-071133~1~0~0~0~1094.397.033,WO-071133,1,0,0,W,1094.397.033,1094.397.033,125.00000000,2027-01-04 00:00:00.000,2026-06-10 20:40:00.000
CO-087117,1,242,CD,WO,WO~WO-071133~1~0~0~0~1094.397.033,WO-071133,1,0,0,W,1094.397.033,1094.397.033,125.00000000,2027-01-04 00:00:00.000,2026-06-11 18:20:00.000
CO-085115,12,42,CD,WO,WO~WO-071448~1~0~0~0~29568451,WO-071448,1,0,0,W,29568451,29568451,4.00000000,2026-12-27 00:00:00.000,2026-06-03 00:00:00.000
CO-100026-22,9,2,CD,WO,WO~WO-070231~1~0~0~0~32037-0538,WO-070231,1,0,0,W,32037-0538,32037-0538,300.00000000,2026-12-23 00:00:00.000,2026-05-28 00:00:00.000
CO-100026-22,9,2,CD,WO,WO~WO-070231~1~0~0~0~32037-0538,WO-070231,1,0,0,W,32037-0538,32037-0538,300.00000000,2026-12-23 00:00:00.000,2026-05-27 23:50:00.000
CO-100026-22,9,2,CD,WO,WO~WO-070231~1~0~0~0~32037-0538,WO-070231,1,0,0,W,32037-0538,32037-0538,300.00000000,2026-12-23 00:00:00.000,2026-05-27 23:50:00.000
CO-087117,1,252,CD,WO,WO~WO-071133~1~0~0~0~1094.397.033,WO-071133,1,0,0,W,1094.397.033,1094.397.033,125.00000000,2026-12-21 00:00:00.000,2026-05-25 00:00:00.000
CO-087117,1,252,CD,WO,WO~WO-071133~1~0~0~0~1094.397.033,WO-071133,1,0,0,W,1094.397.033,1094.397.033,125.00000000,2026-12-21 00:00:00.000,2026-06-11 18:20:00.000
CO-087117,1,252,CD,WO,WO~WO-071133~1~0~0~0~1094.397.033,WO-071133,1,0,0,W,1094.397.033,1094.397.033,125.00000000,2026-12-21 00:00:00.000,2026-06-10 20:40:00.000
CO-100000-22,22,26,CD,WO,WO~WO-071138~1~0~0~0~24 126 162,WO-071138,1,0,0,W,24 126 162,24 126 162,250.00000000,2026-12-21 00:00:00.000,2026-06-01 00:00:00.000
CO-100000-22,22,26,CD,WO,WO~WO-071138~1~0~0~0~24 126 162,WO-071138,1,0,0,W,24 126 162,24 126 162,250.00000000,2026-12-21 00:00:00.000,2026-06-02 18:50:00.000
CO-100000-22,22,26,CD,WO,WO~WO-071138~1~0~0~0~24 126 162,WO-071138,1,0,0,W,24 126 162,24 126 162,250.00000000,2026-12-21 00:00:00.000,2026-06-02 18:50:00.000
CO-100002-22,16,14,CD,WO,WO~WO-071333~1~0~0~0~GM104683,WO-071333,1,0,0,W,GM104683,GM104683,240.00000000,2026-12-21 00:00:00.000,2026-05-27 00:00:00.000
CO-100000-22,22,25,CD,WO,WO~WO-071138~1~0~0~0~24 126 162,WO-071138,1,0,0,W,24 126 162,24 126 162,250.00000000,2026-12-14 00:00:00.000,2026-06-01 00:00:00.000
CO-100000-22,22,25,CD,WO,WO~WO-071138~1~0~0~0~24 126 162,WO-071138,1,0,0,W,24 126 162,24 126 162,250.00000000,2026-12-14 00:00:00.000,2026-06-02 18:50:00.000
CO-100000-22,22,25,CD,WO,WO~WO-071138~1~0~0~0~24 126 162,WO-071138,1,0,0,W,24 126 162,24 126 162,250.00000000,2026-12-14 00:00:00.000,2026-06-02 18:50:00.000
CO-100000-22,10,13,CD,WO,WO~WO-069583~1~0~0~0~24 040 01,WO-069583,1,0,0,W,24 040 01,24 040 01,599.00000000,2026-12-07 00:00:00.000,2026-03-23 00:00:00.000
CO-100000-22,10,13,CD,WO,WO~WO-069583~1~0~0~0~24 040 01,WO-069583,1,0,0,W,24 040 01,24 040 01,599.00000000,2026-12-07 00:00:00.000,2026-05-22 00:00:00.000
CO-100000-22,10,13,CD,WO,WO~WO-069583~1~0~0~0~24 040 01,WO-069583,1,0,0,W,24 040 01,24 040 01,599.00000000,2026-12-07 00:00:00.000,2026-05-22 00:00:00.000
CO-100000-22,22,24,CD,WO,WO~WO-071138~1~0~0~0~24 126 162,WO-071138,1,0,0,W,24 126 162,24 126 162,375.00000000,2026-12-07 00:00:00.000,2026-06-01 00:00:00.000
CO-100000-22,22,24,CD,WO,WO~WO-071138~1~0~0~0~24 126 162,WO-071138,1,0,0,W,24 126 162,24 126 162,375.00000000,2026-12-07 00:00:00.000,2026-06-02 18:50:00.000
CO-100000-22,22,24,CD,WO,WO~WO-071138~1~0~0~0~24 126 162,WO-071138,1,0,0,W,24 126 162,24 126 162,375.00000000,2026-12-07 00:00:00.000,2026-06-02 18:50:00.000
CO-100002-22,16,13,CD,WO,WO~WO-071333~1~0~0~0~GM104683,WO-071333,1,0,0,W,GM104683,GM104683,360.00000000,2026-12-07 00:00:00.000,2026-05-27 00:00:00.000
CO-100018-22,3,7,CD,WO,WO~WO-071387~1~0~0~0~AKK54380,WO-071387,1,0,0,W,AKK54380,AKK54380,74.00000000,2026-12-03 00:00:00.000,2026-06-05 00:00:00.000
CO-100026-22,9,1,CD,WO,WO~WO-070231~1~0~0~0~32037-0538,WO-070231,1,0,0,W,32037-0538,32037-0538,82.00000000,2026-12-02 00:00:00.000,2026-05-28 00:00:00.000
CO-100026-22,9,1,CD,WO,WO~WO-070231~1~0~0~0~32037-0538,WO-070231,1,0,0,W,32037-0538,32037-0538,82.00000000,2026-12-02 00:00:00.000,2026-05-27 23:50:00.000
CO-100026-22,9,1,CD,WO,WO~WO-070231~1~0~0~0~32037-0538,WO-070231,1,0,0,W,32037-0538,32037-0538,82.00000000,2026-12-02 00:00:00.000,2026-05-27 23:50:00.000
CO-087117,1,254,CD,WO,WO~WO-071133~1~0~0~0~1094.397.033,WO-071133,1,0,0,W,1094.397.033,1094.397.033,125.00000000,2026-11-30 00:00:00.000,2026-05-25 00:00:00.000
CO-087117,1,254,CD,WO,WO~WO-071133~1~0~0~0~1094.397.033,WO-071133,1,0,0,W,1094.397.033,1094.397.033,125.00000000,2026-11-30 00:00:00.000,2026-06-11 18:20:00.000
CO-087117,1,254,CD,WO,WO~WO-071133~1~0~0~0~1094.397.033,WO-071133,1,0,0,W,1094.397.033,1094.397.033,125.00000000,2026-11-30 00:00:00.000,2026-06-10 20:40:00.000
CO-100000-22,22,23,CD,WO,WO~WO-071138~1~0~0~0~24 126 162,WO-071138,1,0,0,W,24 126 162,24 126 162,375.00000000,2026-11-30 00:00:00.000,2026-06-01 00:00:00.000
CO-100000-22,22,23,CD,WO,WO~WO-071138~1~0~0~0~24 126 162,WO-071138,1,0,0,W,24 126 162,24 126 162,375.00000000,2026-11-30 00:00:00.000,2026-06-02 18:50:00.000
CO-100000-22,22,23,CD,WO,WO~WO-071138~1~0~0~0~24 126 162,WO-071138,1,0,0,W,24 126 162,24 126 162,375.00000000,2026-11-30 00:00:00.000,2026-06-02 18:50:00.000
CO-100018-22,3,6,CD,WO,WO~WO-071387~1~0~0~0~AKK54380,WO-071387,1,0,0,W,AKK54380,AKK54380,10.00000000,2026-11-30 00:00:00.000,2026-06-05 00:00:00.000
CO-085115,12,40,CD,WO,WO~WO-071448~1~0~0~0~29568451,WO-071448,1,0,0,W,29568451,29568451,4.00000000,2026-11-26 00:00:00.000,2026-06-03 00:00:00.000
CO-100000-22,22,22,CD,WO,WO~WO-071138~1~0~0~0~24 126 162,WO-071138,1,0,0,W,24 126 162,24 126 162,250.00000000,2026-11-23 00:00:00.000,2026-06-01 00:00:00.000
CO-100000-22,22,22,CD,WO,WO~WO-071138~1~0~0~0~24 126 162,WO-071138,1,0,0,W,24 126 162,24 126 162,250.00000000,2026-11-23 00:00:00.000,2026-06-02 18:50:00.000
CO-100000-22,22,22,CD,WO,WO~WO-071138~1~0~0~0~24 126 162,WO-071138,1,0,0,W,24 126 162,24 126 162,250.00000000,2026-11-23 00:00:00.000,2026-06-02 18:50:00.000
CO-100018-22,3,5,CD,WO,WO~WO-071387~1~0~0~0~AKK54380,WO-071387,1,0,0,W,AKK54380,AKK54380,20.00000000,2026-11-19 00:00:00.000,2026-06-05 00:00:00.000
CO-100000-22,6,4,CD,WO,WO~WO-071233~1~0~0~0~16 126 01,WO-071233,1,0,0,W,16 126 01,16 126 01,1000.00000000,2026-11-16 00:00:00.000,2026-05-25 00:00:00.000
CO-100000-22,6,4,CD,WO,WO~WO-071233~1~0~0~0~16 126 01,WO-071233,1,0,0,W,16 126 01,16 126 01,1000.00000000,2026-11-16 00:00:00.000,2026-05-27 17:00:00.000
CO-100000-22,6,4,CD,WO,WO~WO-071233~1~0~0~0~16 126 01,WO-071233,1,0,0,W,16 126 01,16 126 01,1000.00000000,2026-11-16 00:00:00.000,2026-05-27 17:00:00.000
CO-100000-22,10,12,CD,WO,WO~WO-069583~1~0~0~0~24 040 01,WO-069583,1,0,0,W,24 040 01,24 040 01,595.00000000,2026-11-16 00:00:00.000,2026-03-23 00:00:00.000
CO-100000-22,10,12,CD,WO,WO~WO-069583~1~0~0~0~24 040 01,WO-069583,1,0,0,W,24 040 01,24 040 01,595.00000000,2026-11-16 00:00:00.000,2026-05-22 00:00:00.000
CO-100000-22,10,12,CD,WO,WO~WO-069583~1~0~0~0~24 040 01,WO-069583,1,0,0,W,24 040 01,24 040 01,595.00000000,2026-11-16 00:00:00.000,2026-05-22 00:00:00.000
CO-100000-22,22,21,CD,WO,WO~WO-071138~1~0~0~0~24 126 162,WO-071138,1,0,0,W,24 126 162,24 126 162,250.00000000,2026-11-16 00:00:00.000,2026-06-01 00:00:00.000
CO-100000-22,22,21,CD,WO,WO~WO-071138~1~0~0~0~24 126 162,WO-071138,1,0,0,W,24 126 162,24 126 162,250.00000000,2026-11-16 00:00:00.000,2026-06-02 18:50:00.000
CO-100000-22,22,21,CD,WO,WO~WO-071138~1~0~0~0~24 126 162,WO-071138,1,0,0,W,24 126 162,24 126 162,250.00000000,2026-11-16 00:00:00.000,2026-06-02 18:50:00.000
CO-100002-22,16,12,CD,WO,WO~WO-071333~1~0~0~0~GM104683,WO-071333,1,0,0,W,GM104683,GM104683,120.00000000,2026-11-16 00:00:00.000,2026-05-27 00:00:00.000
CO-100022-22,18,15,CD,WO,WO~WO-071273~1~0~0~0~07-25363-000,WO-071273,1,0,0,W,07-25363-000,07-25363-000,100.00000000,2026-11-13 00:00:00.000,2026-05-26 00:00:00.000
CO-100022-22,18,15,CD,WO,WO~WO-071273~1~0~0~0~07-25363-000,WO-071273,1,0,0,W,07-25363-000,07-25363-000,100.00000000,2026-11-13 00:00:00.000,2026-06-01 11:20:00.000
CO-100022-22,18,15,CD,WO,WO~WO-071273~1~0~0~0~07-25363-000,WO-071273,1,0,0,W,07-25363-000,07-25363-000,100.00000000,2026-11-13 00:00:00.000,2026-06-03 22:30:00.000
CO-100018-22,3,4,CD,WO,WO~WO-071387~1~0~0~0~AKK54380,WO-071387,1,0,0,W,AKK54380,AKK54380,30.00000000,2026-11-12 00:00:00.000,2026-06-05 00:00:00.000
CO-100022-22,36,11,CD,WO,WO~WO-071224~1~0~0~0~22-69103-002,WO-071224,1,0,0,W,22-69103-002,22-69103-002,2.00000000,2026-11-12 00:00:00.000,2026-05-04 00:00:00.000
CO-100022-22,36,11,CD,WO,WO~WO-071224~1~0~0~0~22-69103-002,WO-071224,1,0,0,W,22-69103-002,22-69103-002,2.00000000,2026-11-12 00:00:00.000,2026-05-29 03:20:00.000
CO-100022-22,36,11,CD,WO,WO~WO-071224~1~0~0~0~22-69103-002,WO-071224,1,0,0,W,22-69103-002,22-69103-002,2.00000000,2026-11-12 00:00:00.000,2026-05-29 11:30:00.000
CO-087117,1,217,CD,WO,WO~WO-071133~1~0~0~0~1094.397.033,WO-071133,1,0,0,W,1094.397.033,1094.397.033,125.00000000,2026-11-09 00:00:00.000,2026-05-25 00:00:00.000
CO-087117,1,217,CD,WO,WO~WO-071133~1~0~0~0~1094.397.033,WO-071133,1,0,0,W,1094.397.033,1094.397.033,125.00000000,2026-11-09 00:00:00.000,2026-06-10 20:40:00.000
CO-087117,1,217,CD,WO,WO~WO-071133~1~0~0~0~1094.397.033,WO-071133,1,0,0,W,1094.397.033,1094.397.033,125.00000000,2026-11-09 00:00:00.000,2026-06-11 18:20:00.000
CO-100000-22,22,20,CD,WO,WO~WO-071138~1~0~0~0~24 126 162,WO-071138,1,0,0,W,24 126 162,24 126 162,625.00000000,2026-11-09 00:00:00.000,2026-06-01 00:00:00.000
CO-100000-22,22,20,CD,WO,WO~WO-071138~1~0~0~0~24 126 162,WO-071138,1,0,0,W,24 126 162,24 126 162,625.00000000,2026-11-09 00:00:00.000,2026-06-02 18:50:00.000
CO-100000-22,22,20,CD,WO,WO~WO-071138~1~0~0~0~24 126 162,WO-071138,1,0,0,W,24 126 162,24 126 162,625.00000000,2026-11-09 00:00:00.000,2026-06-02 18:50:00.000
CO-100002-22,16,11,CD,WO,WO~WO-071333~1~0~0~0~GM104683,WO-071333,1,0,0,W,GM104683,GM104683,360.00000000,2026-11-09 00:00:00.000,2026-05-27 00:00:00.000
CO-100022-22,6,9,CD,WO,WO~WO-071222~1~0~0~0~03-44045-000,WO-071222,1,0,0,W,03-44045-000,03-44045-000,100.00000000,2026-11-06 00:00:00.000,2026-06-12 00:00:00.000
CO-100022-22,6,9,CD,WO,WO~WO-071222~1~0~0~0~03-44045-000,WO-071222,1,0,0,W,03-44045-000,03-44045-000,100.00000000,2026-11-06 00:00:00.000,2026-06-11 23:50:00.000
CO-100022-22,6,9,CD,WO,WO~WO-071222~1~0~0~0~03-44045-000,WO-071222,1,0,0,W,03-44045-000,03-44045-000,100.00000000,2026-11-06 00:00:00.000,2026-06-11 23:50:00.000
CO-100022-22,67,35,CD,WO,WO~WO-069644~1~0~0~0~22-77401-000,WO-069644,1,0,0,W,22-77401-000,22-77401-000,80.00000000,2026-11-06 00:00:00.000,2026-05-29 00:00:00.000
CO-100022-22,67,35,CD,WO,WO~WO-069644~1~0~0~0~22-77401-000,WO-069644,1,0,0,W,22-77401-000,22-77401-000,80.00000000,2026-11-06 00:00:00.000,2026-05-28 23:50:00.000
CO-100022-22,67,35,CD,WO,WO~WO-069644~1~0~0~0~22-77401-000,WO-069644,1,0,0,W,22-77401-000,22-77401-000,80.00000000,2026-11-06 00:00:00.000,2026-05-28 23:50:00.000
CO-086883,1,0,CO,WO,WO~CO-086883~1~0~0~0~ ,CO-086883,1,0,0,W,NULL, ,2.00000000,2026-11-05 00:00:00.000,2026-11-05 00:00:00.000
CO-086883,1,0,CO,WO,WO~CO-086883~1~0~0~0~ ,CO-086883,1,0,0,W,NULL, ,2.00000000,2026-11-05 00:00:00.000,2027-05-19 10:00:00.000
CO-086883,1,0,CO,WO,WO~CO-086883~1~0~0~0~ ,CO-086883,1,0,0,W,NULL, ,2.00000000,2026-11-05 00:00:00.000,2027-05-11 08:10:00.000
CO-100022-22,128,25,CD,WO,WO~WO-071047~1~0~0~0~A18-73057-001,WO-071047,1,0,0,W,A18-73057-001,A18-73057-001,146.00000000,2026-11-05 00:00:00.000,2026-05-29 00:00:00.000
CO-100022-22,128,25,CD,WO,WO~WO-071047~1~0~0~0~A18-73057-001,WO-071047,1,0,0,W,A18-73057-001,A18-73057-001,146.00000000,2026-11-05 00:00:00.000,2026-06-02 22:20:00.000
CO-100022-22,128,25,CD,WO,WO~WO-071047~1~0~0~0~A18-73057-001,WO-071047,1,0,0,W,A18-73057-001,A18-73057-001,146.00000000,2026-11-05 00:00:00.000,2026-06-05 09:30:00.000
CO-100018-22,2,7,CD,WO,WO~WO-071391~1~0~0~0~AKK46582,WO-071391,1,0,0,W,AKK46582,AKK46582,7.00000000,2026-11-04 00:00:00.000,2026-05-25 00:00:00.000
CO-100018-22,3,3,CD,WO,WO~WO-071387~1~0~0~0~AKK54380,WO-071387,1,0,0,W,AKK54380,AKK54380,20.00000000,2026-11-04 00:00:00.000,2026-06-05 00:00:00.000
CO-100022-22,67,34,CD,WO,WO~WO-069644~1~0~0~0~22-77401-000,WO-069644,1,0,0,W,22-77401-000,22-77401-000,200.00000000,2026-11-03 00:00:00.000,2026-05-29 00:00:00.000
CO-100022-22,67,34,CD,WO,WO~WO-069644~1~0~0~0~22-77401-000,WO-069644,1,0,0,W,22-77401-000,22-77401-000,200.00000000,2026-11-03 00:00:00.000,2026-05-28 23:50:00.000
CO-100022-22,67,34,CD,WO,WO~WO-069644~1~0~0~0~22-77401-000,WO-069644,1,0,0,W,22-77401-000,22-77401-000,200.00000000,2026-11-03 00:00:00.000,2026-05-28 23:50:00.000
CO-087117,1,197,CD,WO,WO~WO-071133~1~0~0~0~1094.397.033,WO-071133,1,0,0,W,1094.397.033,1094.397.033,125.00000000,2026-11-02 00:00:00.000,2026-05-25 00:00:00.000
CO-087117,1,197,CD,WO,WO~WO-071133~1~0~0~0~1094.397.033,WO-071133,1,0,0,W,1094.397.033,1094.397.033,125.00000000,2026-11-02 00:00:00.000,2026-06-10 20:40:00.000
CO-087117,1,197,CD,WO,WO~WO-071133~1~0~0~0~1094.397.033,WO-071133,1,0,0,W,1094.397.033,1094.397.033,125.00000000,2026-11-02 00:00:00.000,2026-06-11 18:20:00.000
CO-100000-22,22,19,CD,WO,WO~WO-071138~1~0~0~0~24 126 162,WO-071138,1,0,0,W,24 126 162,24 126 162,250.00000000,2026-11-02 00:00:00.000,2026-06-01 00:00:00.000
CO-100000-22,22,19,CD,WO,WO~WO-071138~1~0~0~0~24 126 162,WO-071138,1,0,0,W,24 126 162,24 126 162,250.00000000,2026-11-02 00:00:00.000,2026-06-02 18:50:00.000
CO-100000-22,22,19,CD,WO,WO~WO-071138~1~0~0~0~24 126 162,WO-071138,1,0,0,W,24 126 162,24 126 162,250.00000000,2026-11-02 00:00:00.000,2026-06-02 18:50:00.000
CO-100021,82,1,CD,WO,WO~WO-069644~1~0~0~0~22-77401-000,WO-069644,1,0,0,W,22-77401-000,22-77401-000,28.00000000,2026-11-01 00:00:00.000,2026-05-29 00:00:00.000
CO-100021,82,1,CD,WO,WO~WO-069644~1~0~0~0~22-77401-000,WO-069644,1,0,0,W,22-77401-000,22-77401-000,28.00000000,2026-11-01 00:00:00.000,2026-05-28 23:50:00.000
CO-100021,82,1,CD,WO,WO~WO-069644~1~0~0~0~22-77401-000,WO-069644,1,0,0,W,22-77401-000,22-77401-000,28.00000000,2026-11-01 00:00:00.000,2026-05-28 23:50:00.000
CO-100028,3,11,CD,WO,WO~WO-070769~1~0~0~0~485803,WO-070769,1,0,0,W,485803,485803,400.00000000,2026-11-01 00:00:00.000,2026-05-31 00:00:00.000
CO-100028,3,11,CD,WO,WO~WO-070769~1~0~0~0~485803,WO-070769,1,0,0,W,485803,485803,400.00000000,2026-11-01 00:00:00.000,2026-05-27 12:40:00.000
CO-100028,3,11,CD,WO,WO~WO-070769~1~0~0~0~485803,WO-070769,1,0,0,W,485803,485803,400.00000000,2026-11-01 00:00:00.000,2026-05-29 20:00:00.000
CO-100028,18,2,CD,WO,WO~WO-070807~1~0~0~0~485951,WO-070807,1,0,0,W,485951,485951,22.00000000,2026-11-01 00:00:00.000,2026-05-08 00:00:00.000
CO-100028,18,2,CD,WO,WO~WO-070807~1~0~0~0~485951,WO-070807,1,0,0,W,485951,485951,22.00000000,2026-11-01 00:00:00.000,2026-05-28 07:10:00.000
CO-100028,18,2,CD,WO,WO~WO-070807~1~0~0~0~485951,WO-070807,1,0,0,W,485951,485951,22.00000000,2026-11-01 00:00:00.000,2026-06-01 18:20:00.000
CO-087180,1,0,CO,WO,WO~CO-087180~1~0~0~0~ ,CO-087180,1,0,0,W,NULL, ,1.00000000,2026-10-31 00:00:00.000,2026-10-31 00:00:00.000
CO-087180,1,0,CO,WO,WO~CO-087180~1~0~0~0~ ,CO-087180,1,0,0,W,NULL, ,1.00000000,2026-10-31 00:00:00.000,2027-03-29 03:30:00.000
CO-087180,1,0,CO,WO,WO~CO-087180~1~0~0~0~ ,CO-087180,1,0,0,W,NULL, ,1.00000000,2026-10-31 00:00:00.000,2027-03-24 12:10:00.000
CO-087066,1,0,CO,WO,WO~CO-087066~1~0~0~0~ ,CO-087066,1,0,0,W,NULL, ,1.00000000,2026-10-30 00:00:00.000,2026-10-30 00:00:00.000
CO-087066,1,0,CO,WO,WO~CO-087066~1~0~0~0~ ,CO-087066,1,0,0,W,NULL, ,1.00000000,2026-10-30 00:00:00.000,2027-03-11 20:10:00.000
CO-087066,1,0,CO,WO,WO~CO-087066~1~0~0~0~ ,CO-087066,1,0,0,W,NULL, ,1.00000000,2026-10-30 00:00:00.000,2027-03-04 18:10:00.000
CO-087067,1,0,CO,WO,WO~CO-087067~1~0~0~0~ ,CO-087067,1,0,0,W,NULL, ,1.00000000,2026-10-30 00:00:00.000,2026-10-30 00:00:00.000
CO-087067,1,0,CO,WO,WO~CO-087067~1~0~0~0~ ,CO-087067,1,0,0,W,NULL, ,1.00000000,2026-10-30 00:00:00.000,2027-03-15 13:00:00.000
CO-087067,1,0,CO,WO,WO~CO-087067~1~0~0~0~ ,CO-087067,1,0,0,W,NULL, ,1.00000000,2026-10-30 00:00:00.000,2027-01-28 17:00:00.000
CO-087185,1,0,CO,WO,WO~CO-087185~1~0~0~0~ ,CO-087185,1,0,0,W,NULL, ,1.00000000,2026-10-30 00:00:00.000,2026-10-30 00:00:00.000
CO-087185,1,0,CO,WO,WO~CO-087185~1~0~0~0~ ,CO-087185,1,0,0,W,NULL, ,1.00000000,2026-10-30 00:00:00.000,2027-03-26 05:00:00.000
CO-087185,1,0,CO,WO,WO~CO-087185~1~0~0~0~ ,CO-087185,1,0,0,W,NULL, ,1.00000000,2026-10-30 00:00:00.000,2027-03-11 15:10:00.000
CO-087185,2,0,CO,WO,WO~CO-087185~2~0~0~0~ ,CO-087185,2,0,0,W,NULL, ,1.00000000,2026-10-30 00:00:00.000,2026-10-30 00:00:00.000
CO-087185,2,0,CO,WO,WO~CO-087185~2~0~0~0~ ,CO-087185,2,0,0,W,NULL, ,1.00000000,2026-10-30 00:00:00.000,2026-10-29 23:50:00.000
CO-087185,2,0,CO,WO,WO~CO-087185~2~0~0~0~ ,CO-087185,2,0,0,W,NULL, ,1.00000000,2026-10-30 00:00:00.000,2026-10-29 23:50:00.000
CO-100022-22,18,14,CD,WO,WO~WO-071273~1~0~0~0~07-25363-000,WO-071273,1,0,0,W,07-25363-000,07-25363-000,100.00000000,2026-10-30 00:00:00.000,2026-05-26 00:00:00.000
CO-100022-22,18,14,CD,WO,WO~WO-071273~1~0~0~0~07-25363-000,WO-071273,1,0,0,W,07-25363-000,07-25363-000,100.00000000,2026-10-30 00:00:00.000,2026-06-01 11:20:00.000
CO-100022-22,18,14,CD,WO,WO~WO-071273~1~0~0~0~07-25363-000,WO-071273,1,0,0,W,07-25363-000,07-25363-000,100.00000000,2026-10-30 00:00:00.000,2026-06-03 22:30:00.000
CO-100022-22,123,24,CD,WO,WO~WO-070888~1~0~0~0~A18-72024-000,WO-070888,1,0,0,W,A18-72024-000,A18-72024-000,30.00000000,2026-10-29 00:00:00.000,2026-05-14 00:00:00.000
CO-100022-22,123,24,CD,WO,WO~WO-070888~1~0~0~0~A18-72024-000,WO-070888,1,0,0,W,A18-72024-000,A18-72024-000,30.00000000,2026-10-29 00:00:00.000,2026-05-27 18:50:00.000
CO-100022-22,123,24,CD,WO,WO~WO-070888~1~0~0~0~A18-72024-000,WO-070888,1,0,0,W,A18-72024-000,A18-72024-000,30.00000000,2026-10-29 00:00:00.000,2026-05-27 18:50:00.000
CO-100022-22,128,24,CD,WO,WO~WO-071047~1~0~0~0~A18-73057-001,WO-071047,1,0,0,W,A18-73057-001,A18-73057-001,71.00000000,2026-10-29 00:00:00.000,2026-05-29 00:00:00.000
CO-100022-22,128,24,CD,WO,WO~WO-071047~1~0~0~0~A18-73057-001,WO-071047,1,0,0,W,A18-73057-001,A18-73057-001,71.00000000,2026-10-29 00:00:00.000,2026-06-02 22:20:00.000
CO-100022-22,128,24,CD,WO,WO~WO-071047~1~0~0~0~A18-73057-001,WO-071047,1,0,0,W,A18-73057-001,A18-73057-001,71.00000000,2026-10-29 00:00:00.000,2026-06-05 09:30:00.000
CO-087117,1,244,CD,WO,WO~WO-071133~1~0~0~0~1094.397.033,WO-071133,1,0,0,W,1094.397.033,1094.397.033,250.00000000,2026-10-26 00:00:00.000,2026-05-25 00:00:00.000
CO-087117,1,244,CD,WO,WO~WO-071133~1~0~0~0~1094.397.033,WO-071133,1,0,0,W,1094.397.033,1094.397.033,250.00000000,2026-10-26 00:00:00.000,2026-06-11 18:20:00.000
CO-087117,1,244,CD,WO,WO~WO-071133~1~0~0~0~1094.397.033,WO-071133,1,0,0,W,1094.397.033,1094.397.033,250.00000000,2026-10-26 00:00:00.000,2026-06-10 20:40:00.000
CO-100000-22,22,18,CD,WO,WO~WO-071138~1~0~0~0~24 126 162,WO-071138,1,0,0,W,24 126 162,24 126 162,250.00000000,2026-10-26 00:00:00.000,2026-06-01 00:00:00.000
CO-100000-22,22,18,CD,WO,WO~WO-071138~1~0~0~0~24 126 162,WO-071138,1,0,0,W,24 126 162,24 126 162,250.00000000,2026-10-26 00:00:00.000,2026-06-02 18:50:00.000
CO-100000-22,22,18,CD,WO,WO~WO-071138~1~0~0~0~24 126 162,WO-071138,1,0,0,W,24 126 162,24 126 162,250.00000000,2026-10-26 00:00:00.000,2026-06-02 18:50:00.000
CO-100022-22,18,13,CD,WO,WO~WO-071273~1~0~0~0~07-25363-000,WO-071273,1,0,0,W,07-25363-000,07-25363-000,100.00000000,2026-10-23 00:00:00.000,2026-05-26 00:00:00.000
CO-100022-22,18,13,CD,WO,WO~WO-071273~1~0~0~0~07-25363-000,WO-071273,1,0,0,W,07-25363-000,07-25363-000,100.00000000,2026-10-23 00:00:00.000,2026-06-01 11:20:00.000
CO-100022-22,18,13,CD,WO,WO~WO-071273~1~0~0~0~07-25363-000,WO-071273,1,0,0,W,07-25363-000,07-25363-000,100.00000000,2026-10-23 00:00:00.000,2026-06-03 22:30:00.000
CO-100022-22,123,23,CD,WO,WO~WO-070888~1~0~0~0~A18-72024-000,WO-070888,1,0,0,W,A18-72024-000,A18-72024-000,792.00000000,2026-10-23 00:00:00.000,2026-05-14 00:00:00.000
CO-100022-22,123,23,CD,WO,WO~WO-070888~1~0~0~0~A18-72024-000,WO-070888,1,0,0,W,A18-72024-000,A18-72024-000,792.00000000,2026-10-23 00:00:00.000,2026-05-27 18:50:00.000
CO-100022-22,123,23,CD,WO,WO~WO-070888~1~0~0~0~A18-72024-000,WO-070888,1,0,0,W,A18-72024-000,A18-72024-000,792.00000000,2026-10-23 00:00:00.000,2026-05-27 18:50:00.000
CO-100022-22,181,12,CD,WO,WO~WO-070179~1~0~0~0~A66-20730-000,WO-070179,1,0,0,W,A66-20730-000,A66-20730-000,74.00000000,2026-10-23 00:00:00.000,2026-04-03 00:00:00.000
CO-100022-22,181,12,CD,WO,WO~WO-070179~1~0~0~0~A66-20730-000,WO-070179,1,0,0,W,A66-20730-000,A66-20730-000,74.00000000,2026-10-23 00:00:00.000,2026-05-22 07:50:00.000
CO-100022-22,181,12,CD,WO,WO~WO-070179~1~0~0~0~A66-20730-000,WO-070179,1,0,0,W,A66-20730-000,A66-20730-000,74.00000000,2026-10-23 00:00:00.000,2026-05-22 09:00:00.000
CO-100022-22,36,10,CD,WO,WO~WO-071224~1~0~0~0~22-69103-002,WO-071224,1,0,0,W,22-69103-002,22-69103-002,2.00000000,2026-10-22 00:00:00.000,2026-05-04 00:00:00.000
CO-100022-22,36,10,CD,WO,WO~WO-071224~1~0~0~0~22-69103-002,WO-071224,1,0,0,W,22-69103-002,22-69103-002,2.00000000,2026-10-22 00:00:00.000,2026-05-29 03:20:00.000
CO-100022-22,36,10,CD,WO,WO~WO-071224~1~0~0~0~22-69103-002,WO-071224,1,0,0,W,22-69103-002,22-69103-002,2.00000000,2026-10-22 00:00:00.000,2026-05-29 11:30:00.000
CO-100022-22,123,22,CD,WO,WO~WO-070888~1~0~0~0~A18-72024-000,WO-070888,1,0,0,W,A18-72024-000,A18-72024-000,224.00000000,2026-10-22 00:00:00.000,2026-05-14 00:00:00.000
CO-100022-22,123,22,CD,WO,WO~WO-070888~1~0~0~0~A18-72024-000,WO-070888,1,0,0,W,A18-72024-000,A18-72024-000,224.00000000,2026-10-22 00:00:00.000,2026-05-27 18:50:00.000
CO-100022-22,123,22,CD,WO,WO~WO-070888~1~0~0~0~A18-72024-000,WO-070888,1,0,0,W,A18-72024-000,A18-72024-000,224.00000000,2026-10-22 00:00:00.000,2026-05-27 18:50:00.000
CO-100022-22,128,23,CD,WO,WO~WO-071047~1~0~0~0~A18-73057-001,WO-071047,1,0,0,W,A18-73057-001,A18-73057-001,234.00000000,2026-10-22 00:00:00.000,2026-05-29 00:00:00.000
CO-100022-22,128,23,CD,WO,WO~WO-071047~1~0~0~0~A18-73057-001,WO-071047,1,0,0,W,A18-73057-001,A18-73057-001,234.00000000,2026-10-22 00:00:00.000,2026-06-02 22:20:00.000
CO-100022-22,128,23,CD,WO,WO~WO-071047~1~0~0~0~A18-73057-001,WO-071047,1,0,0,W,A18-73057-001,A18-73057-001,234.00000000,2026-10-22 00:00:00.000,2026-06-05 09:30:00.000
CO-087117,1,216,CD,WO,WO~WO-071133~1~0~0~0~1094.397.033,WO-071133,1,0,0,W,1094.397.033,1094.397.033,125.00000000,2026-10-19 00:00:00.000,2026-05-25 00:00:00.000
CO-087117,1,216,CD,WO,WO~WO-071133~1~0~0~0~1094.397.033,WO-071133,1,0,0,W,1094.397.033,1094.397.033,125.00000000,2026-10-19 00:00:00.000,2026-06-11 18:20:00.000
CO-087117,1,216,CD,WO,WO~WO-071133~1~0~0~0~1094.397.033,WO-071133,1,0,0,W,1094.397.033,1094.397.033,125.00000000,2026-10-19 00:00:00.000,2026-06-10 20:40:00.000
CO-100000-22,6,3,CD,WO,WO~WO-071233~1~0~0~0~16 126 01,WO-071233,1,0,0,W,16 126 01,16 126 01,1000.00000000,2026-10-19 00:00:00.000,2026-05-25 00:00:00.000
CO-100000-22,6,3,CD,WO,WO~WO-071233~1~0~0~0~16 126 01,WO-071233,1,0,0,W,16 126 01,16 126 01,1000.00000000,2026-10-19 00:00:00.000,2026-05-27 17:00:00.000
CO-100000-22,6,3,CD,WO,WO~WO-071233~1~0~0~0~16 126 01,WO-071233,1,0,0,W,16 126 01,16 126 01,1000.00000000,2026-10-19 00:00:00.000,2026-05-27 17:00:00.000
CO-100000-22,22,16,CD,WO,WO~WO-071138~1~0~0~0~24 126 162,WO-071138,1,0,0,W,24 126 162,24 126 162,125.00000000,2026-10-19 00:00:00.000,2026-06-01 00:00:00.000
CO-100000-22,22,16,CD,WO,WO~WO-071138~1~0~0~0~24 126 162,WO-071138,1,0,0,W,24 126 162,24 126 162,125.00000000,2026-10-19 00:00:00.000,2026-06-02 18:50:00.000
CO-100000-22,22,16,CD,WO,WO~WO-071138~1~0~0~0~24 126 162,WO-071138,1,0,0,W,24 126 162,24 126 162,125.00000000,2026-10-19 00:00:00.000,2026-06-02 18:50:00.000
CO-100000-22,22,17,CD,WO,WO~WO-071138~1~0~0~0~24 126 162,WO-071138,1,0,0,W,24 126 162,24 126 162,250.00000000,2026-10-19 00:00:00.000,2026-06-01 00:00:00.000
CO-100000-22,22,17,CD,WO,WO~WO-071138~1~0~0~0~24 126 162,WO-071138,1,0,0,W,24 126 162,24 126 162,250.00000000,2026-10-19 00:00:00.000,2026-06-02 18:50:00.000
CO-100000-22,22,17,CD,WO,WO~WO-071138~1~0~0~0~24 126 162,WO-071138,1,0,0,W,24 126 162,24 126 162,250.00000000,2026-10-19 00:00:00.000,2026-06-02 18:50:00.000
CO-100000-22,32,13,CD,WO,WO~WO-071232~1~0~0~0~24 126 255,WO-071232,1,0,0,W,24 126 255,24 126 255,80.00000000,2026-10-19 00:00:00.000,2026-06-01 00:00:00.000
CO-100000-22,32,13,CD,WO,WO~WO-071232~1~0~0~0~24 126 255,WO-071232,1,0,0,W,24 126 255,24 126 255,80.00000000,2026-10-19 00:00:00.000,2026-05-31 23:50:00.000
CO-100000-22,32,13,CD,WO,WO~WO-071232~1~0~0~0~24 126 255,WO-071232,1,0,0,W,24 126 255,24 126 255,80.00000000,2026-10-19 00:00:00.000,2026-05-31 23:50:00.000
CO-100000-22,32,14,CD,WO,WO~WO-071232~1~0~0~0~24 126 255,WO-071232,1,0,0,W,24 126 255,24 126 255,28.00000000,2026-10-19 00:00:00.000,2026-06-01 00:00:00.000
CO-100000-22,32,14,CD,WO,WO~WO-071232~1~0~0~0~24 126 255,WO-071232,1,0,0,W,24 126 255,24 126 255,28.00000000,2026-10-19 00:00:00.000,2026-05-31 23:50:00.000
CO-100000-22,32,14,CD,WO,WO~WO-071232~1~0~0~0~24 126 255,WO-071232,1,0,0,W,24 126 255,24 126 255,28.00000000,2026-10-19 00:00:00.000,2026-05-31 23:50:00.000
CO-100002-22,16,10,CD,WO,WO~WO-071333~1~0~0~0~GM104683,WO-071333,1,0,0,W,GM104683,GM104683,240.00000000,2026-10-19 00:00:00.000,2026-05-27 00:00:00.000
CO-100007,6,37,CD,WO,WO~WO-070498~1~0~0~0~453627950200,WO-070498,1,0,0,W,453627950200,453627950200,1.00000000,2026-10-19 00:00:00.000,2026-06-05 00:00:00.000
CO-100007,6,37,CD,WO,WO~WO-070498~1~0~0~0~453627950200,WO-070498,1,0,0,W,453627950200,453627950200,1.00000000,2026-10-19 00:00:00.000,2026-06-04 22:50:00.000
CO-100007,6,37,CD,WO,WO~WO-070498~1~0~0~0~453627950200,WO-070498,1,0,0,W,453627950200,453627950200,1.00000000,2026-10-19 00:00:00.000,2026-06-04 22:50:00.000
CO-100018-22,3,2,CD,WO,WO~WO-071387~1~0~0~0~AKK54380,WO-071387,1,0,0,W,AKK54380,AKK54380,16.00000000,2026-10-16 00:00:00.000,2026-06-05 00:00:00.000
CO-100022-22,6,8,CD,WO,WO~WO-071222~1~0~0~0~03-44045-000,WO-071222,1,0,0,W,03-44045-000,03-44045-000,100.00000000,2026-10-16 00:00:00.000,2026-06-12 00:00:00.000
CO-100022-22,6,8,CD,WO,WO~WO-071222~1~0~0~0~03-44045-000,WO-071222,1,0,0,W,03-44045-000,03-44045-000,100.00000000,2026-10-16 00:00:00.000,2026-06-11 23:50:00.000
CO-100022-22,6,8,CD,WO,WO~WO-071222~1~0~0~0~03-44045-000,WO-071222,1,0,0,W,03-44045-000,03-44045-000,100.00000000,2026-10-16 00:00:00.000,2026-06-11 23:50:00.000
CO-100022-22,158,5,CD,WO,WO~WO-071194~1~0~0~0~A22-77724-050,WO-071194,1,0,0,W,A22-77724-050,A22-77724-050,6.00000000,2026-10-16 00:00:00.000,2026-05-28 00:00:00.000
CO-100022-22,158,5,CD,WO,WO~WO-071194~1~0~0~0~A22-77724-050,WO-071194,1,0,0,W,A22-77724-050,A22-77724-050,6.00000000,2026-10-16 00:00:00.000,2026-05-27 23:50:00.000
CO-100022-22,158,5,CD,WO,WO~WO-071194~1~0~0~0~A22-77724-050,WO-071194,1,0,0,W,A22-77724-050,A22-77724-050,6.00000000,2026-10-16 00:00:00.000,2026-05-27 23:50:00.000
CO-100022-22,36,9,CD,WO,WO~WO-071224~1~0~0~0~22-69103-002,WO-071224,1,0,0,W,22-69103-002,22-69103-002,4.00000000,2026-10-15 00:00:00.000,2026-05-04 00:00:00.000
CO-100022-22,36,9,CD,WO,WO~WO-071224~1~0~0~0~22-69103-002,WO-071224,1,0,0,W,22-69103-002,22-69103-002,4.00000000,2026-10-15 00:00:00.000,2026-05-29 03:20:00.000
CO-100022-22,36,9,CD,WO,WO~WO-071224~1~0~0~0~22-69103-002,WO-071224,1,0,0,W,22-69103-002,22-69103-002,4.00000000,2026-10-15 00:00:00.000,2026-05-29 11:30:00.000
CO-100022-22,106,43,CD,WO,WO~WO-071328~1~0~0~0~A01-35446-000,WO-071328,1,0,0,W,A01-35446-000,A01-35446-000,308.00000000,2026-10-15 00:00:00.000,2026-07-09 00:00:00.000
CO-100022-22,106,43,CD,WO,WO~WO-071328~1~0~0~0~A01-35446-000,WO-071328,1,0,0,W,A01-35446-000,A01-35446-000,308.00000000,2026-10-15 00:00:00.000,2026-07-08 23:50:00.000
CO-100022-22,106,43,CD,WO,WO~WO-071328~1~0~0~0~A01-35446-000,WO-071328,1,0,0,W,A01-35446-000,A01-35446-000,308.00000000,2026-10-15 00:00:00.000,2026-07-08 23:50:00.000
CO-100022-22,123,21,CD,WO,WO~WO-070888~1~0~0~0~A18-72024-000,WO-070888,1,0,0,W,A18-72024-000,A18-72024-000,52.00000000,2026-10-15 00:00:00.000,2026-05-14 00:00:00.000
CO-100022-22,123,21,CD,WO,WO~WO-070888~1~0~0~0~A18-72024-000,WO-070888,1,0,0,W,A18-72024-000,A18-72024-000,52.00000000,2026-10-15 00:00:00.000,2026-05-27 18:50:00.000
CO-100022-22,123,21,CD,WO,WO~WO-070888~1~0~0~0~A18-72024-000,WO-070888,1,0,0,W,A18-72024-000,A18-72024-000,52.00000000,2026-10-15 00:00:00.000,2026-05-27 18:50:00.000
CO-100022-22,128,22,CD,WO,WO~WO-071047~1~0~0~0~A18-73057-001,WO-071047,1,0,0,W,A18-73057-001,A18-73057-001,41.00000000,2026-10-15 00:00:00.000,2026-05-29 00:00:00.000
CO-100022-22,128,22,CD,WO,WO~WO-071047~1~0~0~0~A18-73057-001,WO-071047,1,0,0,W,A18-73057-001,A18-73057-001,41.00000000,2026-10-15 00:00:00.000,2026-06-02 22:20:00.000
CO-100022-22,128,22,CD,WO,WO~WO-071047~1~0~0~0~A18-73057-001,WO-071047,1,0,0,W,A18-73057-001,A18-73057-001,41.00000000,2026-10-15 00:00:00.000,2026-06-05 09:30:00.000
CO-085115,12,39,CD,WO,WO~WO-071448~1~0~0~0~29568451,WO-071448,1,0,0,W,29568451,29568451,6.00000000,2026-10-14 00:00:00.000,2026-06-03 00:00:00.000
CO-087117,1,248,CD,WO,WO~WO-071133~1~0~0~0~1094.397.033,WO-071133,1,0,0,W,1094.397.033,1094.397.033,250.00000000,2026-10-12 00:00:00.000,2026-05-25 00:00:00.000
CO-087117,1,248,CD,WO,WO~WO-071133~1~0~0~0~1094.397.033,WO-071133,1,0,0,W,1094.397.033,1094.397.033,250.00000000,2026-10-12 00:00:00.000,2026-06-11 18:20:00.000
CO-087117,1,248,CD,WO,WO~WO-071133~1~0~0~0~1094.397.033,WO-071133,1,0,0,W,1094.397.033,1094.397.033,250.00000000,2026-10-12 00:00:00.000,2026-06-10 20:40:00.000
CO-100000-22,22,15,CD,WO,WO~WO-071138~1~0~0~0~24 126 162,WO-071138,1,0,0,W,24 126 162,24 126 162,125.00000000,2026-10-12 00:00:00.000,2026-06-01 00:00:00.000
CO-100000-22,22,15,CD,WO,WO~WO-071138~1~0~0~0~24 126 162,WO-071138,1,0,0,W,24 126 162,24 126 162,125.00000000,2026-10-12 00:00:00.000,2026-06-02 18:50:00.000
CO-100000-22,22,15,CD,WO,WO~WO-071138~1~0~0~0~24 126 162,WO-071138,1,0,0,W,24 126 162,24 126 162,125.00000000,2026-10-12 00:00:00.000,2026-06-02 18:50:00.000
CO-100000-22,52,16,CD,WO,WO~WO-071021~1~0~0~0~32 096 16,WO-071021,1,0,0,W,32 096 16,32 096 16,1421.00000000,2026-10-12 00:00:00.000,2026-04-25 00:00:00.000
CO-100000-22,52,16,CD,WO,WO~WO-071021~1~0~0~0~32 096 16,WO-071021,1,0,0,W,32 096 16,32 096 16,1421.00000000,2026-10-12 00:00:00.000,2026-05-26 16:40:00.000
CO-100000-22,52,16,CD,WO,WO~WO-071021~1~0~0~0~32 096 16,WO-071021,1,0,0,W,32 096 16,32 096 16,1421.00000000,2026-10-12 00:00:00.000,2026-05-26 20:10:00.000
CO-100002-22,16,9,CD,WO,WO~WO-071333~1~0~0~0~GM104683,WO-071333,1,0,0,W,GM104683,GM104683,120.00000000,2026-10-12 00:00:00.000,2026-05-27 00:00:00.000
CO-100007,6,36,CD,WO,WO~WO-070498~1~0~0~0~453627950200,WO-070498,1,0,0,W,453627950200,453627950200,1.00000000,2026-10-12 00:00:00.000,2026-06-05 00:00:00.000
CO-100007,6,36,CD,WO,WO~WO-070498~1~0~0~0~453627950200,WO-070498,1,0,0,W,453627950200,453627950200,1.00000000,2026-10-12 00:00:00.000,2026-06-04 22:50:00.000
CO-100007,6,36,CD,WO,WO~WO-070498~1~0~0~0~453627950200,WO-070498,1,0,0,W,453627950200,453627950200,1.00000000,2026-10-12 00:00:00.000,2026-06-04 22:50:00.000
CO-087046,1,0,CO,WO,WO~CO-087046~1~0~0~0~ ,CO-087046,1,0,0,W,NULL, ,1.00000000,2026-10-10 00:00:00.000,2026-10-10 00:00:00.000
CO-087046,1,0,CO,WO,WO~CO-087046~1~0~0~0~ ,CO-087046,1,0,0,W,NULL, ,1.00000000,2026-10-10 00:00:00.000,2026-10-09 23:50:00.000
CO-087046,1,0,CO,WO,WO~CO-087046~1~0~0~0~ ,CO-087046,1,0,0,W,NULL, ,1.00000000,2026-10-10 00:00:00.000,2026-11-11 07:00:00.000
CO-087524,1,0,CO,WO,WO~CO-087524~1~0~0~0~ ,CO-087524,1,0,0,W,NULL, ,1.00000000,2026-10-10 00:00:00.000,2026-10-10 00:00:00.000
CO-087524,1,0,CO,WO,WO~CO-087524~1~0~0~0~ ,CO-087524,1,0,0,W,NULL, ,1.00000000,2026-10-10 00:00:00.000,2027-03-05 21:00:00.000
CO-087524,1,0,CO,WO,WO~CO-087524~1~0~0~0~ ,CO-087524,1,0,0,W,NULL, ,1.00000000,2026-10-10 00:00:00.000,2026-11-30 18:10:00.000
CO-087528,1,0,CO,WO,WO~CO-087528~1~0~0~0~ ,CO-087528,1,0,0,W,NULL, ,1.00000000,2026-10-10 00:00:00.000,2026-10-10 00:00:00.000
CO-087528,1,0,CO,WO,WO~CO-087528~1~0~0~0~ ,CO-087528,1,0,0,W,NULL, ,1.00000000,2026-10-10 00:00:00.000,2026-10-09 23:50:00.000
CO-087528,1,0,CO,WO,WO~CO-087528~1~0~0~0~ ,CO-087528,1,0,0,W,NULL, ,1.00000000,2026-10-10 00:00:00.000,2027-01-04 21:00:00.000
CO-087528,2,0,CO,WO,WO~CO-087528~2~0~0~0~ ,CO-087528,2,0,0,W,NULL, ,1.00000000,2026-10-10 00:00:00.000,2026-10-10 00:00:00.000
CO-087528,2,0,CO,WO,WO~CO-087528~2~0~0~0~ ,CO-087528,2,0,0,W,NULL, ,1.00000000,2026-10-10 00:00:00.000,2026-10-09 23:50:00.000
CO-087528,2,0,CO,WO,WO~CO-087528~2~0~0~0~ ,CO-087528,2,0,0,W,NULL, ,1.00000000,2026-10-10 00:00:00.000,2026-10-09 23:50:00.000
CO-100022-22,18,12,CD,WO,WO~WO-071273~1~0~0~0~07-25363-000,WO-071273,1,0,0,W,07-25363-000,07-25363-000,100.00000000,2026-10-09 00:00:00.000,2026-05-26 00:00:00.000
CO-100022-22,18,12,CD,WO,WO~WO-071273~1~0~0~0~07-25363-000,WO-071273,1,0,0,W,07-25363-000,07-25363-000,100.00000000,2026-10-09 00:00:00.000,2026-06-01 11:20:00.000
CO-100022-22,18,12,CD,WO,WO~WO-071273~1~0~0~0~07-25363-000,WO-071273,1,0,0,W,07-25363-000,07-25363-000,100.00000000,2026-10-09 00:00:00.000,2026-06-03 22:30:00.000
CO-100022-22,128,21,CD,WO,WO~WO-071047~1~0~0~0~A18-73057-001,WO-071047,1,0,0,W,A18-73057-001,A18-73057-001,400.00000000,2026-10-09 00:00:00.000,2026-05-29 00:00:00.000
CO-100022-22,128,21,CD,WO,WO~WO-071047~1~0~0~0~A18-73057-001,WO-071047,1,0,0,W,A18-73057-001,A18-73057-001,400.00000000,2026-10-09 00:00:00.000,2026-06-02 22:20:00.000
CO-100022-22,128,21,CD,WO,WO~WO-071047~1~0~0~0~A18-73057-001,WO-071047,1,0,0,W,A18-73057-001,A18-73057-001,400.00000000,2026-10-09 00:00:00.000,2026-06-05 09:30:00.000
CO-100022-22,181,11,CD,WO,WO~WO-070179~1~0~0~0~A66-20730-000,WO-070179,1,0,0,W,A66-20730-000,A66-20730-000,100.00000000,2026-10-09 00:00:00.000,2026-04-03 00:00:00.000
CO-100022-22,181,11,CD,WO,WO~WO-070179~1~0~0~0~A66-20730-000,WO-070179,1,0,0,W,A66-20730-000,A66-20730-000,100.00000000,2026-10-09 00:00:00.000,2026-05-22 07:50:00.000
CO-100022-22,181,11,CD,WO,WO~WO-070179~1~0~0~0~A66-20730-000,WO-070179,1,0,0,W,A66-20730-000,A66-20730-000,100.00000000,2026-10-09 00:00:00.000,2026-05-22 09:00:00.000
CO-087658,1,0,CO,WO,WO~CO-087658~1~0~0~0~ ,CO-087658,1,0,0,W,NULL, ,1.00000000,2026-10-08 00:00:00.000,2026-10-08 00:00:00.000
CO-100022-22,36,8,CD,WO,WO~WO-071224~1~0~0~0~22-69103-002,WO-071224,1,0,0,W,22-69103-002,22-69103-002,3.00000000,2026-10-08 00:00:00.000,2026-05-04 00:00:00.000
CO-100022-22,36,8,CD,WO,WO~WO-071224~1~0~0~0~22-69103-002,WO-071224,1,0,0,W,22-69103-002,22-69103-002,3.00000000,2026-10-08 00:00:00.000,2026-05-29 03:20:00.000
CO-100022-22,36,8,CD,WO,WO~WO-071224~1~0~0~0~22-69103-002,WO-071224,1,0,0,W,22-69103-002,22-69103-002,3.00000000,2026-10-08 00:00:00.000,2026-05-29 11:30:00.000
CO-100022-22,106,42,CD,WO,WO~WO-071328~1~0~0~0~A01-35446-000,WO-071328,1,0,0,W,A01-35446-000,A01-35446-000,1500.00000000,2026-10-08 00:00:00.000,2026-07-09 00:00:00.000
CO-100022-22,106,42,CD,WO,WO~WO-071328~1~0~0~0~A01-35446-000,WO-071328,1,0,0,W,A01-35446-000,A01-35446-000,1500.00000000,2026-10-08 00:00:00.000,2026-07-08 23:50:00.000
CO-100022-22,106,42,CD,WO,WO~WO-071328~1~0~0~0~A01-35446-000,WO-071328,1,0,0,W,A01-35446-000,A01-35446-000,1500.00000000,2026-10-08 00:00:00.000,2026-07-08 23:50:00.000
CO-100022-22,123,20,CD,WO,WO~WO-070888~1~0~0~0~A18-72024-000,WO-070888,1,0,0,W,A18-72024-000,A18-72024-000,240.00000000,2026-10-08 00:00:00.000,2026-05-14 00:00:00.000
CO-100022-22,123,20,CD,WO,WO~WO-070888~1~0~0~0~A18-72024-000,WO-070888,1,0,0,W,A18-72024-000,A18-72024-000,240.00000000,2026-10-08 00:00:00.000,2026-05-27 18:50:00.000
CO-100022-22,123,20,CD,WO,WO~WO-070888~1~0~0~0~A18-72024-000,WO-070888,1,0,0,W,A18-72024-000,A18-72024-000,240.00000000,2026-10-08 00:00:00.000,2026-05-27 18:50:00.000
CO-100022-22,128,20,CD,WO,WO~WO-071047~1~0~0~0~A18-73057-001,WO-071047,1,0,0,W,A18-73057-001,A18-73057-001,206.00000000,2026-10-08 00:00:00.000,2026-05-29 00:00:00.000
CO-100022-22,128,20,CD,WO,WO~WO-071047~1~0~0~0~A18-73057-001,WO-071047,1,0,0,W,A18-73057-001,A18-73057-001,206.00000000,2026-10-08 00:00:00.000,2026-06-02 22:20:00.000
CO-100022-22,128,20,CD,WO,WO~WO-071047~1~0~0~0~A18-73057-001,WO-071047,1,0,0,W,A18-73057-001,A18-73057-001,206.00000000,2026-10-08 00:00:00.000,2026-06-05 09:30:00.000
CO-085116,6,127,CD,WO,WO~WO-070761~1~0~0~0~29545990,WO-070761,1,0,0,W,29545990,29545990,856.00000000,2026-10-07 00:00:00.000,2026-06-08 19:00:00.000
CO-085116,6,127,CD,WO,WO~WO-070761~1~0~0~0~29545990,WO-070761,1,0,0,W,29545990,29545990,856.00000000,2026-10-07 00:00:00.000,2026-05-13 00:00:00.000
CO-085116,6,127,CD,WO,WO~WO-070761~1~0~0~0~29545990,WO-070761,1,0,0,W,29545990,29545990,856.00000000,2026-10-07 00:00:00.000,2026-06-02 00:40:00.000
CO-087117,1,154,CD,WO,WO~WO-071133~1~0~0~0~1094.397.033,WO-071133,1,0,0,W,1094.397.033,1094.397.033,250.00000000,2026-10-05 00:00:00.000,2026-05-25 00:00:00.000
CO-087117,1,154,CD,WO,WO~WO-071133~1~0~0~0~1094.397.033,WO-071133,1,0,0,W,1094.397.033,1094.397.033,250.00000000,2026-10-05 00:00:00.000,2026-06-11 18:20:00.000
CO-087117,1,154,CD,WO,WO~WO-071133~1~0~0~0~1094.397.033,WO-071133,1,0,0,W,1094.397.033,1094.397.033,250.00000000,2026-10-05 00:00:00.000,2026-06-10 20:40:00.000
CO-100000-22,22,14,CD,WO,WO~WO-071138~1~0~0~0~24 126 162,WO-071138,1,0,0,W,24 126 162,24 126 162,125.00000000,2026-10-05 00:00:00.000,2026-06-01 00:00:00.000
CO-100000-22,22,14,CD,WO,WO~WO-071138~1~0~0~0~24 126 162,WO-071138,1,0,0,W,24 126 162,24 126 162,125.00000000,2026-10-05 00:00:00.000,2026-06-02 18:50:00.000
CO-100000-22,22,14,CD,WO,WO~WO-071138~1~0~0~0~24 126 162,WO-071138,1,0,0,W,24 126 162,24 126 162,125.00000000,2026-10-05 00:00:00.000,2026-06-02 18:50:00.000
CO-100000-22,32,12,CD,WO,WO~WO-071232~1~0~0~0~24 126 255,WO-071232,1,0,0,W,24 126 255,24 126 255,80.00000000,2026-10-05 00:00:00.000,2026-06-01 00:00:00.000
CO-100000-22,32,12,CD,WO,WO~WO-071232~1~0~0~0~24 126 255,WO-071232,1,0,0,W,24 126 255,24 126 255,80.00000000,2026-10-05 00:00:00.000,2026-05-31 23:50:00.000
CO-100000-22,32,12,CD,WO,WO~WO-071232~1~0~0~0~24 126 255,WO-071232,1,0,0,W,24 126 255,24 126 255,80.00000000,2026-10-05 00:00:00.000,2026-05-31 23:50:00.000
CO-100000-22,52,15,CD,WO,WO~WO-071021~1~0~0~0~32 096 16,WO-071021,1,0,0,W,32 096 16,32 096 16,3200.00000000,2026-10-05 00:00:00.000,2026-04-25 00:00:00.000
CO-100000-22,52,15,CD,WO,WO~WO-071021~1~0~0~0~32 096 16,WO-071021,1,0,0,W,32 096 16,32 096 16,3200.00000000,2026-10-05 00:00:00.000,2026-05-26 16:40:00.000
CO-100000-22,52,15,CD,WO,WO~WO-071021~1~0~0~0~32 096 16,WO-071021,1,0,0,W,32 096 16,32 096 16,3200.00000000,2026-10-05 00:00:00.000,2026-05-26 20:10:00.000
CO-100002-22,16,8,CD,WO,WO~WO-071333~1~0~0~0~GM104683,WO-071333,1,0,0,W,GM104683,GM104683,120.00000000,2026-10-05 00:00:00.000,2026-05-27 00:00:00.000
CO-100007,6,35,CD,WO,WO~WO-070498~1~0~0~0~453627950200,WO-070498,1,0,0,W,453627950200,453627950200,1.00000000,2026-10-05 00:00:00.000,2026-06-05 00:00:00.000
CO-100007,6,35,CD,WO,WO~WO-070498~1~0~0~0~453627950200,WO-070498,1,0,0,W,453627950200,453627950200,1.00000000,2026-10-05 00:00:00.000,2026-06-04 22:50:00.000
CO-100007,6,35,CD,WO,WO~WO-070498~1~0~0~0~453627950200,WO-070498,1,0,0,W,453627950200,453627950200,1.00000000,2026-10-05 00:00:00.000,2026-06-04 22:50:00.000
CO-087180,2,0,CO,WO,WO~CO-087180~2~0~0~0~ ,CO-087180,2,0,0,W,NULL, ,1.00000000,2026-10-03 00:00:00.000,2026-10-03 00:00:00.000
CO-087180,2,0,CO,WO,WO~CO-087180~2~0~0~0~ ,CO-087180,2,0,0,W,NULL, ,1.00000000,2026-10-03 00:00:00.000,2026-10-02 23:50:00.000
CO-087180,2,0,CO,WO,WO~CO-087180~2~0~0~0~ ,CO-087180,2,0,0,W,NULL, ,1.00000000,2026-10-03 00:00:00.000,2026-10-02 23:50:00.000
CO-100022-22,18,11,CD,WO,WO~WO-071273~1~0~0~0~07-25363-000,WO-071273,1,0,0,W,07-25363-000,07-25363-000,100.00000000,2026-10-02 00:00:00.000,2026-05-26 00:00:00.000
CO-100022-22,18,11,CD,WO,WO~WO-071273~1~0~0~0~07-25363-000,WO-071273,1,0,0,W,07-25363-000,07-25363-000,100.00000000,2026-10-02 00:00:00.000,2026-06-01 11:20:00.000
CO-100022-22,18,11,CD,WO,WO~WO-071273~1~0~0~0~07-25363-000,WO-071273,1,0,0,W,07-25363-000,07-25363-000,100.00000000,2026-10-02 00:00:00.000,2026-06-03 22:30:00.000
CO-100022-22,106,41,CD,WO,WO~WO-071328~1~0~0~0~A01-35446-000,WO-071328,1,0,0,W,A01-35446-000,A01-35446-000,500.00000000,2026-10-02 00:00:00.000,2026-07-09 00:00:00.000
CO-100022-22,106,41,CD,WO,WO~WO-071328~1~0~0~0~A01-35446-000,WO-071328,1,0,0,W,A01-35446-000,A01-35446-000,500.00000000,2026-10-02 00:00:00.000,2026-07-08 23:50:00.000
CO-100022-22,106,41,CD,WO,WO~WO-071328~1~0~0~0~A01-35446-000,WO-071328,1,0,0,W,A01-35446-000,A01-35446-000,500.00000000,2026-10-02 00:00:00.000,2026-07-08 23:50:00.000
CO-100022-22,181,10,CD,WO,WO~WO-070179~1~0~0~0~A66-20730-000,WO-070179,1,0,0,W,A66-20730-000,A66-20730-000,100.00000000,2026-10-02 00:00:00.000,2026-04-03 00:00:00.000
CO-100022-22,181,10,CD,WO,WO~WO-070179~1~0~0~0~A66-20730-000,WO-070179,1,0,0,W,A66-20730-000,A66-20730-000,100.00000000,2026-10-02 00:00:00.000,2026-05-22 07:50:00.000
CO-100022-22,181,10,CD,WO,WO~WO-070179~1~0~0~0~A66-20730-000,WO-070179,1,0,0,W,A66-20730-000,A66-20730-000,100.00000000,2026-10-02 00:00:00.000,2026-05-22 09:00:00.000
CO-100021,153,5,CD,WO,WO~WO-071018~1~0~0~0~A17-21790-011,WO-071018,1,0,0,W,A17-21790-011,A17-21790-011,3.00000000,2026-10-01 00:00:00.000,2026-05-13 00:00:00.000
CO-100021,153,5,CD,WO,WO~WO-071018~1~0~0~0~A17-21790-011,WO-071018,1,0,0,W,A17-21790-011,A17-21790-011,3.00000000,2026-10-01 00:00:00.000,2026-05-22 07:30:00.000
CO-100021,153,5,CD,WO,WO~WO-071018~1~0~0~0~A17-21790-011,WO-071018,1,0,0,W,A17-21790-011,A17-21790-011,3.00000000,2026-10-01 00:00:00.000,2026-05-22 07:30:00.000
CO-100022-22,106,39,CD,WO,WO~WO-071328~1~0~0~0~A01-35446-000,WO-071328,1,0,0,W,A01-35446-000,A01-35446-000,500.00000000,2026-10-01 00:00:00.000,2026-07-09 00:00:00.000
CO-100022-22,106,39,CD,WO,WO~WO-071328~1~0~0~0~A01-35446-000,WO-071328,1,0,0,W,A01-35446-000,A01-35446-000,500.00000000,2026-10-01 00:00:00.000,2026-07-08 23:50:00.000
CO-100022-22,106,39,CD,WO,WO~WO-071328~1~0~0~0~A01-35446-000,WO-071328,1,0,0,W,A01-35446-000,A01-35446-000,500.00000000,2026-10-01 00:00:00.000,2026-07-08 23:50:00.000
CO-100022-22,106,40,CD,WO,WO~WO-071328~1~0~0~0~A01-35446-000,WO-071328,1,0,0,W,A01-35446-000,A01-35446-000,500.00000000,2026-10-01 00:00:00.000,2026-07-09 00:00:00.000
CO-100022-22,106,40,CD,WO,WO~WO-071328~1~0~0~0~A01-35446-000,WO-071328,1,0,0,W,A01-35446-000,A01-35446-000,500.00000000,2026-10-01 00:00:00.000,2026-07-08 23:50:00.000
CO-100022-22,106,40,CD,WO,WO~WO-071328~1~0~0~0~A01-35446-000,WO-071328,1,0,0,W,A01-35446-000,A01-35446-000,500.00000000,2026-10-01 00:00:00.000,2026-07-08 23:50:00.000
CO-100022-22,123,19,CD,WO,WO~WO-070888~1~0~0~0~A18-72024-000,WO-070888,1,0,0,W,A18-72024-000,A18-72024-000,26.00000000,2026-10-01 00:00:00.000,2026-05-14 00:00:00.000
CO-100022-22,123,19,CD,WO,WO~WO-070888~1~0~0~0~A18-72024-000,WO-070888,1,0,0,W,A18-72024-000,A18-72024-000,26.00000000,2026-10-01 00:00:00.000,2026-05-27 18:50:00.000
CO-100022-22,123,19,CD,WO,WO~WO-070888~1~0~0~0~A18-72024-000,WO-070888,1,0,0,W,A18-72024-000,A18-72024-000,26.00000000,2026-10-01 00:00:00.000,2026-05-27 18:50:00.000
CO-100022-22,128,19,CD,WO,WO~WO-071047~1~0~0~0~A18-73057-001,WO-071047,1,0,0,W,A18-73057-001,A18-73057-001,153.00000000,2026-10-01 00:00:00.000,2026-05-29 00:00:00.000
CO-100022-22,128,19,CD,WO,WO~WO-071047~1~0~0~0~A18-73057-001,WO-071047,1,0,0,W,A18-73057-001,A18-73057-001,153.00000000,2026-10-01 00:00:00.000,2026-06-02 22:20:00.000
CO-100022-22,128,19,CD,WO,WO~WO-071047~1~0~0~0~A18-73057-001,WO-071047,1,0,0,W,A18-73057-001,A18-73057-001,153.00000000,2026-10-01 00:00:00.000,2026-06-05 09:30:00.000
CO-100028,3,10,CD,WO,WO~WO-070769~1~0~0~0~485803,WO-070769,1,0,0,W,485803,485803,400.00000000,2026-10-01 00:00:00.000,2026-05-31 00:00:00.000
CO-100028,3,10,CD,WO,WO~WO-070769~1~0~0~0~485803,WO-070769,1,0,0,W,485803,485803,400.00000000,2026-10-01 00:00:00.000,2026-05-27 12:40:00.000
CO-100028,3,10,CD,WO,WO~WO-070769~1~0~0~0~485803,WO-070769,1,0,0,W,485803,485803,400.00000000,2026-10-01 00:00:00.000,2026-05-29 20:00:00.000
CO-085116,6,126,CD,WO,WO~WO-070761~1~0~0~0~29545990,WO-070761,1,0,0,W,29545990,29545990,2000.00000000,2026-09-30 00:00:00.000,2026-06-08 19:00:00.000
CO-085116,6,126,CD,WO,WO~WO-070761~1~0~0~0~29545990,WO-070761,1,0,0,W,29545990,29545990,2000.00000000,2026-09-30 00:00:00.000,2026-05-13 00:00:00.000
CO-085116,6,126,CD,WO,WO~WO-070761~1~0~0~0~29545990,WO-070761,1,0,0,W,29545990,29545990,2000.00000000,2026-09-30 00:00:00.000,2026-06-02 00:40:00.000
CO-086846,1,0,CO,WO,WO~CO-086846~1~0~0~0~ ,CO-086846,1,0,0,W,NULL, ,1.00000000,2026-09-30 00:00:00.000,2026-09-30 00:00:00.000
CO-086846,1,0,CO,WO,WO~CO-086846~1~0~0~0~ ,CO-086846,1,0,0,W,NULL, ,1.00000000,2026-09-30 00:00:00.000,2026-09-29 23:50:00.000
CO-086846,1,0,CO,WO,WO~CO-086846~1~0~0~0~ ,CO-086846,1,0,0,W,NULL, ,1.00000000,2026-09-30 00:00:00.000,2026-09-29 23:50:00.000
CO-086847,1,0,CO,WO,WO~CO-086847~1~0~0~0~ ,CO-086847,1,0,0,W,NULL, ,1.00000000,2026-09-30 00:00:00.000,2026-09-30 00:00:00.000
CO-086847,1,0,CO,WO,WO~CO-086847~1~0~0~0~ ,CO-086847,1,0,0,W,NULL, ,1.00000000,2026-09-30 00:00:00.000,2026-09-29 23:50:00.000
CO-086847,1,0,CO,WO,WO~CO-086847~1~0~0~0~ ,CO-086847,1,0,0,W,NULL, ,1.00000000,2026-09-30 00:00:00.000,2026-09-29 23:50:00.000
CO-087303,1,8,CD,WO,WO~WO-071422~1~0~0~0~104910-07,WO-071422,1,0,0,W,104910-07,104910-07,239.00000000,2026-09-30 00:00:00.000,2026-05-29 00:00:00.000
CO-087316,1,3,CD,WO,WO~WO-071240~1~0~0~0~105803-10,WO-071240,1,0,0,W,105803-10,105803-10,15.00000000,2026-09-30 00:00:00.000,2026-06-10 00:00:00.000
CO-087316,1,3,CD,WO,WO~WO-071240~1~0~0~0~105803-10,WO-071240,1,0,0,W,105803-10,105803-10,15.00000000,2026-09-30 00:00:00.000,2026-06-09 19:10:00.000
CO-087316,1,3,CD,WO,WO~WO-071240~1~0~0~0~105803-10,WO-071240,1,0,0,W,105803-10,105803-10,15.00000000,2026-09-30 00:00:00.000,2026-06-09 19:10:00.000
CO-087117,1,221,CD,WO,WO~WO-071133~1~0~0~0~1094.397.033,WO-071133,1,0,0,W,1094.397.033,1094.397.033,125.00000000,2026-09-28 00:00:00.000,2026-05-25 00:00:00.000
CO-087117,1,221,CD,WO,WO~WO-071133~1~0~0~0~1094.397.033,WO-071133,1,0,0,W,1094.397.033,1094.397.033,125.00000000,2026-09-28 00:00:00.000,2026-06-10 20:40:00.000
CO-087117,1,221,CD,WO,WO~WO-071133~1~0~0~0~1094.397.033,WO-071133,1,0,0,W,1094.397.033,1094.397.033,125.00000000,2026-09-28 00:00:00.000,2026-06-11 18:20:00.000
CO-100000-22,18,15,CD,WO,WO~WO-070848~1~0~0~0~24 096 151,WO-070848,1,0,0,W,24 096 151,24 096 151,900.00000000,2026-09-28 00:00:00.000,2026-05-15 00:00:00.000
CO-100000-22,18,15,CD,WO,WO~WO-070848~1~0~0~0~24 096 151,WO-070848,1,0,0,W,24 096 151,24 096 151,900.00000000,2026-09-28 00:00:00.000,2026-05-27 04:50:00.000
CO-100000-22,18,15,CD,WO,WO~WO-070848~1~0~0~0~24 096 151,WO-070848,1,0,0,W,24 096 151,24 096 151,900.00000000,2026-09-28 00:00:00.000,2026-05-27 04:50:00.000
CO-100000-22,22,13,CD,WO,WO~WO-071138~1~0~0~0~24 126 162,WO-071138,1,0,0,W,24 126 162,24 126 162,125.00000000,2026-09-28 00:00:00.000,2026-06-01 00:00:00.000
CO-100000-22,22,13,CD,WO,WO~WO-071138~1~0~0~0~24 126 162,WO-071138,1,0,0,W,24 126 162,24 126 162,125.00000000,2026-09-28 00:00:00.000,2026-06-02 18:50:00.000
CO-100000-22,22,13,CD,WO,WO~WO-071138~1~0~0~0~24 126 162,WO-071138,1,0,0,W,24 126 162,24 126 162,125.00000000,2026-09-28 00:00:00.000,2026-06-02 18:50:00.000
CO-100000-22,32,11,CD,WO,WO~WO-071232~1~0~0~0~24 126 255,WO-071232,1,0,0,W,24 126 255,24 126 255,80.00000000,2026-09-28 00:00:00.000,2026-06-01 00:00:00.000
CO-100000-22,32,11,CD,WO,WO~WO-071232~1~0~0~0~24 126 255,WO-071232,1,0,0,W,24 126 255,24 126 255,80.00000000,2026-09-28 00:00:00.000,2026-05-31 23:50:00.000
CO-100000-22,32,11,CD,WO,WO~WO-071232~1~0~0~0~24 126 255,WO-071232,1,0,0,W,24 126 255,24 126 255,80.00000000,2026-09-28 00:00:00.000,2026-05-31 23:50:00.000
CO-100000-22,52,14,CD,WO,WO~WO-071021~1~0~0~0~32 096 16,WO-071021,1,0,0,W,32 096 16,32 096 16,3200.00000000,2026-09-28 00:00:00.000,2026-04-25 00:00:00.000
CO-100000-22,52,14,CD,WO,WO~WO-071021~1~0~0~0~32 096 16,WO-071021,1,0,0,W,32 096 16,32 096 16,3200.00000000,2026-09-28 00:00:00.000,2026-05-26 16:40:00.000
CO-100000-22,52,14,CD,WO,WO~WO-071021~1~0~0~0~32 096 16,WO-071021,1,0,0,W,32 096 16,32 096 16,3200.00000000,2026-09-28 00:00:00.000,2026-05-26 20:10:00.000
CO-100002-22,16,7,CD,WO,WO~WO-071333~1~0~0~0~GM104683,WO-071333,1,0,0,W,GM104683,GM104683,240.00000000,2026-09-28 00:00:00.000,2026-05-27 00:00:00.000
CO-100007,6,34,CD,WO,WO~WO-070498~1~0~0~0~453627950200,WO-070498,1,0,0,W,453627950200,453627950200,1.00000000,2026-09-28 00:00:00.000,2026-06-05 00:00:00.000
CO-100007,6,34,CD,WO,WO~WO-070498~1~0~0~0~453627950200,WO-070498,1,0,0,W,453627950200,453627950200,1.00000000,2026-09-28 00:00:00.000,2026-06-04 22:50:00.000
CO-100007,6,34,CD,WO,WO~WO-070498~1~0~0~0~453627950200,WO-070498,1,0,0,W,453627950200,453627950200,1.00000000,2026-09-28 00:00:00.000,2026-06-04 22:50:00.000
CO-100018-22,2,6,CD,WO,WO~WO-071391~1~0~0~0~AKK46582,WO-071391,1,0,0,W,AKK46582,AKK46582,96.00000000,2026-09-28 00:00:00.000,2026-05-25 00:00:00.000
CO-100022-22,106,38,CD,WO,WO~WO-071328~1~0~0~0~A01-35446-000,WO-071328,1,0,0,W,A01-35446-000,A01-35446-000,500.00000000,2026-09-25 00:00:00.000,2026-07-09 00:00:00.000
CO-100022-22,106,38,CD,WO,WO~WO-071328~1~0~0~0~A01-35446-000,WO-071328,1,0,0,W,A01-35446-000,A01-35446-000,500.00000000,2026-09-25 00:00:00.000,2026-07-08 23:50:00.000
CO-100022-22,106,38,CD,WO,WO~WO-071328~1~0~0~0~A01-35446-000,WO-071328,1,0,0,W,A01-35446-000,A01-35446-000,500.00000000,2026-09-25 00:00:00.000,2026-07-08 23:50:00.000
CO-100022-22,123,18,CD,WO,WO~WO-070888~1~0~0~0~A18-72024-000,WO-070888,1,0,0,W,A18-72024-000,A18-72024-000,792.00000000,2026-09-25 00:00:00.000,2026-05-14 00:00:00.000
CO-100022-22,123,18,CD,WO,WO~WO-070888~1~0~0~0~A18-72024-000,WO-070888,1,0,0,W,A18-72024-000,A18-72024-000,792.00000000,2026-09-25 00:00:00.000,2026-05-27 18:50:00.000
CO-100022-22,123,18,CD,WO,WO~WO-070888~1~0~0~0~A18-72024-000,WO-070888,1,0,0,W,A18-72024-000,A18-72024-000,792.00000000,2026-09-25 00:00:00.000,2026-05-27 18:50:00.000
CO-100022-22,181,9,CD,WO,WO~WO-070179~1~0~0~0~A66-20730-000,WO-070179,1,0,0,W,A66-20730-000,A66-20730-000,100.00000000,2026-09-25 00:00:00.000,2026-04-03 00:00:00.000
CO-100022-22,181,9,CD,WO,WO~WO-070179~1~0~0~0~A66-20730-000,WO-070179,1,0,0,W,A66-20730-000,A66-20730-000,100.00000000,2026-09-25 00:00:00.000,2026-05-22 07:50:00.000
CO-100022-22,181,9,CD,WO,WO~WO-070179~1~0~0~0~A66-20730-000,WO-070179,1,0,0,W,A66-20730-000,A66-20730-000,100.00000000,2026-09-25 00:00:00.000,2026-05-22 09:00:00.000
CO-100022-22,36,7,CD,WO,WO~WO-071224~1~0~0~0~22-69103-002,WO-071224,1,0,0,W,22-69103-002,22-69103-002,2.00000000,2026-09-24 00:00:00.000,2026-05-04 00:00:00.000
CO-100022-22,36,7,CD,WO,WO~WO-071224~1~0~0~0~22-69103-002,WO-071224,1,0,0,W,22-69103-002,22-69103-002,2.00000000,2026-09-24 00:00:00.000,2026-05-29 03:20:00.000
CO-100022-22,36,7,CD,WO,WO~WO-071224~1~0~0~0~22-69103-002,WO-071224,1,0,0,W,22-69103-002,22-69103-002,2.00000000,2026-09-24 00:00:00.000,2026-05-29 11:30:00.000
CO-100022-22,106,36,CD,WO,WO~WO-071328~1~0~0~0~A01-35446-000,WO-071328,1,0,0,W,A01-35446-000,A01-35446-000,1500.00000000,2026-09-24 00:00:00.000,2026-07-09 00:00:00.000
CO-100022-22,106,36,CD,WO,WO~WO-071328~1~0~0~0~A01-35446-000,WO-071328,1,0,0,W,A01-35446-000,A01-35446-000,1500.00000000,2026-09-24 00:00:00.000,2026-07-08 23:50:00.000
CO-100022-22,106,36,CD,WO,WO~WO-071328~1~0~0~0~A01-35446-000,WO-071328,1,0,0,W,A01-35446-000,A01-35446-000,1500.00000000,2026-09-24 00:00:00.000,2026-07-08 23:50:00.000
CO-100022-22,106,37,CD,WO,WO~WO-071328~1~0~0~0~A01-35446-000,WO-071328,1,0,0,W,A01-35446-000,A01-35446-000,500.00000000,2026-09-24 00:00:00.000,2026-07-09 00:00:00.000
CO-100022-22,106,37,CD,WO,WO~WO-071328~1~0~0~0~A01-35446-000,WO-071328,1,0,0,W,A01-35446-000,A01-35446-000,500.00000000,2026-09-24 00:00:00.000,2026-07-08 23:50:00.000
CO-100022-22,106,37,CD,WO,WO~WO-071328~1~0~0~0~A01-35446-000,WO-071328,1,0,0,W,A01-35446-000,A01-35446-000,500.00000000,2026-09-24 00:00:00.000,2026-07-08 23:50:00.000
CO-100022-22,113,19,CD,WO,WO~WO-069696~1~0~0~0~A17-21790-004,WO-069696,1,0,0,W,A17-21790-004,A17-21790-004,4.00000000,2026-09-24 00:00:00.000,2026-04-24 00:00:00.000
CO-100022-22,113,19,CD,WO,WO~WO-069696~1~0~0~0~A17-21790-004,WO-069696,1,0,0,W,A17-21790-004,A17-21790-004,4.00000000,2026-09-24 00:00:00.000,2026-05-22 08:30:00.000
CO-100022-22,113,19,CD,WO,WO~WO-069696~1~0~0~0~A17-21790-004,WO-069696,1,0,0,W,A17-21790-004,A17-21790-004,4.00000000,2026-09-24 00:00:00.000,2026-05-22 08:30:00.000
CO-100022-22,117,12,CD,WO,WO~WO-071016~1~0~0~0~A18-52790-004,WO-071016,1,0,0,W,A18-52790-004,A18-52790-004,96.00000000,2026-09-24 00:00:00.000,2026-05-28 00:00:00.000
CO-100022-22,117,12,CD,WO,WO~WO-071016~1~0~0~0~A18-52790-004,WO-071016,1,0,0,W,A18-52790-004,A18-52790-004,96.00000000,2026-09-24 00:00:00.000,2026-05-29 05:30:00.000
CO-100022-22,117,12,CD,WO,WO~WO-071016~1~0~0~0~A18-52790-004,WO-071016,1,0,0,W,A18-52790-004,A18-52790-004,96.00000000,2026-09-24 00:00:00.000,2026-05-29 05:30:00.000
CO-100022-22,123,17,CD,WO,WO~WO-070888~1~0~0~0~A18-72024-000,WO-070888,1,0,0,W,A18-72024-000,A18-72024-000,142.00000000,2026-09-24 00:00:00.000,2026-05-14 00:00:00.000
CO-100022-22,123,17,CD,WO,WO~WO-070888~1~0~0~0~A18-72024-000,WO-070888,1,0,0,W,A18-72024-000,A18-72024-000,142.00000000,2026-09-24 00:00:00.000,2026-05-27 18:50:00.000
CO-100022-22,123,17,CD,WO,WO~WO-070888~1~0~0~0~A18-72024-000,WO-070888,1,0,0,W,A18-72024-000,A18-72024-000,142.00000000,2026-09-24 00:00:00.000,2026-05-27 18:50:00.000
CO-100022-22,128,18,CD,WO,WO~WO-071047~1~0~0~0~A18-73057-001,WO-071047,1,0,0,W,A18-73057-001,A18-73057-001,185.00000000,2026-09-24 00:00:00.000,2026-05-29 00:00:00.000
CO-100022-22,128,18,CD,WO,WO~WO-071047~1~0~0~0~A18-73057-001,WO-071047,1,0,0,W,A18-73057-001,A18-73057-001,185.00000000,2026-09-24 00:00:00.000,2026-06-02 22:20:00.000
CO-100022-22,128,18,CD,WO,WO~WO-071047~1~0~0~0~A18-73057-001,WO-071047,1,0,0,W,A18-73057-001,A18-73057-001,185.00000000,2026-09-24 00:00:00.000,2026-06-05 09:30:00.000
CO-085116,6,125,CD,WO,WO~WO-070761~1~0~0~0~29545990,WO-070761,1,0,0,W,29545990,29545990,2000.00000000,2026-09-23 00:00:00.000,2026-06-08 19:00:00.000
CO-085116,6,125,CD,WO,WO~WO-070761~1~0~0~0~29545990,WO-070761,1,0,0,W,29545990,29545990,2000.00000000,2026-09-23 00:00:00.000,2026-05-13 00:00:00.000
CO-085116,6,125,CD,WO,WO~WO-070761~1~0~0~0~29545990,WO-070761,1,0,0,W,29545990,29545990,2000.00000000,2026-09-23 00:00:00.000,2026-06-02 00:40:00.000
CO-085116,7,98,CD,WO,WO~WO-070761~1~0~0~0~29545990,WO-070761,1,0,0,W,29545990,29545990,400.00000000,2026-09-23 00:00:00.000,2026-05-13 00:00:00.000
CO-085116,7,98,CD,WO,WO~WO-070761~1~0~0~0~29545990,WO-070761,1,0,0,W,29545990,29545990,400.00000000,2026-09-23 00:00:00.000,2026-06-08 19:00:00.000
CO-085116,7,98,CD,WO,WO~WO-070761~1~0~0~0~29545990,WO-070761,1,0,0,W,29545990,29545990,400.00000000,2026-09-23 00:00:00.000,2026-06-02 00:40:00.000
CO-087104,5,329,CD,WO,WO~WO-070979~1~0~0~0~10023885,WO-070979,1,0,0,W,10023885,10023885,403.00000000,2026-09-21 00:00:00.000,2026-05-22 00:00:00.000
CO-087104,5,329,CD,WO,WO~WO-070979~1~0~0~0~10023885,WO-070979,1,0,0,W,10023885,10023885,403.00000000,2026-09-21 00:00:00.000,2026-05-28 03:10:00.000
CO-087104,5,329,CD,WO,WO~WO-070979~1~0~0~0~10023885,WO-070979,1,0,0,W,10023885,10023885,403.00000000,2026-09-21 00:00:00.000,2026-05-28 03:10:00.000
CO-087117,1,192,CD,WO,WO~WO-071133~1~0~0~0~1094.397.033,WO-071133,1,0,0,W,1094.397.033,1094.397.033,250.00000000,2026-09-21 00:00:00.000,2026-05-25 00:00:00.000
CO-087117,1,192,CD,WO,WO~WO-071133~1~0~0~0~1094.397.033,WO-071133,1,0,0,W,1094.397.033,1094.397.033,250.00000000,2026-09-21 00:00:00.000,2026-06-10 20:40:00.000
CO-087117,1,192,CD,WO,WO~WO-071133~1~0~0~0~1094.397.033,WO-071133,1,0,0,W,1094.397.033,1094.397.033,250.00000000,2026-09-21 00:00:00.000,2026-06-11 18:20:00.000
CO-100000-22,6,2,CD,WO,WO~WO-071233~1~0~0~0~16 126 01,WO-071233,1,0,0,W,16 126 01,16 126 01,1000.00000000,2026-09-21 00:00:00.000,2026-05-25 00:00:00.000
CO-100000-22,6,2,CD,WO,WO~WO-071233~1~0~0~0~16 126 01,WO-071233,1,0,0,W,16 126 01,16 126 01,1000.00000000,2026-09-21 00:00:00.000,2026-05-27 17:00:00.000
CO-100000-22,6,2,CD,WO,WO~WO-071233~1~0~0~0~16 126 01,WO-071233,1,0,0,W,16 126 01,16 126 01,1000.00000000,2026-09-21 00:00:00.000,2026-05-27 17:00:00.000
CO-100000-22,18,14,CD,WO,WO~WO-070848~1~0~0~0~24 096 151,WO-070848,1,0,0,W,24 096 151,24 096 151,1898.00000000,2026-09-21 00:00:00.000,2026-05-15 00:00:00.000
CO-100000-22,18,14,CD,WO,WO~WO-070848~1~0~0~0~24 096 151,WO-070848,1,0,0,W,24 096 151,24 096 151,1898.00000000,2026-09-21 00:00:00.000,2026-05-27 04:50:00.000
CO-100000-22,18,14,CD,WO,WO~WO-070848~1~0~0~0~24 096 151,WO-070848,1,0,0,W,24 096 151,24 096 151,1898.00000000,2026-09-21 00:00:00.000,2026-05-27 04:50:00.000
CO-100000-22,22,12,CD,WO,WO~WO-071138~1~0~0~0~24 126 162,WO-071138,1,0,0,W,24 126 162,24 126 162,375.00000000,2026-09-21 00:00:00.000,2026-06-01 00:00:00.000
CO-100000-22,22,12,CD,WO,WO~WO-071138~1~0~0~0~24 126 162,WO-071138,1,0,0,W,24 126 162,24 126 162,375.00000000,2026-09-21 00:00:00.000,2026-06-02 18:50:00.000
CO-100000-22,22,12,CD,WO,WO~WO-071138~1~0~0~0~24 126 162,WO-071138,1,0,0,W,24 126 162,24 126 162,375.00000000,2026-09-21 00:00:00.000,2026-06-02 18:50:00.000
CO-100000-22,32,10,CD,WO,WO~WO-071232~1~0~0~0~24 126 255,WO-071232,1,0,0,W,24 126 255,24 126 255,80.00000000,2026-09-21 00:00:00.000,2026-06-01 00:00:00.000
CO-100000-22,32,10,CD,WO,WO~WO-071232~1~0~0~0~24 126 255,WO-071232,1,0,0,W,24 126 255,24 126 255,80.00000000,2026-09-21 00:00:00.000,2026-05-31 23:50:00.000
CO-100000-22,32,10,CD,WO,WO~WO-071232~1~0~0~0~24 126 255,WO-071232,1,0,0,W,24 126 255,24 126 255,80.00000000,2026-09-21 00:00:00.000,2026-05-31 23:50:00.000
CO-100000-22,52,13,CD,WO,WO~WO-071021~1~0~0~0~32 096 16,WO-071021,1,0,0,W,32 096 16,32 096 16,4000.00000000,2026-09-21 00:00:00.000,2026-04-25 00:00:00.000
CO-100000-22,52,13,CD,WO,WO~WO-071021~1~0~0~0~32 096 16,WO-071021,1,0,0,W,32 096 16,32 096 16,4000.00000000,2026-09-21 00:00:00.000,2026-05-26 16:40:00.000
CO-100000-22,52,13,CD,WO,WO~WO-071021~1~0~0~0~32 096 16,WO-071021,1,0,0,W,32 096 16,32 096 16,4000.00000000,2026-09-21 00:00:00.000,2026-05-26 20:10:00.000
CO-100007,6,28,CD,WO,WO~WO-070498~1~0~0~0~453627950200,WO-070498,1,0,0,W,453627950200,453627950200,1.00000000,2026-09-21 00:00:00.000,2026-06-05 00:00:00.000
CO-100007,6,28,CD,WO,WO~WO-070498~1~0~0~0~453627950200,WO-070498,1,0,0,W,453627950200,453627950200,1.00000000,2026-09-21 00:00:00.000,2026-06-04 22:50:00.000
CO-100007,6,28,CD,WO,WO~WO-070498~1~0~0~0~453627950200,WO-070498,1,0,0,W,453627950200,453627950200,1.00000000,2026-09-21 00:00:00.000,2026-06-04 22:50:00.000
CO-100022-22,6,7,CD,WO,WO~WO-071222~1~0~0~0~03-44045-000,WO-071222,1,0,0,W,03-44045-000,03-44045-000,100.00000000,2026-09-18 00:00:00.000,2026-06-12 00:00:00.000
CO-100022-22,6,7,CD,WO,WO~WO-071222~1~0~0~0~03-44045-000,WO-071222,1,0,0,W,03-44045-000,03-44045-000,100.00000000,2026-09-18 00:00:00.000,2026-06-11 23:50:00.000
CO-100022-22,6,7,CD,WO,WO~WO-071222~1~0~0~0~03-44045-000,WO-071222,1,0,0,W,03-44045-000,03-44045-000,100.00000000,2026-09-18 00:00:00.000,2026-06-11 23:50:00.000
CO-100022-22,18,10,CD,WO,WO~WO-071273~1~0~0~0~07-25363-000,WO-071273,1,0,0,W,07-25363-000,07-25363-000,100.00000000,2026-09-18 00:00:00.000,2026-05-26 00:00:00.000
CO-100022-22,18,10,CD,WO,WO~WO-071273~1~0~0~0~07-25363-000,WO-071273,1,0,0,W,07-25363-000,07-25363-000,100.00000000,2026-09-18 00:00:00.000,2026-06-01 11:20:00.000
CO-100022-22,18,10,CD,WO,WO~WO-071273~1~0~0~0~07-25363-000,WO-071273,1,0,0,W,07-25363-000,07-25363-000,100.00000000,2026-09-18 00:00:00.000,2026-06-03 22:30:00.000
CO-100022-22,68,18,CD,WO,WO~WO-070833~1~0~0~0~22-77401-001,WO-070833,1,0,0,W,22-77401-001,22-77401-001,29.00000000,2026-09-18 00:00:00.000,2026-05-22 00:00:00.000
CO-100022-22,68,18,CD,WO,WO~WO-070833~1~0~0~0~22-77401-001,WO-070833,1,0,0,W,22-77401-001,22-77401-001,29.00000000,2026-09-18 00:00:00.000,2026-05-28 21:50:00.000
CO-100022-22,68,18,CD,WO,WO~WO-070833~1~0~0~0~22-77401-001,WO-070833,1,0,0,W,22-77401-001,22-77401-001,29.00000000,2026-09-18 00:00:00.000,2026-05-25 17:10:00.000
CO-100018-22,2,5,CD,WO,WO~WO-071391~1~0~0~0~AKK46582,WO-071391,1,0,0,W,AKK46582,AKK46582,192.00000000,2026-09-17 00:00:00.000,2026-05-25 00:00:00.000
CO-100022-22,27,3,CD,WO,WO~WO-070804~1~0~0~0~17-16546-000,WO-070804,1,0,0,W,17-16546-000,17-16546-000,68.00000000,2026-09-17 00:00:00.000,2026-04-03 00:00:00.000
CO-100022-22,27,3,CD,WO,WO~WO-070804~1~0~0~0~17-16546-000,WO-070804,1,0,0,W,17-16546-000,17-16546-000,68.00000000,2026-09-17 00:00:00.000,2026-05-22 00:50:00.000
CO-100022-22,27,3,CD,WO,WO~WO-070804~1~0~0~0~17-16546-000,WO-070804,1,0,0,W,17-16546-000,17-16546-000,68.00000000,2026-09-17 00:00:00.000,2026-05-22 00:50:00.000
CO-100022-22,36,6,CD,WO,WO~WO-071224~1~0~0~0~22-69103-002,WO-071224,1,0,0,W,22-69103-002,22-69103-002,2.00000000,2026-09-17 00:00:00.000,2026-05-04 00:00:00.000
CO-100022-22,36,6,CD,WO,WO~WO-071224~1~0~0~0~22-69103-002,WO-071224,1,0,0,W,22-69103-002,22-69103-002,2.00000000,2026-09-17 00:00:00.000,2026-05-29 03:20:00.000
CO-100022-22,36,6,CD,WO,WO~WO-071224~1~0~0~0~22-69103-002,WO-071224,1,0,0,W,22-69103-002,22-69103-002,2.00000000,2026-09-17 00:00:00.000,2026-05-29 11:30:00.000
CO-100022-22,82,26,CD,WO,WO~WO-071279~1~0~0~0~66-17893-002,WO-071279,1,0,0,W,66-17893-002,66-17893-002,41.00000000,2026-09-17 00:00:00.000,2026-06-12 00:00:00.000
CO-100022-22,82,26,CD,WO,WO~WO-071279~1~0~0~0~66-17893-002,WO-071279,1,0,0,W,66-17893-002,66-17893-002,41.00000000,2026-09-17 00:00:00.000,2026-06-11 23:50:00.000
CO-100022-22,82,26,CD,WO,WO~WO-071279~1~0~0~0~66-17893-002,WO-071279,1,0,0,W,66-17893-002,66-17893-002,41.00000000,2026-09-17 00:00:00.000,2026-06-11 23:50:00.000
CO-100022-22,106,35,CD,WO,WO~WO-071328~1~0~0~0~A01-35446-000,WO-071328,1,0,0,W,A01-35446-000,A01-35446-000,500.00000000,2026-09-17 00:00:00.000,2026-07-09 00:00:00.000
CO-100022-22,106,35,CD,WO,WO~WO-071328~1~0~0~0~A01-35446-000,WO-071328,1,0,0,W,A01-35446-000,A01-35446-000,500.00000000,2026-09-17 00:00:00.000,2026-07-08 23:50:00.000
CO-100022-22,106,35,CD,WO,WO~WO-071328~1~0~0~0~A01-35446-000,WO-071328,1,0,0,W,A01-35446-000,A01-35446-000,500.00000000,2026-09-17 00:00:00.000,2026-07-08 23:50:00.000
CO-100022-22,113,18,CD,WO,WO~WO-069696~1~0~0~0~A17-21790-004,WO-069696,1,0,0,W,A17-21790-004,A17-21790-004,20.00000000,2026-09-17 00:00:00.000,2026-04-24 00:00:00.000
CO-100022-22,113,18,CD,WO,WO~WO-069696~1~0~0~0~A17-21790-004,WO-069696,1,0,0,W,A17-21790-004,A17-21790-004,20.00000000,2026-09-17 00:00:00.000,2026-05-22 08:30:00.000
CO-100022-22,113,18,CD,WO,WO~WO-069696~1~0~0~0~A17-21790-004,WO-069696,1,0,0,W,A17-21790-004,A17-21790-004,20.00000000,2026-09-17 00:00:00.000,2026-05-22 08:30:00.000
CO-100022-22,117,11,CD,WO,WO~WO-071016~1~0~0~0~A18-52790-004,WO-071016,1,0,0,W,A18-52790-004,A18-52790-004,500.00000000,2026-09-17 00:00:00.000,2026-05-28 00:00:00.000
CO-100022-22,117,11,CD,WO,WO~WO-071016~1~0~0~0~A18-52790-004,WO-071016,1,0,0,W,A18-52790-004,A18-52790-004,500.00000000,2026-09-17 00:00:00.000,2026-05-29 05:30:00.000
CO-100022-22,117,11,CD,WO,WO~WO-071016~1~0~0~0~A18-52790-004,WO-071016,1,0,0,W,A18-52790-004,A18-52790-004,500.00000000,2026-09-17 00:00:00.000,2026-05-29 05:30:00.000
CO-100022-22,123,16,CD,WO,WO~WO-070888~1~0~0~0~A18-72024-000,WO-070888,1,0,0,W,A18-72024-000,A18-72024-000,32.00000000,2026-09-17 00:00:00.000,2026-05-14 00:00:00.000
CO-100022-22,123,16,CD,WO,WO~WO-070888~1~0~0~0~A18-72024-000,WO-070888,1,0,0,W,A18-72024-000,A18-72024-000,32.00000000,2026-09-17 00:00:00.000,2026-05-27 18:50:00.000
CO-100022-22,123,16,CD,WO,WO~WO-070888~1~0~0~0~A18-72024-000,WO-070888,1,0,0,W,A18-72024-000,A18-72024-000,32.00000000,2026-09-17 00:00:00.000,2026-05-27 18:50:00.000
CO-100022-22,128,17,CD,WO,WO~WO-071047~1~0~0~0~A18-73057-001,WO-071047,1,0,0,W,A18-73057-001,A18-73057-001,169.00000000,2026-09-17 00:00:00.000,2026-05-29 00:00:00.000
CO-100022-22,128,17,CD,WO,WO~WO-071047~1~0~0~0~A18-73057-001,WO-071047,1,0,0,W,A18-73057-001,A18-73057-001,169.00000000,2026-09-17 00:00:00.000,2026-06-02 22:20:00.000
CO-100022-22,128,17,CD,WO,WO~WO-071047~1~0~0~0~A18-73057-001,WO-071047,1,0,0,W,A18-73057-001,A18-73057-001,169.00000000,2026-09-17 00:00:00.000,2026-06-05 09:30:00.000
CO-085115,12,36,CD,WO,WO~WO-071448~1~0~0~0~29568451,WO-071448,1,0,0,W,29568451,29568451,3.00000000,2026-09-16 00:00:00.000,2026-06-03 00:00:00.000
CO-085116,6,124,CD,WO,WO~WO-070761~1~0~0~0~29545990,WO-070761,1,0,0,W,29545990,29545990,2000.00000000,2026-09-16 00:00:00.000,2026-05-13 00:00:00.000
CO-085116,6,124,CD,WO,WO~WO-070761~1~0~0~0~29545990,WO-070761,1,0,0,W,29545990,29545990,2000.00000000,2026-09-16 00:00:00.000,2026-06-08 19:00:00.000
CO-085116,6,124,CD,WO,WO~WO-070761~1~0~0~0~29545990,WO-070761,1,0,0,W,29545990,29545990,2000.00000000,2026-09-16 00:00:00.000,2026-06-02 00:40:00.000
CO-100022-22,68,17,CD,WO,WO~WO-070833~1~0~0~0~22-77401-001,WO-070833,1,0,0,W,22-77401-001,22-77401-001,100.00000000,2026-09-15 00:00:00.000,2026-05-22 00:00:00.000
CO-100022-22,68,17,CD,WO,WO~WO-070833~1~0~0~0~22-77401-001,WO-070833,1,0,0,W,22-77401-001,22-77401-001,100.00000000,2026-09-15 00:00:00.000,2026-05-28 21:50:00.000
CO-100022-22,68,17,CD,WO,WO~WO-070833~1~0~0~0~22-77401-001,WO-070833,1,0,0,W,22-77401-001,22-77401-001,100.00000000,2026-09-15 00:00:00.000,2026-05-25 17:10:00.000
CO-100022-22,106,34,CD,WO,WO~WO-071328~1~0~0~0~A01-35446-000,WO-071328,1,0,0,W,A01-35446-000,A01-35446-000,500.00000000,2026-09-15 00:00:00.000,2026-07-09 00:00:00.000
CO-100022-22,106,34,CD,WO,WO~WO-071328~1~0~0~0~A01-35446-000,WO-071328,1,0,0,W,A01-35446-000,A01-35446-000,500.00000000,2026-09-15 00:00:00.000,2026-07-08 23:50:00.000
CO-100022-22,106,34,CD,WO,WO~WO-071328~1~0~0~0~A01-35446-000,WO-071328,1,0,0,W,A01-35446-000,A01-35446-000,500.00000000,2026-09-15 00:00:00.000,2026-07-08 23:50:00.000
CO-087104,5,411,CD,WO,WO~WO-070979~1~0~0~0~10023885,WO-070979,1,0,0,W,10023885,10023885,500.00000000,2026-09-14 00:00:00.000,2026-05-22 00:00:00.000
CO-087104,5,411,CD,WO,WO~WO-070979~1~0~0~0~10023885,WO-070979,1,0,0,W,10023885,10023885,500.00000000,2026-09-14 00:00:00.000,2026-05-28 03:10:00.000
CO-087104,5,411,CD,WO,WO~WO-070979~1~0~0~0~10023885,WO-070979,1,0,0,W,10023885,10023885,500.00000000,2026-09-14 00:00:00.000,2026-05-28 03:10:00.000
CO-100000-22,18,13,CD,WO,WO~WO-070848~1~0~0~0~24 096 151,WO-070848,1,0,0,W,24 096 151,24 096 151,1168.00000000,2026-09-14 00:00:00.000,2026-05-15 00:00:00.000
CO-100000-22,18,13,CD,WO,WO~WO-070848~1~0~0~0~24 096 151,WO-070848,1,0,0,W,24 096 151,24 096 151,1168.00000000,2026-09-14 00:00:00.000,2026-05-27 04:50:00.000
CO-100000-22,18,13,CD,WO,WO~WO-070848~1~0~0~0~24 096 151,WO-070848,1,0,0,W,24 096 151,24 096 151,1168.00000000,2026-09-14 00:00:00.000,2026-05-27 04:50:00.000
CO-100000-22,22,11,CD,WO,WO~WO-071138~1~0~0~0~24 126 162,WO-071138,1,0,0,W,24 126 162,24 126 162,250.00000000,2026-09-14 00:00:00.000,2026-06-01 00:00:00.000
CO-100000-22,22,11,CD,WO,WO~WO-071138~1~0~0~0~24 126 162,WO-071138,1,0,0,W,24 126 162,24 126 162,250.00000000,2026-09-14 00:00:00.000,2026-06-02 18:50:00.000
CO-100000-22,22,11,CD,WO,WO~WO-071138~1~0~0~0~24 126 162,WO-071138,1,0,0,W,24 126 162,24 126 162,250.00000000,2026-09-14 00:00:00.000,2026-06-02 18:50:00.000
CO-100000-22,32,9,CD,WO,WO~WO-071232~1~0~0~0~24 126 255,WO-071232,1,0,0,W,24 126 255,24 126 255,80.00000000,2026-09-14 00:00:00.000,2026-06-01 00:00:00.000
CO-100000-22,32,9,CD,WO,WO~WO-071232~1~0~0~0~24 126 255,WO-071232,1,0,0,W,24 126 255,24 126 255,80.00000000,2026-09-14 00:00:00.000,2026-05-31 23:50:00.000
CO-100000-22,32,9,CD,WO,WO~WO-071232~1~0~0~0~24 126 255,WO-071232,1,0,0,W,24 126 255,24 126 255,80.00000000,2026-09-14 00:00:00.000,2026-05-31 23:50:00.000
CO-100000-22,52,12,CD,WO,WO~WO-071021~1~0~0~0~32 096 16,WO-071021,1,0,0,W,32 096 16,32 096 16,4800.00000000,2026-09-14 00:00:00.000,2026-04-25 00:00:00.000
CO-100000-22,52,12,CD,WO,WO~WO-071021~1~0~0~0~32 096 16,WO-071021,1,0,0,W,32 096 16,32 096 16,4800.00000000,2026-09-14 00:00:00.000,2026-05-26 16:40:00.000
CO-100000-22,52,12,CD,WO,WO~WO-071021~1~0~0~0~32 096 16,WO-071021,1,0,0,W,32 096 16,32 096 16,4800.00000000,2026-09-14 00:00:00.000,2026-05-26 20:10:00.000
CO-100018-22,3,1,CD,WO,WO~WO-071387~1~0~0~0~AKK54380,WO-071387,1,0,0,W,AKK54380,AKK54380,20.00000000,2026-09-11 00:00:00.000,2026-06-05 00:00:00.000
CO-100022-22,7,4,CD,WO,WO~WO-070428~1~0~0~0~04-29876-000,WO-070428,1,0,0,W,04-29876-000,04-29876-000,176.00000000,2026-09-11 00:00:00.000,2026-05-05 00:00:00.000
CO-100022-22,7,4,CD,WO,WO~WO-070428~1~0~0~0~04-29876-000,WO-070428,1,0,0,W,04-29876-000,04-29876-000,176.00000000,2026-09-11 00:00:00.000,2026-05-22 02:40:00.000
CO-100022-22,7,4,CD,WO,WO~WO-070428~1~0~0~0~04-29876-000,WO-070428,1,0,0,W,04-29876-000,04-29876-000,176.00000000,2026-09-11 00:00:00.000,2026-05-22 02:40:00.000
CO-100022-22,18,9,CD,WO,WO~WO-071273~1~0~0~0~07-25363-000,WO-071273,1,0,0,W,07-25363-000,07-25363-000,100.00000000,2026-09-11 00:00:00.000,2026-05-26 00:00:00.000
CO-100022-22,18,9,CD,WO,WO~WO-071273~1~0~0~0~07-25363-000,WO-071273,1,0,0,W,07-25363-000,07-25363-000,100.00000000,2026-09-11 00:00:00.000,2026-06-01 11:20:00.000
CO-100022-22,18,9,CD,WO,WO~WO-071273~1~0~0~0~07-25363-000,WO-071273,1,0,0,W,07-25363-000,07-25363-000,100.00000000,2026-09-11 00:00:00.000,2026-06-03 22:30:00.000
CO-100022-22,68,16,CD,WO,WO~WO-070833~1~0~0~0~22-77401-001,WO-070833,1,0,0,W,22-77401-001,22-77401-001,8.00000000,2026-09-11 00:00:00.000,2026-05-22 00:00:00.000
CO-100022-22,68,16,CD,WO,WO~WO-070833~1~0~0~0~22-77401-001,WO-070833,1,0,0,W,22-77401-001,22-77401-001,8.00000000,2026-09-11 00:00:00.000,2026-05-28 21:50:00.000
CO-100022-22,68,16,CD,WO,WO~WO-070833~1~0~0~0~22-77401-001,WO-070833,1,0,0,W,22-77401-001,22-77401-001,8.00000000,2026-09-11 00:00:00.000,2026-05-25 17:10:00.000
CO-100022-22,106,33,CD,WO,WO~WO-071328~1~0~0~0~A01-35446-000,WO-071328,1,0,0,W,A01-35446-000,A01-35446-000,500.00000000,2026-09-11 00:00:00.000,2026-07-09 00:00:00.000
CO-100022-22,106,33,CD,WO,WO~WO-071328~1~0~0~0~A01-35446-000,WO-071328,1,0,0,W,A01-35446-000,A01-35446-000,500.00000000,2026-09-11 00:00:00.000,2026-07-08 23:50:00.000
CO-100022-22,106,33,CD,WO,WO~WO-071328~1~0~0~0~A01-35446-000,WO-071328,1,0,0,W,A01-35446-000,A01-35446-000,500.00000000,2026-09-11 00:00:00.000,2026-07-08 23:50:00.000
CO-100022-22,110,18,CD,WO,WO~WO-069727~1~0~0~0~A17-21790-000,WO-069727,1,0,0,W,A17-21790-000,A17-21790-000,142.00000000,2026-09-11 00:00:00.000,2026-06-05 00:00:00.000
CO-100022-22,110,18,CD,WO,WO~WO-069727~1~0~0~0~A17-21790-000,WO-069727,1,0,0,W,A17-21790-000,A17-21790-000,142.00000000,2026-09-11 00:00:00.000,2026-06-04 22:50:00.000
CO-100022-22,110,18,CD,WO,WO~WO-069727~1~0~0~0~A17-21790-000,WO-069727,1,0,0,W,A17-21790-000,A17-21790-000,142.00000000,2026-09-11 00:00:00.000,2026-06-04 22:50:00.000
CO-100022-22,113,17,CD,WO,WO~WO-069696~1~0~0~0~A17-21790-004,WO-069696,1,0,0,W,A17-21790-004,A17-21790-004,60.00000000,2026-09-11 00:00:00.000,2026-04-24 00:00:00.000
CO-100022-22,113,17,CD,WO,WO~WO-069696~1~0~0~0~A17-21790-004,WO-069696,1,0,0,W,A17-21790-004,A17-21790-004,60.00000000,2026-09-11 00:00:00.000,2026-05-22 08:30:00.000
CO-100022-22,113,17,CD,WO,WO~WO-069696~1~0~0~0~A17-21790-004,WO-069696,1,0,0,W,A17-21790-004,A17-21790-004,60.00000000,2026-09-11 00:00:00.000,2026-05-22 08:30:00.000
CO-100022-22,181,8,CD,WO,WO~WO-070179~1~0~0~0~A66-20730-000,WO-070179,1,0,0,W,A66-20730-000,A66-20730-000,100.00000000,2026-09-11 00:00:00.000,2026-04-03 00:00:00.000
CO-100022-22,181,8,CD,WO,WO~WO-070179~1~0~0~0~A66-20730-000,WO-070179,1,0,0,W,A66-20730-000,A66-20730-000,100.00000000,2026-09-11 00:00:00.000,2026-05-22 07:50:00.000
CO-100022-22,181,8,CD,WO,WO~WO-070179~1~0~0~0~A66-20730-000,WO-070179,1,0,0,W,A66-20730-000,A66-20730-000,100.00000000,2026-09-11 00:00:00.000,2026-05-22 09:00:00.000
CO-100022-22,36,5,CD,WO,WO~WO-071224~1~0~0~0~22-69103-002,WO-071224,1,0,0,W,22-69103-002,22-69103-002,4.00000000,2026-09-10 00:00:00.000,2026-05-04 00:00:00.000
CO-100022-22,36,5,CD,WO,WO~WO-071224~1~0~0~0~22-69103-002,WO-071224,1,0,0,W,22-69103-002,22-69103-002,4.00000000,2026-09-10 00:00:00.000,2026-05-29 03:20:00.000
CO-100022-22,36,5,CD,WO,WO~WO-071224~1~0~0~0~22-69103-002,WO-071224,1,0,0,W,22-69103-002,22-69103-002,4.00000000,2026-09-10 00:00:00.000,2026-05-29 11:30:00.000
CO-100022-22,106,31,CD,WO,WO~WO-071328~1~0~0~0~A01-35446-000,WO-071328,1,0,0,W,A01-35446-000,A01-35446-000,1500.00000000,2026-09-10 00:00:00.000,2026-07-09 00:00:00.000
CO-100022-22,106,31,CD,WO,WO~WO-071328~1~0~0~0~A01-35446-000,WO-071328,1,0,0,W,A01-35446-000,A01-35446-000,1500.00000000,2026-09-10 00:00:00.000,2026-07-08 23:50:00.000
CO-100022-22,106,31,CD,WO,WO~WO-071328~1~0~0~0~A01-35446-000,WO-071328,1,0,0,W,A01-35446-000,A01-35446-000,1500.00000000,2026-09-10 00:00:00.000,2026-07-08 23:50:00.000
CO-100022-22,106,32,CD,WO,WO~WO-071328~1~0~0~0~A01-35446-000,WO-071328,1,0,0,W,A01-35446-000,A01-35446-000,500.00000000,2026-09-10 00:00:00.000,2026-07-09 00:00:00.000
CO-100022-22,106,32,CD,WO,WO~WO-071328~1~0~0~0~A01-35446-000,WO-071328,1,0,0,W,A01-35446-000,A01-35446-000,500.00000000,2026-09-10 00:00:00.000,2026-07-08 23:50:00.000
CO-100022-22,106,32,CD,WO,WO~WO-071328~1~0~0~0~A01-35446-000,WO-071328,1,0,0,W,A01-35446-000,A01-35446-000,500.00000000,2026-09-10 00:00:00.000,2026-07-08 23:50:00.000
CO-100022-22,110,17,CD,WO,WO~WO-069727~1~0~0~0~A17-21790-000,WO-069727,1,0,0,W,A17-21790-000,A17-21790-000,154.00000000,2026-09-10 00:00:00.000,2026-06-05 00:00:00.000
CO-100022-22,110,17,CD,WO,WO~WO-069727~1~0~0~0~A17-21790-000,WO-069727,1,0,0,W,A17-21790-000,A17-21790-000,154.00000000,2026-09-10 00:00:00.000,2026-06-04 22:50:00.000
CO-100022-22,110,17,CD,WO,WO~WO-069727~1~0~0~0~A17-21790-000,WO-069727,1,0,0,W,A17-21790-000,A17-21790-000,154.00000000,2026-09-10 00:00:00.000,2026-06-04 22:50:00.000
CO-100022-22,111,14,CD,WO,WO~WO-069697~1~0~0~0~A17-21790-001,WO-069697,1,0,0,W,A17-21790-001,A17-21790-001,2.00000000,2026-09-10 00:00:00.000,2026-06-08 00:00:00.000
CO-100022-22,111,14,CD,WO,WO~WO-069697~1~0~0~0~A17-21790-001,WO-069697,1,0,0,W,A17-21790-001,A17-21790-001,2.00000000,2026-09-10 00:00:00.000,2026-06-05 22:50:00.000
CO-100022-22,111,14,CD,WO,WO~WO-069697~1~0~0~0~A17-21790-001,WO-069697,1,0,0,W,A17-21790-001,A17-21790-001,2.00000000,2026-09-10 00:00:00.000,2026-06-05 22:50:00.000
CO-100022-22,113,16,CD,WO,WO~WO-069696~1~0~0~0~A17-21790-004,WO-069696,1,0,0,W,A17-21790-004,A17-21790-004,20.00000000,2026-09-10 00:00:00.000,2026-04-24 00:00:00.000
CO-100022-22,113,16,CD,WO,WO~WO-069696~1~0~0~0~A17-21790-004,WO-069696,1,0,0,W,A17-21790-004,A17-21790-004,20.00000000,2026-09-10 00:00:00.000,2026-05-22 08:30:00.000
CO-100022-22,113,16,CD,WO,WO~WO-069696~1~0~0~0~A17-21790-004,WO-069696,1,0,0,W,A17-21790-004,A17-21790-004,20.00000000,2026-09-10 00:00:00.000,2026-05-22 08:30:00.000
CO-100022-22,123,15,CD,WO,WO~WO-070888~1~0~0~0~A18-72024-000,WO-070888,1,0,0,W,A18-72024-000,A18-72024-000,288.00000000,2026-09-10 00:00:00.000,2026-05-14 00:00:00.000
CO-100022-22,123,15,CD,WO,WO~WO-070888~1~0~0~0~A18-72024-000,WO-070888,1,0,0,W,A18-72024-000,A18-72024-000,288.00000000,2026-09-10 00:00:00.000,2026-05-27 18:50:00.000
CO-100022-22,123,15,CD,WO,WO~WO-070888~1~0~0~0~A18-72024-000,WO-070888,1,0,0,W,A18-72024-000,A18-72024-000,288.00000000,2026-09-10 00:00:00.000,2026-05-27 18:50:00.000
CO-100022-22,128,16,CD,WO,WO~WO-071047~1~0~0~0~A18-73057-001,WO-071047,1,0,0,W,A18-73057-001,A18-73057-001,138.00000000,2026-09-10 00:00:00.000,2026-05-29 00:00:00.000
CO-100022-22,128,16,CD,WO,WO~WO-071047~1~0~0~0~A18-73057-001,WO-071047,1,0,0,W,A18-73057-001,A18-73057-001,138.00000000,2026-09-10 00:00:00.000,2026-06-02 22:20:00.000
CO-100022-22,128,16,CD,WO,WO~WO-071047~1~0~0~0~A18-73057-001,WO-071047,1,0,0,W,A18-73057-001,A18-73057-001,138.00000000,2026-09-10 00:00:00.000,2026-06-05 09:30:00.000
CO-100022-22,175,5,CD,WO,WO~WO-071153~1~0~0~0~A22-77724-220,WO-071153,1,0,0,W,A22-77724-220,A22-77724-220,1.00000000,2026-09-10 00:00:00.000,2026-06-04 00:00:00.000
CO-100022-22,175,5,CD,WO,WO~WO-071153~1~0~0~0~A22-77724-220,WO-071153,1,0,0,W,A22-77724-220,A22-77724-220,1.00000000,2026-09-10 00:00:00.000,2026-06-03 23:50:00.000
CO-100022-22,175,5,CD,WO,WO~WO-071153~1~0~0~0~A22-77724-220,WO-071153,1,0,0,W,A22-77724-220,A22-77724-220,1.00000000,2026-09-10 00:00:00.000,2026-06-03 23:50:00.000
CO-085116,6,114,CD,WO,WO~WO-070761~1~0~0~0~29545990,WO-070761,1,0,0,W,29545990,29545990,2000.00000000,2026-09-09 00:00:00.000,2026-06-08 19:00:00.000
CO-085116,6,114,CD,WO,WO~WO-070761~1~0~0~0~29545990,WO-070761,1,0,0,W,29545990,29545990,2000.00000000,2026-09-09 00:00:00.000,2026-05-13 00:00:00.000
CO-085116,6,114,CD,WO,WO~WO-070761~1~0~0~0~29545990,WO-070761,1,0,0,W,29545990,29545990,2000.00000000,2026-09-09 00:00:00.000,2026-06-02 00:40:00.000
CO-085116,7,102,CD,WO,WO~WO-070761~1~0~0~0~29545990,WO-070761,1,0,0,W,29545990,29545990,400.00000000,2026-09-09 00:00:00.000,2026-05-13 00:00:00.000
CO-085116,7,102,CD,WO,WO~WO-070761~1~0~0~0~29545990,WO-070761,1,0,0,W,29545990,29545990,400.00000000,2026-09-09 00:00:00.000,2026-06-08 19:00:00.000
CO-085116,7,102,CD,WO,WO~WO-070761~1~0~0~0~29545990,WO-070761,1,0,0,W,29545990,29545990,400.00000000,2026-09-09 00:00:00.000,2026-06-02 00:40:00.000
CO-087104,5,362,CD,WO,WO~WO-070979~1~0~0~0~10023885,WO-070979,1,0,0,W,10023885,10023885,500.00000000,2026-09-07 00:00:00.000,2026-05-22 00:00:00.000
CO-087104,5,362,CD,WO,WO~WO-070979~1~0~0~0~10023885,WO-070979,1,0,0,W,10023885,10023885,500.00000000,2026-09-07 00:00:00.000,2026-05-28 03:10:00.000
CO-087104,5,362,CD,WO,WO~WO-070979~1~0~0~0~10023885,WO-070979,1,0,0,W,10023885,10023885,500.00000000,2026-09-07 00:00:00.000,2026-05-28 03:10:00.000
CO-087117,1,243,CD,WO,WO~WO-071133~1~0~0~0~1094.397.033,WO-071133,1,0,0,W,1094.397.033,1094.397.033,125.00000000,2026-09-07 00:00:00.000,2026-05-25 00:00:00.000
CO-087117,1,243,CD,WO,WO~WO-071133~1~0~0~0~1094.397.033,WO-071133,1,0,0,W,1094.397.033,1094.397.033,125.00000000,2026-09-07 00:00:00.000,2026-06-10 20:40:00.000
CO-087117,1,243,CD,WO,WO~WO-071133~1~0~0~0~1094.397.033,WO-071133,1,0,0,W,1094.397.033,1094.397.033,125.00000000,2026-09-07 00:00:00.000,2026-06-11 18:20:00.000
CO-100000-22,52,11,CD,WO,WO~WO-071021~1~0~0~0~32 096 16,WO-071021,1,0,0,W,32 096 16,32 096 16,3200.00000000,2026-09-07 00:00:00.000,2026-04-25 00:00:00.000
CO-100000-22,52,11,CD,WO,WO~WO-071021~1~0~0~0~32 096 16,WO-071021,1,0,0,W,32 096 16,32 096 16,3200.00000000,2026-09-07 00:00:00.000,2026-05-26 16:40:00.000
CO-100000-22,52,11,CD,WO,WO~WO-071021~1~0~0~0~32 096 16,WO-071021,1,0,0,W,32 096 16,32 096 16,3200.00000000,2026-09-07 00:00:00.000,2026-05-26 20:10:00.000
CO-100002-22,16,6,CD,WO,WO~WO-071333~1~0~0~0~GM104683,WO-071333,1,0,0,W,GM104683,GM104683,360.00000000,2026-09-07 00:00:00.000,2026-05-27 00:00:00.000
CO-100007,3,30,CD,WO,WO~WO-070849~1~0~0~0~453627790300,WO-070849,1,0,0,W,453627790300,453627790300,19.00000000,2026-09-07 00:00:00.000,2026-06-17 00:00:00.000
CO-100007,3,30,CD,WO,WO~WO-070849~1~0~0~0~453627790300,WO-070849,1,0,0,W,453627790300,453627790300,19.00000000,2026-09-07 00:00:00.000,2026-06-16 22:50:00.000
CO-100007,3,30,CD,WO,WO~WO-070849~1~0~0~0~453627790300,WO-070849,1,0,0,W,453627790300,453627790300,19.00000000,2026-09-07 00:00:00.000,2026-06-16 22:50:00.000
CO-100022-22,6,6,CD,WO,WO~WO-071222~1~0~0~0~03-44045-000,WO-071222,1,0,0,W,03-44045-000,03-44045-000,100.00000000,2026-09-04 00:00:00.000,2026-06-12 00:00:00.000
CO-100022-22,6,6,CD,WO,WO~WO-071222~1~0~0~0~03-44045-000,WO-071222,1,0,0,W,03-44045-000,03-44045-000,100.00000000,2026-09-04 00:00:00.000,2026-06-11 23:50:00.000
CO-100022-22,6,6,CD,WO,WO~WO-071222~1~0~0~0~03-44045-000,WO-071222,1,0,0,W,03-44045-000,03-44045-000,100.00000000,2026-09-04 00:00:00.000,2026-06-11 23:50:00.000
CO-100022-22,68,15,CD,WO,WO~WO-070833~1~0~0~0~22-77401-001,WO-070833,1,0,0,W,22-77401-001,22-77401-001,10.00000000,2026-09-04 00:00:00.000,2026-05-22 00:00:00.000
CO-100022-22,68,15,CD,WO,WO~WO-070833~1~0~0~0~22-77401-001,WO-070833,1,0,0,W,22-77401-001,22-77401-001,10.00000000,2026-09-04 00:00:00.000,2026-05-28 21:50:00.000
CO-100022-22,68,15,CD,WO,WO~WO-070833~1~0~0~0~22-77401-001,WO-070833,1,0,0,W,22-77401-001,22-77401-001,10.00000000,2026-09-04 00:00:00.000,2026-05-25 17:10:00.000
CO-100022-22,82,24,CD,WO,WO~WO-071279~1~0~0~0~66-17893-002,WO-071279,1,0,0,W,66-17893-002,66-17893-002,13.00000000,2026-09-04 00:00:00.000,2026-06-12 00:00:00.000
CO-100022-22,82,24,CD,WO,WO~WO-071279~1~0~0~0~66-17893-002,WO-071279,1,0,0,W,66-17893-002,66-17893-002,13.00000000,2026-09-04 00:00:00.000,2026-06-11 23:50:00.000
CO-100022-22,82,24,CD,WO,WO~WO-071279~1~0~0~0~66-17893-002,WO-071279,1,0,0,W,66-17893-002,66-17893-002,13.00000000,2026-09-04 00:00:00.000,2026-06-11 23:50:00.000
CO-100022-22,82,25,CD,WO,WO~WO-071279~1~0~0~0~66-17893-002,WO-071279,1,0,0,W,66-17893-002,66-17893-002,2.00000000,2026-09-04 00:00:00.000,2026-06-12 00:00:00.000
CO-100022-22,82,25,CD,WO,WO~WO-071279~1~0~0~0~66-17893-002,WO-071279,1,0,0,W,66-17893-002,66-17893-002,2.00000000,2026-09-04 00:00:00.000,2026-06-11 23:50:00.000
CO-100022-22,82,25,CD,WO,WO~WO-071279~1~0~0~0~66-17893-002,WO-071279,1,0,0,W,66-17893-002,66-17893-002,2.00000000,2026-09-04 00:00:00.000,2026-06-11 23:50:00.000
CO-100022-22,91,7,CD,WO,WO~WO-071216~1~0~0~0~66-20659-000,WO-071216,1,0,0,W,66-20659-000,66-20659-000,4.00000000,2026-09-04 00:00:00.000,2026-06-05 00:00:00.000
CO-100022-22,91,7,CD,WO,WO~WO-071216~1~0~0~0~66-20659-000,WO-071216,1,0,0,W,66-20659-000,66-20659-000,4.00000000,2026-09-04 00:00:00.000,2026-06-04 23:50:00.000
CO-100022-22,91,7,CD,WO,WO~WO-071216~1~0~0~0~66-20659-000,WO-071216,1,0,0,W,66-20659-000,66-20659-000,4.00000000,2026-09-04 00:00:00.000,2026-06-04 23:50:00.000
CO-100022-22,106,30,CD,WO,WO~WO-071328~1~0~0~0~A01-35446-000,WO-071328,1,0,0,W,A01-35446-000,A01-35446-000,500.00000000,2026-09-04 00:00:00.000,2026-07-09 00:00:00.000
CO-100022-22,106,30,CD,WO,WO~WO-071328~1~0~0~0~A01-35446-000,WO-071328,1,0,0,W,A01-35446-000,A01-35446-000,500.00000000,2026-09-04 00:00:00.000,2026-07-08 23:50:00.000
CO-100022-22,106,30,CD,WO,WO~WO-071328~1~0~0~0~A01-35446-000,WO-071328,1,0,0,W,A01-35446-000,A01-35446-000,500.00000000,2026-09-04 00:00:00.000,2026-07-08 23:50:00.000
CO-100022-22,110,16,CD,WO,WO~WO-069727~1~0~0~0~A17-21790-000,WO-069727,1,0,0,W,A17-21790-000,A17-21790-000,154.00000000,2026-09-04 00:00:00.000,2026-06-05 00:00:00.000
CO-100022-22,110,16,CD,WO,WO~WO-069727~1~0~0~0~A17-21790-000,WO-069727,1,0,0,W,A17-21790-000,A17-21790-000,154.00000000,2026-09-04 00:00:00.000,2026-06-04 22:50:00.000
CO-100022-22,110,16,CD,WO,WO~WO-069727~1~0~0~0~A17-21790-000,WO-069727,1,0,0,W,A17-21790-000,A17-21790-000,154.00000000,2026-09-04 00:00:00.000,2026-06-04 22:50:00.000
CO-100022-22,128,15,CD,WO,WO~WO-071047~1~0~0~0~A18-73057-001,WO-071047,1,0,0,W,A18-73057-001,A18-73057-001,400.00000000,2026-09-04 00:00:00.000,2026-05-29 00:00:00.000
CO-100022-22,128,15,CD,WO,WO~WO-071047~1~0~0~0~A18-73057-001,WO-071047,1,0,0,W,A18-73057-001,A18-73057-001,400.00000000,2026-09-04 00:00:00.000,2026-06-02 22:20:00.000
CO-100022-22,128,15,CD,WO,WO~WO-071047~1~0~0~0~A18-73057-001,WO-071047,1,0,0,W,A18-73057-001,A18-73057-001,400.00000000,2026-09-04 00:00:00.000,2026-06-05 09:30:00.000
CO-100022-22,181,7,CD,WO,WO~WO-070179~1~0~0~0~A66-20730-000,WO-070179,1,0,0,W,A66-20730-000,A66-20730-000,100.00000000,2026-09-04 00:00:00.000,2026-04-03 00:00:00.000
CO-100022-22,181,7,CD,WO,WO~WO-070179~1~0~0~0~A66-20730-000,WO-070179,1,0,0,W,A66-20730-000,A66-20730-000,100.00000000,2026-09-04 00:00:00.000,2026-05-22 07:50:00.000
CO-100022-22,181,7,CD,WO,WO~WO-070179~1~0~0~0~A66-20730-000,WO-070179,1,0,0,W,A66-20730-000,A66-20730-000,100.00000000,2026-09-04 00:00:00.000,2026-05-22 09:00:00.000
CO-100022-22,3,17,CD,WO,WO~WO-070647~1~0~0~0~01-35942-000,WO-070647,1,0,0,W,01-35942-000,01-35942-000,109.00000000,2026-09-03 00:00:00.000,2026-05-28 00:00:00.000
CO-100022-22,3,17,CD,WO,WO~WO-070647~1~0~0~0~01-35942-000,WO-070647,1,0,0,W,01-35942-000,01-35942-000,109.00000000,2026-09-03 00:00:00.000,2026-05-28 06:40:00.000
CO-100022-22,3,17,CD,WO,WO~WO-070647~1~0~0~0~01-35942-000,WO-070647,1,0,0,W,01-35942-000,01-35942-000,109.00000000,2026-09-03 00:00:00.000,2026-05-28 21:30:00.000
CO-100022-22,82,23,CD,WO,WO~WO-071279~1~0~0~0~66-17893-002,WO-071279,1,0,0,W,66-17893-002,66-17893-002,2.00000000,2026-09-03 00:00:00.000,2026-06-12 00:00:00.000
CO-100022-22,82,23,CD,WO,WO~WO-071279~1~0~0~0~66-17893-002,WO-071279,1,0,0,W,66-17893-002,66-17893-002,2.00000000,2026-09-03 00:00:00.000,2026-06-11 23:50:00.000
CO-100022-22,82,23,CD,WO,WO~WO-071279~1~0~0~0~66-17893-002,WO-071279,1,0,0,W,66-17893-002,66-17893-002,2.00000000,2026-09-03 00:00:00.000,2026-06-11 23:50:00.000
CO-100022-22,106,29,CD,WO,WO~WO-071328~1~0~0~0~A01-35446-000,WO-071328,1,0,0,W,A01-35446-000,A01-35446-000,500.00000000,2026-09-03 00:00:00.000,2026-07-09 00:00:00.000
CO-100022-22,106,29,CD,WO,WO~WO-071328~1~0~0~0~A01-35446-000,WO-071328,1,0,0,W,A01-35446-000,A01-35446-000,500.00000000,2026-09-03 00:00:00.000,2026-07-08 23:50:00.000
CO-100022-22,106,29,CD,WO,WO~WO-071328~1~0~0~0~A01-35446-000,WO-071328,1,0,0,W,A01-35446-000,A01-35446-000,500.00000000,2026-09-03 00:00:00.000,2026-07-08 23:50:00.000
CO-100022-22,110,15,CD,WO,WO~WO-069727~1~0~0~0~A17-21790-000,WO-069727,1,0,0,W,A17-21790-000,A17-21790-000,154.00000000,2026-09-03 00:00:00.000,2026-06-05 00:00:00.000
CO-100022-22,110,15,CD,WO,WO~WO-069727~1~0~0~0~A17-21790-000,WO-069727,1,0,0,W,A17-21790-000,A17-21790-000,154.00000000,2026-09-03 00:00:00.000,2026-06-04 22:50:00.000
CO-100022-22,110,15,CD,WO,WO~WO-069727~1~0~0~0~A17-21790-000,WO-069727,1,0,0,W,A17-21790-000,A17-21790-000,154.00000000,2026-09-03 00:00:00.000,2026-06-04 22:50:00.000
CO-100022-22,111,13,CD,WO,WO~WO-069697~1~0~0~0~A17-21790-001,WO-069697,1,0,0,W,A17-21790-001,A17-21790-001,154.00000000,2026-09-03 00:00:00.000,2026-06-08 00:00:00.000
CO-100022-22,111,13,CD,WO,WO~WO-069697~1~0~0~0~A17-21790-001,WO-069697,1,0,0,W,A17-21790-001,A17-21790-001,154.00000000,2026-09-03 00:00:00.000,2026-06-05 22:50:00.000
CO-100022-22,111,13,CD,WO,WO~WO-069697~1~0~0~0~A17-21790-001,WO-069697,1,0,0,W,A17-21790-001,A17-21790-001,154.00000000,2026-09-03 00:00:00.000,2026-06-05 22:50:00.000
CO-100022-22,113,15,CD,WO,WO~WO-069696~1~0~0~0~A17-21790-004,WO-069696,1,0,0,W,A17-21790-004,A17-21790-004,10.00000000,2026-09-03 00:00:00.000,2026-04-24 00:00:00.000
CO-100022-22,113,15,CD,WO,WO~WO-069696~1~0~0~0~A17-21790-004,WO-069696,1,0,0,W,A17-21790-004,A17-21790-004,10.00000000,2026-09-03 00:00:00.000,2026-05-22 08:30:00.000
CO-100022-22,113,15,CD,WO,WO~WO-069696~1~0~0~0~A17-21790-004,WO-069696,1,0,0,W,A17-21790-004,A17-21790-004,10.00000000,2026-09-03 00:00:00.000,2026-05-22 08:30:00.000
CO-100022-22,117,10,CD,WO,WO~WO-071016~1~0~0~0~A18-52790-004,WO-071016,1,0,0,W,A18-52790-004,A18-52790-004,500.00000000,2026-09-03 00:00:00.000,2026-05-28 00:00:00.000
CO-100022-22,117,10,CD,WO,WO~WO-071016~1~0~0~0~A18-52790-004,WO-071016,1,0,0,W,A18-52790-004,A18-52790-004,500.00000000,2026-09-03 00:00:00.000,2026-05-29 05:30:00.000
CO-100022-22,117,10,CD,WO,WO~WO-071016~1~0~0~0~A18-52790-004,WO-071016,1,0,0,W,A18-52790-004,A18-52790-004,500.00000000,2026-09-03 00:00:00.000,2026-05-29 05:30:00.000
CO-100022-22,123,14,CD,WO,WO~WO-070888~1~0~0~0~A18-72024-000,WO-070888,1,0,0,W,A18-72024-000,A18-72024-000,60.00000000,2026-09-03 00:00:00.000,2026-05-14 00:00:00.000
CO-100022-22,123,14,CD,WO,WO~WO-070888~1~0~0~0~A18-72024-000,WO-070888,1,0,0,W,A18-72024-000,A18-72024-000,60.00000000,2026-09-03 00:00:00.000,2026-05-27 18:50:00.000
CO-100022-22,123,14,CD,WO,WO~WO-070888~1~0~0~0~A18-72024-000,WO-070888,1,0,0,W,A18-72024-000,A18-72024-000,60.00000000,2026-09-03 00:00:00.000,2026-05-27 18:50:00.000
CO-100022-22,124,14,CD,WO,WO~WO-071015~1~0~0~0~A18-72024-001,WO-071015,1,0,0,W,A18-72024-001,A18-72024-001,48.00000000,2026-09-03 00:00:00.000,2026-05-22 00:00:00.000
CO-100022-22,124,14,CD,WO,WO~WO-071015~1~0~0~0~A18-72024-001,WO-071015,1,0,0,W,A18-72024-001,A18-72024-001,48.00000000,2026-09-03 00:00:00.000,2026-06-01 07:20:00.000
CO-100022-22,124,14,CD,WO,WO~WO-071015~1~0~0~0~A18-72024-001,WO-071015,1,0,0,W,A18-72024-001,A18-72024-001,48.00000000,2026-09-03 00:00:00.000,2026-06-01 01:20:00.000
CO-100022-22,125,19,CD,WO,WO~WO-071323~1~0~0~0~A18-72142-000,WO-071323,1,0,0,W,A18-72142-000,A18-72142-000,67.00000000,2026-09-03 00:00:00.000,2026-06-11 00:00:00.000
CO-100022-22,125,19,CD,WO,WO~WO-071323~1~0~0~0~A18-72142-000,WO-071323,1,0,0,W,A18-72142-000,A18-72142-000,67.00000000,2026-09-03 00:00:00.000,2026-06-10 23:50:00.000
CO-100022-22,125,19,CD,WO,WO~WO-071323~1~0~0~0~A18-72142-000,WO-071323,1,0,0,W,A18-72142-000,A18-72142-000,67.00000000,2026-09-03 00:00:00.000,2026-06-10 23:50:00.000
CO-100022-22,128,14,CD,WO,WO~WO-071047~1~0~0~0~A18-73057-001,WO-071047,1,0,0,W,A18-73057-001,A18-73057-001,175.00000000,2026-09-03 00:00:00.000,2026-05-29 00:00:00.000
CO-100022-22,128,14,CD,WO,WO~WO-071047~1~0~0~0~A18-73057-001,WO-071047,1,0,0,W,A18-73057-001,A18-73057-001,175.00000000,2026-09-03 00:00:00.000,2026-06-02 22:20:00.000
CO-100022-22,128,14,CD,WO,WO~WO-071047~1~0~0~0~A18-73057-001,WO-071047,1,0,0,W,A18-73057-001,A18-73057-001,175.00000000,2026-09-03 00:00:00.000,2026-06-05 09:30:00.000
CO-085116,6,113,CD,WO,WO~WO-070761~1~0~0~0~29545990,WO-070761,1,0,0,W,29545990,29545990,2000.00000000,2026-09-02 00:00:00.000,2026-06-08 19:00:00.000
CO-085116,6,113,CD,WO,WO~WO-070761~1~0~0~0~29545990,WO-070761,1,0,0,W,29545990,29545990,2000.00000000,2026-09-02 00:00:00.000,2026-05-13 00:00:00.000
CO-085116,6,113,CD,WO,WO~WO-070761~1~0~0~0~29545990,WO-070761,1,0,0,W,29545990,29545990,2000.00000000,2026-09-02 00:00:00.000,2026-06-02 00:40:00.000
CO-085116,7,92,CD,WO,WO~WO-070761~1~0~0~0~29545990,WO-070761,1,0,0,W,29545990,29545990,400.00000000,2026-09-02 00:00:00.000,2026-05-13 00:00:00.000
CO-085116,7,92,CD,WO,WO~WO-070761~1~0~0~0~29545990,WO-070761,1,0,0,W,29545990,29545990,400.00000000,2026-09-02 00:00:00.000,2026-06-08 19:00:00.000
CO-085116,7,92,CD,WO,WO~WO-070761~1~0~0~0~29545990,WO-070761,1,0,0,W,29545990,29545990,400.00000000,2026-09-02 00:00:00.000,2026-06-02 00:40:00.000
CO-100018-22,2,4,CD,WO,WO~WO-071391~1~0~0~0~AKK46582,WO-071391,1,0,0,W,AKK46582,AKK46582,192.00000000,2026-09-02 00:00:00.000,2026-05-25 00:00:00.000
CO-100012,7,7,CD,WO,WO~WO-071035~1~0~0~0~960282,WO-071035,1,0,0,W,960282,960282,835.00000000,2026-09-01 00:00:00.000,2026-05-01 00:00:00.000
CO-100012,7,7,CD,WO,WO~WO-071035~1~0~0~0~960282,WO-071035,1,0,0,W,960282,960282,835.00000000,2026-09-01 00:00:00.000,2026-05-26 11:10:00.000
CO-100012,7,7,CD,WO,WO~WO-071035~1~0~0~0~960282,WO-071035,1,0,0,W,960282,960282,835.00000000,2026-09-01 00:00:00.000,2026-05-25 19:00:00.000
CO-100015,10,24,CD,WO,WO~WO-070933~1~0~0~0~10000000825,WO-070933,1,0,0,W,10000000825,10000000825,742.00000000,2026-09-01 00:00:00.000,2026-05-22 00:00:00.000
CO-100015,10,24,CD,WO,WO~WO-070933~1~0~0~0~10000000825,WO-070933,1,0,0,W,10000000825,10000000825,742.00000000,2026-09-01 00:00:00.000,2026-05-29 05:10:00.000
CO-100015,10,24,CD,WO,WO~WO-070933~1~0~0~0~10000000825,WO-070933,1,0,0,W,10000000825,10000000825,742.00000000,2026-09-01 00:00:00.000,2026-05-26 04:40:00.000
CO-100018-22,13,11,CD,WO,WO~WO-071319~1~0~0~0~TA32318,WO-071319,1,0,0,W,TA32318,TA32318,24.00000000,2026-09-01 00:00:00.000,2026-06-02 00:00:00.000
CO-100018-22,13,11,CD,WO,WO~WO-071319~1~0~0~0~TA32318,WO-071319,1,0,0,W,TA32318,TA32318,24.00000000,2026-09-01 00:00:00.000,2026-06-11 22:00:00.000
CO-100018-22,13,11,CD,WO,WO~WO-071319~1~0~0~0~TA32318,WO-071319,1,0,0,W,TA32318,TA32318,24.00000000,2026-09-01 00:00:00.000,2026-06-12 11:00:00.000
CO-100021,148,26,CD,WO,WO~WO-069697~1~0~0~0~A17-21790-001,WO-069697,1,0,0,W,A17-21790-001,A17-21790-001,26.00000000,2026-09-01 00:00:00.000,2026-06-08 00:00:00.000
CO-100021,148,26,CD,WO,WO~WO-069697~1~0~0~0~A17-21790-001,WO-069697,1,0,0,W,A17-21790-001,A17-21790-001,26.00000000,2026-09-01 00:00:00.000,2026-06-05 22:50:00.000
CO-100021,148,26,CD,WO,WO~WO-069697~1~0~0~0~A17-21790-001,WO-069697,1,0,0,W,A17-21790-001,A17-21790-001,26.00000000,2026-09-01 00:00:00.000,2026-06-05 22:50:00.000
CO-100021,197,2,CD,WO,WO~WO-071406~1~0~0~0~A22-77724-190,WO-071406,1,0,0,W,A22-77724-190,A22-77724-190,2.00000000,2026-09-01 00:00:00.000,2026-06-04 00:00:00.000
CO-100022-22,31,33,CD,WO,WO~WO-071139~1~0~0~0~18-73966-000,WO-071139,1,0,0,W,18-73966-000,18-73966-000,124.00000000,2026-09-01 00:00:00.000,2026-05-28 00:00:00.000
CO-100022-22,31,33,CD,WO,WO~WO-071139~1~0~0~0~18-73966-000,WO-071139,1,0,0,W,18-73966-000,18-73966-000,124.00000000,2026-09-01 00:00:00.000,2026-05-29 16:20:00.000
CO-100022-22,31,33,CD,WO,WO~WO-071139~1~0~0~0~18-73966-000,WO-071139,1,0,0,W,18-73966-000,18-73966-000,124.00000000,2026-09-01 00:00:00.000,2026-05-27 23:50:00.000
CO-100028,3,9,CD,WO,WO~WO-070769~1~0~0~0~485803,WO-070769,1,0,0,W,485803,485803,400.00000000,2026-09-01 00:00:00.000,2026-05-31 00:00:00.000
CO-100028,3,9,CD,WO,WO~WO-070769~1~0~0~0~485803,WO-070769,1,0,0,W,485803,485803,400.00000000,2026-09-01 00:00:00.000,2026-05-27 12:40:00.000
CO-100028,3,9,CD,WO,WO~WO-070769~1~0~0~0~485803,WO-070769,1,0,0,W,485803,485803,400.00000000,2026-09-01 00:00:00.000,2026-05-29 20:00:00.000
CO-100028,18,5,CD,WO,WO~WO-070807~1~0~0~0~485951,WO-070807,1,0,0,W,485951,485951,300.00000000,2026-09-01 00:00:00.000,2026-05-08 00:00:00.000
CO-100028,18,5,CD,WO,WO~WO-070807~1~0~0~0~485951,WO-070807,1,0,0,W,485951,485951,300.00000000,2026-09-01 00:00:00.000,2026-05-28 07:10:00.000
CO-100028,18,5,CD,WO,WO~WO-070807~1~0~0~0~485951,WO-070807,1,0,0,W,485951,485951,300.00000000,2026-09-01 00:00:00.000,2026-06-01 18:20:00.000
CO-087117,1,253,CD,WO,WO~WO-071133~1~0~0~0~1094.397.033,WO-071133,1,0,0,W,1094.397.033,1094.397.033,125.00000000,2026-08-31 00:00:00.000,2026-05-25 00:00:00.000
CO-087117,1,253,CD,WO,WO~WO-071133~1~0~0~0~1094.397.033,WO-071133,1,0,0,W,1094.397.033,1094.397.033,125.00000000,2026-08-31 00:00:00.000,2026-06-11 18:20:00.000
CO-087117,1,253,CD,WO,WO~WO-071133~1~0~0~0~1094.397.033,WO-071133,1,0,0,W,1094.397.033,1094.397.033,125.00000000,2026-08-31 00:00:00.000,2026-06-10 20:40:00.000
CO-087490,1,0,CO,WO,WO~WO-066882~1~0~0~0~ ,WO-066882,1,0,0,W,NULL, ,1.00000000,2026-08-31 00:00:00.000,2025-11-15 00:00:00.000
CO-087490,1,0,CO,WO,WO~WO-066882~1~0~0~0~ ,WO-066882,1,0,0,W,NULL, ,1.00000000,2026-08-31 00:00:00.000,2026-06-23 00:00:00.000
CO-087490,1,0,CO,WO,WO~WO-066882~1~0~0~0~ ,WO-066882,1,0,0,W,NULL, ,1.00000000,2026-08-31 00:00:00.000,2026-09-25 23:00:00.000
CO-087491,1,0,CO,WO,WO~CO-087491~1~0~0~0~ ,CO-087491,1,0,0,W,NULL, ,1.00000000,2026-08-31 00:00:00.000,2026-08-31 00:00:00.000
CO-087491,1,0,CO,WO,WO~CO-087491~1~0~0~0~ ,CO-087491,1,0,0,W,NULL, ,1.00000000,2026-08-31 00:00:00.000,2026-08-30 23:50:00.000
CO-087491,1,0,CO,WO,WO~CO-087491~1~0~0~0~ ,CO-087491,1,0,0,W,NULL, ,1.00000000,2026-08-31 00:00:00.000,2026-08-30 23:50:00.000
CO-100000-22,18,11,CD,WO,WO~WO-070848~1~0~0~0~24 096 151,WO-070848,1,0,0,W,24 096 151,24 096 151,584.00000000,2026-08-31 00:00:00.000,2026-05-15 00:00:00.000
CO-100000-22,18,11,CD,WO,WO~WO-070848~1~0~0~0~24 096 151,WO-070848,1,0,0,W,24 096 151,24 096 151,584.00000000,2026-08-31 00:00:00.000,2026-05-27 04:50:00.000
CO-100000-22,18,11,CD,WO,WO~WO-070848~1~0~0~0~24 096 151,WO-070848,1,0,0,W,24 096 151,24 096 151,584.00000000,2026-08-31 00:00:00.000,2026-05-27 04:50:00.000
CO-100000-22,18,12,CD,WO,WO~WO-070848~1~0~0~0~24 096 151,WO-070848,1,0,0,W,24 096 151,24 096 151,1022.00000000,2026-08-31 00:00:00.000,2026-05-15 00:00:00.000
CO-100000-22,18,12,CD,WO,WO~WO-070848~1~0~0~0~24 096 151,WO-070848,1,0,0,W,24 096 151,24 096 151,1022.00000000,2026-08-31 00:00:00.000,2026-05-27 04:50:00.000
CO-100000-22,18,12,CD,WO,WO~WO-070848~1~0~0~0~24 096 151,WO-070848,1,0,0,W,24 096 151,24 096 151,1022.00000000,2026-08-31 00:00:00.000,2026-05-27 04:50:00.000
CO-100000-22,22,9,CD,WO,WO~WO-071138~1~0~0~0~24 126 162,WO-071138,1,0,0,W,24 126 162,24 126 162,125.00000000,2026-08-31 00:00:00.000,2026-06-01 00:00:00.000
CO-100000-22,22,9,CD,WO,WO~WO-071138~1~0~0~0~24 126 162,WO-071138,1,0,0,W,24 126 162,24 126 162,125.00000000,2026-08-31 00:00:00.000,2026-06-02 18:50:00.000
CO-100000-22,22,9,CD,WO,WO~WO-071138~1~0~0~0~24 126 162,WO-071138,1,0,0,W,24 126 162,24 126 162,125.00000000,2026-08-31 00:00:00.000,2026-06-02 18:50:00.000
CO-100000-22,22,10,CD,WO,WO~WO-071138~1~0~0~0~24 126 162,WO-071138,1,0,0,W,24 126 162,24 126 162,125.00000000,2026-08-31 00:00:00.000,2026-06-01 00:00:00.000
CO-100000-22,22,10,CD,WO,WO~WO-071138~1~0~0~0~24 126 162,WO-071138,1,0,0,W,24 126 162,24 126 162,125.00000000,2026-08-31 00:00:00.000,2026-06-02 18:50:00.000
CO-100000-22,22,10,CD,WO,WO~WO-071138~1~0~0~0~24 126 162,WO-071138,1,0,0,W,24 126 162,24 126 162,125.00000000,2026-08-31 00:00:00.000,2026-06-02 18:50:00.000
CO-100000-22,32,8,CD,WO,WO~WO-071232~1~0~0~0~24 126 255,WO-071232,1,0,0,W,24 126 255,24 126 255,80.00000000,2026-08-31 00:00:00.000,2026-06-01 00:00:00.000
CO-100000-22,32,8,CD,WO,WO~WO-071232~1~0~0~0~24 126 255,WO-071232,1,0,0,W,24 126 255,24 126 255,80.00000000,2026-08-31 00:00:00.000,2026-05-31 23:50:00.000
CO-100000-22,32,8,CD,WO,WO~WO-071232~1~0~0~0~24 126 255,WO-071232,1,0,0,W,24 126 255,24 126 255,80.00000000,2026-08-31 00:00:00.000,2026-05-31 23:50:00.000
CO-100000-22,52,10,CD,WO,WO~WO-071021~1~0~0~0~32 096 16,WO-071021,1,0,0,W,32 096 16,32 096 16,4000.00000000,2026-08-31 00:00:00.000,2026-04-25 00:00:00.000
CO-100000-22,52,10,CD,WO,WO~WO-071021~1~0~0~0~32 096 16,WO-071021,1,0,0,W,32 096 16,32 096 16,4000.00000000,2026-08-31 00:00:00.000,2026-05-26 16:40:00.000
CO-100000-22,52,10,CD,WO,WO~WO-071021~1~0~0~0~32 096 16,WO-071021,1,0,0,W,32 096 16,32 096 16,4000.00000000,2026-08-31 00:00:00.000,2026-05-26 20:10:00.000
CO-100007,3,29,CD,WO,WO~WO-070849~1~0~0~0~453627790300,WO-070849,1,0,0,W,453627790300,453627790300,40.00000000,2026-08-31 00:00:00.000,2026-06-17 00:00:00.000
CO-100007,3,29,CD,WO,WO~WO-070849~1~0~0~0~453627790300,WO-070849,1,0,0,W,453627790300,453627790300,40.00000000,2026-08-31 00:00:00.000,2026-06-16 22:50:00.000
CO-100007,3,29,CD,WO,WO~WO-070849~1~0~0~0~453627790300,WO-070849,1,0,0,W,453627790300,453627790300,40.00000000,2026-08-31 00:00:00.000,2026-06-16 22:50:00.000
CO-100007,6,23,CD,WO,WO~WO-070498~1~0~0~0~453627950200,WO-070498,1,0,0,W,453627950200,453627950200,3.00000000,2026-08-31 00:00:00.000,2026-06-05 00:00:00.000
CO-100007,6,23,CD,WO,WO~WO-070498~1~0~0~0~453627950200,WO-070498,1,0,0,W,453627950200,453627950200,3.00000000,2026-08-31 00:00:00.000,2026-06-04 22:50:00.000
CO-100007,6,23,CD,WO,WO~WO-070498~1~0~0~0~453627950200,WO-070498,1,0,0,W,453627950200,453627950200,3.00000000,2026-08-31 00:00:00.000,2026-06-04 22:50:00.000
CO-087175,1,0,CO,WO,WO~CO-087175~1~0~0~0~ ,CO-087175,1,0,0,W,NULL, ,1.00000000,2026-08-30 00:00:00.000,2026-08-30 00:00:00.000
CO-087175,1,0,CO,WO,WO~CO-087175~1~0~0~0~ ,CO-087175,1,0,0,W,NULL, ,1.00000000,2026-08-30 00:00:00.000,2027-04-21 02:10:00.000
CO-087175,1,0,CO,WO,WO~CO-087175~1~0~0~0~ ,CO-087175,1,0,0,W,NULL, ,1.00000000,2026-08-30 00:00:00.000,2027-05-18 01:00:00.000
CO-087286,1,0,CO,WO,WO~CO-087286~1~0~0~0~ ,CO-087286,1,0,0,W,NULL, ,1.00000000,2026-08-30 00:00:00.000,2026-08-30 00:00:00.000
CO-087286,1,0,CO,WO,WO~CO-087286~1~0~0~0~ ,CO-087286,1,0,0,W,NULL, ,1.00000000,2026-08-30 00:00:00.000,2026-08-29 23:50:00.000
CO-087286,1,0,CO,WO,WO~CO-087286~1~0~0~0~ ,CO-087286,1,0,0,W,NULL, ,1.00000000,2026-08-30 00:00:00.000,2026-09-22 11:10:00.000
CO-087303,1,10,CD,WO,WO~WO-071422~1~0~0~0~104910-07,WO-071422,1,0,0,W,104910-07,104910-07,380.00000000,2026-08-30 00:00:00.000,2026-05-29 00:00:00.000
CO-100011,20,5,CD,WO,WO~WO-071432~1~0~0~0~46.0228.48.FB,WO-071432,1,0,0,W,46.0228.48.FB,46.0228.48.FB,181.00000000,2026-08-30 00:00:00.000,2026-06-22 00:00:00.000
CO-100011,24,4,CD,WO,WO~WO-071188~1~0~0~0~46.0231.48.FB,WO-071188,1,0,0,W,46.0231.48.FB,46.0231.48.FB,147.00000000,2026-08-30 00:00:00.000,2026-06-03 00:00:00.000
CO-100011,24,4,CD,WO,WO~WO-071188~1~0~0~0~46.0231.48.FB,WO-071188,1,0,0,W,46.0231.48.FB,46.0231.48.FB,147.00000000,2026-08-30 00:00:00.000,2026-06-02 23:50:00.000
CO-100011,24,4,CD,WO,WO~WO-071188~1~0~0~0~46.0231.48.FB,WO-071188,1,0,0,W,46.0231.48.FB,46.0231.48.FB,147.00000000,2026-08-30 00:00:00.000,2026-06-02 23:50:00.000
CO-100011,43,4,CD,WO,WO~WO-071433~1~0~0~0~48.0243.R,WO-071433,1,0,0,W,48.0243.R,48.0243.R,7.00000000,2026-08-30 00:00:00.000,2026-06-15 00:00:00.000
CO-100011,48,9,CD,WO,WO~WO-071399~1~0~0~0~48.0801,WO-071399,1,0,0,W,48.0801,48.0801,1872.00000000,2026-08-30 00:00:00.000,2026-06-01 00:00:00.000
CO-100018-22,13,10,CD,WO,WO~WO-071319~1~0~0~0~TA32318,WO-071319,1,0,0,W,TA32318,TA32318,240.00000000,2026-08-28 00:00:00.000,2026-06-02 00:00:00.000
CO-100018-22,13,10,CD,WO,WO~WO-071319~1~0~0~0~TA32318,WO-071319,1,0,0,W,TA32318,TA32318,240.00000000,2026-08-28 00:00:00.000,2026-06-11 22:00:00.000
CO-100018-22,13,10,CD,WO,WO~WO-071319~1~0~0~0~TA32318,WO-071319,1,0,0,W,TA32318,TA32318,240.00000000,2026-08-28 00:00:00.000,2026-06-12 11:00:00.000
CO-100022-22,6,5,CD,WO,WO~WO-071222~1~0~0~0~03-44045-000,WO-071222,1,0,0,W,03-44045-000,03-44045-000,100.00000000,2026-08-28 00:00:00.000,2026-06-12 00:00:00.000
CO-100022-22,6,5,CD,WO,WO~WO-071222~1~0~0~0~03-44045-000,WO-071222,1,0,0,W,03-44045-000,03-44045-000,100.00000000,2026-08-28 00:00:00.000,2026-06-11 23:50:00.000
CO-100022-22,6,5,CD,WO,WO~WO-071222~1~0~0~0~03-44045-000,WO-071222,1,0,0,W,03-44045-000,03-44045-000,100.00000000,2026-08-28 00:00:00.000,2026-06-11 23:50:00.000
CO-100022-22,18,8,CD,WO,WO~WO-071273~1~0~0~0~07-25363-000,WO-071273,1,0,0,W,07-25363-000,07-25363-000,100.00000000,2026-08-28 00:00:00.000,2026-05-26 00:00:00.000
CO-100022-22,18,8,CD,WO,WO~WO-071273~1~0~0~0~07-25363-000,WO-071273,1,0,0,W,07-25363-000,07-25363-000,100.00000000,2026-08-28 00:00:00.000,2026-06-01 11:20:00.000
CO-100022-22,18,8,CD,WO,WO~WO-071273~1~0~0~0~07-25363-000,WO-071273,1,0,0,W,07-25363-000,07-25363-000,100.00000000,2026-08-28 00:00:00.000,2026-06-03 22:30:00.000
CO-100022-22,68,14,CD,WO,WO~WO-070833~1~0~0~0~22-77401-001,WO-070833,1,0,0,W,22-77401-001,22-77401-001,20.00000000,2026-08-28 00:00:00.000,2026-05-22 00:00:00.000
CO-100022-22,68,14,CD,WO,WO~WO-070833~1~0~0~0~22-77401-001,WO-070833,1,0,0,W,22-77401-001,22-77401-001,20.00000000,2026-08-28 00:00:00.000,2026-05-28 21:50:00.000
CO-100022-22,68,14,CD,WO,WO~WO-070833~1~0~0~0~22-77401-001,WO-070833,1,0,0,W,22-77401-001,22-77401-001,20.00000000,2026-08-28 00:00:00.000,2026-05-25 17:10:00.000
CO-100022-22,85,8,CD,WO,WO~WO-070641~1~0~0~0~66-17952-000,WO-070641,1,0,0,W,66-17952-000,66-17952-000,339.00000000,2026-08-28 00:00:00.000,2026-05-08 00:00:00.000
CO-100022-22,85,8,CD,WO,WO~WO-070641~1~0~0~0~66-17952-000,WO-070641,1,0,0,W,66-17952-000,66-17952-000,339.00000000,2026-08-28 00:00:00.000,2026-05-22 00:00:00.000
CO-100022-22,85,8,CD,WO,WO~WO-070641~1~0~0~0~66-17952-000,WO-070641,1,0,0,W,66-17952-000,66-17952-000,339.00000000,2026-08-28 00:00:00.000,2026-05-22 00:00:00.000
CO-100022-22,87,8,CD,WO,WO~WO-071004~1~0~0~0~66-18298-000,WO-071004,1,0,0,W,66-18298-000,66-18298-000,299.00000000,2026-08-28 00:00:00.000,2026-05-22 00:00:00.000
CO-100022-22,87,8,CD,WO,WO~WO-071004~1~0~0~0~66-18298-000,WO-071004,1,0,0,W,66-18298-000,66-18298-000,299.00000000,2026-08-28 00:00:00.000,2026-05-27 13:10:00.000
CO-100022-22,87,8,CD,WO,WO~WO-071004~1~0~0~0~66-18298-000,WO-071004,1,0,0,W,66-18298-000,66-18298-000,299.00000000,2026-08-28 00:00:00.000,2026-05-27 13:10:00.000
CO-100022-22,115,16,CD,WO,WO~WO-071332~1~0~0~0~A17-21790-009,WO-071332,1,0,0,W,A17-21790-009,A17-21790-009,54.00000000,2026-08-28 00:00:00.000,2026-06-01 00:00:00.000
CO-100022-22,170,2,CD,WO,WO~WO-071149~1~0~0~0~A22-77724-160,WO-071149,1,0,0,W,A22-77724-160,A22-77724-160,8.00000000,2026-08-28 00:00:00.000,2026-03-27 00:00:00.000
CO-100022-22,170,2,CD,WO,WO~WO-071149~1~0~0~0~A22-77724-160,WO-071149,1,0,0,W,A22-77724-160,A22-77724-160,8.00000000,2026-08-28 00:00:00.000,2026-05-22 00:20:00.000
CO-100022-22,170,2,CD,WO,WO~WO-071149~1~0~0~0~A22-77724-160,WO-071149,1,0,0,W,A22-77724-160,A22-77724-160,8.00000000,2026-08-28 00:00:00.000,2026-05-22 05:00:00.000
CO-100022-22,3,16,CD,WO,WO~WO-070647~1~0~0~0~01-35942-000,WO-070647,1,0,0,W,01-35942-000,01-35942-000,400.00000000,2026-08-27 00:00:00.000,2026-05-28 00:00:00.000
CO-100022-22,3,16,CD,WO,WO~WO-070647~1~0~0~0~01-35942-000,WO-070647,1,0,0,W,01-35942-000,01-35942-000,400.00000000,2026-08-27 00:00:00.000,2026-05-28 06:40:00.000
CO-100022-22,3,16,CD,WO,WO~WO-070647~1~0~0~0~01-35942-000,WO-070647,1,0,0,W,01-35942-000,01-35942-000,400.00000000,2026-08-27 00:00:00.000,2026-05-28 21:30:00.000
CO-100022-22,31,32,CD,WO,WO~WO-071139~1~0~0~0~18-73966-000,WO-071139,1,0,0,W,18-73966-000,18-73966-000,450.00000000,2026-08-27 00:00:00.000,2026-05-28 00:00:00.000
CO-100022-22,31,32,CD,WO,WO~WO-071139~1~0~0~0~18-73966-000,WO-071139,1,0,0,W,18-73966-000,18-73966-000,450.00000000,2026-08-27 00:00:00.000,2026-05-29 16:20:00.000
CO-100022-22,31,32,CD,WO,WO~WO-071139~1~0~0~0~18-73966-000,WO-071139,1,0,0,W,18-73966-000,18-73966-000,450.00000000,2026-08-27 00:00:00.000,2026-05-27 23:50:00.000
CO-100022-22,36,4,CD,WO,WO~WO-071224~1~0~0~0~22-69103-002,WO-071224,1,0,0,W,22-69103-002,22-69103-002,1.00000000,2026-08-27 00:00:00.000,2026-05-04 00:00:00.000
CO-100022-22,36,4,CD,WO,WO~WO-071224~1~0~0~0~22-69103-002,WO-071224,1,0,0,W,22-69103-002,22-69103-002,1.00000000,2026-08-27 00:00:00.000,2026-05-29 03:20:00.000
CO-100022-22,36,4,CD,WO,WO~WO-071224~1~0~0~0~22-69103-002,WO-071224,1,0,0,W,22-69103-002,22-69103-002,1.00000000,2026-08-27 00:00:00.000,2026-05-29 11:30:00.000
CO-100022-22,80,9,CD,WO,WO~WO-071280~1~0~0~0~66-17893-000,WO-071280,1,0,0,W,66-17893-000,66-17893-000,42.00000000,2026-08-27 00:00:00.000,2026-06-09 00:00:00.000
CO-100022-22,80,9,CD,WO,WO~WO-071280~1~0~0~0~66-17893-000,WO-071280,1,0,0,W,66-17893-000,66-17893-000,42.00000000,2026-08-27 00:00:00.000,2026-06-08 23:50:00.000
CO-100022-22,80,9,CD,WO,WO~WO-071280~1~0~0~0~66-17893-000,WO-071280,1,0,0,W,66-17893-000,66-17893-000,42.00000000,2026-08-27 00:00:00.000,2026-06-08 23:50:00.000
CO-100022-22,82,22,CD,WO,WO~WO-071279~1~0~0~0~66-17893-002,WO-071279,1,0,0,W,66-17893-002,66-17893-002,24.00000000,2026-08-27 00:00:00.000,2026-06-12 00:00:00.000
CO-100022-22,82,22,CD,WO,WO~WO-071279~1~0~0~0~66-17893-002,WO-071279,1,0,0,W,66-17893-002,66-17893-002,24.00000000,2026-08-27 00:00:00.000,2026-06-11 23:50:00.000
CO-100022-22,82,22,CD,WO,WO~WO-071279~1~0~0~0~66-17893-002,WO-071279,1,0,0,W,66-17893-002,66-17893-002,24.00000000,2026-08-27 00:00:00.000,2026-06-11 23:50:00.000
CO-100022-22,106,28,CD,WO,WO~WO-071328~1~0~0~0~A01-35446-000,WO-071328,1,0,0,W,A01-35446-000,A01-35446-000,1500.00000000,2026-08-27 00:00:00.000,2026-07-09 00:00:00.000
CO-100022-22,106,28,CD,WO,WO~WO-071328~1~0~0~0~A01-35446-000,WO-071328,1,0,0,W,A01-35446-000,A01-35446-000,1500.00000000,2026-08-27 00:00:00.000,2026-07-08 23:50:00.000
CO-100022-22,106,28,CD,WO,WO~WO-071328~1~0~0~0~A01-35446-000,WO-071328,1,0,0,W,A01-35446-000,A01-35446-000,1500.00000000,2026-08-27 00:00:00.000,2026-07-08 23:50:00.000
CO-100022-22,110,14,CD,WO,WO~WO-069727~1~0~0~0~A17-21790-000,WO-069727,1,0,0,W,A17-21790-000,A17-21790-000,154.00000000,2026-08-27 00:00:00.000,2026-06-05 00:00:00.000
CO-100022-22,110,14,CD,WO,WO~WO-069727~1~0~0~0~A17-21790-000,WO-069727,1,0,0,W,A17-21790-000,A17-21790-000,154.00000000,2026-08-27 00:00:00.000,2026-06-04 22:50:00.000
CO-100022-22,110,14,CD,WO,WO~WO-069727~1~0~0~0~A17-21790-000,WO-069727,1,0,0,W,A17-21790-000,A17-21790-000,154.00000000,2026-08-27 00:00:00.000,2026-06-04 22:50:00.000
CO-100022-22,111,12,CD,WO,WO~WO-069697~1~0~0~0~A17-21790-001,WO-069697,1,0,0,W,A17-21790-001,A17-21790-001,154.00000000,2026-08-27 00:00:00.000,2026-06-08 00:00:00.000
CO-100022-22,111,12,CD,WO,WO~WO-069697~1~0~0~0~A17-21790-001,WO-069697,1,0,0,W,A17-21790-001,A17-21790-001,154.00000000,2026-08-27 00:00:00.000,2026-06-05 22:50:00.000
CO-100022-22,111,12,CD,WO,WO~WO-069697~1~0~0~0~A17-21790-001,WO-069697,1,0,0,W,A17-21790-001,A17-21790-001,154.00000000,2026-08-27 00:00:00.000,2026-06-05 22:50:00.000
CO-100022-22,113,14,CD,WO,WO~WO-069696~1~0~0~0~A17-21790-004,WO-069696,1,0,0,W,A17-21790-004,A17-21790-004,15.00000000,2026-08-27 00:00:00.000,2026-04-24 00:00:00.000
CO-100022-22,113,14,CD,WO,WO~WO-069696~1~0~0~0~A17-21790-004,WO-069696,1,0,0,W,A17-21790-004,A17-21790-004,15.00000000,2026-08-27 00:00:00.000,2026-05-22 08:30:00.000
CO-100022-22,113,14,CD,WO,WO~WO-069696~1~0~0~0~A17-21790-004,WO-069696,1,0,0,W,A17-21790-004,A17-21790-004,15.00000000,2026-08-27 00:00:00.000,2026-05-22 08:30:00.000
CO-100022-22,115,15,CD,WO,WO~WO-071332~1~0~0~0~A17-21790-009,WO-071332,1,0,0,W,A17-21790-009,A17-21790-009,20.00000000,2026-08-27 00:00:00.000,2026-06-01 00:00:00.000
CO-100022-22,117,9,CD,WO,WO~WO-071016~1~0~0~0~A18-52790-004,WO-071016,1,0,0,W,A18-52790-004,A18-52790-004,500.00000000,2026-08-27 00:00:00.000,2026-05-28 00:00:00.000
CO-100022-22,117,9,CD,WO,WO~WO-071016~1~0~0~0~A18-52790-004,WO-071016,1,0,0,W,A18-52790-004,A18-52790-004,500.00000000,2026-08-27 00:00:00.000,2026-05-29 05:30:00.000
CO-100022-22,117,9,CD,WO,WO~WO-071016~1~0~0~0~A18-52790-004,WO-071016,1,0,0,W,A18-52790-004,A18-52790-004,500.00000000,2026-08-27 00:00:00.000,2026-05-29 05:30:00.000
CO-100022-22,123,13,CD,WO,WO~WO-070888~1~0~0~0~A18-72024-000,WO-070888,1,0,0,W,A18-72024-000,A18-72024-000,38.00000000,2026-08-27 00:00:00.000,2026-05-14 00:00:00.000
CO-100022-22,123,13,CD,WO,WO~WO-070888~1~0~0~0~A18-72024-000,WO-070888,1,0,0,W,A18-72024-000,A18-72024-000,38.00000000,2026-08-27 00:00:00.000,2026-05-27 18:50:00.000
CO-100022-22,123,13,CD,WO,WO~WO-070888~1~0~0~0~A18-72024-000,WO-070888,1,0,0,W,A18-72024-000,A18-72024-000,38.00000000,2026-08-27 00:00:00.000,2026-05-27 18:50:00.000
CO-100022-22,124,13,CD,WO,WO~WO-071015~1~0~0~0~A18-72024-001,WO-071015,1,0,0,W,A18-72024-001,A18-72024-001,38.00000000,2026-08-27 00:00:00.000,2026-05-22 00:00:00.000
CO-100022-22,124,13,CD,WO,WO~WO-071015~1~0~0~0~A18-72024-001,WO-071015,1,0,0,W,A18-72024-001,A18-72024-001,38.00000000,2026-08-27 00:00:00.000,2026-06-01 07:20:00.000
CO-100022-22,124,13,CD,WO,WO~WO-071015~1~0~0~0~A18-72024-001,WO-071015,1,0,0,W,A18-72024-001,A18-72024-001,38.00000000,2026-08-27 00:00:00.000,2026-06-01 01:20:00.000
CO-100022-22,125,18,CD,WO,WO~WO-071323~1~0~0~0~A18-72142-000,WO-071323,1,0,0,W,A18-72142-000,A18-72142-000,246.00000000,2026-08-27 00:00:00.000,2026-06-11 00:00:00.000
CO-100022-22,125,18,CD,WO,WO~WO-071323~1~0~0~0~A18-72142-000,WO-071323,1,0,0,W,A18-72142-000,A18-72142-000,246.00000000,2026-08-27 00:00:00.000,2026-06-10 23:50:00.000
CO-100022-22,125,18,CD,WO,WO~WO-071323~1~0~0~0~A18-72142-000,WO-071323,1,0,0,W,A18-72142-000,A18-72142-000,246.00000000,2026-08-27 00:00:00.000,2026-06-10 23:50:00.000
CO-100022-22,128,13,CD,WO,WO~WO-071047~1~0~0~0~A18-73057-001,WO-071047,1,0,0,W,A18-73057-001,A18-73057-001,109.00000000,2026-08-27 00:00:00.000,2026-05-29 00:00:00.000
CO-100022-22,128,13,CD,WO,WO~WO-071047~1~0~0~0~A18-73057-001,WO-071047,1,0,0,W,A18-73057-001,A18-73057-001,109.00000000,2026-08-27 00:00:00.000,2026-06-02 22:20:00.000
CO-100022-22,128,13,CD,WO,WO~WO-071047~1~0~0~0~A18-73057-001,WO-071047,1,0,0,W,A18-73057-001,A18-73057-001,109.00000000,2026-08-27 00:00:00.000,2026-06-05 09:30:00.000
CO-085116,6,115,CD,WO,WO~WO-070761~1~0~0~0~29545990,WO-070761,1,0,0,W,29545990,29545990,2000.00000000,2026-08-26 00:00:00.000,2026-06-08 19:00:00.000
CO-085116,6,115,CD,WO,WO~WO-070761~1~0~0~0~29545990,WO-070761,1,0,0,W,29545990,29545990,2000.00000000,2026-08-26 00:00:00.000,2026-05-13 00:00:00.000
CO-085116,6,115,CD,WO,WO~WO-070761~1~0~0~0~29545990,WO-070761,1,0,0,W,29545990,29545990,2000.00000000,2026-08-26 00:00:00.000,2026-06-02 00:40:00.000
CO-100018-22,2,3,CD,WO,WO~WO-071391~1~0~0~0~AKK46582,WO-071391,1,0,0,W,AKK46582,AKK46582,96.00000000,2026-08-26 00:00:00.000,2026-05-25 00:00:00.000
CO-100018-22,13,9,CD,WO,WO~WO-071319~1~0~0~0~TA32318,WO-071319,1,0,0,W,TA32318,TA32318,240.00000000,2026-08-25 00:00:00.000,2026-06-02 00:00:00.000
CO-100018-22,13,9,CD,WO,WO~WO-071319~1~0~0~0~TA32318,WO-071319,1,0,0,W,TA32318,TA32318,240.00000000,2026-08-25 00:00:00.000,2026-06-11 22:00:00.000
CO-100018-22,13,9,CD,WO,WO~WO-071319~1~0~0~0~TA32318,WO-071319,1,0,0,W,TA32318,TA32318,240.00000000,2026-08-25 00:00:00.000,2026-06-12 11:00:00.000
CO-100022-22,31,31,CD,WO,WO~WO-071139~1~0~0~0~18-73966-000,WO-071139,1,0,0,W,18-73966-000,18-73966-000,219.00000000,2026-08-25 00:00:00.000,2026-05-28 00:00:00.000
CO-100022-22,31,31,CD,WO,WO~WO-071139~1~0~0~0~18-73966-000,WO-071139,1,0,0,W,18-73966-000,18-73966-000,219.00000000,2026-08-25 00:00:00.000,2026-05-29 16:20:00.000
CO-100022-22,31,31,CD,WO,WO~WO-071139~1~0~0~0~18-73966-000,WO-071139,1,0,0,W,18-73966-000,18-73966-000,219.00000000,2026-08-25 00:00:00.000,2026-05-27 23:50:00.000
CO-087104,5,379,CD,WO,WO~WO-070979~1~0~0~0~10023885,WO-070979,1,0,0,W,10023885,10023885,1000.00000000,2026-08-24 00:00:00.000,2026-05-22 00:00:00.000
CO-087104,5,379,CD,WO,WO~WO-070979~1~0~0~0~10023885,WO-070979,1,0,0,W,10023885,10023885,1000.00000000,2026-08-24 00:00:00.000,2026-05-28 03:10:00.000
CO-087104,5,379,CD,WO,WO~WO-070979~1~0~0~0~10023885,WO-070979,1,0,0,W,10023885,10023885,1000.00000000,2026-08-24 00:00:00.000,2026-05-28 03:10:00.000
CO-087117,1,188,CD,WO,WO~WO-071133~1~0~0~0~1094.397.033,WO-071133,1,0,0,W,1094.397.033,1094.397.033,125.00000000,2026-08-24 00:00:00.000,2026-05-25 00:00:00.000
CO-087117,1,188,CD,WO,WO~WO-071133~1~0~0~0~1094.397.033,WO-071133,1,0,0,W,1094.397.033,1094.397.033,125.00000000,2026-08-24 00:00:00.000,2026-06-11 18:20:00.000
CO-087117,1,188,CD,WO,WO~WO-071133~1~0~0~0~1094.397.033,WO-071133,1,0,0,W,1094.397.033,1094.397.033,125.00000000,2026-08-24 00:00:00.000,2026-06-10 20:40:00.000
CO-100000-22,18,10,CD,WO,WO~WO-070848~1~0~0~0~24 096 151,WO-070848,1,0,0,W,24 096 151,24 096 151,1898.00000000,2026-08-24 00:00:00.000,2026-05-15 00:00:00.000
CO-100000-22,18,10,CD,WO,WO~WO-070848~1~0~0~0~24 096 151,WO-070848,1,0,0,W,24 096 151,24 096 151,1898.00000000,2026-08-24 00:00:00.000,2026-05-27 04:50:00.000
CO-100000-22,18,10,CD,WO,WO~WO-070848~1~0~0~0~24 096 151,WO-070848,1,0,0,W,24 096 151,24 096 151,1898.00000000,2026-08-24 00:00:00.000,2026-05-27 04:50:00.000
CO-100000-22,22,8,CD,WO,WO~WO-071138~1~0~0~0~24 126 162,WO-071138,1,0,0,W,24 126 162,24 126 162,250.00000000,2026-08-24 00:00:00.000,2026-06-01 00:00:00.000
CO-100000-22,22,8,CD,WO,WO~WO-071138~1~0~0~0~24 126 162,WO-071138,1,0,0,W,24 126 162,24 126 162,250.00000000,2026-08-24 00:00:00.000,2026-06-02 18:50:00.000
CO-100000-22,22,8,CD,WO,WO~WO-071138~1~0~0~0~24 126 162,WO-071138,1,0,0,W,24 126 162,24 126 162,250.00000000,2026-08-24 00:00:00.000,2026-06-02 18:50:00.000
CO-100000-22,32,7,CD,WO,WO~WO-071232~1~0~0~0~24 126 255,WO-071232,1,0,0,W,24 126 255,24 126 255,80.00000000,2026-08-24 00:00:00.000,2026-06-01 00:00:00.000
CO-100000-22,32,7,CD,WO,WO~WO-071232~1~0~0~0~24 126 255,WO-071232,1,0,0,W,24 126 255,24 126 255,80.00000000,2026-08-24 00:00:00.000,2026-05-31 23:50:00.000
CO-100000-22,32,7,CD,WO,WO~WO-071232~1~0~0~0~24 126 255,WO-071232,1,0,0,W,24 126 255,24 126 255,80.00000000,2026-08-24 00:00:00.000,2026-05-31 23:50:00.000
CO-100002-22,13,6,CD,WO,WO~WO-071247~1~0~0~0~GM104236,WO-071247,1,0,0,W,GM104236,GM104236,349.00000000,2026-08-24 00:00:00.000,2026-05-14 00:00:00.000
CO-100002-22,13,6,CD,WO,WO~WO-071247~1~0~0~0~GM104236,WO-071247,1,0,0,W,GM104236,GM104236,349.00000000,2026-08-24 00:00:00.000,2026-05-28 10:40:00.000
CO-100002-22,13,6,CD,WO,WO~WO-071247~1~0~0~0~GM104236,WO-071247,1,0,0,W,GM104236,GM104236,349.00000000,2026-08-24 00:00:00.000,2026-05-28 17:10:00.000
CO-100002-22,16,5,CD,WO,WO~WO-071333~1~0~0~0~GM104683,WO-071333,1,0,0,W,GM104683,GM104683,240.00000000,2026-08-24 00:00:00.000,2026-05-27 00:00:00.000
CO-100011,2,6,CD,WO,WO~WO-071106~1~0~0~0~37.3100,WO-071106,1,0,0,W,37.3100,37.3100,450.00000000,2026-08-23 00:00:00.000,2026-05-22 00:00:00.000
CO-100011,2,6,CD,WO,WO~WO-071106~1~0~0~0~37.3100,WO-071106,1,0,0,W,37.3100,37.3100,450.00000000,2026-08-23 00:00:00.000,2026-05-26 15:20:00.000
CO-100011,2,6,CD,WO,WO~WO-071106~1~0~0~0~37.3100,WO-071106,1,0,0,W,37.3100,37.3100,450.00000000,2026-08-23 00:00:00.000,2026-05-26 15:20:00.000
CO-087607,1,0,CO,WO,WO~CO-087607~1~0~0~0~ ,CO-087607,1,0,0,W,NULL, ,1.00000000,2026-08-21 00:00:00.000,2026-08-21 00:00:00.000
CO-087607,1,0,CO,WO,WO~CO-087607~1~0~0~0~ ,CO-087607,1,0,0,W,NULL, ,1.00000000,2026-08-21 00:00:00.000,2026-09-10 01:00:00.000
CO-087607,1,0,CO,WO,WO~CO-087607~1~0~0~0~ ,CO-087607,1,0,0,W,NULL, ,1.00000000,2026-08-21 00:00:00.000,2026-12-14 10:00:00.000
CO-100022-22,3,15,CD,WO,WO~WO-070647~1~0~0~0~01-35942-000,WO-070647,1,0,0,W,01-35942-000,01-35942-000,400.00000000,2026-08-21 00:00:00.000,2026-05-28 00:00:00.000
CO-100022-22,3,15,CD,WO,WO~WO-070647~1~0~0~0~01-35942-000,WO-070647,1,0,0,W,01-35942-000,01-35942-000,400.00000000,2026-08-21 00:00:00.000,2026-05-28 06:40:00.000
CO-100022-22,3,15,CD,WO,WO~WO-070647~1~0~0~0~01-35942-000,WO-070647,1,0,0,W,01-35942-000,01-35942-000,400.00000000,2026-08-21 00:00:00.000,2026-05-28 21:30:00.000
CO-100022-22,31,30,CD,WO,WO~WO-071139~1~0~0~0~18-73966-000,WO-071139,1,0,0,W,18-73966-000,18-73966-000,300.00000000,2026-08-21 00:00:00.000,2026-05-28 00:00:00.000
CO-100022-22,31,30,CD,WO,WO~WO-071139~1~0~0~0~18-73966-000,WO-071139,1,0,0,W,18-73966-000,18-73966-000,300.00000000,2026-08-21 00:00:00.000,2026-05-29 16:20:00.000
CO-100022-22,31,30,CD,WO,WO~WO-071139~1~0~0~0~18-73966-000,WO-071139,1,0,0,W,18-73966-000,18-73966-000,300.00000000,2026-08-21 00:00:00.000,2026-05-27 23:50:00.000
CO-100022-22,68,13,CD,WO,WO~WO-070833~1~0~0~0~22-77401-001,WO-070833,1,0,0,W,22-77401-001,22-77401-001,4.00000000,2026-08-21 00:00:00.000,2026-05-22 00:00:00.000
CO-100022-22,68,13,CD,WO,WO~WO-070833~1~0~0~0~22-77401-001,WO-070833,1,0,0,W,22-77401-001,22-77401-001,4.00000000,2026-08-21 00:00:00.000,2026-05-28 21:50:00.000
CO-100022-22,68,13,CD,WO,WO~WO-070833~1~0~0~0~22-77401-001,WO-070833,1,0,0,W,22-77401-001,22-77401-001,4.00000000,2026-08-21 00:00:00.000,2026-05-25 17:10:00.000
CO-100022-22,82,21,CD,WO,WO~WO-071279~1~0~0~0~66-17893-002,WO-071279,1,0,0,W,66-17893-002,66-17893-002,11.00000000,2026-08-21 00:00:00.000,2026-06-12 00:00:00.000
CO-100022-22,82,21,CD,WO,WO~WO-071279~1~0~0~0~66-17893-002,WO-071279,1,0,0,W,66-17893-002,66-17893-002,11.00000000,2026-08-21 00:00:00.000,2026-06-11 23:50:00.000
CO-100022-22,82,21,CD,WO,WO~WO-071279~1~0~0~0~66-17893-002,WO-071279,1,0,0,W,66-17893-002,66-17893-002,11.00000000,2026-08-21 00:00:00.000,2026-06-11 23:50:00.000
CO-100022-22,85,7,CD,WO,WO~WO-070641~1~0~0~0~66-17952-000,WO-070641,1,0,0,W,66-17952-000,66-17952-000,250.00000000,2026-08-21 00:00:00.000,2026-05-08 00:00:00.000
CO-100022-22,85,7,CD,WO,WO~WO-070641~1~0~0~0~66-17952-000,WO-070641,1,0,0,W,66-17952-000,66-17952-000,250.00000000,2026-08-21 00:00:00.000,2026-05-22 00:00:00.000
CO-100022-22,85,7,CD,WO,WO~WO-070641~1~0~0~0~66-17952-000,WO-070641,1,0,0,W,66-17952-000,66-17952-000,250.00000000,2026-08-21 00:00:00.000,2026-05-22 00:00:00.000
CO-100022-22,87,7,CD,WO,WO~WO-071004~1~0~0~0~66-18298-000,WO-071004,1,0,0,W,66-18298-000,66-18298-000,250.00000000,2026-08-21 00:00:00.000,2026-05-22 00:00:00.000
CO-100022-22,87,7,CD,WO,WO~WO-071004~1~0~0~0~66-18298-000,WO-071004,1,0,0,W,66-18298-000,66-18298-000,250.00000000,2026-08-21 00:00:00.000,2026-05-27 13:10:00.000
CO-100022-22,87,7,CD,WO,WO~WO-071004~1~0~0~0~66-18298-000,WO-071004,1,0,0,W,66-18298-000,66-18298-000,250.00000000,2026-08-21 00:00:00.000,2026-05-27 13:10:00.000
CO-100022-22,106,26,CD,WO,WO~WO-071328~1~0~0~0~A01-35446-000,WO-071328,1,0,0,W,A01-35446-000,A01-35446-000,500.00000000,2026-08-21 00:00:00.000,2026-07-09 00:00:00.000
CO-100022-22,106,26,CD,WO,WO~WO-071328~1~0~0~0~A01-35446-000,WO-071328,1,0,0,W,A01-35446-000,A01-35446-000,500.00000000,2026-08-21 00:00:00.000,2026-07-08 23:50:00.000
CO-100022-22,106,26,CD,WO,WO~WO-071328~1~0~0~0~A01-35446-000,WO-071328,1,0,0,W,A01-35446-000,A01-35446-000,500.00000000,2026-08-21 00:00:00.000,2026-07-08 23:50:00.000
CO-100022-22,106,27,CD,WO,WO~WO-071328~1~0~0~0~A01-35446-000,WO-071328,1,0,0,W,A01-35446-000,A01-35446-000,500.00000000,2026-08-21 00:00:00.000,2026-07-09 00:00:00.000
CO-100022-22,106,27,CD,WO,WO~WO-071328~1~0~0~0~A01-35446-000,WO-071328,1,0,0,W,A01-35446-000,A01-35446-000,500.00000000,2026-08-21 00:00:00.000,2026-07-08 23:50:00.000
CO-100022-22,106,27,CD,WO,WO~WO-071328~1~0~0~0~A01-35446-000,WO-071328,1,0,0,W,A01-35446-000,A01-35446-000,500.00000000,2026-08-21 00:00:00.000,2026-07-08 23:50:00.000
CO-100022-22,111,11,CD,WO,WO~WO-069697~1~0~0~0~A17-21790-001,WO-069697,1,0,0,W,A17-21790-001,A17-21790-001,145.00000000,2026-08-21 00:00:00.000,2026-06-08 00:00:00.000
CO-100022-22,111,11,CD,WO,WO~WO-069697~1~0~0~0~A17-21790-001,WO-069697,1,0,0,W,A17-21790-001,A17-21790-001,145.00000000,2026-08-21 00:00:00.000,2026-06-05 22:50:00.000
CO-100022-22,111,11,CD,WO,WO~WO-069697~1~0~0~0~A17-21790-001,WO-069697,1,0,0,W,A17-21790-001,A17-21790-001,145.00000000,2026-08-21 00:00:00.000,2026-06-05 22:50:00.000
CO-100022-22,115,14,CD,WO,WO~WO-071332~1~0~0~0~A17-21790-009,WO-071332,1,0,0,W,A17-21790-009,A17-21790-009,40.00000000,2026-08-21 00:00:00.000,2026-06-01 00:00:00.000
CO-100022-22,124,12,CD,WO,WO~WO-071015~1~0~0~0~A18-72024-001,WO-071015,1,0,0,W,A18-72024-001,A18-72024-001,792.00000000,2026-08-21 00:00:00.000,2026-05-22 00:00:00.000
CO-100022-22,124,12,CD,WO,WO~WO-071015~1~0~0~0~A18-72024-001,WO-071015,1,0,0,W,A18-72024-001,A18-72024-001,792.00000000,2026-08-21 00:00:00.000,2026-06-01 07:20:00.000
CO-100022-22,124,12,CD,WO,WO~WO-071015~1~0~0~0~A18-72024-001,WO-071015,1,0,0,W,A18-72024-001,A18-72024-001,792.00000000,2026-08-21 00:00:00.000,2026-06-01 01:20:00.000
CO-100022-22,125,17,CD,WO,WO~WO-071323~1~0~0~0~A18-72142-000,WO-071323,1,0,0,W,A18-72142-000,A18-72142-000,400.00000000,2026-08-21 00:00:00.000,2026-06-11 00:00:00.000
CO-100022-22,125,17,CD,WO,WO~WO-071323~1~0~0~0~A18-72142-000,WO-071323,1,0,0,W,A18-72142-000,A18-72142-000,400.00000000,2026-08-21 00:00:00.000,2026-06-10 23:50:00.000
CO-100022-22,125,17,CD,WO,WO~WO-071323~1~0~0~0~A18-72142-000,WO-071323,1,0,0,W,A18-72142-000,A18-72142-000,400.00000000,2026-08-21 00:00:00.000,2026-06-10 23:50:00.000
CO-100022-22,3,14,CD,WO,WO~WO-070647~1~0~0~0~01-35942-000,WO-070647,1,0,0,W,01-35942-000,01-35942-000,200.00000000,2026-08-20 00:00:00.000,2026-05-28 00:00:00.000
CO-100022-22,3,14,CD,WO,WO~WO-070647~1~0~0~0~01-35942-000,WO-070647,1,0,0,W,01-35942-000,01-35942-000,200.00000000,2026-08-20 00:00:00.000,2026-05-28 06:40:00.000
CO-100022-22,3,14,CD,WO,WO~WO-070647~1~0~0~0~01-35942-000,WO-070647,1,0,0,W,01-35942-000,01-35942-000,200.00000000,2026-08-20 00:00:00.000,2026-05-28 21:30:00.000
CO-100022-22,31,29,CD,WO,WO~WO-071139~1~0~0~0~18-73966-000,WO-071139,1,0,0,W,18-73966-000,18-73966-000,450.00000000,2026-08-20 00:00:00.000,2026-05-28 00:00:00.000
CO-100022-22,31,29,CD,WO,WO~WO-071139~1~0~0~0~18-73966-000,WO-071139,1,0,0,W,18-73966-000,18-73966-000,450.00000000,2026-08-20 00:00:00.000,2026-05-29 16:20:00.000
CO-100022-22,31,29,CD,WO,WO~WO-071139~1~0~0~0~18-73966-000,WO-071139,1,0,0,W,18-73966-000,18-73966-000,450.00000000,2026-08-20 00:00:00.000,2026-05-27 23:50:00.000
CO-100022-22,82,20,CD,WO,WO~WO-071279~1~0~0~0~66-17893-002,WO-071279,1,0,0,W,66-17893-002,66-17893-002,1.00000000,2026-08-20 00:00:00.000,2026-06-12 00:00:00.000
CO-100022-22,82,20,CD,WO,WO~WO-071279~1~0~0~0~66-17893-002,WO-071279,1,0,0,W,66-17893-002,66-17893-002,1.00000000,2026-08-20 00:00:00.000,2026-06-11 23:50:00.000
CO-100022-22,82,20,CD,WO,WO~WO-071279~1~0~0~0~66-17893-002,WO-071279,1,0,0,W,66-17893-002,66-17893-002,1.00000000,2026-08-20 00:00:00.000,2026-06-11 23:50:00.000
CO-100022-22,106,24,CD,WO,WO~WO-071328~1~0~0~0~A01-35446-000,WO-071328,1,0,0,W,A01-35446-000,A01-35446-000,1000.00000000,2026-08-20 00:00:00.000,2026-07-09 00:00:00.000
CO-100022-22,106,24,CD,WO,WO~WO-071328~1~0~0~0~A01-35446-000,WO-071328,1,0,0,W,A01-35446-000,A01-35446-000,1000.00000000,2026-08-20 00:00:00.000,2026-07-08 23:50:00.000
CO-100022-22,106,24,CD,WO,WO~WO-071328~1~0~0~0~A01-35446-000,WO-071328,1,0,0,W,A01-35446-000,A01-35446-000,1000.00000000,2026-08-20 00:00:00.000,2026-07-08 23:50:00.000
CO-100022-22,106,25,CD,WO,WO~WO-071328~1~0~0~0~A01-35446-000,WO-071328,1,0,0,W,A01-35446-000,A01-35446-000,500.00000000,2026-08-20 00:00:00.000,2026-07-09 00:00:00.000
CO-100022-22,106,25,CD,WO,WO~WO-071328~1~0~0~0~A01-35446-000,WO-071328,1,0,0,W,A01-35446-000,A01-35446-000,500.00000000,2026-08-20 00:00:00.000,2026-07-08 23:50:00.000
CO-100022-22,106,25,CD,WO,WO~WO-071328~1~0~0~0~A01-35446-000,WO-071328,1,0,0,W,A01-35446-000,A01-35446-000,500.00000000,2026-08-20 00:00:00.000,2026-07-08 23:50:00.000
CO-100022-22,110,13,CD,WO,WO~WO-069727~1~0~0~0~A17-21790-000,WO-069727,1,0,0,W,A17-21790-000,A17-21790-000,154.00000000,2026-08-20 00:00:00.000,2026-06-05 00:00:00.000
CO-100022-22,110,13,CD,WO,WO~WO-069727~1~0~0~0~A17-21790-000,WO-069727,1,0,0,W,A17-21790-000,A17-21790-000,154.00000000,2026-08-20 00:00:00.000,2026-06-04 22:50:00.000
CO-100022-22,110,13,CD,WO,WO~WO-069727~1~0~0~0~A17-21790-000,WO-069727,1,0,0,W,A17-21790-000,A17-21790-000,154.00000000,2026-08-20 00:00:00.000,2026-06-04 22:50:00.000
CO-100022-22,113,13,CD,WO,WO~WO-069696~1~0~0~0~A17-21790-004,WO-069696,1,0,0,W,A17-21790-004,A17-21790-004,10.00000000,2026-08-20 00:00:00.000,2026-04-24 00:00:00.000
CO-100022-22,113,13,CD,WO,WO~WO-069696~1~0~0~0~A17-21790-004,WO-069696,1,0,0,W,A17-21790-004,A17-21790-004,10.00000000,2026-08-20 00:00:00.000,2026-05-22 08:30:00.000
CO-100022-22,113,13,CD,WO,WO~WO-069696~1~0~0~0~A17-21790-004,WO-069696,1,0,0,W,A17-21790-004,A17-21790-004,10.00000000,2026-08-20 00:00:00.000,2026-05-22 08:30:00.000
CO-100022-22,115,13,CD,WO,WO~WO-071332~1~0~0~0~A17-21790-009,WO-071332,1,0,0,W,A17-21790-009,A17-21790-009,20.00000000,2026-08-20 00:00:00.000,2026-06-01 00:00:00.000
CO-100022-22,117,8,CD,WO,WO~WO-071016~1~0~0~0~A18-52790-004,WO-071016,1,0,0,W,A18-52790-004,A18-52790-004,500.00000000,2026-08-20 00:00:00.000,2026-05-28 00:00:00.000
CO-100022-22,117,8,CD,WO,WO~WO-071016~1~0~0~0~A18-52790-004,WO-071016,1,0,0,W,A18-52790-004,A18-52790-004,500.00000000,2026-08-20 00:00:00.000,2026-05-29 05:30:00.000
CO-100022-22,117,8,CD,WO,WO~WO-071016~1~0~0~0~A18-52790-004,WO-071016,1,0,0,W,A18-52790-004,A18-52790-004,500.00000000,2026-08-20 00:00:00.000,2026-05-29 05:30:00.000
CO-100022-22,123,12,CD,WO,WO~WO-070888~1~0~0~0~A18-72024-000,WO-070888,1,0,0,W,A18-72024-000,A18-72024-000,130.00000000,2026-08-20 00:00:00.000,2026-05-14 00:00:00.000
CO-100022-22,123,12,CD,WO,WO~WO-070888~1~0~0~0~A18-72024-000,WO-070888,1,0,0,W,A18-72024-000,A18-72024-000,130.00000000,2026-08-20 00:00:00.000,2026-05-27 18:50:00.000
CO-100022-22,123,12,CD,WO,WO~WO-070888~1~0~0~0~A18-72024-000,WO-070888,1,0,0,W,A18-72024-000,A18-72024-000,130.00000000,2026-08-20 00:00:00.000,2026-05-27 18:50:00.000
CO-100022-22,124,11,CD,WO,WO~WO-071015~1~0~0~0~A18-72024-001,WO-071015,1,0,0,W,A18-72024-001,A18-72024-001,130.00000000,2026-08-20 00:00:00.000,2026-05-22 00:00:00.000
CO-100022-22,124,11,CD,WO,WO~WO-071015~1~0~0~0~A18-72024-001,WO-071015,1,0,0,W,A18-72024-001,A18-72024-001,130.00000000,2026-08-20 00:00:00.000,2026-06-01 07:20:00.000
CO-100022-22,124,11,CD,WO,WO~WO-071015~1~0~0~0~A18-72024-001,WO-071015,1,0,0,W,A18-72024-001,A18-72024-001,130.00000000,2026-08-20 00:00:00.000,2026-06-01 01:20:00.000
CO-100022-22,125,16,CD,WO,WO~WO-071323~1~0~0~0~A18-72142-000,WO-071323,1,0,0,W,A18-72142-000,A18-72142-000,356.00000000,2026-08-20 00:00:00.000,2026-06-11 00:00:00.000
CO-100022-22,125,16,CD,WO,WO~WO-071323~1~0~0~0~A18-72142-000,WO-071323,1,0,0,W,A18-72142-000,A18-72142-000,356.00000000,2026-08-20 00:00:00.000,2026-06-10 23:50:00.000
CO-100022-22,125,16,CD,WO,WO~WO-071323~1~0~0~0~A18-72142-000,WO-071323,1,0,0,W,A18-72142-000,A18-72142-000,356.00000000,2026-08-20 00:00:00.000,2026-06-10 23:50:00.000
CO-100022-22,127,12,CD,WO,WO~WO-070300~1~0~0~0~A18-73057-000,WO-070300,1,0,0,W,A18-73057-000,A18-73057-000,115.00000000,2026-08-20 00:00:00.000,2026-04-16 00:00:00.000
CO-100022-22,127,12,CD,WO,WO~WO-070300~1~0~0~0~A18-73057-000,WO-070300,1,0,0,W,A18-73057-000,A18-73057-000,115.00000000,2026-08-20 00:00:00.000,2026-05-25 02:30:00.000
CO-100022-22,127,12,CD,WO,WO~WO-070300~1~0~0~0~A18-73057-000,WO-070300,1,0,0,W,A18-73057-000,A18-73057-000,115.00000000,2026-08-20 00:00:00.000,2026-05-22 20:10:00.000
CO-100022-22,128,12,CD,WO,WO~WO-071047~1~0~0~0~A18-73057-001,WO-071047,1,0,0,W,A18-73057-001,A18-73057-001,140.00000000,2026-08-20 00:00:00.000,2026-05-29 00:00:00.000
CO-100022-22,128,12,CD,WO,WO~WO-071047~1~0~0~0~A18-73057-001,WO-071047,1,0,0,W,A18-73057-001,A18-73057-001,140.00000000,2026-08-20 00:00:00.000,2026-06-02 22:20:00.000
CO-100022-22,128,12,CD,WO,WO~WO-071047~1~0~0~0~A18-73057-001,WO-071047,1,0,0,W,A18-73057-001,A18-73057-001,140.00000000,2026-08-20 00:00:00.000,2026-06-05 09:30:00.000
CO-100022-22,176,14,CD,WO,WO~WO-070362~1~0~0~0~A66-05499-000,WO-070362,1,0,0,W,A66-05499-000,A66-05499-000,1306.00000000,2026-08-20 00:00:00.000,2026-06-05 00:00:00.000
CO-100022-22,176,14,CD,WO,WO~WO-070362~1~0~0~0~A66-05499-000,WO-070362,1,0,0,W,A66-05499-000,A66-05499-000,1306.00000000,2026-08-20 00:00:00.000,2026-06-04 23:50:00.000
CO-100022-22,176,14,CD,WO,WO~WO-070362~1~0~0~0~A66-05499-000,WO-070362,1,0,0,W,A66-05499-000,A66-05499-000,1306.00000000,2026-08-20 00:00:00.000,2026-06-04 23:50:00.000
CO-085115,12,34,CD,WO,WO~WO-071448~1~0~0~0~29568451,WO-071448,1,0,0,W,29568451,29568451,5.00000000,2026-08-19 00:00:00.000,2026-06-03 00:00:00.000
CO-085116,6,112,CD,WO,WO~WO-070761~1~0~0~0~29545990,WO-070761,1,0,0,W,29545990,29545990,2000.00000000,2026-08-19 00:00:00.000,2026-05-13 00:00:00.000
CO-085116,6,112,CD,WO,WO~WO-070761~1~0~0~0~29545990,WO-070761,1,0,0,W,29545990,29545990,2000.00000000,2026-08-19 00:00:00.000,2026-06-08 19:00:00.000
CO-085116,6,112,CD,WO,WO~WO-070761~1~0~0~0~29545990,WO-070761,1,0,0,W,29545990,29545990,2000.00000000,2026-08-19 00:00:00.000,2026-06-02 00:40:00.000
CO-085116,7,90,CD,WO,WO~WO-070761~1~0~0~0~29545990,WO-070761,1,0,0,W,29545990,29545990,400.00000000,2026-08-19 00:00:00.000,2026-06-08 19:00:00.000
CO-085116,7,90,CD,WO,WO~WO-070761~1~0~0~0~29545990,WO-070761,1,0,0,W,29545990,29545990,400.00000000,2026-08-19 00:00:00.000,2026-05-13 00:00:00.000
CO-085116,7,90,CD,WO,WO~WO-070761~1~0~0~0~29545990,WO-070761,1,0,0,W,29545990,29545990,400.00000000,2026-08-19 00:00:00.000,2026-06-02 00:40:00.000
CO-100018-22,13,8,CD,WO,WO~WO-071319~1~0~0~0~TA32318,WO-071319,1,0,0,W,TA32318,TA32318,240.00000000,2026-08-18 00:00:00.000,2026-06-02 00:00:00.000
CO-100018-22,13,8,CD,WO,WO~WO-071319~1~0~0~0~TA32318,WO-071319,1,0,0,W,TA32318,TA32318,240.00000000,2026-08-18 00:00:00.000,2026-06-11 22:00:00.000
CO-100018-22,13,8,CD,WO,WO~WO-071319~1~0~0~0~TA32318,WO-071319,1,0,0,W,TA32318,TA32318,240.00000000,2026-08-18 00:00:00.000,2026-06-12 11:00:00.000
CO-100022-22,31,28,CD,WO,WO~WO-071139~1~0~0~0~18-73966-000,WO-071139,1,0,0,W,18-73966-000,18-73966-000,163.00000000,2026-08-18 00:00:00.000,2026-05-28 00:00:00.000
CO-100022-22,31,28,CD,WO,WO~WO-071139~1~0~0~0~18-73966-000,WO-071139,1,0,0,W,18-73966-000,18-73966-000,163.00000000,2026-08-18 00:00:00.000,2026-05-29 16:20:00.000
CO-100022-22,31,28,CD,WO,WO~WO-071139~1~0~0~0~18-73966-000,WO-071139,1,0,0,W,18-73966-000,18-73966-000,163.00000000,2026-08-18 00:00:00.000,2026-05-27 23:50:00.000
CO-100022-22,68,12,CD,WO,WO~WO-070833~1~0~0~0~22-77401-001,WO-070833,1,0,0,W,22-77401-001,22-77401-001,100.00000000,2026-08-18 00:00:00.000,2026-05-22 00:00:00.000
CO-100022-22,68,12,CD,WO,WO~WO-070833~1~0~0~0~22-77401-001,WO-070833,1,0,0,W,22-77401-001,22-77401-001,100.00000000,2026-08-18 00:00:00.000,2026-05-28 21:50:00.000
CO-100022-22,68,12,CD,WO,WO~WO-070833~1~0~0~0~22-77401-001,WO-070833,1,0,0,W,22-77401-001,22-77401-001,100.00000000,2026-08-18 00:00:00.000,2026-05-25 17:10:00.000
CO-087112,1,171,CD,WO,WO~WO-069812~1~0~0~0~1087.397.014,WO-069812,1,0,0,W,1087.397.014,1087.397.014,2232.00000000,2026-08-17 00:00:00.000,2026-05-22 00:00:00.000
CO-087112,1,171,CD,WO,WO~WO-069812~1~0~0~0~1087.397.014,WO-069812,1,0,0,W,1087.397.014,1087.397.014,2232.00000000,2026-08-17 00:00:00.000,2026-06-10 11:40:00.000
CO-087112,1,171,CD,WO,WO~WO-069812~1~0~0~0~1087.397.014,WO-069812,1,0,0,W,1087.397.014,1087.397.014,2232.00000000,2026-08-17 00:00:00.000,2026-05-26 01:10:00.000
CO-087117,1,250,CD,WO,WO~WO-071133~1~0~0~0~1094.397.033,WO-071133,1,0,0,W,1094.397.033,1094.397.033,250.00000000,2026-08-17 00:00:00.000,2026-05-25 00:00:00.000
CO-087117,1,250,CD,WO,WO~WO-071133~1~0~0~0~1094.397.033,WO-071133,1,0,0,W,1094.397.033,1094.397.033,250.00000000,2026-08-17 00:00:00.000,2026-06-11 18:20:00.000
CO-087117,1,250,CD,WO,WO~WO-071133~1~0~0~0~1094.397.033,WO-071133,1,0,0,W,1094.397.033,1094.397.033,250.00000000,2026-08-17 00:00:00.000,2026-06-10 20:40:00.000
CO-100000-22,18,9,CD,WO,WO~WO-070848~1~0~0~0~24 096 151,WO-070848,1,0,0,W,24 096 151,24 096 151,1606.00000000,2026-08-17 00:00:00.000,2026-05-15 00:00:00.000
CO-100000-22,18,9,CD,WO,WO~WO-070848~1~0~0~0~24 096 151,WO-070848,1,0,0,W,24 096 151,24 096 151,1606.00000000,2026-08-17 00:00:00.000,2026-05-27 04:50:00.000
CO-100000-22,18,9,CD,WO,WO~WO-070848~1~0~0~0~24 096 151,WO-070848,1,0,0,W,24 096 151,24 096 151,1606.00000000,2026-08-17 00:00:00.000,2026-05-27 04:50:00.000
CO-100000-22,48,5,CD,WO,WO~WO-070914~1~0~0~0~32 063 17,WO-070914,1,0,0,W,32 063 17,32 063 17,3164.00000000,2026-08-17 00:00:00.000,2026-05-11 00:00:00.000
CO-100000-22,48,5,CD,WO,WO~WO-070914~1~0~0~0~32 063 17,WO-070914,1,0,0,W,32 063 17,32 063 17,3164.00000000,2026-08-17 00:00:00.000,2026-05-26 17:10:00.000
CO-100000-22,48,5,CD,WO,WO~WO-070914~1~0~0~0~32 063 17,WO-070914,1,0,0,W,32 063 17,32 063 17,3164.00000000,2026-08-17 00:00:00.000,2026-05-26 21:40:00.000
CO-100000-22,52,9,CD,WO,WO~WO-071021~1~0~0~0~32 096 16,WO-071021,1,0,0,W,32 096 16,32 096 16,4000.00000000,2026-08-17 00:00:00.000,2026-04-25 00:00:00.000
CO-100000-22,52,9,CD,WO,WO~WO-071021~1~0~0~0~32 096 16,WO-071021,1,0,0,W,32 096 16,32 096 16,4000.00000000,2026-08-17 00:00:00.000,2026-05-26 16:40:00.000
CO-100000-22,52,9,CD,WO,WO~WO-071021~1~0~0~0~32 096 16,WO-071021,1,0,0,W,32 096 16,32 096 16,4000.00000000,2026-08-17 00:00:00.000,2026-05-26 20:10:00.000
CO-100001,5,1,CD,WO,WO~WO-071297~1~0~0~0~1603047,WO-071297,1,0,0,W,1603047,1603047,25.00000000,2026-08-17 00:00:00.000,2026-06-08 00:00:00.000
CO-100001,5,1,CD,WO,WO~WO-071297~1~0~0~0~1603047,WO-071297,1,0,0,W,1603047,1603047,25.00000000,2026-08-17 00:00:00.000,2026-06-07 23:50:00.000
CO-100001,5,1,CD,WO,WO~WO-071297~1~0~0~0~1603047,WO-071297,1,0,0,W,1603047,1603047,25.00000000,2026-08-17 00:00:00.000,2026-06-07 23:50:00.000
CO-100001A,10,13,CD,WO,WO~WO-071299~1~0~0~0~1603048,WO-071299,1,0,0,W,1603048,1603048,27.00000000,2026-08-17 00:00:00.000,2026-06-15 00:00:00.000
CO-100001A,10,13,CD,WO,WO~WO-071299~1~0~0~0~1603048,WO-071299,1,0,0,W,1603048,1603048,27.00000000,2026-08-17 00:00:00.000,2026-06-14 23:50:00.000
CO-100001A,10,13,CD,WO,WO~WO-071299~1~0~0~0~1603048,WO-071299,1,0,0,W,1603048,1603048,27.00000000,2026-08-17 00:00:00.000,2026-06-14 23:50:00.000
CO-100007,3,2,CD,WO,WO~WO-070849~1~0~0~0~453627790300,WO-070849,1,0,0,W,453627790300,453627790300,40.00000000,2026-08-17 00:00:00.000,2026-06-17 00:00:00.000
CO-100007,3,2,CD,WO,WO~WO-070849~1~0~0~0~453627790300,WO-070849,1,0,0,W,453627790300,453627790300,40.00000000,2026-08-17 00:00:00.000,2026-06-16 22:50:00.000
CO-100007,3,2,CD,WO,WO~WO-070849~1~0~0~0~453627790300,WO-070849,1,0,0,W,453627790300,453627790300,40.00000000,2026-08-17 00:00:00.000,2026-06-16 22:50:00.000
CO-100018-22,13,7,CD,WO,WO~WO-071319~1~0~0~0~TA32318,WO-071319,1,0,0,W,TA32318,TA32318,240.00000000,2026-08-17 00:00:00.000,2026-06-02 00:00:00.000
CO-100018-22,13,7,CD,WO,WO~WO-071319~1~0~0~0~TA32318,WO-071319,1,0,0,W,TA32318,TA32318,240.00000000,2026-08-17 00:00:00.000,2026-06-11 22:00:00.000
CO-100018-22,13,7,CD,WO,WO~WO-071319~1~0~0~0~TA32318,WO-071319,1,0,0,W,TA32318,TA32318,240.00000000,2026-08-17 00:00:00.000,2026-06-12 11:00:00.000
CO-086618,1,0,CO,WO,WO~CO-086618~1~0~0~0~ ,CO-086618,1,0,0,W,NULL, ,1.00000000,2026-08-15 00:00:00.000,2026-08-15 00:00:00.000
CO-086618,1,0,CO,WO,WO~CO-086618~1~0~0~0~ ,CO-086618,1,0,0,W,NULL, ,1.00000000,2026-08-15 00:00:00.000,2026-08-30 23:30:00.000
CO-086618,1,0,CO,WO,WO~CO-086618~1~0~0~0~ ,CO-086618,1,0,0,W,NULL, ,1.00000000,2026-08-15 00:00:00.000,2026-09-23 21:10:00.000
CO-086618,2,0,CO,WO,WO~CO-086618~2~0~0~0~ ,CO-086618,2,0,0,W,NULL, ,1.00000000,2026-08-15 00:00:00.000,2026-08-15 00:00:00.000
CO-086618,2,0,CO,WO,WO~CO-086618~2~0~0~0~ ,CO-086618,2,0,0,W,NULL, ,1.00000000,2026-08-15 00:00:00.000,2026-08-14 23:50:00.000
CO-086618,2,0,CO,WO,WO~CO-086618~2~0~0~0~ ,CO-086618,2,0,0,W,NULL, ,1.00000000,2026-08-15 00:00:00.000,2026-08-14 23:50:00.000
CO-100022-22,6,4,CD,WO,WO~WO-071222~1~0~0~0~03-44045-000,WO-071222,1,0,0,W,03-44045-000,03-44045-000,100.00000000,2026-08-14 00:00:00.000,2026-06-12 00:00:00.000
CO-100022-22,6,4,CD,WO,WO~WO-071222~1~0~0~0~03-44045-000,WO-071222,1,0,0,W,03-44045-000,03-44045-000,100.00000000,2026-08-14 00:00:00.000,2026-06-11 23:50:00.000
CO-100022-22,6,4,CD,WO,WO~WO-071222~1~0~0~0~03-44045-000,WO-071222,1,0,0,W,03-44045-000,03-44045-000,100.00000000,2026-08-14 00:00:00.000,2026-06-11 23:50:00.000
CO-100022-22,18,7,CD,WO,WO~WO-071273~1~0~0~0~07-25363-000,WO-071273,1,0,0,W,07-25363-000,07-25363-000,100.00000000,2026-08-14 00:00:00.000,2026-05-26 00:00:00.000
CO-100022-22,18,7,CD,WO,WO~WO-071273~1~0~0~0~07-25363-000,WO-071273,1,0,0,W,07-25363-000,07-25363-000,100.00000000,2026-08-14 00:00:00.000,2026-06-01 11:20:00.000
CO-100022-22,18,7,CD,WO,WO~WO-071273~1~0~0~0~07-25363-000,WO-071273,1,0,0,W,07-25363-000,07-25363-000,100.00000000,2026-08-14 00:00:00.000,2026-06-03 22:30:00.000
CO-100022-22,27,2,CD,WO,WO~WO-070804~1~0~0~0~17-16546-000,WO-070804,1,0,0,W,17-16546-000,17-16546-000,100.00000000,2026-08-14 00:00:00.000,2026-04-03 00:00:00.000
CO-100022-22,27,2,CD,WO,WO~WO-070804~1~0~0~0~17-16546-000,WO-070804,1,0,0,W,17-16546-000,17-16546-000,100.00000000,2026-08-14 00:00:00.000,2026-05-22 00:50:00.000
CO-100022-22,27,2,CD,WO,WO~WO-070804~1~0~0~0~17-16546-000,WO-070804,1,0,0,W,17-16546-000,17-16546-000,100.00000000,2026-08-14 00:00:00.000,2026-05-22 00:50:00.000
CO-100022-22,31,27,CD,WO,WO~WO-071139~1~0~0~0~18-73966-000,WO-071139,1,0,0,W,18-73966-000,18-73966-000,150.00000000,2026-08-14 00:00:00.000,2026-05-28 00:00:00.000
CO-100022-22,31,27,CD,WO,WO~WO-071139~1~0~0~0~18-73966-000,WO-071139,1,0,0,W,18-73966-000,18-73966-000,150.00000000,2026-08-14 00:00:00.000,2026-05-29 16:20:00.000
CO-100022-22,31,27,CD,WO,WO~WO-071139~1~0~0~0~18-73966-000,WO-071139,1,0,0,W,18-73966-000,18-73966-000,150.00000000,2026-08-14 00:00:00.000,2026-05-27 23:50:00.000
CO-100022-22,68,11,CD,WO,WO~WO-070833~1~0~0~0~22-77401-001,WO-070833,1,0,0,W,22-77401-001,22-77401-001,17.00000000,2026-08-14 00:00:00.000,2026-05-22 00:00:00.000
CO-100022-22,68,11,CD,WO,WO~WO-070833~1~0~0~0~22-77401-001,WO-070833,1,0,0,W,22-77401-001,22-77401-001,17.00000000,2026-08-14 00:00:00.000,2026-05-28 21:50:00.000
CO-100022-22,68,11,CD,WO,WO~WO-070833~1~0~0~0~22-77401-001,WO-070833,1,0,0,W,22-77401-001,22-77401-001,17.00000000,2026-08-14 00:00:00.000,2026-05-25 17:10:00.000
CO-100022-22,69,15,CD,WO,WO~WO-070235~1~0~0~0~22-77402-000,WO-070235,1,0,0,W,22-77402-000,22-77402-000,30.00000000,2026-08-14 00:00:00.000,2026-06-12 00:00:00.000
CO-100022-22,69,15,CD,WO,WO~WO-070235~1~0~0~0~22-77402-000,WO-070235,1,0,0,W,22-77402-000,22-77402-000,30.00000000,2026-08-14 00:00:00.000,2026-06-11 23:50:00.000
CO-100022-22,69,15,CD,WO,WO~WO-070235~1~0~0~0~22-77402-000,WO-070235,1,0,0,W,22-77402-000,22-77402-000,30.00000000,2026-08-14 00:00:00.000,2026-06-11 23:50:00.000
CO-100022-22,82,19,CD,WO,WO~WO-071279~1~0~0~0~66-17893-002,WO-071279,1,0,0,W,66-17893-002,66-17893-002,4.00000000,2026-08-14 00:00:00.000,2026-06-12 00:00:00.000
CO-100022-22,82,19,CD,WO,WO~WO-071279~1~0~0~0~66-17893-002,WO-071279,1,0,0,W,66-17893-002,66-17893-002,4.00000000,2026-08-14 00:00:00.000,2026-06-11 23:50:00.000
CO-100022-22,82,19,CD,WO,WO~WO-071279~1~0~0~0~66-17893-002,WO-071279,1,0,0,W,66-17893-002,66-17893-002,4.00000000,2026-08-14 00:00:00.000,2026-06-11 23:50:00.000
CO-100022-22,85,6,CD,WO,WO~WO-070641~1~0~0~0~66-17952-000,WO-070641,1,0,0,W,66-17952-000,66-17952-000,250.00000000,2026-08-14 00:00:00.000,2026-05-08 00:00:00.000
CO-100022-22,85,6,CD,WO,WO~WO-070641~1~0~0~0~66-17952-000,WO-070641,1,0,0,W,66-17952-000,66-17952-000,250.00000000,2026-08-14 00:00:00.000,2026-05-22 00:00:00.000
CO-100022-22,85,6,CD,WO,WO~WO-070641~1~0~0~0~66-17952-000,WO-070641,1,0,0,W,66-17952-000,66-17952-000,250.00000000,2026-08-14 00:00:00.000,2026-05-22 00:00:00.000
CO-100022-22,91,6,CD,WO,WO~WO-071216~1~0~0~0~66-20659-000,WO-071216,1,0,0,W,66-20659-000,66-20659-000,100.00000000,2026-08-14 00:00:00.000,2026-06-05 00:00:00.000
CO-100022-22,91,6,CD,WO,WO~WO-071216~1~0~0~0~66-20659-000,WO-071216,1,0,0,W,66-20659-000,66-20659-000,100.00000000,2026-08-14 00:00:00.000,2026-06-04 23:50:00.000
CO-100022-22,91,6,CD,WO,WO~WO-071216~1~0~0~0~66-20659-000,WO-071216,1,0,0,W,66-20659-000,66-20659-000,100.00000000,2026-08-14 00:00:00.000,2026-06-04 23:50:00.000
CO-100022-22,106,23,CD,WO,WO~WO-071328~1~0~0~0~A01-35446-000,WO-071328,1,0,0,W,A01-35446-000,A01-35446-000,500.00000000,2026-08-14 00:00:00.000,2026-07-09 00:00:00.000
CO-100022-22,106,23,CD,WO,WO~WO-071328~1~0~0~0~A01-35446-000,WO-071328,1,0,0,W,A01-35446-000,A01-35446-000,500.00000000,2026-08-14 00:00:00.000,2026-07-08 23:50:00.000
CO-100022-22,106,23,CD,WO,WO~WO-071328~1~0~0~0~A01-35446-000,WO-071328,1,0,0,W,A01-35446-000,A01-35446-000,500.00000000,2026-08-14 00:00:00.000,2026-07-08 23:50:00.000
CO-100022-22,117,7,CD,WO,WO~WO-071016~1~0~0~0~A18-52790-004,WO-071016,1,0,0,W,A18-52790-004,A18-52790-004,1000.00000000,2026-08-14 00:00:00.000,2026-05-28 00:00:00.000
CO-100022-22,117,7,CD,WO,WO~WO-071016~1~0~0~0~A18-52790-004,WO-071016,1,0,0,W,A18-52790-004,A18-52790-004,1000.00000000,2026-08-14 00:00:00.000,2026-05-29 05:30:00.000
CO-100022-22,117,7,CD,WO,WO~WO-071016~1~0~0~0~A18-52790-004,WO-071016,1,0,0,W,A18-52790-004,A18-52790-004,1000.00000000,2026-08-14 00:00:00.000,2026-05-29 05:30:00.000
CO-100022-22,176,13,CD,WO,WO~WO-070362~1~0~0~0~A66-05499-000,WO-070362,1,0,0,W,A66-05499-000,A66-05499-000,2000.00000000,2026-08-14 00:00:00.000,2026-06-05 00:00:00.000
CO-100022-22,176,13,CD,WO,WO~WO-070362~1~0~0~0~A66-05499-000,WO-070362,1,0,0,W,A66-05499-000,A66-05499-000,2000.00000000,2026-08-14 00:00:00.000,2026-06-04 23:50:00.000
CO-100022-22,176,13,CD,WO,WO~WO-070362~1~0~0~0~A66-05499-000,WO-070362,1,0,0,W,A66-05499-000,A66-05499-000,2000.00000000,2026-08-14 00:00:00.000,2026-06-04 23:50:00.000
CO-100022-22,181,6,CD,WO,WO~WO-070179~1~0~0~0~A66-20730-000,WO-070179,1,0,0,W,A66-20730-000,A66-20730-000,93.00000000,2026-08-14 00:00:00.000,2026-04-03 00:00:00.000
CO-100022-22,181,6,CD,WO,WO~WO-070179~1~0~0~0~A66-20730-000,WO-070179,1,0,0,W,A66-20730-000,A66-20730-000,93.00000000,2026-08-14 00:00:00.000,2026-05-22 07:50:00.000
CO-100022-22,181,6,CD,WO,WO~WO-070179~1~0~0~0~A66-20730-000,WO-070179,1,0,0,W,A66-20730-000,A66-20730-000,93.00000000,2026-08-14 00:00:00.000,2026-05-22 09:00:00.000
CO-100022-22,3,13,CD,WO,WO~WO-070647~1~0~0~0~01-35942-000,WO-070647,1,0,0,W,01-35942-000,01-35942-000,400.00000000,2026-08-13 00:00:00.000,2026-05-28 00:00:00.000
CO-100022-22,3,13,CD,WO,WO~WO-070647~1~0~0~0~01-35942-000,WO-070647,1,0,0,W,01-35942-000,01-35942-000,400.00000000,2026-08-13 00:00:00.000,2026-05-28 06:40:00.000
CO-100022-22,3,13,CD,WO,WO~WO-070647~1~0~0~0~01-35942-000,WO-070647,1,0,0,W,01-35942-000,01-35942-000,400.00000000,2026-08-13 00:00:00.000,2026-05-28 21:30:00.000
CO-100022-22,31,26,CD,WO,WO~WO-071139~1~0~0~0~18-73966-000,WO-071139,1,0,0,W,18-73966-000,18-73966-000,150.00000000,2026-08-13 00:00:00.000,2026-05-28 00:00:00.000
CO-100022-22,31,26,CD,WO,WO~WO-071139~1~0~0~0~18-73966-000,WO-071139,1,0,0,W,18-73966-000,18-73966-000,150.00000000,2026-08-13 00:00:00.000,2026-05-29 16:20:00.000
CO-100022-22,31,26,CD,WO,WO~WO-071139~1~0~0~0~18-73966-000,WO-071139,1,0,0,W,18-73966-000,18-73966-000,150.00000000,2026-08-13 00:00:00.000,2026-05-27 23:50:00.000
CO-100022-22,34,19,CD,WO,WO~WO-071114~1~0~0~0~21-28841-007,WO-071114,1,0,0,W,21-28841-007,21-28841-007,16.00000000,2026-08-13 00:00:00.000,2026-06-11 00:00:00.000
CO-100022-22,34,19,CD,WO,WO~WO-071114~1~0~0~0~21-28841-007,WO-071114,1,0,0,W,21-28841-007,21-28841-007,16.00000000,2026-08-13 00:00:00.000,2026-06-10 23:50:00.000
CO-100022-22,34,19,CD,WO,WO~WO-071114~1~0~0~0~21-28841-007,WO-071114,1,0,0,W,21-28841-007,21-28841-007,16.00000000,2026-08-13 00:00:00.000,2026-06-10 23:50:00.000
CO-100022-22,36,3,CD,WO,WO~WO-071224~1~0~0~0~22-69103-002,WO-071224,1,0,0,W,22-69103-002,22-69103-002,1.00000000,2026-08-13 00:00:00.000,2026-05-04 00:00:00.000
CO-100022-22,36,3,CD,WO,WO~WO-071224~1~0~0~0~22-69103-002,WO-071224,1,0,0,W,22-69103-002,22-69103-002,1.00000000,2026-08-13 00:00:00.000,2026-05-29 03:20:00.000
CO-100022-22,36,3,CD,WO,WO~WO-071224~1~0~0~0~22-69103-002,WO-071224,1,0,0,W,22-69103-002,22-69103-002,1.00000000,2026-08-13 00:00:00.000,2026-05-29 11:30:00.000
CO-100022-22,80,8,CD,WO,WO~WO-071280~1~0~0~0~66-17893-000,WO-071280,1,0,0,W,66-17893-000,66-17893-000,100.00000000,2026-08-13 00:00:00.000,2026-06-09 00:00:00.000
CO-100022-22,80,8,CD,WO,WO~WO-071280~1~0~0~0~66-17893-000,WO-071280,1,0,0,W,66-17893-000,66-17893-000,100.00000000,2026-08-13 00:00:00.000,2026-06-08 23:50:00.000
CO-100022-22,80,8,CD,WO,WO~WO-071280~1~0~0~0~66-17893-000,WO-071280,1,0,0,W,66-17893-000,66-17893-000,100.00000000,2026-08-13 00:00:00.000,2026-06-08 23:50:00.000
CO-100022-22,82,18,CD,WO,WO~WO-071279~1~0~0~0~66-17893-002,WO-071279,1,0,0,W,66-17893-002,66-17893-002,24.00000000,2026-08-13 00:00:00.000,2026-06-12 00:00:00.000
CO-100022-22,82,18,CD,WO,WO~WO-071279~1~0~0~0~66-17893-002,WO-071279,1,0,0,W,66-17893-002,66-17893-002,24.00000000,2026-08-13 00:00:00.000,2026-06-11 23:50:00.000
CO-100022-22,82,18,CD,WO,WO~WO-071279~1~0~0~0~66-17893-002,WO-071279,1,0,0,W,66-17893-002,66-17893-002,24.00000000,2026-08-13 00:00:00.000,2026-06-11 23:50:00.000
CO-100022-22,106,21,CD,WO,WO~WO-071328~1~0~0~0~A01-35446-000,WO-071328,1,0,0,W,A01-35446-000,A01-35446-000,1000.00000000,2026-08-13 00:00:00.000,2026-07-09 00:00:00.000
CO-100022-22,106,21,CD,WO,WO~WO-071328~1~0~0~0~A01-35446-000,WO-071328,1,0,0,W,A01-35446-000,A01-35446-000,1000.00000000,2026-08-13 00:00:00.000,2026-07-08 23:50:00.000
CO-100022-22,106,21,CD,WO,WO~WO-071328~1~0~0~0~A01-35446-000,WO-071328,1,0,0,W,A01-35446-000,A01-35446-000,1000.00000000,2026-08-13 00:00:00.000,2026-07-08 23:50:00.000
CO-100022-22,106,22,CD,WO,WO~WO-071328~1~0~0~0~A01-35446-000,WO-071328,1,0,0,W,A01-35446-000,A01-35446-000,500.00000000,2026-08-13 00:00:00.000,2026-07-09 00:00:00.000