SITE_ID,CUST_ID,ORDER_ID,ORDER_LINE_NO,ORDER_DEL_NO,DEMAND_KEY,DEMAND_TYPE,SUPPLY_KEY,SUPPLY_TYPE,BASE_ID,LOT_ID,SPLIT_ID,PART_ID,WANT_DATE,FINISH_DATE,ORDER_QTY,SHIPPED_QTY,DESIRED_QTY,RECEIVED_QTY,ALLOCATED_QTY
MTM2,CID-00015-04,CO-087004,71,1,CD~CO-087004~*~*~71~1,CD,NULL," "," "," "," ",A17-21790-002,2029-05-22 00:00:00.000,2026-05-29 00:00:00.000,209.00000000,0.00000000,0.00000000,0.00000000,209.00000000
MTM2,CID-00660-03,CO-100001,1,58,CD~CO-100001~*~*~1~58,CD,NULL," "," "," "," ",64503,2028-05-08 00:00:00.000,2026-05-29 00:00:00.000,100.00000000,0.00000000,0.00000000,0.00000000,100.00000000
MTM2,CID-00660-03,CO-100001,1,57,CD~CO-100001~*~*~1~57,CD,NULL," "," "," "," ",64503,2028-05-01 00:00:00.000,2026-05-29 00:00:00.000,100.00000000,0.00000000,0.00000000,0.00000000,100.00000000
MTM2,CID-00660-03,CO-100001,2,20,CD~CO-100001~*~*~2~20,CD,NULL," "," "," "," ",64508,2028-04-24 00:00:00.000,2026-05-29 00:00:00.000,100.00000000,0.00000000,0.00000000,0.00000000,100.00000000
MTM2,CID-00660-03,CO-100001,4,74,CD~CO-100001~*~*~4~74,CD,NULL," "," "," "," ",1224196,2028-04-17 00:00:00.000,2026-05-29 00:00:00.000,240.00000000,0.00000000,0.00000000,0.00000000,240.00000000
MTM2,CID-00660-03,CO-100001,1,56,CD~CO-100001~*~*~1~56,CD,NULL," "," "," "," ",64503,2028-04-10 00:00:00.000,2026-05-29 00:00:00.000,100.00000000,0.00000000,0.00000000,0.00000000,100.00000000
MTM2,CID-00660-03,CO-100001,1,55,CD~CO-100001~*~*~1~55,CD,NULL," "," "," "," ",64503,2028-04-03 00:00:00.000,2026-05-29 00:00:00.000,100.00000000,0.00000000,0.00000000,0.00000000,100.00000000
MTM2,CID-00660-03,CO-100001,2,19,CD~CO-100001~*~*~2~19,CD,NULL," "," "," "," ",64508,2028-03-20 00:00:00.000,2026-05-29 00:00:00.000,100.00000000,0.00000000,0.00000000,0.00000000,100.00000000
MTM2,CID-00660-03,CO-100001,1,54,CD~CO-100001~*~*~1~54,CD,NULL," "," "," "," ",64503,2028-03-13 00:00:00.000,2026-05-29 00:00:00.000,100.00000000,0.00000000,0.00000000,0.00000000,100.00000000
MTM2,CID-00331-01,CO-100013-21,2,84,CD~CO-100013-21~*~*~2~84,CD,NULL," "," "," "," ","11057-7822      ",2028-03-09 00:00:00.000,2026-05-29 00:00:00.000,1528.00000000,0.00000000,0.00000000,0.00000000,1528.00000000
MTM2,CID-00331-01,CO-100013-21,4,61,CD~CO-100013-21~*~*~4~61,CD,NULL," "," "," "," ","11058-4138      ",2028-03-09 00:00:00.000,2026-05-29 00:00:00.000,366.00000000,0.00000000,0.00000000,0.00000000,366.00000000
MTM2,CID-00331-01,CO-100013-21,5,74,CD~CO-100013-21~*~*~5~74,CD,NULL," "," "," "," ","11058-7355      ",2028-03-09 00:00:00.000,2026-05-29 00:00:00.000,146.00000000,0.00000000,0.00000000,0.00000000,146.00000000
MTM2,CID-00331-01,CO-100013-21,6,57,CD~CO-100013-21~*~*~6~57,CD,NULL," "," "," "," ","11058-7782      ",2028-03-09 00:00:00.000,2026-05-29 00:00:00.000,338.00000000,0.00000000,0.00000000,0.00000000,338.00000000
MTM2,CID-00331-01,CO-100013-21,8,27,CD~CO-100013-21~*~*~8~27,CD,NULL," "," "," "," ","13272-3994      ",2028-03-09 00:00:00.000,2026-05-29 00:00:00.000,1146.00000000,0.00000000,0.00000000,0.00000000,1146.00000000
MTM2,CID-00660-03,CO-100001,1,53,CD~CO-100001~*~*~1~53,CD,NULL," "," "," "," ",64503,2028-03-06 00:00:00.000,2026-05-29 00:00:00.000,100.00000000,0.00000000,0.00000000,0.00000000,100.00000000
MTM2,CID-00331-01,CO-100013-21,2,83,CD~CO-100013-21~*~*~2~83,CD,NULL," "," "," "," ","11057-7822      ",2028-03-02 00:00:00.000,2026-05-29 00:00:00.000,25500.00000000,0.00000000,0.00000000,0.00000000,25500.00000000
MTM2,CID-00331-01,CO-100013-21,3,72,CD~CO-100013-21~*~*~3~72,CD,NULL," "," "," "," ","11057-7975      ",2028-03-02 00:00:00.000,2026-05-29 00:00:00.000,272.00000000,0.00000000,0.00000000,0.00000000,272.00000000
MTM2,CID-00331-01,CO-100013-21,4,60,CD~CO-100013-21~*~*~4~60,CD,NULL," "," "," "," ","11058-4138      ",2028-03-02 00:00:00.000,2026-05-29 00:00:00.000,380.00000000,0.00000000,0.00000000,0.00000000,380.00000000
MTM2,CID-00331-01,CO-100013-21,5,73,CD~CO-100013-21~*~*~5~73,CD,NULL," "," "," "," ","11058-7355      ",2028-03-02 00:00:00.000,2026-05-29 00:00:00.000,384.00000000,0.00000000,0.00000000,0.00000000,384.00000000
MTM2,CID-00331-01,CO-100013-21,6,56,CD~CO-100013-21~*~*~6~56,CD,NULL," "," "," "," ","11058-7782      ",2028-03-02 00:00:00.000,2026-05-29 00:00:00.000,250.00000000,0.00000000,0.00000000,0.00000000,250.00000000
MTM2,CID-00331-01,CO-100013-21,7,72,CD~CO-100013-21~*~*~7~72,CD,NULL," "," "," "," ","13042-0804      ",2028-03-02 00:00:00.000,2026-05-29 00:00:00.000,2700.00000000,0.00000000,0.00000000,0.00000000,2700.00000000
MTM2,CID-00331-01,CO-100013-21,12,40,CD~CO-100013-21~*~*~12~40,CD,NULL," "," "," "," ","13272-7037      ",2028-03-02 00:00:00.000,2026-05-29 00:00:00.000,328.00000000,0.00000000,0.00000000,0.00000000,328.00000000
MTM2,CID-00331-01,CO-100013-21,13,52,CD~CO-100013-21~*~*~13~52,CD,NULL," "," "," "," ","14093-1268      ",2028-03-02 00:00:00.000,2026-05-29 00:00:00.000,3222.00000000,0.00000000,0.00000000,0.00000000,3222.00000000
MTM2,CID-00331-01,CO-100013-21,14,71,CD~CO-100013-21~*~*~14~71,CD,NULL," "," "," "," ","27012-0857D      ",2028-03-02 00:00:00.000,2026-05-29 00:00:00.000,565.00000000,0.00000000,0.00000000,0.00000000,565.00000000
MTM2,CID-00331-01,CO-100013-21,15,61,CD~CO-100013-21~*~*~15~61,CD,NULL," "," "," "," ","27012-0917      ",2028-03-02 00:00:00.000,2026-05-29 00:00:00.000,154.00000000,0.00000000,0.00000000,0.00000000,154.00000000
MTM2,CID-00331-01,CO-100013-21,16,79,CD~CO-100013-21~*~*~16~79,CD,NULL," "," "," "," ","27012-0922      ",2028-03-02 00:00:00.000,2026-05-29 00:00:00.000,262.00000000,0.00000000,0.00000000,0.00000000,262.00000000
MTM2,CID-00331-01,CO-100013-21,17,37,CD~CO-100013-21~*~*~17~37,CD,NULL," "," "," "," ","49103-0016      ",2028-03-02 00:00:00.000,2026-05-29 00:00:00.000,4884.00000000,0.00000000,0.00000000,0.00000000,4884.00000000
MTM2,CID-00660-03,CO-100001,4,73,CD~CO-100001~*~*~4~73,CD,NULL," "," "," "," ",1224196,2028-02-28 00:00:00.000,2026-05-29 00:00:00.000,420.00000000,0.00000000,0.00000000,0.00000000,420.00000000
MTM2,CID-00331-01,CO-100013-21,1,72,CD~CO-100013-21~*~*~1~72,CD,NULL," "," "," "," ","11057-7392      ",2028-02-24 00:00:00.000,2026-05-29 00:00:00.000,731.00000000,0.00000000,0.00000000,0.00000000,731.00000000
MTM2,CID-00331-01,CO-100013-21,2,82,CD~CO-100013-21~*~*~2~82,CD,NULL," "," "," "," ","11057-7822      ",2028-02-24 00:00:00.000,2026-05-29 00:00:00.000,25500.00000000,0.00000000,0.00000000,0.00000000,25500.00000000
MTM2,CID-00331-01,CO-100013-21,3,71,CD~CO-100013-21~*~*~3~71,CD,NULL," "," "," "," ","11057-7975      ",2028-02-24 00:00:00.000,2026-05-29 00:00:00.000,140.00000000,0.00000000,0.00000000,0.00000000,140.00000000
MTM2,CID-00331-01,CO-100013-21,4,59,CD~CO-100013-21~*~*~4~59,CD,NULL," "," "," "," ","11058-4138      ",2028-02-24 00:00:00.000,2026-05-29 00:00:00.000,380.00000000,0.00000000,0.00000000,0.00000000,380.00000000
MTM2,CID-00331-01,CO-100013-21,5,72,CD~CO-100013-21~*~*~5~72,CD,NULL," "," "," "," ","11058-7355      ",2028-02-24 00:00:00.000,2026-05-29 00:00:00.000,372.00000000,0.00000000,0.00000000,0.00000000,372.00000000
MTM2,CID-00331-01,CO-100013-21,6,55,CD~CO-100013-21~*~*~6~55,CD,NULL," "," "," "," ","11058-7782      ",2028-02-24 00:00:00.000,2026-05-29 00:00:00.000,500.00000000,0.00000000,0.00000000,0.00000000,500.00000000
MTM2,CID-00331-01,CO-100013-21,7,71,CD~CO-100013-21~*~*~7~71,CD,NULL," "," "," "," ","13042-0804      ",2028-02-24 00:00:00.000,2026-05-29 00:00:00.000,5900.00000000,0.00000000,0.00000000,0.00000000,5900.00000000
MTM2,CID-00331-01,CO-100013-21,9,23,CD~CO-100013-21~*~*~9~23,CD,NULL," "," "," "," ","13272-4000      ",2028-02-24 00:00:00.000,2026-05-29 00:00:00.000,13667.00000000,0.00000000,0.00000000,0.00000000,13667.00000000
MTM2,CID-00331-01,CO-100013-21,10,40,CD~CO-100013-21~*~*~10~40,CD,NULL," "," "," "," ","13272-4001      ",2028-02-24 00:00:00.000,2026-05-29 00:00:00.000,1752.00000000,0.00000000,0.00000000,0.00000000,1752.00000000
MTM2,CID-00331-01,CO-100013-21,13,51,CD~CO-100013-21~*~*~13~51,CD,NULL," "," "," "," ","14093-1268      ",2028-02-24 00:00:00.000,2026-05-29 00:00:00.000,6020.00000000,0.00000000,0.00000000,0.00000000,6020.00000000
MTM2,CID-00331-01,CO-100013-21,14,70,CD~CO-100013-21~*~*~14~70,CD,NULL," "," "," "," ","27012-0857D      ",2028-02-24 00:00:00.000,2026-05-29 00:00:00.000,700.00000000,0.00000000,0.00000000,0.00000000,700.00000000
MTM2,CID-00331-01,CO-100013-21,16,78,CD~CO-100013-21~*~*~16~78,CD,NULL," "," "," "," ","27012-0922      ",2028-02-24 00:00:00.000,2026-05-29 00:00:00.000,585.00000000,0.00000000,0.00000000,0.00000000,585.00000000
MTM2,CID-00331-01,CO-100013-21,18,37,CD~CO-100013-21~*~*~18~37,CD,NULL," "," "," "," ","49103-0017      ",2028-02-24 00:00:00.000,2026-05-29 00:00:00.000,6150.00000000,0.00000000,0.00000000,0.00000000,6150.00000000
MTM2,CID-00660-03,CO-100001,1,52,CD~CO-100001~*~*~1~52,CD,NULL," "," "," "," ",64503,2028-02-21 00:00:00.000,2026-05-29 00:00:00.000,100.00000000,0.00000000,0.00000000,0.00000000,100.00000000
MTM2,CID-00331-01,CO-100013-21,1,71,CD~CO-100013-21~*~*~1~71,CD,NULL," "," "," "," ","11057-7392      ",2028-02-17 00:00:00.000,2026-05-29 00:00:00.000,740.00000000,0.00000000,0.00000000,0.00000000,740.00000000
MTM2,CID-00331-01,CO-100013-21,2,81,CD~CO-100013-21~*~*~2~81,CD,NULL," "," "," "," ","11057-7822      ",2028-02-17 00:00:00.000,2026-05-29 00:00:00.000,22000.00000000,0.00000000,0.00000000,0.00000000,22000.00000000
MTM2,CID-00331-01,CO-100013-21,3,70,CD~CO-100013-21~*~*~3~70,CD,NULL," "," "," "," ","11057-7975      ",2028-02-17 00:00:00.000,2026-05-29 00:00:00.000,280.00000000,0.00000000,0.00000000,0.00000000,280.00000000
MTM2,CID-00331-01,CO-100013-21,4,58,CD~CO-100013-21~*~*~4~58,CD,NULL," "," "," "," ","11058-4138      ",2028-02-17 00:00:00.000,2026-05-29 00:00:00.000,580.00000000,0.00000000,0.00000000,0.00000000,580.00000000
MTM2,CID-00331-01,CO-100013-21,5,71,CD~CO-100013-21~*~*~5~71,CD,NULL," "," "," "," ","11058-7355      ",2028-02-17 00:00:00.000,2026-05-29 00:00:00.000,576.00000000,0.00000000,0.00000000,0.00000000,576.00000000
MTM2,CID-00331-01,CO-100013-21,6,54,CD~CO-100013-21~*~*~6~54,CD,NULL," "," "," "," ","11058-7782      ",2028-02-17 00:00:00.000,2026-05-29 00:00:00.000,500.00000000,0.00000000,0.00000000,0.00000000,500.00000000
MTM2,CID-00331-01,CO-100013-21,7,70,CD~CO-100013-21~*~*~7~70,CD,NULL," "," "," "," ","13042-0804      ",2028-02-17 00:00:00.000,2026-05-29 00:00:00.000,5900.00000000,0.00000000,0.00000000,0.00000000,5900.00000000
MTM2,CID-00331-01,CO-100013-21,8,26,CD~CO-100013-21~*~*~8~26,CD,NULL," "," "," "," ","13272-3994      ",2028-02-17 00:00:00.000,2026-05-29 00:00:00.000,18200.00000000,0.00000000,0.00000000,0.00000000,18200.00000000
MTM2,CID-00331-01,CO-100013-21,11,17,CD~CO-100013-21~*~*~11~17,CD,NULL," "," "," "," ","13272-4013      ",2028-02-17 00:00:00.000,2026-05-29 00:00:00.000,1447.00000000,0.00000000,0.00000000,0.00000000,1447.00000000
MTM2,CID-00331-01,CO-100013-21,12,39,CD~CO-100013-21~*~*~12~39,CD,NULL," "," "," "," ","13272-7037      ",2028-02-17 00:00:00.000,2026-05-29 00:00:00.000,1140.00000000,0.00000000,0.00000000,0.00000000,1140.00000000
MTM2,CID-00331-01,CO-100013-21,14,69,CD~CO-100013-21~*~*~14~69,CD,NULL," "," "," "," ","27012-0857D      ",2028-02-17 00:00:00.000,2026-05-29 00:00:00.000,800.00000000,0.00000000,0.00000000,0.00000000,800.00000000
MTM2,CID-00331-01,CO-100013-21,15,60,CD~CO-100013-21~*~*~15~60,CD,NULL," "," "," "," ","27012-0917      ",2028-02-17 00:00:00.000,2026-05-29 00:00:00.000,550.00000000,0.00000000,0.00000000,0.00000000,550.00000000
MTM2,CID-00331-01,CO-100013-21,16,77,CD~CO-100013-21~*~*~16~77,CD,NULL," "," "," "," ","27012-0922      ",2028-02-17 00:00:00.000,2026-05-29 00:00:00.000,845.00000000,0.00000000,0.00000000,0.00000000,845.00000000
MTM2,CID-00331-01,CO-100013-21,17,36,CD~CO-100013-21~*~*~17~36,CD,NULL," "," "," "," ","49103-0016      ",2028-02-17 00:00:00.000,2026-05-29 00:00:00.000,8500.00000000,0.00000000,0.00000000,0.00000000,8500.00000000
MTM2,CID-00331-01,CO-100013-21,18,36,CD~CO-100013-21~*~*~18~36,CD,NULL," "," "," "," ","49103-0017      ",2028-02-17 00:00:00.000,2026-05-29 00:00:00.000,8600.00000000,0.00000000,0.00000000,0.00000000,8600.00000000
MTM2,CID-00660-03,CO-100001,2,18,CD~CO-100001~*~*~2~18,CD,NULL," "," "," "," ",64508,2028-02-14 00:00:00.000,2026-05-29 00:00:00.000,100.00000000,0.00000000,0.00000000,0.00000000,100.00000000
MTM2,CID-00331-01,CO-100013-21,1,70,CD~CO-100013-21~*~*~1~70,CD,NULL," "," "," "," ","11057-7392      ",2028-02-10 00:00:00.000,2026-05-29 00:00:00.000,740.00000000,0.00000000,0.00000000,0.00000000,740.00000000
MTM2,CID-00331-01,CO-100013-21,2,80,CD~CO-100013-21~*~*~2~80,CD,NULL," "," "," "," ","11057-7822      ",2028-02-10 00:00:00.000,2026-05-29 00:00:00.000,22000.00000000,0.00000000,0.00000000,0.00000000,22000.00000000
MTM2,CID-00331-01,CO-100013-21,3,69,CD~CO-100013-21~*~*~3~69,CD,NULL," "," "," "," ","11057-7975      ",2028-02-10 00:00:00.000,2026-05-29 00:00:00.000,420.00000000,0.00000000,0.00000000,0.00000000,420.00000000
MTM2,CID-00331-01,CO-100013-21,4,57,CD~CO-100013-21~*~*~4~57,CD,NULL," "," "," "," ","11058-4138      ",2028-02-10 00:00:00.000,2026-05-29 00:00:00.000,560.00000000,0.00000000,0.00000000,0.00000000,560.00000000
MTM2,CID-00331-01,CO-100013-21,5,70,CD~CO-100013-21~*~*~5~70,CD,NULL," "," "," "," ","11058-7355      ",2028-02-10 00:00:00.000,2026-05-29 00:00:00.000,576.00000000,0.00000000,0.00000000,0.00000000,576.00000000
MTM2,CID-00331-01,CO-100013-21,6,53,CD~CO-100013-21~*~*~6~53,CD,NULL," "," "," "," ","11058-7782      ",2028-02-10 00:00:00.000,2026-05-29 00:00:00.000,500.00000000,0.00000000,0.00000000,0.00000000,500.00000000
MTM2,CID-00331-01,CO-100013-21,7,69,CD~CO-100013-21~*~*~7~69,CD,NULL," "," "," "," ","13042-0804      ",2028-02-10 00:00:00.000,2026-05-29 00:00:00.000,5900.00000000,0.00000000,0.00000000,0.00000000,5900.00000000
MTM2,CID-00331-01,CO-100013-21,10,39,CD~CO-100013-21~*~*~10~39,CD,NULL," "," "," "," ","13272-4001      ",2028-02-10 00:00:00.000,2026-05-29 00:00:00.000,2160.00000000,0.00000000,0.00000000,0.00000000,2160.00000000
MTM2,CID-00331-01,CO-100013-21,12,38,CD~CO-100013-21~*~*~12~38,CD,NULL," "," "," "," ","13272-7037      ",2028-02-10 00:00:00.000,2026-05-29 00:00:00.000,1140.00000000,0.00000000,0.00000000,0.00000000,1140.00000000
MTM2,CID-00331-01,CO-100013-21,13,50,CD~CO-100013-21~*~*~13~50,CD,NULL," "," "," "," ","14093-1268      ",2028-02-10 00:00:00.000,2026-05-29 00:00:00.000,6020.00000000,0.00000000,0.00000000,0.00000000,6020.00000000
MTM2,CID-00331-01,CO-100013-21,14,68,CD~CO-100013-21~*~*~14~68,CD,NULL," "," "," "," ","27012-0857D      ",2028-02-10 00:00:00.000,2026-05-29 00:00:00.000,900.00000000,0.00000000,0.00000000,0.00000000,900.00000000
MTM2,CID-00331-01,CO-100013-21,15,59,CD~CO-100013-21~*~*~15~59,CD,NULL," "," "," "," ","27012-0917      ",2028-02-10 00:00:00.000,2026-05-29 00:00:00.000,550.00000000,0.00000000,0.00000000,0.00000000,550.00000000
MTM2,CID-00331-01,CO-100013-21,16,76,CD~CO-100013-21~*~*~16~76,CD,NULL," "," "," "," ","27012-0922      ",2028-02-10 00:00:00.000,2026-05-29 00:00:00.000,845.00000000,0.00000000,0.00000000,0.00000000,845.00000000
MTM2,CID-00660-03,CO-100001,1,51,CD~CO-100001~*~*~1~51,CD,NULL," "," "," "," ",64503,2028-02-07 00:00:00.000,2026-05-29 00:00:00.000,100.00000000,0.00000000,0.00000000,0.00000000,100.00000000
MTM2,CID-00331-01,CO-100013-21,1,69,CD~CO-100013-21~*~*~1~69,CD,NULL," "," "," "," ","11057-7392      ",2028-02-03 00:00:00.000,2026-05-29 00:00:00.000,1110.00000000,0.00000000,0.00000000,0.00000000,1110.00000000
MTM2,CID-00331-01,CO-100013-21,2,79,CD~CO-100013-21~*~*~2~79,CD,NULL," "," "," "," ","11057-7822      ",2028-02-03 00:00:00.000,2026-05-29 00:00:00.000,22000.00000000,0.00000000,0.00000000,0.00000000,22000.00000000
MTM2,CID-00331-01,CO-100013-21,3,68,CD~CO-100013-21~*~*~3~68,CD,NULL," "," "," "," ","11057-7975      ",2028-02-03 00:00:00.000,2026-05-29 00:00:00.000,280.00000000,0.00000000,0.00000000,0.00000000,280.00000000
MTM2,CID-00331-01,CO-100013-21,4,56,CD~CO-100013-21~*~*~4~56,CD,NULL," "," "," "," ","11058-4138      ",2028-02-03 00:00:00.000,2026-05-29 00:00:00.000,580.00000000,0.00000000,0.00000000,0.00000000,580.00000000
MTM2,CID-00331-01,CO-100013-21,5,69,CD~CO-100013-21~*~*~5~69,CD,NULL," "," "," "," ","11058-7355      ",2028-02-03 00:00:00.000,2026-05-29 00:00:00.000,576.00000000,0.00000000,0.00000000,0.00000000,576.00000000
MTM2,CID-00331-01,CO-100013-21,6,52,CD~CO-100013-21~*~*~6~52,CD,NULL," "," "," "," ","11058-7782      ",2028-02-03 00:00:00.000,2026-05-29 00:00:00.000,750.00000000,0.00000000,0.00000000,0.00000000,750.00000000
MTM2,CID-00331-01,CO-100013-21,7,68,CD~CO-100013-21~*~*~7~68,CD,NULL," "," "," "," ","13042-0804      ",2028-02-03 00:00:00.000,2026-05-29 00:00:00.000,5900.00000000,0.00000000,0.00000000,0.00000000,5900.00000000
MTM2,CID-00331-01,CO-100013-21,13,49,CD~CO-100013-21~*~*~13~49,CD,NULL," "," "," "," ","14093-1268      ",2028-02-03 00:00:00.000,2026-05-29 00:00:00.000,6020.00000000,0.00000000,0.00000000,0.00000000,6020.00000000
MTM2,CID-00331-01,CO-100013-21,14,67,CD~CO-100013-21~*~*~14~67,CD,NULL," "," "," "," ","27012-0857D      ",2028-02-03 00:00:00.000,2026-05-29 00:00:00.000,800.00000000,0.00000000,0.00000000,0.00000000,800.00000000
MTM2,CID-00331-01,CO-100013-21,15,58,CD~CO-100013-21~*~*~15~58,CD,NULL," "," "," "," ","27012-0917      ",2028-02-03 00:00:00.000,2026-05-29 00:00:00.000,550.00000000,0.00000000,0.00000000,0.00000000,550.00000000
MTM2,CID-00331-01,CO-100013-21,16,75,CD~CO-100013-21~*~*~16~75,CD,NULL," "," "," "," ","27012-0922      ",2028-02-03 00:00:00.000,2026-05-29 00:00:00.000,845.00000000,0.00000000,0.00000000,0.00000000,845.00000000
MTM2,CID-00331-01,CO-100013-21,17,35,CD~CO-100013-21~*~*~17~35,CD,NULL," "," "," "," ","49103-0016      ",2028-02-03 00:00:00.000,2026-05-29 00:00:00.000,8500.00000000,0.00000000,0.00000000,0.00000000,8500.00000000
MTM2,CID-00331-01,CO-100013-21,1,68,CD~CO-100013-21~*~*~1~68,CD,NULL," "," "," "," ","11057-7392      ",2028-01-27 00:00:00.000,2026-05-29 00:00:00.000,740.00000000,0.00000000,0.00000000,0.00000000,740.00000000
MTM2,CID-00331-01,CO-100013-21,2,78,CD~CO-100013-21~*~*~2~78,CD,NULL," "," "," "," ","11057-7822      ",2028-01-27 00:00:00.000,2026-05-29 00:00:00.000,22000.00000000,0.00000000,0.00000000,0.00000000,22000.00000000
MTM2,CID-00331-01,CO-100013-21,3,67,CD~CO-100013-21~*~*~3~67,CD,NULL," "," "," "," ","11057-7975      ",2028-01-27 00:00:00.000,2026-05-29 00:00:00.000,280.00000000,0.00000000,0.00000000,0.00000000,280.00000000
MTM2,CID-00331-01,CO-100013-21,4,55,CD~CO-100013-21~*~*~4~55,CD,NULL," "," "," "," ","11058-4138      ",2028-01-27 00:00:00.000,2026-05-29 00:00:00.000,580.00000000,0.00000000,0.00000000,0.00000000,580.00000000
MTM2,CID-00331-01,CO-100013-21,5,68,CD~CO-100013-21~*~*~5~68,CD,NULL," "," "," "," ","11058-7355      ",2028-01-27 00:00:00.000,2026-05-29 00:00:00.000,576.00000000,0.00000000,0.00000000,0.00000000,576.00000000
MTM2,CID-00331-01,CO-100013-21,6,51,CD~CO-100013-21~*~*~6~51,CD,NULL," "," "," "," ","11058-7782      ",2028-01-27 00:00:00.000,2026-05-29 00:00:00.000,500.00000000,0.00000000,0.00000000,0.00000000,500.00000000
MTM2,CID-00331-01,CO-100013-21,7,67,CD~CO-100013-21~*~*~7~67,CD,NULL," "," "," "," ","13042-0804      ",2028-01-27 00:00:00.000,2026-05-29 00:00:00.000,5900.00000000,0.00000000,0.00000000,0.00000000,5900.00000000
MTM2,CID-00331-01,CO-100013-21,8,25,CD~CO-100013-21~*~*~8~25,CD,NULL," "," "," "," ","13272-3994      ",2028-01-27 00:00:00.000,2026-05-29 00:00:00.000,18200.00000000,0.00000000,0.00000000,0.00000000,18200.00000000
MTM2,CID-00331-01,CO-100013-21,9,22,CD~CO-100013-21~*~*~9~22,CD,NULL," "," "," "," ","13272-4000      ",2028-01-27 00:00:00.000,2026-05-29 00:00:00.000,19040.00000000,0.00000000,0.00000000,0.00000000,19040.00000000
MTM2,CID-00331-01,CO-100013-21,10,38,CD~CO-100013-21~*~*~10~38,CD,NULL," "," "," "," ","13272-4001      ",2028-01-27 00:00:00.000,2026-05-29 00:00:00.000,2160.00000000,0.00000000,0.00000000,0.00000000,2160.00000000
MTM2,CID-00331-01,CO-100013-21,12,37,CD~CO-100013-21~*~*~12~37,CD,NULL," "," "," "," ","13272-7037      ",2028-01-27 00:00:00.000,2026-05-29 00:00:00.000,1140.00000000,0.00000000,0.00000000,0.00000000,1140.00000000
MTM2,CID-00331-01,CO-100013-21,14,66,CD~CO-100013-21~*~*~14~66,CD,NULL," "," "," "," ","27012-0857D      ",2028-01-27 00:00:00.000,2026-05-29 00:00:00.000,900.00000000,0.00000000,0.00000000,0.00000000,900.00000000
MTM2,CID-00331-01,CO-100013-21,15,57,CD~CO-100013-21~*~*~15~57,CD,NULL," "," "," "," ","27012-0917      ",2028-01-27 00:00:00.000,2026-05-29 00:00:00.000,550.00000000,0.00000000,0.00000000,0.00000000,550.00000000
MTM2,CID-00331-01,CO-100013-21,16,74,CD~CO-100013-21~*~*~16~74,CD,NULL," "," "," "," ","27012-0922      ",2028-01-27 00:00:00.000,2026-05-29 00:00:00.000,845.00000000,0.00000000,0.00000000,0.00000000,845.00000000
MTM2,CID-00331-01,CO-100013-21,18,35,CD~CO-100013-21~*~*~18~35,CD,NULL," "," "," "," ","49103-0017      ",2028-01-27 00:00:00.000,2026-05-29 00:00:00.000,8600.00000000,0.00000000,0.00000000,0.00000000,8600.00000000
MTM2,CID-00331-01,CO-100013-21,19,13,CD~CO-100013-21~*~*~19~13,CD,NULL," "," "," "," ","92026-0921      ",2028-01-27 00:00:00.000,2026-05-29 00:00:00.000,11124.00000000,0.00000000,0.00000000,0.00000000,11124.00000000
MTM2,CID-00331-01,CO-100013-21,1,67,CD~CO-100013-21~*~*~1~67,CD,NULL," "," "," "," ","11057-7392      ",2028-01-20 00:00:00.000,2026-05-29 00:00:00.000,740.00000000,0.00000000,0.00000000,0.00000000,740.00000000
MTM2,CID-00331-01,CO-100013-21,2,77,CD~CO-100013-21~*~*~2~77,CD,NULL," "," "," "," ","11057-7822      ",2028-01-20 00:00:00.000,2026-05-29 00:00:00.000,22000.00000000,0.00000000,0.00000000,0.00000000,22000.00000000
MTM2,CID-00331-01,CO-100013-21,3,66,CD~CO-100013-21~*~*~3~66,CD,NULL," "," "," "," ","11057-7975      ",2028-01-20 00:00:00.000,2026-05-29 00:00:00.000,280.00000000,0.00000000,0.00000000,0.00000000,280.00000000
MTM2,CID-00331-01,CO-100013-21,4,54,CD~CO-100013-21~*~*~4~54,CD,NULL," "," "," "," ","11058-4138      ",2028-01-20 00:00:00.000,2026-05-29 00:00:00.000,500.00000000,0.00000000,0.00000000,0.00000000,500.00000000
MTM2,CID-00331-01,CO-100013-21,5,67,CD~CO-100013-21~*~*~5~67,CD,NULL," "," "," "," ","11058-7355      ",2028-01-20 00:00:00.000,2026-05-29 00:00:00.000,504.00000000,0.00000000,0.00000000,0.00000000,504.00000000
MTM2,CID-00331-01,CO-100013-21,6,50,CD~CO-100013-21~*~*~6~50,CD,NULL," "," "," "," ","11058-7782      ",2028-01-20 00:00:00.000,2026-05-29 00:00:00.000,500.00000000,0.00000000,0.00000000,0.00000000,500.00000000
MTM2,CID-00331-01,CO-100013-21,7,66,CD~CO-100013-21~*~*~7~66,CD,NULL," "," "," "," ","13042-0804      ",2028-01-20 00:00:00.000,2026-05-29 00:00:00.000,5900.00000000,0.00000000,0.00000000,0.00000000,5900.00000000
MTM2,CID-00331-01,CO-100013-21,11,16,CD~CO-100013-21~*~*~11~16,CD,NULL," "," "," "," ","13272-4013      ",2028-01-20 00:00:00.000,2026-05-29 00:00:00.000,1800.00000000,0.00000000,0.00000000,0.00000000,1800.00000000
MTM2,CID-00331-01,CO-100013-21,12,36,CD~CO-100013-21~*~*~12~36,CD,NULL," "," "," "," ","13272-7037      ",2028-01-20 00:00:00.000,2026-05-29 00:00:00.000,1140.00000000,0.00000000,0.00000000,0.00000000,1140.00000000
MTM2,CID-00331-01,CO-100013-21,13,48,CD~CO-100013-21~*~*~13~48,CD,NULL," "," "," "," ","14093-1268      ",2028-01-20 00:00:00.000,2026-05-29 00:00:00.000,6020.00000000,0.00000000,0.00000000,0.00000000,6020.00000000
MTM2,CID-00331-01,CO-100013-21,14,65,CD~CO-100013-21~*~*~14~65,CD,NULL," "," "," "," ","27012-0857D      ",2028-01-20 00:00:00.000,2026-05-29 00:00:00.000,800.00000000,0.00000000,0.00000000,0.00000000,800.00000000
MTM2,CID-00331-01,CO-100013-21,15,56,CD~CO-100013-21~*~*~15~56,CD,NULL," "," "," "," ","27012-0917      ",2028-01-20 00:00:00.000,2026-05-29 00:00:00.000,550.00000000,0.00000000,0.00000000,0.00000000,550.00000000
MTM2,CID-00331-01,CO-100013-21,16,73,CD~CO-100013-21~*~*~16~73,CD,NULL," "," "," "," ","27012-0922      ",2028-01-20 00:00:00.000,2026-05-29 00:00:00.000,585.00000000,0.00000000,0.00000000,0.00000000,585.00000000
MTM2,CID-00331-01,CO-100013-21,17,34,CD~CO-100013-21~*~*~17~34,CD,NULL," "," "," "," ","49103-0016      ",2028-01-20 00:00:00.000,2026-05-29 00:00:00.000,8500.00000000,0.00000000,0.00000000,0.00000000,8500.00000000
MTM2,CID-00660-03,CO-100001,1,50,CD~CO-100001~*~*~1~50,CD,NULL," "," "," "," ",64503,2028-01-17 00:00:00.000,2026-05-29 00:00:00.000,100.00000000,0.00000000,0.00000000,0.00000000,100.00000000
MTM2,CID-00660-03,CO-100001,4,72,CD~CO-100001~*~*~4~72,CD,NULL," "," "," "," ",1224196,2028-01-17 00:00:00.000,2026-05-29 00:00:00.000,420.00000000,0.00000000,0.00000000,0.00000000,420.00000000
MTM2,CID-00331-01,CO-100013-21,2,76,CD~CO-100013-21~*~*~2~76,CD,NULL," "," "," "," ","11057-7822      ",2028-01-13 00:00:00.000,2026-05-29 00:00:00.000,22000.00000000,0.00000000,0.00000000,0.00000000,22000.00000000
MTM2,CID-00331-01,CO-100013-21,3,65,CD~CO-100013-21~*~*~3~65,CD,NULL," "," "," "," ","11057-7975      ",2028-01-13 00:00:00.000,2026-05-29 00:00:00.000,280.00000000,0.00000000,0.00000000,0.00000000,280.00000000
MTM2,CID-00331-01,CO-100013-21,4,53,CD~CO-100013-21~*~*~4~53,CD,NULL," "," "," "," ","11058-4138      ",2028-01-13 00:00:00.000,2026-05-29 00:00:00.000,520.00000000,0.00000000,0.00000000,0.00000000,520.00000000
MTM2,CID-00331-01,CO-100013-21,5,66,CD~CO-100013-21~*~*~5~66,CD,NULL," "," "," "," ","11058-7355      ",2028-01-13 00:00:00.000,2026-05-29 00:00:00.000,504.00000000,0.00000000,0.00000000,0.00000000,504.00000000
MTM2,CID-00331-01,CO-100013-21,6,49,CD~CO-100013-21~*~*~6~49,CD,NULL," "," "," "," ","11058-7782      ",2028-01-13 00:00:00.000,2026-05-29 00:00:00.000,500.00000000,0.00000000,0.00000000,0.00000000,500.00000000
MTM2,CID-00331-01,CO-100013-21,7,65,CD~CO-100013-21~*~*~7~65,CD,NULL," "," "," "," ","13042-0804      ",2028-01-13 00:00:00.000,2026-05-29 00:00:00.000,5900.00000000,0.00000000,0.00000000,0.00000000,5900.00000000
MTM2,CID-00331-01,CO-100013-21,10,37,CD~CO-100013-21~*~*~10~37,CD,NULL," "," "," "," ","13272-4001      ",2028-01-13 00:00:00.000,2026-05-29 00:00:00.000,2160.00000000,0.00000000,0.00000000,0.00000000,2160.00000000
MTM2,CID-00331-01,CO-100013-21,13,47,CD~CO-100013-21~*~*~13~47,CD,NULL," "," "," "," ","14093-1268      ",2028-01-13 00:00:00.000,2026-05-29 00:00:00.000,6020.00000000,0.00000000,0.00000000,0.00000000,6020.00000000
MTM2,CID-00331-01,CO-100013-21,14,64,CD~CO-100013-21~*~*~14~64,CD,NULL," "," "," "," ","27012-0857D      ",2028-01-13 00:00:00.000,2026-05-29 00:00:00.000,800.00000000,0.00000000,0.00000000,0.00000000,800.00000000
MTM2,CID-00331-01,CO-100013-21,15,55,CD~CO-100013-21~*~*~15~55,CD,NULL," "," "," "," ","27012-0917      ",2028-01-13 00:00:00.000,2026-05-29 00:00:00.000,550.00000000,0.00000000,0.00000000,0.00000000,550.00000000
MTM2,CID-00331-01,CO-100013-21,18,34,CD~CO-100013-21~*~*~18~34,CD,NULL," "," "," "," ","49103-0017      ",2028-01-13 00:00:00.000,2026-05-29 00:00:00.000,8600.00000000,0.00000000,0.00000000,0.00000000,8600.00000000
MTM2,CID-00022-03,CO-100018-22,14,12,CD~CO-100018-22~*~*~14~12,CD,NULL," "," "," "," ",UC39605,2028-01-13 00:00:00.000,2026-05-29 00:00:00.000,2.00000000,0.00000000,0.00000000,0.00000000,2.00000000
MTM2,CID-00660-03,CO-100001,2,17,CD~CO-100001~*~*~2~17,CD,NULL," "," "," "," ",64508,2028-01-10 00:00:00.000,2026-05-29 00:00:00.000,100.00000000,0.00000000,0.00000000,0.00000000,100.00000000
MTM2,CID-00331-01,CO-100013-21,2,75,CD~CO-100013-21~*~*~2~75,CD,NULL," "," "," "," ","11057-7822      ",2028-01-06 00:00:00.000,2026-05-29 00:00:00.000,18500.00000000,0.00000000,0.00000000,0.00000000,18500.00000000
MTM2,CID-00331-01,CO-100013-21,3,64,CD~CO-100013-21~*~*~3~64,CD,NULL," "," "," "," ","11057-7975      ",2028-01-06 00:00:00.000,2026-05-29 00:00:00.000,280.00000000,0.00000000,0.00000000,0.00000000,280.00000000
MTM2,CID-00331-01,CO-100013-21,4,52,CD~CO-100013-21~*~*~4~52,CD,NULL," "," "," "," ","11058-4138      ",2028-01-06 00:00:00.000,2026-05-29 00:00:00.000,500.00000000,0.00000000,0.00000000,0.00000000,500.00000000
MTM2,CID-00331-01,CO-100013-21,5,65,CD~CO-100013-21~*~*~5~65,CD,NULL," "," "," "," ","11058-7355      ",2028-01-06 00:00:00.000,2026-05-29 00:00:00.000,504.00000000,0.00000000,0.00000000,0.00000000,504.00000000
MTM2,CID-00331-01,CO-100013-21,6,48,CD~CO-100013-21~*~*~6~48,CD,NULL," "," "," "," ","11058-7782      ",2028-01-06 00:00:00.000,2026-05-29 00:00:00.000,500.00000000,0.00000000,0.00000000,0.00000000,500.00000000
MTM2,CID-00331-01,CO-100013-21,7,64,CD~CO-100013-21~*~*~7~64,CD,NULL," "," "," "," ","13042-0804      ",2028-01-06 00:00:00.000,2026-05-29 00:00:00.000,5900.00000000,0.00000000,0.00000000,0.00000000,5900.00000000
MTM2,CID-00331-01,CO-100013-21,8,24,CD~CO-100013-21~*~*~8~24,CD,NULL," "," "," "," ","13272-3994      ",2028-01-06 00:00:00.000,2026-05-29 00:00:00.000,18200.00000000,0.00000000,0.00000000,0.00000000,18200.00000000
MTM2,CID-00331-01,CO-100013-21,9,21,CD~CO-100013-21~*~*~9~21,CD,NULL," "," "," "," ","13272-4000      ",2028-01-06 00:00:00.000,2026-05-29 00:00:00.000,19040.00000000,0.00000000,0.00000000,0.00000000,19040.00000000
MTM2,CID-00331-01,CO-100013-21,14,63,CD~CO-100013-21~*~*~14~63,CD,NULL," "," "," "," ","27012-0857D      ",2028-01-06 00:00:00.000,2026-05-29 00:00:00.000,800.00000000,0.00000000,0.00000000,0.00000000,800.00000000
MTM2,CID-00331-01,CO-100013-21,15,54,CD~CO-100013-21~*~*~15~54,CD,NULL," "," "," "," ","27012-0917      ",2028-01-06 00:00:00.000,2026-05-29 00:00:00.000,550.00000000,0.00000000,0.00000000,0.00000000,550.00000000
MTM2,CID-00022-03,CO-100018-22,8,50,CD~CO-100018-22~*~*~8~50,CD,NULL," "," "," "," ",HXE186089HX1,2028-01-06 00:00:00.000,2026-05-29 00:00:00.000,720.00000000,0.00000000,0.00000000,0.00000000,720.00000000
MTM2,CID-00660-03,CO-100001,1,49,CD~CO-100001~*~*~1~49,CD,NULL," "," "," "," ",64503,2028-01-03 00:00:00.000,2026-05-29 00:00:00.000,100.00000000,0.00000000,0.00000000,0.00000000,100.00000000
MTM2,CID-00660-03,CO-100001,4,71,CD~CO-100001~*~*~4~71,CD,NULL," "," "," "," ",1224196,2028-01-03 00:00:00.000,2026-05-29 00:00:00.000,180.00000000,0.00000000,0.00000000,0.00000000,180.00000000
MTM2,CID-00331-01,CO-100013-21,2,74,CD~CO-100013-21~*~*~2~74,CD,NULL," "," "," "," ","11057-7822      ",2027-12-30 00:00:00.000,2026-05-29 00:00:00.000,15000.00000000,0.00000000,0.00000000,0.00000000,15000.00000000
MTM2,CID-00331-01,CO-100013-21,3,63,CD~CO-100013-21~*~*~3~63,CD,NULL," "," "," "," ","11057-7975      ",2027-12-30 00:00:00.000,2026-05-29 00:00:00.000,280.00000000,0.00000000,0.00000000,0.00000000,280.00000000
MTM2,CID-00331-01,CO-100013-21,4,51,CD~CO-100013-21~*~*~4~51,CD,NULL," "," "," "," ","11058-4138      ",2027-12-30 00:00:00.000,2026-05-29 00:00:00.000,500.00000000,0.00000000,0.00000000,0.00000000,500.00000000
MTM2,CID-00331-01,CO-100013-21,5,64,CD~CO-100013-21~*~*~5~64,CD,NULL," "," "," "," ","11058-7355      ",2027-12-30 00:00:00.000,2026-05-29 00:00:00.000,504.00000000,0.00000000,0.00000000,0.00000000,504.00000000
MTM2,CID-00331-01,CO-100013-21,6,47,CD~CO-100013-21~*~*~6~47,CD,NULL," "," "," "," ","11058-7782      ",2027-12-30 00:00:00.000,2026-05-29 00:00:00.000,500.00000000,0.00000000,0.00000000,0.00000000,500.00000000
MTM2,CID-00331-01,CO-100013-21,7,63,CD~CO-100013-21~*~*~7~63,CD,NULL," "," "," "," ","13042-0804      ",2027-12-30 00:00:00.000,2026-05-29 00:00:00.000,5900.00000000,0.00000000,0.00000000,0.00000000,5900.00000000
MTM2,CID-00331-01,CO-100013-21,10,36,CD~CO-100013-21~*~*~10~36,CD,NULL," "," "," "," ","13272-4001      ",2027-12-30 00:00:00.000,2026-05-29 00:00:00.000,2160.00000000,0.00000000,0.00000000,0.00000000,2160.00000000
MTM2,CID-00331-01,CO-100013-21,11,15,CD~CO-100013-21~*~*~11~15,CD,NULL," "," "," "," ","13272-4013      ",2027-12-30 00:00:00.000,2026-05-29 00:00:00.000,1800.00000000,0.00000000,0.00000000,0.00000000,1800.00000000
MTM2,CID-00331-01,CO-100013-21,13,46,CD~CO-100013-21~*~*~13~46,CD,NULL," "," "," "," ","14093-1268      ",2027-12-30 00:00:00.000,2026-05-29 00:00:00.000,6020.00000000,0.00000000,0.00000000,0.00000000,6020.00000000
MTM2,CID-00331-01,CO-100013-21,14,62,CD~CO-100013-21~*~*~14~62,CD,NULL," "," "," "," ","27012-0857D      ",2027-12-30 00:00:00.000,2026-05-29 00:00:00.000,800.00000000,0.00000000,0.00000000,0.00000000,800.00000000
MTM2,CID-00331-01,CO-100013-21,15,53,CD~CO-100013-21~*~*~15~53,CD,NULL," "," "," "," ","27012-0917      ",2027-12-30 00:00:00.000,2026-05-29 00:00:00.000,550.00000000,0.00000000,0.00000000,0.00000000,550.00000000
MTM2,CID-00331-01,CO-100013-21,17,33,CD~CO-100013-21~*~*~17~33,CD,NULL," "," "," "," ","49103-0016      ",2027-12-30 00:00:00.000,2026-05-29 00:00:00.000,8500.00000000,0.00000000,0.00000000,0.00000000,8500.00000000
MTM2,CID-00331-01,CO-100013-21,18,33,CD~CO-100013-21~*~*~18~33,CD,NULL," "," "," "," ","49103-0017      ",2027-12-30 00:00:00.000,2026-05-29 00:00:00.000,8600.00000000,0.00000000,0.00000000,0.00000000,8600.00000000
MTM2,CID-00022-03,CO-100018-22,9,35,CD~CO-100018-22~*~*~9~35,CD,NULL," "," "," "," ",M88984MX1,2027-12-28 00:00:00.000,2026-05-29 00:00:00.000,200.00000000,0.00000000,0.00000000,0.00000000,200.00000000
MTM2,CID-00347-01,CO-087118,1,365,CD~CO-087118~*~*~1~365,CD,NULL," "," "," "," ",1112.301.060,2027-12-27 00:00:00.000,2026-05-29 00:00:00.000,450.00000000,0.00000000,0.00000000,0.00000000,450.00000000
MTM2,CID-00022-03,CO-100018-22,17,6,CD~CO-100018-22~*~*~17~6,CD,NULL," "," "," "," ",VGA12058,2027-12-24 00:00:00.000,2026-05-29 00:00:00.000,25.00000000,0.00000000,0.00000000,0.00000000,25.00000000
MTM2,CID-00022-03,CO-100018-22,8,49,CD~CO-100018-22~*~*~8~49,CD,NULL," "," "," "," ",HXE186089HX1,2027-12-23 00:00:00.000,2026-05-29 00:00:00.000,720.00000000,0.00000000,0.00000000,0.00000000,720.00000000
MTM2,CID-00022-03,CO-100018-22,13,123,CD~CO-100018-22~*~*~13~123,CD,NULL," "," "," "," ",TA32318,2027-12-21 00:00:00.000,2026-05-29 00:00:00.000,240.00000000,0.00000000,0.00000000,0.00000000,240.00000000
MTM2,CID-00347-01,CO-087118,1,364,CD~CO-087118~*~*~1~364,CD,NULL," "," "," "," ",1112.301.060,2027-12-20 00:00:00.000,2026-05-29 00:00:00.000,450.00000000,0.00000000,0.00000000,0.00000000,450.00000000
MTM2,CID-00660-03,CO-100001,1,48,CD~CO-100001~*~*~1~48,CD,NULL," "," "," "," ",64503,2027-12-20 00:00:00.000,2026-05-29 00:00:00.000,100.00000000,0.00000000,0.00000000,0.00000000,100.00000000
MTM2,CID-00660-03,CO-100001,4,70,CD~CO-100001~*~*~4~70,CD,NULL," "," "," "," ",1224196,2027-12-20 00:00:00.000,2026-05-29 00:00:00.000,120.00000000,0.00000000,0.00000000,0.00000000,120.00000000
MTM2,CID-00331-01,CO-100013-21,2,73,CD~CO-100013-21~*~*~2~73,CD,NULL," "," "," "," ","11057-7822      ",2027-12-16 00:00:00.000,2026-05-29 00:00:00.000,15000.00000000,0.00000000,0.00000000,0.00000000,15000.00000000
MTM2,CID-00331-01,CO-100013-21,3,62,CD~CO-100013-21~*~*~3~62,CD,NULL," "," "," "," ","11057-7975      ",2027-12-16 00:00:00.000,2026-05-29 00:00:00.000,280.00000000,0.00000000,0.00000000,0.00000000,280.00000000
MTM2,CID-00331-01,CO-100013-21,4,50,CD~CO-100013-21~*~*~4~50,CD,NULL," "," "," "," ","11058-4138      ",2027-12-16 00:00:00.000,2026-05-29 00:00:00.000,480.00000000,0.00000000,0.00000000,0.00000000,480.00000000
MTM2,CID-00331-01,CO-100013-21,5,63,CD~CO-100013-21~*~*~5~63,CD,NULL," "," "," "," ","11058-7355      ",2027-12-16 00:00:00.000,2026-05-29 00:00:00.000,480.00000000,0.00000000,0.00000000,0.00000000,480.00000000
MTM2,CID-00331-01,CO-100013-21,6,46,CD~CO-100013-21~*~*~6~46,CD,NULL," "," "," "," ","11058-7782      ",2027-12-16 00:00:00.000,2026-05-29 00:00:00.000,500.00000000,0.00000000,0.00000000,0.00000000,500.00000000
MTM2,CID-00331-01,CO-100013-21,7,62,CD~CO-100013-21~*~*~7~62,CD,NULL," "," "," "," ","13042-0804      ",2027-12-16 00:00:00.000,2026-05-29 00:00:00.000,5900.00000000,0.00000000,0.00000000,0.00000000,5900.00000000
MTM2,CID-00331-01,CO-100013-21,14,61,CD~CO-100013-21~*~*~14~61,CD,NULL," "," "," "," ","27012-0857D      ",2027-12-16 00:00:00.000,2026-05-29 00:00:00.000,800.00000000,0.00000000,0.00000000,0.00000000,800.00000000
MTM2,CID-00331-01,CO-100013-21,15,52,CD~CO-100013-21~*~*~15~52,CD,NULL," "," "," "," ","27012-0917      ",2027-12-16 00:00:00.000,2026-05-29 00:00:00.000,550.00000000,0.00000000,0.00000000,0.00000000,550.00000000
MTM2,CID-00022-03,CO-100018-22,8,48,CD~CO-100018-22~*~*~8~48,CD,NULL," "," "," "," ",HXE186089HX1,2027-12-16 00:00:00.000,2026-05-29 00:00:00.000,720.00000000,0.00000000,0.00000000,0.00000000,720.00000000
MTM2,CID-00022-03,CO-100018-22,12,123,CD~CO-100018-22~*~*~12~123,CD,NULL," "," "," "," ",TA32317,2027-12-16 00:00:00.000,2026-05-29 00:00:00.000,240.00000000,0.00000000,0.00000000,0.00000000,240.00000000
MTM2,CID-00022-03,CO-100018-22,3,63,CD~CO-100018-22~*~*~3~63,CD,NULL," "," "," "," ",AKK54380,2027-12-14 00:00:00.000,2026-05-29 00:00:00.000,10.00000000,0.00000000,0.00000000,0.00000000,10.00000000
MTM2,CID-00660-03,CO-100001,4,69,CD~CO-100001~*~*~4~69,CD,NULL," "," "," "," ",1224196,2027-12-13 00:00:00.000,2026-05-29 00:00:00.000,120.00000000,0.00000000,0.00000000,0.00000000,120.00000000
MTM2,CID-00022-03,CO-100018-22,12,122,CD~CO-100018-22~*~*~12~122,CD,NULL," "," "," "," ",TA32317,2027-12-13 00:00:00.000,2026-05-29 00:00:00.000,240.00000000,0.00000000,0.00000000,0.00000000,240.00000000
MTM2,CID-00022-03,CO-100018-22,13,122,CD~CO-100018-22~*~*~13~122,CD,NULL," "," "," "," ",TA32318,2027-12-13 00:00:00.000,2026-05-29 00:00:00.000,240.00000000,0.00000000,0.00000000,0.00000000,240.00000000
MTM2,CID-00331-01,CO-100013-21,2,72,CD~CO-100013-21~*~*~2~72,CD,NULL," "," "," "," ","11057-7822      ",2027-12-09 00:00:00.000,2026-05-29 00:00:00.000,30000.00000000,0.00000000,0.00000000,0.00000000,30000.00000000
MTM2,CID-00331-01,CO-100013-21,3,61,CD~CO-100013-21~*~*~3~61,CD,NULL," "," "," "," ","11057-7975      ",2027-12-09 00:00:00.000,2026-05-29 00:00:00.000,280.00000000,0.00000000,0.00000000,0.00000000,280.00000000
MTM2,CID-00331-01,CO-100013-21,4,49,CD~CO-100013-21~*~*~4~49,CD,NULL," "," "," "," ","11058-4138      ",2027-12-09 00:00:00.000,2026-05-29 00:00:00.000,460.00000000,0.00000000,0.00000000,0.00000000,460.00000000
MTM2,CID-00331-01,CO-100013-21,5,62,CD~CO-100013-21~*~*~5~62,CD,NULL," "," "," "," ","11058-7355      ",2027-12-09 00:00:00.000,2026-05-29 00:00:00.000,468.00000000,0.00000000,0.00000000,0.00000000,468.00000000
MTM2,CID-00331-01,CO-100013-21,6,45,CD~CO-100013-21~*~*~6~45,CD,NULL," "," "," "," ","11058-7782      ",2027-12-09 00:00:00.000,2026-05-29 00:00:00.000,500.00000000,0.00000000,0.00000000,0.00000000,500.00000000
MTM2,CID-00331-01,CO-100013-21,7,61,CD~CO-100013-21~*~*~7~61,CD,NULL," "," "," "," ","13042-0804      ",2027-12-09 00:00:00.000,2026-05-29 00:00:00.000,5900.00000000,0.00000000,0.00000000,0.00000000,5900.00000000
MTM2,CID-00331-01,CO-100013-21,10,35,CD~CO-100013-21~*~*~10~35,CD,NULL," "," "," "," ","13272-4001      ",2027-12-09 00:00:00.000,2026-05-29 00:00:00.000,2160.00000000,0.00000000,0.00000000,0.00000000,2160.00000000
MTM2,CID-00331-01,CO-100013-21,13,45,CD~CO-100013-21~*~*~13~45,CD,NULL," "," "," "," ","14093-1268      ",2027-12-09 00:00:00.000,2026-05-29 00:00:00.000,6020.00000000,0.00000000,0.00000000,0.00000000,6020.00000000
MTM2,CID-00331-01,CO-100013-21,14,60,CD~CO-100013-21~*~*~14~60,CD,NULL," "," "," "," ","27012-0857D      ",2027-12-09 00:00:00.000,2026-05-29 00:00:00.000,700.00000000,0.00000000,0.00000000,0.00000000,700.00000000
MTM2,CID-00331-01,CO-100013-21,15,51,CD~CO-100013-21~*~*~15~51,CD,NULL," "," "," "," ","27012-0917      ",2027-12-09 00:00:00.000,2026-05-29 00:00:00.000,550.00000000,0.00000000,0.00000000,0.00000000,550.00000000
MTM2,CID-00331-01,CO-100013-21,17,32,CD~CO-100013-21~*~*~17~32,CD,NULL," "," "," "," ","49103-0016      ",2027-12-09 00:00:00.000,2026-05-29 00:00:00.000,8500.00000000,0.00000000,0.00000000,0.00000000,8500.00000000
MTM2,CID-00331-01,CO-100025-21,7,75,CD~CO-100025-21~*~*~7~75,CD,NULL," "," "," "," ","49103-0016      ",2027-12-09 00:00:00.000,2026-05-29 00:00:00.000,2902.00000000,0.00000000,0.00000000,0.00000000,2902.00000000
MTM2,CID-00022-03,CO-100018-22,13,121,CD~CO-100018-22~*~*~13~121,CD,NULL," "," "," "," ",TA32318,2027-12-07 00:00:00.000,2026-05-29 00:00:00.000,240.00000000,0.00000000,0.00000000,0.00000000,240.00000000
MTM2,CID-00347-01,CO-087118,1,363,CD~CO-087118~*~*~1~363,CD,NULL," "," "," "," ",1112.301.060,2027-12-06 00:00:00.000,2026-05-29 00:00:00.000,450.00000000,0.00000000,0.00000000,0.00000000,450.00000000
MTM2,CID-00660-03,CO-100001,1,47,CD~CO-100001~*~*~1~47,CD,NULL," "," "," "," ",64503,2027-12-06 00:00:00.000,2026-05-29 00:00:00.000,100.00000000,0.00000000,0.00000000,0.00000000,100.00000000
MTM2,CID-00660-03,CO-100001,4,68,CD~CO-100001~*~*~4~68,CD,NULL," "," "," "," ",1224196,2027-12-06 00:00:00.000,2026-05-29 00:00:00.000,60.00000000,0.00000000,0.00000000,0.00000000,60.00000000
MTM2,CID-00022-03,CO-100018-22,8,47,CD~CO-100018-22~*~*~8~47,CD,NULL," "," "," "," ",HXE186089HX1,2027-12-06 00:00:00.000,2026-05-29 00:00:00.000,720.00000000,0.00000000,0.00000000,0.00000000,720.00000000
MTM2,CID-00022-03,CO-100018-22,12,121,CD~CO-100018-22~*~*~12~121,CD,NULL," "," "," "," ",TA32317,2027-12-06 00:00:00.000,2026-05-29 00:00:00.000,240.00000000,0.00000000,0.00000000,0.00000000,240.00000000
MTM2,CID-00022-03,CO-100018-22,2,66,CD~CO-100018-22~*~*~2~66,CD,NULL," "," "," "," ",AKK46582,2027-12-03 00:00:00.000,2026-05-29 00:00:00.000,24.00000000,0.00000000,0.00000000,0.00000000,24.00000000
MTM2,CID-00022-03,CO-100018-22,4,61,CD~CO-100018-22~*~*~4~61,CD,NULL," "," "," "," ",AKK57447,2027-12-03 00:00:00.000,2026-05-29 00:00:00.000,30.00000000,0.00000000,0.00000000,0.00000000,30.00000000
MTM2,CID-00331-01,CO-100013-21,2,71,CD~CO-100013-21~*~*~2~71,CD,NULL," "," "," "," ","11057-7822      ",2027-12-02 00:00:00.000,2026-05-29 00:00:00.000,18500.00000000,0.00000000,0.00000000,0.00000000,18500.00000000
MTM2,CID-00331-01,CO-100013-21,3,60,CD~CO-100013-21~*~*~3~60,CD,NULL," "," "," "," ","11057-7975      ",2027-12-02 00:00:00.000,2026-05-29 00:00:00.000,280.00000000,0.00000000,0.00000000,0.00000000,280.00000000
MTM2,CID-00331-01,CO-100013-21,4,48,CD~CO-100013-21~*~*~4~48,CD,NULL," "," "," "," ","11058-4138      ",2027-12-02 00:00:00.000,2026-05-29 00:00:00.000,480.00000000,0.00000000,0.00000000,0.00000000,480.00000000
MTM2,CID-00331-01,CO-100013-21,5,61,CD~CO-100013-21~*~*~5~61,CD,NULL," "," "," "," ","11058-7355      ",2027-12-02 00:00:00.000,2026-05-29 00:00:00.000,360.00000000,0.00000000,0.00000000,0.00000000,360.00000000
MTM2,CID-00331-01,CO-100013-21,6,44,CD~CO-100013-21~*~*~6~44,CD,NULL," "," "," "," ","11058-7782      ",2027-12-02 00:00:00.000,2026-05-29 00:00:00.000,500.00000000,0.00000000,0.00000000,0.00000000,500.00000000
MTM2,CID-00331-01,CO-100013-21,7,60,CD~CO-100013-21~*~*~7~60,CD,NULL," "," "," "," ","13042-0804      ",2027-12-02 00:00:00.000,2026-05-29 00:00:00.000,5900.00000000,0.00000000,0.00000000,0.00000000,5900.00000000
MTM2,CID-00331-01,CO-100013-21,8,23,CD~CO-100013-21~*~*~8~23,CD,NULL," "," "," "," ","13272-3994      ",2027-12-02 00:00:00.000,2026-05-29 00:00:00.000,18200.00000000,0.00000000,0.00000000,0.00000000,18200.00000000
MTM2,CID-00331-01,CO-100013-21,9,20,CD~CO-100013-21~*~*~9~20,CD,NULL," "," "," "," ","13272-4000      ",2027-12-02 00:00:00.000,2026-05-29 00:00:00.000,19040.00000000,0.00000000,0.00000000,0.00000000,19040.00000000
MTM2,CID-00331-01,CO-100013-21,13,44,CD~CO-100013-21~*~*~13~44,CD,NULL," "," "," "," ","14093-1268      ",2027-12-02 00:00:00.000,2026-05-29 00:00:00.000,6020.00000000,0.00000000,0.00000000,0.00000000,6020.00000000
MTM2,CID-00331-01,CO-100013-21,14,59,CD~CO-100013-21~*~*~14~59,CD,NULL," "," "," "," ","27012-0857D      ",2027-12-02 00:00:00.000,2026-05-29 00:00:00.000,700.00000000,0.00000000,0.00000000,0.00000000,700.00000000
MTM2,CID-00331-01,CO-100013-21,15,50,CD~CO-100013-21~*~*~15~50,CD,NULL," "," "," "," ","27012-0917      ",2027-12-02 00:00:00.000,2026-05-29 00:00:00.000,550.00000000,0.00000000,0.00000000,0.00000000,550.00000000
MTM2,CID-00331-01,CO-100013-21,18,32,CD~CO-100013-21~*~*~18~32,CD,NULL," "," "," "," ","49103-0017      ",2027-12-02 00:00:00.000,2026-05-29 00:00:00.000,8600.00000000,0.00000000,0.00000000,0.00000000,8600.00000000
MTM2,CID-00331-01,CO-100013-21,19,12,CD~CO-100013-21~*~*~19~12,CD,NULL," "," "," "," ","92026-0921      ",2027-12-02 00:00:00.000,2026-05-29 00:00:00.000,12600.00000000,0.00000000,0.00000000,0.00000000,12600.00000000
MTM2,CID-00331-01,CO-100025-21,1,74,CD~CO-100025-21~*~*~1~74,CD,NULL," "," "," "," ","11057-7822      ",2027-12-02 00:00:00.000,2026-05-29 00:00:00.000,48093.00000000,0.00000000,0.00000000,0.00000000,48093.00000000
MTM2,CID-00331-01,CO-100025-21,2,72,CD~CO-100025-21~*~*~2~72,CD,NULL," "," "," "," ","13042-0804      ",2027-12-02 00:00:00.000,2026-05-29 00:00:00.000,5618.00000000,0.00000000,0.00000000,0.00000000,5618.00000000
MTM2,CID-00331-01,CO-100025-21,3,74,CD~CO-100025-21~*~*~3~74,CD,NULL," "," "," "," ","13272-3993      ",2027-12-02 00:00:00.000,2026-05-29 00:00:00.000,8314.00000000,0.00000000,0.00000000,0.00000000,8314.00000000
MTM2,CID-00331-01,CO-100025-21,5,74,CD~CO-100025-21~*~*~5~74,CD,NULL," "," "," "," ","13272-4000      ",2027-12-02 00:00:00.000,2026-05-29 00:00:00.000,8237.00000000,0.00000000,0.00000000,0.00000000,8237.00000000
MTM2,CID-00331-01,CO-100025-21,7,74,CD~CO-100025-21~*~*~7~74,CD,NULL," "," "," "," ","49103-0016      ",2027-12-02 00:00:00.000,2026-05-29 00:00:00.000,10000.00000000,0.00000000,0.00000000,0.00000000,10000.00000000
MTM2,CID-00331-01,CO-100025-21,8,74,CD~CO-100025-21~*~*~8~74,CD,NULL," "," "," "," ","49103-0017      ",2027-12-02 00:00:00.000,2026-05-29 00:00:00.000,7875.00000000,0.00000000,0.00000000,0.00000000,7875.00000000
MTM2,CID-00331-01,CO-100025-21,9,53,CD~CO-100025-21~*~*~9~53,CD,NULL," "," "," "," ","92026-0921      ",2027-12-02 00:00:00.000,2026-05-29 00:00:00.000,5855.00000000,0.00000000,0.00000000,0.00000000,5855.00000000
MTM2,CID-00015-15,CO-100021,40,2,CD~CO-100021~*~*~40~2,CD,NULL," "," "," "," ",22-44994-013,2027-12-01 00:00:00.000,2026-05-29 00:00:00.000,50.00000000,0.00000000,0.00000000,0.00000000,50.00000000
MTM2,CID-00015-15,CO-100021,139,1,CD~CO-100021~*~*~139~1,CD,I~002~*~*~0~0~A17-17987-000,I,002,0,0,A17-17987-000,2027-12-01 00:00:00.000,2026-05-29 06:50:14.847,2.00000000,0.00000000,0.00000000,0.00000000,2.00000000
MTM2,CID-00022-03,CO-100018-22,12,120,CD~CO-100018-22~*~*~12~120,CD,NULL," "," "," "," ",TA32317,2027-11-30 00:00:00.000,2026-05-29 00:00:00.000,240.00000000,0.00000000,0.00000000,0.00000000,240.00000000
MTM2,CID-00022-03,CO-100018-22,13,120,CD~CO-100018-22~*~*~13~120,CD,NULL," "," "," "," ",TA32318,2027-11-30 00:00:00.000,2026-05-29 00:00:00.000,240.00000000,0.00000000,0.00000000,0.00000000,240.00000000
MTM2,CID-00347-01,CO-087118,1,362,CD~CO-087118~*~*~1~362,CD,NULL," "," "," "," ",1112.301.060,2027-11-29 00:00:00.000,2026-05-29 00:00:00.000,450.00000000,0.00000000,0.00000000,0.00000000,450.00000000
MTM2,CID-00660-03,CO-100001,2,16,CD~CO-100001~*~*~2~16,CD,NULL," "," "," "," ",64508,2027-11-29 00:00:00.000,2026-05-29 00:00:00.000,100.00000000,0.00000000,0.00000000,0.00000000,100.00000000
MTM2,CID-00660-03,CO-100001,4,67,CD~CO-100001~*~*~4~67,CD,NULL," "," "," "," ",1224196,2027-11-29 00:00:00.000,2026-05-29 00:00:00.000,420.00000000,0.00000000,0.00000000,0.00000000,420.00000000
MTM2,CID-00022-03,CO-100018-22,3,62,CD~CO-100018-22~*~*~3~62,CD,NULL," "," "," "," ",AKK54380,2027-11-26 00:00:00.000,2026-05-29 00:00:00.000,20.00000000,0.00000000,0.00000000,0.00000000,20.00000000
MTM2,CID-00331-01,CO-100013-21,2,70,CD~CO-100013-21~*~*~2~70,CD,NULL," "," "," "," ","11057-7822      ",2027-11-25 00:00:00.000,2026-05-29 00:00:00.000,15000.00000000,0.00000000,0.00000000,0.00000000,15000.00000000
MTM2,CID-00331-01,CO-100013-21,3,59,CD~CO-100013-21~*~*~3~59,CD,NULL," "," "," "," ","11057-7975      ",2027-11-25 00:00:00.000,2026-05-29 00:00:00.000,280.00000000,0.00000000,0.00000000,0.00000000,280.00000000
MTM2,CID-00331-01,CO-100013-21,4,47,CD~CO-100013-21~*~*~4~47,CD,NULL," "," "," "," ","11058-4138      ",2027-11-25 00:00:00.000,2026-05-29 00:00:00.000,340.00000000,0.00000000,0.00000000,0.00000000,340.00000000
MTM2,CID-00331-01,CO-100013-21,5,60,CD~CO-100013-21~*~*~5~60,CD,NULL," "," "," "," ","11058-7355      ",2027-11-25 00:00:00.000,2026-05-29 00:00:00.000,300.00000000,0.00000000,0.00000000,0.00000000,300.00000000
MTM2,CID-00331-01,CO-100013-21,6,43,CD~CO-100013-21~*~*~6~43,CD,NULL," "," "," "," ","11058-7782      ",2027-11-25 00:00:00.000,2026-05-29 00:00:00.000,250.00000000,0.00000000,0.00000000,0.00000000,250.00000000
MTM2,CID-00331-01,CO-100013-21,7,59,CD~CO-100013-21~*~*~7~59,CD,NULL," "," "," "," ","13042-0804      ",2027-11-25 00:00:00.000,2026-05-29 00:00:00.000,5900.00000000,0.00000000,0.00000000,0.00000000,5900.00000000
MTM2,CID-00331-01,CO-100013-21,11,14,CD~CO-100013-21~*~*~11~14,CD,NULL," "," "," "," ","13272-4013      ",2027-11-25 00:00:00.000,2026-05-29 00:00:00.000,1800.00000000,0.00000000,0.00000000,0.00000000,1800.00000000
MTM2,CID-00331-01,CO-100013-21,14,58,CD~CO-100013-21~*~*~14~58,CD,NULL," "," "," "," ","27012-0857D      ",2027-11-25 00:00:00.000,2026-05-29 00:00:00.000,600.00000000,0.00000000,0.00000000,0.00000000,600.00000000
MTM2,CID-00331-01,CO-100013-21,15,49,CD~CO-100013-21~*~*~15~49,CD,NULL," "," "," "," ","27012-0917      ",2027-11-25 00:00:00.000,2026-05-29 00:00:00.000,550.00000000,0.00000000,0.00000000,0.00000000,550.00000000
MTM2,CID-00331-01,CO-100013-21,17,31,CD~CO-100013-21~*~*~17~31,CD,NULL," "," "," "," ","49103-0016      ",2027-11-25 00:00:00.000,2026-05-29 00:00:00.000,8500.00000000,0.00000000,0.00000000,0.00000000,8500.00000000
MTM2,CID-00331-01,CO-100025-21,1,73,CD~CO-100025-21~*~*~1~73,CD,NULL," "," "," "," ","11057-7822      ",2027-11-25 00:00:00.000,2026-05-29 00:00:00.000,36000.00000000,0.00000000,0.00000000,0.00000000,36000.00000000
MTM2,CID-00331-01,CO-100025-21,2,71,CD~CO-100025-21~*~*~2~71,CD,NULL," "," "," "," ","13042-0804      ",2027-11-25 00:00:00.000,2026-05-29 00:00:00.000,11800.00000000,0.00000000,0.00000000,0.00000000,11800.00000000
MTM2,CID-00331-01,CO-100025-21,3,73,CD~CO-100025-21~*~*~3~73,CD,NULL," "," "," "," ","13272-3993      ",2027-11-25 00:00:00.000,2026-05-29 00:00:00.000,9200.00000000,0.00000000,0.00000000,0.00000000,9200.00000000
MTM2,CID-00331-01,CO-100025-21,4,42,CD~CO-100025-21~*~*~4~42,CD,NULL," "," "," "," ","13272-3994      ",2027-11-25 00:00:00.000,2026-05-29 00:00:00.000,16435.00000000,0.00000000,0.00000000,0.00000000,16435.00000000
MTM2,CID-00331-01,CO-100025-21,5,73,CD~CO-100025-21~*~*~5~73,CD,NULL," "," "," "," ","13272-4000      ",2027-11-25 00:00:00.000,2026-05-29 00:00:00.000,9280.00000000,0.00000000,0.00000000,0.00000000,9280.00000000
MTM2,CID-00331-01,CO-100025-21,6,36,CD~CO-100025-21~*~*~6~36,CD,NULL," "," "," "," ","14093-1268      ",2027-11-25 00:00:00.000,2026-05-29 00:00:00.000,14463.00000000,0.00000000,0.00000000,0.00000000,14463.00000000
MTM2,CID-00331-01,CO-100025-21,7,73,CD~CO-100025-21~*~*~7~73,CD,NULL," "," "," "," ","49103-0016      ",2027-11-25 00:00:00.000,2026-05-29 00:00:00.000,9000.00000000,0.00000000,0.00000000,0.00000000,9000.00000000
MTM2,CID-00331-01,CO-100025-21,8,73,CD~CO-100025-21~*~*~8~73,CD,NULL," "," "," "," ","49103-0017      ",2027-11-25 00:00:00.000,2026-05-29 00:00:00.000,9000.00000000,0.00000000,0.00000000,0.00000000,9000.00000000
MTM2,CID-00022-03,CO-100018-22,8,46,CD~CO-100018-22~*~*~8~46,CD,NULL," "," "," "," ",HXE186089HX1,2027-11-24 00:00:00.000,2026-05-29 00:00:00.000,720.00000000,0.00000000,0.00000000,0.00000000,720.00000000
MTM2,CID-00022-03,CO-100018-22,13,119,CD~CO-100018-22~*~*~13~119,CD,NULL," "," "," "," ",TA32318,2027-11-24 00:00:00.000,2026-05-29 00:00:00.000,240.00000000,0.00000000,0.00000000,0.00000000,240.00000000
MTM2,CID-00022-03,CO-100018-22,12,119,CD~CO-100018-22~*~*~12~119,CD,NULL," "," "," "," ",TA32317,2027-11-23 00:00:00.000,2026-05-29 00:00:00.000,240.00000000,0.00000000,0.00000000,0.00000000,240.00000000
MTM2,CID-00347-01,CO-087118,1,361,CD~CO-087118~*~*~1~361,CD,NULL," "," "," "," ",1112.301.060,2027-11-22 00:00:00.000,2026-05-29 00:00:00.000,450.00000000,0.00000000,0.00000000,0.00000000,450.00000000
MTM2,CID-00660-03,CO-100001,1,46,CD~CO-100001~*~*~1~46,CD,NULL," "," "," "," ",64503,2027-11-22 00:00:00.000,2026-05-29 00:00:00.000,100.00000000,0.00000000,0.00000000,0.00000000,100.00000000
MTM2,CID-00660-03,CO-100001,4,66,CD~CO-100001~*~*~4~66,CD,NULL," "," "," "," ",1224196,2027-11-22 00:00:00.000,2026-05-29 00:00:00.000,240.00000000,0.00000000,0.00000000,0.00000000,240.00000000
MTM2,CID-00022-03,CO-100018-22,1,13,CD~CO-100018-22~*~*~1~13,CD,NULL," "," "," "," ",AKK29932,2027-11-22 00:00:00.000,2026-05-29 00:00:00.000,116.00000000,0.00000000,0.00000000,0.00000000,116.00000000
MTM2,CID-00331-01,CO-100013-21,2,69,CD~CO-100013-21~*~*~2~69,CD,NULL," "," "," "," ","11057-7822      ",2027-11-17 00:00:00.000,2026-05-29 00:00:00.000,15000.00000000,0.00000000,0.00000000,0.00000000,15000.00000000
MTM2,CID-00331-01,CO-100013-21,13,43,CD~CO-100013-21~*~*~13~43,CD,NULL," "," "," "," ","14093-1268      ",2027-11-17 00:00:00.000,2026-05-29 00:00:00.000,6020.00000000,0.00000000,0.00000000,0.00000000,6020.00000000
MTM2,CID-00331-01,CO-100013-21,18,31,CD~CO-100013-21~*~*~18~31,CD,NULL," "," "," "," ","49103-0017      ",2027-11-17 00:00:00.000,2026-05-29 00:00:00.000,8600.00000000,0.00000000,0.00000000,0.00000000,8600.00000000
MTM2,CID-00022-03,CO-100018-22,2,65,CD~CO-100018-22~*~*~2~65,CD,NULL," "," "," "," ",AKK46582,2027-11-17 00:00:00.000,2026-05-29 00:00:00.000,24.00000000,0.00000000,0.00000000,0.00000000,24.00000000
MTM2,CID-00022-03,CO-100018-22,3,61,CD~CO-100018-22~*~*~3~61,CD,NULL," "," "," "," ",AKK54380,2027-11-17 00:00:00.000,2026-05-29 00:00:00.000,10.00000000,0.00000000,0.00000000,0.00000000,10.00000000
MTM2,CID-00022-03,CO-100018-22,4,60,CD~CO-100018-22~*~*~4~60,CD,NULL," "," "," "," ",AKK57447,2027-11-17 00:00:00.000,2026-05-29 00:00:00.000,30.00000000,0.00000000,0.00000000,0.00000000,30.00000000
MTM2,CID-00022-03,CO-100018-22,8,45,CD~CO-100018-22~*~*~8~45,CD,NULL," "," "," "," ",HXE186089HX1,2027-11-17 00:00:00.000,2026-05-29 00:00:00.000,720.00000000,0.00000000,0.00000000,0.00000000,720.00000000
MTM2,CID-00331-01,CO-100025-21,1,72,CD~CO-100025-21~*~*~1~72,CD,NULL," "," "," "," ","11057-7822      ",2027-11-17 00:00:00.000,2026-05-29 00:00:00.000,29000.00000000,0.00000000,0.00000000,0.00000000,29000.00000000
MTM2,CID-00331-01,CO-100025-21,2,70,CD~CO-100025-21~*~*~2~70,CD,NULL," "," "," "," ","13042-0804      ",2027-11-17 00:00:00.000,2026-05-29 00:00:00.000,9440.00000000,0.00000000,0.00000000,0.00000000,9440.00000000
MTM2,CID-00331-01,CO-100025-21,3,72,CD~CO-100025-21~*~*~3~72,CD,NULL," "," "," "," ","13272-3993      ",2027-11-17 00:00:00.000,2026-05-29 00:00:00.000,10200.00000000,0.00000000,0.00000000,0.00000000,10200.00000000
MTM2,CID-00331-01,CO-100025-21,5,72,CD~CO-100025-21~*~*~5~72,CD,NULL," "," "," "," ","13272-4000      ",2027-11-17 00:00:00.000,2026-05-29 00:00:00.000,8800.00000000,0.00000000,0.00000000,0.00000000,8800.00000000
MTM2,CID-00331-01,CO-100025-21,7,72,CD~CO-100025-21~*~*~7~72,CD,NULL," "," "," "," ","49103-0016      ",2027-11-17 00:00:00.000,2026-05-29 00:00:00.000,10500.00000000,0.00000000,0.00000000,0.00000000,10500.00000000
MTM2,CID-00331-01,CO-100025-21,8,72,CD~CO-100025-21~*~*~8~72,CD,NULL," "," "," "," ","49103-0017      ",2027-11-17 00:00:00.000,2026-05-29 00:00:00.000,10000.00000000,0.00000000,0.00000000,0.00000000,10000.00000000
MTM2,CID-00331-01,CO-100025-21,9,52,CD~CO-100025-21~*~*~9~52,CD,NULL," "," "," "," ","92026-0921      ",2027-11-17 00:00:00.000,2026-05-29 00:00:00.000,13200.00000000,0.00000000,0.00000000,0.00000000,13200.00000000
MTM2,CID-00022-03,CO-100018-22,9,34,CD~CO-100018-22~*~*~9~34,CD,NULL," "," "," "," ",M88984MX1,2027-11-16 00:00:00.000,2026-05-29 00:00:00.000,200.00000000,0.00000000,0.00000000,0.00000000,200.00000000
MTM2,CID-00660-03,CO-100001,4,65,CD~CO-100001~*~*~4~65,CD,NULL," "," "," "," ",1224196,2027-11-15 00:00:00.000,2026-05-29 00:00:00.000,60.00000000,0.00000000,0.00000000,0.00000000,60.00000000
MTM2,CID-00022-03,CO-100018-22,12,118,CD~CO-100018-22~*~*~12~118,CD,NULL," "," "," "," ",TA32317,2027-11-15 00:00:00.000,2026-05-29 00:00:00.000,240.00000000,0.00000000,0.00000000,0.00000000,240.00000000
MTM2,CID-00022-03,CO-100018-22,13,118,CD~CO-100018-22~*~*~13~118,CD,NULL," "," "," "," ",TA32318,2027-11-15 00:00:00.000,2026-05-29 00:00:00.000,240.00000000,0.00000000,0.00000000,0.00000000,240.00000000
MTM2,CID-00331-01,CO-100013-21,1,66,CD~CO-100013-21~*~*~1~66,CD,NULL," "," "," "," ","11057-7392      ",2027-11-11 00:00:00.000,2026-05-29 00:00:00.000,370.00000000,0.00000000,0.00000000,0.00000000,370.00000000
MTM2,CID-00331-01,CO-100013-21,2,68,CD~CO-100013-21~*~*~2~68,CD,NULL," "," "," "," ","11057-7822      ",2027-11-11 00:00:00.000,2026-05-29 00:00:00.000,15000.00000000,0.00000000,0.00000000,0.00000000,15000.00000000
MTM2,CID-00331-01,CO-100013-21,4,46,CD~CO-100013-21~*~*~4~46,CD,NULL," "," "," "," ","11058-4138      ",2027-11-11 00:00:00.000,2026-05-29 00:00:00.000,340.00000000,0.00000000,0.00000000,0.00000000,340.00000000
MTM2,CID-00331-01,CO-100013-21,5,59,CD~CO-100013-21~*~*~5~59,CD,NULL," "," "," "," ","11058-7355      ",2027-11-11 00:00:00.000,2026-05-29 00:00:00.000,300.00000000,0.00000000,0.00000000,0.00000000,300.00000000
MTM2,CID-00331-01,CO-100013-21,6,42,CD~CO-100013-21~*~*~6~42,CD,NULL," "," "," "," ","11058-7782      ",2027-11-11 00:00:00.000,2026-05-29 00:00:00.000,250.00000000,0.00000000,0.00000000,0.00000000,250.00000000
MTM2,CID-00331-01,CO-100013-21,7,58,CD~CO-100013-21~*~*~7~58,CD,NULL," "," "," "," ","13042-0804      ",2027-11-11 00:00:00.000,2026-05-29 00:00:00.000,5900.00000000,0.00000000,0.00000000,0.00000000,5900.00000000
MTM2,CID-00331-01,CO-100013-21,10,34,CD~CO-100013-21~*~*~10~34,CD,NULL," "," "," "," ","13272-4001      ",2027-11-11 00:00:00.000,2026-05-29 00:00:00.000,2160.00000000,0.00000000,0.00000000,0.00000000,2160.00000000
MTM2,CID-00331-01,CO-100013-21,16,72,CD~CO-100013-21~*~*~16~72,CD,NULL," "," "," "," ","27012-0922      ",2027-11-11 00:00:00.000,2026-05-29 00:00:00.000,650.00000000,0.00000000,0.00000000,0.00000000,650.00000000
MTM2,CID-00331-01,CO-100025-21,1,71,CD~CO-100025-21~*~*~1~71,CD,NULL," "," "," "," ","11057-7822      ",2027-11-11 00:00:00.000,2026-05-29 00:00:00.000,15000.00000000,0.00000000,0.00000000,0.00000000,15000.00000000
MTM2,CID-00331-01,CO-100025-21,3,71,CD~CO-100025-21~*~*~3~71,CD,NULL," "," "," "," ","13272-3993      ",2027-11-11 00:00:00.000,2026-05-29 00:00:00.000,800.00000000,0.00000000,0.00000000,0.00000000,800.00000000
MTM2,CID-00331-01,CO-100025-21,5,71,CD~CO-100025-21~*~*~5~71,CD,NULL," "," "," "," ","13272-4000      ",2027-11-11 00:00:00.000,2026-05-29 00:00:00.000,2080.00000000,0.00000000,0.00000000,0.00000000,2080.00000000
MTM2,CID-00331-01,CO-100025-21,7,71,CD~CO-100025-21~*~*~7~71,CD,NULL," "," "," "," ","49103-0016      ",2027-11-11 00:00:00.000,2026-05-29 00:00:00.000,500.00000000,0.00000000,0.00000000,0.00000000,500.00000000
MTM2,CID-00331-01,CO-100025-21,8,71,CD~CO-100025-21~*~*~8~71,CD,NULL," "," "," "," ","49103-0017      ",2027-11-11 00:00:00.000,2026-05-29 00:00:00.000,1000.00000000,0.00000000,0.00000000,0.00000000,1000.00000000
MTM2,CID-00022-03,CO-100018-22,3,60,CD~CO-100018-22~*~*~3~60,CD,NULL," "," "," "," ",AKK54380,2027-11-09 00:00:00.000,2026-05-29 00:00:00.000,10.00000000,0.00000000,0.00000000,0.00000000,10.00000000
MTM2,CID-00022-03,CO-100018-22,4,59,CD~CO-100018-22~*~*~4~59,CD,NULL," "," "," "," ",AKK57447,2027-11-09 00:00:00.000,2026-05-29 00:00:00.000,30.00000000,0.00000000,0.00000000,0.00000000,30.00000000
MTM2,CID-00022-03,CO-100018-22,9,33,CD~CO-100018-22~*~*~9~33,CD,NULL," "," "," "," ",M88984MX1,2027-11-09 00:00:00.000,2026-05-29 00:00:00.000,200.00000000,0.00000000,0.00000000,0.00000000,200.00000000
MTM2,CID-00022-03,CO-100018-22,12,117,CD~CO-100018-22~*~*~12~117,CD,NULL," "," "," "," ",TA32317,2027-11-09 00:00:00.000,2026-05-29 00:00:00.000,240.00000000,0.00000000,0.00000000,0.00000000,240.00000000
MTM2,CID-00022-03,CO-100018-22,13,117,CD~CO-100018-22~*~*~13~117,CD,NULL," "," "," "," ",TA32318,2027-11-09 00:00:00.000,2026-05-29 00:00:00.000,240.00000000,0.00000000,0.00000000,0.00000000,240.00000000
MTM2,CID-00347-01,CO-087118,1,360,CD~CO-087118~*~*~1~360,CD,NULL," "," "," "," ",1112.301.060,2027-11-08 00:00:00.000,2026-05-29 00:00:00.000,450.00000000,0.00000000,0.00000000,0.00000000,450.00000000
MTM2,CID-00660-03,CO-100001,1,45,CD~CO-100001~*~*~1~45,CD,NULL," "," "," "," ",64503,2027-11-08 00:00:00.000,2026-05-29 00:00:00.000,100.00000000,0.00000000,0.00000000,0.00000000,100.00000000
MTM2,CID-00022-03,CO-100018-22,8,44,CD~CO-100018-22~*~*~8~44,CD,NULL," "," "," "," ",HXE186089HX1,2027-11-08 00:00:00.000,2026-05-29 00:00:00.000,720.00000000,0.00000000,0.00000000,0.00000000,720.00000000
MTM2,CID-00331-01,CO-100013-21,1,65,CD~CO-100013-21~*~*~1~65,CD,NULL," "," "," "," ","11057-7392      ",2027-11-04 00:00:00.000,2026-05-29 00:00:00.000,740.00000000,0.00000000,0.00000000,0.00000000,740.00000000
MTM2,CID-00331-01,CO-100013-21,2,67,CD~CO-100013-21~*~*~2~67,CD,NULL," "," "," "," ","11057-7822      ",2027-11-04 00:00:00.000,2026-05-29 00:00:00.000,15000.00000000,0.00000000,0.00000000,0.00000000,15000.00000000
MTM2,CID-00331-01,CO-100013-21,4,45,CD~CO-100013-21~*~*~4~45,CD,NULL," "," "," "," ","11058-4138      ",2027-11-04 00:00:00.000,2026-05-29 00:00:00.000,320.00000000,0.00000000,0.00000000,0.00000000,320.00000000
MTM2,CID-00331-01,CO-100013-21,5,58,CD~CO-100013-21~*~*~5~58,CD,NULL," "," "," "," ","11058-7355      ",2027-11-04 00:00:00.000,2026-05-29 00:00:00.000,300.00000000,0.00000000,0.00000000,0.00000000,300.00000000
MTM2,CID-00331-01,CO-100013-21,6,41,CD~CO-100013-21~*~*~6~41,CD,NULL," "," "," "," ","11058-7782      ",2027-11-04 00:00:00.000,2026-05-29 00:00:00.000,500.00000000,0.00000000,0.00000000,0.00000000,500.00000000
MTM2,CID-00331-01,CO-100013-21,12,35,CD~CO-100013-21~*~*~12~35,CD,NULL," "," "," "," ","13272-7037      ",2027-11-04 00:00:00.000,2026-05-29 00:00:00.000,1140.00000000,0.00000000,0.00000000,0.00000000,1140.00000000
MTM2,CID-00331-01,CO-100013-21,14,57,CD~CO-100013-21~*~*~14~57,CD,NULL," "," "," "," ","27012-0857D      ",2027-11-04 00:00:00.000,2026-05-29 00:00:00.000,600.00000000,0.00000000,0.00000000,0.00000000,600.00000000
MTM2,CID-00331-01,CO-100013-21,15,48,CD~CO-100013-21~*~*~15~48,CD,NULL," "," "," "," ","27012-0917      ",2027-11-04 00:00:00.000,2026-05-29 00:00:00.000,550.00000000,0.00000000,0.00000000,0.00000000,550.00000000
MTM2,CID-00331-01,CO-100013-21,16,71,CD~CO-100013-21~*~*~16~71,CD,NULL," "," "," "," ","27012-0922      ",2027-11-04 00:00:00.000,2026-05-29 00:00:00.000,585.00000000,0.00000000,0.00000000,0.00000000,585.00000000
MTM2,CID-00022-03,CO-100018-22,4,58,CD~CO-100018-22~*~*~4~58,CD,NULL," "," "," "," ",AKK57447,2027-11-04 00:00:00.000,2026-05-29 00:00:00.000,30.00000000,0.00000000,0.00000000,0.00000000,30.00000000
MTM2,CID-00022-03,CO-100018-22,13,116,CD~CO-100018-22~*~*~13~116,CD,NULL," "," "," "," ",TA32318,2027-11-04 00:00:00.000,2026-05-29 00:00:00.000,240.00000000,0.00000000,0.00000000,0.00000000,240.00000000
MTM2,CID-00331-01,CO-100025-21,1,70,CD~CO-100025-21~*~*~1~70,CD,NULL," "," "," "," ","11057-7822      ",2027-11-04 00:00:00.000,2026-05-29 00:00:00.000,40500.00000000,0.00000000,0.00000000,0.00000000,40500.00000000
MTM2,CID-00331-01,CO-100025-21,2,69,CD~CO-100025-21~*~*~2~69,CD,NULL," "," "," "," ","13042-0804      ",2027-11-04 00:00:00.000,2026-05-29 00:00:00.000,11800.00000000,0.00000000,0.00000000,0.00000000,11800.00000000
MTM2,CID-00331-01,CO-100025-21,3,70,CD~CO-100025-21~*~*~3~70,CD,NULL," "," "," "," ","13272-3993      ",2027-11-04 00:00:00.000,2026-05-29 00:00:00.000,10000.00000000,0.00000000,0.00000000,0.00000000,10000.00000000
MTM2,CID-00331-01,CO-100025-21,4,41,CD~CO-100025-21~*~*~4~41,CD,NULL," "," "," "," ","13272-3994      ",2027-11-04 00:00:00.000,2026-05-29 00:00:00.000,16640.00000000,0.00000000,0.00000000,0.00000000,16640.00000000
MTM2,CID-00331-01,CO-100025-21,5,70,CD~CO-100025-21~*~*~5~70,CD,NULL," "," "," "," ","13272-4000      ",2027-11-04 00:00:00.000,2026-05-29 00:00:00.000,10240.00000000,0.00000000,0.00000000,0.00000000,10240.00000000
MTM2,CID-00331-01,CO-100025-21,6,35,CD~CO-100025-21~*~*~6~35,CD,NULL," "," "," "," ","14093-1268      ",2027-11-04 00:00:00.000,2026-05-29 00:00:00.000,20160.00000000,0.00000000,0.00000000,0.00000000,20160.00000000
MTM2,CID-00331-01,CO-100025-21,7,70,CD~CO-100025-21~*~*~7~70,CD,NULL," "," "," "," ","49103-0016      ",2027-11-04 00:00:00.000,2026-05-29 00:00:00.000,10000.00000000,0.00000000,0.00000000,0.00000000,10000.00000000
MTM2,CID-00331-01,CO-100025-21,8,70,CD~CO-100025-21~*~*~8~70,CD,NULL," "," "," "," ","49103-0017      ",2027-11-04 00:00:00.000,2026-05-29 00:00:00.000,10000.00000000,0.00000000,0.00000000,0.00000000,10000.00000000
MTM2,CID-00331-01,CO-100025-21,9,51,CD~CO-100025-21~*~*~9~51,CD,NULL," "," "," "," ","92026-0921      ",2027-11-04 00:00:00.000,2026-05-29 00:00:00.000,13200.00000000,0.00000000,0.00000000,0.00000000,13200.00000000
MTM2,CID-00022-03,CO-100018-22,12,116,CD~CO-100018-22~*~*~12~116,CD,NULL," "," "," "," ",TA32317,2027-11-03 00:00:00.000,2026-05-29 00:00:00.000,240.00000000,0.00000000,0.00000000,0.00000000,240.00000000
MTM2,CID-00347-01,CO-087118,1,359,CD~CO-087118~*~*~1~359,CD,NULL," "," "," "," ",1112.301.060,2027-11-01 00:00:00.000,2026-05-29 00:00:00.000,450.00000000,0.00000000,0.00000000,0.00000000,450.00000000
MTM2,CID-00660-03,CO-100001,1,44,CD~CO-100001~*~*~1~44,CD,NULL," "," "," "," ",64503,2027-11-01 00:00:00.000,2026-05-29 00:00:00.000,100.00000000,0.00000000,0.00000000,0.00000000,100.00000000
MTM2,CID-00660-03,CO-100001,2,15,CD~CO-100001~*~*~2~15,CD,NULL," "," "," "," ",64508,2027-11-01 00:00:00.000,2026-05-29 00:00:00.000,100.00000000,0.00000000,0.00000000,0.00000000,100.00000000
MTM2,CID-00660-03,CO-100001,4,64,CD~CO-100001~*~*~4~64,CD,NULL," "," "," "," ",1224196,2027-11-01 00:00:00.000,2026-05-29 00:00:00.000,180.00000000,0.00000000,0.00000000,0.00000000,180.00000000
MTM2,CID-00022-03,CO-100018-22,12,115,CD~CO-100018-22~*~*~12~115,CD,NULL," "," "," "," ",TA32317,2027-10-29 00:00:00.000,2026-05-29 00:00:00.000,240.00000000,0.00000000,0.00000000,0.00000000,240.00000000
MTM2,CID-00022-03,CO-100018-22,13,115,CD~CO-100018-22~*~*~13~115,CD,NULL," "," "," "," ",TA32318,2027-10-29 00:00:00.000,2026-05-29 00:00:00.000,240.00000000,0.00000000,0.00000000,0.00000000,240.00000000
MTM2,CID-00331-01,CO-100013-21,1,64,CD~CO-100013-21~*~*~1~64,CD,NULL," "," "," "," ","11057-7392      ",2027-10-28 00:00:00.000,2026-05-29 00:00:00.000,740.00000000,0.00000000,0.00000000,0.00000000,740.00000000
MTM2,CID-00331-01,CO-100013-21,2,66,CD~CO-100013-21~*~*~2~66,CD,NULL," "," "," "," ","11057-7822      ",2027-10-28 00:00:00.000,2026-05-29 00:00:00.000,15000.00000000,0.00000000,0.00000000,0.00000000,15000.00000000
MTM2,CID-00331-01,CO-100013-21,4,44,CD~CO-100013-21~*~*~4~44,CD,NULL," "," "," "," ","11058-4138      ",2027-10-28 00:00:00.000,2026-05-29 00:00:00.000,540.00000000,0.00000000,0.00000000,0.00000000,540.00000000
MTM2,CID-00331-01,CO-100013-21,5,57,CD~CO-100013-21~*~*~5~57,CD,NULL," "," "," "," ","11058-7355      ",2027-10-28 00:00:00.000,2026-05-29 00:00:00.000,600.00000000,0.00000000,0.00000000,0.00000000,600.00000000
MTM2,CID-00331-01,CO-100013-21,6,40,CD~CO-100013-21~*~*~6~40,CD,NULL," "," "," "," ","11058-7782      ",2027-10-28 00:00:00.000,2026-05-29 00:00:00.000,500.00000000,0.00000000,0.00000000,0.00000000,500.00000000
MTM2,CID-00331-01,CO-100013-21,7,57,CD~CO-100013-21~*~*~7~57,CD,NULL," "," "," "," ","13042-0804      ",2027-10-28 00:00:00.000,2026-05-29 00:00:00.000,5900.00000000,0.00000000,0.00000000,0.00000000,5900.00000000
MTM2,CID-00331-01,CO-100013-21,8,22,CD~CO-100013-21~*~*~8~22,CD,NULL," "," "," "," ","13272-3994      ",2027-10-28 00:00:00.000,2026-05-29 00:00:00.000,18200.00000000,0.00000000,0.00000000,0.00000000,18200.00000000
MTM2,CID-00331-01,CO-100013-21,9,19,CD~CO-100013-21~*~*~9~19,CD,NULL," "," "," "," ","13272-4000      ",2027-10-28 00:00:00.000,2026-05-29 00:00:00.000,19040.00000000,0.00000000,0.00000000,0.00000000,19040.00000000
MTM2,CID-00331-01,CO-100013-21,10,33,CD~CO-100013-21~*~*~10~33,CD,NULL," "," "," "," ","13272-4001      ",2027-10-28 00:00:00.000,2026-05-29 00:00:00.000,2160.00000000,0.00000000,0.00000000,0.00000000,2160.00000000
MTM2,CID-00331-01,CO-100013-21,12,34,CD~CO-100013-21~*~*~12~34,CD,NULL," "," "," "," ","13272-7037      ",2027-10-28 00:00:00.000,2026-05-29 00:00:00.000,1140.00000000,0.00000000,0.00000000,0.00000000,1140.00000000
MTM2,CID-00331-01,CO-100013-21,13,42,CD~CO-100013-21~*~*~13~42,CD,NULL," "," "," "," ","14093-1268      ",2027-10-28 00:00:00.000,2026-05-29 00:00:00.000,6020.00000000,0.00000000,0.00000000,0.00000000,6020.00000000
MTM2,CID-00331-01,CO-100013-21,16,70,CD~CO-100013-21~*~*~16~70,CD,NULL," "," "," "," ","27012-0922      ",2027-10-28 00:00:00.000,2026-05-29 00:00:00.000,650.00000000,0.00000000,0.00000000,0.00000000,650.00000000
MTM2,CID-00331-01,CO-100013-21,17,30,CD~CO-100013-21~*~*~17~30,CD,NULL," "," "," "," ","49103-0016      ",2027-10-28 00:00:00.000,2026-05-29 00:00:00.000,8500.00000000,0.00000000,0.00000000,0.00000000,8500.00000000
MTM2,CID-00331-01,CO-100025-21,1,69,CD~CO-100025-21~*~*~1~69,CD,NULL," "," "," "," ","11057-7822      ",2027-10-28 00:00:00.000,2026-05-29 00:00:00.000,40500.00000000,0.00000000,0.00000000,0.00000000,40500.00000000
MTM2,CID-00331-01,CO-100025-21,2,68,CD~CO-100025-21~*~*~2~68,CD,NULL," "," "," "," ","13042-0804      ",2027-10-28 00:00:00.000,2026-05-29 00:00:00.000,9440.00000000,0.00000000,0.00000000,0.00000000,9440.00000000
MTM2,CID-00331-01,CO-100025-21,3,69,CD~CO-100025-21~*~*~3~69,CD,NULL," "," "," "," ","13272-3993      ",2027-10-28 00:00:00.000,2026-05-29 00:00:00.000,9800.00000000,0.00000000,0.00000000,0.00000000,9800.00000000
MTM2,CID-00331-01,CO-100025-21,5,69,CD~CO-100025-21~*~*~5~69,CD,NULL," "," "," "," ","13272-4000      ",2027-10-28 00:00:00.000,2026-05-29 00:00:00.000,7680.00000000,0.00000000,0.00000000,0.00000000,7680.00000000
MTM2,CID-00331-01,CO-100025-21,7,69,CD~CO-100025-21~*~*~7~69,CD,NULL," "," "," "," ","49103-0016      ",2027-10-28 00:00:00.000,2026-05-29 00:00:00.000,10000.00000000,0.00000000,0.00000000,0.00000000,10000.00000000
MTM2,CID-00331-01,CO-100025-21,8,69,CD~CO-100025-21~*~*~8~69,CD,NULL," "," "," "," ","49103-0017      ",2027-10-28 00:00:00.000,2026-05-29 00:00:00.000,10000.00000000,0.00000000,0.00000000,0.00000000,10000.00000000
MTM2,CID-00331-01,CO-100025-21,9,50,CD~CO-100025-21~*~*~9~50,CD,NULL," "," "," "," ","92026-0921      ",2027-10-28 00:00:00.000,2026-05-29 00:00:00.000,13200.00000000,0.00000000,0.00000000,0.00000000,13200.00000000
MTM2,CID-00022-03,CO-100018-22,8,43,CD~CO-100018-22~*~*~8~43,CD,NULL," "," "," "," ",HXE186089HX1,2027-10-27 00:00:00.000,2026-05-29 00:00:00.000,720.00000000,0.00000000,0.00000000,0.00000000,720.00000000
MTM2,CID-00045-01,CO-087125,1,926,CD~CO-087125~*~*~1~926,CD,NULL," "," "," "," ",0501 216 523,2027-10-26 00:00:00.000,2026-05-29 00:00:00.000,50.00000000,0.00000000,0.00000000,0.00000000,50.00000000
MTM2,CID-00347-01,CO-087118,1,358,CD~CO-087118~*~*~1~358,CD,NULL," "," "," "," ",1112.301.060,2027-10-25 00:00:00.000,2026-05-29 00:00:00.000,450.00000000,0.00000000,0.00000000,0.00000000,450.00000000
MTM2,CID-00660-03,CO-100001,4,63,CD~CO-100001~*~*~4~63,CD,NULL," "," "," "," ",1224196,2027-10-25 00:00:00.000,2026-05-29 00:00:00.000,120.00000000,0.00000000,0.00000000,0.00000000,120.00000000
MTM2,CID-00022-03,CO-100018-22,12,114,CD~CO-100018-22~*~*~12~114,CD,NULL," "," "," "," ",TA32317,2027-10-25 00:00:00.000,2026-05-29 00:00:00.000,240.00000000,0.00000000,0.00000000,0.00000000,240.00000000
MTM2,CID-00022-03,CO-100018-22,13,114,CD~CO-100018-22~*~*~13~114,CD,NULL," "," "," "," ",TA32318,2027-10-25 00:00:00.000,2026-05-29 00:00:00.000,240.00000000,0.00000000,0.00000000,0.00000000,240.00000000
MTM2,CID-00022-03,CO-100018-22,14,11,CD~CO-100018-22~*~*~14~11,CD,NULL," "," "," "," ",UC39605,2027-10-25 00:00:00.000,2026-05-29 00:00:00.000,2.00000000,0.00000000,0.00000000,0.00000000,2.00000000
MTM2,CID-00022-03,CO-100018-22,8,42,CD~CO-100018-22~*~*~8~42,CD,NULL," "," "," "," ",HXE186089HX1,2027-10-22 00:00:00.000,2026-05-29 00:00:00.000,720.00000000,0.00000000,0.00000000,0.00000000,720.00000000
MTM2,CID-00022-03,CO-100018-22,17,5,CD~CO-100018-22~*~*~17~5,CD,NULL," "," "," "," ",VGA12058,2027-10-22 00:00:00.000,2026-05-29 00:00:00.000,25.00000000,0.00000000,0.00000000,0.00000000,25.00000000
MTM2,CID-00331-01,CO-100013-21,1,63,CD~CO-100013-21~*~*~1~63,CD,NULL," "," "," "," ","11057-7392      ",2027-10-21 00:00:00.000,2026-05-29 00:00:00.000,370.00000000,0.00000000,0.00000000,0.00000000,370.00000000
MTM2,CID-00331-01,CO-100013-21,4,43,CD~CO-100013-21~*~*~4~43,CD,NULL," "," "," "," ","11058-4138      ",2027-10-21 00:00:00.000,2026-05-29 00:00:00.000,520.00000000,0.00000000,0.00000000,0.00000000,520.00000000
MTM2,CID-00331-01,CO-100013-21,5,56,CD~CO-100013-21~*~*~5~56,CD,NULL," "," "," "," ","11058-7355      ",2027-10-21 00:00:00.000,2026-05-29 00:00:00.000,600.00000000,0.00000000,0.00000000,0.00000000,600.00000000
MTM2,CID-00331-01,CO-100013-21,6,39,CD~CO-100013-21~*~*~6~39,CD,NULL," "," "," "," ","11058-7782      ",2027-10-21 00:00:00.000,2026-05-29 00:00:00.000,250.00000000,0.00000000,0.00000000,0.00000000,250.00000000
MTM2,CID-00331-01,CO-100013-21,11,13,CD~CO-100013-21~*~*~11~13,CD,NULL," "," "," "," ","13272-4013      ",2027-10-21 00:00:00.000,2026-05-29 00:00:00.000,1800.00000000,0.00000000,0.00000000,0.00000000,1800.00000000
MTM2,CID-00331-01,CO-100013-21,16,69,CD~CO-100013-21~*~*~16~69,CD,NULL," "," "," "," ","27012-0922      ",2027-10-21 00:00:00.000,2026-05-29 00:00:00.000,520.00000000,0.00000000,0.00000000,0.00000000,520.00000000
MTM2,CID-00331-01,CO-100013-21,18,30,CD~CO-100013-21~*~*~18~30,CD,NULL," "," "," "," ","49103-0017      ",2027-10-21 00:00:00.000,2026-05-29 00:00:00.000,8600.00000000,0.00000000,0.00000000,0.00000000,8600.00000000
MTM2,CID-00022-03,CO-100018-22,9,32,CD~CO-100018-22~*~*~9~32,CD,NULL," "," "," "," ",M88984MX1,2027-10-21 00:00:00.000,2026-05-29 00:00:00.000,200.00000000,0.00000000,0.00000000,0.00000000,200.00000000
MTM2,CID-00331-01,CO-100025-21,1,68,CD~CO-100025-21~*~*~1~68,CD,NULL," "," "," "," ","11057-7822      ",2027-10-21 00:00:00.000,2026-05-29 00:00:00.000,30000.00000000,0.00000000,0.00000000,0.00000000,30000.00000000
MTM2,CID-00331-01,CO-100025-21,2,67,CD~CO-100025-21~*~*~2~67,CD,NULL," "," "," "," ","13042-0804      ",2027-10-21 00:00:00.000,2026-05-29 00:00:00.000,6490.00000000,0.00000000,0.00000000,0.00000000,6490.00000000
MTM2,CID-00331-01,CO-100025-21,3,68,CD~CO-100025-21~*~*~3~68,CD,NULL," "," "," "," ","13272-3993      ",2027-10-21 00:00:00.000,2026-05-29 00:00:00.000,7600.00000000,0.00000000,0.00000000,0.00000000,7600.00000000
MTM2,CID-00331-01,CO-100025-21,4,40,CD~CO-100025-21~*~*~4~40,CD,NULL," "," "," "," ","13272-3994      ",2027-10-21 00:00:00.000,2026-05-29 00:00:00.000,16640.00000000,0.00000000,0.00000000,0.00000000,16640.00000000
MTM2,CID-00331-01,CO-100025-21,5,68,CD~CO-100025-21~*~*~5~68,CD,NULL," "," "," "," ","13272-4000      ",2027-10-21 00:00:00.000,2026-05-29 00:00:00.000,9600.00000000,0.00000000,0.00000000,0.00000000,9600.00000000
MTM2,CID-00331-01,CO-100025-21,6,34,CD~CO-100025-21~*~*~6~34,CD,NULL," "," "," "," ","14093-1268      ",2027-10-21 00:00:00.000,2026-05-29 00:00:00.000,20160.00000000,0.00000000,0.00000000,0.00000000,20160.00000000
MTM2,CID-00331-01,CO-100025-21,7,68,CD~CO-100025-21~*~*~7~68,CD,NULL," "," "," "," ","49103-0016      ",2027-10-21 00:00:00.000,2026-05-29 00:00:00.000,7500.00000000,0.00000000,0.00000000,0.00000000,7500.00000000
MTM2,CID-00331-01,CO-100025-21,8,68,CD~CO-100025-21~*~*~8~68,CD,NULL," "," "," "," ","49103-0017      ",2027-10-21 00:00:00.000,2026-05-29 00:00:00.000,8000.00000000,0.00000000,0.00000000,0.00000000,8000.00000000
MTM2,CID-00045-01,CO-087125,1,928,CD~CO-087125~*~*~1~928,CD,NULL," "," "," "," ",0501 216 523,2027-10-19 00:00:00.000,2026-05-29 00:00:00.000,50.00000000,0.00000000,0.00000000,0.00000000,50.00000000
MTM2,CID-00022-03,CO-100018-22,12,113,CD~CO-100018-22~*~*~12~113,CD,NULL," "," "," "," ",TA32317,2027-10-19 00:00:00.000,2026-05-29 00:00:00.000,240.00000000,0.00000000,0.00000000,0.00000000,240.00000000
MTM2,CID-00022-03,CO-100018-22,13,113,CD~CO-100018-22~*~*~13~113,CD,NULL," "," "," "," ",TA32318,2027-10-19 00:00:00.000,2026-05-29 00:00:00.000,240.00000000,0.00000000,0.00000000,0.00000000,240.00000000
MTM2,CID-00347-01,CO-087118,1,357,CD~CO-087118~*~*~1~357,CD,NULL," "," "," "," ",1112.301.060,2027-10-18 00:00:00.000,2026-05-29 00:00:00.000,450.00000000,0.00000000,0.00000000,0.00000000,450.00000000
MTM2,CID-00660-03,CO-100001,1,43,CD~CO-100001~*~*~1~43,CD,NULL," "," "," "," ",64503,2027-10-18 00:00:00.000,2026-05-29 00:00:00.000,100.00000000,0.00000000,0.00000000,0.00000000,100.00000000
MTM2,CID-00660-03,CO-100001,4,62,CD~CO-100001~*~*~4~62,CD,NULL," "," "," "," ",1224196,2027-10-18 00:00:00.000,2026-05-29 00:00:00.000,120.00000000,0.00000000,0.00000000,0.00000000,120.00000000
MTM2,CID-00022-03,CO-100018-22,15,34,CD~CO-100018-22~*~*~15~34,CD,NULL," "," "," "," ",UC46986,2027-10-17 00:00:00.000,2026-05-29 00:00:00.000,54.00000000,0.00000000,0.00000000,0.00000000,54.00000000
MTM2,CID-00022-03,CO-100018-22,16,34,CD~CO-100018-22~*~*~16~34,CD,NULL," "," "," "," ",UC46987,2027-10-17 00:00:00.000,2026-05-29 00:00:00.000,54.00000000,0.00000000,0.00000000,0.00000000,54.00000000
MTM2,CID-00022-03,CO-100018-22,6,53,CD~CO-100018-22~*~*~6~53,CD,NULL," "," "," "," ",AUC24108,2027-10-16 00:00:00.000,2026-05-29 00:00:00.000,483.00000000,0.00000000,0.00000000,0.00000000,483.00000000
MTM2,CID-00022-03,CO-100018-22,8,41,CD~CO-100018-22~*~*~8~41,CD,NULL," "," "," "," ",HXE186089HX1,2027-10-15 00:00:00.000,2026-05-29 00:00:00.000,720.00000000,0.00000000,0.00000000,0.00000000,720.00000000
MTM2,CID-00331-01,CO-100013-21,1,62,CD~CO-100013-21~*~*~1~62,CD,NULL," "," "," "," ","11057-7392      ",2027-10-14 00:00:00.000,2026-05-29 00:00:00.000,740.00000000,0.00000000,0.00000000,0.00000000,740.00000000
MTM2,CID-00331-01,CO-100013-21,2,65,CD~CO-100013-21~*~*~2~65,CD,NULL," "," "," "," ","11057-7822      ",2027-10-14 00:00:00.000,2026-05-29 00:00:00.000,15000.00000000,0.00000000,0.00000000,0.00000000,15000.00000000
MTM2,CID-00331-01,CO-100013-21,4,42,CD~CO-100013-21~*~*~4~42,CD,NULL," "," "," "," ","11058-4138      ",2027-10-14 00:00:00.000,2026-05-29 00:00:00.000,400.00000000,0.00000000,0.00000000,0.00000000,400.00000000
MTM2,CID-00331-01,CO-100013-21,5,55,CD~CO-100013-21~*~*~5~55,CD,NULL," "," "," "," ","11058-7355      ",2027-10-14 00:00:00.000,2026-05-29 00:00:00.000,300.00000000,0.00000000,0.00000000,0.00000000,300.00000000
MTM2,CID-00331-01,CO-100013-21,6,38,CD~CO-100013-21~*~*~6~38,CD,NULL," "," "," "," ","11058-7782      ",2027-10-14 00:00:00.000,2026-05-29 00:00:00.000,500.00000000,0.00000000,0.00000000,0.00000000,500.00000000
MTM2,CID-00331-01,CO-100013-21,7,56,CD~CO-100013-21~*~*~7~56,CD,NULL," "," "," "," ","13042-0804      ",2027-10-14 00:00:00.000,2026-05-29 00:00:00.000,5900.00000000,0.00000000,0.00000000,0.00000000,5900.00000000
MTM2,CID-00331-01,CO-100013-21,10,32,CD~CO-100013-21~*~*~10~32,CD,NULL," "," "," "," ","13272-4001      ",2027-10-14 00:00:00.000,2026-05-29 00:00:00.000,2160.00000000,0.00000000,0.00000000,0.00000000,2160.00000000
MTM2,CID-00331-01,CO-100013-21,12,33,CD~CO-100013-21~*~*~12~33,CD,NULL," "," "," "," ","13272-7037      ",2027-10-14 00:00:00.000,2026-05-29 00:00:00.000,1140.00000000,0.00000000,0.00000000,0.00000000,1140.00000000
MTM2,CID-00331-01,CO-100013-21,16,68,CD~CO-100013-21~*~*~16~68,CD,NULL," "," "," "," ","27012-0922      ",2027-10-14 00:00:00.000,2026-05-29 00:00:00.000,585.00000000,0.00000000,0.00000000,0.00000000,585.00000000
MTM2,CID-00331-01,CO-100025-21,1,67,CD~CO-100025-21~*~*~1~67,CD,NULL," "," "," "," ","11057-7822      ",2027-10-14 00:00:00.000,2026-05-29 00:00:00.000,15000.00000000,0.00000000,0.00000000,0.00000000,15000.00000000
MTM2,CID-00331-01,CO-100025-21,2,66,CD~CO-100025-21~*~*~2~66,CD,NULL," "," "," "," ","13042-0804      ",2027-10-14 00:00:00.000,2026-05-29 00:00:00.000,5900.00000000,0.00000000,0.00000000,0.00000000,5900.00000000
MTM2,CID-00331-01,CO-100025-21,3,67,CD~CO-100025-21~*~*~3~67,CD,NULL," "," "," "," ","13272-3993      ",2027-10-14 00:00:00.000,2026-05-29 00:00:00.000,7200.00000000,0.00000000,0.00000000,0.00000000,7200.00000000
MTM2,CID-00331-01,CO-100025-21,5,67,CD~CO-100025-21~*~*~5~67,CD,NULL," "," "," "," ","13272-4000      ",2027-10-14 00:00:00.000,2026-05-29 00:00:00.000,5280.00000000,0.00000000,0.00000000,0.00000000,5280.00000000
MTM2,CID-00331-01,CO-100025-21,7,67,CD~CO-100025-21~*~*~7~67,CD,NULL," "," "," "," ","49103-0016      ",2027-10-14 00:00:00.000,2026-05-29 00:00:00.000,7000.00000000,0.00000000,0.00000000,0.00000000,7000.00000000
MTM2,CID-00331-01,CO-100025-21,8,67,CD~CO-100025-21~*~*~8~67,CD,NULL," "," "," "," ","49103-0017      ",2027-10-14 00:00:00.000,2026-05-29 00:00:00.000,7000.00000000,0.00000000,0.00000000,0.00000000,7000.00000000
MTM2,CID-00331-01,CO-100025-21,9,49,CD~CO-100025-21~*~*~9~49,CD,NULL," "," "," "," ","92026-0921      ",2027-10-14 00:00:00.000,2026-05-29 00:00:00.000,13200.00000000,0.00000000,0.00000000,0.00000000,13200.00000000
MTM2,CID-00022-03,CO-100018-22,12,112,CD~CO-100018-22~*~*~12~112,CD,NULL," "," "," "," ",TA32317,2027-10-13 00:00:00.000,2026-05-29 00:00:00.000,240.00000000,0.00000000,0.00000000,0.00000000,240.00000000
MTM2,CID-00022-03,CO-100018-22,13,112,CD~CO-100018-22~*~*~13~112,CD,NULL," "," "," "," ",TA32318,2027-10-13 00:00:00.000,2026-05-29 00:00:00.000,240.00000000,0.00000000,0.00000000,0.00000000,240.00000000
MTM2,CID-00347-01,CO-087118,1,356,CD~CO-087118~*~*~1~356,CD,NULL," "," "," "," ",1112.301.060,2027-10-11 00:00:00.000,2026-05-29 00:00:00.000,450.00000000,0.00000000,0.00000000,0.00000000,450.00000000
MTM2,CID-00660-03,CO-100001,4,60,CD~CO-100001~*~*~4~60,CD,NULL," "," "," "," ",1224196,2027-10-11 00:00:00.000,2026-05-29 00:00:00.000,60.00000000,0.00000000,0.00000000,0.00000000,60.00000000
MTM2,CID-00660-03,CO-100001,4,61,CD~CO-100001~*~*~4~61,CD,NULL," "," "," "," ",1224196,2027-10-11 00:00:00.000,2026-05-29 00:00:00.000,420.00000000,0.00000000,0.00000000,0.00000000,420.00000000
MTM2,CID-00612-01,CO-100019,1,211,CD~CO-100019~*~*~1~211,CD,NULL," "," "," "," ",139014203,2027-10-10 00:00:00.000,2026-05-29 00:00:00.000,960.00000000,0.00000000,0.00000000,0.00000000,960.00000000
MTM2,CID-00612-01,CO-100019,4,111,CD~CO-100019~*~*~4~111,CD,NULL," "," "," "," ",139016310,2027-10-10 00:00:00.000,2026-05-29 00:00:00.000,960.00000000,0.00000000,0.00000000,0.00000000,960.00000000
MTM2,CID-00022-03,CO-100018-22,2,64,CD~CO-100018-22~*~*~2~64,CD,NULL," "," "," "," ",AKK46582,2027-10-08 00:00:00.000,2026-05-29 00:00:00.000,96.00000000,0.00000000,0.00000000,0.00000000,96.00000000
MTM2,CID-00022-03,CO-100018-22,3,59,CD~CO-100018-22~*~*~3~59,CD,NULL," "," "," "," ",AKK54380,2027-10-08 00:00:00.000,2026-05-29 00:00:00.000,80.00000000,0.00000000,0.00000000,0.00000000,80.00000000
MTM2,CID-00022-03,CO-100018-22,4,57,CD~CO-100018-22~*~*~4~57,CD,NULL," "," "," "," ",AKK57447,2027-10-08 00:00:00.000,2026-05-29 00:00:00.000,180.00000000,0.00000000,0.00000000,0.00000000,180.00000000
MTM2,CID-00331-01,CO-100013-21,1,61,CD~CO-100013-21~*~*~1~61,CD,NULL," "," "," "," ","11057-7392      ",2027-10-07 00:00:00.000,2026-05-29 00:00:00.000,370.00000000,0.00000000,0.00000000,0.00000000,370.00000000
MTM2,CID-00331-01,CO-100013-21,4,41,CD~CO-100013-21~*~*~4~41,CD,NULL," "," "," "," ","11058-4138      ",2027-10-07 00:00:00.000,2026-05-29 00:00:00.000,600.00000000,0.00000000,0.00000000,0.00000000,600.00000000
MTM2,CID-00331-01,CO-100013-21,5,54,CD~CO-100013-21~*~*~5~54,CD,NULL," "," "," "," ","11058-7355      ",2027-10-07 00:00:00.000,2026-05-29 00:00:00.000,600.00000000,0.00000000,0.00000000,0.00000000,600.00000000
MTM2,CID-00331-01,CO-100013-21,6,37,CD~CO-100013-21~*~*~6~37,CD,NULL," "," "," "," ","11058-7782      ",2027-10-07 00:00:00.000,2026-05-29 00:00:00.000,500.00000000,0.00000000,0.00000000,0.00000000,500.00000000
MTM2,CID-00331-01,CO-100013-21,13,41,CD~CO-100013-21~*~*~13~41,CD,NULL," "," "," "," ","14093-1268      ",2027-10-07 00:00:00.000,2026-05-29 00:00:00.000,6020.00000000,0.00000000,0.00000000,0.00000000,6020.00000000
MTM2,CID-00331-01,CO-100013-21,16,67,CD~CO-100013-21~*~*~16~67,CD,NULL," "," "," "," ","27012-0922      ",2027-10-07 00:00:00.000,2026-05-29 00:00:00.000,585.00000000,0.00000000,0.00000000,0.00000000,585.00000000
MTM2,CID-00022-03,CO-100018-22,6,52,CD~CO-100018-22~*~*~6~52,CD,NULL," "," "," "," ",AUC24108,2027-10-07 00:00:00.000,2026-05-29 00:00:00.000,740.00000000,0.00000000,0.00000000,0.00000000,740.00000000
MTM2,CID-00022-03,CO-100018-22,12,111,CD~CO-100018-22~*~*~12~111,CD,NULL," "," "," "," ",TA32317,2027-10-07 00:00:00.000,2026-05-29 00:00:00.000,240.00000000,0.00000000,0.00000000,0.00000000,240.00000000
MTM2,CID-00022-03,CO-100018-22,13,111,CD~CO-100018-22~*~*~13~111,CD,NULL," "," "," "," ",TA32318,2027-10-07 00:00:00.000,2026-05-29 00:00:00.000,240.00000000,0.00000000,0.00000000,0.00000000,240.00000000
MTM2,CID-00331-01,CO-100025-21,1,66,CD~CO-100025-21~*~*~1~66,CD,NULL," "," "," "," ","11057-7822      ",2027-10-07 00:00:00.000,2026-05-29 00:00:00.000,30000.00000000,0.00000000,0.00000000,0.00000000,30000.00000000
MTM2,CID-00331-01,CO-100025-21,2,65,CD~CO-100025-21~*~*~2~65,CD,NULL," "," "," "," ","13042-0804      ",2027-10-07 00:00:00.000,2026-05-29 00:00:00.000,5900.00000000,0.00000000,0.00000000,0.00000000,5900.00000000
MTM2,CID-00331-01,CO-100025-21,3,66,CD~CO-100025-21~*~*~3~66,CD,NULL," "," "," "," ","13272-3993      ",2027-10-07 00:00:00.000,2026-05-29 00:00:00.000,7400.00000000,0.00000000,0.00000000,0.00000000,7400.00000000
MTM2,CID-00331-01,CO-100025-21,4,39,CD~CO-100025-21~*~*~4~39,CD,NULL," "," "," "," ","13272-3994      ",2027-10-07 00:00:00.000,2026-05-29 00:00:00.000,16640.00000000,0.00000000,0.00000000,0.00000000,16640.00000000
MTM2,CID-00331-01,CO-100025-21,5,66,CD~CO-100025-21~*~*~5~66,CD,NULL," "," "," "," ","13272-4000      ",2027-10-07 00:00:00.000,2026-05-29 00:00:00.000,7520.00000000,0.00000000,0.00000000,0.00000000,7520.00000000
MTM2,CID-00331-01,CO-100025-21,7,66,CD~CO-100025-21~*~*~7~66,CD,NULL," "," "," "," ","49103-0016      ",2027-10-07 00:00:00.000,2026-05-29 00:00:00.000,7500.00000000,0.00000000,0.00000000,0.00000000,7500.00000000
MTM2,CID-00331-01,CO-100025-21,8,66,CD~CO-100025-21~*~*~8~66,CD,NULL," "," "," "," ","49103-0017      ",2027-10-07 00:00:00.000,2026-05-29 00:00:00.000,7000.00000000,0.00000000,0.00000000,0.00000000,7000.00000000
MTM2,CID-00045-01,CO-087125,1,924,CD~CO-087125~*~*~1~924,CD,NULL," "," "," "," ",0501 216 523,2027-10-05 00:00:00.000,2026-05-29 00:00:00.000,150.00000000,0.00000000,0.00000000,0.00000000,150.00000000
MTM2,CID-00347-01,CO-087118,1,355,CD~CO-087118~*~*~1~355,CD,NULL," "," "," "," ",1112.301.060,2027-10-04 00:00:00.000,2026-05-29 00:00:00.000,450.00000000,0.00000000,0.00000000,0.00000000,450.00000000
MTM2,CID-00660-03,CO-100001,1,42,CD~CO-100001~*~*~1~42,CD,NULL," "," "," "," ",64503,2027-10-04 00:00:00.000,2026-05-29 00:00:00.000,100.00000000,0.00000000,0.00000000,0.00000000,100.00000000
MTM2,CID-00660-03,CO-100001,2,14,CD~CO-100001~*~*~2~14,CD,NULL," "," "," "," ",64508,2027-10-04 00:00:00.000,2026-05-29 00:00:00.000,100.00000000,0.00000000,0.00000000,0.00000000,100.00000000
MTM2,CID-00660-03,CO-100001,4,59,CD~CO-100001~*~*~4~59,CD,NULL," "," "," "," ",1224196,2027-10-04 00:00:00.000,2026-05-29 00:00:00.000,120.00000000,0.00000000,0.00000000,0.00000000,120.00000000
MTM2,CID-00612-01,CO-100019,1,210,CD~CO-100019~*~*~1~210,CD,NULL," "," "," "," ",139014203,2027-10-03 00:00:00.000,2026-05-29 00:00:00.000,960.00000000,0.00000000,0.00000000,0.00000000,960.00000000
MTM2,CID-00612-01,CO-100019,4,110,CD~CO-100019~*~*~4~110,CD,NULL," "," "," "," ",139016310,2027-10-03 00:00:00.000,2026-05-29 00:00:00.000,960.00000000,0.00000000,0.00000000,0.00000000,960.00000000
MTM2,CID-00022-03,CO-100018-22,2,63,CD~CO-100018-22~*~*~2~63,CD,NULL," "," "," "," ",AKK46582,2027-10-01 00:00:00.000,2026-05-29 00:00:00.000,72.00000000,0.00000000,0.00000000,0.00000000,72.00000000
MTM2,CID-00022-03,CO-100018-22,3,58,CD~CO-100018-22~*~*~3~58,CD,NULL," "," "," "," ",AKK54380,2027-10-01 00:00:00.000,2026-05-29 00:00:00.000,80.00000000,0.00000000,0.00000000,0.00000000,80.00000000
MTM2,CID-00022-03,CO-100018-22,4,55,CD~CO-100018-22~*~*~4~55,CD,NULL," "," "," "," ",AKK57447,2027-10-01 00:00:00.000,2026-05-29 00:00:00.000,150.00000000,0.00000000,0.00000000,0.00000000,150.00000000
MTM2,CID-00022-03,CO-100018-22,4,56,CD~CO-100018-22~*~*~4~56,CD,NULL," "," "," "," ",AKK57447,2027-10-01 00:00:00.000,2026-05-29 00:00:00.000,30.00000000,0.00000000,0.00000000,0.00000000,30.00000000
MTM2,CID-00022-03,CO-100018-22,8,40,CD~CO-100018-22~*~*~8~40,CD,NULL," "," "," "," ",HXE186089HX1,2027-10-01 00:00:00.000,2026-05-29 00:00:00.000,720.00000000,0.00000000,0.00000000,0.00000000,720.00000000
MTM2,CID-00331-01,CO-100013-21,1,60,CD~CO-100013-21~*~*~1~60,CD,NULL," "," "," "," ","11057-7392      ",2027-09-30 00:00:00.000,2026-05-29 00:00:00.000,740.00000000,0.00000000,0.00000000,0.00000000,740.00000000
MTM2,CID-00331-01,CO-100013-21,2,64,CD~CO-100013-21~*~*~2~64,CD,NULL," "," "," "," ","11057-7822      ",2027-09-30 00:00:00.000,2026-05-29 00:00:00.000,15000.00000000,0.00000000,0.00000000,0.00000000,15000.00000000
MTM2,CID-00331-01,CO-100013-21,4,40,CD~CO-100013-21~*~*~4~40,CD,NULL," "," "," "," ","11058-4138      ",2027-09-30 00:00:00.000,2026-05-29 00:00:00.000,420.00000000,0.00000000,0.00000000,0.00000000,420.00000000
MTM2,CID-00331-01,CO-100013-21,5,53,CD~CO-100013-21~*~*~5~53,CD,NULL," "," "," "," ","11058-7355      ",2027-09-30 00:00:00.000,2026-05-29 00:00:00.000,600.00000000,0.00000000,0.00000000,0.00000000,600.00000000
MTM2,CID-00331-01,CO-100013-21,6,36,CD~CO-100013-21~*~*~6~36,CD,NULL," "," "," "," ","11058-7782      ",2027-09-30 00:00:00.000,2026-05-29 00:00:00.000,500.00000000,0.00000000,0.00000000,0.00000000,500.00000000
MTM2,CID-00331-01,CO-100013-21,10,31,CD~CO-100013-21~*~*~10~31,CD,NULL," "," "," "," ","13272-4001      ",2027-09-30 00:00:00.000,2026-05-29 00:00:00.000,2160.00000000,0.00000000,0.00000000,0.00000000,2160.00000000
MTM2,CID-00331-01,CO-100013-21,12,32,CD~CO-100013-21~*~*~12~32,CD,NULL," "," "," "," ","13272-7037      ",2027-09-30 00:00:00.000,2026-05-29 00:00:00.000,1140.00000000,0.00000000,0.00000000,0.00000000,1140.00000000
MTM2,CID-00331-01,CO-100013-21,16,66,CD~CO-100013-21~*~*~16~66,CD,NULL," "," "," "," ","27012-0922      ",2027-09-30 00:00:00.000,2026-05-29 00:00:00.000,585.00000000,0.00000000,0.00000000,0.00000000,585.00000000
MTM2,CID-00022-03,CO-100018-22,9,31,CD~CO-100018-22~*~*~9~31,CD,NULL," "," "," "," ",M88984MX1,2027-09-30 00:00:00.000,2026-05-29 00:00:00.000,200.00000000,0.00000000,0.00000000,0.00000000,200.00000000
MTM2,CID-00022-03,CO-100018-22,12,110,CD~CO-100018-22~*~*~12~110,CD,NULL," "," "," "," ",TA32317,2027-09-30 00:00:00.000,2026-05-29 00:00:00.000,240.00000000,0.00000000,0.00000000,0.00000000,240.00000000
MTM2,CID-00022-03,CO-100018-22,13,110,CD~CO-100018-22~*~*~13~110,CD,NULL," "," "," "," ",TA32318,2027-09-30 00:00:00.000,2026-05-29 00:00:00.000,240.00000000,0.00000000,0.00000000,0.00000000,240.00000000
MTM2,CID-00331-01,CO-100025-21,1,65,CD~CO-100025-21~*~*~1~65,CD,NULL," "," "," "," ","11057-7822      ",2027-09-30 00:00:00.000,2026-05-29 00:00:00.000,30000.00000000,0.00000000,0.00000000,0.00000000,30000.00000000
MTM2,CID-00331-01,CO-100025-21,2,64,CD~CO-100025-21~*~*~2~64,CD,NULL," "," "," "," ","13042-0804      ",2027-09-30 00:00:00.000,2026-05-29 00:00:00.000,5900.00000000,0.00000000,0.00000000,0.00000000,5900.00000000
MTM2,CID-00331-01,CO-100025-21,3,65,CD~CO-100025-21~*~*~3~65,CD,NULL," "," "," "," ","13272-3993      ",2027-09-30 00:00:00.000,2026-05-29 00:00:00.000,7600.00000000,0.00000000,0.00000000,0.00000000,7600.00000000
MTM2,CID-00331-01,CO-100025-21,5,65,CD~CO-100025-21~*~*~5~65,CD,NULL," "," "," "," ","13272-4000      ",2027-09-30 00:00:00.000,2026-05-29 00:00:00.000,7680.00000000,0.00000000,0.00000000,0.00000000,7680.00000000
MTM2,CID-00331-01,CO-100025-21,6,33,CD~CO-100025-21~*~*~6~33,CD,NULL," "," "," "," ","14093-1268      ",2027-09-30 00:00:00.000,2026-05-29 00:00:00.000,20160.00000000,0.00000000,0.00000000,0.00000000,20160.00000000
MTM2,CID-00331-01,CO-100025-21,7,65,CD~CO-100025-21~*~*~7~65,CD,NULL," "," "," "," ","49103-0016      ",2027-09-30 00:00:00.000,2026-05-29 00:00:00.000,7500.00000000,0.00000000,0.00000000,0.00000000,7500.00000000
MTM2,CID-00331-01,CO-100025-21,8,65,CD~CO-100025-21~*~*~8~65,CD,NULL," "," "," "," ","49103-0017      ",2027-09-30 00:00:00.000,2026-05-29 00:00:00.000,8000.00000000,0.00000000,0.00000000,0.00000000,8000.00000000
MTM2,CID-00331-01,CO-100025-21,9,48,CD~CO-100025-21~*~*~9~48,CD,NULL," "," "," "," ","92026-0921      ",2027-09-30 00:00:00.000,2026-05-29 00:00:00.000,13200.00000000,0.00000000,0.00000000,0.00000000,13200.00000000
MTM2,CID-00347-01,CO-087118,1,354,CD~CO-087118~*~*~1~354,CD,NULL," "," "," "," ",1112.301.060,2027-09-27 00:00:00.000,2026-05-29 00:00:00.000,450.00000000,0.00000000,0.00000000,0.00000000,450.00000000
MTM2,CID-00347-01,CO-087119,1,370,CD~CO-087119~*~*~1~370,CD,NULL," "," "," "," ",1112.397.001,2027-09-27 00:00:00.000,2026-05-29 00:00:00.000,450.00000000,0.00000000,0.00000000,0.00000000,450.00000000
MTM2,CID-00660-03,CO-100001,4,58,CD~CO-100001~*~*~4~58,CD,NULL," "," "," "," ",1224196,2027-09-27 00:00:00.000,2026-05-29 00:00:00.000,120.00000000,0.00000000,0.00000000,0.00000000,120.00000000
MTM2,CID-00194-01,CO-100003,16,93,CD~CO-100003~*~*~16~93,CD,NULL," "," "," "," ",3313131,2027-09-27 00:00:00.000,2026-05-29 00:00:00.000,70.00000000,0.00000000,0.00000000,0.00000000,70.00000000
MTM2,CID-00194-01,CO-100003,17,80,CD~CO-100003~*~*~17~80,CD,NULL," "," "," "," ",3313135,2027-09-27 00:00:00.000,2026-05-29 00:00:00.000,48.00000000,0.00000000,0.00000000,0.00000000,48.00000000
MTM2,CID-00022-03,CO-100018-22,6,51,CD~CO-100018-22~*~*~6~51,CD,NULL," "," "," "," ",AUC24108,2027-09-27 00:00:00.000,2026-05-29 00:00:00.000,740.00000000,0.00000000,0.00000000,0.00000000,740.00000000
MTM2,CID-00612-01,CO-100019,1,209,CD~CO-100019~*~*~1~209,CD,NULL," "," "," "," ",139014203,2027-09-26 00:00:00.000,2026-05-29 00:00:00.000,960.00000000,0.00000000,0.00000000,0.00000000,960.00000000
MTM2,CID-00612-01,CO-100019,4,109,CD~CO-100019~*~*~4~109,CD,NULL," "," "," "," ",139016310,2027-09-26 00:00:00.000,2026-05-29 00:00:00.000,960.00000000,0.00000000,0.00000000,0.00000000,960.00000000
MTM2,CID-00022-03,CO-100018-22,1,12,CD~CO-100018-22~*~*~1~12,CD,NULL," "," "," "," ",AKK29932,2027-09-24 00:00:00.000,2026-05-29 00:00:00.000,300.00000000,0.00000000,0.00000000,0.00000000,300.00000000
MTM2,CID-00022-03,CO-100018-22,2,62,CD~CO-100018-22~*~*~2~62,CD,NULL," "," "," "," ",AKK46582,2027-09-24 00:00:00.000,2026-05-29 00:00:00.000,72.00000000,0.00000000,0.00000000,0.00000000,72.00000000
MTM2,CID-00022-03,CO-100018-22,3,57,CD~CO-100018-22~*~*~3~57,CD,NULL," "," "," "," ",AKK54380,2027-09-24 00:00:00.000,2026-05-29 00:00:00.000,90.00000000,0.00000000,0.00000000,0.00000000,90.00000000
MTM2,CID-00022-03,CO-100018-22,4,54,CD~CO-100018-22~*~*~4~54,CD,NULL," "," "," "," ",AKK57447,2027-09-24 00:00:00.000,2026-05-29 00:00:00.000,150.00000000,0.00000000,0.00000000,0.00000000,150.00000000
MTM2,CID-00022-03,CO-100018-22,8,39,CD~CO-100018-22~*~*~8~39,CD,NULL," "," "," "," ",HXE186089HX1,2027-09-24 00:00:00.000,2026-05-29 00:00:00.000,720.00000000,0.00000000,0.00000000,0.00000000,720.00000000
MTM2,CID-00022-03,CO-100018-22,12,109,CD~CO-100018-22~*~*~12~109,CD,NULL," "," "," "," ",TA32317,2027-09-24 00:00:00.000,2026-05-29 00:00:00.000,240.00000000,0.00000000,0.00000000,0.00000000,240.00000000
MTM2,CID-00022-03,CO-100018-22,13,109,CD~CO-100018-22~*~*~13~109,CD,NULL," "," "," "," ",TA32318,2027-09-24 00:00:00.000,2026-05-29 00:00:00.000,240.00000000,0.00000000,0.00000000,0.00000000,240.00000000
MTM2,CID-00331-01,CO-100013-21,1,59,CD~CO-100013-21~*~*~1~59,CD,NULL," "," "," "," ","11057-7392      ",2027-09-23 00:00:00.000,2026-05-29 00:00:00.000,740.00000000,0.00000000,0.00000000,0.00000000,740.00000000
MTM2,CID-00331-01,CO-100013-21,2,63,CD~CO-100013-21~*~*~2~63,CD,NULL," "," "," "," ","11057-7822      ",2027-09-23 00:00:00.000,2026-05-29 00:00:00.000,15000.00000000,0.00000000,0.00000000,0.00000000,15000.00000000
MTM2,CID-00331-01,CO-100013-21,4,39,CD~CO-100013-21~*~*~4~39,CD,NULL," "," "," "," ","11058-4138      ",2027-09-23 00:00:00.000,2026-05-29 00:00:00.000,380.00000000,0.00000000,0.00000000,0.00000000,380.00000000
MTM2,CID-00331-01,CO-100013-21,5,52,CD~CO-100013-21~*~*~5~52,CD,NULL," "," "," "," ","11058-7355      ",2027-09-23 00:00:00.000,2026-05-29 00:00:00.000,300.00000000,0.00000000,0.00000000,0.00000000,300.00000000
MTM2,CID-00331-01,CO-100013-21,6,35,CD~CO-100013-21~*~*~6~35,CD,NULL," "," "," "," ","11058-7782      ",2027-09-23 00:00:00.000,2026-05-29 00:00:00.000,500.00000000,0.00000000,0.00000000,0.00000000,500.00000000
MTM2,CID-00331-01,CO-100013-21,7,55,CD~CO-100013-21~*~*~7~55,CD,NULL," "," "," "," ","13042-0804      ",2027-09-23 00:00:00.000,2026-05-29 00:00:00.000,5900.00000000,0.00000000,0.00000000,0.00000000,5900.00000000
MTM2,CID-00331-01,CO-100013-21,11,12,CD~CO-100013-21~*~*~11~12,CD,NULL," "," "," "," ","13272-4013      ",2027-09-23 00:00:00.000,2026-05-29 00:00:00.000,1800.00000000,0.00000000,0.00000000,0.00000000,1800.00000000
MTM2,CID-00331-01,CO-100013-21,16,65,CD~CO-100013-21~*~*~16~65,CD,NULL," "," "," "," ","27012-0922      ",2027-09-23 00:00:00.000,2026-05-29 00:00:00.000,715.00000000,0.00000000,0.00000000,0.00000000,715.00000000
MTM2,CID-00331-01,CO-100013-21,19,11,CD~CO-100013-21~*~*~19~11,CD,NULL," "," "," "," ","92026-0921      ",2027-09-23 00:00:00.000,2026-05-29 00:00:00.000,12600.00000000,0.00000000,0.00000000,0.00000000,12600.00000000
MTM2,CID-00022-03,CO-100018-22,2,61,CD~CO-100018-22~*~*~2~61,CD,NULL," "," "," "," ",AKK46582,2027-09-23 00:00:00.000,2026-05-29 00:00:00.000,216.00000000,0.00000000,0.00000000,0.00000000,216.00000000
MTM2,CID-00331-01,CO-100025-21,1,64,CD~CO-100025-21~*~*~1~64,CD,NULL," "," "," "," ","11057-7822      ",2027-09-23 00:00:00.000,2026-05-29 00:00:00.000,45000.00000000,0.00000000,0.00000000,0.00000000,45000.00000000
MTM2,CID-00331-01,CO-100025-21,2,63,CD~CO-100025-21~*~*~2~63,CD,NULL," "," "," "," ","13042-0804      ",2027-09-23 00:00:00.000,2026-05-29 00:00:00.000,12390.00000000,0.00000000,0.00000000,0.00000000,12390.00000000
MTM2,CID-00331-01,CO-100025-21,3,64,CD~CO-100025-21~*~*~3~64,CD,NULL," "," "," "," ","13272-3993      ",2027-09-23 00:00:00.000,2026-05-29 00:00:00.000,8400.00000000,0.00000000,0.00000000,0.00000000,8400.00000000
MTM2,CID-00331-01,CO-100025-21,4,38,CD~CO-100025-21~*~*~4~38,CD,NULL," "," "," "," ","13272-3994      ",2027-09-23 00:00:00.000,2026-05-29 00:00:00.000,16640.00000000,0.00000000,0.00000000,0.00000000,16640.00000000
MTM2,CID-00331-01,CO-100025-21,5,64,CD~CO-100025-21~*~*~5~64,CD,NULL," "," "," "," ","13272-4000      ",2027-09-23 00:00:00.000,2026-05-29 00:00:00.000,10080.00000000,0.00000000,0.00000000,0.00000000,10080.00000000
MTM2,CID-00331-01,CO-100025-21,7,64,CD~CO-100025-21~*~*~7~64,CD,NULL," "," "," "," ","49103-0016      ",2027-09-23 00:00:00.000,2026-05-29 00:00:00.000,8500.00000000,0.00000000,0.00000000,0.00000000,8500.00000000
MTM2,CID-00331-01,CO-100025-21,8,64,CD~CO-100025-21~*~*~8~64,CD,NULL," "," "," "," ","49103-0017      ",2027-09-23 00:00:00.000,2026-05-29 00:00:00.000,8000.00000000,0.00000000,0.00000000,0.00000000,8000.00000000
MTM2,CID-00331-01,CO-100025-21,9,47,CD~CO-100025-21~*~*~9~47,CD,NULL," "," "," "," ","92026-0921      ",2027-09-23 00:00:00.000,2026-05-29 00:00:00.000,13200.00000000,0.00000000,0.00000000,0.00000000,13200.00000000
MTM2,CID-00022-03,CO-100018-22,3,56,CD~CO-100018-22~*~*~3~56,CD,NULL," "," "," "," ",AKK54380,2027-09-22 00:00:00.000,2026-05-29 00:00:00.000,10.00000000,0.00000000,0.00000000,0.00000000,10.00000000
MTM2,CID-00045-01,CO-087125,1,923,CD~CO-087125~*~*~1~923,CD,NULL," "," "," "," ",0501 216 523,2027-09-21 00:00:00.000,2026-05-29 00:00:00.000,100.00000000,0.00000000,0.00000000,0.00000000,100.00000000
MTM2,CID-00347-01,CO-087118,1,353,CD~CO-087118~*~*~1~353,CD,NULL," "," "," "," ",1112.301.060,2027-09-20 00:00:00.000,2026-05-29 00:00:00.000,450.00000000,0.00000000,0.00000000,0.00000000,450.00000000
MTM2,CID-00347-01,CO-087119,1,369,CD~CO-087119~*~*~1~369,CD,NULL," "," "," "," ",1112.397.001,2027-09-20 00:00:00.000,2026-05-29 00:00:00.000,450.00000000,0.00000000,0.00000000,0.00000000,450.00000000
MTM2,CID-00660-03,CO-100001,1,41,CD~CO-100001~*~*~1~41,CD,NULL," "," "," "," ",64503,2027-09-20 00:00:00.000,2026-05-29 00:00:00.000,100.00000000,0.00000000,0.00000000,0.00000000,100.00000000
MTM2,CID-00660-03,CO-100001,4,57,CD~CO-100001~*~*~4~57,CD,NULL," "," "," "," ",1224196,2027-09-20 00:00:00.000,2026-05-29 00:00:00.000,60.00000000,0.00000000,0.00000000,0.00000000,60.00000000
MTM2,CID-00022-03,CO-100018-22,12,108,CD~CO-100018-22~*~*~12~108,CD,NULL," "," "," "," ",TA32317,2027-09-20 00:00:00.000,2026-05-29 00:00:00.000,240.00000000,0.00000000,0.00000000,0.00000000,240.00000000
MTM2,CID-00022-03,CO-100018-22,13,108,CD~CO-100018-22~*~*~13~108,CD,NULL," "," "," "," ",TA32318,2027-09-20 00:00:00.000,2026-05-29 00:00:00.000,240.00000000,0.00000000,0.00000000,0.00000000,240.00000000
MTM2,CID-00612-01,CO-100019,1,208,CD~CO-100019~*~*~1~208,CD,NULL," "," "," "," ",139014203,2027-09-19 00:00:00.000,2026-05-29 00:00:00.000,960.00000000,0.00000000,0.00000000,0.00000000,960.00000000
MTM2,CID-00612-01,CO-100019,4,108,CD~CO-100019~*~*~4~108,CD,NULL," "," "," "," ",139016310,2027-09-19 00:00:00.000,2026-05-29 00:00:00.000,960.00000000,0.00000000,0.00000000,0.00000000,960.00000000
MTM2,CID-00022-03,CO-100018-22,7,7,CD~CO-100018-22~*~*~7~7,CD,NULL," "," "," "," ",CB01515846,2027-09-18 00:00:00.000,2026-05-29 00:00:00.000,4.00000000,0.00000000,0.00000000,0.00000000,4.00000000
MTM2,CID-00022-03,CO-100018-22,2,60,CD~CO-100018-22~*~*~2~60,CD,NULL," "," "," "," ",AKK46582,2027-09-17 00:00:00.000,2026-05-29 00:00:00.000,96.00000000,0.00000000,0.00000000,0.00000000,96.00000000
MTM2,CID-00022-03,CO-100018-22,3,55,CD~CO-100018-22~*~*~3~55,CD,NULL," "," "," "," ",AKK54380,2027-09-17 00:00:00.000,2026-05-29 00:00:00.000,70.00000000,0.00000000,0.00000000,0.00000000,70.00000000
MTM2,CID-00022-03,CO-100018-22,4,53,CD~CO-100018-22~*~*~4~53,CD,NULL," "," "," "," ",AKK57447,2027-09-17 00:00:00.000,2026-05-29 00:00:00.000,180.00000000,0.00000000,0.00000000,0.00000000,180.00000000
MTM2,CID-00022-03,CO-100018-22,6,50,CD~CO-100018-22~*~*~6~50,CD,NULL," "," "," "," ",AUC24108,2027-09-17 00:00:00.000,2026-05-29 00:00:00.000,740.00000000,0.00000000,0.00000000,0.00000000,740.00000000
MTM2,CID-00022-03,CO-100018-22,8,38,CD~CO-100018-22~*~*~8~38,CD,NULL," "," "," "," ",HXE186089HX1,2027-09-17 00:00:00.000,2026-05-29 00:00:00.000,720.00000000,0.00000000,0.00000000,0.00000000,720.00000000
MTM2,CID-00331-01,CO-100013-21,1,58,CD~CO-100013-21~*~*~1~58,CD,NULL," "," "," "," ","11057-7392      ",2027-09-16 00:00:00.000,2026-05-29 00:00:00.000,740.00000000,0.00000000,0.00000000,0.00000000,740.00000000
MTM2,CID-00331-01,CO-100013-21,2,62,CD~CO-100013-21~*~*~2~62,CD,NULL," "," "," "," ","11057-7822      ",2027-09-16 00:00:00.000,2026-05-29 00:00:00.000,15000.00000000,0.00000000,0.00000000,0.00000000,15000.00000000
MTM2,CID-00331-01,CO-100013-21,3,58,CD~CO-100013-21~*~*~3~58,CD,NULL," "," "," "," ","11057-7975      ",2027-09-16 00:00:00.000,2026-05-29 00:00:00.000,280.00000000,0.00000000,0.00000000,0.00000000,280.00000000
MTM2,CID-00331-01,CO-100013-21,4,38,CD~CO-100013-21~*~*~4~38,CD,NULL," "," "," "," ","11058-4138      ",2027-09-16 00:00:00.000,2026-05-29 00:00:00.000,340.00000000,0.00000000,0.00000000,0.00000000,340.00000000
MTM2,CID-00331-01,CO-100013-21,5,51,CD~CO-100013-21~*~*~5~51,CD,NULL," "," "," "," ","11058-7355      ",2027-09-16 00:00:00.000,2026-05-29 00:00:00.000,300.00000000,0.00000000,0.00000000,0.00000000,300.00000000
MTM2,CID-00331-01,CO-100013-21,6,34,CD~CO-100013-21~*~*~6~34,CD,NULL," "," "," "," ","11058-7782      ",2027-09-16 00:00:00.000,2026-05-29 00:00:00.000,250.00000000,0.00000000,0.00000000,0.00000000,250.00000000
MTM2,CID-00331-01,CO-100013-21,8,21,CD~CO-100013-21~*~*~8~21,CD,NULL," "," "," "," ","13272-3994      ",2027-09-16 00:00:00.000,2026-05-29 00:00:00.000,18200.00000000,0.00000000,0.00000000,0.00000000,18200.00000000
MTM2,CID-00331-01,CO-100013-21,10,30,CD~CO-100013-21~*~*~10~30,CD,NULL," "," "," "," ","13272-4001      ",2027-09-16 00:00:00.000,2026-05-29 00:00:00.000,2160.00000000,0.00000000,0.00000000,0.00000000,2160.00000000
MTM2,CID-00331-01,CO-100013-21,12,31,CD~CO-100013-21~*~*~12~31,CD,NULL," "," "," "," ","13272-7037      ",2027-09-16 00:00:00.000,2026-05-29 00:00:00.000,1140.00000000,0.00000000,0.00000000,0.00000000,1140.00000000
MTM2,CID-00331-01,CO-100013-21,14,56,CD~CO-100013-21~*~*~14~56,CD,NULL," "," "," "," ","27012-0857D      ",2027-09-16 00:00:00.000,2026-05-29 00:00:00.000,1200.00000000,0.00000000,0.00000000,0.00000000,1200.00000000
MTM2,CID-00331-01,CO-100013-21,15,47,CD~CO-100013-21~*~*~15~47,CD,NULL," "," "," "," ","27012-0917      ",2027-09-16 00:00:00.000,2026-05-29 00:00:00.000,550.00000000,0.00000000,0.00000000,0.00000000,550.00000000
MTM2,CID-00331-01,CO-100013-21,16,64,CD~CO-100013-21~*~*~16~64,CD,NULL," "," "," "," ","27012-0922      ",2027-09-16 00:00:00.000,2026-05-29 00:00:00.000,650.00000000,0.00000000,0.00000000,0.00000000,650.00000000
MTM2,CID-00331-01,CO-100013-21,17,29,CD~CO-100013-21~*~*~17~29,CD,NULL," "," "," "," ","49103-0016      ",2027-09-16 00:00:00.000,2026-05-29 00:00:00.000,8500.00000000,0.00000000,0.00000000,0.00000000,8500.00000000
MTM2,CID-00022-03,CO-100018-22,2,59,CD~CO-100018-22~*~*~2~59,CD,NULL," "," "," "," ",AKK46582,2027-09-16 00:00:00.000,2026-05-29 00:00:00.000,72.00000000,0.00000000,0.00000000,0.00000000,72.00000000
MTM2,CID-00331-01,CO-100025-21,1,63,CD~CO-100025-21~*~*~1~63,CD,NULL," "," "," "," ","11057-7822      ",2027-09-16 00:00:00.000,2026-05-29 00:00:00.000,33500.00000000,0.00000000,0.00000000,0.00000000,33500.00000000
MTM2,CID-00331-01,CO-100025-21,2,62,CD~CO-100025-21~*~*~2~62,CD,NULL," "," "," "," ","13042-0804      ",2027-09-16 00:00:00.000,2026-05-29 00:00:00.000,5900.00000000,0.00000000,0.00000000,0.00000000,5900.00000000
MTM2,CID-00331-01,CO-100025-21,3,63,CD~CO-100025-21~*~*~3~63,CD,NULL," "," "," "," ","13272-3993      ",2027-09-16 00:00:00.000,2026-05-29 00:00:00.000,8000.00000000,0.00000000,0.00000000,0.00000000,8000.00000000
MTM2,CID-00331-01,CO-100025-21,5,63,CD~CO-100025-21~*~*~5~63,CD,NULL," "," "," "," ","13272-4000      ",2027-09-16 00:00:00.000,2026-05-29 00:00:00.000,8160.00000000,0.00000000,0.00000000,0.00000000,8160.00000000
MTM2,CID-00331-01,CO-100025-21,7,63,CD~CO-100025-21~*~*~7~63,CD,NULL," "," "," "," ","49103-0016      ",2027-09-16 00:00:00.000,2026-05-29 00:00:00.000,8000.00000000,0.00000000,0.00000000,0.00000000,8000.00000000
MTM2,CID-00331-01,CO-100025-21,8,63,CD~CO-100025-21~*~*~8~63,CD,NULL," "," "," "," ","49103-0017      ",2027-09-16 00:00:00.000,2026-05-29 00:00:00.000,8000.00000000,0.00000000,0.00000000,0.00000000,8000.00000000
MTM2,CID-00045-01,CO-087125,1,922,CD~CO-087125~*~*~1~922,CD,NULL," "," "," "," ",0501 216 523,2027-09-14 00:00:00.000,2026-05-29 00:00:00.000,50.00000000,0.00000000,0.00000000,0.00000000,50.00000000
MTM2,CID-00022-03,CO-100018-22,12,107,CD~CO-100018-22~*~*~12~107,CD,NULL," "," "," "," ",TA32317,2027-09-14 00:00:00.000,2026-05-29 00:00:00.000,240.00000000,0.00000000,0.00000000,0.00000000,240.00000000
MTM2,CID-00022-03,CO-100018-22,13,107,CD~CO-100018-22~*~*~13~107,CD,NULL," "," "," "," ",TA32318,2027-09-14 00:00:00.000,2026-05-29 00:00:00.000,240.00000000,0.00000000,0.00000000,0.00000000,240.00000000
MTM2,CID-00347-01,CO-087118,1,352,CD~CO-087118~*~*~1~352,CD,NULL," "," "," "," ",1112.301.060,2027-09-13 00:00:00.000,2026-05-29 00:00:00.000,450.00000000,0.00000000,0.00000000,0.00000000,450.00000000
MTM2,CID-00347-01,CO-087119,1,368,CD~CO-087119~*~*~1~368,CD,NULL," "," "," "," ",1112.397.001,2027-09-13 00:00:00.000,2026-05-29 00:00:00.000,450.00000000,0.00000000,0.00000000,0.00000000,450.00000000
MTM2,CID-00660-03,CO-100001,1,40,CD~CO-100001~*~*~1~40,CD,NULL," "," "," "," ",64503,2027-09-13 00:00:00.000,2026-05-29 00:00:00.000,100.00000000,0.00000000,0.00000000,0.00000000,100.00000000
MTM2,CID-00660-03,CO-100001,4,56,CD~CO-100001~*~*~4~56,CD,NULL," "," "," "," ",1224196,2027-09-13 00:00:00.000,2026-05-29 00:00:00.000,120.00000000,0.00000000,0.00000000,0.00000000,120.00000000
MTM2,CID-00612-01,CO-100019,1,207,CD~CO-100019~*~*~1~207,CD,NULL," "," "," "," ",139014203,2027-09-12 00:00:00.000,2026-05-29 00:00:00.000,960.00000000,0.00000000,0.00000000,0.00000000,960.00000000
MTM2,CID-00612-01,CO-100019,4,107,CD~CO-100019~*~*~4~107,CD,NULL," "," "," "," ",139016310,2027-09-12 00:00:00.000,2026-05-29 00:00:00.000,960.00000000,0.00000000,0.00000000,0.00000000,960.00000000
MTM2,CID-00022-03,CO-100018-22,2,58,CD~CO-100018-22~*~*~2~58,CD,NULL," "," "," "," ",AKK46582,2027-09-10 00:00:00.000,2026-05-29 00:00:00.000,72.00000000,0.00000000,0.00000000,0.00000000,72.00000000
MTM2,CID-00022-03,CO-100018-22,3,54,CD~CO-100018-22~*~*~3~54,CD,NULL," "," "," "," ",AKK54380,2027-09-10 00:00:00.000,2026-05-29 00:00:00.000,90.00000000,0.00000000,0.00000000,0.00000000,90.00000000
MTM2,CID-00022-03,CO-100018-22,4,52,CD~CO-100018-22~*~*~4~52,CD,NULL," "," "," "," ",AKK57447,2027-09-10 00:00:00.000,2026-05-29 00:00:00.000,150.00000000,0.00000000,0.00000000,0.00000000,150.00000000
MTM2,CID-00022-03,CO-100018-22,8,37,CD~CO-100018-22~*~*~8~37,CD,NULL," "," "," "," ",HXE186089HX1,2027-09-10 00:00:00.000,2026-05-29 00:00:00.000,720.00000000,0.00000000,0.00000000,0.00000000,720.00000000
MTM2,CID-00022-03,CO-100018-22,9,30,CD~CO-100018-22~*~*~9~30,CD,NULL," "," "," "," ",M88984MX1,2027-09-10 00:00:00.000,2026-05-29 00:00:00.000,200.00000000,0.00000000,0.00000000,0.00000000,200.00000000
MTM2,CID-00331-01,CO-100013-21,1,57,CD~CO-100013-21~*~*~1~57,CD,NULL," "," "," "," ","11057-7392      ",2027-09-09 00:00:00.000,2026-05-29 00:00:00.000,370.00000000,0.00000000,0.00000000,0.00000000,370.00000000
MTM2,CID-00331-01,CO-100013-21,2,61,CD~CO-100013-21~*~*~2~61,CD,NULL," "," "," "," ","11057-7822      ",2027-09-09 00:00:00.000,2026-05-29 00:00:00.000,15000.00000000,0.00000000,0.00000000,0.00000000,15000.00000000
MTM2,CID-00331-01,CO-100013-21,3,57,CD~CO-100013-21~*~*~3~57,CD,NULL," "," "," "," ","11057-7975      ",2027-09-09 00:00:00.000,2026-05-29 00:00:00.000,280.00000000,0.00000000,0.00000000,0.00000000,280.00000000
MTM2,CID-00331-01,CO-100013-21,4,37,CD~CO-100013-21~*~*~4~37,CD,NULL," "," "," "," ","11058-4138      ",2027-09-09 00:00:00.000,2026-05-29 00:00:00.000,360.00000000,0.00000000,0.00000000,0.00000000,360.00000000
MTM2,CID-00331-01,CO-100013-21,5,50,CD~CO-100013-21~*~*~5~50,CD,NULL," "," "," "," ","11058-7355      ",2027-09-09 00:00:00.000,2026-05-29 00:00:00.000,300.00000000,0.00000000,0.00000000,0.00000000,300.00000000
MTM2,CID-00331-01,CO-100013-21,6,33,CD~CO-100013-21~*~*~6~33,CD,NULL," "," "," "," ","11058-7782      ",2027-09-09 00:00:00.000,2026-05-29 00:00:00.000,500.00000000,0.00000000,0.00000000,0.00000000,500.00000000
MTM2,CID-00331-01,CO-100013-21,7,54,CD~CO-100013-21~*~*~7~54,CD,NULL," "," "," "," ","13042-0804      ",2027-09-09 00:00:00.000,2026-05-29 00:00:00.000,5900.00000000,0.00000000,0.00000000,0.00000000,5900.00000000
MTM2,CID-00331-01,CO-100013-21,9,18,CD~CO-100013-21~*~*~9~18,CD,NULL," "," "," "," ","13272-4000      ",2027-09-09 00:00:00.000,2026-05-29 00:00:00.000,19040.00000000,0.00000000,0.00000000,0.00000000,19040.00000000
MTM2,CID-00331-01,CO-100013-21,13,40,CD~CO-100013-21~*~*~13~40,CD,NULL," "," "," "," ","14093-1268      ",2027-09-09 00:00:00.000,2026-05-29 00:00:00.000,6020.00000000,0.00000000,0.00000000,0.00000000,6020.00000000
MTM2,CID-00331-01,CO-100013-21,14,55,CD~CO-100013-21~*~*~14~55,CD,NULL," "," "," "," ","27012-0857D      ",2027-09-09 00:00:00.000,2026-05-29 00:00:00.000,600.00000000,0.00000000,0.00000000,0.00000000,600.00000000
MTM2,CID-00331-01,CO-100013-21,15,46,CD~CO-100013-21~*~*~15~46,CD,NULL," "," "," "," ","27012-0917      ",2027-09-09 00:00:00.000,2026-05-29 00:00:00.000,550.00000000,0.00000000,0.00000000,0.00000000,550.00000000
MTM2,CID-00331-01,CO-100013-21,16,63,CD~CO-100013-21~*~*~16~63,CD,NULL," "," "," "," ","27012-0922      ",2027-09-09 00:00:00.000,2026-05-29 00:00:00.000,520.00000000,0.00000000,0.00000000,0.00000000,520.00000000
MTM2,CID-00331-01,CO-100013-21,18,29,CD~CO-100013-21~*~*~18~29,CD,NULL," "," "," "," ","49103-0017      ",2027-09-09 00:00:00.000,2026-05-29 00:00:00.000,8600.00000000,0.00000000,0.00000000,0.00000000,8600.00000000
MTM2,CID-00022-03,CO-100018-22,9,29,CD~CO-100018-22~*~*~9~29,CD,NULL," "," "," "," ",M88984MX1,2027-09-09 00:00:00.000,2026-05-29 00:00:00.000,200.00000000,0.00000000,0.00000000,0.00000000,200.00000000
MTM2,CID-00331-01,CO-100025-21,1,62,CD~CO-100025-21~*~*~1~62,CD,NULL," "," "," "," ","11057-7822      ",2027-09-09 00:00:00.000,2026-05-29 00:00:00.000,33500.00000000,0.00000000,0.00000000,0.00000000,33500.00000000
MTM2,CID-00331-01,CO-100025-21,2,61,CD~CO-100025-21~*~*~2~61,CD,NULL," "," "," "," ","13042-0804      ",2027-09-09 00:00:00.000,2026-05-29 00:00:00.000,11800.00000000,0.00000000,0.00000000,0.00000000,11800.00000000
MTM2,CID-00331-01,CO-100025-21,3,62,CD~CO-100025-21~*~*~3~62,CD,NULL," "," "," "," ","13272-3993      ",2027-09-09 00:00:00.000,2026-05-29 00:00:00.000,8000.00000000,0.00000000,0.00000000,0.00000000,8000.00000000
MTM2,CID-00331-01,CO-100025-21,4,37,CD~CO-100025-21~*~*~4~37,CD,NULL," "," "," "," ","13272-3994      ",2027-09-09 00:00:00.000,2026-05-29 00:00:00.000,16640.00000000,0.00000000,0.00000000,0.00000000,16640.00000000
MTM2,CID-00331-01,CO-100025-21,5,62,CD~CO-100025-21~*~*~5~62,CD,NULL," "," "," "," ","13272-4000      ",2027-09-09 00:00:00.000,2026-05-29 00:00:00.000,7840.00000000,0.00000000,0.00000000,0.00000000,7840.00000000
MTM2,CID-00331-01,CO-100025-21,6,32,CD~CO-100025-21~*~*~6~32,CD,NULL," "," "," "," ","14093-1268      ",2027-09-09 00:00:00.000,2026-05-29 00:00:00.000,20160.00000000,0.00000000,0.00000000,0.00000000,20160.00000000
MTM2,CID-00331-01,CO-100025-21,7,62,CD~CO-100025-21~*~*~7~62,CD,NULL," "," "," "," ","49103-0016      ",2027-09-09 00:00:00.000,2026-05-29 00:00:00.000,8000.00000000,0.00000000,0.00000000,0.00000000,8000.00000000
MTM2,CID-00331-01,CO-100025-21,8,62,CD~CO-100025-21~*~*~8~62,CD,NULL," "," "," "," ","49103-0017      ",2027-09-09 00:00:00.000,2026-05-29 00:00:00.000,8000.00000000,0.00000000,0.00000000,0.00000000,8000.00000000
MTM2,CID-00331-01,CO-100025-21,9,46,CD~CO-100025-21~*~*~9~46,CD,NULL," "," "," "," ","92026-0921      ",2027-09-09 00:00:00.000,2026-05-29 00:00:00.000,13200.00000000,0.00000000,0.00000000,0.00000000,13200.00000000
MTM2,CID-00022-03,CO-100018-22,12,106,CD~CO-100018-22~*~*~12~106,CD,NULL," "," "," "," ",TA32317,2027-09-08 00:00:00.000,2026-05-29 00:00:00.000,240.00000000,0.00000000,0.00000000,0.00000000,240.00000000
MTM2,CID-00022-03,CO-100018-22,13,106,CD~CO-100018-22~*~*~13~106,CD,NULL," "," "," "," ",TA32318,2027-09-08 00:00:00.000,2026-05-29 00:00:00.000,240.00000000,0.00000000,0.00000000,0.00000000,240.00000000
MTM2,CID-00045-01,CO-087125,1,921,CD~CO-087125~*~*~1~921,CD,NULL," "," "," "," ",0501 216 523,2027-09-07 00:00:00.000,2026-05-29 00:00:00.000,100.00000000,0.00000000,0.00000000,0.00000000,100.00000000
MTM2,CID-00347-01,CO-087118,1,351,CD~CO-087118~*~*~1~351,CD,NULL," "," "," "," ",1112.301.060,2027-09-06 00:00:00.000,2026-05-29 00:00:00.000,450.00000000,0.00000000,0.00000000,0.00000000,450.00000000
MTM2,CID-00347-01,CO-087119,1,367,CD~CO-087119~*~*~1~367,CD,NULL," "," "," "," ",1112.397.001,2027-09-06 00:00:00.000,2026-05-29 00:00:00.000,450.00000000,0.00000000,0.00000000,0.00000000,450.00000000
MTM2,CID-00660-03,CO-100001,2,13,CD~CO-100001~*~*~2~13,CD,NULL," "," "," "," ",64508,2027-09-06 00:00:00.000,2026-05-29 00:00:00.000,100.00000000,0.00000000,0.00000000,0.00000000,100.00000000
MTM2,CID-00660-03,CO-100001,4,55,CD~CO-100001~*~*~4~55,CD,NULL," "," "," "," ",1224196,2027-09-06 00:00:00.000,2026-05-29 00:00:00.000,60.00000000,0.00000000,0.00000000,0.00000000,60.00000000
MTM2,CID-00022-03,CO-100018-22,6,49,CD~CO-100018-22~*~*~6~49,CD,NULL," "," "," "," ",AUC24108,2027-09-06 00:00:00.000,2026-05-29 00:00:00.000,740.00000000,0.00000000,0.00000000,0.00000000,740.00000000
MTM2,CID-00612-01,CO-100019,1,206,CD~CO-100019~*~*~1~206,CD,NULL," "," "," "," ",139014203,2027-09-05 00:00:00.000,2026-05-29 00:00:00.000,960.00000000,0.00000000,0.00000000,0.00000000,960.00000000
MTM2,CID-00612-01,CO-100019,4,106,CD~CO-100019~*~*~4~106,CD,NULL," "," "," "," ",139016310,2027-09-05 00:00:00.000,2026-05-29 00:00:00.000,960.00000000,0.00000000,0.00000000,0.00000000,960.00000000
MTM2,CID-00022-03,CO-100018-22,15,33,CD~CO-100018-22~*~*~15~33,CD,NULL," "," "," "," ",UC46986,2027-09-04 00:00:00.000,2026-05-29 00:00:00.000,54.00000000,0.00000000,0.00000000,0.00000000,54.00000000
MTM2,CID-00022-03,CO-100018-22,16,33,CD~CO-100018-22~*~*~16~33,CD,NULL," "," "," "," ",UC46987,2027-09-04 00:00:00.000,2026-05-29 00:00:00.000,54.00000000,0.00000000,0.00000000,0.00000000,54.00000000
MTM2,CID-00331-01,CO-100013-21,1,56,CD~CO-100013-21~*~*~1~56,CD,NULL," "," "," "," ","11057-7392      ",2027-09-02 00:00:00.000,2026-05-29 00:00:00.000,370.00000000,0.00000000,0.00000000,0.00000000,370.00000000
MTM2,CID-00331-01,CO-100013-21,2,60,CD~CO-100013-21~*~*~2~60,CD,NULL," "," "," "," ","11057-7822      ",2027-09-02 00:00:00.000,2026-05-29 00:00:00.000,15000.00000000,0.00000000,0.00000000,0.00000000,15000.00000000
MTM2,CID-00331-01,CO-100013-21,3,56,CD~CO-100013-21~*~*~3~56,CD,NULL," "," "," "," ","11057-7975      ",2027-09-02 00:00:00.000,2026-05-29 00:00:00.000,280.00000000,0.00000000,0.00000000,0.00000000,280.00000000
MTM2,CID-00331-01,CO-100013-21,4,36,CD~CO-100013-21~*~*~4~36,CD,NULL," "," "," "," ","11058-4138      ",2027-09-02 00:00:00.000,2026-05-29 00:00:00.000,80.00000000,0.00000000,0.00000000,0.00000000,80.00000000
MTM2,CID-00331-01,CO-100013-21,7,53,CD~CO-100013-21~*~*~7~53,CD,NULL," "," "," "," ","13042-0804      ",2027-09-02 00:00:00.000,2026-05-29 00:00:00.000,5900.00000000,0.00000000,0.00000000,0.00000000,5900.00000000
MTM2,CID-00331-01,CO-100013-21,10,29,CD~CO-100013-21~*~*~10~29,CD,NULL," "," "," "," ","13272-4001      ",2027-09-02 00:00:00.000,2026-05-29 00:00:00.000,2160.00000000,0.00000000,0.00000000,0.00000000,2160.00000000
MTM2,CID-00331-01,CO-100013-21,12,30,CD~CO-100013-21~*~*~12~30,CD,NULL," "," "," "," ","13272-7037      ",2027-09-02 00:00:00.000,2026-05-29 00:00:00.000,1140.00000000,0.00000000,0.00000000,0.00000000,1140.00000000
MTM2,CID-00331-01,CO-100013-21,14,54,CD~CO-100013-21~*~*~14~54,CD,NULL," "," "," "," ","27012-0857D      ",2027-09-02 00:00:00.000,2026-05-29 00:00:00.000,600.00000000,0.00000000,0.00000000,0.00000000,600.00000000
MTM2,CID-00331-01,CO-100013-21,15,45,CD~CO-100013-21~*~*~15~45,CD,NULL," "," "," "," ","27012-0917      ",2027-09-02 00:00:00.000,2026-05-29 00:00:00.000,550.00000000,0.00000000,0.00000000,0.00000000,550.00000000
MTM2,CID-00331-01,CO-100013-21,16,62,CD~CO-100013-21~*~*~16~62,CD,NULL," "," "," "," ","27012-0922      ",2027-09-02 00:00:00.000,2026-05-29 00:00:00.000,520.00000000,0.00000000,0.00000000,0.00000000,520.00000000
MTM2,CID-00022-03,CO-100018-22,2,57,CD~CO-100018-22~*~*~2~57,CD,NULL," "," "," "," ",AKK46582,2027-09-02 00:00:00.000,2026-05-29 00:00:00.000,96.00000000,0.00000000,0.00000000,0.00000000,96.00000000
MTM2,CID-00022-03,CO-100018-22,3,53,CD~CO-100018-22~*~*~3~53,CD,NULL," "," "," "," ",AKK54380,2027-09-02 00:00:00.000,2026-05-29 00:00:00.000,100.00000000,0.00000000,0.00000000,0.00000000,100.00000000
MTM2,CID-00022-03,CO-100018-22,4,51,CD~CO-100018-22~*~*~4~51,CD,NULL," "," "," "," ",AKK57447,2027-09-02 00:00:00.000,2026-05-29 00:00:00.000,210.00000000,0.00000000,0.00000000,0.00000000,210.00000000
MTM2,CID-00022-03,CO-100018-22,8,36,CD~CO-100018-22~*~*~8~36,CD,NULL," "," "," "," ",HXE186089HX1,2027-09-02 00:00:00.000,2026-05-29 00:00:00.000,720.00000000,0.00000000,0.00000000,0.00000000,720.00000000
MTM2,CID-00331-01,CO-100025-21,1,61,CD~CO-100025-21~*~*~1~61,CD,NULL," "," "," "," ","11057-7822      ",2027-09-02 00:00:00.000,2026-05-29 00:00:00.000,30000.00000000,0.00000000,0.00000000,0.00000000,30000.00000000
MTM2,CID-00331-01,CO-100025-21,2,60,CD~CO-100025-21~*~*~2~60,CD,NULL," "," "," "," ","13042-0804      ",2027-09-02 00:00:00.000,2026-05-29 00:00:00.000,7080.00000000,0.00000000,0.00000000,0.00000000,7080.00000000
MTM2,CID-00331-01,CO-100025-21,3,61,CD~CO-100025-21~*~*~3~61,CD,NULL," "," "," "," ","13272-3993      ",2027-09-02 00:00:00.000,2026-05-29 00:00:00.000,7800.00000000,0.00000000,0.00000000,0.00000000,7800.00000000
MTM2,CID-00331-01,CO-100025-21,5,61,CD~CO-100025-21~*~*~5~61,CD,NULL," "," "," "," ","13272-4000      ",2027-09-02 00:00:00.000,2026-05-29 00:00:00.000,7840.00000000,0.00000000,0.00000000,0.00000000,7840.00000000
MTM2,CID-00331-01,CO-100025-21,7,61,CD~CO-100025-21~*~*~7~61,CD,NULL," "," "," "," ","49103-0016      ",2027-09-02 00:00:00.000,2026-05-29 00:00:00.000,8000.00000000,0.00000000,0.00000000,0.00000000,8000.00000000
MTM2,CID-00331-01,CO-100025-21,8,61,CD~CO-100025-21~*~*~8~61,CD,NULL," "," "," "," ","49103-0017      ",2027-09-02 00:00:00.000,2026-05-29 00:00:00.000,8000.00000000,0.00000000,0.00000000,0.00000000,8000.00000000
MTM2,CID-00045-01,CO-087125,1,920,CD~CO-087125~*~*~1~920,CD,NULL," "," "," "," ",0501 216 523,2027-09-01 00:00:00.000,2026-05-29 00:00:00.000,50.00000000,0.00000000,0.00000000,0.00000000,50.00000000
MTM2,CID-00022-03,CO-100018-22,12,105,CD~CO-100018-22~*~*~12~105,CD,NULL," "," "," "," ",TA32317,2027-09-01 00:00:00.000,2026-05-29 00:00:00.000,240.00000000,0.00000000,0.00000000,0.00000000,240.00000000
MTM2,CID-00022-03,CO-100018-22,13,105,CD~CO-100018-22~*~*~13~105,CD,NULL," "," "," "," ",TA32318,2027-09-01 00:00:00.000,2026-05-29 00:00:00.000,240.00000000,0.00000000,0.00000000,0.00000000,240.00000000
MTM2,CID-00347-01,CO-087118,1,350,CD~CO-087118~*~*~1~350,CD,NULL," "," "," "," ",1112.301.060,2027-08-30 00:00:00.000,2026-05-29 00:00:00.000,450.00000000,0.00000000,0.00000000,0.00000000,450.00000000
MTM2,CID-00347-01,CO-087119,1,366,CD~CO-087119~*~*~1~366,CD,NULL," "," "," "," ",1112.397.001,2027-08-30 00:00:00.000,2026-05-29 00:00:00.000,450.00000000,0.00000000,0.00000000,0.00000000,450.00000000
MTM2,CID-00660-03,CO-100001,1,39,CD~CO-100001~*~*~1~39,CD,NULL," "," "," "," ",64503,2027-08-30 00:00:00.000,2026-05-29 00:00:00.000,100.00000000,0.00000000,0.00000000,0.00000000,100.00000000
MTM2,CID-00660-03,CO-100001,4,54,CD~CO-100001~*~*~4~54,CD,NULL," "," "," "," ",1224196,2027-08-30 00:00:00.000,2026-05-29 00:00:00.000,120.00000000,0.00000000,0.00000000,0.00000000,120.00000000
MTM2,CID-00194-01,CO-100003,16,90,CD~CO-100003~*~*~16~90,CD,NULL," "," "," "," ",3313131,2027-08-30 00:00:00.000,2026-05-29 00:00:00.000,70.00000000,0.00000000,0.00000000,0.00000000,70.00000000
MTM2,CID-00194-01,CO-100003,17,79,CD~CO-100003~*~*~17~79,CD,NULL," "," "," "," ",3313135,2027-08-30 00:00:00.000,2026-05-29 00:00:00.000,96.00000000,0.00000000,0.00000000,0.00000000,96.00000000
MTM2,CID-00022-03,CO-100018-22,3,52,CD~CO-100018-22~*~*~3~52,CD,NULL," "," "," "," ",AKK54380,2027-08-30 00:00:00.000,2026-05-29 00:00:00.000,10.00000000,0.00000000,0.00000000,0.00000000,10.00000000
MTM2,CID-00612-01,CO-100019,1,205,CD~CO-100019~*~*~1~205,CD,NULL," "," "," "," ",139014203,2027-08-29 00:00:00.000,2026-05-29 00:00:00.000,984.00000000,0.00000000,0.00000000,0.00000000,984.00000000
MTM2,CID-00612-01,CO-100019,4,105,CD~CO-100019~*~*~4~105,CD,NULL," "," "," "," ",139016310,2027-08-29 00:00:00.000,2026-05-29 00:00:00.000,984.00000000,0.00000000,0.00000000,0.00000000,984.00000000
MTM2,CID-00022-03,CO-100018-22,2,56,CD~CO-100018-22~*~*~2~56,CD,NULL," "," "," "," ",AKK46582,2027-08-27 00:00:00.000,2026-05-29 00:00:00.000,144.00000000,0.00000000,0.00000000,0.00000000,144.00000000
MTM2,CID-00022-03,CO-100018-22,4,50,CD~CO-100018-22~*~*~4~50,CD,NULL," "," "," "," ",AKK57447,2027-08-27 00:00:00.000,2026-05-29 00:00:00.000,30.00000000,0.00000000,0.00000000,0.00000000,30.00000000
MTM2,CID-00331-01,CO-100013-21,1,55,CD~CO-100013-21~*~*~1~55,CD,NULL," "," "," "," ","11057-7392      ",2027-08-26 00:00:00.000,2026-05-29 00:00:00.000,370.00000000,0.00000000,0.00000000,0.00000000,370.00000000
MTM2,CID-00331-01,CO-100013-21,3,55,CD~CO-100013-21~*~*~3~55,CD,NULL," "," "," "," ","11057-7975      ",2027-08-26 00:00:00.000,2026-05-29 00:00:00.000,140.00000000,0.00000000,0.00000000,0.00000000,140.00000000
MTM2,CID-00331-01,CO-100013-21,4,35,CD~CO-100013-21~*~*~4~35,CD,NULL," "," "," "," ","11058-4138      ",2027-08-26 00:00:00.000,2026-05-29 00:00:00.000,260.00000000,0.00000000,0.00000000,0.00000000,260.00000000
MTM2,CID-00331-01,CO-100013-21,5,49,CD~CO-100013-21~*~*~5~49,CD,NULL," "," "," "," ","11058-7355      ",2027-08-26 00:00:00.000,2026-05-29 00:00:00.000,300.00000000,0.00000000,0.00000000,0.00000000,300.00000000
MTM2,CID-00331-01,CO-100013-21,6,32,CD~CO-100013-21~*~*~6~32,CD,NULL," "," "," "," ","11058-7782      ",2027-08-26 00:00:00.000,2026-05-29 00:00:00.000,250.00000000,0.00000000,0.00000000,0.00000000,250.00000000
MTM2,CID-00331-01,CO-100013-21,14,53,CD~CO-100013-21~*~*~14~53,CD,NULL," "," "," "," ","27012-0857D      ",2027-08-26 00:00:00.000,2026-05-29 00:00:00.000,600.00000000,0.00000000,0.00000000,0.00000000,600.00000000
MTM2,CID-00331-01,CO-100013-21,16,61,CD~CO-100013-21~*~*~16~61,CD,NULL," "," "," "," ","27012-0922      ",2027-08-26 00:00:00.000,2026-05-29 00:00:00.000,325.00000000,0.00000000,0.00000000,0.00000000,325.00000000
MTM2,CID-00022-03,CO-100018-22,1,11,CD~CO-100018-22~*~*~1~11,CD,NULL," "," "," "," ",AKK29932,2027-08-26 00:00:00.000,2026-05-29 00:00:00.000,300.00000000,0.00000000,0.00000000,0.00000000,300.00000000
MTM2,CID-00022-03,CO-100018-22,2,55,CD~CO-100018-22~*~*~2~55,CD,NULL," "," "," "," ",AKK46582,2027-08-26 00:00:00.000,2026-05-29 00:00:00.000,96.00000000,0.00000000,0.00000000,0.00000000,96.00000000
MTM2,CID-00022-03,CO-100018-22,3,51,CD~CO-100018-22~*~*~3~51,CD,NULL," "," "," "," ",AKK54380,2027-08-26 00:00:00.000,2026-05-29 00:00:00.000,100.00000000,0.00000000,0.00000000,0.00000000,100.00000000
MTM2,CID-00022-03,CO-100018-22,4,49,CD~CO-100018-22~*~*~4~49,CD,NULL," "," "," "," ",AKK57447,2027-08-26 00:00:00.000,2026-05-29 00:00:00.000,180.00000000,0.00000000,0.00000000,0.00000000,180.00000000
MTM2,CID-00022-03,CO-100018-22,8,35,CD~CO-100018-22~*~*~8~35,CD,NULL," "," "," "," ",HXE186089HX1,2027-08-26 00:00:00.000,2026-05-29 00:00:00.000,720.00000000,0.00000000,0.00000000,0.00000000,720.00000000
MTM2,CID-00331-01,CO-100025-21,1,60,CD~CO-100025-21~*~*~1~60,CD,NULL," "," "," "," ","11057-7822      ",2027-08-26 00:00:00.000,2026-05-29 00:00:00.000,37000.00000000,0.00000000,0.00000000,0.00000000,37000.00000000
MTM2,CID-00331-01,CO-100025-21,2,59,CD~CO-100025-21~*~*~2~59,CD,NULL," "," "," "," ","13042-0804      ",2027-08-26 00:00:00.000,2026-05-29 00:00:00.000,5900.00000000,0.00000000,0.00000000,0.00000000,5900.00000000
MTM2,CID-00331-01,CO-100025-21,3,60,CD~CO-100025-21~*~*~3~60,CD,NULL," "," "," "," ","13272-3993      ",2027-08-26 00:00:00.000,2026-05-29 00:00:00.000,9200.00000000,0.00000000,0.00000000,0.00000000,9200.00000000
MTM2,CID-00331-01,CO-100025-21,4,36,CD~CO-100025-21~*~*~4~36,CD,NULL," "," "," "," ","13272-3994      ",2027-08-26 00:00:00.000,2026-05-29 00:00:00.000,16640.00000000,0.00000000,0.00000000,0.00000000,16640.00000000
MTM2,CID-00331-01,CO-100025-21,5,60,CD~CO-100025-21~*~*~5~60,CD,NULL," "," "," "," ","13272-4000      ",2027-08-26 00:00:00.000,2026-05-29 00:00:00.000,7360.00000000,0.00000000,0.00000000,0.00000000,7360.00000000
MTM2,CID-00331-01,CO-100025-21,6,31,CD~CO-100025-21~*~*~6~31,CD,NULL," "," "," "," ","14093-1268      ",2027-08-26 00:00:00.000,2026-05-29 00:00:00.000,20160.00000000,0.00000000,0.00000000,0.00000000,20160.00000000
MTM2,CID-00331-01,CO-100025-21,7,60,CD~CO-100025-21~*~*~7~60,CD,NULL," "," "," "," ","49103-0016      ",2027-08-26 00:00:00.000,2026-05-29 00:00:00.000,9000.00000000,0.00000000,0.00000000,0.00000000,9000.00000000
MTM2,CID-00331-01,CO-100025-21,8,60,CD~CO-100025-21~*~*~8~60,CD,NULL," "," "," "," ","49103-0017      ",2027-08-26 00:00:00.000,2026-05-29 00:00:00.000,9000.00000000,0.00000000,0.00000000,0.00000000,9000.00000000
MTM2,CID-00331-01,CO-100025-21,9,45,CD~CO-100025-21~*~*~9~45,CD,NULL," "," "," "," ","92026-0921      ",2027-08-26 00:00:00.000,2026-05-29 00:00:00.000,13200.00000000,0.00000000,0.00000000,0.00000000,13200.00000000
MTM2,CID-00022-03,CO-100033,1,43,CD~CO-100033~*~*~1~43,CD,NULL," "," "," "," ",AT573671,2027-08-26 00:00:00.000,2026-05-29 00:00:00.000,39.00000000,0.00000000,0.00000000,0.00000000,39.00000000
MTM2,CID-00022-03,CO-100033,2,42,CD~CO-100033~*~*~2~42,CD,NULL," "," "," "," ",AT577534,2027-08-26 00:00:00.000,2026-05-29 00:00:00.000,39.00000000,0.00000000,0.00000000,0.00000000,39.00000000
MTM2,CID-00022-03,CO-100033,3,43,CD~CO-100033~*~*~3~43,CD,NULL," "," "," "," ",AT578426,2027-08-26 00:00:00.000,2026-05-29 00:00:00.000,39.00000000,0.00000000,0.00000000,0.00000000,39.00000000
MTM2,CID-00022-03,CO-100033,4,42,CD~CO-100033~*~*~4~42,CD,NULL," "," "," "," ",AT578462,2027-08-26 00:00:00.000,2026-05-29 00:00:00.000,39.00000000,0.00000000,0.00000000,0.00000000,39.00000000
MTM2,CID-00022-03,CO-100033,5,42,CD~CO-100033~*~*~5~42,CD,NULL," "," "," "," ",AT578465,2027-08-26 00:00:00.000,2026-05-29 00:00:00.000,39.00000000,0.00000000,0.00000000,0.00000000,39.00000000
MTM2,CID-00022-03,CO-100018-22,12,104,CD~CO-100018-22~*~*~12~104,CD,NULL," "," "," "," ",TA32317,2027-08-25 00:00:00.000,2026-05-29 00:00:00.000,240.00000000,0.00000000,0.00000000,0.00000000,240.00000000
MTM2,CID-00022-03,CO-100018-22,13,104,CD~CO-100018-22~*~*~13~104,CD,NULL," "," "," "," ",TA32318,2027-08-25 00:00:00.000,2026-05-29 00:00:00.000,240.00000000,0.00000000,0.00000000,0.00000000,240.00000000
MTM2,CID-00045-01,CO-087125,1,919,CD~CO-087125~*~*~1~919,CD,NULL," "," "," "," ",0501 216 523,2027-08-24 00:00:00.000,2026-05-29 00:00:00.000,200.00000000,0.00000000,0.00000000,0.00000000,200.00000000
MTM2,CID-00347-01,CO-087112,1,230,CD~CO-087112~*~*~1~230,CD,NULL," "," "," "," ",1087.397.014,2027-08-23 00:00:00.000,2026-05-29 00:00:00.000,2525.00000000,0.00000000,0.00000000,0.00000000,2525.00000000
MTM2,CID-00347-01,CO-087118,1,349,CD~CO-087118~*~*~1~349,CD,NULL," "," "," "," ",1112.301.060,2027-08-23 00:00:00.000,2026-05-29 00:00:00.000,900.00000000,0.00000000,0.00000000,0.00000000,900.00000000
MTM2,CID-00347-01,CO-087119,1,365,CD~CO-087119~*~*~1~365,CD,NULL," "," "," "," ",1112.397.001,2027-08-23 00:00:00.000,2026-05-29 00:00:00.000,450.00000000,0.00000000,0.00000000,0.00000000,450.00000000
MTM2,CID-00660-03,CO-100001,4,52,CD~CO-100001~*~*~4~52,CD,NULL," "," "," "," ",1224196,2027-08-23 00:00:00.000,2026-05-29 00:00:00.000,120.00000000,0.00000000,0.00000000,0.00000000,120.00000000
MTM2,CID-00660-03,CO-100001,4,53,CD~CO-100001~*~*~4~53,CD,NULL," "," "," "," ",1224196,2027-08-23 00:00:00.000,2026-05-29 00:00:00.000,420.00000000,0.00000000,0.00000000,0.00000000,420.00000000
MTM2,CID-00612-01,CO-100019,1,204,CD~CO-100019~*~*~1~204,CD,NULL," "," "," "," ",139014203,2027-08-22 00:00:00.000,2026-05-29 00:00:00.000,1104.00000000,0.00000000,0.00000000,0.00000000,1104.00000000
MTM2,CID-00612-01,CO-100019,4,104,CD~CO-100019~*~*~4~104,CD,NULL," "," "," "," ",139016310,2027-08-22 00:00:00.000,2026-05-29 00:00:00.000,1104.00000000,0.00000000,0.00000000,0.00000000,1104.00000000
MTM2,CID-00022-03,CO-100018-22,2,53,CD~CO-100018-22~*~*~2~53,CD,NULL," "," "," "," ",AKK46582,2027-08-20 00:00:00.000,2026-05-29 00:00:00.000,144.00000000,0.00000000,0.00000000,0.00000000,144.00000000
MTM2,CID-00022-03,CO-100018-22,2,54,CD~CO-100018-22~*~*~2~54,CD,NULL," "," "," "," ",AKK46582,2027-08-20 00:00:00.000,2026-05-29 00:00:00.000,96.00000000,0.00000000,0.00000000,0.00000000,96.00000000
MTM2,CID-00022-03,CO-100018-22,3,50,CD~CO-100018-22~*~*~3~50,CD,NULL," "," "," "," ",AKK54380,2027-08-20 00:00:00.000,2026-05-29 00:00:00.000,70.00000000,0.00000000,0.00000000,0.00000000,70.00000000
MTM2,CID-00022-03,CO-100018-22,4,48,CD~CO-100018-22~*~*~4~48,CD,NULL," "," "," "," ",AKK57447,2027-08-20 00:00:00.000,2026-05-29 00:00:00.000,180.00000000,0.00000000,0.00000000,0.00000000,180.00000000
MTM2,CID-00022-03,CO-100018-22,9,28,CD~CO-100018-22~*~*~9~28,CD,NULL," "," "," "," ",M88984MX1,2027-08-20 00:00:00.000,2026-05-29 00:00:00.000,200.00000000,0.00000000,0.00000000,0.00000000,200.00000000
MTM2,CID-00331-01,CO-100013-21,1,54,CD~CO-100013-21~*~*~1~54,CD,NULL," "," "," "," ","11057-7392      ",2027-08-19 00:00:00.000,2026-05-29 00:00:00.000,740.00000000,0.00000000,0.00000000,0.00000000,740.00000000
MTM2,CID-00331-01,CO-100013-21,2,59,CD~CO-100013-21~*~*~2~59,CD,NULL," "," "," "," ","11057-7822      ",2027-08-19 00:00:00.000,2026-05-29 00:00:00.000,15000.00000000,0.00000000,0.00000000,0.00000000,15000.00000000
MTM2,CID-00331-01,CO-100013-21,3,54,CD~CO-100013-21~*~*~3~54,CD,NULL," "," "," "," ","11057-7975      ",2027-08-19 00:00:00.000,2026-05-29 00:00:00.000,280.00000000,0.00000000,0.00000000,0.00000000,280.00000000
MTM2,CID-00331-01,CO-100013-21,4,34,CD~CO-100013-21~*~*~4~34,CD,NULL," "," "," "," ","11058-4138      ",2027-08-19 00:00:00.000,2026-05-29 00:00:00.000,220.00000000,0.00000000,0.00000000,0.00000000,220.00000000
MTM2,CID-00331-01,CO-100013-21,5,48,CD~CO-100013-21~*~*~5~48,CD,NULL," "," "," "," ","11058-7355      ",2027-08-19 00:00:00.000,2026-05-29 00:00:00.000,300.00000000,0.00000000,0.00000000,0.00000000,300.00000000
MTM2,CID-00331-01,CO-100013-21,6,31,CD~CO-100013-21~*~*~6~31,CD,NULL," "," "," "," ","11058-7782      ",2027-08-19 00:00:00.000,2026-05-29 00:00:00.000,250.00000000,0.00000000,0.00000000,0.00000000,250.00000000
MTM2,CID-00331-01,CO-100013-21,7,52,CD~CO-100013-21~*~*~7~52,CD,NULL," "," "," "," ","13042-0804      ",2027-08-19 00:00:00.000,2026-05-29 00:00:00.000,5900.00000000,0.00000000,0.00000000,0.00000000,5900.00000000
MTM2,CID-00331-01,CO-100013-21,8,20,CD~CO-100013-21~*~*~8~20,CD,NULL," "," "," "," ","13272-3994      ",2027-08-19 00:00:00.000,2026-05-29 00:00:00.000,18200.00000000,0.00000000,0.00000000,0.00000000,18200.00000000
MTM2,CID-00331-01,CO-100013-21,12,29,CD~CO-100013-21~*~*~12~29,CD,NULL," "," "," "," ","13272-7037      ",2027-08-19 00:00:00.000,2026-05-29 00:00:00.000,1140.00000000,0.00000000,0.00000000,0.00000000,1140.00000000
MTM2,CID-00331-01,CO-100013-21,13,39,CD~CO-100013-21~*~*~13~39,CD,NULL," "," "," "," ","14093-1268      ",2027-08-19 00:00:00.000,2026-05-29 00:00:00.000,6020.00000000,0.00000000,0.00000000,0.00000000,6020.00000000
MTM2,CID-00331-01,CO-100013-21,14,52,CD~CO-100013-21~*~*~14~52,CD,NULL," "," "," "," ","27012-0857D      ",2027-08-19 00:00:00.000,2026-05-29 00:00:00.000,600.00000000,0.00000000,0.00000000,0.00000000,600.00000000
MTM2,CID-00331-01,CO-100013-21,15,44,CD~CO-100013-21~*~*~15~44,CD,NULL," "," "," "," ","27012-0917      ",2027-08-19 00:00:00.000,2026-05-29 00:00:00.000,550.00000000,0.00000000,0.00000000,0.00000000,550.00000000
MTM2,CID-00331-01,CO-100013-21,16,60,CD~CO-100013-21~*~*~16~60,CD,NULL," "," "," "," ","27012-0922      ",2027-08-19 00:00:00.000,2026-05-29 00:00:00.000,520.00000000,0.00000000,0.00000000,0.00000000,520.00000000
MTM2,CID-00331-01,CO-100013-21,17,28,CD~CO-100013-21~*~*~17~28,CD,NULL," "," "," "," ","49103-0016      ",2027-08-19 00:00:00.000,2026-05-29 00:00:00.000,8500.00000000,0.00000000,0.00000000,0.00000000,8500.00000000
MTM2,CID-00022-03,CO-100018-22,12,103,CD~CO-100018-22~*~*~12~103,CD,NULL," "," "," "," ",TA32317,2027-08-19 00:00:00.000,2026-05-29 00:00:00.000,240.00000000,0.00000000,0.00000000,0.00000000,240.00000000
MTM2,CID-00022-03,CO-100018-22,13,103,CD~CO-100018-22~*~*~13~103,CD,NULL," "," "," "," ",TA32318,2027-08-19 00:00:00.000,2026-05-29 00:00:00.000,240.00000000,0.00000000,0.00000000,0.00000000,240.00000000
MTM2,CID-00022-03,CO-100018-22,17,4,CD~CO-100018-22~*~*~17~4,CD,NULL," "," "," "," ",VGA12058,2027-08-19 00:00:00.000,2026-05-29 00:00:00.000,25.00000000,0.00000000,0.00000000,0.00000000,25.00000000
MTM2,CID-00331-01,CO-100025-21,1,59,CD~CO-100025-21~*~*~1~59,CD,NULL," "," "," "," ","11057-7822      ",2027-08-19 00:00:00.000,2026-05-29 00:00:00.000,29000.00000000,0.00000000,0.00000000,0.00000000,29000.00000000
MTM2,CID-00331-01,CO-100025-21,2,58,CD~CO-100025-21~*~*~2~58,CD,NULL," "," "," "," ","13042-0804      ",2027-08-19 00:00:00.000,2026-05-29 00:00:00.000,11800.00000000,0.00000000,0.00000000,0.00000000,11800.00000000
MTM2,CID-00331-01,CO-100025-21,3,59,CD~CO-100025-21~*~*~3~59,CD,NULL," "," "," "," ","13272-3993      ",2027-08-19 00:00:00.000,2026-05-29 00:00:00.000,8000.00000000,0.00000000,0.00000000,0.00000000,8000.00000000
MTM2,CID-00331-01,CO-100025-21,5,59,CD~CO-100025-21~*~*~5~59,CD,NULL," "," "," "," ","13272-4000      ",2027-08-19 00:00:00.000,2026-05-29 00:00:00.000,9760.00000000,0.00000000,0.00000000,0.00000000,9760.00000000
MTM2,CID-00331-01,CO-100025-21,7,59,CD~CO-100025-21~*~*~7~59,CD,NULL," "," "," "," ","49103-0016      ",2027-08-19 00:00:00.000,2026-05-29 00:00:00.000,8000.00000000,0.00000000,0.00000000,0.00000000,8000.00000000
MTM2,CID-00331-01,CO-100025-21,8,59,CD~CO-100025-21~*~*~8~59,CD,NULL," "," "," "," ","49103-0017      ",2027-08-19 00:00:00.000,2026-05-29 00:00:00.000,8000.00000000,0.00000000,0.00000000,0.00000000,8000.00000000
MTM2,CID-00331-01,CO-100025-21,9,44,CD~CO-100025-21~*~*~9~44,CD,NULL," "," "," "," ","92026-0921      ",2027-08-19 00:00:00.000,2026-05-29 00:00:00.000,13200.00000000,0.00000000,0.00000000,0.00000000,13200.00000000
MTM2,CID-00022-03,CO-100033,1,42,CD~CO-100033~*~*~1~42,CD,NULL," "," "," "," ",AT573671,2027-08-19 00:00:00.000,2026-05-29 00:00:00.000,49.00000000,0.00000000,0.00000000,0.00000000,49.00000000
MTM2,CID-00022-03,CO-100033,2,41,CD~CO-100033~*~*~2~41,CD,NULL," "," "," "," ",AT577534,2027-08-19 00:00:00.000,2026-05-29 00:00:00.000,49.00000000,0.00000000,0.00000000,0.00000000,49.00000000
MTM2,CID-00022-03,CO-100033,3,42,CD~CO-100033~*~*~3~42,CD,NULL," "," "," "," ",AT578426,2027-08-19 00:00:00.000,2026-05-29 00:00:00.000,49.00000000,0.00000000,0.00000000,0.00000000,49.00000000
MTM2,CID-00022-03,CO-100033,4,41,CD~CO-100033~*~*~4~41,CD,NULL," "," "," "," ",AT578462,2027-08-19 00:00:00.000,2026-05-29 00:00:00.000,49.00000000,0.00000000,0.00000000,0.00000000,49.00000000
MTM2,CID-00022-03,CO-100033,5,41,CD~CO-100033~*~*~5~41,CD,NULL," "," "," "," ",AT578465,2027-08-19 00:00:00.000,2026-05-29 00:00:00.000,49.00000000,0.00000000,0.00000000,0.00000000,49.00000000
MTM2,CID-00022-03,CO-100018-22,8,34,CD~CO-100018-22~*~*~8~34,CD,NULL," "," "," "," ",HXE186089HX1,2027-08-18 00:00:00.000,2026-05-29 00:00:00.000,720.00000000,0.00000000,0.00000000,0.00000000,720.00000000
MTM2,CID-00045-01,CO-087125,1,918,CD~CO-087125~*~*~1~918,CD,NULL," "," "," "," ",0501 216 523,2027-08-17 00:00:00.000,2026-05-29 00:00:00.000,50.00000000,0.00000000,0.00000000,0.00000000,50.00000000
MTM2,CID-00347-01,CO-087119,1,364,CD~CO-087119~*~*~1~364,CD,NULL," "," "," "," ",1112.397.001,2027-08-16 00:00:00.000,2026-05-29 00:00:00.000,450.00000000,0.00000000,0.00000000,0.00000000,450.00000000
MTM2,CID-00660-03,CO-100001,1,38,CD~CO-100001~*~*~1~38,CD,NULL," "," "," "," ",64503,2027-08-16 00:00:00.000,2026-05-29 00:00:00.000,100.00000000,0.00000000,0.00000000,0.00000000,100.00000000
MTM2,CID-00660-03,CO-100001,2,12,CD~CO-100001~*~*~2~12,CD,NULL," "," "," "," ",64508,2027-08-16 00:00:00.000,2026-05-29 00:00:00.000,100.00000000,0.00000000,0.00000000,0.00000000,100.00000000
MTM2,CID-00660-03,CO-100001,4,51,CD~CO-100001~*~*~4~51,CD,NULL," "," "," "," ",1224196,2027-08-16 00:00:00.000,2026-05-29 00:00:00.000,60.00000000,0.00000000,0.00000000,0.00000000,60.00000000
MTM2,CID-00022-03,CO-100018-22,15,32,CD~CO-100018-22~*~*~15~32,CD,NULL," "," "," "," ",UC46986,2027-08-15 00:00:00.000,2026-05-29 00:00:00.000,54.00000000,0.00000000,0.00000000,0.00000000,54.00000000
MTM2,CID-00022-03,CO-100018-22,16,32,CD~CO-100018-22~*~*~16~32,CD,NULL," "," "," "," ",UC46987,2027-08-15 00:00:00.000,2026-05-29 00:00:00.000,54.00000000,0.00000000,0.00000000,0.00000000,54.00000000
MTM2,CID-00612-01,CO-100019,1,203,CD~CO-100019~*~*~1~203,CD,NULL," "," "," "," ",139014203,2027-08-15 00:00:00.000,2026-05-29 00:00:00.000,1104.00000000,0.00000000,0.00000000,0.00000000,1104.00000000
MTM2,CID-00612-01,CO-100019,4,103,CD~CO-100019~*~*~4~103,CD,NULL," "," "," "," ",139016310,2027-08-15 00:00:00.000,2026-05-29 00:00:00.000,1104.00000000,0.00000000,0.00000000,0.00000000,1104.00000000
MTM2,CID-00022-03,CO-100018-22,1,10,CD~CO-100018-22~*~*~1~10,CD,NULL," "," "," "," ",AKK29932,2027-08-13 00:00:00.000,2026-05-29 00:00:00.000,300.00000000,0.00000000,0.00000000,0.00000000,300.00000000
MTM2,CID-00022-03,CO-100018-22,2,52,CD~CO-100018-22~*~*~2~52,CD,NULL," "," "," "," ",AKK46582,2027-08-13 00:00:00.000,2026-05-29 00:00:00.000,96.00000000,0.00000000,0.00000000,0.00000000,96.00000000
MTM2,CID-00022-03,CO-100018-22,3,49,CD~CO-100018-22~*~*~3~49,CD,NULL," "," "," "," ",AKK54380,2027-08-13 00:00:00.000,2026-05-29 00:00:00.000,110.00000000,0.00000000,0.00000000,0.00000000,110.00000000
MTM2,CID-00022-03,CO-100018-22,4,47,CD~CO-100018-22~*~*~4~47,CD,NULL," "," "," "," ",AKK57447,2027-08-13 00:00:00.000,2026-05-29 00:00:00.000,180.00000000,0.00000000,0.00000000,0.00000000,180.00000000
MTM2,CID-00022-03,CO-100018-22,6,48,CD~CO-100018-22~*~*~6~48,CD,NULL," "," "," "," ",AUC24108,2027-08-13 00:00:00.000,2026-05-29 00:00:00.000,740.00000000,0.00000000,0.00000000,0.00000000,740.00000000
MTM2,CID-00022-03,CO-100018-22,12,102,CD~CO-100018-22~*~*~12~102,CD,NULL," "," "," "," ",TA32317,2027-08-13 00:00:00.000,2026-05-29 00:00:00.000,240.00000000,0.00000000,0.00000000,0.00000000,240.00000000
MTM2,CID-00022-03,CO-100018-22,13,102,CD~CO-100018-22~*~*~13~102,CD,NULL," "," "," "," ",TA32318,2027-08-13 00:00:00.000,2026-05-29 00:00:00.000,240.00000000,0.00000000,0.00000000,0.00000000,240.00000000
MTM2,CID-00022-03,CO-100033,1,41,CD~CO-100033~*~*~1~41,CD,NULL," "," "," "," ",AT573671,2027-08-13 00:00:00.000,2026-05-29 00:00:00.000,29.00000000,0.00000000,0.00000000,0.00000000,29.00000000
MTM2,CID-00022-03,CO-100033,2,40,CD~CO-100033~*~*~2~40,CD,NULL," "," "," "," ",AT577534,2027-08-13 00:00:00.000,2026-05-29 00:00:00.000,29.00000000,0.00000000,0.00000000,0.00000000,29.00000000
MTM2,CID-00022-03,CO-100033,3,41,CD~CO-100033~*~*~3~41,CD,NULL," "," "," "," ",AT578426,2027-08-13 00:00:00.000,2026-05-29 00:00:00.000,29.00000000,0.00000000,0.00000000,0.00000000,29.00000000
MTM2,CID-00022-03,CO-100033,4,40,CD~CO-100033~*~*~4~40,CD,NULL," "," "," "," ",AT578462,2027-08-13 00:00:00.000,2026-05-29 00:00:00.000,29.00000000,0.00000000,0.00000000,0.00000000,29.00000000
MTM2,CID-00022-03,CO-100033,5,40,CD~CO-100033~*~*~5~40,CD,NULL," "," "," "," ",AT578465,2027-08-13 00:00:00.000,2026-05-29 00:00:00.000,29.00000000,0.00000000,0.00000000,0.00000000,29.00000000
MTM2,CID-00331-01,CO-100013-21,1,53,CD~CO-100013-21~*~*~1~53,CD,NULL," "," "," "," ","11057-7392      ",2027-08-12 00:00:00.000,2026-05-29 00:00:00.000,370.00000000,0.00000000,0.00000000,0.00000000,370.00000000
MTM2,CID-00331-01,CO-100013-21,2,58,CD~CO-100013-21~*~*~2~58,CD,NULL," "," "," "," ","11057-7822      ",2027-08-12 00:00:00.000,2026-05-29 00:00:00.000,15000.00000000,0.00000000,0.00000000,0.00000000,15000.00000000
MTM2,CID-00331-01,CO-100013-21,3,53,CD~CO-100013-21~*~*~3~53,CD,NULL," "," "," "," ","11057-7975      ",2027-08-12 00:00:00.000,2026-05-29 00:00:00.000,140.00000000,0.00000000,0.00000000,0.00000000,140.00000000
MTM2,CID-00331-01,CO-100013-21,4,33,CD~CO-100013-21~*~*~4~33,CD,NULL," "," "," "," ","11058-4138      ",2027-08-12 00:00:00.000,2026-05-29 00:00:00.000,300.00000000,0.00000000,0.00000000,0.00000000,300.00000000
MTM2,CID-00331-01,CO-100013-21,5,47,CD~CO-100013-21~*~*~5~47,CD,NULL," "," "," "," ","11058-7355      ",2027-08-12 00:00:00.000,2026-05-29 00:00:00.000,300.00000000,0.00000000,0.00000000,0.00000000,300.00000000
MTM2,CID-00331-01,CO-100013-21,6,30,CD~CO-100013-21~*~*~6~30,CD,NULL," "," "," "," ","11058-7782      ",2027-08-12 00:00:00.000,2026-05-29 00:00:00.000,250.00000000,0.00000000,0.00000000,0.00000000,250.00000000
MTM2,CID-00331-01,CO-100013-21,7,51,CD~CO-100013-21~*~*~7~51,CD,NULL," "," "," "," ","13042-0804      ",2027-08-12 00:00:00.000,2026-05-29 00:00:00.000,5900.00000000,0.00000000,0.00000000,0.00000000,5900.00000000
MTM2,CID-00331-01,CO-100013-21,10,28,CD~CO-100013-21~*~*~10~28,CD,NULL," "," "," "," ","13272-4001      ",2027-08-12 00:00:00.000,2026-05-29 00:00:00.000,2160.00000000,0.00000000,0.00000000,0.00000000,2160.00000000
MTM2,CID-00331-01,CO-100013-21,14,51,CD~CO-100013-21~*~*~14~51,CD,NULL," "," "," "," ","27012-0857D      ",2027-08-12 00:00:00.000,2026-05-29 00:00:00.000,600.00000000,0.00000000,0.00000000,0.00000000,600.00000000
MTM2,CID-00331-01,CO-100013-21,15,43,CD~CO-100013-21~*~*~15~43,CD,NULL," "," "," "," ","27012-0917      ",2027-08-12 00:00:00.000,2026-05-29 00:00:00.000,550.00000000,0.00000000,0.00000000,0.00000000,550.00000000
MTM2,CID-00331-01,CO-100013-21,16,59,CD~CO-100013-21~*~*~16~59,CD,NULL," "," "," "," ","27012-0922      ",2027-08-12 00:00:00.000,2026-05-29 00:00:00.000,325.00000000,0.00000000,0.00000000,0.00000000,325.00000000
MTM2,CID-00331-01,CO-100013-21,18,28,CD~CO-100013-21~*~*~18~28,CD,NULL," "," "," "," ","49103-0017      ",2027-08-12 00:00:00.000,2026-05-29 00:00:00.000,8600.00000000,0.00000000,0.00000000,0.00000000,8600.00000000
MTM2,CID-00331-01,CO-100025-21,1,58,CD~CO-100025-21~*~*~1~58,CD,NULL," "," "," "," ","11057-7822      ",2027-08-12 00:00:00.000,2026-05-29 00:00:00.000,30000.00000000,0.00000000,0.00000000,0.00000000,30000.00000000
MTM2,CID-00331-01,CO-100025-21,2,57,CD~CO-100025-21~*~*~2~57,CD,NULL," "," "," "," ","13042-0804      ",2027-08-12 00:00:00.000,2026-05-29 00:00:00.000,5900.00000000,0.00000000,0.00000000,0.00000000,5900.00000000
MTM2,CID-00331-01,CO-100025-21,3,58,CD~CO-100025-21~*~*~3~58,CD,NULL," "," "," "," ","13272-3993      ",2027-08-12 00:00:00.000,2026-05-29 00:00:00.000,7000.00000000,0.00000000,0.00000000,0.00000000,7000.00000000
MTM2,CID-00331-01,CO-100025-21,4,35,CD~CO-100025-21~*~*~4~35,CD,NULL," "," "," "," ","13272-3994      ",2027-08-12 00:00:00.000,2026-05-29 00:00:00.000,16640.00000000,0.00000000,0.00000000,0.00000000,16640.00000000
MTM2,CID-00331-01,CO-100025-21,5,58,CD~CO-100025-21~*~*~5~58,CD,NULL," "," "," "," ","13272-4000      ",2027-08-12 00:00:00.000,2026-05-29 00:00:00.000,7200.00000000,0.00000000,0.00000000,0.00000000,7200.00000000
MTM2,CID-00331-01,CO-100025-21,7,58,CD~CO-100025-21~*~*~7~58,CD,NULL," "," "," "," ","49103-0016      ",2027-08-12 00:00:00.000,2026-05-29 00:00:00.000,7000.00000000,0.00000000,0.00000000,0.00000000,7000.00000000
MTM2,CID-00331-01,CO-100025-21,8,58,CD~CO-100025-21~*~*~8~58,CD,NULL," "," "," "," ","49103-0017      ",2027-08-12 00:00:00.000,2026-05-29 00:00:00.000,7000.00000000,0.00000000,0.00000000,0.00000000,7000.00000000
MTM2,CID-00045-01,CO-087125,1,917,CD~CO-087125~*~*~1~917,CD,NULL," "," "," "," ",0501 216 523,2027-08-10 00:00:00.000,2026-05-29 00:00:00.000,50.00000000,0.00000000,0.00000000,0.00000000,50.00000000
MTM2,CID-00347-01,CO-087118,1,348,CD~CO-087118~*~*~1~348,CD,NULL," "," "," "," ",1112.301.060,2027-08-09 00:00:00.000,2026-05-29 00:00:00.000,450.00000000,0.00000000,0.00000000,0.00000000,450.00000000
MTM2,CID-00347-01,CO-087119,1,363,CD~CO-087119~*~*~1~363,CD,NULL," "," "," "," ",1112.397.001,2027-08-09 00:00:00.000,2026-05-29 00:00:00.000,450.00000000,0.00000000,0.00000000,0.00000000,450.00000000
MTM2,CID-00660-03,CO-100001,4,50,CD~CO-100001~*~*~4~50,CD,NULL," "," "," "," ",1224196,2027-08-09 00:00:00.000,2026-05-29 00:00:00.000,120.00000000,0.00000000,0.00000000,0.00000000,120.00000000
MTM2,CID-00022-03,CO-100018-22,12,101,CD~CO-100018-22~*~*~12~101,CD,NULL," "," "," "," ",TA32317,2027-08-09 00:00:00.000,2026-05-29 00:00:00.000,240.00000000,0.00000000,0.00000000,0.00000000,240.00000000
MTM2,CID-00022-03,CO-100018-22,13,101,CD~CO-100018-22~*~*~13~101,CD,NULL," "," "," "," ",TA32318,2027-08-09 00:00:00.000,2026-05-29 00:00:00.000,240.00000000,0.00000000,0.00000000,0.00000000,240.00000000
MTM2,CID-00612-01,CO-100019,1,202,CD~CO-100019~*~*~1~202,CD,NULL," "," "," "," ",139014203,2027-08-08 00:00:00.000,2026-05-29 00:00:00.000,1104.00000000,0.00000000,0.00000000,0.00000000,1104.00000000
MTM2,CID-00612-01,CO-100019,4,102,CD~CO-100019~*~*~4~102,CD,NULL," "," "," "," ",139016310,2027-08-08 00:00:00.000,2026-05-29 00:00:00.000,1104.00000000,0.00000000,0.00000000,0.00000000,1104.00000000
MTM2,CID-00022-03,CO-100018-22,2,50,CD~CO-100018-22~*~*~2~50,CD,NULL," "," "," "," ",AKK46582,2027-08-06 00:00:00.000,2026-05-29 00:00:00.000,72.00000000,0.00000000,0.00000000,0.00000000,72.00000000
MTM2,CID-00022-03,CO-100018-22,2,51,CD~CO-100018-22~*~*~2~51,CD,NULL," "," "," "," ",AKK46582,2027-08-06 00:00:00.000,2026-05-29 00:00:00.000,72.00000000,0.00000000,0.00000000,0.00000000,72.00000000
MTM2,CID-00022-03,CO-100018-22,3,48,CD~CO-100018-22~*~*~3~48,CD,NULL," "," "," "," ",AKK54380,2027-08-06 00:00:00.000,2026-05-29 00:00:00.000,80.00000000,0.00000000,0.00000000,0.00000000,80.00000000
MTM2,CID-00022-03,CO-100018-22,4,46,CD~CO-100018-22~*~*~4~46,CD,NULL," "," "," "," ",AKK57447,2027-08-06 00:00:00.000,2026-05-29 00:00:00.000,180.00000000,0.00000000,0.00000000,0.00000000,180.00000000
MTM2,CID-00022-03,CO-100018-22,8,33,CD~CO-100018-22~*~*~8~33,CD,NULL," "," "," "," ",HXE186089HX1,2027-08-06 00:00:00.000,2026-05-29 00:00:00.000,720.00000000,0.00000000,0.00000000,0.00000000,720.00000000
MTM2,CID-00022-03,CO-100033,1,40,CD~CO-100033~*~*~1~40,CD,NULL," "," "," "," ",AT573671,2027-08-06 00:00:00.000,2026-05-29 00:00:00.000,37.00000000,0.00000000,0.00000000,0.00000000,37.00000000
MTM2,CID-00022-03,CO-100033,2,39,CD~CO-100033~*~*~2~39,CD,NULL," "," "," "," ",AT577534,2027-08-06 00:00:00.000,2026-05-29 00:00:00.000,37.00000000,0.00000000,0.00000000,0.00000000,37.00000000
MTM2,CID-00022-03,CO-100033,3,40,CD~CO-100033~*~*~3~40,CD,NULL," "," "," "," ",AT578426,2027-08-06 00:00:00.000,2026-05-29 00:00:00.000,37.00000000,0.00000000,0.00000000,0.00000000,37.00000000
MTM2,CID-00022-03,CO-100033,4,39,CD~CO-100033~*~*~4~39,CD,NULL," "," "," "," ",AT578462,2027-08-06 00:00:00.000,2026-05-29 00:00:00.000,37.00000000,0.00000000,0.00000000,0.00000000,37.00000000
MTM2,CID-00022-03,CO-100033,5,39,CD~CO-100033~*~*~5~39,CD,NULL," "," "," "," ",AT578465,2027-08-06 00:00:00.000,2026-05-29 00:00:00.000,37.00000000,0.00000000,0.00000000,0.00000000,37.00000000
MTM2,CID-00331-01,CO-100013-21,1,52,CD~CO-100013-21~*~*~1~52,CD,NULL," "," "," "," ","11057-7392      ",2027-08-05 00:00:00.000,2026-05-29 00:00:00.000,370.00000000,0.00000000,0.00000000,0.00000000,370.00000000
MTM2,CID-00331-01,CO-100013-21,2,57,CD~CO-100013-21~*~*~2~57,CD,NULL," "," "," "," ","11057-7822      ",2027-08-05 00:00:00.000,2026-05-29 00:00:00.000,15000.00000000,0.00000000,0.00000000,0.00000000,15000.00000000
MTM2,CID-00331-01,CO-100013-21,3,52,CD~CO-100013-21~*~*~3~52,CD,NULL," "," "," "," ","11057-7975      ",2027-08-05 00:00:00.000,2026-05-29 00:00:00.000,420.00000000,0.00000000,0.00000000,0.00000000,420.00000000
MTM2,CID-00331-01,CO-100013-21,4,32,CD~CO-100013-21~*~*~4~32,CD,NULL," "," "," "," ","11058-4138      ",2027-08-05 00:00:00.000,2026-05-29 00:00:00.000,340.00000000,0.00000000,0.00000000,0.00000000,340.00000000
MTM2,CID-00331-01,CO-100013-21,5,46,CD~CO-100013-21~*~*~5~46,CD,NULL," "," "," "," ","11058-7355      ",2027-08-05 00:00:00.000,2026-05-29 00:00:00.000,300.00000000,0.00000000,0.00000000,0.00000000,300.00000000
MTM2,CID-00331-01,CO-100013-21,6,29,CD~CO-100013-21~*~*~6~29,CD,NULL," "," "," "," ","11058-7782      ",2027-08-05 00:00:00.000,2026-05-29 00:00:00.000,250.00000000,0.00000000,0.00000000,0.00000000,250.00000000
MTM2,CID-00331-01,CO-100013-21,11,11,CD~CO-100013-21~*~*~11~11,CD,NULL," "," "," "," ","13272-4013      ",2027-08-05 00:00:00.000,2026-05-29 00:00:00.000,1800.00000000,0.00000000,0.00000000,0.00000000,1800.00000000
MTM2,CID-00331-01,CO-100013-21,12,28,CD~CO-100013-21~*~*~12~28,CD,NULL," "," "," "," ","13272-7037      ",2027-08-05 00:00:00.000,2026-05-29 00:00:00.000,1140.00000000,0.00000000,0.00000000,0.00000000,1140.00000000
MTM2,CID-00331-01,CO-100013-21,14,50,CD~CO-100013-21~*~*~14~50,CD,NULL," "," "," "," ","27012-0857D      ",2027-08-05 00:00:00.000,2026-05-29 00:00:00.000,600.00000000,0.00000000,0.00000000,0.00000000,600.00000000
MTM2,CID-00331-01,CO-100013-21,16,58,CD~CO-100013-21~*~*~16~58,CD,NULL," "," "," "," ","27012-0922      ",2027-08-05 00:00:00.000,2026-05-29 00:00:00.000,585.00000000,0.00000000,0.00000000,0.00000000,585.00000000
MTM2,CID-00022-03,CO-100018-22,7,6,CD~CO-100018-22~*~*~7~6,CD,NULL," "," "," "," ",CB01515846,2027-08-05 00:00:00.000,2026-05-29 00:00:00.000,2.00000000,0.00000000,0.00000000,0.00000000,2.00000000
MTM2,CID-00331-01,CO-100025-21,1,57,CD~CO-100025-21~*~*~1~57,CD,NULL," "," "," "," ","11057-7822      ",2027-08-05 00:00:00.000,2026-05-29 00:00:00.000,30000.00000000,0.00000000,0.00000000,0.00000000,30000.00000000
MTM2,CID-00331-01,CO-100025-21,2,56,CD~CO-100025-21~*~*~2~56,CD,NULL," "," "," "," ","13042-0804      ",2027-08-05 00:00:00.000,2026-05-29 00:00:00.000,5900.00000000,0.00000000,0.00000000,0.00000000,5900.00000000
MTM2,CID-00331-01,CO-100025-21,3,57,CD~CO-100025-21~*~*~3~57,CD,NULL," "," "," "," ","13272-3993      ",2027-08-05 00:00:00.000,2026-05-29 00:00:00.000,7400.00000000,0.00000000,0.00000000,0.00000000,7400.00000000
MTM2,CID-00331-01,CO-100025-21,5,57,CD~CO-100025-21~*~*~5~57,CD,NULL," "," "," "," ","13272-4000      ",2027-08-05 00:00:00.000,2026-05-29 00:00:00.000,5600.00000000,0.00000000,0.00000000,0.00000000,5600.00000000
MTM2,CID-00331-01,CO-100025-21,6,30,CD~CO-100025-21~*~*~6~30,CD,NULL," "," "," "," ","14093-1268      ",2027-08-05 00:00:00.000,2026-05-29 00:00:00.000,20160.00000000,0.00000000,0.00000000,0.00000000,20160.00000000
MTM2,CID-00331-01,CO-100025-21,7,57,CD~CO-100025-21~*~*~7~57,CD,NULL," "," "," "," ","49103-0016      ",2027-08-05 00:00:00.000,2026-05-29 00:00:00.000,7500.00000000,0.00000000,0.00000000,0.00000000,7500.00000000
MTM2,CID-00331-01,CO-100025-21,8,57,CD~CO-100025-21~*~*~8~57,CD,NULL," "," "," "," ","49103-0017      ",2027-08-05 00:00:00.000,2026-05-29 00:00:00.000,8000.00000000,0.00000000,0.00000000,0.00000000,8000.00000000
MTM2,CID-00331-01,CO-100025-21,9,43,CD~CO-100025-21~*~*~9~43,CD,NULL," "," "," "," ","92026-0921      ",2027-08-05 00:00:00.000,2026-05-29 00:00:00.000,13200.00000000,0.00000000,0.00000000,0.00000000,13200.00000000
MTM2,CID-00045-01,CO-087125,1,916,CD~CO-087125~*~*~1~916,CD,NULL," "," "," "," ",0501 216 523,2027-08-03 00:00:00.000,2026-05-29 00:00:00.000,100.00000000,0.00000000,0.00000000,0.00000000,100.00000000
MTM2,CID-00347-01,CO-087118,1,347,CD~CO-087118~*~*~1~347,CD,NULL," "," "," "," ",1112.301.060,2027-08-02 00:00:00.000,2026-05-29 00:00:00.000,900.00000000,0.00000000,0.00000000,0.00000000,900.00000000
MTM2,CID-00347-01,CO-087119,1,362,CD~CO-087119~*~*~1~362,CD,NULL," "," "," "," ",1112.397.001,2027-08-02 00:00:00.000,2026-05-29 00:00:00.000,450.00000000,0.00000000,0.00000000,0.00000000,450.00000000
MTM2,CID-00660-03,CO-100001,1,37,CD~CO-100001~*~*~1~37,CD,NULL," "," "," "," ",64503,2027-08-02 00:00:00.000,2026-05-29 00:00:00.000,100.00000000,0.00000000,0.00000000,0.00000000,100.00000000
MTM2,CID-00022-03,CO-100018-22,6,47,CD~CO-100018-22~*~*~6~47,CD,NULL," "," "," "," ",AUC24108,2027-08-02 00:00:00.000,2026-05-29 00:00:00.000,740.00000000,0.00000000,0.00000000,0.00000000,740.00000000
MTM2,CID-00022-03,CO-100018-22,12,100,CD~CO-100018-22~*~*~12~100,CD,NULL," "," "," "," ",TA32317,2027-08-02 00:00:00.000,2026-05-29 00:00:00.000,240.00000000,0.00000000,0.00000000,0.00000000,240.00000000
MTM2,CID-00022-03,CO-100018-22,13,100,CD~CO-100018-22~*~*~13~100,CD,NULL," "," "," "," ",TA32318,2027-08-02 00:00:00.000,2026-05-29 00:00:00.000,240.00000000,0.00000000,0.00000000,0.00000000,240.00000000
MTM2,CID-00329-01,CO-100015,16,64,CD~CO-100015~*~*~16~64,CD,NULL," "," "," "," ",0E5772,2027-08-01 00:00:00.000,2026-05-29 00:00:00.000,500.00000000,0.00000000,0.00000000,0.00000000,500.00000000
MTM2,CID-00329-01,CO-100015,17,56,CD~CO-100015~*~*~17~56,CD,NULL," "," "," "," ",0E5772A,2027-08-01 00:00:00.000,2026-05-29 00:00:00.000,800.00000000,0.00000000,0.00000000,0.00000000,800.00000000
MTM2,CID-00329-01,CO-100015,21,59,CD~CO-100015~*~*~21~59,CD,NULL," "," "," "," ",0K9516,2027-08-01 00:00:00.000,2026-05-29 00:00:00.000,500.00000000,0.00000000,0.00000000,0.00000000,500.00000000
MTM2,CID-00329-01,CO-100015,22,78,CD~CO-100015~*~*~22~78,CD,NULL," "," "," "," ",0K9516A,2027-08-01 00:00:00.000,2026-05-29 00:00:00.000,500.00000000,0.00000000,0.00000000,0.00000000,500.00000000
MTM2,CID-00329-01,CO-100015,23,3,CD~CO-100015~*~*~23~3,CD,NULL," "," "," "," ",G020978,2027-08-01 00:00:00.000,2026-05-29 00:00:00.000,500.00000000,0.00000000,0.00000000,0.00000000,500.00000000
MTM2,CID-00329-01,CO-100015,25,33,CD~CO-100015~*~*~25~33,CD,NULL," "," "," "," ",A0001293351,2027-08-01 00:00:00.000,2026-05-29 00:00:00.000,40.00000000,0.00000000,0.00000000,0.00000000,40.00000000
MTM2,CID-00329-01,CO-100015,26,27,CD~CO-100015~*~*~26~27,CD,NULL," "," "," "," ",A0001599643,2027-08-01 00:00:00.000,2026-05-29 00:00:00.000,40.00000000,0.00000000,0.00000000,0.00000000,40.00000000
MTM2,CID-00022-03,CO-100018-22,15,31,CD~CO-100018-22~*~*~15~31,CD,NULL," "," "," "," ",UC46986,2027-08-01 00:00:00.000,2026-05-29 00:00:00.000,24.00000000,0.00000000,0.00000000,0.00000000,24.00000000
MTM2,CID-00022-03,CO-100018-22,16,31,CD~CO-100018-22~*~*~16~31,CD,NULL," "," "," "," ",UC46987,2027-08-01 00:00:00.000,2026-05-29 00:00:00.000,24.00000000,0.00000000,0.00000000,0.00000000,24.00000000
MTM2,CID-00612-01,CO-100019,1,201,CD~CO-100019~*~*~1~201,CD,NULL," "," "," "," ",139014203,2027-08-01 00:00:00.000,2026-05-29 00:00:00.000,1104.00000000,0.00000000,0.00000000,0.00000000,1104.00000000
MTM2,CID-00612-01,CO-100019,4,101,CD~CO-100019~*~*~4~101,CD,NULL," "," "," "," ",139016310,2027-08-01 00:00:00.000,2026-05-29 00:00:00.000,1104.00000000,0.00000000,0.00000000,0.00000000,1104.00000000
MTM2,CID-00022-03,CO-100018-22,2,48,CD~CO-100018-22~*~*~2~48,CD,NULL," "," "," "," ",AKK46582,2027-07-30 00:00:00.000,2026-05-29 00:00:00.000,96.00000000,0.00000000,0.00000000,0.00000000,96.00000000
MTM2,CID-00022-03,CO-100018-22,2,49,CD~CO-100018-22~*~*~2~49,CD,NULL," "," "," "," ",AKK46582,2027-07-30 00:00:00.000,2026-05-29 00:00:00.000,72.00000000,0.00000000,0.00000000,0.00000000,72.00000000
MTM2,CID-00022-03,CO-100018-22,3,47,CD~CO-100018-22~*~*~3~47,CD,NULL," "," "," "," ",AKK54380,2027-07-30 00:00:00.000,2026-05-29 00:00:00.000,80.00000000,0.00000000,0.00000000,0.00000000,80.00000000
MTM2,CID-00022-03,CO-100018-22,4,45,CD~CO-100018-22~*~*~4~45,CD,NULL," "," "," "," ",AKK57447,2027-07-30 00:00:00.000,2026-05-29 00:00:00.000,180.00000000,0.00000000,0.00000000,0.00000000,180.00000000
MTM2,CID-00331-01,CO-100013-21,1,51,CD~CO-100013-21~*~*~1~51,CD,NULL," "," "," "," ","11057-7392      ",2027-07-29 00:00:00.000,2026-05-29 00:00:00.000,370.00000000,0.00000000,0.00000000,0.00000000,370.00000000
MTM2,CID-00331-01,CO-100013-21,2,56,CD~CO-100013-21~*~*~2~56,CD,NULL," "," "," "," ","11057-7822      ",2027-07-29 00:00:00.000,2026-05-29 00:00:00.000,15000.00000000,0.00000000,0.00000000,0.00000000,15000.00000000
MTM2,CID-00331-01,CO-100013-21,3,51,CD~CO-100013-21~*~*~3~51,CD,NULL," "," "," "," ","11057-7975      ",2027-07-29 00:00:00.000,2026-05-29 00:00:00.000,420.00000000,0.00000000,0.00000000,0.00000000,420.00000000
MTM2,CID-00331-01,CO-100013-21,4,31,CD~CO-100013-21~*~*~4~31,CD,NULL," "," "," "," ","11058-4138      ",2027-07-29 00:00:00.000,2026-05-29 00:00:00.000,200.00000000,0.00000000,0.00000000,0.00000000,200.00000000
MTM2,CID-00331-01,CO-100013-21,5,45,CD~CO-100013-21~*~*~5~45,CD,NULL," "," "," "," ","11058-7355      ",2027-07-29 00:00:00.000,2026-05-29 00:00:00.000,300.00000000,0.00000000,0.00000000,0.00000000,300.00000000
MTM2,CID-00331-01,CO-100013-21,6,28,CD~CO-100013-21~*~*~6~28,CD,NULL," "," "," "," ","11058-7782      ",2027-07-29 00:00:00.000,2026-05-29 00:00:00.000,500.00000000,0.00000000,0.00000000,0.00000000,500.00000000
MTM2,CID-00331-01,CO-100013-21,7,50,CD~CO-100013-21~*~*~7~50,CD,NULL," "," "," "," ","13042-0804      ",2027-07-29 00:00:00.000,2026-05-29 00:00:00.000,5900.00000000,0.00000000,0.00000000,0.00000000,5900.00000000
MTM2,CID-00331-01,CO-100013-21,9,17,CD~CO-100013-21~*~*~9~17,CD,NULL," "," "," "," ","13272-4000      ",2027-07-29 00:00:00.000,2026-05-29 00:00:00.000,19040.00000000,0.00000000,0.00000000,0.00000000,19040.00000000
MTM2,CID-00331-01,CO-100013-21,13,38,CD~CO-100013-21~*~*~13~38,CD,NULL," "," "," "," ","14093-1268      ",2027-07-29 00:00:00.000,2026-05-29 00:00:00.000,6020.00000000,0.00000000,0.00000000,0.00000000,6020.00000000
MTM2,CID-00331-01,CO-100013-21,14,49,CD~CO-100013-21~*~*~14~49,CD,NULL," "," "," "," ","27012-0857D      ",2027-07-29 00:00:00.000,2026-05-29 00:00:00.000,1200.00000000,0.00000000,0.00000000,0.00000000,1200.00000000
MTM2,CID-00331-01,CO-100013-21,15,42,CD~CO-100013-21~*~*~15~42,CD,NULL," "," "," "," ","27012-0917      ",2027-07-29 00:00:00.000,2026-05-29 00:00:00.000,550.00000000,0.00000000,0.00000000,0.00000000,550.00000000
MTM2,CID-00331-01,CO-100013-21,16,57,CD~CO-100013-21~*~*~16~57,CD,NULL," "," "," "," ","27012-0922      ",2027-07-29 00:00:00.000,2026-05-29 00:00:00.000,325.00000000,0.00000000,0.00000000,0.00000000,325.00000000
MTM2,CID-00331-01,CO-100025-21,1,56,CD~CO-100025-21~*~*~1~56,CD,NULL," "," "," "," ","11057-7822      ",2027-07-29 00:00:00.000,2026-05-29 00:00:00.000,33500.00000000,0.00000000,0.00000000,0.00000000,33500.00000000
MTM2,CID-00331-01,CO-100025-21,2,55,CD~CO-100025-21~*~*~2~55,CD,NULL," "," "," "," ","13042-0804      ",2027-07-29 00:00:00.000,2026-05-29 00:00:00.000,5900.00000000,0.00000000,0.00000000,0.00000000,5900.00000000
MTM2,CID-00331-01,CO-100025-21,3,56,CD~CO-100025-21~*~*~3~56,CD,NULL," "," "," "," ","13272-3993      ",2027-07-29 00:00:00.000,2026-05-29 00:00:00.000,8400.00000000,0.00000000,0.00000000,0.00000000,8400.00000000
MTM2,CID-00331-01,CO-100025-21,4,34,CD~CO-100025-21~*~*~4~34,CD,NULL," "," "," "," ","13272-3994      ",2027-07-29 00:00:00.000,2026-05-29 00:00:00.000,16640.00000000,0.00000000,0.00000000,0.00000000,16640.00000000
MTM2,CID-00331-01,CO-100025-21,5,56,CD~CO-100025-21~*~*~5~56,CD,NULL," "," "," "," ","13272-4000      ",2027-07-29 00:00:00.000,2026-05-29 00:00:00.000,10080.00000000,0.00000000,0.00000000,0.00000000,10080.00000000
MTM2,CID-00331-01,CO-100025-21,7,56,CD~CO-100025-21~*~*~7~56,CD,NULL," "," "," "," ","49103-0016      ",2027-07-29 00:00:00.000,2026-05-29 00:00:00.000,8500.00000000,0.00000000,0.00000000,0.00000000,8500.00000000
MTM2,CID-00331-01,CO-100025-21,8,56,CD~CO-100025-21~*~*~8~56,CD,NULL," "," "," "," ","49103-0017      ",2027-07-29 00:00:00.000,2026-05-29 00:00:00.000,8000.00000000,0.00000000,0.00000000,0.00000000,8000.00000000
MTM2,CID-00022-03,CO-100018-22,12,99,CD~CO-100018-22~*~*~12~99,CD,NULL," "," "," "," ",TA32317,2027-07-28 00:00:00.000,2026-05-29 00:00:00.000,240.00000000,0.00000000,0.00000000,0.00000000,240.00000000
MTM2,CID-00022-03,CO-100018-22,13,99,CD~CO-100018-22~*~*~13~99,CD,NULL," "," "," "," ",TA32318,2027-07-28 00:00:00.000,2026-05-29 00:00:00.000,240.00000000,0.00000000,0.00000000,0.00000000,240.00000000
MTM2,CID-00045-01,CO-087125,1,915,CD~CO-087125~*~*~1~915,CD,NULL," "," "," "," ",0501 216 523,2027-07-27 00:00:00.000,2026-05-29 00:00:00.000,50.00000000,0.00000000,0.00000000,0.00000000,50.00000000
MTM2,CID-00347-01,CO-087118,1,340,CD~CO-087118~*~*~1~340,CD,NULL," "," "," "," ",1112.301.060,2027-07-26 00:00:00.000,2026-05-29 00:00:00.000,12143.00000000,0.00000000,0.00000000,0.00000000,12143.00000000
MTM2,CID-00347-01,CO-087119,1,361,CD~CO-087119~*~*~1~361,CD,NULL," "," "," "," ",1112.397.001,2027-07-26 00:00:00.000,2026-05-29 00:00:00.000,450.00000000,0.00000000,0.00000000,0.00000000,450.00000000
MTM2,CID-00660-03,CO-100001,1,36,CD~CO-100001~*~*~1~36,CD,NULL," "," "," "," ",64503,2027-07-26 00:00:00.000,2026-05-29 00:00:00.000,100.00000000,0.00000000,0.00000000,0.00000000,100.00000000
MTM2,CID-00660-03,CO-100001,4,49,CD~CO-100001~*~*~4~49,CD,NULL," "," "," "," ",1224196,2027-07-26 00:00:00.000,2026-05-29 00:00:00.000,180.00000000,0.00000000,0.00000000,0.00000000,180.00000000
MTM2,CID-00194-01,CO-100003,16,89,CD~CO-100003~*~*~16~89,CD,NULL," "," "," "," ",3313131,2027-07-26 00:00:00.000,2026-05-29 00:00:00.000,70.00000000,0.00000000,0.00000000,0.00000000,70.00000000
MTM2,CID-00194-01,CO-100003,17,78,CD~CO-100003~*~*~17~78,CD,NULL," "," "," "," ",3313135,2027-07-26 00:00:00.000,2026-05-29 00:00:00.000,48.00000000,0.00000000,0.00000000,0.00000000,48.00000000
MTM2,CID-00194-01,CO-100003,18,21,CD~CO-100003~*~*~18~21,CD,NULL," "," "," "," ",4039060,2027-07-26 00:00:00.000,2026-05-29 00:00:00.000,65.00000000,0.00000000,0.00000000,0.00000000,65.00000000
MTM2,CID-00194-01,CO-100003,19,18,CD~CO-100003~*~*~19~18,CD,NULL," "," "," "," ",4039061,2027-07-26 00:00:00.000,2026-05-29 00:00:00.000,65.00000000,0.00000000,0.00000000,0.00000000,65.00000000
MTM2,CID-00194-01,CO-100003,20,36,CD~CO-100003~*~*~20~36,CD,NULL," "," "," "," ",4546179,2027-07-26 00:00:00.000,2026-05-29 00:00:00.000,50.00000000,0.00000000,0.00000000,0.00000000,50.00000000
MTM2,CID-00022-03,CO-100018-22,3,46,CD~CO-100018-22~*~*~3~46,CD,NULL," "," "," "," ",AKK54380,2027-07-26 00:00:00.000,2026-05-29 00:00:00.000,10.00000000,0.00000000,0.00000000,0.00000000,10.00000000
MTM2,CID-00612-01,CO-100019,1,200,CD~CO-100019~*~*~1~200,CD,NULL," "," "," "," ",139014203,2027-07-25 00:00:00.000,2026-05-29 00:00:00.000,1080.00000000,0.00000000,0.00000000,0.00000000,1080.00000000
MTM2,CID-00612-01,CO-100019,4,100,CD~CO-100019~*~*~4~100,CD,NULL," "," "," "," ",139016310,2027-07-25 00:00:00.000,2026-05-29 00:00:00.000,1080.00000000,0.00000000,0.00000000,0.00000000,1080.00000000
MTM2,CID-00022-03,CO-100018-22,2,47,CD~CO-100018-22~*~*~2~47,CD,NULL," "," "," "," ",AKK46582,2027-07-23 00:00:00.000,2026-05-29 00:00:00.000,72.00000000,0.00000000,0.00000000,0.00000000,72.00000000
MTM2,CID-00022-03,CO-100018-22,3,45,CD~CO-100018-22~*~*~3~45,CD,NULL," "," "," "," ",AKK54380,2027-07-23 00:00:00.000,2026-05-29 00:00:00.000,90.00000000,0.00000000,0.00000000,0.00000000,90.00000000
MTM2,CID-00022-03,CO-100018-22,4,44,CD~CO-100018-22~*~*~4~44,CD,NULL," "," "," "," ",AKK57447,2027-07-23 00:00:00.000,2026-05-29 00:00:00.000,150.00000000,0.00000000,0.00000000,0.00000000,150.00000000
MTM2,CID-00022-03,CO-100018-22,6,46,CD~CO-100018-22~*~*~6~46,CD,NULL," "," "," "," ",AUC24108,2027-07-23 00:00:00.000,2026-05-29 00:00:00.000,740.00000000,0.00000000,0.00000000,0.00000000,740.00000000
MTM2,CID-00331-01,CO-100013-21,1,50,CD~CO-100013-21~*~*~1~50,CD,NULL," "," "," "," ","11057-7392      ",2027-07-22 00:00:00.000,2026-05-29 00:00:00.000,740.00000000,0.00000000,0.00000000,0.00000000,740.00000000
MTM2,CID-00331-01,CO-100013-21,2,55,CD~CO-100013-21~*~*~2~55,CD,NULL," "," "," "," ","11057-7822      ",2027-07-22 00:00:00.000,2026-05-29 00:00:00.000,15000.00000000,0.00000000,0.00000000,0.00000000,15000.00000000
MTM2,CID-00331-01,CO-100013-21,3,50,CD~CO-100013-21~*~*~3~50,CD,NULL," "," "," "," ","11057-7975      ",2027-07-22 00:00:00.000,2026-05-29 00:00:00.000,140.00000000,0.00000000,0.00000000,0.00000000,140.00000000
MTM2,CID-00331-01,CO-100013-21,4,30,CD~CO-100013-21~*~*~4~30,CD,NULL," "," "," "," ","11058-4138      ",2027-07-22 00:00:00.000,2026-05-29 00:00:00.000,80.00000000,0.00000000,0.00000000,0.00000000,80.00000000
MTM2,CID-00331-01,CO-100013-21,7,49,CD~CO-100013-21~*~*~7~49,CD,NULL," "," "," "," ","13042-0804      ",2027-07-22 00:00:00.000,2026-05-29 00:00:00.000,5900.00000000,0.00000000,0.00000000,0.00000000,5900.00000000
MTM2,CID-00331-01,CO-100013-21,8,19,CD~CO-100013-21~*~*~8~19,CD,NULL," "," "," "," ","13272-3994      ",2027-07-22 00:00:00.000,2026-05-29 00:00:00.000,18200.00000000,0.00000000,0.00000000,0.00000000,18200.00000000
MTM2,CID-00331-01,CO-100013-21,10,27,CD~CO-100013-21~*~*~10~27,CD,NULL," "," "," "," ","13272-4001      ",2027-07-22 00:00:00.000,2026-05-29 00:00:00.000,2160.00000000,0.00000000,0.00000000,0.00000000,2160.00000000
MTM2,CID-00331-01,CO-100013-21,15,41,CD~CO-100013-21~*~*~15~41,CD,NULL," "," "," "," ","27012-0917      ",2027-07-22 00:00:00.000,2026-05-29 00:00:00.000,550.00000000,0.00000000,0.00000000,0.00000000,550.00000000
MTM2,CID-00331-01,CO-100013-21,16,56,CD~CO-100013-21~*~*~16~56,CD,NULL," "," "," "," ","27012-0922      ",2027-07-22 00:00:00.000,2026-05-29 00:00:00.000,650.00000000,0.00000000,0.00000000,0.00000000,650.00000000
MTM2,CID-00331-01,CO-100013-21,17,27,CD~CO-100013-21~*~*~17~27,CD,NULL," "," "," "," ","49103-0016      ",2027-07-22 00:00:00.000,2026-05-29 00:00:00.000,8500.00000000,0.00000000,0.00000000,0.00000000,8500.00000000
MTM2,CID-00022-03,CO-100018-22,12,98,CD~CO-100018-22~*~*~12~98,CD,NULL," "," "," "," ",TA32317,2027-07-22 00:00:00.000,2026-05-29 00:00:00.000,240.00000000,0.00000000,0.00000000,0.00000000,240.00000000
MTM2,CID-00022-03,CO-100018-22,13,98,CD~CO-100018-22~*~*~13~98,CD,NULL," "," "," "," ",TA32318,2027-07-22 00:00:00.000,2026-05-29 00:00:00.000,240.00000000,0.00000000,0.00000000,0.00000000,240.00000000
MTM2,CID-00331-01,CO-100025-21,1,55,CD~CO-100025-21~*~*~1~55,CD,NULL," "," "," "," ","11057-7822      ",2027-07-22 00:00:00.000,2026-05-29 00:00:00.000,18500.00000000,0.00000000,0.00000000,0.00000000,18500.00000000
MTM2,CID-00331-01,CO-100025-21,2,54,CD~CO-100025-21~*~*~2~54,CD,NULL," "," "," "," ","13042-0804      ",2027-07-22 00:00:00.000,2026-05-29 00:00:00.000,5900.00000000,0.00000000,0.00000000,0.00000000,5900.00000000
MTM2,CID-00331-01,CO-100025-21,3,55,CD~CO-100025-21~*~*~3~55,CD,NULL," "," "," "," ","13272-3993      ",2027-07-22 00:00:00.000,2026-05-29 00:00:00.000,5400.00000000,0.00000000,0.00000000,0.00000000,5400.00000000
MTM2,CID-00331-01,CO-100025-21,5,55,CD~CO-100025-21~*~*~5~55,CD,NULL," "," "," "," ","13272-4000      ",2027-07-22 00:00:00.000,2026-05-29 00:00:00.000,5280.00000000,0.00000000,0.00000000,0.00000000,5280.00000000
MTM2,CID-00331-01,CO-100025-21,6,29,CD~CO-100025-21~*~*~6~29,CD,NULL," "," "," "," ","14093-1268      ",2027-07-22 00:00:00.000,2026-05-29 00:00:00.000,20160.00000000,0.00000000,0.00000000,0.00000000,20160.00000000
MTM2,CID-00331-01,CO-100025-21,7,55,CD~CO-100025-21~*~*~7~55,CD,NULL," "," "," "," ","49103-0016      ",2027-07-22 00:00:00.000,2026-05-29 00:00:00.000,5000.00000000,0.00000000,0.00000000,0.00000000,5000.00000000
MTM2,CID-00331-01,CO-100025-21,8,55,CD~CO-100025-21~*~*~8~55,CD,NULL," "," "," "," ","49103-0017      ",2027-07-22 00:00:00.000,2026-05-29 00:00:00.000,5000.00000000,0.00000000,0.00000000,0.00000000,5000.00000000
MTM2,CID-00331-01,CO-100025-21,9,42,CD~CO-100025-21~*~*~9~42,CD,NULL," "," "," "," ","92026-0921      ",2027-07-22 00:00:00.000,2026-05-29 00:00:00.000,13200.00000000,0.00000000,0.00000000,0.00000000,13200.00000000
MTM2,CID-00022-03,CO-100033,1,39,CD~CO-100033~*~*~1~39,CD,NULL," "," "," "," ",AT573671,2027-07-22 00:00:00.000,2026-05-29 00:00:00.000,36.00000000,0.00000000,0.00000000,0.00000000,36.00000000
MTM2,CID-00022-03,CO-100033,2,38,CD~CO-100033~*~*~2~38,CD,NULL," "," "," "," ",AT577534,2027-07-22 00:00:00.000,2026-05-29 00:00:00.000,36.00000000,0.00000000,0.00000000,0.00000000,36.00000000
MTM2,CID-00022-03,CO-100033,3,39,CD~CO-100033~*~*~3~39,CD,NULL," "," "," "," ",AT578426,2027-07-22 00:00:00.000,2026-05-29 00:00:00.000,36.00000000,0.00000000,0.00000000,0.00000000,36.00000000
MTM2,CID-00022-03,CO-100033,4,38,CD~CO-100033~*~*~4~38,CD,NULL," "," "," "," ",AT578462,2027-07-22 00:00:00.000,2026-05-29 00:00:00.000,36.00000000,0.00000000,0.00000000,0.00000000,36.00000000
MTM2,CID-00022-03,CO-100033,5,38,CD~CO-100033~*~*~5~38,CD,NULL," "," "," "," ",AT578465,2027-07-22 00:00:00.000,2026-05-29 00:00:00.000,36.00000000,0.00000000,0.00000000,0.00000000,36.00000000
MTM2,CID-00022-03,CO-100018-22,2,46,CD~CO-100018-22~*~*~2~46,CD,NULL," "," "," "," ",AKK46582,2027-07-21 00:00:00.000,2026-05-29 00:00:00.000,72.00000000,0.00000000,0.00000000,0.00000000,72.00000000
MTM2,CID-00022-03,CO-100018-22,14,10,CD~CO-100018-22~*~*~14~10,CD,NULL," "," "," "," ",UC39605,2027-07-21 00:00:00.000,2026-05-29 00:00:00.000,2.00000000,0.00000000,0.00000000,0.00000000,2.00000000
MTM2,CID-00045-01,CO-087125,1,914,CD~CO-087125~*~*~1~914,CD,NULL," "," "," "," ",0501 216 523,2027-07-20 00:00:00.000,2026-05-29 00:00:00.000,250.00000000,0.00000000,0.00000000,0.00000000,250.00000000
MTM2,CID-00347-01,CO-087112,1,222,CD~CO-087112~*~*~1~222,CD,NULL," "," "," "," ",1087.397.014,2027-07-19 00:00:00.000,2026-05-29 00:00:00.000,16200.00000000,0.00000000,0.00000000,0.00000000,16200.00000000
MTM2,CID-00347-01,CO-087117,1,247,CD~CO-087117~*~*~1~247,CD,NULL," "," "," "," ",1094.397.033,2027-07-19 00:00:00.000,2026-05-29 00:00:00.000,736.00000000,0.00000000,0.00000000,0.00000000,736.00000000
MTM2,CID-00347-01,CO-087118,1,346,CD~CO-087118~*~*~1~346,CD,NULL," "," "," "," ",1112.301.060,2027-07-19 00:00:00.000,2026-05-29 00:00:00.000,13050.00000000,0.00000000,0.00000000,0.00000000,13050.00000000
MTM2,CID-00347-01,CO-087119,1,360,CD~CO-087119~*~*~1~360,CD,NULL," "," "," "," ",1112.397.001,2027-07-19 00:00:00.000,2026-05-29 00:00:00.000,8100.00000000,0.00000000,0.00000000,0.00000000,8100.00000000
MTM2,CID-00660-03,CO-100001,2,11,CD~CO-100001~*~*~2~11,CD,NULL," "," "," "," ",64508,2027-07-19 00:00:00.000,2026-05-29 00:00:00.000,100.00000000,0.00000000,0.00000000,0.00000000,100.00000000
MTM2,CID-00660-03,CO-100001,4,48,CD~CO-100001~*~*~4~48,CD,NULL," "," "," "," ",1224196,2027-07-19 00:00:00.000,2026-05-29 00:00:00.000,120.00000000,0.00000000,0.00000000,0.00000000,120.00000000
MTM2,CID-00022-03,CO-100018-22,12,97,CD~CO-100018-22~*~*~12~97,CD,NULL," "," "," "," ",TA32317,2027-07-19 00:00:00.000,2026-05-29 00:00:00.000,240.00000000,0.00000000,0.00000000,0.00000000,240.00000000
MTM2,CID-00022-03,CO-100018-22,13,97,CD~CO-100018-22~*~*~13~97,CD,NULL," "," "," "," ",TA32318,2027-07-19 00:00:00.000,2026-05-29 00:00:00.000,240.00000000,0.00000000,0.00000000,0.00000000,240.00000000
MTM2,CID-00612-01,CO-100019,1,199,CD~CO-100019~*~*~1~199,CD,NULL," "," "," "," ",139014203,2027-07-18 00:00:00.000,2026-05-29 00:00:00.000,1080.00000000,0.00000000,0.00000000,0.00000000,1080.00000000
MTM2,CID-00612-01,CO-100019,4,99,CD~CO-100019~*~*~4~99,CD,NULL," "," "," "," ",139016310,2027-07-18 00:00:00.000,2026-05-29 00:00:00.000,1080.00000000,0.00000000,0.00000000,0.00000000,1080.00000000
MTM2,CID-00022-03,CO-100018-22,1,9,CD~CO-100018-22~*~*~1~9,CD,NULL," "," "," "," ",AKK29932,2027-07-16 00:00:00.000,2026-05-29 00:00:00.000,300.00000000,0.00000000,0.00000000,0.00000000,300.00000000
MTM2,CID-00022-03,CO-100018-22,2,45,CD~CO-100018-22~*~*~2~45,CD,NULL," "," "," "," ",AKK46582,2027-07-16 00:00:00.000,2026-05-29 00:00:00.000,96.00000000,0.00000000,0.00000000,0.00000000,96.00000000
MTM2,CID-00022-03,CO-100018-22,3,44,CD~CO-100018-22~*~*~3~44,CD,NULL," "," "," "," ",AKK54380,2027-07-16 00:00:00.000,2026-05-29 00:00:00.000,90.00000000,0.00000000,0.00000000,0.00000000,90.00000000
MTM2,CID-00022-03,CO-100018-22,4,43,CD~CO-100018-22~*~*~4~43,CD,NULL," "," "," "," ",AKK57447,2027-07-16 00:00:00.000,2026-05-29 00:00:00.000,180.00000000,0.00000000,0.00000000,0.00000000,180.00000000
MTM2,CID-00022-03,CO-100018-22,9,27,CD~CO-100018-22~*~*~9~27,CD,NULL," "," "," "," ",M88984MX1,2027-07-16 00:00:00.000,2026-05-29 00:00:00.000,200.00000000,0.00000000,0.00000000,0.00000000,200.00000000
MTM2,CID-00331-01,CO-100013-21,1,49,CD~CO-100013-21~*~*~1~49,CD,NULL," "," "," "," ","11057-7392      ",2027-07-15 00:00:00.000,2026-05-29 00:00:00.000,370.00000000,0.00000000,0.00000000,0.00000000,370.00000000
MTM2,CID-00331-01,CO-100013-21,2,54,CD~CO-100013-21~*~*~2~54,CD,NULL," "," "," "," ","11057-7822      ",2027-07-15 00:00:00.000,2026-05-29 00:00:00.000,15000.00000000,0.00000000,0.00000000,0.00000000,15000.00000000
MTM2,CID-00331-01,CO-100013-21,3,49,CD~CO-100013-21~*~*~3~49,CD,NULL," "," "," "," ","11057-7975      ",2027-07-15 00:00:00.000,2026-05-29 00:00:00.000,280.00000000,0.00000000,0.00000000,0.00000000,280.00000000
MTM2,CID-00331-01,CO-100013-21,4,29,CD~CO-100013-21~*~*~4~29,CD,NULL," "," "," "," ","11058-4138      ",2027-07-15 00:00:00.000,2026-05-29 00:00:00.000,260.00000000,0.00000000,0.00000000,0.00000000,260.00000000
MTM2,CID-00331-01,CO-100013-21,5,44,CD~CO-100013-21~*~*~5~44,CD,NULL," "," "," "," ","11058-7355      ",2027-07-15 00:00:00.000,2026-05-29 00:00:00.000,300.00000000,0.00000000,0.00000000,0.00000000,300.00000000
MTM2,CID-00331-01,CO-100013-21,6,27,CD~CO-100013-21~*~*~6~27,CD,NULL," "," "," "," ","11058-7782      ",2027-07-15 00:00:00.000,2026-05-29 00:00:00.000,250.00000000,0.00000000,0.00000000,0.00000000,250.00000000
MTM2,CID-00331-01,CO-100013-21,12,27,CD~CO-100013-21~*~*~12~27,CD,NULL," "," "," "," ","13272-7037      ",2027-07-15 00:00:00.000,2026-05-29 00:00:00.000,1140.00000000,0.00000000,0.00000000,0.00000000,1140.00000000
MTM2,CID-00331-01,CO-100013-21,13,37,CD~CO-100013-21~*~*~13~37,CD,NULL," "," "," "," ","14093-1268      ",2027-07-15 00:00:00.000,2026-05-29 00:00:00.000,6020.00000000,0.00000000,0.00000000,0.00000000,6020.00000000
MTM2,CID-00331-01,CO-100013-21,14,48,CD~CO-100013-21~*~*~14~48,CD,NULL," "," "," "," ","27012-0857D      ",2027-07-15 00:00:00.000,2026-05-29 00:00:00.000,600.00000000,0.00000000,0.00000000,0.00000000,600.00000000
MTM2,CID-00331-01,CO-100013-21,16,55,CD~CO-100013-21~*~*~16~55,CD,NULL," "," "," "," ","27012-0922      ",2027-07-15 00:00:00.000,2026-05-29 00:00:00.000,585.00000000,0.00000000,0.00000000,0.00000000,585.00000000
MTM2,CID-00331-01,CO-100013-21,18,27,CD~CO-100013-21~*~*~18~27,CD,NULL," "," "," "," ","49103-0017      ",2027-07-15 00:00:00.000,2026-05-29 00:00:00.000,8600.00000000,0.00000000,0.00000000,0.00000000,8600.00000000
MTM2,CID-00022-03,CO-100018-22,6,45,CD~CO-100018-22~*~*~6~45,CD,NULL," "," "," "," ",AUC24108,2027-07-15 00:00:00.000,2026-05-29 00:00:00.000,740.00000000,0.00000000,0.00000000,0.00000000,740.00000000
MTM2,CID-00022-03,CO-100018-22,12,96,CD~CO-100018-22~*~*~12~96,CD,NULL," "," "," "," ",TA32317,2027-07-15 00:00:00.000,2026-05-29 00:00:00.000,240.00000000,0.00000000,0.00000000,0.00000000,240.00000000
MTM2,CID-00022-03,CO-100018-22,13,96,CD~CO-100018-22~*~*~13~96,CD,NULL," "," "," "," ",TA32318,2027-07-15 00:00:00.000,2026-05-29 00:00:00.000,240.00000000,0.00000000,0.00000000,0.00000000,240.00000000
MTM2,CID-00331-01,CO-100025-21,1,54,CD~CO-100025-21~*~*~1~54,CD,NULL," "," "," "," ","11057-7822      ",2027-07-15 00:00:00.000,2026-05-29 00:00:00.000,30000.00000000,0.00000000,0.00000000,0.00000000,30000.00000000
MTM2,CID-00331-01,CO-100025-21,2,53,CD~CO-100025-21~*~*~2~53,CD,NULL," "," "," "," ","13042-0804      ",2027-07-15 00:00:00.000,2026-05-29 00:00:00.000,11800.00000000,0.00000000,0.00000000,0.00000000,11800.00000000
MTM2,CID-00331-01,CO-100025-21,3,54,CD~CO-100025-21~*~*~3~54,CD,NULL," "," "," "," ","13272-3993      ",2027-07-15 00:00:00.000,2026-05-29 00:00:00.000,8600.00000000,0.00000000,0.00000000,0.00000000,8600.00000000
MTM2,CID-00331-01,CO-100025-21,5,54,CD~CO-100025-21~*~*~5~54,CD,NULL," "," "," "," ","13272-4000      ",2027-07-15 00:00:00.000,2026-05-29 00:00:00.000,8800.00000000,0.00000000,0.00000000,0.00000000,8800.00000000
MTM2,CID-00331-01,CO-100025-21,7,54,CD~CO-100025-21~*~*~7~54,CD,NULL," "," "," "," ","49103-0016      ",2027-07-15 00:00:00.000,2026-05-29 00:00:00.000,9000.00000000,0.00000000,0.00000000,0.00000000,9000.00000000
MTM2,CID-00331-01,CO-100025-21,8,54,CD~CO-100025-21~*~*~8~54,CD,NULL," "," "," "," ","49103-0017      ",2027-07-15 00:00:00.000,2026-05-29 00:00:00.000,9000.00000000,0.00000000,0.00000000,0.00000000,9000.00000000
MTM2,CID-00331-01,CO-100025-21,9,41,CD~CO-100025-21~*~*~9~41,CD,NULL," "," "," "," ","92026-0921      ",2027-07-15 00:00:00.000,2026-05-29 00:00:00.000,13200.00000000,0.00000000,0.00000000,0.00000000,13200.00000000
MTM2,CID-00022-03,CO-100033,1,38,CD~CO-100033~*~*~1~38,CD,NULL," "," "," "," ",AT573671,2027-07-15 00:00:00.000,2026-05-29 00:00:00.000,37.00000000,0.00000000,0.00000000,0.00000000,37.00000000
MTM2,CID-00022-03,CO-100033,2,37,CD~CO-100033~*~*~2~37,CD,NULL," "," "," "," ",AT577534,2027-07-15 00:00:00.000,2026-05-29 00:00:00.000,37.00000000,0.00000000,0.00000000,0.00000000,37.00000000
MTM2,CID-00022-03,CO-100033,3,38,CD~CO-100033~*~*~3~38,CD,NULL," "," "," "," ",AT578426,2027-07-15 00:00:00.000,2026-05-29 00:00:00.000,37.00000000,0.00000000,0.00000000,0.00000000,37.00000000
MTM2,CID-00022-03,CO-100033,4,37,CD~CO-100033~*~*~4~37,CD,NULL," "," "," "," ",AT578462,2027-07-15 00:00:00.000,2026-05-29 00:00:00.000,37.00000000,0.00000000,0.00000000,0.00000000,37.00000000
MTM2,CID-00022-03,CO-100033,5,37,CD~CO-100033~*~*~5~37,CD,NULL," "," "," "," ",AT578465,2027-07-15 00:00:00.000,2026-05-29 00:00:00.000,37.00000000,0.00000000,0.00000000,0.00000000,37.00000000
MTM2,CID-00045-01,CO-087125,1,913,CD~CO-087125~*~*~1~913,CD,NULL," "," "," "," ",0501 216 523,2027-07-13 00:00:00.000,2026-05-29 00:00:00.000,100.00000000,0.00000000,0.00000000,0.00000000,100.00000000
MTM2,CID-00022-03,CO-100018-22,12,95,CD~CO-100018-22~*~*~12~95,CD,NULL," "," "," "," ",TA32317,2027-07-13 00:00:00.000,2026-05-29 00:00:00.000,240.00000000,0.00000000,0.00000000,0.00000000,240.00000000
MTM2,CID-00022-03,CO-100018-22,13,95,CD~CO-100018-22~*~*~13~95,CD,NULL," "," "," "," ",TA32318,2027-07-13 00:00:00.000,2026-05-29 00:00:00.000,240.00000000,0.00000000,0.00000000,0.00000000,240.00000000
MTM2,CID-00347-01,CO-087119,1,357,CD~CO-087119~*~*~1~357,CD,NULL," "," "," "," ",1112.397.001,2027-07-12 00:00:00.000,2026-05-29 00:00:00.000,450.00000000,0.00000000,0.00000000,0.00000000,450.00000000
MTM2,CID-00660-03,CO-100001,1,35,CD~CO-100001~*~*~1~35,CD,NULL," "," "," "," ",64503,2027-07-12 00:00:00.000,2026-05-29 00:00:00.000,100.00000000,0.00000000,0.00000000,0.00000000,100.00000000
MTM2,CID-00660-03,CO-100001,4,46,CD~CO-100001~*~*~4~46,CD,NULL," "," "," "," ",1224196,2027-07-12 00:00:00.000,2026-05-29 00:00:00.000,60.00000000,0.00000000,0.00000000,0.00000000,60.00000000
MTM2,CID-00660-03,CO-100001,4,47,CD~CO-100001~*~*~4~47,CD,NULL," "," "," "," ",1224196,2027-07-12 00:00:00.000,2026-05-29 00:00:00.000,360.00000000,0.00000000,0.00000000,0.00000000,360.00000000
MTM2,CID-00612-01,CO-100019,1,198,CD~CO-100019~*~*~1~198,CD,NULL," "," "," "," ",139014203,2027-07-11 00:00:00.000,2026-05-29 00:00:00.000,1080.00000000,0.00000000,0.00000000,0.00000000,1080.00000000
MTM2,CID-00612-01,CO-100019,4,98,CD~CO-100019~*~*~4~98,CD,NULL," "," "," "," ",139016310,2027-07-11 00:00:00.000,2026-05-29 00:00:00.000,1080.00000000,0.00000000,0.00000000,0.00000000,1080.00000000
MTM2,CID-00022-03,CO-100018-22,2,44,CD~CO-100018-22~*~*~2~44,CD,NULL," "," "," "," ",AKK46582,2027-07-09 00:00:00.000,2026-05-29 00:00:00.000,96.00000000,0.00000000,0.00000000,0.00000000,96.00000000
MTM2,CID-00022-03,CO-100018-22,3,43,CD~CO-100018-22~*~*~3~43,CD,NULL," "," "," "," ",AKK54380,2027-07-09 00:00:00.000,2026-05-29 00:00:00.000,80.00000000,0.00000000,0.00000000,0.00000000,80.00000000
MTM2,CID-00022-03,CO-100018-22,4,42,CD~CO-100018-22~*~*~4~42,CD,NULL," "," "," "," ",AKK57447,2027-07-09 00:00:00.000,2026-05-29 00:00:00.000,180.00000000,0.00000000,0.00000000,0.00000000,180.00000000
MTM2,CID-00022-03,CO-100018-22,8,32,CD~CO-100018-22~*~*~8~32,CD,NULL," "," "," "," ",HXE186089HX1,2027-07-09 00:00:00.000,2026-05-29 00:00:00.000,720.00000000,0.00000000,0.00000000,0.00000000,720.00000000
MTM2,CID-00022-03,CO-100018-22,9,26,CD~CO-100018-22~*~*~9~26,CD,NULL," "," "," "," ",M88984MX1,2027-07-09 00:00:00.000,2026-05-29 00:00:00.000,200.00000000,0.00000000,0.00000000,0.00000000,200.00000000
MTM2,CID-00022-03,CO-100033,1,37,CD~CO-100033~*~*~1~37,CD,NULL," "," "," "," ",AT573671,2027-07-09 00:00:00.000,2026-05-29 00:00:00.000,16.00000000,0.00000000,0.00000000,0.00000000,16.00000000
MTM2,CID-00022-03,CO-100033,2,36,CD~CO-100033~*~*~2~36,CD,NULL," "," "," "," ",AT577534,2027-07-09 00:00:00.000,2026-05-29 00:00:00.000,16.00000000,0.00000000,0.00000000,0.00000000,16.00000000
MTM2,CID-00022-03,CO-100033,3,37,CD~CO-100033~*~*~3~37,CD,NULL," "," "," "," ",AT578426,2027-07-09 00:00:00.000,2026-05-29 00:00:00.000,16.00000000,0.00000000,0.00000000,0.00000000,16.00000000
MTM2,CID-00022-03,CO-100033,4,36,CD~CO-100033~*~*~4~36,CD,NULL," "," "," "," ",AT578462,2027-07-09 00:00:00.000,2026-05-29 00:00:00.000,16.00000000,0.00000000,0.00000000,0.00000000,16.00000000
MTM2,CID-00022-03,CO-100033,5,36,CD~CO-100033~*~*~5~36,CD,NULL," "," "," "," ",AT578465,2027-07-09 00:00:00.000,2026-05-29 00:00:00.000,16.00000000,0.00000000,0.00000000,0.00000000,16.00000000
MTM2,CID-00331-01,CO-100013-21,1,48,CD~CO-100013-21~*~*~1~48,CD,NULL," "," "," "," ","11057-7392      ",2027-07-08 00:00:00.000,2026-05-29 00:00:00.000,740.00000000,0.00000000,0.00000000,0.00000000,740.00000000
MTM2,CID-00331-01,CO-100013-21,2,53,CD~CO-100013-21~*~*~2~53,CD,NULL," "," "," "," ","11057-7822      ",2027-07-08 00:00:00.000,2026-05-29 00:00:00.000,15000.00000000,0.00000000,0.00000000,0.00000000,15000.00000000
MTM2,CID-00331-01,CO-100013-21,3,48,CD~CO-100013-21~*~*~3~48,CD,NULL," "," "," "," ","11057-7975      ",2027-07-08 00:00:00.000,2026-05-29 00:00:00.000,140.00000000,0.00000000,0.00000000,0.00000000,140.00000000
MTM2,CID-00331-01,CO-100013-21,4,28,CD~CO-100013-21~*~*~4~28,CD,NULL," "," "," "," ","11058-4138      ",2027-07-08 00:00:00.000,2026-05-29 00:00:00.000,320.00000000,0.00000000,0.00000000,0.00000000,320.00000000
MTM2,CID-00331-01,CO-100013-21,5,43,CD~CO-100013-21~*~*~5~43,CD,NULL," "," "," "," ","11058-7355      ",2027-07-08 00:00:00.000,2026-05-29 00:00:00.000,300.00000000,0.00000000,0.00000000,0.00000000,300.00000000
MTM2,CID-00331-01,CO-100013-21,6,26,CD~CO-100013-21~*~*~6~26,CD,NULL," "," "," "," ","11058-7782      ",2027-07-08 00:00:00.000,2026-05-29 00:00:00.000,250.00000000,0.00000000,0.00000000,0.00000000,250.00000000
MTM2,CID-00331-01,CO-100013-21,7,48,CD~CO-100013-21~*~*~7~48,CD,NULL," "," "," "," ","13042-0804      ",2027-07-08 00:00:00.000,2026-05-29 00:00:00.000,5900.00000000,0.00000000,0.00000000,0.00000000,5900.00000000
MTM2,CID-00331-01,CO-100013-21,14,47,CD~CO-100013-21~*~*~14~47,CD,NULL," "," "," "," ","27012-0857D      ",2027-07-08 00:00:00.000,2026-05-29 00:00:00.000,600.00000000,0.00000000,0.00000000,0.00000000,600.00000000
MTM2,CID-00331-01,CO-100013-21,15,40,CD~CO-100013-21~*~*~15~40,CD,NULL," "," "," "," ","27012-0917      ",2027-07-08 00:00:00.000,2026-05-29 00:00:00.000,550.00000000,0.00000000,0.00000000,0.00000000,550.00000000
MTM2,CID-00331-01,CO-100013-21,16,54,CD~CO-100013-21~*~*~16~54,CD,NULL," "," "," "," ","27012-0922      ",2027-07-08 00:00:00.000,2026-05-29 00:00:00.000,455.00000000,0.00000000,0.00000000,0.00000000,455.00000000
MTM2,CID-00022-03,CO-100018-22,12,94,CD~CO-100018-22~*~*~12~94,CD,NULL," "," "," "," ",TA32317,2027-07-08 00:00:00.000,2026-05-29 00:00:00.000,240.00000000,0.00000000,0.00000000,0.00000000,240.00000000
MTM2,CID-00022-03,CO-100018-22,13,94,CD~CO-100018-22~*~*~13~94,CD,NULL," "," "," "," ",TA32318,2027-07-08 00:00:00.000,2026-05-29 00:00:00.000,240.00000000,0.00000000,0.00000000,0.00000000,240.00000000
MTM2,CID-00331-01,CO-100025-21,1,53,CD~CO-100025-21~*~*~1~53,CD,NULL," "," "," "," ","11057-7822      ",2027-07-08 00:00:00.000,2026-05-29 00:00:00.000,30000.00000000,0.00000000,0.00000000,0.00000000,30000.00000000
MTM2,CID-00331-01,CO-100025-21,2,52,CD~CO-100025-21~*~*~2~52,CD,NULL," "," "," "," ","13042-0804      ",2027-07-08 00:00:00.000,2026-05-29 00:00:00.000,5900.00000000,0.00000000,0.00000000,0.00000000,5900.00000000
MTM2,CID-00331-01,CO-100025-21,3,53,CD~CO-100025-21~*~*~3~53,CD,NULL," "," "," "," ","13272-3993      ",2027-07-08 00:00:00.000,2026-05-29 00:00:00.000,8800.00000000,0.00000000,0.00000000,0.00000000,8800.00000000
MTM2,CID-00331-01,CO-100025-21,4,33,CD~CO-100025-21~*~*~4~33,CD,NULL," "," "," "," ","13272-3994      ",2027-07-08 00:00:00.000,2026-05-29 00:00:00.000,16640.00000000,0.00000000,0.00000000,0.00000000,16640.00000000
MTM2,CID-00331-01,CO-100025-21,5,53,CD~CO-100025-21~*~*~5~53,CD,NULL," "," "," "," ","13272-4000      ",2027-07-08 00:00:00.000,2026-05-29 00:00:00.000,8640.00000000,0.00000000,0.00000000,0.00000000,8640.00000000
MTM2,CID-00331-01,CO-100025-21,7,53,CD~CO-100025-21~*~*~7~53,CD,NULL," "," "," "," ","49103-0016      ",2027-07-08 00:00:00.000,2026-05-29 00:00:00.000,8500.00000000,0.00000000,0.00000000,0.00000000,8500.00000000
MTM2,CID-00331-01,CO-100025-21,8,53,CD~CO-100025-21~*~*~8~53,CD,NULL," "," "," "," ","49103-0017      ",2027-07-08 00:00:00.000,2026-05-29 00:00:00.000,9000.00000000,0.00000000,0.00000000,0.00000000,9000.00000000
MTM2,CID-00045-01,CO-087125,1,912,CD~CO-087125~*~*~1~912,CD,NULL," "," "," "," ",0501 216 523,2027-07-06 00:00:00.000,2026-05-29 00:00:00.000,100.00000000,0.00000000,0.00000000,0.00000000,100.00000000
MTM2,CID-00347-01,CO-087118,1,337,CD~CO-087118~*~*~1~337,CD,NULL," "," "," "," ",1112.301.060,2027-07-05 00:00:00.000,2026-05-29 00:00:00.000,450.00000000,0.00000000,0.00000000,0.00000000,450.00000000
MTM2,CID-00347-01,CO-087119,1,354,CD~CO-087119~*~*~1~354,CD,NULL," "," "," "," ",1112.397.001,2027-07-05 00:00:00.000,2026-05-29 00:00:00.000,450.00000000,0.00000000,0.00000000,0.00000000,450.00000000
MTM2,CID-00660-03,CO-100001,1,34,CD~CO-100001~*~*~1~34,CD,NULL," "," "," "," ",64503,2027-07-05 00:00:00.000,2026-05-29 00:00:00.000,100.00000000,0.00000000,0.00000000,0.00000000,100.00000000
MTM2,CID-00660-03,CO-100001,4,45,CD~CO-100001~*~*~4~45,CD,NULL," "," "," "," ",1224196,2027-07-05 00:00:00.000,2026-05-29 00:00:00.000,120.00000000,0.00000000,0.00000000,0.00000000,120.00000000
MTM2,CID-00022-03,CO-100018-22,12,93,CD~CO-100018-22~*~*~12~93,CD,NULL," "," "," "," ",TA32317,2027-07-05 00:00:00.000,2026-05-29 00:00:00.000,240.00000000,0.00000000,0.00000000,0.00000000,240.00000000
MTM2,CID-00022-03,CO-100018-22,13,93,CD~CO-100018-22~*~*~13~93,CD,NULL," "," "," "," ",TA32318,2027-07-05 00:00:00.000,2026-05-29 00:00:00.000,240.00000000,0.00000000,0.00000000,0.00000000,240.00000000
MTM2,CID-00022-03,CO-100018-22,6,44,CD~CO-100018-22~*~*~6~44,CD,NULL," "," "," "," ",AUC24108,2027-07-04 00:00:00.000,2026-05-29 00:00:00.000,740.00000000,0.00000000,0.00000000,0.00000000,740.00000000
MTM2,CID-00022-03,CO-100018-22,15,30,CD~CO-100018-22~*~*~15~30,CD,NULL," "," "," "," ",UC46986,2027-07-04 00:00:00.000,2026-05-29 00:00:00.000,54.00000000,0.00000000,0.00000000,0.00000000,54.00000000
MTM2,CID-00022-03,CO-100018-22,16,30,CD~CO-100018-22~*~*~16~30,CD,NULL," "," "," "," ",UC46987,2027-07-04 00:00:00.000,2026-05-29 00:00:00.000,54.00000000,0.00000000,0.00000000,0.00000000,54.00000000
MTM2,CID-00329-01,CO-100015,16,56,CD~CO-100015~*~*~16~56,CD,NULL," "," "," "," ",0E5772,2027-07-01 00:00:00.000,2026-05-29 00:00:00.000,500.00000000,0.00000000,0.00000000,0.00000000,500.00000000
MTM2,CID-00329-01,CO-100015,17,51,CD~CO-100015~*~*~17~51,CD,NULL," "," "," "," ",0E5772A,2027-07-01 00:00:00.000,2026-05-29 00:00:00.000,800.00000000,0.00000000,0.00000000,0.00000000,800.00000000
MTM2,CID-00329-01,CO-100015,22,89,CD~CO-100015~*~*~22~89,CD,NULL," "," "," "," ",0K9516A,2027-07-01 00:00:00.000,2026-05-29 00:00:00.000,1000.00000000,0.00000000,0.00000000,0.00000000,1000.00000000
MTM2,CID-00329-01,CO-100015,23,21,CD~CO-100015~*~*~23~21,CD,NULL," "," "," "," ",G020978,2027-07-01 00:00:00.000,2026-05-29 00:00:00.000,500.00000000,0.00000000,0.00000000,0.00000000,500.00000000
MTM2,CID-00329-01,CO-100015,25,32,CD~CO-100015~*~*~25~32,CD,NULL," "," "," "," ",A0001293351,2027-07-01 00:00:00.000,2026-05-29 00:00:00.000,40.00000000,0.00000000,0.00000000,0.00000000,40.00000000
MTM2,CID-00329-01,CO-100015,26,24,CD~CO-100015~*~*~26~24,CD,NULL," "," "," "," ",A0001599643,2027-07-01 00:00:00.000,2026-05-29 00:00:00.000,80.00000000,0.00000000,0.00000000,0.00000000,80.00000000
MTM2,CID-00022-03,CO-100018-22,2,43,CD~CO-100018-22~*~*~2~43,CD,NULL," "," "," "," ",AKK46582,2027-07-01 00:00:00.000,2026-05-29 00:00:00.000,72.00000000,0.00000000,0.00000000,0.00000000,72.00000000
MTM2,CID-00022-03,CO-100018-22,3,42,CD~CO-100018-22~*~*~3~42,CD,NULL," "," "," "," ",AKK54380,2027-07-01 00:00:00.000,2026-05-29 00:00:00.000,90.00000000,0.00000000,0.00000000,0.00000000,90.00000000
MTM2,CID-00022-03,CO-100018-22,4,41,CD~CO-100018-22~*~*~4~41,CD,NULL," "," "," "," ",AKK57447,2027-07-01 00:00:00.000,2026-05-29 00:00:00.000,180.00000000,0.00000000,0.00000000,0.00000000,180.00000000
MTM2,CID-00022-03,CO-100018-22,12,92,CD~CO-100018-22~*~*~12~92,CD,NULL," "," "," "," ",TA32317,2027-07-01 00:00:00.000,2026-05-29 00:00:00.000,240.00000000,0.00000000,0.00000000,0.00000000,240.00000000
MTM2,CID-00022-03,CO-100018-22,13,92,CD~CO-100018-22~*~*~13~92,CD,NULL," "," "," "," ",TA32318,2027-07-01 00:00:00.000,2026-05-29 00:00:00.000,240.00000000,0.00000000,0.00000000,0.00000000,240.00000000
MTM2,CID-00022-03,CO-100033,1,36,CD~CO-100033~*~*~1~36,CD,NULL," "," "," "," ",AT573671,2027-07-01 00:00:00.000,2026-05-29 00:00:00.000,20.00000000,0.00000000,0.00000000,0.00000000,20.00000000
MTM2,CID-00022-03,CO-100033,2,35,CD~CO-100033~*~*~2~35,CD,NULL," "," "," "," ",AT577534,2027-07-01 00:00:00.000,2026-05-29 00:00:00.000,20.00000000,0.00000000,0.00000000,0.00000000,20.00000000
MTM2,CID-00022-03,CO-100033,3,36,CD~CO-100033~*~*~3~36,CD,NULL," "," "," "," ",AT578426,2027-07-01 00:00:00.000,2026-05-29 00:00:00.000,20.00000000,0.00000000,0.00000000,0.00000000,20.00000000
MTM2,CID-00022-03,CO-100033,4,35,CD~CO-100033~*~*~4~35,CD,NULL," "," "," "," ",AT578462,2027-07-01 00:00:00.000,2026-05-29 00:00:00.000,20.00000000,0.00000000,0.00000000,0.00000000,20.00000000
MTM2,CID-00022-03,CO-100033,5,35,CD~CO-100033~*~*~5~35,CD,NULL," "," "," "," ",AT578465,2027-07-01 00:00:00.000,2026-05-29 00:00:00.000,20.00000000,0.00000000,0.00000000,0.00000000,20.00000000
MTM2,CID-00045-01,CO-087125,1,911,CD~CO-087125~*~*~1~911,CD,NULL," "," "," "," ",0501 216 523,2027-06-29 00:00:00.000,2026-05-29 00:00:00.000,100.00000000,0.00000000,0.00000000,0.00000000,100.00000000
MTM2,CID-00347-01,CO-087118,1,345,CD~CO-087118~*~*~1~345,CD,NULL," "," "," "," ",1112.301.060,2027-06-28 00:00:00.000,2026-05-29 00:00:00.000,450.00000000,0.00000000,0.00000000,0.00000000,450.00000000
MTM2,CID-00660-03,CO-100001,2,10,CD~CO-100001~*~*~2~10,CD,NULL," "," "," "," ",64508,2027-06-28 00:00:00.000,2026-05-29 00:00:00.000,100.00000000,0.00000000,0.00000000,0.00000000,100.00000000
MTM2,CID-00660-03,CO-100001,4,44,CD~CO-100001~*~*~4~44,CD,NULL," "," "," "," ",1224196,2027-06-28 00:00:00.000,2026-05-29 00:00:00.000,120.00000000,0.00000000,0.00000000,0.00000000,120.00000000
MTM2,CID-00194-01,CO-100003,16,88,CD~CO-100003~*~*~16~88,CD,NULL," "," "," "," ",3313131,2027-06-28 00:00:00.000,2026-05-29 00:00:00.000,70.00000000,0.00000000,0.00000000,0.00000000,70.00000000
MTM2,CID-00194-01,CO-100003,17,77,CD~CO-100003~*~*~17~77,CD,NULL," "," "," "," ",3313135,2027-06-28 00:00:00.000,2026-05-29 00:00:00.000,48.00000000,0.00000000,0.00000000,0.00000000,48.00000000
MTM2,CID-00612-01,CO-100019,1,194,CD~CO-100019~*~*~1~194,CD,NULL," "," "," "," ",139014203,2027-06-27 00:00:00.000,2026-05-29 00:00:00.000,816.00000000,0.00000000,0.00000000,0.00000000,816.00000000
MTM2,CID-00612-01,CO-100019,2,143,CD~CO-100019~*~*~2~143,CD,NULL," "," "," "," ",139014207,2027-06-27 00:00:00.000,2026-05-29 00:00:00.000,192.00000000,0.00000000,0.00000000,0.00000000,192.00000000
MTM2,CID-00612-01,CO-100019,4,94,CD~CO-100019~*~*~4~94,CD,NULL," "," "," "," ",139016310,2027-06-27 00:00:00.000,2026-05-29 00:00:00.000,816.00000000,0.00000000,0.00000000,0.00000000,816.00000000
MTM2,CID-00612-01,CO-100019,5,72,CD~CO-100019~*~*~5~72,CD,NULL," "," "," "," ",809088201,2027-06-27 00:00:00.000,2026-05-29 00:00:00.000,192.00000000,0.00000000,0.00000000,0.00000000,192.00000000
MTM2,CID-00022-03,CO-085550,1,0,CO~CO-085550~*~*~1~0,CO,"WO~CO-085550~1~0~0~0~ ",WO,CO-085550,1,0," ",2027-06-25 00:00:00.000,2027-06-24 23:50:00.000,1.00000000,0.00000000,1.00000000,0.00000000,1.00000000
MTM2,CID-00022-03,CO-085550,1,0,CO~CO-085550~*~*~1~0,CO,"WO~CO-085550~1~0~0~0~ ",WO,CO-085550,1,0," ",2027-06-25 00:00:00.000,2027-06-25 00:00:00.000,1.00000000,0.00000000,1.00000000,0.00000000,1.00000000
MTM2,CID-00331-01,CO-100013-21,2,52,CD~CO-100013-21~*~*~2~52,CD,NULL," "," "," "," ","11057-7822      ",2027-06-25 00:00:00.000,2026-05-29 00:00:00.000,15000.00000000,0.00000000,0.00000000,0.00000000,15000.00000000
MTM2,CID-00331-01,CO-100013-21,3,47,CD~CO-100013-21~*~*~3~47,CD,NULL," "," "," "," ","11057-7975      ",2027-06-25 00:00:00.000,2026-05-29 00:00:00.000,280.00000000,0.00000000,0.00000000,0.00000000,280.00000000
MTM2,CID-00331-01,CO-100013-21,4,27,CD~CO-100013-21~*~*~4~27,CD,NULL," "," "," "," ","11058-4138      ",2027-06-25 00:00:00.000,2026-05-29 00:00:00.000,220.00000000,0.00000000,0.00000000,0.00000000,220.00000000
MTM2,CID-00331-01,CO-100013-21,5,42,CD~CO-100013-21~*~*~5~42,CD,NULL," "," "," "," ","11058-7355      ",2027-06-25 00:00:00.000,2026-05-29 00:00:00.000,300.00000000,0.00000000,0.00000000,0.00000000,300.00000000
MTM2,CID-00331-01,CO-100013-21,6,25,CD~CO-100013-21~*~*~6~25,CD,NULL," "," "," "," ","11058-7782      ",2027-06-25 00:00:00.000,2026-05-29 00:00:00.000,250.00000000,0.00000000,0.00000000,0.00000000,250.00000000
MTM2,CID-00331-01,CO-100013-21,12,26,CD~CO-100013-21~*~*~12~26,CD,NULL," "," "," "," ","13272-7037      ",2027-06-25 00:00:00.000,2026-05-29 00:00:00.000,1140.00000000,0.00000000,0.00000000,0.00000000,1140.00000000
MTM2,CID-00331-01,CO-100013-21,14,46,CD~CO-100013-21~*~*~14~46,CD,NULL," "," "," "," ","27012-0857D      ",2027-06-25 00:00:00.000,2026-05-29 00:00:00.000,600.00000000,0.00000000,0.00000000,0.00000000,600.00000000
MTM2,CID-00331-01,CO-100013-21,15,39,CD~CO-100013-21~*~*~15~39,CD,NULL," "," "," "," ","27012-0917      ",2027-06-25 00:00:00.000,2026-05-29 00:00:00.000,550.00000000,0.00000000,0.00000000,0.00000000,550.00000000
MTM2,CID-00331-01,CO-100013-21,16,53,CD~CO-100013-21~*~*~16~53,CD,NULL," "," "," "," ","27012-0922      ",2027-06-25 00:00:00.000,2026-05-29 00:00:00.000,325.00000000,0.00000000,0.00000000,0.00000000,325.00000000
MTM2,CID-00022-03,CO-100018-22,7,5,CD~CO-100018-22~*~*~7~5,CD,NULL," "," "," "," ",CB01515846,2027-06-25 00:00:00.000,2026-05-29 00:00:00.000,4.00000000,0.00000000,0.00000000,0.00000000,4.00000000
MTM2,CID-00022-03,CO-100018-22,12,91,CD~CO-100018-22~*~*~12~91,CD,NULL," "," "," "," ",TA32317,2027-06-25 00:00:00.000,2026-05-29 00:00:00.000,240.00000000,0.00000000,0.00000000,0.00000000,240.00000000
MTM2,CID-00022-03,CO-100018-22,13,91,CD~CO-100018-22~*~*~13~91,CD,NULL," "," "," "," ",TA32318,2027-06-25 00:00:00.000,2026-05-29 00:00:00.000,240.00000000,0.00000000,0.00000000,0.00000000,240.00000000
MTM2,CID-00331-01,CO-100013-21,1,47,CD~CO-100013-21~*~*~1~47,CD,NULL," "," "," "," ","11057-7392      ",2027-06-24 00:00:00.000,2026-05-29 00:00:00.000,370.00000000,0.00000000,0.00000000,0.00000000,370.00000000
MTM2,CID-00331-01,CO-100013-21,4,26,CD~CO-100013-21~*~*~4~26,CD,NULL," "," "," "," ","11058-4138      ",2027-06-24 00:00:00.000,2026-05-29 00:00:00.000,80.00000000,0.00000000,0.00000000,0.00000000,80.00000000
MTM2,CID-00331-01,CO-100013-21,7,47,CD~CO-100013-21~*~*~7~47,CD,NULL," "," "," "," ","13042-0804      ",2027-06-24 00:00:00.000,2026-05-29 00:00:00.000,5900.00000000,0.00000000,0.00000000,0.00000000,5900.00000000
MTM2,CID-00331-01,CO-100013-21,10,26,CD~CO-100013-21~*~*~10~26,CD,NULL," "," "," "," ","13272-4001      ",2027-06-24 00:00:00.000,2026-05-29 00:00:00.000,2160.00000000,0.00000000,0.00000000,0.00000000,2160.00000000
MTM2,CID-00331-01,CO-100013-21,16,52,CD~CO-100013-21~*~*~16~52,CD,NULL," "," "," "," ","27012-0922      ",2027-06-24 00:00:00.000,2026-05-29 00:00:00.000,260.00000000,0.00000000,0.00000000,0.00000000,260.00000000
MTM2,CID-00331-01,CO-100013-21,17,26,CD~CO-100013-21~*~*~17~26,CD,NULL," "," "," "," ","49103-0016      ",2027-06-24 00:00:00.000,2026-05-29 00:00:00.000,8500.00000000,0.00000000,0.00000000,0.00000000,8500.00000000
MTM2,CID-00022-03,CO-100018-22,1,8,CD~CO-100018-22~*~*~1~8,CD,NULL," "," "," "," ",AKK29932,2027-06-24 00:00:00.000,2026-05-29 00:00:00.000,300.00000000,0.00000000,0.00000000,0.00000000,300.00000000
MTM2,CID-00022-03,CO-100018-22,2,42,CD~CO-100018-22~*~*~2~42,CD,NULL," "," "," "," ",AKK46582,2027-06-24 00:00:00.000,2026-05-29 00:00:00.000,96.00000000,0.00000000,0.00000000,0.00000000,96.00000000
MTM2,CID-00022-03,CO-100018-22,3,41,CD~CO-100018-22~*~*~3~41,CD,NULL," "," "," "," ",AKK54380,2027-06-24 00:00:00.000,2026-05-29 00:00:00.000,90.00000000,0.00000000,0.00000000,0.00000000,90.00000000
MTM2,CID-00022-03,CO-100018-22,4,40,CD~CO-100018-22~*~*~4~40,CD,NULL," "," "," "," ",AKK57447,2027-06-24 00:00:00.000,2026-05-29 00:00:00.000,150.00000000,0.00000000,0.00000000,0.00000000,150.00000000
MTM2,CID-00022-03,CO-100018-22,8,31,CD~CO-100018-22~*~*~8~31,CD,NULL," "," "," "," ",HXE186089HX1,2027-06-24 00:00:00.000,2026-05-29 00:00:00.000,720.00000000,0.00000000,0.00000000,0.00000000,720.00000000
MTM2,CID-00022-03,CO-100018-22,9,25,CD~CO-100018-22~*~*~9~25,CD,NULL," "," "," "," ",M88984MX1,2027-06-24 00:00:00.000,2026-05-29 00:00:00.000,200.00000000,0.00000000,0.00000000,0.00000000,200.00000000
MTM2,CID-00331-01,CO-100025-21,1,52,CD~CO-100025-21~*~*~1~52,CD,NULL," "," "," "," ","11057-7822      ",2027-06-24 00:00:00.000,2026-05-29 00:00:00.000,45000.00000000,0.00000000,0.00000000,0.00000000,45000.00000000
MTM2,CID-00331-01,CO-100025-21,2,51,CD~CO-100025-21~*~*~2~51,CD,NULL," "," "," "," ","13042-0804      ",2027-06-24 00:00:00.000,2026-05-29 00:00:00.000,11800.00000000,0.00000000,0.00000000,0.00000000,11800.00000000
MTM2,CID-00331-01,CO-100025-21,3,52,CD~CO-100025-21~*~*~3~52,CD,NULL," "," "," "," ","13272-3993      ",2027-06-24 00:00:00.000,2026-05-29 00:00:00.000,9000.00000000,0.00000000,0.00000000,0.00000000,9000.00000000
MTM2,CID-00331-01,CO-100025-21,5,52,CD~CO-100025-21~*~*~5~52,CD,NULL," "," "," "," ","13272-4000      ",2027-06-24 00:00:00.000,2026-05-29 00:00:00.000,8960.00000000,0.00000000,0.00000000,0.00000000,8960.00000000
MTM2,CID-00331-01,CO-100025-21,6,28,CD~CO-100025-21~*~*~6~28,CD,NULL," "," "," "," ","14093-1268      ",2027-06-24 00:00:00.000,2026-05-29 00:00:00.000,20160.00000000,0.00000000,0.00000000,0.00000000,20160.00000000
MTM2,CID-00331-01,CO-100025-21,7,52,CD~CO-100025-21~*~*~7~52,CD,NULL," "," "," "," ","49103-0016      ",2027-06-24 00:00:00.000,2026-05-29 00:00:00.000,9000.00000000,0.00000000,0.00000000,0.00000000,9000.00000000
MTM2,CID-00331-01,CO-100025-21,8,52,CD~CO-100025-21~*~*~8~52,CD,NULL," "," "," "," ","49103-0017      ",2027-06-24 00:00:00.000,2026-05-29 00:00:00.000,9000.00000000,0.00000000,0.00000000,0.00000000,9000.00000000
MTM2,CID-00331-01,CO-100025-21,9,40,CD~CO-100025-21~*~*~9~40,CD,NULL," "," "," "," ","92026-0921      ",2027-06-24 00:00:00.000,2026-05-29 00:00:00.000,13200.00000000,0.00000000,0.00000000,0.00000000,13200.00000000
MTM2,CID-00022-03,CO-100033,1,35,CD~CO-100033~*~*~1~35,CD,NULL," "," "," "," ",AT573671,2027-06-24 00:00:00.000,2026-05-29 00:00:00.000,16.00000000,0.00000000,0.00000000,0.00000000,16.00000000
MTM2,CID-00022-03,CO-100033,2,34,CD~CO-100033~*~*~2~34,CD,NULL," "," "," "," ",AT577534,2027-06-24 00:00:00.000,2026-05-29 00:00:00.000,16.00000000,0.00000000,0.00000000,0.00000000,16.00000000
MTM2,CID-00022-03,CO-100033,3,35,CD~CO-100033~*~*~3~35,CD,NULL," "," "," "," ",AT578426,2027-06-24 00:00:00.000,2026-05-29 00:00:00.000,16.00000000,0.00000000,0.00000000,0.00000000,16.00000000
MTM2,CID-00022-03,CO-100033,4,34,CD~CO-100033~*~*~4~34,CD,NULL," "," "," "," ",AT578462,2027-06-24 00:00:00.000,2026-05-29 00:00:00.000,16.00000000,0.00000000,0.00000000,0.00000000,16.00000000
MTM2,CID-00022-03,CO-100033,5,34,CD~CO-100033~*~*~5~34,CD,NULL," "," "," "," ",AT578465,2027-06-24 00:00:00.000,2026-05-29 00:00:00.000,16.00000000,0.00000000,0.00000000,0.00000000,16.00000000
MTM2,CID-00022-03,CO-100018-22,12,90,CD~CO-100018-22~*~*~12~90,CD,NULL," "," "," "," ",TA32317,2027-06-23 00:00:00.000,2026-05-29 00:00:00.000,240.00000000,0.00000000,0.00000000,0.00000000,240.00000000
MTM2,CID-00022-03,CO-100018-22,13,90,CD~CO-100018-22~*~*~13~90,CD,NULL," "," "," "," ",TA32318,2027-06-23 00:00:00.000,2026-05-29 00:00:00.000,240.00000000,0.00000000,0.00000000,0.00000000,240.00000000
MTM2,CID-00045-01,CO-087125,1,910,CD~CO-087125~*~*~1~910,CD,NULL," "," "," "," ",0501 216 523,2027-06-22 00:00:00.000,2026-05-29 00:00:00.000,100.00000000,0.00000000,0.00000000,0.00000000,100.00000000
MTM2,CID-00022-03,CO-100018-22,4,39,CD~CO-100018-22~*~*~4~39,CD,NULL," "," "," "," ",AKK57447,2027-06-22 00:00:00.000,2026-05-29 00:00:00.000,30.00000000,0.00000000,0.00000000,0.00000000,30.00000000
MTM2,CID-00347-01,CO-087112,1,221,CD~CO-087112~*~*~1~221,CD,NULL," "," "," "," ",1087.397.014,2027-06-21 00:00:00.000,2026-05-29 00:00:00.000,15600.00000000,0.00000000,0.00000000,0.00000000,15600.00000000
MTM2,CID-00347-01,CO-087117,1,246,CD~CO-087117~*~*~1~246,CD,NULL," "," "," "," ",1094.397.033,2027-06-21 00:00:00.000,2026-05-29 00:00:00.000,250.00000000,0.00000000,0.00000000,0.00000000,250.00000000
MTM2,CID-00347-01,CO-087118,1,336,CD~CO-087118~*~*~1~336,CD,NULL," "," "," "," ",1112.301.060,2027-06-21 00:00:00.000,2026-05-29 00:00:00.000,10350.00000000,0.00000000,0.00000000,0.00000000,10350.00000000
MTM2,CID-00347-01,CO-087119,1,353,CD~CO-087119~*~*~1~353,CD,NULL," "," "," "," ",1112.397.001,2027-06-21 00:00:00.000,2026-05-29 00:00:00.000,6300.00000000,0.00000000,0.00000000,0.00000000,6300.00000000
MTM2,CID-00660-03,CO-100001,1,33,CD~CO-100001~*~*~1~33,CD,NULL," "," "," "," ",64503,2027-06-21 00:00:00.000,2026-05-29 00:00:00.000,100.00000000,0.00000000,0.00000000,0.00000000,100.00000000
MTM2,CID-00660-03,CO-100001,4,43,CD~CO-100001~*~*~4~43,CD,NULL," "," "," "," ",1224196,2027-06-21 00:00:00.000,2026-05-29 00:00:00.000,60.00000000,0.00000000,0.00000000,0.00000000,60.00000000
MTM2,CID-00022-03,CO-100018-22,12,89,CD~CO-100018-22~*~*~12~89,CD,NULL," "," "," "," ",TA32317,2027-06-21 00:00:00.000,2026-05-29 00:00:00.000,240.00000000,0.00000000,0.00000000,0.00000000,240.00000000
MTM2,CID-00022-03,CO-100018-22,13,89,CD~CO-100018-22~*~*~13~89,CD,NULL," "," "," "," ",TA32318,2027-06-21 00:00:00.000,2026-05-29 00:00:00.000,240.00000000,0.00000000,0.00000000,0.00000000,240.00000000
MTM2,CID-00612-01,CO-100019,1,193,CD~CO-100019~*~*~1~193,CD,NULL," "," "," "," ",139014203,2027-06-20 00:00:00.000,2026-05-29 00:00:00.000,960.00000000,0.00000000,0.00000000,0.00000000,960.00000000
MTM2,CID-00612-01,CO-100019,2,142,CD~CO-100019~*~*~2~142,CD,NULL," "," "," "," ",139014207,2027-06-20 00:00:00.000,2026-05-29 00:00:00.000,192.00000000,0.00000000,0.00000000,0.00000000,192.00000000
