TABLE_NAME,ORDINAL_POSITION,COLUMN_NAME,DATA_TYPE,CHARACTER_MAXIMUM_LENGTH,NUMERIC_PRECISION,NUMERIC_SCALE,IS_NULLABLE,IS_IDENTITY,IS_COMPUTED
ACCOUNT,1,ROWID,int,4,10,0,NO,YES,NO
ACCOUNT,2,ID,nvarchar,60,0,0,NO,NO,NO
ACCOUNT,3,DESCRIPTION,nvarchar,240,0,0,YES,NO,NO
ACCOUNT,4,TYPE,nchar,2,0,0,NO,NO,NO
ACCOUNT,5,SUMMARY_ACCOUNT,nchar,2,0,0,NO,NO,NO
ACCOUNT,6,PARENT_ACCT_ID,nvarchar,60,0,0,YES,NO,NO
ACCOUNT,7,CURRENCY_ID,nvarchar,30,0,0,YES,NO,NO
ACCOUNT,8,REVALUE,nchar,2,0,0,NO,NO,NO
ACCOUNT,9,PROJECT_ACCOUNT,nchar,2,0,0,YES,NO,NO
ACCOUNT,10,ACTIVE_FLAG,nchar,2,0,0,YES,NO,NO
ACCOUNT,11,STATUS_EFF_DATE,datetime,8,23,3,NO,NO,NO
ACCOUNT_AT_NATIVE,1,ROWID,int,4,10,0,NO,YES,NO
ACCOUNT_AT_NATIVE,2,ACCOUNT_ID,nvarchar,60,0,0,NO,NO,NO
ACCOUNT_AT_NATIVE,3,SITE_ID,nvarchar,30,0,0,NO,NO,NO
ACCOUNT_AT_NATIVE,4,ACCT_YEAR,decimal,5,4,0,NO,NO,NO
ACCOUNT_AT_NATIVE,5,ACCT_PERIOD,decimal,5,2,0,NO,NO,NO
ACCOUNT_AT_NATIVE,6,DEBIT_AMOUNT,decimal,13,23,8,NO,NO,NO
ACCOUNT_AT_NATIVE,7,CREDIT_AMOUNT,decimal,13,23,8,NO,NO,NO
ACCOUNT_AT_NATIVE,8,CURRENCY_ID,nvarchar,30,0,0,NO,NO,NO
ACCOUNT_BAL_DIM,1,ROWID,int,4,10,0,NO,YES,NO
ACCOUNT_BAL_DIM,2,ACCOUNT_ID,nvarchar,60,0,0,NO,NO,NO
ACCOUNT_BAL_DIM,3,SITE_ID,nvarchar,30,0,0,NO,NO,NO
ACCOUNT_BAL_DIM,4,ACCT_YEAR,decimal,5,4,0,NO,NO,NO
ACCOUNT_BAL_DIM,5,ACCT_PERIOD,decimal,5,2,0,NO,NO,NO
ACCOUNT_BAL_DIM,6,CURRENCY_ID,nvarchar,30,0,0,NO,NO,NO
ACCOUNT_BAL_DIM,7,USER_DIMENSION_1,nvarchar,30,0,0,NO,NO,NO
ACCOUNT_BAL_DIM,8,USER_DIMENSION_2,nvarchar,30,0,0,NO,NO,NO
ACCOUNT_BAL_DIM,9,CUST_ORDER_ID,nvarchar,30,0,0,NO,NO,NO
ACCOUNT_BAL_DIM,10,PRODUCT_CODE,nvarchar,30,0,0,NO,NO,NO
ACCOUNT_BAL_DIM,11,DEBIT_AMOUNT,decimal,13,23,8,NO,NO,NO
ACCOUNT_BAL_DIM,12,CREDIT_AMOUNT,decimal,13,23,8,NO,NO,NO
ACCOUNT_BAL_DIM,13,FLAG,int,4,10,0,NO,NO,NO
ACCOUNT_BAL_DIM,14,CURR_BALANCE,decimal,13,23,8,YES,NO,NO
ACCOUNT_BAL_SUM,1,ROWID,int,4,10,0,NO,YES,NO
ACCOUNT_BAL_SUM,2,SPID,nvarchar,30,0,0,NO,NO,NO
ACCOUNT_BAL_SUM,3,ACCOUNT_ID,nvarchar,60,0,0,NO,NO,NO
ACCOUNT_BAL_SUM,4,SITE_ID,nvarchar,30,0,0,NO,NO,NO
ACCOUNT_BAL_SUM,5,ACCT_YEAR,decimal,5,4,0,NO,NO,NO
ACCOUNT_BAL_SUM,6,ACCT_PERIOD,decimal,5,2,0,NO,NO,NO
ACCOUNT_BAL_SUM,7,O_DEBIT_AMOUNT,decimal,13,23,8,NO,NO,NO
ACCOUNT_BAL_SUM,8,O_CREDIT_AMOUNT,decimal,13,23,8,NO,NO,NO
ACCOUNT_BAL_SUM,9,O_DEBIT_BUDGET,decimal,13,23,8,NO,NO,NO
ACCOUNT_BAL_SUM,10,O_CREDIT_BUDGET,decimal,13,23,8,NO,NO,NO
ACCOUNT_BAL_SUM,11,N_DEBIT_AMOUNT,decimal,13,23,8,NO,NO,NO
ACCOUNT_BAL_SUM,12,N_CREDIT_AMOUNT,decimal,13,23,8,NO,NO,NO
ACCOUNT_BAL_SUM,13,N_DEBIT_BUDGET,decimal,13,23,8,NO,NO,NO
ACCOUNT_BAL_SUM,14,N_CREDIT_BUDGET,decimal,13,23,8,NO,NO,NO
ACCOUNT_BAL_SUM,15,FLAG,int,4,10,0,NO,NO,NO
ACCOUNT_BAL_SUM,16,CURRENCY_ID,nvarchar,30,0,0,NO,NO,NO
ACCOUNT_BALANCE,1,ROWID,int,4,10,0,NO,YES,NO
ACCOUNT_BALANCE,2,ACCOUNT_ID,nvarchar,60,0,0,NO,NO,NO
ACCOUNT_BALANCE,3,SITE_ID,nvarchar,30,0,0,NO,NO,NO
ACCOUNT_BALANCE,4,ACCT_YEAR,decimal,5,4,0,NO,NO,NO
ACCOUNT_BALANCE,5,ACCT_PERIOD,decimal,5,2,0,NO,NO,NO
ACCOUNT_BALANCE,6,DEBIT_AMOUNT,decimal,13,23,8,NO,NO,NO
ACCOUNT_BALANCE,7,CREDIT_AMOUNT,decimal,13,23,8,NO,NO,NO
ACCOUNT_BALANCE,8,DEBIT_BUDGET,decimal,13,23,8,NO,NO,NO
ACCOUNT_BALANCE,9,CREDIT_BUDGET,decimal,13,23,8,NO,NO,NO
ACCOUNT_BALANCE,10,FLAG,int,4,10,0,NO,NO,NO
ACCOUNT_BALANCE,11,CURRENCY_ID,nvarchar,30,0,0,NO,NO,NO
ACCOUNT_BALANCE,12,CURR_BALANCE,decimal,13,23,8,YES,NO,NO
ACCOUNT_BALANCE,14,SOA_BAL_SENT,nchar,2,0,0,YES,NO,NO
ACCOUNT_BUDGET,1,ROWID,int,4,10,0,NO,YES,NO
ACCOUNT_BUDGET,2,account_id,nvarchar,60,0,0,NO,NO,NO
ACCOUNT_BUDGET,3,SITE_ID,nvarchar,30,0,0,NO,NO,NO
ACCOUNT_BUDGET,4,acct_year,decimal,5,4,0,NO,NO,NO
ACCOUNT_BUDGET,5,acct_period,decimal,5,2,0,NO,NO,NO
ACCOUNT_BUDGET,6,budget_type,nvarchar,30,0,0,NO,NO,NO
ACCOUNT_BUDGET,7,budget_code,nvarchar,30,0,0,NO,NO,NO
ACCOUNT_BUDGET,8,currency_id,nvarchar,30,0,0,NO,NO,NO
ACCOUNT_BUDGET,9,budget_dr_amount,decimal,13,23,8,NO,NO,NO
ACCOUNT_BUDGET,10,budget_cr_amount,decimal,13,23,8,NO,NO,NO
ACCOUNT_BUDGET,11,FLAG,int,4,10,0,NO,NO,NO
ACCOUNT_BUDGET_SUM,1,ROWID,int,4,10,0,NO,YES,NO
ACCOUNT_BUDGET_SUM,2,SPID,nvarchar,30,0,0,NO,NO,NO
ACCOUNT_BUDGET_SUM,3,ACCOUNT_ID,nvarchar,60,0,0,NO,NO,NO
ACCOUNT_BUDGET_SUM,4,SITE_ID,nvarchar,30,0,0,NO,NO,NO
ACCOUNT_BUDGET_SUM,5,ACCT_YEAR,decimal,5,4,0,NO,NO,NO
ACCOUNT_BUDGET_SUM,6,ACCT_PERIOD,decimal,5,2,0,NO,NO,NO
ACCOUNT_BUDGET_SUM,7,BUDGET_TYPE,nvarchar,30,0,0,NO,NO,NO
ACCOUNT_BUDGET_SUM,8,BUDGET_CODE,nvarchar,30,0,0,NO,NO,NO
ACCOUNT_BUDGET_SUM,9,CURRENCY_ID,nvarchar,30,0,0,NO,NO,NO
ACCOUNT_BUDGET_SUM,10,O_BUDGET_DR_AMOUNT,decimal,13,23,8,NO,NO,NO
ACCOUNT_BUDGET_SUM,11,O_BUDGET_CR_AMOUNT,decimal,13,23,8,NO,NO,NO
ACCOUNT_BUDGET_SUM,12,N_BUDGET_DR_AMOUNT,decimal,13,23,8,NO,NO,NO
ACCOUNT_BUDGET_SUM,13,N_BUDGET_CR_AMOUNT,decimal,13,23,8,NO,NO,NO
ACCOUNT_BUDGET_SUM,14,FLAG,int,4,10,0,NO,NO,NO
ACCOUNT_CHG_LOG,1,ROWID,int,4,10,0,NO,YES,NO
ACCOUNT_CHG_LOG,2,TRANSACTION_ID,smallint,2,5,0,NO,NO,NO
ACCOUNT_CHG_LOG,3,ACCOUNT_ID,nvarchar,60,0,0,NO,NO,NO
ACCOUNT_CHG_LOG,4,CREATE_DATE,datetime,8,23,3,NO,NO,NO
ACCOUNT_CHG_LOG,5,FROM_TYPE,nchar,2,0,0,NO,NO,NO
ACCOUNT_CHG_LOG,6,TO_TYPE,nchar,2,0,0,NO,NO,NO
ACCOUNT_CHG_LOG,7,USER_ID,nvarchar,40,0,0,NO,NO,NO
ACCOUNT_GROUP,1,ROWID,int,4,10,0,NO,YES,NO
ACCOUNT_GROUP,2,GROUP_ID,nvarchar,30,0,0,NO,NO,NO
ACCOUNT_GROUP,3,ACCOUNT_ID,nvarchar,60,0,0,NO,NO,NO
ACCOUNT_GROUP,4,ADD_ASSET_EXPENSE,int,4,10,0,NO,NO,NO
ACCOUNT_PERIOD,1,ROWID,int,4,10,0,NO,YES,NO
ACCOUNT_PERIOD,2,ACCT_YEAR,decimal,5,4,0,NO,NO,NO
ACCOUNT_PERIOD,3,ACCT_PERIOD,decimal,5,2,0,NO,NO,NO
ACCOUNT_PERIOD,4,STATUS,nchar,2,0,0,NO,NO,NO
ACCOUNT_PERIOD,5,BEGIN_DATE,datetime,8,23,3,YES,NO,NO
ACCOUNT_PERIOD,6,END_DATE,datetime,8,23,3,YES,NO,NO
ACCOUNT_PERIOD,7,STATUS_EFF_DATE,datetime,8,23,3,NO,NO,NO
ACCOUNT_PERIOD,8,SITE_ID,nvarchar,30,0,0,NO,NO,NO
ACCOUNT_PERIOD,9,CALENDAR_ID,nvarchar,30,0,0,YES,NO,NO
ACCOUNT_PROFILE,1,ROWID,int,4,10,0,NO,YES,NO
ACCOUNT_PROFILE,2,account_type,nvarchar,2,0,0,NO,NO,NO
ACCOUNT_PROFILE,3,profile_id,nvarchar,30,0,0,NO,NO,NO
ACCOUNT_PROFILE,4,start_account,nvarchar,60,0,0,YES,NO,NO
ACCOUNT_PROFILE,5,end_account,nvarchar,60,0,0,YES,NO,NO
ACCOUNT_PROFILE,6,profile_type,nvarchar,2,0,0,NO,NO,NO
ACCOUNT_PROFILE,7,account_id,nvarchar,60,0,0,NO,NO,NO
ACCOUNT_PROFILE,8,profile_amount,decimal,13,23,8,YES,NO,NO
ACCOUNT_SITE,1,ROWID,int,4,10,0,NO,YES,NO
ACCOUNT_SITE,2,ACCOUNT_ID,nvarchar,60,0,0,NO,NO,NO
ACCOUNT_SITE,3,SITE_ID,nvarchar,30,0,0,NO,NO,NO
ACCOUNT_SITE,4,IS_VIEWABLE,nchar,2,0,0,NO,NO,NO
ACCOUNTING_ENTITY,1,ROWID,int,4,10,0,NO,YES,NO
ACCOUNTING_ENTITY,2,ID,nvarchar,30,0,0,NO,NO,NO
ACCOUNTING_ENTITY,3,ENTITY_NAME,nvarchar,100,0,0,YES,NO,NO
ACCOUNTING_ENTITY,4,ENTITY_ADDR_1,nvarchar,100,0,0,YES,NO,NO
ACCOUNTING_ENTITY,5,ENTITY_ADDR_2,nvarchar,100,0,0,YES,NO,NO
ACCOUNTING_ENTITY,6,ENTITY_ADDR_3,nvarchar,100,0,0,YES,NO,NO
ACCOUNTING_ENTITY,7,ENTITY_CITY,nvarchar,60,0,0,YES,NO,NO
ACCOUNTING_ENTITY,8,ENTITY_STATE,nvarchar,20,0,0,YES,NO,NO
ACCOUNTING_ENTITY,9,ENTITY_ZIPCODE,nvarchar,20,0,0,YES,NO,NO
ACCOUNTING_ENTITY,10,ENTITY_COUNTRY,nvarchar,100,0,0,YES,NO,NO
ACCOUNTING_ENTITY,11,STATUS,nchar,2,0,0,NO,NO,NO
ACCOUNTING_ENTITY,12,TAX_ID_NUMBER,nvarchar,50,0,0,YES,NO,NO
ACCOUNTING_ENTITY,13,DEF_LANGUAGE_ID,nvarchar,6,0,0,NO,NO,NO
ACCOUNTING_ENTITY,14,FUNCTIONAL_CURRENCY_ID,nvarchar,30,0,0,YES,NO,NO
ACCOUNTING_ENTITY,15,XCHG_RATE_DATE,nchar,2,0,0,NO,NO,NO
ACCOUNTING_ENTITY,16,XCHG_RATE_DEF_RCPT,nchar,2,0,0,NO,NO,NO
ACCOUNTING_ENTITY,17,COSTING_INTERLEVEL,nchar,2,0,0,NO,NO,NO
ACCOUNTING_ENTITY,18,COSTING_METHOD,nchar,2,0,0,NO,NO,NO
ACCOUNTING_ENTITY,19,COSTING_SOURCE,nchar,2,0,0,NO,NO,NO
ACCOUNTING_ENTITY,20,COSTING_STD_LABOR,nchar,2,0,0,NO,NO,NO
ACCOUNTING_ENTITY,21,COSTING_WIP_METHOD,nchar,2,0,0,NO,NO,NO
ACCOUNTING_ENTITY,22,COST_BY_TRACE_ID,nchar,2,0,0,YES,NO,NO
ACCOUNTING_ENTITY,23,BURDEN_SOURCE,nchar,2,0,0,NO,NO,NO
ACCOUNTING_ENTITY,24,FIFO_BY_LOCATION,nchar,2,0,0,NO,NO,NO
ACCOUNTING_ENTITY,25,EARNED_REV_METHOD,nchar,2,0,0,YES,NO,NO
ACCOUNTING_ENTITY,26,VAT_ENABLED,nchar,2,0,0,NO,NO,NO
ACCOUNTING_ENTITY,27,VAT_DISCOUNTED,nchar,2,0,0,NO,NO,NO
ACCOUNTING_ENTITY,28,VAT_REGISTRATION,nvarchar,50,0,0,YES,NO,NO
ACCOUNTING_ENTITY,29,VAT_PAYB_EXPORT_ID,nvarchar,30,0,0,YES,NO,NO
ACCOUNTING_ENTITY,30,VAT_RECV_EXPORT_ID,nvarchar,30,0,0,YES,NO,NO
ACCOUNTING_ENTITY,31,VAT_CATEGORY_REQD,nvarchar,2,0,0,YES,NO,NO
ACCOUNTING_ENTITY,32,VAT_ON_FREIGHT,nvarchar,2,0,0,YES,NO,NO
ACCOUNTING_ENTITY,33,NEXT_VAT_SEQ,int,4,10,0,NO,NO,NO
ACCOUNTING_ENTITY,34,VAT_FILE_PREFIX,nvarchar,10,0,0,YES,NO,NO
ACCOUNTING_ENTITY,35,VAT_FILE_ZEROS,nchar,2,0,0,YES,NO,NO
ACCOUNTING_ENTITY,36,VAT_FILE_PLACES,smallint,2,5,0,YES,NO,NO
ACCOUNTING_ENTITY,37,VAT_BOOK_NUM_GEN,nchar,2,0,0,NO,NO,NO
ACCOUNTING_ENTITY,38,INTRASTAT_ENABLED,nchar,2,0,0,NO,NO,NO
ACCOUNTING_ENTITY,39,VERIFY_INTRASTAT,nvarchar,2,0,0,YES,NO,NO
ACCOUNTING_ENTITY,40,COUNTRY_ID,nvarchar,30,0,0,YES,NO,NO
ACCOUNTING_ENTITY,41,BRANCH_ID,nvarchar,6,0,0,YES,NO,NO
ACCOUNTING_ENTITY,42,NEXT_INTRASTAT_SEQ,int,4,10,0,NO,NO,NO
ACCOUNTING_ENTITY,43,INTRA_FILE_PREFIX,nvarchar,10,0,0,YES,NO,NO
ACCOUNTING_ENTITY,44,INTRA_FILE_ZEROS,nchar,2,0,0,YES,NO,NO
ACCOUNTING_ENTITY,45,INTRA_FILE_PLACES,int,4,10,0,NO,NO,NO
ACCOUNTING_ENTITY,46,INTRASTAT_FREQ,nchar,2,0,0,YES,NO,NO
ACCOUNTING_ENTITY,47,INTRA_ARRV_EXPT_ID,nvarchar,30,0,0,YES,NO,NO
ACCOUNTING_ENTITY,48,INTRA_DISP_EXPT_ID,nvarchar,30,0,0,YES,NO,NO
ACCOUNTING_ENTITY,49,NEXT_ESL_SEQ,int,4,10,0,NO,NO,NO
ACCOUNTING_ENTITY,50,ESL_FILE_PREFIX,nvarchar,10,0,0,YES,NO,NO
ACCOUNTING_ENTITY,51,ESL_FILE_ZEROS,nchar,2,0,0,YES,NO,NO
ACCOUNTING_ENTITY,52,ESL_FILE_PLACES,smallint,2,5,0,YES,NO,NO
ACCOUNTING_ENTITY,53,ESL_FREQ,nchar,2,0,0,YES,NO,NO
ACCOUNTING_ENTITY,54,ESL_EXPORT_ID,nvarchar,30,0,0,YES,NO,NO
ACCOUNTING_ENTITY,55,A_SHOW_COUNTRY,nchar,2,0,0,YES,NO,NO
ACCOUNTING_ENTITY,56,A_SHOW_EXCISE_PR,nchar,2,0,0,YES,NO,NO
ACCOUNTING_ENTITY,57,A_SHOW_PORT_ARRVL,nchar,2,0,0,YES,NO,NO
ACCOUNTING_ENTITY,58,A_SHOW_PORT_TRANS,nchar,2,0,0,YES,NO,NO
ACCOUNTING_ENTITY,59,A_SHOW_REGION,nchar,2,0,0,YES,NO,NO
ACCOUNTING_ENTITY,60,A_SHOW_SIRET_NO,nchar,2,0,0,YES,NO,NO
ACCOUNTING_ENTITY,61,A_SHOW_TARIFF_CODE,nchar,2,0,0,YES,NO,NO
ACCOUNTING_ENTITY,62,D_SHOW_COUNTRY,nchar,2,0,0,YES,NO,NO
ACCOUNTING_ENTITY,63,D_SHOW_EXCISE_PR,nchar,2,0,0,YES,NO,NO
ACCOUNTING_ENTITY,64,D_SHOW_PORT_ARRVL,nchar,2,0,0,YES,NO,NO
ACCOUNTING_ENTITY,65,D_SHOW_PORT_TRANS,nchar,2,0,0,YES,NO,NO
ACCOUNTING_ENTITY,66,D_SHOW_REGION,nchar,2,0,0,YES,NO,NO
ACCOUNTING_ENTITY,67,D_SHOW_SIRET_NO,nchar,2,0,0,YES,NO,NO
ACCOUNTING_ENTITY,68,D_SHOW_TARIFF_CODE,nchar,2,0,0,YES,NO,NO
ACCOUNTING_ENTITY,69,NEXT_PAY_BATCH_SEQ,int,4,10,0,NO,NO,NO
ACCOUNTING_ENTITY,70,PAY_FILE_PREFIX,nvarchar,10,0,0,YES,NO,NO
ACCOUNTING_ENTITY,71,PAY_FILE_ZEROS,nchar,2,0,0,YES,NO,NO
ACCOUNTING_ENTITY,72,PAY_FILE_PLACES,smallint,2,5,0,NO,NO,NO
ACCOUNTING_ENTITY,73,WITHHOLD_ENABLED,nchar,2,0,0,NO,NO,NO
ACCOUNTING_ENTITY,74,WH_CERTIF_EXPT_ID,nvarchar,30,0,0,YES,NO,NO
ACCOUNTING_ENTITY,75,WH_SUMMARY_EXPT_ID,nvarchar,30,0,0,YES,NO,NO
ACCOUNTING_ENTITY,76,NEXT_WITHHOLD_SEQ,int,4,10,0,NO,NO,NO
ACCOUNTING_ENTITY,77,CASH_PERCENT_VAR,nchar,2,0,0,YES,NO,NO
ACCOUNTING_ENTITY,78,CASH_MIN_VAR,decimal,13,23,8,NO,NO,NO
ACCOUNTING_ENTITY,79,CASH_MAX_VAR,decimal,13,23,8,NO,NO,NO
ACCOUNTING_ENTITY,80,COMMISSION_SUPPORT,nchar,2,0,0,NO,NO,NO
ACCOUNTING_ENTITY,81,COMM_PAYMENT_METH,nchar,2,0,0,NO,NO,NO
ACCOUNTING_ENTITY,82,SOCIAL_SECURITY_NO,nvarchar,30,0,0,YES,NO,NO
ACCOUNTING_ENTITY,83,WIPVAS_ENABLED,nchar,2,0,0,NO,NO,NO
ACCOUNTING_ENTITY,84,DDP_ENABLED,nchar,2,0,0,NO,NO,NO
ACCOUNTING_ENTITY,85,AUTO_ALLOCATE,nchar,2,0,0,YES,NO,NO
ACCOUNTING_ENTITY,86,CO_ALLOC_LEVEL,nchar,2,0,0,YES,NO,NO
ACCOUNTING_ENTITY,87,REQ_ALLOC_LEVEL,nchar,2,0,0,YES,NO,NO
ACCOUNTING_ENTITY,88,DEF_SHIP_WEIGHT_UM,nvarchar,30,0,0,YES,NO,NO
ACCOUNTING_ENTITY,89,BACKORD_FILL_RATE,decimal,9,15,2,NO,NO,NO
ACCOUNTING_ENTITY,90,PROJ_BURDEN_RULE,nchar,2,0,0,YES,NO,NO
ACCOUNTING_ENTITY,91,REQ_APP1_LABEL,nvarchar,20,0,0,YES,NO,NO
ACCOUNTING_ENTITY,92,REQ_APP2_LABEL,nvarchar,20,0,0,YES,NO,NO
ACCOUNTING_ENTITY,93,REQ_APP3_LABEL,nvarchar,20,0,0,YES,NO,NO
ACCOUNTING_ENTITY,94,REQ_APP4_LABEL,nvarchar,20,0,0,YES,NO,NO
ACCOUNTING_ENTITY,95,REQ_GEN_ALL_TASKS,nchar,2,0,0,NO,NO,NO
ACCOUNTING_ENTITY,96,REQ_CMNT_PWD_REQ,nchar,2,0,0,NO,NO,NO
ACCOUNTING_ENTITY,97,CALENDAR_ID,nvarchar,30,0,0,YES,NO,NO
ACCOUNTING_ENTITY,98,DEF_CASH_MGT_BANK_AR,nvarchar,30,0,0,YES,NO,NO
ACCOUNTING_ENTITY,99,DEF_CASH_MGT_BANK_AP,nvarchar,30,0,0,YES,NO,NO
ACCOUNTING_ENTITY,100,CUST_BAL_INCL_TYPE,nchar,2,0,0,YES,NO,NO
ACCOUNTING_ENTITY,101,ENTITY_COUNTRY_ID,nvarchar,30,0,0,YES,NO,NO
ACCOUNTING_ENTITY,102,FIN_BATCH_SINGLE_TRANS,nchar,2,0,0,NO,NO,NO
ACCT_BAL_DIM_BATCH,1,SITE_ID,nvarchar,30,0,0,NO,NO,NO
ACCT_BAL_DIM_BATCH,2,BATCH_ID,nvarchar,30,0,0,NO,NO,NO
ACCT_BAL_DIM_BATCH,3,BATCH_ACTION,nchar,2,0,0,NO,NO,NO
ACCT_BAL_DIM_BATCH,4,ACCT_YEAR,decimal,5,4,0,YES,NO,NO
ACCT_BAL_DIM_BATCH,5,ACCT_PERIOD,decimal,5,2,0,YES,NO,NO
ACCT_BAL_DIM_BATCH,6,FAILED_ATTEMPTS,smallint,2,5,0,NO,NO,NO
ACCT_BAL_DIM_BATCH,7,CREATE_DATE,datetime,8,23,3,NO,NO,NO
ADDRESS_POS_SETUP,1,ROWID,int,4,10,0,NO,YES,NO
ADDRESS_POS_SETUP,2,country,nvarchar,100,0,0,NO,NO,NO
ADDRESS_POS_SETUP,3,field_no,smallint,2,5,0,NO,NO,NO
ADDRESS_POS_SETUP,4,field_type,nchar,2,0,0,NO,NO,NO
ADDRESS_POS_SETUP,5,title,nvarchar,160,0,0,YES,NO,NO
ADDRESS_POS_SETUP,6,line_no,smallint,2,5,0,NO,NO,NO
ADDRESS_POS_SETUP,7,position_no,smallint,2,5,0,YES,NO,NO
ADDRESS_POS_SETUP,8,visible,smallint,2,5,0,YES,NO,NO
ADDRESS_POS_SETUP,9,percentage,decimal,5,5,2,YES,NO,NO
ADDRESS_POS_SETUP,10,down_height,decimal,5,5,3,YES,NO,NO
ADDRESS_POS_SETUP,11,across_width,decimal,5,5,3,YES,NO,NO
ADJ_REASON,1,ROWID,int,4,10,0,NO,YES,NO
ADJ_REASON,2,ID,nvarchar,30,0,0,NO,NO,NO
ADJ_REASON,3,DESCRIPTION,nvarchar,160,0,0,YES,NO,NO
ADJ_REASON,4,ADJ_GL_ACCT_ID,nvarchar,60,0,0,YES,NO,NO
ADJ_REASON_SYNC,1,ROWID,int,4,10,0,NO,YES,NO
ADJ_REASON_SYNC,2,EVENT_ID,int,4,10,0,NO,NO,NO
ADJ_REASON_SYNC,3,TYPE,nchar,2,0,0,NO,NO,NO
ADJ_REASON_SYNC,4,CREATE_DATE,datetime,8,23,3,NO,NO,NO
ADJ_REASON_SYNC,5,REASON_ID,nvarchar,30,0,0,NO,NO,NO
ADJ_REASON_SYNC,6,EXCEPTION,nchar,2,0,0,NO,NO,NO
ADJ_REASON_SYNC,7,SUBSCRIPTIONS,int,4,10,0,NO,NO,NO
ADJUSTMENT_DETAIL,1,ROWID,int,4,10,0,NO,YES,NO
ADJUSTMENT_DETAIL,2,TRANSACTION_ID,int,4,10,0,NO,NO,NO
ADJUSTMENT_DETAIL,3,DIST_NO,smallint,2,5,0,NO,NO,NO
ADJUSTMENT_DETAIL,4,PART_ID,nvarchar,60,0,0,YES,NO,NO
ADJUSTMENT_DETAIL,5,ACT_MATERIAL_COST,decimal,13,23,8,YES,NO,NO
ADJUSTMENT_DETAIL,6,ACT_LABOR_COST,decimal,13,23,8,YES,NO,NO
ADJUSTMENT_DETAIL,7,ACT_BURDEN_COST,decimal,13,23,8,YES,NO,NO
ADJUSTMENT_DETAIL,8,ACT_SERVICE_COST,decimal,13,23,8,YES,NO,NO
ADJUSTMENT_DETAIL,9,REFERENCE,nvarchar,100,0,0,YES,NO,NO
ADJUSTMENT_DETAIL,10,CURRENCY_ID,nvarchar,30,0,0,NO,NO,NO
ADJUSTMENT_DETAIL,11,DR_MAT_GL_ACCT_ID,nvarchar,60,0,0,YES,NO,NO
ADJUSTMENT_DETAIL,12,DR_LAB_GL_ACCT_ID,nvarchar,60,0,0,YES,NO,NO
ADJUSTMENT_DETAIL,13,DR_BUR_GL_ACCT_ID,nvarchar,60,0,0,YES,NO,NO
ADJUSTMENT_DETAIL,14,DR_SER_GL_ACCT_ID,nvarchar,60,0,0,YES,NO,NO
ADJUSTMENT_DETAIL,15,CR_MAT_GL_ACCT_ID,nvarchar,60,0,0,YES,NO,NO
ADJUSTMENT_DETAIL,16,CR_LAB_GL_ACCT_ID,nvarchar,60,0,0,YES,NO,NO
ADJUSTMENT_DETAIL,17,CR_BUR_GL_ACCT_ID,nvarchar,60,0,0,YES,NO,NO
ADJUSTMENT_DETAIL,18,CR_SER_GL_ACCT_ID,nvarchar,60,0,0,YES,NO,NO
ADJUSTMENT_DIST,1,ROWID,int,4,10,0,NO,YES,NO
ADJUSTMENT_DIST,2,TRANSACTION_ID,int,4,10,0,NO,NO,NO
ADJUSTMENT_DIST,3,DIST_NO,smallint,2,5,0,NO,NO,NO
ADJUSTMENT_DIST,4,ENTRY_NO,smallint,2,5,0,NO,NO,NO
ADJUSTMENT_DIST,5,AMOUNT,decimal,13,23,8,NO,NO,NO
ADJUSTMENT_DIST,6,AMOUNT_TYPE,nchar,4,0,0,NO,NO,NO
ADJUSTMENT_DIST,7,GL_ACCOUNT_ID,nvarchar,60,0,0,NO,NO,NO
ADJUSTMENT_DIST,8,SITE_ID,nvarchar,30,0,0,NO,NO,NO
ADJUSTMENT_DIST,9,POSTING_STATUS,nchar,2,0,0,NO,NO,NO
ADJUSTMENT_DIST,10,POSTING_DATE,datetime,8,23,3,NO,NO,NO
ADJUSTMENT_DIST,11,BATCH_ID,nvarchar,30,0,0,YES,NO,NO
ADJUSTMENT_DIST,12,CREATE_DATE,datetime,8,23,3,NO,NO,NO
ADJUSTMENT_DIST,13,USER_ID,nvarchar,40,0,0,NO,NO,NO
ADJUSTMENT_DIST,14,CURRENCY_ID,nvarchar,30,0,0,NO,NO,NO
ADJUSTMENT_DIST,15,NATIVE,nchar,2,0,0,YES,NO,NO
ADV_SHIP_NOTICE,1,ROWID,int,4,10,0,NO,YES,NO
ADV_SHIP_NOTICE,2,id,nvarchar,40,0,0,NO,NO,NO
ADV_SHIP_NOTICE,3,bol_id,nvarchar,40,0,0,YES,NO,NO
ADV_SHIP_NOTICE,4,customs_doc_id,nvarchar,30,0,0,YES,NO,NO
ADV_SHIP_NOTICE,5,exped_trans_code,nvarchar,40,0,0,YES,NO,NO
ADV_SHIP_NOTICE,6,carrier_id,nvarchar,30,0,0,YES,NO,NO
ADV_SHIP_NOTICE,7,exped_trans_auth,nvarchar,40,0,0,YES,NO,NO
ADV_SHIP_NOTICE,8,lading_code,nvarchar,40,0,0,YES,NO,NO
ADV_SHIP_NOTICE,9,lading_quantity,decimal,13,20,8,YES,NO,NO
ADV_SHIP_NOTICE,10,trans_method_code,nvarchar,40,0,0,YES,NO,NO
ADV_SHIP_NOTICE,11,shipment_id,nvarchar,40,0,0,YES,NO,NO
ADV_SHIP_NOTICE,12,equipment_descr,nvarchar,40,0,0,YES,NO,NO
ADV_SHIP_NOTICE,13,equipment_initial,nvarchar,40,0,0,YES,NO,NO
ADV_SHIP_NOTICE,14,air_pro_type,nvarchar,40,0,0,YES,NO,NO
ADV_SHIP_NOTICE,15,air_pro_number,nvarchar,40,0,0,YES,NO,NO
ADV_SHIP_NOTICE,16,asn_on_hold,nvarchar,2,0,0,YES,NO,NO
ADV_SHIP_NOTICE,17,asn_transmitted,nvarchar,2,0,0,YES,NO,NO
ADV_SHIP_NOTICE,18,user_1,nvarchar,160,0,0,YES,NO,NO
ADV_SHIP_NOTICE,19,user_2,nvarchar,160,0,0,YES,NO,NO
ADV_SHIP_NOTICE,20,user_3,nvarchar,160,0,0,YES,NO,NO
ADV_SHIP_NOTICE,21,user_4,nvarchar,160,0,0,YES,NO,NO
ADV_SHIP_NOTICE,22,user_5,nvarchar,160,0,0,YES,NO,NO
ADV_SHIP_NOTICE,23,user_6,nvarchar,160,0,0,YES,NO,NO
ADV_SHIP_NOTICE,24,user_7,nvarchar,160,0,0,YES,NO,NO
ADV_SHIP_NOTICE,25,user_8,nvarchar,160,0,0,YES,NO,NO
ADV_SHIP_NOTICE,26,user_9,nvarchar,160,0,0,YES,NO,NO
ADV_SHIP_NOTICE,27,user_10,nvarchar,160,0,0,YES,NO,NO
ADV_SHIP_NOTICE,28,UDF_LAYOUT_ID,nvarchar,30,0,0,YES,NO,NO
ADV_SHIP_NOTICE,29,EDI_TRANSMITTED_BY,nvarchar,16,0,0,YES,NO,NO
ADV_SHIP_NOTICE,30,EDI_TRANSMIT_DATE,datetime,8,23,3,YES,NO,NO
ADV_SHIP_NOTICE,31,MASTER_BOL_ID,nvarchar,30,0,0,YES,NO,NO
AIC,1,ROWID,int,4,10,0,NO,YES,NO
AIC,2,CODE,nvarchar,30,0,0,NO,NO,NO
AIC,3,DESCRIPTION,nvarchar,160,0,0,YES,NO,NO
AIC_SYNC,1,ROWID,int,4,10,0,NO,YES,NO
AIC_SYNC,2,EVENT_ID,int,4,10,0,NO,NO,NO
AIC_SYNC,3,TYPE,nchar,2,0,0,NO,NO,NO
AIC_SYNC,4,CREATE_DATE,datetime,8,23,3,NO,NO,NO
AIC_SYNC,5,AIC_CODE,nvarchar,30,0,0,NO,NO,NO
AIC_SYNC,6,EXCEPTION,nchar,2,0,0,NO,NO,NO
AIC_SYNC,7,SUBSCRIPTIONS,int,4,10,0,NO,NO,NO
ALLOCATION,1,ROWID,int,4,10,0,NO,YES,NO
ALLOCATION,2,ID,nvarchar,10,0,0,NO,NO,NO
ALLOCATION,3,DESCRIPTION,nvarchar,160,0,0,YES,NO,NO
ALLOCATION,4,GROUP_ID,nvarchar,30,0,0,YES,NO,NO
ALLOCATION,5,FROM_GL_ACCT_ID,nvarchar,60,0,0,NO,NO,NO
ALLOCATION,6,FROM_SITE_ID,nvarchar,30,0,0,NO,NO,NO
ALLOCATION,7,TRIGGER_FREQ,nchar,2,0,0,NO,NO,NO
ALLOCATION,8,TRIGGER_DAY,smallint,2,5,0,YES,NO,NO
ALLOCATION,9,VARIABLE_NAME_1,nvarchar,60,0,0,YES,NO,NO
ALLOCATION,10,VARIABLE_NAME_2,nvarchar,60,0,0,YES,NO,NO
ALLOCATION,11,VARIABLE_NAME_3,nvarchar,60,0,0,YES,NO,NO
ALLOCATION,12,VARIABLE_NAME_4,nvarchar,60,0,0,YES,NO,NO
ALLOCATION,13,VARIABLE_NAME_5,nvarchar,60,0,0,YES,NO,NO
ALLOCATION,14,VARIABLE_NAME_6,nvarchar,60,0,0,YES,NO,NO
ALLOCATION,15,VARIABLE_NAME_7,nvarchar,60,0,0,YES,NO,NO
ALLOCATION,16,VARIABLE_NAME_8,nvarchar,60,0,0,YES,NO,NO
ALLOCATION,17,VARIABLE_NAME_9,nvarchar,60,0,0,YES,NO,NO
ALLOCATION,18,VARIABLE_NAME_10,nvarchar,60,0,0,YES,NO,NO
ALLOCATION,19,VARIABLE_VALUE_1,decimal,13,23,8,YES,NO,NO
ALLOCATION,20,VARIABLE_VALUE_2,decimal,13,23,8,YES,NO,NO
ALLOCATION,21,VARIABLE_VALUE_3,decimal,13,23,8,YES,NO,NO
ALLOCATION,22,VARIABLE_VALUE_4,decimal,13,23,8,YES,NO,NO
ALLOCATION,23,VARIABLE_VALUE_5,decimal,13,23,8,YES,NO,NO
ALLOCATION,24,VARIABLE_VALUE_6,decimal,13,23,8,YES,NO,NO
ALLOCATION,25,VARIABLE_VALUE_7,decimal,13,23,8,YES,NO,NO
ALLOCATION,26,VARIABLE_VALUE_8,decimal,13,23,8,YES,NO,NO
ALLOCATION,27,VARIABLE_VALUE_9,decimal,13,23,8,YES,NO,NO
ALLOCATION,28,VARIABLE_VALUE_10,decimal,13,23,8,YES,NO,NO
ALLOCATION,29,TRIGGER_COUNT,smallint,2,5,0,YES,NO,NO
ALLOCATION,30,TRIGGER_MAX,smallint,2,5,0,YES,NO,NO
ALLOCATION,31,TRIGGER_LAST_DATE,datetime,8,23,3,YES,NO,NO
ALLOCATION,32,CURRENCY_ID,nvarchar,30,0,0,YES,NO,NO
ALLOCATION,33,POST_ALL_TRACKING,nchar,2,0,0,NO,NO,NO
ALLOCATION,34,POST_AS_NATIVE,nchar,2,0,0,NO,NO,NO
ALLOCATION,35,CREATE_DATE,datetime,8,23,3,YES,NO,NO
ALLOCATION,36,LAST_EXECUTED_DATE,datetime,8,23,3,YES,NO,NO
ALLOCATION_DETAIL,1,ROWID,int,4,10,0,NO,YES,NO
ALLOCATION_DETAIL,2,ALLOC_ID,nvarchar,10,0,0,NO,NO,NO
ALLOCATION_DETAIL,3,LINE_NO,smallint,2,5,0,NO,NO,NO
ALLOCATION_DETAIL,4,NUM_GL_ACCT_ID,nvarchar,60,0,0,YES,NO,NO
ALLOCATION_DETAIL,5,NUM_SITE_ID,nvarchar,30,0,0,YES,NO,NO
ALLOCATION_DETAIL,6,DIV_GL_ACCT_ID,nvarchar,60,0,0,YES,NO,NO
ALLOCATION_DETAIL,7,DIV_SITE_ID,nvarchar,30,0,0,YES,NO,NO
ALLOCATION_DETAIL,8,PERCENT_1,decimal,5,6,3,NO,NO,NO
ALLOCATION_DETAIL,9,PERCENT_2,decimal,5,6,3,NO,NO,NO
ALLOCATION_DETAIL,10,ADDL_PERCENT,decimal,5,6,3,YES,NO,NO
ALLOCATION_DETAIL,11,ADDL_AMOUNT,decimal,13,23,8,YES,NO,NO
ALLOCATION_DETAIL,12,DEBIT_GL_ACCT_ID,nvarchar,60,0,0,NO,NO,NO
ALLOCATION_DETAIL,13,CREDIT_GL_ACCT_ID,nvarchar,60,0,0,NO,NO,NO
ALLOCATION_DETAIL,14,TRANS_SITE_ID,nvarchar,30,0,0,NO,NO,NO
ALLOCATION_DETAIL,15,CR_USER_DIMENSION_1,nvarchar,30,0,0,YES,NO,NO
ALLOCATION_DETAIL,16,CR_USER_DIMENSION_2,nvarchar,30,0,0,YES,NO,NO
ALLOCATION_DETAIL,17,CR_CUST_ORDER_ID,nvarchar,30,0,0,YES,NO,NO
ALLOCATION_DETAIL,18,CR_PRODUCT_CODE,nvarchar,30,0,0,YES,NO,NO
ALLOCATION_DETAIL,19,DR_USER_DIMENSION_1,nvarchar,30,0,0,YES,NO,NO
ALLOCATION_DETAIL,20,DR_USER_DIMENSION_2,nvarchar,30,0,0,YES,NO,NO
ALLOCATION_DETAIL,21,DR_CUST_ORDER_ID,nvarchar,30,0,0,YES,NO,NO
ALLOCATION_DETAIL,22,DR_PRODUCT_CODE,nvarchar,30,0,0,YES,NO,NO
AMTS_PENDING_TRANS,1,ROWID,int,4,10,0,NO,YES,NO
AMTS_PENDING_TRANS,2,PENDING_ID,int,4,10,0,NO,NO,NO
AMTS_PENDING_TRANS,3,TRANS_TYPE,nvarchar,30,0,0,NO,NO,NO
AMTS_PENDING_TRANS,4,USER_ID,nvarchar,40,0,0,NO,NO,NO
AMTS_PENDING_TRANS,5,PENDING_FLAG,nchar,2,0,0,NO,NO,NO
AMTS_PENDING_TRANS,6,TRANSACTION_DATE,datetime,8,23,3,YES,NO,NO
AMTS_PENDING_TRANS,7,TRANS_DATETIME,datetime,8,23,3,YES,NO,NO
AMTS_PENDING_TRANS,8,TRANSACTION_ID,int,4,10,0,YES,NO,NO
AMTS_PENDING_TRANS,9,PART_ID,nvarchar,60,0,0,YES,NO,NO
AMTS_PENDING_TRANS,10,QTY,decimal,13,20,8,NO,NO,NO
AMTS_PENDING_TRANS,11,QTY_REMAINDER,decimal,13,20,8,NO,NO,NO
AMTS_PENDING_TRANS,12,WORKORDER_BASE_ID,nvarchar,60,0,0,YES,NO,NO
AMTS_PENDING_TRANS,13,WORKORDER_LOT_ID,nvarchar,6,0,0,YES,NO,NO
AMTS_PENDING_TRANS,14,WORKORDER_SPLIT_ID,nvarchar,6,0,0,YES,NO,NO
AMTS_PENDING_TRANS,15,WORKORDER_SUB_ID,nvarchar,6,0,0,YES,NO,NO
AMTS_PENDING_TRANS,16,OPERATION_SEQ_NO,int,4,10,0,YES,NO,NO
AMTS_PENDING_TRANS,17,REQ_PIECE_NO,int,4,10,0,YES,NO,NO
AMTS_PENDING_TRANS,18,CUST_ORDER_ID,nvarchar,30,0,0,YES,NO,NO
AMTS_PENDING_TRANS,19,CUST_ORDER_LINE_NO,int,4,10,0,YES,NO,NO
AMTS_PENDING_TRANS,20,DEL_SCHED_LINE_NO,smallint,2,5,0,YES,NO,NO
AMTS_PENDING_TRANS,21,PURC_ORDER_ID,nvarchar,30,0,0,YES,NO,NO
AMTS_PENDING_TRANS,22,PURC_ORDER_LINE_NO,int,4,10,0,YES,NO,NO
AMTS_PENDING_TRANS,23,FROM_WAREHOUSE_ID,nvarchar,30,0,0,YES,NO,NO
AMTS_PENDING_TRANS,24,FROM_LOCATION_ID,nvarchar,30,0,0,YES,NO,NO
AMTS_PENDING_TRANS,25,TO_WAREHOUSE_ID,nvarchar,30,0,0,YES,NO,NO
AMTS_PENDING_TRANS,26,TO_LOCATION_ID,nvarchar,30,0,0,YES,NO,NO
AMTS_PENDING_TRANS,27,TRACE_ID,nvarchar,60,0,0,YES,NO,NO
AMTS_PENDING_TRANS,28,APROPERTY_1,nvarchar,160,0,0,YES,NO,NO
AMTS_PENDING_TRANS,29,APROPERTY_2,nvarchar,160,0,0,YES,NO,NO
AMTS_PENDING_TRANS,30,APROPERTY_3,nvarchar,160,0,0,YES,NO,NO
AMTS_PENDING_TRANS,31,APROPERTY_4,nvarchar,160,0,0,YES,NO,NO
AMTS_PENDING_TRANS,32,APROPERTY_5,nvarchar,160,0,0,YES,NO,NO
AMTS_PENDING_TRANS,33,NPROPERTY_1,decimal,9,15,6,YES,NO,NO
AMTS_PENDING_TRANS,34,NPROPERTY_2,decimal,9,15,6,YES,NO,NO
AMTS_PENDING_TRANS,35,NPROPERTY_3,decimal,9,15,6,YES,NO,NO
AMTS_PENDING_TRANS,36,NPROPERTY_4,decimal,9,15,6,YES,NO,NO
AMTS_PENDING_TRANS,37,NPROPERTY_5,decimal,9,15,6,YES,NO,NO
AMTS_PENDING_TRANS,38,PHYS_COUNT_ID,nvarchar,30,0,0,YES,NO,NO
AMTS_PENDING_TRANS,39,TAG_NO,int,4,10,0,YES,NO,NO
AMTS_PENDING_TRANS,40,INDIRECT_ID,nvarchar,30,0,0,YES,NO,NO
AMTS_PENDING_TRANS,41,BAD_QTY,decimal,13,20,8,YES,NO,NO
AMTS_PENDING_TRANS,42,SETUP_COMPLETED,nchar,2,0,0,YES,NO,NO
AMTS_PENDING_TRANS,43,BOL_ID,nvarchar,40,0,0,YES,NO,NO
AMTS_PENDING_TRANS,44,CARRIER_ID,nvarchar,30,0,0,YES,NO,NO
AMTS_PENDING_TRANS,45,LABEL_FORMAT_ID,nvarchar,60,0,0,YES,NO,NO
AMTS_PENDING_TRANS,46,LABEL_GROUP_ID,nvarchar,60,0,0,YES,NO,NO
AMTS_PENDING_TRANS,47,PACKLIST_ID,nvarchar,30,0,0,YES,NO,NO
AMTS_PENDING_TRANS,48,PACKLIST_LINE_NO,smallint,2,5,0,YES,NO,NO
AMTS_PENDING_TRANS,49,RESOURCE_ID,nvarchar,30,0,0,YES,NO,NO
AMTS_PENDING_TRANS,50,DESCRIPTION,nvarchar,160,0,0,YES,NO,NO
AMTS_PENDING_TRANS,51,CREATE_DATE,datetime,8,23,3,NO,NO,NO
AMTS_PENDING_TRANS,52,DEPARTMENT_ID,nvarchar,60,0,0,YES,NO,NO
AMTS_PENDING_TRANS,53,WBS_CODE,nvarchar,60,0,0,YES,NO,NO
AMTS_PENDING_TRANS,54,PROJ_REF_SEQ_NO,smallint,2,5,0,YES,NO,NO
AMTS_PENDING_TRANS,55,PROJ_REF_SUB_ID,nvarchar,6,0,0,YES,NO,NO
AMTS_PENDING_TRANS,56,DEVIATION_ID,nvarchar,30,0,0,YES,NO,NO
AMTS_PENDING_TRANS,57,PIECE_COUNT,decimal,13,20,8,YES,NO,NO
AMTS_PENDING_TRANS,58,LENGTH,decimal,9,14,4,YES,NO,NO
AMTS_PENDING_TRANS,59,WIDTH,decimal,9,14,4,YES,NO,NO
AMTS_PENDING_TRANS,60,HEIGHT,decimal,9,14,4,YES,NO,NO
AMTS_PENDING_TRANS,61,RECEIVER_ID,nvarchar,30,0,0,YES,NO,NO
AMTS_PENDING_TRANS,62,COST_CATEGORY_ID,nvarchar,30,0,0,YES,NO,NO
AMTS_PENDING_TRANS,63,ISSUE_REAS_ID,nvarchar,30,0,0,YES,NO,NO
AMTS_PENDING_TRANS,64,ADJ_REASON_ID,nvarchar,30,0,0,YES,NO,NO
AMTS_PENDING_TRANS,65,GL_ADJ_ACCT_ID,nvarchar,60,0,0,YES,NO,NO
AMTS_PENDING_TRANS,66,DATA_COLL_COMP,nchar,2,0,0,YES,NO,NO
AMTS_PENDING_TRANS,67,PRD_INSP_PLAN_ID,nvarchar,32,0,0,YES,NO,NO
AMTS_PENDING_TRANS,68,SITE_ID,nvarchar,30,0,0,NO,NO,NO
APP_CONFIG,1,ROWID,int,4,10,0,NO,YES,NO
APP_CONFIG,2,ID,int,4,10,0,NO,NO,NO
APP_CONFIG,3,PROGRAM_ID,nvarchar,160,0,0,NO,NO,NO
APP_CONFIG,4,USER_ID,nvarchar,60,0,0,YES,NO,NO
APP_CONFIG,5,CAPTION,nvarchar,200,0,0,NO,NO,NO
APP_CONFIG,6,KEY_1,nvarchar,60,0,0,YES,NO,NO
APP_CONFIG,7,KEY_2,nvarchar,60,0,0,YES,NO,NO
APP_CONFIG,8,LOCKED,nchar,2,0,0,NO,NO,NO
APP_CONFIG,9,SHARED,nchar,2,0,0,NO,NO,NO
APP_CONFIG,10,CONFIG,image,16,0,0,YES,NO,NO
APP_CONFIG_ITEM,1,ROWID,int,4,10,0,NO,YES,NO
APP_CONFIG_ITEM,2,ID,int,4,10,0,NO,NO,NO
APP_CONFIG_ITEM,3,APP_CONFIG_ID,int,4,10,0,NO,NO,NO
APP_CONFIG_ITEM,4,CAPTION,nvarchar,200,0,0,NO,NO,NO
APP_CONFIG_ITEM,5,ITEM_TYPE,nvarchar,200,0,0,NO,NO,NO
APP_CONFIG_ITEM,6,PARENT_ITEM_ID,int,4,10,0,YES,NO,NO
APP_CONFIG_ITEM,7,POS_X,decimal,9,14,4,YES,NO,NO
APP_CONFIG_ITEM,8,POS_Y,decimal,9,14,4,YES,NO,NO
APP_CONFIG_ITEM,9,WIDTH,decimal,9,14,4,YES,NO,NO
APP_CONFIG_ITEM,10,HEIGHT,decimal,9,14,4,YES,NO,NO
APP_CONFIG_ITEM,11,ITEM_STATE,int,4,10,0,YES,NO,NO
APP_CONFIG_ITEM,12,ITEM_FOCUS,nchar,2,0,0,NO,NO,NO
APP_CONFIG_ITEM,13,CONFIG,image,16,0,0,YES,NO,NO
APP_CONFIG_USER,1,ROWID,int,4,10,0,NO,YES,NO
APP_CONFIG_USER,2,ID,int,4,10,0,NO,NO,NO
APP_CONFIG_USER,3,PROGRAM_ID,nvarchar,160,0,0,NO,NO,NO
APP_CONFIG_USER,4,USER_ID,nvarchar,60,0,0,NO,NO,NO
APP_CONFIG_USER,5,DEFAULT_APP_CONFIG_ID,int,4,10,0,NO,NO,NO
APPLICATION,1,ROWID,int,4,10,0,NO,YES,NO
APPLICATION,2,PROGRAM_ID,nvarchar,160,0,0,NO,NO,NO
APPLICATION,3,LANGUAGE_ID,nvarchar,6,0,0,NO,NO,NO
APPLICATION,4,MENU_STRING,nvarchar,80,0,0,NO,NO,NO
APPLICATION,5,TYPE,nchar,2,0,0,NO,NO,NO
APPLICATION,6,CMD_LINE_ARGS,nvarchar,160,0,0,YES,NO,NO
APPLICATION,7,MODULE,nchar,2,0,0,NO,NO,NO
APPLICATION_FIELDS,1,ROWID,int,4,10,0,NO,YES,NO
APPLICATION_FIELDS,2,PROGRAM_ID,nvarchar,160,0,0,NO,NO,NO
APPLICATION_FIELDS,3,FIELD_ID,nvarchar,60,0,0,NO,NO,NO
APPLICATION_FIELDS,4,FIELD_DESCRIPTION,nvarchar,160,0,0,YES,NO,NO
APPLICATION_GLOBAL,1,ROWID,int,4,10,0,NO,YES,NO
APPLICATION_GLOBAL,2,ID,smallint,2,5,0,NO,NO,NO
APPLICATION_GLOBAL,3,SERIAL_NO,nchar,20,0,0,YES,NO,NO
APPLICATION_GLOBAL,4,ACTIVATION_KEY,nchar,20,0,0,YES,NO,NO
APPLICATION_GLOBAL,5,CONFIGURATION_KEY,nchar,40,0,0,YES,NO,NO
APPLICATION_GLOBAL,6,INSTALL_DATE,datetime,8,23,3,YES,NO,NO
APPLICATION_GLOBAL,7,LAST_CONVERT_DATE,datetime,8,23,3,YES,NO,NO
APPLICATION_GLOBAL,8,DBVERSION,nvarchar,20,0,0,YES,NO,NO
APPLICATION_GLOBAL,9,MAXIMUM_USERS,int,4,10,0,NO,NO,NO
APPLICATION_GLOBAL,10,COMPANY_NAME,nvarchar,100,0,0,YES,NO,NO
APPLICATION_GLOBAL,11,COMPANY_ADDR_1,nvarchar,100,0,0,YES,NO,NO
APPLICATION_GLOBAL,12,COMPANY_ADDR_2,nvarchar,100,0,0,YES,NO,NO
APPLICATION_GLOBAL,13,COMPANY_ADDR_3,nvarchar,100,0,0,YES,NO,NO
APPLICATION_GLOBAL,14,COMPANY_CITY,nvarchar,60,0,0,YES,NO,NO
APPLICATION_GLOBAL,15,COMPANY_STATE,nvarchar,20,0,0,YES,NO,NO
APPLICATION_GLOBAL,16,COMPANY_ZIPCODE,nvarchar,20,0,0,YES,NO,NO
APPLICATION_GLOBAL,17,COMPANY_COUNTRY,nvarchar,100,0,0,YES,NO,NO
APPLICATION_GLOBAL,20,MFG_INTERFACE_USED,nchar,2,0,0,NO,NO,NO
APPLICATION_GLOBAL,21,PART_UDF_LABELS,nvarchar,500,0,0,YES,NO,NO
APPLICATION_GLOBAL,22,VEND_UDF_LABELS,nvarchar,500,0,0,YES,NO,NO
APPLICATION_GLOBAL,23,CUST_UDF_LABELS,nvarchar,500,0,0,YES,NO,NO
APPLICATION_GLOBAL,30,PURC_QUOTE_TYPE,nchar,2,0,0,NO,NO,NO
APPLICATION_GLOBAL,33,XBAR_SUBGROUP_MIN,int,4,10,0,YES,NO,NO
APPLICATION_GLOBAL,34,SD_SUBGROUP_MIN,int,4,10,0,YES,NO,NO
APPLICATION_GLOBAL,37,VALIDATE_LOOKUPS,nchar,2,0,0,NO,NO,NO
APPLICATION_GLOBAL,41,TABLE_PATCH_LVL,int,4,10,0,YES,NO,NO
APPLICATION_GLOBAL,42,TRIGGER_PATCH_LVL,int,4,10,0,YES,NO,NO
APPLICATION_GLOBAL,43,PROGRAM_PATCH_LVL,int,4,10,0,YES,NO,NO
APPLICATION_GLOBAL,48,DRAWING_FILE_PATH,nvarchar,256,0,0,YES,NO,NO
APPLICATION_GLOBAL,49,DRAWING_LOCATOR,nvarchar,256,0,0,YES,NO,NO
APPLICATION_GLOBAL,50,DRAWING_VIEWER,nvarchar,256,0,0,YES,NO,NO
APPLICATION_GLOBAL,113,EURO_CURRENCY_ID,nvarchar,30,0,0,YES,NO,NO
APPLICATION_GLOBAL,118,BARCODE_MULTI_JOB,int,4,10,0,YES,NO,NO
APPLICATION_GLOBAL,129,WO_PRIORITY_PATH,nvarchar,256,0,0,YES,NO,NO
APPLICATION_GLOBAL,150,SESSION_TIMELIMIT,int,4,10,0,YES,NO,NO
APPLICATION_GLOBAL,165,VQ_DIRECTORY,nvarchar,256,0,0,YES,NO,NO
APPLICATION_GLOBAL,166,VQ_DBNAME,nvarchar,160,0,0,YES,NO,NO
APPLICATION_GLOBAL,167,VQ_ENABLED,nchar,2,0,0,YES,NO,NO
APPLICATION_GLOBAL,168,VQ_QUERY_USE,nchar,2,0,0,YES,NO,NO
APPLICATION_GLOBAL,169,CUST_PRICE_EFF_REQ,nchar,2,0,0,YES,NO,NO
APPLICATION_GLOBAL,178,FILTER_AVAIL_TRACE,nchar,2,0,0,NO,NO,NO
APPLICATION_GLOBAL,194,WFL_CMNT_PWD_REQ,nchar,2,0,0,YES,NO,NO
APPLICATION_GLOBAL,197,SQLBASE_DATABASE_VERSION,nvarchar,30,0,0,YES,NO,NO
APPLICATION_GLOBAL,207,PROJ_UDF_LABELS,nvarchar,500,0,0,YES,NO,NO
APPLICATION_GLOBAL,209,DOCUMENT_DIRECTORY,nvarchar,256,0,0,YES,NO,NO
APPLICATION_GLOBAL,211,ALLOW_EMAIL_DOC,nchar,2,0,0,NO,NO,NO
APPLICATION_GLOBAL,212,SHOP_UDF_LABELS,nvarchar,500,0,0,YES,NO,NO
APPLICATION_GLOBAL,216,AUDIT_REPORT_TIMES,nchar,2,0,0,YES,NO,NO
APPLICATION_GLOBAL,218,DEF_OLDEST_INV_TYPE,nchar,2,0,0,YES,NO,NO
APPLICATION_GLOBAL,221,VR_UPDATES,nchar,2,0,0,YES,NO,NO
APPLICATION_GLOBAL,222,VISUAL_USER_GROUP,nvarchar,40,0,0,YES,NO,NO
APPLICATION_GLOBAL,223,SSO_ENABLED,nvarchar,2,0,0,YES,NO,NO
APPLICATION_GLOBAL,224,DOC_UDF_LABELS,nvarchar,500,0,0,YES,NO,NO
APPLICATION_GLOBAL,225,PLM_URL,nvarchar,4000,0,0,YES,NO,NO
APPLICATION_GLOBAL,226,PLM_ENABLED,nchar,2,0,0,NO,NO,NO
APPLICATION_GLOBAL,227,ACTIVITY_UDF_LABELS,nvarchar,500,0,0,YES,NO,NO
APPLICATION_GLOBAL,228,STORE_MACROS_IN_DB,nchar,2,0,0,NO,NO,NO
APPLICATION_GLOBAL,229,COMPANY_COUNTRY_ID,nvarchar,30,0,0,YES,NO,NO
APPLICATION_GLOBAL,230,MOBILE_SESSION_TIMELIMIT,smallint,2,5,0,NO,NO,NO
APPLICATION_GLOBAL,231,CONT_UDF_LABELS,nvarchar,500,0,0,YES,NO,NO
APPLICATION_GLOBAL,232,DEF_TERMS_ID,nvarchar,30,0,0,YES,NO,NO
APPLICATION_GLOBAL,233,DUE_ON_RECEIPT_ID,nvarchar,30,0,0,YES,NO,NO
APPLICATION_GROUP,1,ROWID,int,4,10,0,NO,YES,NO
APPLICATION_GROUP,2,GROUP_ID,nvarchar,40,0,0,NO,NO,NO
APPLICATION_GROUP,3,LANGUAGE_ID,nvarchar,6,0,0,NO,NO,NO
APPLICATION_GROUP,4,MENU_STRING,nvarchar,40,0,0,NO,NO,NO
APPLICATION_GROUP,5,ACCELERATOR,nchar,2,0,0,NO,NO,NO
APPLICATION_GROUP,6,SEQ_NO,smallint,2,5,0,NO,NO,NO
APPLICATION_LINK,1,ROWID,int,4,10,0,NO,YES,NO
APPLICATION_LINK,2,GROUP_ID,nvarchar,40,0,0,NO,NO,NO
APPLICATION_LINK,3,GROUP_SEQ_NO,smallint,2,5,0,NO,NO,NO
APPLICATION_LINK,4,PROGRAM_ID,nvarchar,160,0,0,NO,NO,NO
APPLICATION_LINK,5,LANGUAGE_ID,nvarchar,6,0,0,NO,NO,NO
APPLICATION_LINK,6,ACCELERATOR,nchar,2,0,0,YES,NO,NO
APPLICATION_USER,1,ROWID,int,4,10,0,NO,YES,NO
APPLICATION_USER,2,NAME,nvarchar,40,0,0,NO,NO,NO
APPLICATION_USER,3,PO_STATUS_ALLOWED,nvarchar,20,0,0,YES,NO,NO
APPLICATION_USER,4,CO_STATUS_ALLOWED,nvarchar,20,0,0,YES,NO,NO
APPLICATION_USER,5,WO_STATUS_ALLOWED,nvarchar,20,0,0,YES,NO,NO
APPLICATION_USER,6,IS_PLANNER,nchar,2,0,0,NO,NO,NO
APPLICATION_USER,7,IS_BUYER,nchar,2,0,0,NO,NO,NO
APPLICATION_USER,8,DEFAULT_SHIP_ADDR,int,4,10,0,YES,NO,NO
APPLICATION_USER,9,QT_STATUS_ALLOWED,nvarchar,20,0,0,YES,NO,NO
APPLICATION_USER,10,SH_STATUS_ALLOWED,nvarchar,20,0,0,YES,NO,NO
APPLICATION_USER,11,PHYS_COUNT_ALLOWED,nchar,2,0,0,YES,NO,NO
APPLICATION_USER,12,LOCK_WARN_CO,int,4,10,0,YES,NO,NO
APPLICATION_USER,13,LOCK_WARN_WO,int,4,10,0,YES,NO,NO
APPLICATION_USER,14,LOCK_WARN_PO,int,4,10,0,YES,NO,NO
APPLICATION_USER,15,LOCK_WARN_IV,int,4,10,0,YES,NO,NO
APPLICATION_USER,16,LOCK_WARN_SH,int,4,10,0,YES,NO,NO
APPLICATION_USER,17,LOCK_WARN_RV,int,4,10,0,YES,NO,NO
APPLICATION_USER,18,LOCK_WARN_SV,int,4,10,0,YES,NO,NO
APPLICATION_USER,19,LOCK_WARN_LA,int,4,10,0,YES,NO,NO
APPLICATION_USER,20,ECN_STATUS_ALLOWED,nvarchar,20,0,0,YES,NO,NO
APPLICATION_USER,21,PR_STATUS_ALLOWED,nvarchar,20,0,0,YES,NO,NO
APPLICATION_USER,24,PASS_LAST_CHANGED,datetime,8,23,3,YES,NO,NO
APPLICATION_USER,28,EDIT_BRWSE_ALLOWED,nchar,2,0,0,YES,NO,NO
APPLICATION_USER,29,USER_PWD,nvarchar,180,0,0,YES,NO,NO
APPLICATION_USER,30,LAST_FAILED_DATE,datetime,8,23,3,YES,NO,NO
APPLICATION_USER,31,FAILED_COUNT,smallint,2,5,0,YES,NO,NO
APPLICATION_USER,32,IS_PROFILE,nchar,2,0,0,YES,NO,NO
APPLICATION_USER,33,IS_ADMIN,nvarchar,2,0,0,YES,NO,NO
APPLICATION_USER,34,WINDOWS_SID,nvarchar,200,0,0,YES,NO,NO
APPLICATION_USER,35,VISUAL_USER_GROUP_SID,nvarchar,200,0,0,YES,NO,NO
APPLICATION_USER,36,WINDOWS_DOMAIN_NAME,nvarchar,40,0,0,YES,NO,NO
APPLICATION_USER,37,WINDOWS_DOMAIN_SID,nvarchar,200,0,0,YES,NO,NO
APPLICATION_USER,38,IS_VISUAL_USER,nchar,2,0,0,NO,NO,NO
APPLICATION_USER,39,IS_CRM_USER,nchar,2,0,0,NO,NO,NO
APPLICATION_USER,40,PLM_USER_ID,nvarchar,40,0,0,YES,NO,NO
APPLICATION_USER,41,IS_MOBILE_LABOR_USER,nchar,2,0,0,NO,NO,NO
APPLICATION_USER,42,IS_MOBILE_MATERIAL_USER,nchar,2,0,0,NO,NO,NO
APS_DATA,1,ROWID,int,4,10,0,NO,YES,NO
APS_DATA,2,LAYOUT_KEY,nchar,6,0,0,NO,NO,NO
APS_DATA,3,SEGMENT_TYPE,nchar,6,0,0,NO,NO,NO
APS_DATA,4,TABLE_NAME,nvarchar,36,0,0,NO,NO,NO
APS_DATA,5,COLUMN_NAME,nvarchar,36,0,0,NO,NO,NO
APS_DATA,6,TYPE,nvarchar,16,0,0,NO,NO,NO
APS_DATA,7,LENGTH,smallint,2,5,0,NO,NO,NO
APS_DATA,8,SCALE,smallint,2,5,0,NO,NO,NO
APS_DATA,9,COLNO,smallint,2,5,0,NO,NO,NO
APS_LAYOUT,1,ROWID,int,4,10,0,NO,YES,NO
APS_LAYOUT,2,KEY,nchar,6,0,0,NO,NO,NO
APS_LAYOUT,3,OUTPUT_TYPE,nchar,2,0,0,NO,NO,NO
APS_LAYOUT,4,STYLE,nchar,2,0,0,NO,NO,NO
APS_LAYOUT,5,FIELD_DELIMITER,nchar,2,0,0,YES,NO,NO
APS_LAYOUT,6,RECORD_DELIMITER,nchar,2,0,0,YES,NO,NO
APS_LAYOUT,7,USER_ID,nvarchar,40,0,0,NO,NO,NO
APS_LAYOUT,8,CREATE_DATE,datetime,8,23,3,NO,NO,NO
APS_LAYOUT,9,LAST_RUN_DATE,datetime,8,23,3,YES,NO,NO
APS_TABLE,1,ROWID,int,4,10,0,NO,YES,NO
APS_TABLE,2,LAYOUT_KEY,nchar,6,0,0,NO,NO,NO
APS_TABLE,3,SEGMENT_TYPE,nchar,6,0,0,NO,NO,NO
APS_TABLE,4,TABLE_NAME,nvarchar,36,0,0,NO,NO,NO
APS_TABLE,5,JOIN,image,16,0,0,YES,NO,NO
APS_TABLE,6,PRIMARY_KEY,nvarchar,500,0,0,YES,NO,NO
BANK_ACCOUNT,1,ROWID,int,4,10,0,NO,YES,NO
BANK_ACCOUNT,2,ID,nvarchar,30,0,0,NO,NO,NO
BANK_ACCOUNT,3,DESCRIPTION,nvarchar,80,0,0,YES,NO,NO
BANK_ACCOUNT,4,GL_ACCOUNT_ID,nvarchar,60,0,0,NO,NO,NO
BANK_ACCOUNT,5,CURRENCY_ID,nvarchar,30,0,0,NO,NO,NO
BANK_ACCOUNT,6,ENTITY_ID,nvarchar,30,0,0,NO,NO,NO
BANK_ACCOUNT,7,BANK_ID,nvarchar,20,0,0,YES,NO,NO
BANK_ACCOUNT,8,ACCOUNT_NO,nvarchar,60,0,0,YES,NO,NO
BANK_ACCOUNT,9,ACCOUNT_TYPE,nvarchar,4,0,0,YES,NO,NO
BANK_ACCOUNT,10,BRANCH_ID,nvarchar,20,0,0,YES,NO,NO
BANK_ACCOUNT,11,BANK_NAME,nvarchar,100,0,0,YES,NO,NO
BANK_ACCOUNT,12,BANK_ADDR_1,nvarchar,100,0,0,YES,NO,NO
BANK_ACCOUNT,13,BANK_ADDR_2,nvarchar,100,0,0,YES,NO,NO
BANK_ACCOUNT,14,BANK_ADDR_3,nvarchar,100,0,0,YES,NO,NO
BANK_ACCOUNT,15,BANK_CITY,nvarchar,60,0,0,YES,NO,NO
BANK_ACCOUNT,16,BANK_STATE,nvarchar,20,0,0,YES,NO,NO
BANK_ACCOUNT,17,BANK_ZIPCODE,nvarchar,20,0,0,YES,NO,NO
BANK_ACCOUNT,18,BANK_COUNTRY,nvarchar,100,0,0,YES,NO,NO
BANK_ACCOUNT,19,PAY_EXPORT_ID,nvarchar,30,0,0,YES,NO,NO
BANK_ACCOUNT,20,TRANSMIT_USER_ID,nvarchar,40,0,0,YES,NO,NO
BANK_ACCOUNT,21,ROUTING_NO,nvarchar,70,0,0,YES,NO,NO
BANK_ACCOUNT,22,IBAN,nvarchar,80,0,0,YES,NO,NO
BANK_ACCOUNT,23,BIC,nvarchar,30,0,0,YES,NO,NO
BANK_ACCOUNT,24,XML_PAY_EXPORT,nvarchar,2,0,0,YES,NO,NO
BANK_ACCOUNT,25,BANK_COUNTRY_ID,nvarchar,30,0,0,YES,NO,NO
BANK_ADJ_CURR,1,ROWID,int,4,10,0,NO,YES,NO
BANK_ADJ_CURR,2,BANK_ACCOUNT_ID,nvarchar,30,0,0,NO,NO,NO
BANK_ADJ_CURR,3,ADJUSTMENT_ID,nvarchar,30,0,0,NO,NO,NO
BANK_ADJ_CURR,4,CURRENCY_ID,nvarchar,30,0,0,NO,NO,NO
BANK_ADJ_CURR,5,AMOUNT,decimal,13,23,8,NO,NO,NO
BANK_ADJ_CURR,6,SELL_RATE,decimal,9,15,8,NO,NO,NO
BANK_ADJ_CURR,7,BUY_RATE,decimal,9,15,8,NO,NO,NO
BANK_ADJ_DIST,1,ROWID,int,4,10,0,NO,YES,NO
BANK_ADJ_DIST,2,BANK_ACCOUNT_ID,nvarchar,30,0,0,NO,NO,NO
BANK_ADJ_DIST,3,ADJUSTMENT_ID,nvarchar,30,0,0,NO,NO,NO
BANK_ADJ_DIST,4,DIST_NO,smallint,2,5,0,NO,NO,NO
BANK_ADJ_DIST,5,ENTRY_NO,smallint,2,5,0,NO,NO,NO
BANK_ADJ_DIST,6,AMOUNT,decimal,13,23,8,NO,NO,NO
BANK_ADJ_DIST,7,AMOUNT_TYPE,nchar,4,0,0,NO,NO,NO
BANK_ADJ_DIST,8,GL_ACCOUNT_ID,nvarchar,60,0,0,NO,NO,NO
BANK_ADJ_DIST,9,NATIVE_AMOUNT,decimal,13,23,8,NO,NO,NO
BANK_ADJ_DIST,10,POSTING_DATE,datetime,8,23,3,NO,NO,NO
BANK_ADJ_DIST,11,POSTING_STATUS,nchar,2,0,0,NO,NO,NO
BANK_ADJ_DIST,12,BATCH_ID,nvarchar,30,0,0,YES,NO,NO
BANK_ADJ_DIST,13,CREATE_DATE,datetime,8,23,3,NO,NO,NO
BANK_ADJ_DIST,14,SITE_ID,nvarchar,30,0,0,NO,NO,NO
BANK_ADJ_DIST,15,CURRENCY_ID,nvarchar,30,0,0,NO,NO,NO
BANK_ADJ_DIST,16,NATIVE,nchar,2,0,0,YES,NO,NO
BANK_ADJ_LINE,1,ROWID,int,4,10,0,NO,YES,NO
BANK_ADJ_LINE,2,BANK_ACCOUNT_ID,nvarchar,30,0,0,NO,NO,NO
BANK_ADJ_LINE,3,ADJUSTMENT_ID,nvarchar,30,0,0,NO,NO,NO
BANK_ADJ_LINE,4,LINE_NO,smallint,2,5,0,NO,NO,NO
BANK_ADJ_LINE,5,GL_ACCOUNT_ID,nvarchar,60,0,0,NO,NO,NO
BANK_ADJ_LINE,6,AMOUNT,decimal,13,23,8,NO,NO,NO
BANK_ADJ_LINE,7,REFERENCE,nvarchar,160,0,0,YES,NO,NO
BANK_ADJ_LINE,8,USER_DIMENSION_1,nvarchar,30,0,0,YES,NO,NO
BANK_ADJ_LINE,9,USER_DIMENSION_2,nvarchar,30,0,0,YES,NO,NO
BANK_ADJ_LINE,10,CUST_ORDER_ID,nvarchar,30,0,0,YES,NO,NO
BANK_ADJ_LINE,11,PRODUCT_CODE,nvarchar,30,0,0,YES,NO,NO
BANK_ADJUSTMENT,1,ROWID,int,4,10,0,NO,YES,NO
BANK_ADJUSTMENT,2,BANK_ACCOUNT_ID,nvarchar,30,0,0,NO,NO,NO
BANK_ADJUSTMENT,3,ADJUSTMENT_ID,nvarchar,30,0,0,NO,NO,NO
BANK_ADJUSTMENT,4,GL_ACCOUNT_ID,nvarchar,60,0,0,NO,NO,NO
BANK_ADJUSTMENT,5,TRANSACTION_DATE,datetime,8,23,3,NO,NO,NO
BANK_ADJUSTMENT,6,AMOUNT,decimal,13,23,8,NO,NO,NO
BANK_ADJUSTMENT,7,SELL_RATE,decimal,9,15,8,NO,NO,NO
BANK_ADJUSTMENT,8,BUY_RATE,decimal,9,15,8,NO,NO,NO
BANK_ADJUSTMENT,9,REFERENCE,nvarchar,160,0,0,YES,NO,NO
BANK_ADJUSTMENT,10,POSTING_STATUS,nchar,2,0,0,NO,NO,NO
BANK_ADJUSTMENT,11,POSTING_DATE,datetime,8,23,3,NO,NO,NO
BANK_ADJUSTMENT,12,BATCH_ID,nvarchar,30,0,0,YES,NO,NO
BANK_ADJUSTMENT,13,SITE_ID,nvarchar,30,0,0,NO,NO,NO
BANK_ADJUSTMENT,14,CASH_GL_ACCT_ID,nvarchar,60,0,0,YES,NO,NO
BANK_ADJUSTMENT,15,CLEARED,nchar,2,0,0,NO,NO,NO
BANK_ADJUSTMENT,16,CREATE_DATE,datetime,8,23,3,NO,NO,NO
BANK_ADJUSTMENT,17,CLEARED_DATE,datetime,8,23,3,YES,NO,NO
BANK_ADJUSTMENT,18,USER_ID,nvarchar,40,0,0,NO,NO,NO
BANK_ADJUSTMENT,19,CURRENCY_ID,nvarchar,30,0,0,NO,NO,NO
BANK_ADJUSTMENT,20,USER_EXCH_RATE,nchar,2,0,0,YES,NO,NO
BANK_ADJUSTMENT,21,DEPOSIT_ID,nvarchar,30,0,0,YES,NO,NO
BANK_ADJUSTMENT,22,CONTROL_NO,int,4,10,0,YES,NO,NO
BANK_ADJUSTMENT,23,USER_DIMENSION_1,nvarchar,30,0,0,YES,NO,NO
BANK_ADJUSTMENT,24,USER_DIMENSION_2,nvarchar,30,0,0,YES,NO,NO
BANK_DEPOSIT,1,ROWID,int,4,10,0,NO,YES,NO
BANK_DEPOSIT,2,BANK_ACCOUNT_ID,nvarchar,30,0,0,NO,NO,NO
BANK_DEPOSIT,3,DEPOSIT_ID,nvarchar,30,0,0,NO,NO,NO
BANK_DEPOSIT,4,DESCRIPTION,nvarchar,80,0,0,YES,NO,NO
BANK_DEPOSIT,5,DEPOSIT_DATE,datetime,8,23,3,NO,NO,NO
BANK_DEPOSIT,6,AMOUNT,decimal,13,23,8,NO,NO,NO
BANK_DEPOSIT,7,CLEARED,nchar,2,0,0,NO,NO,NO
BANK_DEPOSIT,8,CLEARED_DATE,datetime,8,23,3,YES,NO,NO
BANK_STATEMENT,1,ROWID,int,4,10,0,NO,YES,NO
BANK_STATEMENT,2,BANK_ACCOUNT_ID,nvarchar,30,0,0,NO,NO,NO
BANK_STATEMENT,3,STATEMENT_DATE,datetime,8,23,3,NO,NO,NO
BANK_STATEMENT,4,STARTING_BALANCE,decimal,13,23,8,NO,NO,NO
BANK_STATEMENT,5,ENDING_BALANCE,decimal,13,23,8,NO,NO,NO
BID_RATE_CATEGORY,1,ROWID,int,4,10,0,NO,YES,NO
BID_RATE_CATEGORY,2,ID,nvarchar,30,0,0,NO,NO,NO
BID_RATE_CATEGORY,3,DESCRIPTION,nvarchar,160,0,0,YES,NO,NO
BID_RATE_GROUP,1,ROWID,int,4,10,0,NO,YES,NO
BID_RATE_GROUP,2,ID,nvarchar,30,0,0,NO,NO,NO
BID_RATE_GROUP,3,DESCRIPTION,nvarchar,160,0,0,YES,NO,NO
BID_RATE_GROUP_CATEGORY,1,ROWID,int,4,10,0,NO,YES,NO
BID_RATE_GROUP_CATEGORY,2,BID_RATE_GROUP_ID,nvarchar,30,0,0,NO,NO,NO
BID_RATE_GROUP_CATEGORY,3,BID_RATE_CATEGORY_ID,nvarchar,30,0,0,NO,NO,NO
BOL,1,ROWID,int,4,10,0,NO,YES,NO
BOL,2,ID,nvarchar,40,0,0,NO,NO,NO
BOL,3,CARRIER_ID,nvarchar,30,0,0,NO,NO,NO
BOL,4,ASN_ID,nvarchar,40,0,0,YES,NO,NO
BOL,5,ASSIGN_ASN,nchar,2,0,0,NO,NO,NO
BOL,6,SHIPTO_NAME,nvarchar,100,0,0,YES,NO,NO
BOL,7,SHIPTO_ADDR_1,nvarchar,100,0,0,YES,NO,NO
BOL,8,SHIPTO_ADDR_2,nvarchar,100,0,0,YES,NO,NO
BOL,9,SHIPTO_ADDR_3,nvarchar,100,0,0,YES,NO,NO
BOL,10,SHIPTO_CITY,nvarchar,60,0,0,YES,NO,NO
BOL,11,SHIPTO_STATE,nvarchar,20,0,0,YES,NO,NO
BOL,12,SHIPTO_ZIPCODE,nvarchar,20,0,0,YES,NO,NO
BOL,13,SHIPTO_COUNTRY,nvarchar,100,0,0,YES,NO,NO
BOL,14,SHIP_DATE,datetime,8,23,3,NO,NO,NO
BOL,15,FREIGHT_TERMS,nchar,2,0,0,NO,NO,NO
BOL,16,COD_FLAG,nchar,2,0,0,NO,NO,NO
BOL,17,COD_AMOUNT,decimal,13,23,8,NO,NO,NO
BOL,18,COD_CHARGE,decimal,13,23,8,NO,NO,NO
BOL,19,ROUTE,nvarchar,100,0,0,YES,NO,NO
BOL,20,VEHICLE_ID,nvarchar,30,0,0,YES,NO,NO
BOL,21,SHIPPER_INSTRUCT,nvarchar,500,0,0,YES,NO,NO
BOL,22,CREATE_DATE,datetime,8,23,3,NO,NO,NO
BOL,23,USER_ID,nvarchar,40,0,0,NO,NO,NO
BOL,24,SHIP_TIME,datetime,8,23,3,YES,NO,NO
BOL,25,EXPECTED_DEL_DATE,datetime,8,23,3,YES,NO,NO
BOL,26,EXPECTED_DEL_TIME,datetime,8,23,3,YES,NO,NO
BOL,27,DECLARED_VALUE,decimal,13,23,8,YES,NO,NO
BOL,28,WEIGH_BILL_NUMBER,nvarchar,40,0,0,YES,NO,NO
BOL,29,POOL_CODE,nvarchar,40,0,0,YES,NO,NO
BOL,30,VEHICLE_NUMBER,nvarchar,40,0,0,YES,NO,NO
BOL,31,INTER_CONSIGNEE,nvarchar,40,0,0,YES,NO,NO
BOL,32,TARE_WEIGHT,decimal,9,14,4,YES,NO,NO
BOL,33,TOTAL_NET_WEIGHT,decimal,9,14,4,YES,NO,NO
BOL,34,TOTAL_GROSS_WEIGHT,decimal,9,14,4,YES,NO,NO
BOL,35,WSA_ID,nvarchar,60,0,0,YES,NO,NO
BOL,36,SEAL_NUMBER,nvarchar,60,0,0,YES,NO,NO
BOL,37,PRO_NUMBER,nvarchar,60,0,0,YES,NO,NO
BOL,38,SITE_ID,nvarchar,30,0,0,NO,NO,NO
BOL,40,SHIPTO_COUNTRY_ID,nvarchar,30,0,0,YES,NO,NO
BOL_LINE,1,ROWID,int,4,10,0,NO,YES,NO
BOL_LINE,2,BOL_ID,nvarchar,40,0,0,YES,NO,NO
BOL_LINE,3,NMFC_CODE_ID,nvarchar,30,0,0,NO,NO,NO
BOL_LINE,4,CARTON_COUNT,smallint,2,5,0,NO,NO,NO
BOL_LINE,5,PACKAGE_TYPE,nvarchar,10,0,0,YES,NO,NO
BOL_LINE,6,SHIPPING_WEIGHT,decimal,9,14,4,YES,NO,NO
BOL_LINE,7,WEIGHT_UM,nvarchar,30,0,0,YES,NO,NO
BOL_LINE,8,TRUCK_LOAD,nchar,2,0,0,YES,NO,NO
BOL_LINE,9,PALLET_COUNT,smallint,2,5,0,YES,NO,NO
BOL_LINE,10,SHIP_DIMENSIONS,nvarchar,100,0,0,YES,NO,NO
BOL_LINE,11,TARE_WEIGHT,decimal,9,14,4,YES,NO,NO
BOL_LINE,12,NET_SHIP_WEIGHT,decimal,9,14,4,YES,NO,NO
BUDGET_CODE,1,ROWID,int,4,10,0,NO,YES,NO
BUDGET_CODE,2,id,nvarchar,30,0,0,NO,NO,NO
BUDGET_CODE,3,description,nvarchar,80,0,0,YES,NO,NO
BUDGET_TYPE,1,ROWID,int,4,10,0,NO,YES,NO
BUDGET_TYPE,2,id,nvarchar,30,0,0,NO,NO,NO
BUDGET_TYPE,3,description,nvarchar,80,0,0,YES,NO,NO
BUFFER,1,ROWID,int,4,10,0,NO,YES,NO
BUFFER,2,ID,int,4,10,0,NO,NO,NO
BUFFER,3,CCR_ID,nvarchar,30,0,0,NO,NO,NO
BUFFER,4,TYPE,nchar,2,0,0,NO,NO,NO
BUFFER,5,STATUS,nchar,2,0,0,NO,NO,NO
BUFFER,6,BUFFER_FACTOR,decimal,5,7,1,NO,NO,NO
BUFFER,7,BUFFER_SIZE,int,4,10,0,NO,NO,NO
BUFFER,8,SERVICE_TIME,int,4,10,0,YES,NO,NO
BUFFER,9,COVERED_SETUP,int,4,10,0,YES,NO,NO
BUFFER,10,COVERED_RUN,int,4,10,0,YES,NO,NO
BUFFER,11,WORKORDER_TYPE,nchar,2,0,0,NO,NO,NO
BUFFER,12,WORKORDER_BASE_ID,nvarchar,60,0,0,NO,NO,NO
BUFFER,13,WORKORDER_LOT_ID,nvarchar,6,0,0,NO,NO,NO
BUFFER,14,WORKORDER_SPLIT_ID,nvarchar,6,0,0,NO,NO,NO
BUFFER,15,WORKORDER_SUB_ID,nvarchar,6,0,0,NO,NO,NO
BUFFER,16,OPERATION_SEQ_NO,smallint,2,5,0,YES,NO,NO
BUFFER,17,PIECE_NO,smallint,2,5,0,YES,NO,NO
BUFFER,18,PART_ID,nvarchar,60,0,0,YES,NO,NO
BUFFER,19,CREATE_DATE,datetime,8,23,3,NO,NO,NO
BUFFER,20,MODIFIED_DATE,datetime,8,23,3,NO,NO,NO
BUFFER,21,BUFFER_STATUS,decimal,5,5,1,YES,NO,NO
BUFFER,22,BUFFER_STATUS_DATE,datetime,8,23,3,YES,NO,NO
BUFFER,23,PROBLEM_CLASS,nvarchar,30,0,0,YES,NO,NO
BUFFER,24,PROBLEM_DESCR,image,16,0,0,YES,NO,NO
BUFFER,25,CLOSE_DATE,datetime,8,23,3,YES,NO,NO
BUFFER,26,EMERGENCY_ZONE,int,4,10,0,YES,NO,NO
BUFFER,27,YELLOW_ZONE,int,4,10,0,YES,NO,NO
BUFFER,28,SITE_ID,nvarchar,30,0,0,NO,NO,NO
BUFFER,29,WAREHOUSE_ID,nvarchar,30,0,0,YES,NO,NO
BUFFER,30,WHS_INDEPENDENT,nchar,2,0,0,YES,NO,NO
BUFFER,31,END_DATE,datetime,8,23,3,YES,NO,NO
BUFFER,32,GEN_END_DATE,datetime,8,23,3,YES,NO,NO
BUFFER_PROFILE,1,ROWID,int,4,10,0,NO,YES,NO
BUFFER_PROFILE,2,ID,nvarchar,30,0,0,NO,NO,NO
BUFFER_PROFILE,3,DESCRIPTION,nvarchar,160,0,0,YES,NO,NO
BUFFER_PROFILE,4,ITEM_TYPE,nchar,2,0,0,YES,NO,NO
BUFFER_PROFILE,5,LEADTIME_CATEGORY,nchar,2,0,0,YES,NO,NO
BUFFER_PROFILE,6,LEADTIME_GREEN_PCT,smallint,2,5,0,YES,NO,NO
BUFFER_PROFILE,7,LEADTIME_RED_PCT,smallint,2,5,0,YES,NO,NO
BUFFER_PROFILE,8,VARIABILITY_CATEGORY,nchar,2,0,0,YES,NO,NO
BUFFER_PROFILE,9,VAR_RED_SAFETY_PCT,smallint,2,5,0,YES,NO,NO
BUFFER_PROFILE,10,USE_SIG_MOQ_GREEN,nchar,2,0,0,YES,NO,NO
BUFFER_PROFILE,11,ORDER_SPIKE_THRESH,int,4,10,0,YES,NO,NO
BUFFER_PROFILE,12,ORDER_SPIKE_HORIZON,smallint,2,5,0,YES,NO,NO
BUFFER_PROFILE,13,ADU_HORIZON_FACTOR,decimal,5,5,2,YES,NO,NO
BUFFER_PROFILE,14,ADU_ALERT_THRESH,int,4,10,0,YES,NO,NO
BUFFER_PROFILE,15,ADU_ALERT_HORIZON,smallint,2,5,0,YES,NO,NO
BUFFER_PROFILE,16,ONHAND_ALERT_RED_PCT,smallint,2,5,0,YES,NO,NO
BUFFER_STAT_MATL,1,ROWID,int,4,10,0,NO,YES,NO
BUFFER_STAT_MATL,2,BUFFER_STATUS_ID,int,4,10,0,NO,NO,NO
BUFFER_STAT_MATL,3,SUPPLY_TYPE,nvarchar,4,0,0,NO,NO,NO
BUFFER_STAT_MATL,4,SUPPLY_BASE_ID,nvarchar,60,0,0,NO,NO,NO
BUFFER_STAT_MATL,5,SUPPLY_SEQ_NO,smallint,2,5,0,NO,NO,NO
BUFFER_STAT_MATL,6,SUPPLY_NO,smallint,2,5,0,NO,NO,NO
BUFFER_STAT_WO_LOC,1,ROWID,int,4,10,0,NO,YES,NO
BUFFER_STAT_WO_LOC,2,BUFFER_STATUS_ID,int,4,10,0,NO,NO,NO
BUFFER_STAT_WO_LOC,3,WORKORDER_TYPE,nchar,2,0,0,NO,NO,NO
BUFFER_STAT_WO_LOC,4,WORKORDER_BASE_ID,nvarchar,60,0,0,NO,NO,NO
BUFFER_STAT_WO_LOC,5,WORKORDER_LOT_ID,nvarchar,6,0,0,NO,NO,NO
BUFFER_STAT_WO_LOC,6,WORKORDER_SPLIT_ID,nvarchar,6,0,0,NO,NO,NO
BUFFER_STAT_WO_LOC,7,WORKORDER_SUB_ID,nvarchar,6,0,0,NO,NO,NO
BUFFER_STAT_WO_LOC,8,OPERATION_SEQ_NO,smallint,2,5,0,NO,NO,NO
BUFFER_STAT_WO_LOC,9,RESOURCE_ID,nvarchar,30,0,0,YES,NO,NO
BUFFER_STAT_WO_LOC,10,RES_PROCESSING_OP,nchar,2,0,0,YES,NO,NO
BUFFER_STATUS,1,ROWID,int,4,10,0,NO,YES,NO
BUFFER_STATUS,2,ID,int,4,10,0,NO,NO,NO
BUFFER_STATUS,3,BUFFER_ID,int,4,10,0,NO,NO,NO
BUFFER_STATUS,4,STATUS_DATE,datetime,8,23,3,NO,NO,NO
BUFFER_STATUS,5,BUFFER_STATUS,decimal,5,5,1,NO,NO,NO
BUFFER_STATUS,6,PROBLEM_CLASS,nvarchar,30,0,0,YES,NO,NO
BUFFER_STATUS,7,PROBLEM_DESCR,image,16,0,0,YES,NO,NO
BUFFER_STATUS,8,EMERGENCY_ZONE,int,4,10,0,YES,NO,NO
BUFFER_STATUS,9,YELLOW_ZONE,int,4,10,0,YES,NO,NO
BURD_DIST_DETAIL,1,ROWID,int,4,10,0,NO,YES,NO
BURD_DIST_DETAIL,2,BURDEN_ID,nvarchar,60,0,0,NO,NO,NO
BURD_DIST_DETAIL,3,BURDEN_CATEGORY_ID,nvarchar,30,0,0,NO,NO,NO
BURD_DIST_DETAIL,4,SOURCE_TYPE,nvarchar,40,0,0,NO,NO,NO
BURD_DIST_DETAIL,5,SOURCE_TRANS_ID,int,4,10,0,NO,NO,NO
BURD_DIST_DETAIL,6,SOURCE_ID,nvarchar,60,0,0,NO,NO,NO
BURD_DIST_DETAIL,7,SOURCE_LINE_NO,smallint,2,5,0,NO,NO,NO
BURD_DIST_DETAIL,8,DIST_NO,smallint,2,5,0,NO,NO,NO
BURD_DIST_DETAIL,9,AMOUNT,decimal,13,23,8,YES,NO,NO
BURD_DIST_DETAIL,10,CURRENCY_ID,nvarchar,30,0,0,NO,NO,NO
BURD_DIST_DETAIL,11,IS_RETRO,nchar,2,0,0,NO,NO,NO
BURDEN_BATCH_RATES,1,ROWID,int,4,10,0,NO,YES,NO
BURDEN_BATCH_RATES,2,BATCH_ID,nvarchar,30,0,0,NO,NO,NO
BURDEN_BATCH_RATES,3,BURDEN_RATE_ID,nvarchar,30,0,0,NO,NO,NO
BURDEN_BATCH_RATES,4,BURDEN_PERIOD_ID,nvarchar,30,0,0,NO,NO,NO
BURDEN_BATCH_RATES,5,POSTING_STATUS,nchar,2,0,0,NO,NO,NO
BURDEN_BATCH_RATES,6,SITE_ID,nvarchar,30,0,0,NO,NO,NO
BURDEN_DIST,1,ROWID,int,4,10,0,NO,YES,NO
BURDEN_DIST,2,BURDEN_ID,nvarchar,60,0,0,NO,NO,NO
BURDEN_DIST,3,DIST_NO,smallint,2,5,0,NO,NO,NO
BURDEN_DIST,4,ENTRY_NO,smallint,2,5,0,NO,NO,NO
BURDEN_DIST,5,BURDEN_CATEGORY_ID,nvarchar,30,0,0,NO,NO,NO
BURDEN_DIST,6,CURRENCY_ID,nvarchar,30,0,0,NO,NO,NO
BURDEN_DIST,7,SITE_ID,nvarchar,30,0,0,NO,NO,NO
BURDEN_DIST,8,AMOUNT,decimal,13,23,8,NO,NO,NO
BURDEN_DIST,9,AMOUNT_TYPE,nchar,4,0,0,NO,NO,NO
BURDEN_DIST,10,GL_ACCOUNT_ID,nvarchar,60,0,0,NO,NO,NO
BURDEN_DIST,11,POSTING_STATUS,nchar,2,0,0,NO,NO,NO
BURDEN_DIST,12,POSTING_DATE,datetime,8,23,3,NO,NO,NO
BURDEN_DIST,13,BATCH_ID,nvarchar,30,0,0,YES,NO,NO
BURDEN_DIST,14,USER_ID,nvarchar,40,0,0,NO,NO,NO
BURDEN_DIST,15,NATIVE,nchar,2,0,0,YES,NO,NO
BURDEN_DIST,16,SOURCE_TYPE,nvarchar,40,0,0,NO,NO,NO
BURDEN_DIST,17,IS_RETRO,nchar,2,0,0,NO,NO,NO
BURDEN_DIST,18,IS_PROJECT,nchar,2,0,0,NO,NO,NO
BURDEN_DIST,19,CREATE_DATE,datetime,8,23,3,NO,NO,NO
BURDEN_GROUP,1,ROWID,int,4,10,0,NO,YES,NO
BURDEN_GROUP,2,ID,nvarchar,30,0,0,NO,NO,NO
BURDEN_GROUP,3,DESCRIPTION,nvarchar,160,0,0,YES,NO,NO
BURDEN_RULE,1,ROWID,int,4,10,0,NO,YES,NO
BURDEN_RULE,2,BURDEN_GROUP_ID,nvarchar,30,0,0,NO,NO,NO
BURDEN_RULE,3,COST_CATEGORY_ID,nvarchar,30,0,0,NO,NO,NO
BURDEN_RULE,4,DEBIT_GL_ACCOUNT,nvarchar,60,0,0,YES,NO,NO
BURDEN_RULE,5,CREDIT_GL_ACCOUNT,nvarchar,60,0,0,YES,NO,NO
BURDEN_TRANS,1,ROWID,int,4,10,0,NO,YES,NO
BURDEN_TRANS,2,BURDEN_ID,nvarchar,60,0,0,NO,NO,NO
BURDEN_TRANS,3,PROJECT_SUMMARY_ID,nvarchar,30,0,0,NO,NO,NO
BURDEN_TRANS,4,BURDEN_CATEGORY_ID,nvarchar,30,0,0,NO,NO,NO
BURDEN_TRANS,5,AMOUNT,decimal,13,23,8,YES,NO,NO
BURDEN_TRANS,6,SOURCE_TYPE,nvarchar,40,0,0,YES,NO,NO
BURDEN_TRANS,7,SOURCE_TRANS_ID,int,4,10,0,YES,NO,NO
BURDEN_TRANS,8,SOURCE_ID,nvarchar,60,0,0,YES,NO,NO
BURDEN_TRANS,9,SOURCE_LINE_NO,smallint,2,5,0,YES,NO,NO
BURDEN_TRANS,10,ACCOUNT_YEAR,decimal,5,4,0,YES,NO,NO
BURDEN_TRANS,11,ACCOUNT_PERIOD,decimal,5,2,0,YES,NO,NO
BURDEN_TRANS,12,DEPARTMENT_ID,nvarchar,30,0,0,YES,NO,NO
BURDEN_TRANS,13,COST_CATEGORY_ID,nvarchar,30,0,0,YES,NO,NO
BURDEN_TRANS,14,IS_RETRO,nchar,2,0,0,NO,NO,NO
BURDEN_TRANS,15,RATE_ID,nvarchar,30,0,0,YES,NO,NO
BURDEN_TRANS,16,PERIOD_ID,nvarchar,30,0,0,YES,NO,NO
BURDEN_TRANS,17,SITE_ID,nvarchar,30,0,0,NO,NO,NO
CALENDAR_CHANGE,1,ROWID,int,4,10,0,NO,YES,NO
CALENDAR_CHANGE,2,SCHEDULE_ID,nvarchar,30,0,0,YES,NO,NO
CALENDAR_CHANGE,3,RESOURCE_ID,nvarchar,30,0,0,YES,NO,NO
CALENDAR_CHANGE,4,START_DATE,datetime,8,23,3,NO,NO,NO
CALENDAR_CHANGE,5,END_DATE,datetime,8,23,3,NO,NO,NO
CALENDAR_CHANGE,6,START_OF_DAY,datetime,8,23,3,NO,NO,NO
CALENDAR_CHANGE,7,SHIFT_1,decimal,5,5,3,NO,NO,NO
CALENDAR_CHANGE,8,SHIFT_2,decimal,5,5,3,NO,NO,NO
CALENDAR_CHANGE,9,SHIFT_3,decimal,5,5,3,NO,NO,NO
CALENDAR_CHANGE,10,SHIFT_1_CAPACITY,smallint,2,5,0,YES,NO,NO
CALENDAR_CHANGE,11,SHIFT_2_CAPACITY,smallint,2,5,0,YES,NO,NO
CALENDAR_CHANGE,12,SHIFT_3_CAPACITY,smallint,2,5,0,YES,NO,NO
CALENDAR_CHANGE,13,SITE_ID,nvarchar,30,0,0,YES,NO,NO
CALENDAR_CHANGE,14,ORIGINAL_START_OF_DAY,datetime,8,23,3,YES,NO,NO
CALENDAR_CHANGE,15,ORIGINAL_SHIFT_1,decimal,5,5,3,YES,NO,NO
CALENDAR_CHANGE,16,ORIGINAL_SHIFT_2,decimal,5,5,3,YES,NO,NO
CALENDAR_CHANGE,17,ORIGINAL_SHIFT_3,decimal,5,5,3,YES,NO,NO
CALENDAR_WEEK,1,ROWID,int,4,10,0,NO,YES,NO
CALENDAR_WEEK,2,SCHEDULE_ID,nvarchar,30,0,0,YES,NO,NO
CALENDAR_WEEK,3,RESOURCE_ID,nvarchar,30,0,0,YES,NO,NO
CALENDAR_WEEK,4,DAY_OF_WEEK,smallint,2,5,0,NO,NO,NO
CALENDAR_WEEK,5,START_OF_DAY,datetime,8,23,3,NO,NO,NO
CALENDAR_WEEK,6,SHIFT_1,decimal,5,5,3,NO,NO,NO
CALENDAR_WEEK,7,SHIFT_2,decimal,5,5,3,NO,NO,NO
CALENDAR_WEEK,8,SHIFT_3,decimal,5,5,3,NO,NO,NO
CALENDAR_WEEK,9,SHIFT_1_CAPACITY,smallint,2,5,0,YES,NO,NO
CALENDAR_WEEK,10,SHIFT_2_CAPACITY,smallint,2,5,0,YES,NO,NO
CALENDAR_WEEK,11,SHIFT_3_CAPACITY,smallint,2,5,0,YES,NO,NO
CALENDAR_WEEK,12,SITE_ID,nvarchar,30,0,0,YES,NO,NO
CALENDAR_WEEK,13,ORIGINAL_START_OF_DAY,datetime,8,23,3,YES,NO,NO
CALENDAR_WEEK,14,ORIGINAL_SHIFT_1,decimal,5,5,3,YES,NO,NO
CALENDAR_WEEK,15,ORIGINAL_SHIFT_2,decimal,5,5,3,YES,NO,NO
CALENDAR_WEEK,16,ORIGINAL_SHIFT_3,decimal,5,5,3,YES,NO,NO
CARRIER,1,ROWID,int,4,10,0,NO,YES,NO
CARRIER,2,ID,nvarchar,30,0,0,NO,NO,NO
CARRIER,3,NAME,nvarchar,100,0,0,YES,NO,NO
CARRIER,4,SHIPPER_ID,nvarchar,30,0,0,YES,NO,NO
CARRIER,5,ROUTE,nvarchar,100,0,0,YES,NO,NO
CARRIER,6,SHIPPER_INSTRUCT,nvarchar,500,0,0,YES,NO,NO
CARRIER,7,COD_CHARGE,decimal,13,23,8,YES,NO,NO
CARRIER,8,ADDR_1,nvarchar,100,0,0,YES,NO,NO
CARRIER,9,ADDR_2,nvarchar,100,0,0,YES,NO,NO
CARRIER,10,ADDR_3,nvarchar,100,0,0,YES,NO,NO
CARRIER,11,CITY,nvarchar,60,0,0,YES,NO,NO
CARRIER,12,STATE,nvarchar,20,0,0,YES,NO,NO
CARRIER,13,ZIPCODE,nvarchar,20,0,0,YES,NO,NO
CARRIER,14,COUNTRY,nvarchar,100,0,0,YES,NO,NO
CARRIER,15,VAT_REGISTRATION,nvarchar,50,0,0,YES,NO,NO
CARRIER,16,PARCEL_ID,nvarchar,160,0,0,YES,NO,NO
CARRIER,17,WEB_URL,nvarchar,510,0,0,YES,NO,NO
CARRIER,18,CARRIER_COUNTRY_ID,nvarchar,30,0,0,YES,NO,NO
CARRIER_SYNC,1,ROWID,int,4,10,0,NO,YES,NO
CARRIER_SYNC,2,EVENT_ID,int,4,10,0,NO,NO,NO
CARRIER_SYNC,3,TYPE,nchar,2,0,0,NO,NO,NO
CARRIER_SYNC,4,CREATE_DATE,datetime,8,23,3,NO,NO,NO
CARRIER_SYNC,5,CARRIER_ID,nvarchar,30,0,0,NO,NO,NO
CARRIER_SYNC,6,EXCEPTION,nchar,2,0,0,NO,NO,NO
CARRIER_SYNC,7,SUBSCRIPTIONS,int,4,10,0,NO,NO,NO
CARTON,1,ROWID,int,4,10,0,NO,YES,NO
CARTON,2,ID,nvarchar,60,0,0,NO,NO,NO
CARTON,3,BOL_ID,nvarchar,40,0,0,YES,NO,NO
CARTON,4,PALLET_ID,nvarchar,60,0,0,YES,NO,NO
CARTON,5,CARRIER_ID,nvarchar,30,0,0,YES,NO,NO
CARTON,6,CONTAINER_ID,nvarchar,60,0,0,YES,NO,NO
CARTON,7,TRACKING_NO,nvarchar,60,0,0,YES,NO,NO
CARTON,8,PACKAGE_TYPE,nvarchar,10,0,0,YES,NO,NO
CARTON,9,TOTAL_WEIGHT,decimal,9,14,4,YES,NO,NO
CARTON,10,USER_TOTAL_WEIGHT,decimal,9,14,4,YES,NO,NO
CARTON,11,ACT_FREIGHT,decimal,13,23,8,YES,NO,NO
CARTON,12,LENGTH,decimal,9,14,4,YES,NO,NO
CARTON,13,WIDTH,decimal,9,14,4,YES,NO,NO
CARTON,14,HEIGHT,decimal,9,14,4,YES,NO,NO
CARTON,15,DIM_WEIGHT,decimal,9,14,4,YES,NO,NO
CARTON,16,CALC_SIZE,decimal,9,14,4,YES,NO,NO
CARTON,17,COD,nchar,2,0,0,YES,NO,NO
CARTON,18,CASH_ONLY,nchar,2,0,0,YES,NO,NO
CARTON,19,ADD_HANDLING,nchar,2,0,0,YES,NO,NO
CARTON,20,DEL_CONFIRM,nchar,2,0,0,YES,NO,NO
CARTON,21,SIGNATURE_REQ,nchar,2,0,0,YES,NO,NO
CARTON,22,REQ_SPEC_REPLY,nchar,2,0,0,YES,NO,NO
CARTON,23,VERBAL_CONFIRM,nchar,2,0,0,YES,NO,NO
CARTON,24,FAX_POD,nchar,2,0,0,YES,NO,NO
CARTON,25,HAZARDOUS_MAT,nchar,2,0,0,YES,NO,NO
CARTON,26,SAT_PICKUP_DEL,nchar,2,0,0,YES,NO,NO
CARTON,27,ELECTRIC_CALL_TAG,nchar,2,0,0,YES,NO,NO
CARTON,28,CALL_TAG,nchar,2,0,0,YES,NO,NO
CARTON,29,HANDLING_CHARGE,decimal,13,23,8,YES,NO,NO
CARTON,30,COD_AMOUNT,decimal,13,23,8,YES,NO,NO
CARTON,31,MANIFESTED,nchar,2,0,0,YES,NO,NO
CARTON,32,CREATE_DATE,datetime,8,23,3,NO,NO,NO
CARTON,33,USER_ID,nvarchar,40,0,0,NO,NO,NO
CARTON,34,IS_LETTER,nchar,2,0,0,YES,NO,NO
CARTON,35,NON_DUTY,nchar,2,0,0,YES,NO,NO
CARTON,36,DOCUMENT_ONLY,nchar,2,0,0,YES,NO,NO
CARTON,37,INVOICE_GEN,nchar,2,0,0,YES,NO,NO
CARTON,38,INVOICE_REQ,nchar,2,0,0,YES,NO,NO
CARTON,39,POWER_OF_ATTORNEY,nchar,2,0,0,YES,NO,NO
CARTON,40,EXPORT_DECLARATION,nchar,2,0,0,YES,NO,NO
CARTON,41,CERT_OF_ORIGIN,nchar,2,0,0,YES,NO,NO
CARTON,42,DECLARED_VALUE,decimal,13,23,8,YES,NO,NO
CARTON,43,SURCHARGE,decimal,13,23,8,YES,NO,NO
CARTON,44,DESCRIPTION,nvarchar,80,0,0,YES,NO,NO
CARTON_LINE,1,ROWID,int,4,10,0,NO,YES,NO
CARTON_LINE,2,CARTON_ID,nvarchar,60,0,0,NO,NO,NO
CARTON_LINE,3,LINE_NO,smallint,2,5,0,NO,NO,NO
CARTON_LINE,4,PART_ID,nvarchar,60,0,0,NO,NO,NO
CARTON_LINE,5,QTY,decimal,13,20,8,NO,NO,NO
CASH_BOOK_SUMMARY,1,ROWID,int,4,10,0,NO,YES,NO
CASH_BOOK_SUMMARY,2,BANK_ACCOUNT_ID,nvarchar,30,0,0,NO,NO,NO
CASH_BOOK_SUMMARY,3,ACCT_YEAR,decimal,5,4,0,NO,NO,NO
CASH_BOOK_SUMMARY,4,ACCT_PERIOD,decimal,5,2,0,NO,NO,NO
CASH_BOOK_SUMMARY,5,CLEARED_BALANCE,decimal,13,23,8,NO,NO,NO
CASH_BOOK_SUMMARY,6,ACCT_BALANCE,decimal,13,23,8,NO,NO,NO
CASH_BOOK_SUMMARY,7,CURRENCY_ID,nvarchar,30,0,0,NO,NO,NO
CASH_BOOK_SUMMARY,8,SITE_ID,nvarchar,30,0,0,NO,NO,NO
CASH_DISBURSE_CURR,1,ROWID,int,4,10,0,NO,YES,NO
CASH_DISBURSE_CURR,2,BANK_ACCOUNT_ID,nvarchar,30,0,0,NO,NO,NO
CASH_DISBURSE_CURR,3,CONTROL_NO,int,4,10,0,NO,NO,NO
CASH_DISBURSE_CURR,4,CURRENCY_ID,nvarchar,30,0,0,NO,NO,NO
CASH_DISBURSE_CURR,5,AMOUNT,decimal,13,23,8,NO,NO,NO
CASH_DISBURSE_CURR,6,SELL_RATE,decimal,9,15,8,NO,NO,NO
CASH_DISBURSE_CURR,7,BUY_RATE,decimal,9,15,8,NO,NO,NO
CASH_DISBURSE_DIST,1,ROWID,int,4,10,0,NO,YES,NO
CASH_DISBURSE_DIST,2,BANK_ACCOUNT_ID,nvarchar,30,0,0,NO,NO,NO
CASH_DISBURSE_DIST,3,CONTROL_NO,int,4,10,0,NO,NO,NO
CASH_DISBURSE_DIST,4,DIST_NO,smallint,2,5,0,NO,NO,NO
CASH_DISBURSE_DIST,5,ENTRY_NO,smallint,2,5,0,NO,NO,NO
CASH_DISBURSE_DIST,6,AMOUNT,decimal,13,23,8,NO,NO,NO
CASH_DISBURSE_DIST,7,AMOUNT_TYPE,nchar,4,0,0,NO,NO,NO
CASH_DISBURSE_DIST,8,GL_ACCOUNT_ID,nvarchar,60,0,0,NO,NO,NO
CASH_DISBURSE_DIST,9,POSTING_DATE,datetime,8,23,3,NO,NO,NO
CASH_DISBURSE_DIST,10,POSTING_STATUS,nchar,2,0,0,NO,NO,NO
CASH_DISBURSE_DIST,11,BATCH_ID,nvarchar,30,0,0,YES,NO,NO
CASH_DISBURSE_DIST,12,CREATE_DATE,datetime,8,23,3,NO,NO,NO
CASH_DISBURSE_DIST,13,SITE_ID,nvarchar,30,0,0,NO,NO,NO
CASH_DISBURSE_DIST,14,CURRENCY_ID,nvarchar,30,0,0,NO,NO,NO
CASH_DISBURSE_DIST,15,NATIVE,nchar,2,0,0,YES,NO,NO
CASH_DISBURSE_LINE,1,ROWID,int,4,10,0,NO,YES,NO
CASH_DISBURSE_LINE,2,BANK_ACCOUNT_ID,nvarchar,30,0,0,NO,NO,NO
CASH_DISBURSE_LINE,3,CONTROL_NO,int,4,10,0,NO,NO,NO
CASH_DISBURSE_LINE,4,LINE_NO,smallint,2,5,0,NO,NO,NO
CASH_DISBURSE_LINE,5,VOUCHER_ID,nvarchar,30,0,0,YES,NO,NO
CASH_DISBURSE_LINE,6,GL_ACCOUNT_ID,nvarchar,60,0,0,YES,NO,NO
CASH_DISBURSE_LINE,7,REFERENCE_INFO,nvarchar,80,0,0,YES,NO,NO
CASH_DISBURSE_LINE,8,AMOUNT,decimal,13,23,8,NO,NO,NO
CASH_DISBURSE_LINE,9,SELL_RATE,decimal,9,15,8,NO,NO,NO
CASH_DISBURSE_LINE,10,DISCOUNT_APPLIED,decimal,13,23,8,NO,NO,NO
CASH_DISBURSE_LINE,11,WITHHOLDING_CODE,nvarchar,30,0,0,YES,NO,NO
CASH_DISBURSE_LINE,12,WITHHELD_AMOUNT,decimal,13,23,8,NO,NO,NO
CASH_DISBURSE_LINE,13,WH_ALLOWED_AMOUNT,decimal,13,23,8,NO,NO,NO
CASH_DISBURSE_LINE,14,WH_GL_ACCT_ID,nvarchar,60,0,0,YES,NO,NO
CASH_DISBURSE_LINE,15,APPLIED_TYPE,nvarchar,2,0,0,YES,NO,NO
CASH_DISBURSE_LINE,16,MEMO_VOUCHER_ID,nvarchar,30,0,0,YES,NO,NO
CASH_DISBURSE_LINE,17,PCURR_AMOUNT,decimal,13,23,8,YES,NO,NO
CASH_DISBURSE_LINE,18,PCURR_DISC_APPLIED,decimal,13,23,8,YES,NO,NO
CASH_DISBURSE_LINE,19,PCURR_WH_AMOUNT,decimal,13,23,8,YES,NO,NO
CASH_DISBURSE_LINE,20,PCURR_WH_ALLWD_AMT,decimal,13,23,8,YES,NO,NO
CASH_DISBURSE_LINE,21,INST_NO,smallint,2,5,0,YES,NO,NO
CASH_DISBURSE_LINE,22,USER_DIMENSION_1,nvarchar,30,0,0,YES,NO,NO
CASH_DISBURSE_LINE,23,USER_DIMENSION_2,nvarchar,30,0,0,YES,NO,NO
CASH_DISBURSE_LINE,24,PAYB_VENDOR_ID,nvarchar,30,0,0,YES,NO,NO
CASH_DISBURSE_LINE,25,PAYB_VENDOR_NAME,nvarchar,100,0,0,YES,NO,NO
CASH_DISBURSE_LINE,26,SITE_ID,nvarchar,30,0,0,NO,NO,NO
CASH_DISBURSEMENT,1,ROWID,int,4,10,0,NO,YES,NO
CASH_DISBURSEMENT,2,BANK_ACCOUNT_ID,nvarchar,30,0,0,NO,NO,NO
CASH_DISBURSEMENT,3,CONTROL_NO,int,4,10,0,NO,NO,NO
CASH_DISBURSEMENT,4,VENDOR_ID,nvarchar,30,0,0,YES,NO,NO
CASH_DISBURSEMENT,5,CHECK_NO,int,4,10,0,YES,NO,NO
CASH_DISBURSEMENT,6,AMOUNT,decimal,13,23,8,NO,NO,NO
CASH_DISBURSEMENT,7,CREATE_DATE,datetime,8,23,3,NO,NO,NO
CASH_DISBURSEMENT,8,USER_ID,nvarchar,40,0,0,YES,NO,NO
CASH_DISBURSEMENT,9,CHECK_DATE,datetime,8,23,3,NO,NO,NO
CASH_DISBURSEMENT,10,MEMO,nvarchar,80,0,0,YES,NO,NO
CASH_DISBURSEMENT,11,STATUS,nchar,2,0,0,NO,NO,NO
CASH_DISBURSEMENT,12,SELL_RATE,decimal,9,15,8,NO,NO,NO
CASH_DISBURSEMENT,13,BUY_RATE,decimal,9,15,8,NO,NO,NO
CASH_DISBURSEMENT,14,POSTING_DATE,datetime,8,23,3,NO,NO,NO
CASH_DISBURSEMENT,15,SITE_ID,nvarchar,30,0,0,NO,NO,NO
CASH_DISBURSEMENT,16,CLEARED,nchar,2,0,0,NO,NO,NO
CASH_DISBURSEMENT,17,MARKED_FOR_PURGE,nchar,2,0,0,NO,NO,NO
CASH_DISBURSEMENT,18,VEND_BANK_ACCT_ID,nvarchar,30,0,0,YES,NO,NO
CASH_DISBURSEMENT,19,PAYEE_REF_CODE,nvarchar,20,0,0,YES,NO,NO
CASH_DISBURSEMENT,20,PAYMENT_METHOD,nchar,2,0,0,NO,NO,NO
CASH_DISBURSEMENT,21,PAYMENT_BATCH_NO,int,4,10,0,YES,NO,NO
CASH_DISBURSEMENT,22,PAYMENT_FILENAME,nvarchar,30,0,0,YES,NO,NO
CASH_DISBURSEMENT,23,NAME,nvarchar,100,0,0,YES,NO,NO
CASH_DISBURSEMENT,24,ADDR_1,nvarchar,100,0,0,YES,NO,NO
CASH_DISBURSEMENT,25,ADDR_2,nvarchar,100,0,0,YES,NO,NO
CASH_DISBURSEMENT,26,ADDR_3,nvarchar,100,0,0,YES,NO,NO
CASH_DISBURSEMENT,27,CITY,nvarchar,60,0,0,YES,NO,NO
CASH_DISBURSEMENT,28,STATE,nvarchar,20,0,0,YES,NO,NO
CASH_DISBURSEMENT,29,ZIPCODE,nvarchar,20,0,0,YES,NO,NO
CASH_DISBURSEMENT,30,COUNTRY,nvarchar,100,0,0,YES,NO,NO
CASH_DISBURSEMENT,31,CLEARED_DATE,datetime,8,23,3,YES,NO,NO
CASH_DISBURSEMENT,32,CURRENCY_ID,nvarchar,30,0,0,NO,NO,NO
CASH_DISBURSEMENT,33,USER_EXCH_RATE,nchar,2,0,0,NO,NO,NO
CASH_DISBURSEMENT,34,VOID_DATE,datetime,8,23,3,YES,NO,NO
CASH_DISBURSEMENT,35,VOID_CLEARED_DATE,datetime,8,23,3,YES,NO,NO
CASH_DISBURSEMENT,36,GROUP_ID,nvarchar,30,0,0,YES,NO,NO
CASH_DISBURSEMENT,37,USER_DIMENSION_1,nvarchar,30,0,0,YES,NO,NO
CASH_DISBURSEMENT,38,USER_DIMENSION_2,nvarchar,30,0,0,YES,NO,NO
CASH_DISBURSEMENT,39,CASH_DISBURSE_COUNTRY_ID,nvarchar,30,0,0,YES,NO,NO
CASH_PLAN,1,ROWID,int,4,10,0,NO,YES,NO
CASH_PLAN,2,ID,nvarchar,30,0,0,NO,NO,NO
CASH_PLAN,3,DESCRIPTION,nvarchar,100,0,0,YES,NO,NO
CASH_PLAN,4,SITE_ID,nvarchar,30,0,0,YES,NO,NO
CASH_PLAN,5,CURRENCY_ID,nvarchar,30,0,0,YES,NO,NO
CASH_PLAN,6,BEGINNING_BALANCE,decimal,13,23,8,NO,NO,NO
CASH_PLAN,7,STATUS,nchar,2,0,0,YES,NO,NO
CASH_PLAN,8,ACT_UPDATED,datetime,8,23,3,YES,NO,NO
CASH_PLAN,9,ACT_FIRST_DATE,datetime,8,23,3,YES,NO,NO
CASH_PLAN,10,ACT_LAST_DATE,datetime,8,23,3,YES,NO,NO
CASH_PLAN,11,PRJ_UPDATED,datetime,8,23,3,YES,NO,NO
CASH_PLAN,12,PRJ_FIRST_DATE,datetime,8,23,3,YES,NO,NO
CASH_PLAN,13,PRJ_LAST_DATE,datetime,8,23,3,YES,NO,NO
CASH_PLAN,14,CREATE_DATE,datetime,8,23,3,NO,NO,NO
CASH_PLAN,15,AR_INCLUDED,nchar,2,0,0,YES,NO,NO
CASH_PLAN,16,AR_TYPE,nchar,2,0,0,YES,NO,NO
CASH_PLAN,17,AR_SAMPLES,smallint,2,5,0,YES,NO,NO
CASH_PLAN,18,AR_TERMS_PLUS,smallint,2,5,0,YES,NO,NO
CASH_PLAN,19,AR_DAYS,smallint,2,5,0,YES,NO,NO
CASH_PLAN,20,AR_CLIP_BEFORE,smallint,2,5,0,YES,NO,NO
CASH_PLAN,21,AR_CLIP_AFTER,smallint,2,5,0,YES,NO,NO
CASH_PLAN,22,CO_INCLUDED,nchar,2,0,0,YES,NO,NO
CASH_PLAN,23,CO_TYPE,nchar,2,0,0,YES,NO,NO
CASH_PLAN,24,CO_SAMPLES,smallint,2,5,0,YES,NO,NO
CASH_PLAN,25,CO_CLIP_BEFORE,smallint,2,5,0,YES,NO,NO
CASH_PLAN,26,CO_CLIP_AFTER,smallint,2,5,0,YES,NO,NO
CASH_PLAN,27,AP_INCLUDED,nchar,2,0,0,YES,NO,NO
CASH_PLAN,28,AP_TYPE,nchar,2,0,0,YES,NO,NO
CASH_PLAN,29,AP_TERMS_PLUS,smallint,2,5,0,YES,NO,NO
CASH_PLAN,30,AP_DAYS,smallint,2,5,0,YES,NO,NO
CASH_PLAN,31,PO_INCLUDED,nchar,2,0,0,YES,NO,NO
CASH_PLAN,32,PO_TYPE,nchar,2,0,0,YES,NO,NO
CASH_PLAN,33,PO_SAMPLES,smallint,2,5,0,YES,NO,NO
CASH_PLAN,34,PO_INVOICE_DELAY,smallint,2,5,0,YES,NO,NO
CASH_PLAN,35,PO_CLIP_BEFORE,smallint,2,5,0,YES,NO,NO
CASH_PLAN,36,FIN_CAL_ID,nvarchar,30,0,0,NO,NO,NO
CASH_PLAN_ACCOUNT,1,ROWID,int,4,10,0,NO,YES,NO
CASH_PLAN_ACCOUNT,2,CASH_PLAN_ID,nvarchar,30,0,0,NO,NO,NO
CASH_PLAN_ACCOUNT,3,CASH_PLAN_LINE_NO,smallint,2,5,0,NO,NO,NO
CASH_PLAN_ACCOUNT,4,ACCOUNT_ID,nvarchar,60,0,0,NO,NO,NO
CASH_PLAN_AMOUNT,1,ROWID,int,4,10,0,NO,YES,NO
CASH_PLAN_AMOUNT,2,CASH_PLAN_ID,nvarchar,30,0,0,NO,NO,NO
CASH_PLAN_AMOUNT,3,CASH_PLAN_LINE_NO,smallint,2,5,0,NO,NO,NO
CASH_PLAN_AMOUNT,4,YEAR,decimal,5,4,0,NO,NO,NO
CASH_PLAN_AMOUNT,5,PERIOD,decimal,5,2,0,NO,NO,NO
CASH_PLAN_AMOUNT,6,AMOUNT_TYPE,nchar,2,0,0,NO,NO,NO
CASH_PLAN_AMOUNT,7,AMOUNT,decimal,13,23,8,YES,NO,NO
CASH_PLAN_LINE,1,ROWID,int,4,10,0,NO,YES,NO
CASH_PLAN_LINE,2,CASH_PLAN_ID,nvarchar,30,0,0,NO,NO,NO
CASH_PLAN_LINE,3,LINE_NO,smallint,2,5,0,NO,NO,NO
CASH_PLAN_LINE,4,CATEGORY,nvarchar,60,0,0,YES,NO,NO
CASH_PLAN_LINE,5,TYPE,nchar,2,0,0,YES,NO,NO
CASH_PLAN_LINE,6,CLASS,smallint,2,5,0,YES,NO,NO
CASH_PLAN_SITE,1,ROWID,int,4,10,0,NO,YES,NO
CASH_PLAN_SITE,2,CASH_PLAN_ID,nvarchar,30,0,0,NO,NO,NO
CASH_PLAN_SITE,3,SITE_ID,nvarchar,30,0,0,NO,NO,NO
CASH_RECEIPT,1,ROWID,int,4,10,0,NO,YES,NO
CASH_RECEIPT,2,CUSTOMER_ID,nvarchar,30,0,0,NO,NO,NO
CASH_RECEIPT,3,CHECK_ID,nvarchar,30,0,0,NO,NO,NO
CASH_RECEIPT,4,BANK_ACCOUNT_ID,nvarchar,30,0,0,NO,NO,NO
CASH_RECEIPT,5,AMOUNT,decimal,13,23,8,NO,NO,NO
CASH_RECEIPT,6,CREATE_DATE,datetime,8,23,3,NO,NO,NO
CASH_RECEIPT,7,USER_ID,nvarchar,40,0,0,YES,NO,NO
CASH_RECEIPT,8,CHECK_DATE,datetime,8,23,3,NO,NO,NO
CASH_RECEIPT,9,STATUS,nchar,2,0,0,NO,NO,NO
CASH_RECEIPT,10,SELL_RATE,decimal,9,15,8,NO,NO,NO
CASH_RECEIPT,11,BUY_RATE,decimal,9,15,8,NO,NO,NO
CASH_RECEIPT,12,POSTING_DATE,datetime,8,23,3,NO,NO,NO
CASH_RECEIPT,13,SITE_ID,nvarchar,30,0,0,NO,NO,NO
CASH_RECEIPT,14,DEPOSIT_ID,nvarchar,30,0,0,YES,NO,NO
CASH_RECEIPT,15,MARKED_FOR_PURGE,nchar,2,0,0,NO,NO,NO
CASH_RECEIPT,16,PAYMENT_METHOD,nchar,2,0,0,NO,NO,NO
CASH_RECEIPT,17,CURRENCY_ID,nvarchar,30,0,0,YES,NO,NO
CASH_RECEIPT,18,USER_EXCH_RATE,nchar,2,0,0,YES,NO,NO
CASH_RECEIPT,19,VOID_DATE,datetime,8,23,3,YES,NO,NO
CASH_RECEIPT,20,VOID_CLEARED_DATE,datetime,8,23,3,YES,NO,NO
CASH_RECEIPT,21,GROUP_ID,nvarchar,30,0,0,YES,NO,NO
CASH_RECEIPT,22,USER_DIMENSION_1,nvarchar,30,0,0,YES,NO,NO
CASH_RECEIPT,23,USER_DIMENSION_2,nvarchar,30,0,0,YES,NO,NO
CASH_RECEIPT_CURR,1,ROWID,int,4,10,0,NO,YES,NO
CASH_RECEIPT_CURR,2,CUSTOMER_ID,nvarchar,30,0,0,NO,NO,NO
CASH_RECEIPT_CURR,3,CHECK_ID,nvarchar,30,0,0,NO,NO,NO
CASH_RECEIPT_CURR,4,CURRENCY_ID,nvarchar,30,0,0,NO,NO,NO
CASH_RECEIPT_CURR,5,AMOUNT,decimal,13,23,8,NO,NO,NO
CASH_RECEIPT_CURR,6,SELL_RATE,decimal,9,15,8,NO,NO,NO
CASH_RECEIPT_CURR,7,BUY_RATE,decimal,9,15,8,NO,NO,NO
CASH_RECEIPT_DIST,1,ROWID,int,4,10,0,NO,YES,NO
CASH_RECEIPT_DIST,2,CUSTOMER_ID,nvarchar,30,0,0,NO,NO,NO
CASH_RECEIPT_DIST,3,CHECK_ID,nvarchar,30,0,0,NO,NO,NO
CASH_RECEIPT_DIST,4,DIST_NO,smallint,2,5,0,NO,NO,NO
CASH_RECEIPT_DIST,5,ENTRY_NO,smallint,2,5,0,NO,NO,NO
CASH_RECEIPT_DIST,6,AMOUNT,decimal,13,23,8,NO,NO,NO
CASH_RECEIPT_DIST,7,AMOUNT_TYPE,nchar,4,0,0,NO,NO,NO
CASH_RECEIPT_DIST,8,GL_ACCOUNT_ID,nvarchar,60,0,0,NO,NO,NO
CASH_RECEIPT_DIST,9,POSTING_STATUS,nchar,2,0,0,NO,NO,NO
CASH_RECEIPT_DIST,10,POSTING_DATE,datetime,8,23,3,NO,NO,NO
CASH_RECEIPT_DIST,11,BATCH_ID,nvarchar,30,0,0,YES,NO,NO
CASH_RECEIPT_DIST,12,CREATE_DATE,datetime,8,23,3,NO,NO,NO
CASH_RECEIPT_DIST,13,SITE_ID,nvarchar,30,0,0,NO,NO,NO
CASH_RECEIPT_DIST,14,CURRENCY_ID,nvarchar,30,0,0,NO,NO,NO
CASH_RECEIPT_DIST,15,NATIVE,nchar,2,0,0,YES,NO,NO
CASH_RECEIPT_LINE,1,ROWID,int,4,10,0,NO,YES,NO
CASH_RECEIPT_LINE,2,CUSTOMER_ID,nvarchar,30,0,0,NO,NO,NO
CASH_RECEIPT_LINE,3,CHECK_ID,nvarchar,30,0,0,NO,NO,NO
CASH_RECEIPT_LINE,4,LINE_NO,smallint,2,5,0,NO,NO,NO
CASH_RECEIPT_LINE,5,INVOICE_ID,nvarchar,30,0,0,YES,NO,NO
CASH_RECEIPT_LINE,6,GL_ACCOUNT_ID,nvarchar,60,0,0,YES,NO,NO
CASH_RECEIPT_LINE,7,REFERENCE,nvarchar,80,0,0,YES,NO,NO
CASH_RECEIPT_LINE,8,AMOUNT,decimal,13,23,8,NO,NO,NO
CASH_RECEIPT_LINE,9,DISCOUNT_APPLIED,decimal,13,23,8,NO,NO,NO
CASH_RECEIPT_LINE,10,SELL_RATE,decimal,9,15,8,NO,NO,NO
CASH_RECEIPT_LINE,11,APPLIED_TYPE,nvarchar,2,0,0,YES,NO,NO
CASH_RECEIPT_LINE,12,MEMO_INVOICE_ID,nvarchar,30,0,0,YES,NO,NO
CASH_RECEIPT_LINE,13,PCURR_AMOUNT,decimal,13,23,8,YES,NO,NO
CASH_RECEIPT_LINE,14,PCURR_DISC_APPLIED,decimal,13,23,8,YES,NO,NO
CASH_RECEIPT_LINE,15,INST_NO,smallint,2,5,0,YES,NO,NO
CASH_RECEIPT_LINE,16,USER_DIMENSION_1,nvarchar,30,0,0,YES,NO,NO
CASH_RECEIPT_LINE,17,USER_DIMENSION_2,nvarchar,30,0,0,YES,NO,NO
CASH_RECEIPT_LINE,18,RECV_CUSTOMER_ID,nvarchar,30,0,0,YES,NO,NO
CASH_RECEIPT_LINE,19,SITE_ID,nvarchar,30,0,0,NO,NO,NO
CHART_FACTORS,1,ROWID,int,4,10,0,NO,YES,NO
CHART_FACTORS,2,SUBGROUP_SIZE,smallint,2,5,0,NO,NO,NO
CHART_FACTORS,3,A1,decimal,9,14,8,NO,NO,NO
CHART_FACTORS,4,A2,decimal,9,14,8,NO,NO,NO
CHART_FACTORS,5,A3,decimal,9,14,8,NO,NO,NO
CHART_FACTORS,6,C4,decimal,9,14,8,NO,NO,NO
CHART_FACTORS,7,B3,decimal,9,14,8,NO,NO,NO
CHART_FACTORS,8,B4,decimal,9,14,8,NO,NO,NO
CHART_FACTORS,9,LD2,decimal,9,14,8,NO,NO,NO
CHART_FACTORS,10,D3,decimal,9,14,8,NO,NO,NO
CHART_FACTORS,11,D4,decimal,9,14,8,NO,NO,NO
CLYRPD,1,ROWID,int,4,10,0,NO,YES,NO
CLYRPD,2,YQDATE,decimal,5,7,0,YES,NO,NO
CLYRPD,3,YQYEAR,decimal,5,3,0,YES,NO,NO
CLYRPD,4,YQPERD,decimal,5,2,0,YES,NO,NO
CLYRPD,5,YQDTMT,decimal,5,7,0,YES,NO,NO
CLYRPD,6,YQBLNK,nvarchar,30,0,0,YES,NO,NO
CNSN_RCVR_LINE_DEL,1,ROWID,int,4,10,0,NO,YES,NO
CNSN_RCVR_LINE_DEL,2,RECEIVER_ID,nvarchar,30,0,0,NO,NO,NO
CNSN_RCVR_LINE_DEL,3,RECEIVER_LINE_NO,smallint,2,5,0,NO,NO,NO
CNSN_RCVR_LINE_DEL,4,LINE_NO,smallint,2,5,0,NO,NO,NO
CNSN_RCVR_LINE_DEL,5,PURC_ORDER_ID,nvarchar,30,0,0,NO,NO,NO
CNSN_RCVR_LINE_DEL,6,PURC_ORDER_LINE_NO,smallint,2,5,0,NO,NO,NO
CNSN_RCVR_LINE_DEL,7,PURC_DEL_LINE_NO,smallint,2,5,0,NO,NO,NO
CNSN_RCVR_LINE_DEL,8,USER_RECEIVED_QTY,decimal,13,20,8,NO,NO,NO
CNSN_RCVR_LINE_DEL,9,RECEIVED_QTY,decimal,13,20,8,NO,NO,NO
CNSN_RCVR_LINE_DEL,10,PIECE_COUNT,decimal,13,20,8,YES,NO,NO
CO_PRODUCT,1,ROWID,int,4,10,0,NO,YES,NO
CO_PRODUCT,2,WORKORDER_TYPE,nchar,2,0,0,NO,NO,NO
CO_PRODUCT,3,WORKORDER_BASE_ID,nvarchar,60,0,0,NO,NO,NO
CO_PRODUCT,4,WORKORDER_LOT_ID,nvarchar,6,0,0,NO,NO,NO
CO_PRODUCT,5,WORKORDER_SPLIT_ID,nvarchar,6,0,0,NO,NO,NO
CO_PRODUCT,6,WORKORDER_SUB_ID,nvarchar,6,0,0,NO,NO,NO
CO_PRODUCT,7,PART_ID,nvarchar,60,0,0,NO,NO,NO
CO_PRODUCT,8,MAT_COST_PERCENT,decimal,5,6,3,NO,NO,NO
CO_PRODUCT,9,DESIRED_QTY,decimal,13,20,8,NO,NO,NO
CO_PRODUCT,10,RECEIVED_QTY,decimal,13,20,8,NO,NO,NO
CO_PRODUCT,11,LINE_STATUS,nchar,2,0,0,NO,NO,NO
CO_PRODUCT,12,LAB_COST_PERCENT,decimal,5,6,3,NO,NO,NO
CO_PRODUCT,13,BUR_COST_PERCENT,decimal,5,6,3,NO,NO,NO
CO_PRODUCT,14,SER_COST_PERCENT,decimal,5,6,3,NO,NO,NO
CO_PRODUCT,15,WAREHOUSE_ID,nvarchar,30,0,0,YES,NO,NO
CO_PRODUCT,16,WIP_VAS_REQUIRED,nchar,2,0,0,YES,NO,NO
CO_PRODUCT,17,ALLOCATED_QTY,decimal,13,20,8,NO,NO,NO
CO_PRODUCT,18,FULFILLED_QTY,decimal,13,20,8,NO,NO,NO
CO_PRODUCT,19,QTY_IS_RATIO,nchar,2,0,0,YES,NO,NO
CO_PRODUCT,20,QTY_PER,decimal,13,20,8,YES,NO,NO
CO_PRODUCT,21,STATUS_EFF_DATE,datetime,8,23,3,NO,NO,NO
COMMODITY,1,ROWID,int,4,10,0,NO,YES,NO
COMMODITY,2,CODE,nvarchar,30,0,0,NO,NO,NO
COMMODITY,3,UNIV_PLAN_MATERIAL,nvarchar,2,0,0,YES,NO,NO
COMMODITY,4,DESCRIPTION,nvarchar,160,0,0,YES,NO,NO
COMMODITY_SYNC,1,ROWID,int,4,10,0,NO,YES,NO
COMMODITY_SYNC,2,EVENT_ID,int,4,10,0,NO,NO,NO
COMMODITY_SYNC,3,TYPE,nchar,2,0,0,NO,NO,NO
COMMODITY_SYNC,4,CREATE_DATE,datetime,8,23,3,NO,NO,NO
COMMODITY_SYNC,5,COMMODITY_CODE,nvarchar,30,0,0,NO,NO,NO
COMMODITY_SYNC,6,EXCEPTION,nchar,2,0,0,NO,NO,NO
COMMODITY_SYNC,7,SUBSCRIPTIONS,int,4,10,0,NO,NO,NO
CONSIGN_RCVR_LINE,1,ROWID,int,4,10,0,NO,YES,NO
CONSIGN_RCVR_LINE,2,RECEIVER_ID,nvarchar,30,0,0,NO,NO,NO
CONSIGN_RCVR_LINE,3,LINE_NO,smallint,2,5,0,NO,NO,NO
CONSIGN_RCVR_LINE,4,PURC_ORDER_ID,nvarchar,30,0,0,YES,NO,NO
CONSIGN_RCVR_LINE,5,PURC_ORDER_LINE_NO,smallint,2,5,0,YES,NO,NO
CONSIGN_RCVR_LINE,6,PART_ID,nvarchar,60,0,0,YES,NO,NO
CONSIGN_RCVR_LINE,7,USER_RECEIVED_QTY,decimal,13,20,8,NO,NO,NO
CONSIGN_RCVR_LINE,8,RECEIVED_QTY,decimal,13,20,8,NO,NO,NO
CONSIGN_RCVR_LINE,9,WAREHOUSE_ID,nvarchar,30,0,0,YES,NO,NO
CONSIGN_RCVR_LINE,10,LOCATION_ID,nvarchar,30,0,0,YES,NO,NO
CONSIGN_RCVR_LINE,11,TRANSACTION_ID,int,4,10,0,YES,NO,NO
CONSIGN_RCVR_LINE,12,PIECE_COUNT,decimal,13,20,8,YES,NO,NO
CONSIGN_RCVR_LINE,13,LENGTH,decimal,9,14,4,YES,NO,NO
CONSIGN_RCVR_LINE,14,WIDTH,decimal,9,14,4,YES,NO,NO
CONSIGN_RCVR_LINE,15,HEIGHT,decimal,9,14,4,YES,NO,NO
CONSIGN_RCVR_LINE,16,DIMENSIONS_UM,nvarchar,30,0,0,YES,NO,NO
CONSIGN_RCVR_LINE,17,REJECTED_QTY,decimal,13,20,8,YES,NO,NO
CONSIGN_RCVR_LINE,18,HTS_CODE,nvarchar,40,0,0,YES,NO,NO
CONSIGN_RCVR_LINE,19,ORIG_COUNTRY_ID,nvarchar,100,0,0,YES,NO,NO
CONSIGN_RCVR_LINE,20,GROSS_WEIGHT,decimal,9,15,4,YES,NO,NO
CONSIGN_RECEIVER,1,ROWID,int,4,10,0,NO,YES,NO
CONSIGN_RECEIVER,2,ID,nvarchar,30,0,0,NO,NO,NO
CONSIGN_RECEIVER,3,PURC_ORDER_ID,nvarchar,30,0,0,YES,NO,NO
CONSIGN_RECEIVER,4,CUSTOMER_ID,nvarchar,30,0,0,YES,NO,NO
CONSIGN_RECEIVER,5,RECEIVED_DATE,datetime,8,23,3,YES,NO,NO
CONSIGN_RECEIVER,6,USER_ID,nvarchar,40,0,0,NO,NO,NO
CONSIGN_RECEIVER,7,CARRIER_ID,nvarchar,30,0,0,YES,NO,NO
CONSIGN_RECEIVER,8,BOL_ID,nvarchar,40,0,0,YES,NO,NO
CONSIGN_RECEIVER,9,CREATE_DATE,datetime,8,23,3,NO,NO,NO
CONSIGN_RECEIVER,10,SITE_ID,nvarchar,30,0,0,NO,NO,NO
CONSOLID_ACCOUNT,1,ROWID,int,4,10,0,NO,YES,NO
CONSOLID_ACCOUNT,2,PARENT_ACCT_ID,nvarchar,60,0,0,NO,NO,NO
CONSOLID_ACCOUNT,3,DESCRIPTION,nvarchar,240,0,0,YES,NO,NO
CONSOLID_ACCOUNT,4,TYPE,nchar,2,0,0,NO,NO,NO
CONSOLIDATION,1,ROWID,int,4,10,0,NO,YES,NO
CONSOLIDATION,2,ID,nvarchar,30,0,0,NO,NO,NO
CONSOLIDATION,3,DESCRIPTION,nvarchar,160,0,0,YES,NO,NO
CONSOLIDATION,4,CREATE_DATE,datetime,8,23,3,NO,NO,NO
CONSOLIDATION_LOG,1,ROWID,int,4,10,0,NO,YES,NO
CONSOLIDATION_LOG,2,CONSOLIDATION_ID,nvarchar,30,0,0,NO,NO,NO
CONSOLIDATION_LOG,3,SITE_ID,nvarchar,30,0,0,NO,NO,NO
CONSOLIDATION_LOG,4,CREATE_DATE,datetime,8,23,3,NO,NO,NO
CONSOLIDATION_LOG,5,START_DATE,datetime,8,23,3,NO,NO,NO
CONSOLIDATION_LOG,6,END_DATE,datetime,8,23,3,NO,NO,NO
CONSOLIDATION_LOG,7,FILENAME,nvarchar,30,0,0,YES,NO,NO
CONSOLIDATION_LOG,8,TYPE,nchar,2,0,0,YES,NO,NO
CONSOLIDATION_MAP,1,ROWID,int,4,10,0,NO,YES,NO
CONSOLIDATION_MAP,2,CONSOLIDATION_ID,nvarchar,30,0,0,NO,NO,NO
CONSOLIDATION_MAP,3,LINE_NO,smallint,2,5,0,NO,NO,NO
CONSOLIDATION_MAP,4,LOCAL_ACCT_ID,nvarchar,60,0,0,NO,NO,NO
CONSOLIDATION_MAP,5,PARENT_ACCT_ID,nvarchar,60,0,0,YES,NO,NO
CONSOLIDATION_MAP,6,PERCENT,decimal,5,6,3,YES,NO,NO
CONSOLIDATION_MAP,7,DERIVED,nchar,2,0,0,YES,NO,NO
CONTACT,1,ID,nvarchar,50,0,0,NO,NO,NO
CONTACT,2,FIRST_NAME,nvarchar,60,0,0,YES,NO,NO
CONTACT,3,LAST_NAME,nvarchar,60,0,0,YES,NO,NO
CONTACT,4,MIDDLE_NAME,nvarchar,60,0,0,YES,NO,NO
CONTACT,5,MIDDLE_INITIAL,nvarchar,4,0,0,YES,NO,NO
CONTACT,6,POSITION,nvarchar,100,0,0,YES,NO,NO
CONTACT,7,SALUTATION,nvarchar,120,0,0,YES,NO,NO
CONTACT,8,HONORIFIC,nvarchar,30,0,0,YES,NO,NO
CONTACT,9,COUNTRY_DIAL_CODE,nvarchar,20,0,0,YES,NO,NO
CONTACT,10,PHONE,nvarchar,40,0,0,YES,NO,NO
CONTACT,11,PHONE_EXT,nvarchar,20,0,0,YES,NO,NO
CONTACT,12,FAX,nvarchar,40,0,0,YES,NO,NO
CONTACT,13,MOBILE,nvarchar,40,0,0,YES,NO,NO
CONTACT,14,EMAIL,nvarchar,100,0,0,YES,NO,NO
CONTACT,15,ADDR_1,nvarchar,100,0,0,YES,NO,NO
CONTACT,16,ADDR_2,nvarchar,100,0,0,YES,NO,NO
CONTACT,17,ADDR_3,nvarchar,100,0,0,YES,NO,NO
CONTACT,18,CITY,nvarchar,60,0,0,YES,NO,NO
CONTACT,19,STATE,nvarchar,20,0,0,YES,NO,NO
CONTACT,20,ZIPCODE,nvarchar,20,0,0,YES,NO,NO
CONTACT,21,COUNTRY,nvarchar,100,0,0,YES,NO,NO
CONTACT,22,WEB_USER_ID,nvarchar,40,0,0,YES,NO,NO
CONTACT,23,WEB_PASSWORD,nvarchar,40,0,0,YES,NO,NO
CONTACT,24,PREFERRED_CONTACT_METHOD,nchar,2,0,0,YES,NO,NO
CONTACT,25,GENDER_CODE,nchar,2,0,0,NO,NO,NO
CONTACT,26,MARITAL_STATUS,nchar,2,0,0,NO,NO,NO
CONTACT,27,BIRTH_DATE,datetime,8,23,3,YES,NO,NO
CONTACT,28,USER_1,nvarchar,160,0,0,YES,NO,NO
CONTACT,29,USER_2,nvarchar,160,0,0,YES,NO,NO
CONTACT,30,USER_3,nvarchar,160,0,0,YES,NO,NO
CONTACT,31,USER_4,nvarchar,160,0,0,YES,NO,NO
CONTACT,32,USER_5,nvarchar,160,0,0,YES,NO,NO
CONTACT,33,USER_6,nvarchar,160,0,0,YES,NO,NO
CONTACT,34,USER_7,nvarchar,160,0,0,YES,NO,NO
CONTACT,35,USER_8,nvarchar,160,0,0,YES,NO,NO
CONTACT,36,USER_9,nvarchar,160,0,0,YES,NO,NO
CONTACT,37,USER_10,nvarchar,160,0,0,YES,NO,NO
CONTACT,38,NO_CALL_PHONE,nchar,2,0,0,NO,NO,NO
CONTACT,39,NO_CALL_MOBILE,nchar,2,0,0,NO,NO,NO
CONTACT,40,NO_EMAIL,nchar,2,0,0,NO,NO,NO
CONTACT,41,URL_TWITTER,nvarchar,510,0,0,YES,NO,NO
CONTACT,42,URL_FACEBOOK,nvarchar,510,0,0,YES,NO,NO
CONTACT,43,URL_MYSPACE,nvarchar,510,0,0,YES,NO,NO
CONTACT,44,URL_LINKEDIN,nvarchar,510,0,0,YES,NO,NO
CONTACT,45,URL_HYVES,nvarchar,510,0,0,YES,NO,NO
CONTACT,46,ACTIVE_FLAG,nchar,2,0,0,YES,NO,NO
CONTACT,47,ROWID,int,4,10,0,NO,YES,NO
CONTACT,48,CONTACT_COUNTRY_ID,nvarchar,30,0,0,YES,NO,NO
CONTACT,49,UDF_LAYOUT_ID,nvarchar,30,0,0,YES,NO,NO
CONTACT_BINARY,1,ROWID,int,4,10,0,NO,YES,NO
CONTACT_BINARY,2,CONTACT_ID,nvarchar,50,0,0,NO,NO,NO
CONTACT_BINARY,3,TYPE,nchar,2,0,0,NO,NO,NO
CONTACT_BINARY,4,BITS,image,16,0,0,YES,NO,NO
CONTACT_BINARY,5,BITS_LENGTH,int,4,10,0,NO,NO,NO
CONTRACT_TYPE,1,ROWID,int,4,10,0,NO,YES,NO
CONTRACT_TYPE,2,CODE,nvarchar,30,0,0,NO,NO,NO
CONTRACT_TYPE,3,DESCRIPTION,nvarchar,160,0,0,YES,NO,NO
CONTRACT_TYPE,4,CONTRACT_CATEGORY,nchar,2,0,0,YES,NO,NO
CONTRACT_TYPE,5,REVENUE_BASIS,nchar,2,0,0,YES,NO,NO
CONTRACT_TYPE,6,BILLING_BASIS,nchar,2,0,0,YES,NO,NO
CONTRACT_TYPE,7,FEE_BASIS,nchar,2,0,0,YES,NO,NO
CONTRACT_TYPE,8,INVOICING_METHOD,nchar,2,0,0,YES,NO,NO
CONTROL_LIMITS,1,ROWID,int,4,10,0,NO,YES,NO
CONTROL_LIMITS,2,TEST_ID,nvarchar,30,0,0,NO,NO,NO
CONTROL_LIMITS,3,STEP_NO,int,4,10,0,NO,NO,NO
CONTROL_LIMITS,4,LIMIT_ID,nvarchar,30,0,0,NO,NO,NO
CONTROL_LIMITS,5,LIMIT_TYPE,nvarchar,8,0,0,NO,NO,NO
CONTROL_LIMITS,6,DESCRIPTION,nvarchar,80,0,0,YES,NO,NO
CONTROL_LIMITS,7,CENTRAL_LINE,decimal,9,14,6,NO,NO,NO
CONTROL_LIMITS,8,LCL,decimal,9,14,6,NO,NO,NO
CONTROL_LIMITS,9,UCL,decimal,9,14,6,NO,NO,NO
CONTROL_LIMITS,10,CREATE_DATE,datetime,8,23,3,NO,NO,NO
CONTROL_LIMITS,11,START_SUBGROUP,smallint,2,5,0,YES,NO,NO
CONTROL_LIMITS,12,END_SUBGROUP,smallint,2,5,0,YES,NO,NO
CONTROL_LIMITS,13,NUM_OF_SUBGRPS,smallint,2,5,0,YES,NO,NO
COR_INBOX_ENTRY,1,C_ID,bigint,8,19,0,NO,YES,NO
COR_INBOX_ENTRY,2,C_XML,varbinary,-1,0,0,NO,NO,NO
COR_INBOX_ENTRY,3,C_TENANT_ID,nvarchar,500,0,0,NO,NO,NO
COR_INBOX_ENTRY,4,C_MESSAGE_PRIORITY,int,4,10,0,NO,NO,NO
COR_INBOX_ENTRY,5,C_CREATED_DATE_TIME,datetime,8,23,3,NO,NO,NO
COR_INBOX_ENTRY,6,C_WAS_PROCESSED,int,4,10,0,NO,NO,NO
COR_INBOX_HEADERS,1,C_ID,bigint,8,19,0,NO,YES,NO
COR_INBOX_HEADERS,2,C_INBOX_ID,bigint,8,19,0,NO,NO,NO
COR_INBOX_HEADERS,3,C_HEADER_KEY,nvarchar,500,0,0,NO,NO,NO
COR_INBOX_HEADERS,4,C_HEADER_VALUE,nvarchar,500,0,0,NO,NO,NO
COR_OUTBOX_ENTRY,1,C_ID,bigint,8,19,0,NO,YES,NO
COR_OUTBOX_ENTRY,2,C_XML,varbinary,-1,0,0,YES,NO,NO
COR_OUTBOX_ENTRY,3,C_TENANT_ID,nvarchar,500,0,0,NO,NO,NO
COR_OUTBOX_ENTRY,4,C_MESSAGE_PRIORITY,int,4,10,0,NO,NO,NO
COR_OUTBOX_ENTRY,5,C_CREATED_DATE_TIME,datetime,8,23,3,NO,NO,NO
COR_OUTBOX_ENTRY,6,C_WAS_PROCESSED,int,4,10,0,NO,NO,NO
COR_OUTBOX_HEADERS,1,C_ID,bigint,8,19,0,NO,YES,NO
COR_OUTBOX_HEADERS,2,C_OUTBOX_ID,bigint,8,19,0,NO,NO,NO
COR_OUTBOX_HEADERS,3,C_HEADER_KEY,nvarchar,500,0,0,NO,NO,NO
COR_OUTBOX_HEADERS,4,C_HEADER_VALUE,nvarchar,500,0,0,NO,NO,NO
COR_PROPERTY,1,C_ID,bigint,8,19,0,NO,YES,NO
COR_PROPERTY,2,C_PROPERTY_NAME,nvarchar,500,0,0,NO,NO,NO
COR_PROPERTY,3,C_PROPERTY_VALUE,nvarchar,500,0,0,NO,NO,NO
COST_CATEGORY,1,ROWID,int,4,10,0,NO,YES,NO
COST_CATEGORY,2,ID,nvarchar,30,0,0,NO,NO,NO
COST_CATEGORY,3,DESCRIPTION,nvarchar,160,0,0,YES,NO,NO
COST_CATEGORY,4,COST_TYPE,nchar,2,0,0,NO,NO,NO
COST_CATEGORY,5,COST_GROUP_ID,nvarchar,30,0,0,YES,NO,NO
COST_CATEGORY,6,SPREAD_TYPE,nchar,2,0,0,YES,NO,NO
COST_CATEGORY,7,BURDEN_APPLY_TYPE,nvarchar,4,0,0,YES,NO,NO
COST_CATEGORY,8,ACTGRP_BURCAT_POOL,nvarchar,30,0,0,YES,NO,NO
COST_CATEGORY,9,ACTGRP_BURCAT_BASE,nvarchar,30,0,0,YES,NO,NO
COST_GROUP,1,ROWID,int,4,10,0,NO,YES,NO
COST_GROUP,2,ID,nvarchar,30,0,0,NO,NO,NO
COST_GROUP,3,DESCRIPTION,nvarchar,160,0,0,YES,NO,NO
COST_GROUP,4,TYPE,nchar,2,0,0,NO,NO,NO
COST_SIMULATION,1,ROWID,int,4,10,0,NO,YES,NO
COST_SIMULATION,2,SIMULATION_ID,nvarchar,30,0,0,NO,NO,NO
COST_SIMULATION,3,PART_ID,nvarchar,60,0,0,NO,NO,NO
COST_SIMULATION,4,WORKORDER_TYPE,nchar,2,0,0,YES,NO,NO
COST_SIMULATION,5,WORKORDER_BASE_ID,nvarchar,60,0,0,YES,NO,NO
COST_SIMULATION,6,WORKORDER_LOT_ID,nvarchar,6,0,0,YES,NO,NO
COST_SIMULATION,7,WORKORDER_SPLIT_ID,nvarchar,6,0,0,YES,NO,NO
COST_SIMULATION,8,WORKORDER_SUB_ID,nvarchar,6,0,0,YES,NO,NO
COST_SIMULATION,9,PRV_MATERIAL_COST,decimal,13,23,8,YES,NO,NO
COST_SIMULATION,10,PRV_LABOR_COST,decimal,13,23,8,YES,NO,NO
COST_SIMULATION,11,PRV_BURDEN_COST,decimal,13,23,8,YES,NO,NO
COST_SIMULATION,12,PRV_SERVICE_COST,decimal,13,23,8,YES,NO,NO
COST_SIMULATION,13,PRV_FIXED_COST,decimal,13,23,8,YES,NO,NO
COST_SIMULATION,14,PRV_UNIT_PRICE,decimal,13,22,8,YES,NO,NO
COST_SIMULATION,15,TOT_PRV_COST,decimal,13,23,8,YES,NO,NO
COST_SIMULATION,16,SIM_MATERIAL_COST,decimal,13,23,8,YES,NO,NO
COST_SIMULATION,17,SIM_LABOR_COST,decimal,13,23,8,YES,NO,NO
COST_SIMULATION,18,SIM_BURDEN_COST,decimal,13,23,8,YES,NO,NO
COST_SIMULATION,19,SIM_SERVICE_COST,decimal,13,23,8,YES,NO,NO
COST_SIMULATION,20,SIM_FIXED_COST,decimal,13,23,8,YES,NO,NO
COST_SIMULATION,21,TOT_SIM_COST,decimal,13,23,8,YES,NO,NO
COST_SIMULATION,22,SIM_UNIT_PRICE,decimal,13,22,8,YES,NO,NO
COST_SIMULATION,23,SIM_UNIT_MKUP_AMT,decimal,13,22,8,YES,NO,NO
COST_SIMULATION,24,SIM_MATERIAL_PCT,decimal,5,5,2,YES,NO,NO
COST_SIMULATION,25,SIM_LABOR_PCT,decimal,5,5,2,YES,NO,NO
COST_SIMULATION,26,SIM_BURDEN_PCT,decimal,5,5,2,YES,NO,NO
COST_SIMULATION,27,SIM_SERVICE_PCT,decimal,5,5,2,YES,NO,NO
COST_SIMULATION,28,SIM_FIXED_PCT,decimal,5,5,2,YES,NO,NO
COST_SIMULATION,29,SIM_UNIT_PCT,decimal,5,5,2,YES,NO,NO
COST_SIMULATION,30,MARKUP_TYPE,nchar,2,0,0,YES,NO,NO
COST_SIMULATION,31,PRV_CREATE_DATE,datetime,8,23,3,YES,NO,NO
COST_SIMULATION,32,SIM_CREATE_DATE,datetime,8,23,3,NO,NO,NO
COST_SIMULATION,33,SIM_UNIT_MKUP_PCT,decimal,5,5,2,YES,NO,NO
COST_SIMULATION,34,PRV_PUR_BUR_PCT,decimal,5,6,3,YES,NO,NO
COST_SIMULATION,35,PRV_PUR_BUR_UNIT,decimal,13,22,8,YES,NO,NO
COST_SIMULATION,36,SIM_PUR_BUR_PCT,decimal,5,6,3,YES,NO,NO
COST_SIMULATION,37,SIM_PUR_BUR_UNIT,decimal,13,22,8,YES,NO,NO
COST_SIMULATION,38,SIM_PUR_BUR_UN_PCT,decimal,5,5,2,YES,NO,NO
COUNTRY,1,ROWID,int,4,10,0,NO,YES,NO
COUNTRY,2,ID,nvarchar,30,0,0,NO,NO,NO
COUNTRY,3,DESCRIPTION,nvarchar,100,0,0,YES,NO,NO
COUNTRY,4,INTRASTAT_REQD,nchar,2,0,0,NO,NO,NO
COUNTRY,5,INTRA_COUNTRY_ID,nvarchar,30,0,0,YES,NO,NO
COUNTRY,6,ESL_COUNTRY_ID,nvarchar,30,0,0,YES,NO,NO
COUNTRY,7,esl_country,nvarchar,2,0,0,NO,NO,NO
CREDIT_MEMO_APPLY,1,ROWID,int,4,10,0,NO,YES,NO
CREDIT_MEMO_APPLY,2,MEMO_VOUCHER_ID,nvarchar,30,0,0,NO,NO,NO
CREDIT_MEMO_APPLY,3,INV_VOUCHER_ID,nvarchar,30,0,0,NO,NO,NO
CREDIT_MEMO_APPLY,4,APPLY_AMOUNT,decimal,13,23,8,NO,NO,NO
CREDIT_MEMO_APPLY,5,apply_date,datetime,8,23,3,YES,NO,NO
CREDIT_MEMO_APPLY,6,INST_NO,smallint,2,5,0,YES,NO,NO
CURR_PRICE_INDEX,1,ROWID,int,4,10,0,NO,YES,NO
CURR_PRICE_INDEX,2,FROM_CURRENCY_ID,nvarchar,30,0,0,NO,NO,NO
CURR_PRICE_INDEX,3,TO_CURRENCY_ID,nvarchar,30,0,0,NO,NO,NO
CURR_PRICE_INDEX,4,EXCHANGE_RATE,decimal,9,15,8,YES,NO,NO
CURRENCY,1,ROWID,int,4,10,0,NO,YES,NO
CURRENCY,2,ID,nvarchar,30,0,0,NO,NO,NO
CURRENCY,3,NAME,nvarchar,80,0,0,YES,NO,NO
CURRENCY,4,SHORT_NAME,nvarchar,20,0,0,YES,NO,NO
CURRENCY,5,COUNTRY_PROFILE,nvarchar,80,0,0,YES,NO,NO
CURRENCY,6,I_CURRENCY,smallint,2,5,0,YES,NO,NO
CURRENCY,7,I_CURR_DIGITS,smallint,2,5,0,YES,NO,NO
CURRENCY,8,I_NEG_CURR,smallint,2,5,0,YES,NO,NO
CURRENCY,9,S_CURRENCY,nvarchar,80,0,0,YES,NO,NO
CURRENCY,10,S_THOUSAND,nchar,2,0,0,YES,NO,NO
CURRENCY,11,EURO_PARTICIPANT,nchar,2,0,0,NO,NO,NO
CURRENCY,12,XCHG_RATE,decimal,9,15,8,YES,NO,NO
CURRENCY,19,ISO_CODE,nvarchar,10,0,0,YES,NO,NO
CURRENCY,20,REPORTING_CURRENCY,nchar,2,0,0,YES,NO,NO
CURRENCY_ENTITY,1,ROWID,int,4,10,0,NO,YES,NO
CURRENCY_ENTITY,2,ENTITY_ID,nvarchar,30,0,0,NO,NO,NO
CURRENCY_ENTITY,3,CURRENCY_ID,nvarchar,30,0,0,NO,NO,NO
CURRENCY_ENTITY,4,TRACKING_CURRENCY,nchar,2,0,0,NO,NO,NO
CURRENCY_ENTITY,5,RND_ACCT_ID,nvarchar,60,0,0,YES,NO,NO
CURRENCY_ENTITY,6,REAL_GN_ACCT_ID,nvarchar,60,0,0,YES,NO,NO
CURRENCY_ENTITY,7,REAL_LS_ACCT_ID,nvarchar,60,0,0,YES,NO,NO
CURRENCY_ENTITY,8,UNREAL_GN_ACCT_ID,nvarchar,60,0,0,YES,NO,NO
CURRENCY_ENTITY,9,UNREAL_LS_ACCT_ID,nvarchar,60,0,0,YES,NO,NO
CURRENCY_EXCHANGE,1,ROWID,int,4,10,0,NO,YES,NO
CURRENCY_EXCHANGE,2,CURRENCY_ID,nvarchar,30,0,0,NO,NO,NO
CURRENCY_EXCHANGE,3,EFFECTIVE_DATE,datetime,8,23,3,NO,NO,NO
CURRENCY_EXCHANGE,4,SELL_RATE,decimal,13,22,8,YES,NO,NO
CURRENCY_EXCHANGE,5,BUY_RATE,decimal,13,22,8,YES,NO,NO
CURRENCY_EXCHANGE,6,ENTITY_ID,nvarchar,30,0,0,NO,NO,NO
CUST_ADDRESS,1,ROWID,int,4,10,0,NO,YES,NO
CUST_ADDRESS,2,CUSTOMER_ID,nvarchar,30,0,0,NO,NO,NO
CUST_ADDRESS,3,ADDR_NO,int,4,10,0,NO,NO,NO
CUST_ADDRESS,4,NAME,nvarchar,100,0,0,YES,NO,NO
CUST_ADDRESS,5,ADDR_1,nvarchar,100,0,0,YES,NO,NO
CUST_ADDRESS,6,ADDR_2,nvarchar,100,0,0,YES,NO,NO
CUST_ADDRESS,7,ADDR_3,nvarchar,100,0,0,YES,NO,NO
CUST_ADDRESS,8,CITY,nvarchar,60,0,0,YES,NO,NO
CUST_ADDRESS,9,STATE,nvarchar,20,0,0,YES,NO,NO
CUST_ADDRESS,10,ZIPCODE,nvarchar,20,0,0,YES,NO,NO
CUST_ADDRESS,11,COUNTRY,nvarchar,100,0,0,YES,NO,NO
CUST_ADDRESS,12,DEF_SLS_TAX_GRP_ID,nvarchar,30,0,0,YES,NO,NO
CUST_ADDRESS,13,TAX_ID_NUMBER,nvarchar,50,0,0,YES,NO,NO
CUST_ADDRESS,14,TAX_EXEMPT,nchar,2,0,0,NO,NO,NO
CUST_ADDRESS,15,SALESREP_ID,nvarchar,30,0,0,YES,NO,NO
CUST_ADDRESS,16,TERRITORY,nvarchar,30,0,0,YES,NO,NO
CUST_ADDRESS,17,SHIP_VIA,nvarchar,80,0,0,YES,NO,NO
CUST_ADDRESS,18,FREE_ON_BOARD,nvarchar,50,0,0,YES,NO,NO
CUST_ADDRESS,19,DISCOUNT_CODE,nvarchar,30,0,0,YES,NO,NO
CUST_ADDRESS,20,ARRIVAL_CODE,nvarchar,50,0,0,YES,NO,NO
CUST_ADDRESS,21,TRANS_CODE,nvarchar,50,0,0,YES,NO,NO
CUST_ADDRESS,22,COUNTRY_ID,nvarchar,30,0,0,YES,NO,NO
CUST_ADDRESS,23,NATURE_OF_TRANS,int,4,10,0,YES,NO,NO
CUST_ADDRESS,24,MODE_OF_TRANSPORT,int,4,10,0,YES,NO,NO
CUST_ADDRESS,25,SIRET_NUMBER,decimal,9,14,0,YES,NO,NO
CUST_ADDRESS,26,SHIPTO_ID,nvarchar,40,0,0,YES,NO,NO
CUST_ADDRESS,27,PRIORITY_CODE,nvarchar,30,0,0,YES,NO,NO
CUST_ADDRESS,28,FILL_RATE_TYPE,nchar,2,0,0,YES,NO,NO
CUST_ADDRESS,29,WAREHOUSE_ID,nvarchar,30,0,0,YES,NO,NO
CUST_ADDRESS,30,COMPLIANCE_LABEL,nchar,2,0,0,YES,NO,NO
CUST_ADDRESS,31,CONSOLIDATE_ORDERS,nchar,2,0,0,YES,NO,NO
CUST_ADDRESS,32,VAT_REGISTRATION,nvarchar,50,0,0,YES,NO,NO
CUST_ADDRESS,33,DEF_LBL_FORMAT_ID,nvarchar,60,0,0,YES,NO,NO
CUST_ADDRESS,34,CARRIER_ID,nvarchar,30,0,0,YES,NO,NO
CUST_ADDRESS,35,ORDER_FILL_RATE,decimal,5,5,2,NO,NO,NO
CUST_ADDRESS,36,language_id,nvarchar,4,0,0,YES,NO,NO
CUST_ADDRESS,37,USER_1,nvarchar,160,0,0,YES,NO,NO
CUST_ADDRESS,38,USER_2,nvarchar,160,0,0,YES,NO,NO
CUST_ADDRESS,39,USER_3,nvarchar,160,0,0,YES,NO,NO
CUST_ADDRESS,40,USER_4,nvarchar,160,0,0,YES,NO,NO
CUST_ADDRESS,41,USER_5,nvarchar,160,0,0,YES,NO,NO
CUST_ADDRESS,42,USER_6,nvarchar,160,0,0,YES,NO,NO
CUST_ADDRESS,43,USER_7,nvarchar,160,0,0,YES,NO,NO
CUST_ADDRESS,44,USER_8,nvarchar,160,0,0,YES,NO,NO
CUST_ADDRESS,45,USER_9,nvarchar,160,0,0,YES,NO,NO
CUST_ADDRESS,46,USER_10,nvarchar,160,0,0,YES,NO,NO
CUST_ADDRESS,47,UDF_LAYOUT_ID,nvarchar,160,0,0,YES,NO,NO
CUST_ADDRESS,48,GENERATE_ASN,nvarchar,2,0,0,YES,NO,NO
CUST_ADDRESS,49,HOLD_TRANSFER_ASN,nvarchar,2,0,0,YES,NO,NO
CUST_ADDRESS,50,CUSTOMS_DOC_PRINT,nvarchar,2,0,0,YES,NO,NO
CUST_ADDRESS,51,SUPPRESS_AR_PRINT,nvarchar,2,0,0,YES,NO,NO
CUST_ADDRESS,52,ACCEPT_830,nvarchar,2,0,0,YES,NO,NO
CUST_ADDRESS,53,ACCEPT_862,nvarchar,2,0,0,YES,NO,NO
CUST_ADDRESS,54,POOL_POINT_ID,nvarchar,40,0,0,YES,NO,NO
CUST_ADDRESS,55,POOL_CODE,nvarchar,40,0,0,YES,NO,NO
CUST_ADDRESS,56,SUPPLIER_ID,nvarchar,40,0,0,YES,NO,NO
CUST_ADDRESS,57,DOCK_CODE_FIELD,nvarchar,40,0,0,YES,NO,NO
CUST_ADDRESS,58,DUTY_BROKERAGE,nvarchar,40,0,0,YES,NO,NO
CUST_ADDRESS,59,MATERIAL_ISSUER,nvarchar,40,0,0,YES,NO,NO
CUST_ADDRESS,60,TRANS_METHOD_CODE,nvarchar,40,0,0,YES,NO,NO
CUST_ADDRESS,61,EQUIPMENT_DESCR,nvarchar,40,0,0,YES,NO,NO
CUST_ADDRESS,62,LADING_CODE,nvarchar,40,0,0,YES,NO,NO
CUST_ADDRESS,63,MODEL_YEAR,nvarchar,40,0,0,YES,NO,NO
CUST_ADDRESS,64,HANDLING_ID,nvarchar,40,0,0,YES,NO,NO
CUST_ADDRESS,65,ALLOW_CHARGE_NO,nvarchar,40,0,0,YES,NO,NO
CUST_ADDRESS,66,NON_RETURN_CODE,nvarchar,40,0,0,YES,NO,NO
CUST_ADDRESS,67,MIXED_CODE,nvarchar,40,0,0,YES,NO,NO
CUST_ADDRESS,68,TRADING_PARTNER,nvarchar,40,0,0,YES,NO,NO
CUST_ADDRESS,69,TRANSIT_TIME,decimal,9,14,4,YES,NO,NO
CUST_ADDRESS,70,INTER_CONSIGNEE,nvarchar,40,0,0,YES,NO,NO
CUST_ADDRESS,71,CONSOL_SHIP_LINE,nchar,2,0,0,YES,NO,NO
CUST_ADDRESS,72,VAT_CODE,nvarchar,30,0,0,YES,NO,NO
CUST_ADDRESS,73,VAT_OVERRIDE_SEQ,nvarchar,2,0,0,YES,NO,NO
CUST_ADDRESS,74,PALLET_DETAILS_REQ,nchar,2,0,0,YES,NO,NO
CUST_ADDRESS,75,MATCH_INV_TO_PACK,nchar,2,0,0,YES,NO,NO
CUST_ADDRESS,76,GENERATE_WSA,nchar,2,0,0,YES,NO,NO
CUST_ADDRESS,77,HOLD_TRANSFER_WSA,nchar,2,0,0,YES,NO,NO
CUST_ADDRESS,78,PRICE_GROUP,nvarchar,30,0,0,YES,NO,NO
CUST_ADDRESS,79,CUST_ADDR_COUNTRY_ID,nvarchar,30,0,0,YES,NO,NO
CUST_ADDRESS,80,ACTIVE_FLAG,nchar,2,0,0,NO,NO,NO
CUST_BOOK_DEL,1,ROWID,int,4,10,0,NO,YES,NO
CUST_BOOK_DEL,2,CUST_ORDER_ID,nvarchar,30,0,0,NO,NO,NO
CUST_BOOK_DEL,3,CUST_ORDER_LINE_NO,smallint,2,5,0,NO,NO,NO
CUST_BOOK_DEL,4,DEL_SCHED_LINE_NO,smallint,2,5,0,NO,NO,NO
CUST_BOOK_DEL,5,BOOK_DATE,datetime,8,23,3,NO,NO,NO
CUST_BOOK_DEL,6,DESIRED_SHIP_DATE,datetime,8,23,3,YES,NO,NO
CUST_BOOK_DEL,7,ACTUAL_SHIP_DATE,datetime,8,23,3,YES,NO,NO
CUST_BOOK_DEL,8,USER_ORDER_QTY,decimal,13,20,8,NO,NO,NO
CUST_BOOK_DEL,9,ORDER_QTY,decimal,13,20,8,NO,NO,NO
CUST_BOOK_DEL,10,USER_SHIPPED_QTY,decimal,13,20,8,YES,NO,NO
CUST_BOOK_DEL,11,SHIPPED_QTY,decimal,13,20,8,YES,NO,NO
CUST_BOOK_DEL,12,SHIPTO_ID,nvarchar,40,0,0,YES,NO,NO
CUST_BOOK_DEL,13,RELEASE_NUMBER,nvarchar,60,0,0,YES,NO,NO
CUST_BOOK_DEL,14,WAREHOUSE_ID,nvarchar,30,0,0,YES,NO,NO
CUST_BOOK_DEL,15,ALLOCATED_QTY,decimal,13,20,8,NO,NO,NO
CUST_BOOK_DEL,16,FULFILLED_QTY,decimal,13,20,8,NO,NO,NO
CUST_BOOK_DEL,17,USER_1,nvarchar,160,0,0,YES,NO,NO
CUST_BOOK_DEL,18,USER_2,nvarchar,160,0,0,YES,NO,NO
CUST_BOOK_DEL,19,USER_3,nvarchar,160,0,0,YES,NO,NO
CUST_BOOK_DEL,20,USER_4,nvarchar,160,0,0,YES,NO,NO
CUST_BOOK_DEL,21,USER_5,nvarchar,160,0,0,YES,NO,NO
CUST_BOOK_DEL,22,USER_6,nvarchar,160,0,0,YES,NO,NO
CUST_BOOK_DEL,23,USER_7,nvarchar,160,0,0,YES,NO,NO
CUST_BOOK_DEL,24,USER_8,nvarchar,160,0,0,YES,NO,NO
CUST_BOOK_DEL,25,USER_9,nvarchar,160,0,0,YES,NO,NO
CUST_BOOK_DEL,26,USER_10,nvarchar,160,0,0,YES,NO,NO
CUST_BOOK_DEL,27,UDF_LAYOUT_ID,nvarchar,30,0,0,YES,NO,NO
CUST_BOOK_DEL,28,REVISION_ID,nvarchar,16,0,0,YES,NO,NO
CUST_BOOK_LINE,1,ROWID,int,4,10,0,NO,YES,NO
CUST_BOOK_LINE,2,CUST_ORDER_ID,nvarchar,30,0,0,NO,NO,NO
CUST_BOOK_LINE,3,CUST_ORDER_LINE_NO,smallint,2,5,0,NO,NO,NO
CUST_BOOK_LINE,4,BOOK_DATE,datetime,8,23,3,NO,NO,NO
CUST_BOOK_LINE,5,PART_ID,nvarchar,60,0,0,YES,NO,NO
CUST_BOOK_LINE,6,ORDER_QTY,decimal,13,20,8,YES,NO,NO
CUST_BOOK_LINE,7,USER_ORDER_QTY,decimal,13,20,8,YES,NO,NO
CUST_BOOK_LINE,8,DESIRED_SHIP_DATE,datetime,8,23,3,YES,NO,NO
CUST_BOOK_LINE,9,TRADE_DISC_PERCENT,decimal,5,6,3,YES,NO,NO
CUST_BOOK_LINE,10,CREATE_DATE,datetime,8,23,3,NO,NO,NO
CUST_BOOK_LINE,11,USER_ID,nvarchar,40,0,0,NO,NO,NO
CUST_BOOK_LINE,12,UNIT_PRICE,decimal,13,22,8,YES,NO,NO
CUST_BOOK_LINE,13,EDI_BLANKET_QTY,decimal,13,20,8,YES,NO,NO
CUST_BOOK_LINE,14,EDI_RELEASE_NO,nvarchar,60,0,0,YES,NO,NO
CUST_BOOK_LINE,15,EDI_ACCUM_SHIP_QTY,decimal,13,20,8,YES,NO,NO
CUST_BOOK_LINE,16,EDI_ACCUM_FAB_QTY,decimal,13,20,8,YES,NO,NO
CUST_BOOK_LINE,17,EDI_ACCUM_RAW_QTY,decimal,13,20,8,YES,NO,NO
CUST_BOOK_LINE,18,EDI_ACCUM_SHIP_ADJ,decimal,13,20,8,YES,NO,NO
CUST_BOOK_LINE,19,EDI_ACCUM_ORD_ADJ,decimal,13,20,8,YES,NO,NO
CUST_BOOK_LINE,20,EDI_LAST_SHIPDATE,datetime,8,23,3,YES,NO,NO
CUST_BOOK_LINE,21,TOTAL_SHIPPED_QTY,decimal,13,20,8,YES,NO,NO
CUST_BOOK_LINE,22,TOTAL_USR_SHIP_QTY,decimal,13,20,8,YES,NO,NO
CUST_BOOK_LINE,23,ACTUAL_SHIP_DATE,datetime,8,23,3,YES,NO,NO
CUST_BOOK_LINE,24,REVISION_ID,nvarchar,16,0,0,YES,NO,NO
CUST_BOOK_LINE,25,SITE_ID,nvarchar,30,0,0,NO,NO,NO
CUST_CONT_EML_DOC,1,ROWID,int,4,10,0,NO,YES,NO
CUST_CONT_EML_DOC,2,CUSTOMER_ID,nvarchar,30,0,0,NO,NO,NO
CUST_CONT_EML_DOC,3,CONTACT_NO,smallint,2,5,0,NO,NO,NO
CUST_CONT_EML_DOC,4,DOCUMENT_TYPE,nvarchar,6,0,0,NO,NO,NO
CUST_CONT_EML_DOC,5,CONTACT_ID,nvarchar,50,0,0,YES,NO,NO
CUST_CONT_EML_DOC,6,SITE_ID,nvarchar,30,0,0,YES,NO,NO
CUST_CONT_EML_DOC,7,CONTACT_EMAIL,nvarchar,100,0,0,YES,NO,NO
CUST_CONTACT,1,CUSTOMER_ID,nvarchar,30,0,0,NO,NO,NO
CUST_CONTACT,2,CONTACT_NO,smallint,2,5,0,YES,NO,NO
CUST_CONTACT,3,CONTACT_ID,nvarchar,50,0,0,NO,NO,NO
CUST_CONTACT,4,PRIMARY_CONTACT,nchar,2,0,0,NO,NO,NO
CUST_CONTACT,5,ROWID,int,4,10,0,NO,YES,NO
CUST_GROUP_RELATION,1,ROWID,int,4,10,0,NO,YES,NO
CUST_GROUP_RELATION,2,GROUP_ID,nvarchar,30,0,0,NO,NO,NO
CUST_GROUP_RELATION,3,CUSTOMER_ID,nvarchar,30,0,0,NO,NO,NO
CUST_LINE_BILLING,1,ROWID,int,4,10,0,NO,YES,NO
CUST_LINE_BILLING,2,CUST_ORDER_ID,nvarchar,30,0,0,NO,NO,NO
CUST_LINE_BILLING,3,CUST_ORDER_LINE_NO,smallint,2,5,0,NO,NO,NO
CUST_LINE_BILLING,4,DESCRIPTION,nvarchar,160,0,0,YES,NO,NO
CUST_LINE_BILLING,5,EVENT_SEQ_NO,smallint,2,5,0,NO,NO,NO
CUST_LINE_BILLING,6,BILL_AMOUNT,decimal,13,23,8,YES,NO,NO
CUST_LINE_BILLING,7,BILL_PERCENT,decimal,5,6,3,YES,NO,NO
CUST_LINE_BILLING,8,REV_AMOUNT,decimal,13,23,8,YES,NO,NO
CUST_LINE_BILLING,9,REV_PERCENT,decimal,5,6,3,YES,NO,NO
CUST_LINE_BILLING,10,MILESTONE_ID,nvarchar,30,0,0,YES,NO,NO
CUST_LINE_BILLING,11,EVENT_DATE,datetime,8,23,3,YES,NO,NO
CUST_LINE_BILLING,12,TRIGGERED_FLAG,nchar,2,0,0,YES,NO,NO
CUST_LINE_BILLING,13,TRIGGERED_DATE,datetime,8,23,3,YES,NO,NO
CUST_LINE_BILLING,14,CREATE_DATE,datetime,8,23,3,NO,NO,NO
CUST_LINE_BILLING,15,USER_ID,nvarchar,40,0,0,NO,NO,NO
CUST_LINE_BILLING,16,REV_GL_ACCT_ID,nvarchar,60,0,0,YES,NO,NO
CUST_LINE_BILLING,17,INVOICE_ID,nvarchar,30,0,0,YES,NO,NO
CUST_LINE_BILLING,18,BILLING_BASIS,nchar,2,0,0,YES,NO,NO
CUST_LINE_BILLING,19,REVENUE_STATUS,nchar,2,0,0,YES,NO,NO
CUST_LINE_BILLING,20,DOC_FILE_PATH,nvarchar,510,0,0,YES,NO,NO
CUST_LINE_BILLING,21,DOCUMENT_ID,nvarchar,256,0,0,YES,NO,NO
CUST_LINE_BILLING,22,DISTRIBUTED_DATE,datetime,8,23,3,YES,NO,NO
CUST_LINE_BILLING,23,DOC_TOTAL_AMOUNT,decimal,13,23,8,YES,NO,NO
CUST_LINE_BINARY,1,ROWID,int,4,10,0,NO,YES,NO
CUST_LINE_BINARY,2,CUST_ORDER_ID,nvarchar,30,0,0,NO,NO,NO
CUST_LINE_BINARY,3,CUST_ORDER_LINE_NO,smallint,2,5,0,NO,NO,NO
CUST_LINE_BINARY,4,TYPE,nchar,2,0,0,NO,NO,NO
CUST_LINE_BINARY,5,BITS,image,16,0,0,YES,NO,NO
CUST_LINE_BINARY,6,BITS_LENGTH,int,4,10,0,NO,NO,NO
CUST_LINE_DEL,1,ROWID,int,4,10,0,NO,YES,NO
CUST_LINE_DEL,2,CUST_ORDER_ID,nvarchar,30,0,0,NO,NO,NO
CUST_LINE_DEL,3,CUST_ORDER_LINE_NO,smallint,2,5,0,NO,NO,NO
CUST_LINE_DEL,4,DEL_SCHED_LINE_NO,smallint,2,5,0,NO,NO,NO
CUST_LINE_DEL,5,DESIRED_SHIP_DATE,datetime,8,23,3,YES,NO,NO
CUST_LINE_DEL,6,ACTUAL_SHIP_DATE,datetime,8,23,3,YES,NO,NO
CUST_LINE_DEL,7,USER_ORDER_QTY,decimal,13,20,8,NO,NO,NO
CUST_LINE_DEL,8,ORDER_QTY,decimal,13,20,8,NO,NO,NO
CUST_LINE_DEL,9,USER_SHIPPED_QTY,decimal,13,20,8,YES,NO,NO
CUST_LINE_DEL,10,SHIPPED_QTY,decimal,13,20,8,YES,NO,NO
CUST_LINE_DEL,11,SHIPTO_ID,nvarchar,40,0,0,YES,NO,NO
CUST_LINE_DEL,12,RELEASE_NUMBER,nvarchar,60,0,0,YES,NO,NO
CUST_LINE_DEL,13,WAREHOUSE_ID,nvarchar,30,0,0,YES,NO,NO
CUST_LINE_DEL,14,SEND_ACK,nchar,2,0,0,YES,NO,NO
CUST_LINE_DEL,15,ALLOCATED_QTY,decimal,13,20,8,NO,NO,NO
CUST_LINE_DEL,16,FULFILLED_QTY,decimal,13,20,8,NO,NO,NO
CUST_LINE_DEL,17,SALES_TAX_GROUP_ID,nvarchar,30,0,0,YES,NO,NO
CUST_LINE_DEL,18,USER_1,nvarchar,160,0,0,YES,NO,NO
CUST_LINE_DEL,19,USER_2,nvarchar,160,0,0,YES,NO,NO
CUST_LINE_DEL,20,USER_3,nvarchar,160,0,0,YES,NO,NO
CUST_LINE_DEL,21,USER_4,nvarchar,160,0,0,YES,NO,NO
CUST_LINE_DEL,22,USER_5,nvarchar,160,0,0,YES,NO,NO
CUST_LINE_DEL,23,USER_6,nvarchar,160,0,0,YES,NO,NO
CUST_LINE_DEL,24,USER_7,nvarchar,160,0,0,YES,NO,NO
CUST_LINE_DEL,25,USER_8,nvarchar,160,0,0,YES,NO,NO
CUST_LINE_DEL,26,USER_9,nvarchar,160,0,0,YES,NO,NO
CUST_LINE_DEL,27,USER_10,nvarchar,160,0,0,YES,NO,NO
CUST_LINE_DEL,28,UDF_LAYOUT_ID,nvarchar,30,0,0,YES,NO,NO
CUST_LINE_DEL,29,MARKED_FOR,nvarchar,500,0,0,YES,NO,NO
CUST_LINE_DEL,30,BACKORDER_FLAG,nchar,2,0,0,YES,NO,NO
CUST_LINE_DEL,31,LINE_STATUS,nchar,2,0,0,NO,NO,NO
CUST_LINE_DEL,32,MARK_FOR_ID,nvarchar,40,0,0,YES,NO,NO
CUST_LINE_DEL,33,DISPATCHED,nchar,2,0,0,YES,NO,NO
CUST_LINE_DEL,34,CARRIER_ID,nvarchar,30,0,0,YES,NO,NO
CUST_LINE_DEL,35,STATUS_EFF_DATE,datetime,8,23,3,NO,NO,NO
CUST_LINE_DEL,36,PIECE_COUNT,decimal,13,20,8,YES,NO,NO
CUST_LINE_TRC_CTL,1,ROWID,int,4,10,0,NO,YES,NO
CUST_LINE_TRC_CTL,2,CUST_ORDER_ID,nvarchar,30,0,0,NO,NO,NO
CUST_LINE_TRC_CTL,3,CUST_ORDER_LINE_NO,int,4,10,0,NO,NO,NO
CUST_LINE_TRC_CTL,4,SERIAL_ID_CTL,nvarchar,340,0,0,YES,NO,NO
CUST_LINE_TRC_CTL,5,LOT_ID_CTL,nvarchar,340,0,0,YES,NO,NO
CUST_LINE_TRC_CTL,6,APROPERTY_1_CTL,nvarchar,340,0,0,YES,NO,NO
CUST_LINE_TRC_CTL,7,APROPERTY_2_CTL,nvarchar,340,0,0,YES,NO,NO
CUST_LINE_TRC_CTL,8,APROPERTY_3_CTL,nvarchar,340,0,0,YES,NO,NO
CUST_LINE_TRC_CTL,9,APROPERTY_4_CTL,nvarchar,340,0,0,YES,NO,NO
CUST_LINE_TRC_CTL,10,APROPERTY_5_CTL,nvarchar,340,0,0,YES,NO,NO
CUST_LINE_TRC_CTL,11,NPROPERTY_1_CTL,nvarchar,80,0,0,YES,NO,NO
CUST_LINE_TRC_CTL,12,NPROPERTY_2_CTL,nvarchar,80,0,0,YES,NO,NO
CUST_LINE_TRC_CTL,13,NPROPERTY_3_CTL,nvarchar,80,0,0,YES,NO,NO
CUST_LINE_TRC_CTL,14,NPROPERTY_4_CTL,nvarchar,80,0,0,YES,NO,NO
CUST_LINE_TRC_CTL,15,NPROPERTY_5_CTL,nvarchar,80,0,0,YES,NO,NO
CUST_LINE_TRC_CTL,16,EXPIRE_DATE_CTL,nvarchar,100,0,0,YES,NO,NO
CUST_LINE_TRC_CTL,17,PROD_DATE_CTL,nvarchar,100,0,0,YES,NO,NO
CUST_LINE_TRC_CTL,18,REC_BY_DATE_CTL,nvarchar,100,0,0,YES,NO,NO
CUST_LINE_TRC_CTL,19,AVAILABLE_DATE_CTL,nvarchar,100,0,0,YES,NO,NO
CUST_LINE_TRC_CTL,20,SHIP_BY_DATE_CTL,nvarchar,100,0,0,YES,NO,NO
CUST_ORD_PRICING_BIN,1,ROWID,int,4,10,0,NO,YES,NO
CUST_ORD_PRICING_BIN,2,CUST_ORDER_ID,nvarchar,30,0,0,NO,NO,NO
CUST_ORD_PRICING_BIN,3,TYPE,nchar,2,0,0,NO,NO,NO
CUST_ORD_PRICING_BIN,4,BITS,image,16,0,0,YES,NO,NO
CUST_ORD_PRICING_BIN,5,BITS_LENGTH,int,4,10,0,NO,NO,NO
CUST_ORD_TYPE_SYNC,1,ROWID,int,4,10,0,NO,YES,NO
CUST_ORD_TYPE_SYNC,2,EVENT_ID,int,4,10,0,NO,NO,NO
CUST_ORD_TYPE_SYNC,3,TYPE,nchar,2,0,0,NO,NO,NO
CUST_ORD_TYPE_SYNC,4,CREATE_DATE,datetime,8,23,3,NO,NO,NO
CUST_ORD_TYPE_SYNC,5,CUST_ORDER_TYPE,nvarchar,40,0,0,NO,NO,NO
CUST_ORD_TYPE_SYNC,6,EXCEPTION,nchar,2,0,0,NO,NO,NO
CUST_ORD_TYPE_SYNC,7,SUBSCRIPTIONS,int,4,10,0,NO,NO,NO
CUST_ORDER_ALLOC,1,ROWID,int,4,10,0,NO,YES,NO
CUST_ORDER_ALLOC,2,SITE_ID,nvarchar,30,0,0,NO,NO,NO
CUST_ORDER_ALLOC,3,SCHEDULE_ID,nvarchar,30,0,0,YES,NO,NO
CUST_ORDER_ALLOC,4,CUST_ID,nvarchar,30,0,0,NO,NO,NO
CUST_ORDER_ALLOC,5,CUST_NAME,nvarchar,510,0,0,YES,NO,NO
CUST_ORDER_ALLOC,6,DEMAND_KEY,nvarchar,200,0,0,YES,NO,NO
CUST_ORDER_ALLOC,7,DEMAND_TYPE,nvarchar,30,0,0,NO,NO,NO
CUST_ORDER_ALLOC,8,ORDER_ID,nvarchar,30,0,0,NO,NO,NO
CUST_ORDER_ALLOC,9,ORDER_LINE_NO,int,4,10,0,NO,NO,NO
CUST_ORDER_ALLOC,10,ORDER_DEL_NO,int,4,10,0,NO,NO,NO
CUST_ORDER_ALLOC,11,WANT_DATE,datetime,8,23,3,NO,NO,NO
CUST_ORDER_ALLOC,12,ORDER_QTY,decimal,13,20,8,NO,NO,NO
CUST_ORDER_ALLOC,13,SHIPPED_QTY,decimal,13,20,8,NO,NO,NO
CUST_ORDER_ALLOC,14,SUPPLY_KEY,nvarchar,200,0,0,YES,NO,NO
CUST_ORDER_ALLOC,15,SUPPLY_TYPE,nvarchar,30,0,0,NO,NO,NO
CUST_ORDER_ALLOC,16,BASE_ID,nvarchar,60,0,0,NO,NO,NO
CUST_ORDER_ALLOC,17,LOT_ID,nvarchar,6,0,0,NO,NO,NO
CUST_ORDER_ALLOC,18,SPLIT_ID,nvarchar,6,0,0,NO,NO,NO
CUST_ORDER_ALLOC,19,PURC_LINE_NO,int,4,10,0,NO,NO,NO
CUST_ORDER_ALLOC,20,PURC_DEL_NO,int,4,10,0,NO,NO,NO
CUST_ORDER_ALLOC,21,FINISH_DATE,datetime,8,23,3,NO,NO,NO
CUST_ORDER_ALLOC,22,DESIRED_QTY,decimal,13,20,8,NO,NO,NO
CUST_ORDER_ALLOC,23,RECEIVED_QTY,decimal,13,20,8,NO,NO,NO
CUST_ORDER_ALLOC,24,PART_ID,nvarchar,60,0,0,NO,NO,NO
CUST_ORDER_ALLOC,25,PART_DESCRIPTION,nvarchar,510,0,0,YES,NO,NO
CUST_ORDER_ALLOC,26,UNIT_PRICE,decimal,13,22,8,NO,NO,NO
CUST_ORDER_ALLOC,27,MATERIAL_COST,decimal,13,23,8,NO,NO,NO
CUST_ORDER_ALLOC,28,SERVICE_COST,decimal,13,23,8,NO,NO,NO
CUST_ORDER_ALLOC,29,ALLOCATED_QTY,decimal,13,20,8,NO,NO,NO
CUST_ORDER_ALLOC,30,THROUGHPUT_DATE,datetime,8,23,3,NO,NO,NO
CUST_ORDER_ALLOC,31,VALUE_LATE,decimal,13,20,2,NO,NO,NO
CUST_ORDER_ALLOC,32,DAYS_LATE,decimal,13,20,2,NO,NO,NO
CUST_ORDER_ALLOC,33,OPP_LOST,decimal,13,20,2,NO,NO,NO
CUST_ORDER_BINARY,1,ROWID,int,4,10,0,NO,YES,NO
CUST_ORDER_BINARY,2,CUST_ORDER_ID,nvarchar,30,0,0,NO,NO,NO
CUST_ORDER_BINARY,3,TYPE,nchar,2,0,0,NO,NO,NO
CUST_ORDER_BINARY,4,BITS,image,16,0,0,YES,NO,NO
CUST_ORDER_BINARY,5,BITS_LENGTH,int,4,10,0,NO,NO,NO
CUST_ORDER_CURR,1,ROWID,int,4,10,0,NO,YES,NO
CUST_ORDER_CURR,2,CUST_ORDER_ID,nvarchar,30,0,0,NO,NO,NO
CUST_ORDER_CURR,3,CURRENCY_ID,nvarchar,30,0,0,NO,NO,NO
CUST_ORDER_CURR,4,AMOUNT,decimal,13,23,8,NO,NO,NO
CUST_ORDER_CURR,5,SELL_RATE,decimal,9,15,8,NO,NO,NO
CUST_ORDER_CURR,6,BUY_RATE,decimal,9,15,8,NO,NO,NO
CUST_ORDER_LINE,1,ROWID,int,4,10,0,NO,YES,NO
CUST_ORDER_LINE,2,CUST_ORDER_ID,nvarchar,30,0,0,NO,NO,NO
CUST_ORDER_LINE,3,LINE_NO,smallint,2,5,0,NO,NO,NO
CUST_ORDER_LINE,4,PART_ID,nvarchar,60,0,0,YES,NO,NO
CUST_ORDER_LINE,5,CUSTOMER_PART_ID,nvarchar,60,0,0,YES,NO,NO
CUST_ORDER_LINE,6,LINE_STATUS,nchar,2,0,0,NO,NO,NO
CUST_ORDER_LINE,7,ORDER_QTY,decimal,13,20,8,NO,NO,NO
CUST_ORDER_LINE,8,USER_ORDER_QTY,decimal,13,20,8,NO,NO,NO
CUST_ORDER_LINE,9,SELLING_UM,nvarchar,30,0,0,YES,NO,NO
CUST_ORDER_LINE,10,DESIRED_SHIP_DATE,datetime,8,23,3,YES,NO,NO
CUST_ORDER_LINE,11,UNIT_PRICE,decimal,13,22,8,NO,NO,NO
CUST_ORDER_LINE,12,TRADE_DISC_PERCENT,decimal,5,6,3,NO,NO,NO
CUST_ORDER_LINE,13,EST_FREIGHT,decimal,13,23,8,NO,NO,NO
CUST_ORDER_LINE,14,COMMISSION_PCT,decimal,5,6,3,YES,NO,NO
CUST_ORDER_LINE,15,SALES_TAX_GROUP_ID,nvarchar,30,0,0,YES,NO,NO
CUST_ORDER_LINE,16,MISC_REFERENCE,nvarchar,240,0,0,YES,NO,NO
CUST_ORDER_LINE,17,PRODUCT_CODE,nvarchar,30,0,0,YES,NO,NO
CUST_ORDER_LINE,18,COMMODITY_CODE,nvarchar,30,0,0,YES,NO,NO
CUST_ORDER_LINE,19,DRAWING_ID,nvarchar,60,0,0,YES,NO,NO
CUST_ORDER_LINE,20,DRAWING_REV_NO,nvarchar,16,0,0,YES,NO,NO
CUST_ORDER_LINE,21,GL_REVENUE_ACCT_ID,nvarchar,60,0,0,YES,NO,NO
CUST_ORDER_LINE,22,MAT_GL_ACCT_ID,nvarchar,60,0,0,YES,NO,NO
CUST_ORDER_LINE,23,LAB_GL_ACCT_ID,nvarchar,60,0,0,YES,NO,NO
CUST_ORDER_LINE,24,BUR_GL_ACCT_ID,nvarchar,60,0,0,YES,NO,NO
CUST_ORDER_LINE,25,SER_GL_ACCT_ID,nvarchar,60,0,0,YES,NO,NO
CUST_ORDER_LINE,26,LAST_SHIPPED_DATE,datetime,8,23,3,YES,NO,NO
CUST_ORDER_LINE,27,TOTAL_ACT_FREIGHT,decimal,13,23,8,NO,NO,NO
CUST_ORDER_LINE,28,TOTAL_SHIPPED_QTY,decimal,13,20,8,NO,NO,NO
CUST_ORDER_LINE,29,TOTAL_USR_SHIP_QTY,decimal,13,20,8,NO,NO,NO
CUST_ORDER_LINE,30,TOTAL_AMT_SHIPPED,decimal,13,23,8,NO,NO,NO
CUST_ORDER_LINE,31,TOTAL_AMT_ORDERED,decimal,13,23,8,NO,NO,NO
CUST_ORDER_LINE,32,PROMISE_DATE,datetime,8,23,3,YES,NO,NO
CUST_ORDER_LINE,33,SERVICE_CHARGE_ID,nvarchar,30,0,0,YES,NO,NO
CUST_ORDER_LINE,34,PIECE_COUNT,decimal,13,20,8,YES,NO,NO
CUST_ORDER_LINE,35,LENGTH,decimal,9,14,4,YES,NO,NO
CUST_ORDER_LINE,36,WIDTH,decimal,9,14,4,YES,NO,NO
CUST_ORDER_LINE,37,HEIGHT,decimal,9,14,4,YES,NO,NO
CUST_ORDER_LINE,38,DIMENSIONS_UM,nvarchar,30,0,0,YES,NO,NO
CUST_ORDER_LINE,39,VAT_CODE,nvarchar,30,0,0,YES,NO,NO
CUST_ORDER_LINE,40,EDI_BLANKET_QTY,decimal,13,20,8,YES,NO,NO
CUST_ORDER_LINE,41,EDI_BLANKET_USRQTY,decimal,13,20,8,YES,NO,NO
CUST_ORDER_LINE,42,EDI_ACCUM_QTY_REL,decimal,13,20,8,YES,NO,NO
CUST_ORDER_LINE,43,EDI_ACCUM_USR_REL,decimal,13,20,8,YES,NO,NO
CUST_ORDER_LINE,44,EDI_ACCUM_QTY_REC,decimal,13,20,8,YES,NO,NO
CUST_ORDER_LINE,45,EDI_ACCUM_USR_REC,decimal,13,20,8,YES,NO,NO
CUST_ORDER_LINE,46,EDI_LAST_REC_DATE,datetime,8,23,3,YES,NO,NO
CUST_ORDER_LINE,47,EDI_RELEASE_NO,nvarchar,60,0,0,YES,NO,NO
CUST_ORDER_LINE,48,EDI_RELEASE_DATE,datetime,8,23,3,YES,NO,NO
CUST_ORDER_LINE,49,EDI_QTY_RELEASED,decimal,13,20,8,YES,NO,NO
CUST_ORDER_LINE,50,EDI_USR_QTY_REL,decimal,13,20,8,YES,NO,NO
CUST_ORDER_LINE,51,EDI_REQ_REL_DATE,datetime,8,23,3,YES,NO,NO
CUST_ORDER_LINE,52,SHIPTO_ID,nvarchar,40,0,0,YES,NO,NO
CUST_ORDER_LINE,53,WAREHOUSE_ID,nvarchar,30,0,0,YES,NO,NO
CUST_ORDER_LINE,54,WIP_VAS_UNIT_PRICE,decimal,13,22,8,NO,NO,NO
CUST_ORDER_LINE,55,TYPE,nchar,30,0,0,YES,NO,NO
CUST_ORDER_LINE,56,ALLOCATED_QTY,decimal,13,20,8,NO,NO,NO
CUST_ORDER_LINE,57,FULFILLED_QTY,decimal,13,20,8,NO,NO,NO
CUST_ORDER_LINE,58,ACCEPT_EARLY,nchar,2,0,0,YES,NO,NO
CUST_ORDER_LINE,59,DAYS_EARLY,smallint,2,5,0,YES,NO,NO
CUST_ORDER_LINE,60,ORDER_TYPE,nvarchar,40,0,0,YES,NO,NO
CUST_ORDER_LINE,61,HTS_CODE,nvarchar,40,0,0,YES,NO,NO
CUST_ORDER_LINE,62,ORIG_COUNTRY_ID,nvarchar,100,0,0,YES,NO,NO
CUST_ORDER_LINE,63,EDI_ACCUM_FAB_QTY,decimal,13,20,8,YES,NO,NO
CUST_ORDER_LINE,64,EDI_ACCUM_RAW_QTY,decimal,13,20,8,YES,NO,NO
CUST_ORDER_LINE,65,ACK_ID,nvarchar,30,0,0,YES,NO,NO
CUST_ORDER_LINE,66,EDI_LAST_SHIPDATE,datetime,8,23,3,YES,NO,NO
CUST_ORDER_LINE,67,EDI_ACCUM_SHIP_QTY,decimal,13,20,8,YES,NO,NO
CUST_ORDER_LINE,68,EDI_ACCUM_SHIP_ADJ,decimal,13,20,8,YES,NO,NO
CUST_ORDER_LINE,69,USER_1,nvarchar,160,0,0,YES,NO,NO
CUST_ORDER_LINE,70,USER_2,nvarchar,160,0,0,YES,NO,NO
CUST_ORDER_LINE,71,USER_3,nvarchar,160,0,0,YES,NO,NO
CUST_ORDER_LINE,72,USER_4,nvarchar,160,0,0,YES,NO,NO
CUST_ORDER_LINE,73,USER_5,nvarchar,160,0,0,YES,NO,NO
CUST_ORDER_LINE,74,USER_6,nvarchar,160,0,0,YES,NO,NO
CUST_ORDER_LINE,75,USER_7,nvarchar,160,0,0,YES,NO,NO
CUST_ORDER_LINE,76,USER_8,nvarchar,160,0,0,YES,NO,NO
CUST_ORDER_LINE,77,USER_9,nvarchar,160,0,0,YES,NO,NO
CUST_ORDER_LINE,78,USER_10,nvarchar,160,0,0,YES,NO,NO
CUST_ORDER_LINE,79,UDF_LAYOUT_ID,nvarchar,30,0,0,YES,NO,NO
CUST_ORDER_LINE,80,SEND_ACK,nchar,2,0,0,YES,NO,NO
CUST_ORDER_LINE,81,vat_category,nvarchar,30,0,0,YES,NO,NO
CUST_ORDER_LINE,82,ITA_SPECIAL_CHARGE,nvarchar,2,0,0,YES,NO,NO
CUST_ORDER_LINE,83,WBS_CODE,nvarchar,60,0,0,YES,NO,NO
CUST_ORDER_LINE,84,WBS_CLIN,nvarchar,30,0,0,YES,NO,NO
CUST_ORDER_LINE,85,PROJECT_ID,nvarchar,30,0,0,YES,NO,NO
CUST_ORDER_LINE,86,WBS_CONTRACT_TYPE,nvarchar,30,0,0,YES,NO,NO
CUST_ORDER_LINE,87,EC_ID,nvarchar,30,0,0,YES,NO,NO
CUST_ORDER_LINE,88,MOD_NUMBER,int,4,10,0,YES,NO,NO
CUST_ORDER_LINE,89,MARKED_FOR,nvarchar,500,0,0,YES,NO,NO
CUST_ORDER_LINE,90,BACKORDER_FLAG,nchar,2,0,0,YES,NO,NO
CUST_ORDER_LINE,91,PROJ_REF_SEQ_NO,smallint,2,5,0,YES,NO,NO
CUST_ORDER_LINE,92,PROJ_REF_SUB_ID,nvarchar,6,0,0,YES,NO,NO
CUST_ORDER_LINE,93,OWNER_ID,nvarchar,30,0,0,YES,NO,NO
CUST_ORDER_LINE,94,TRACE_QTY,decimal,13,20,8,YES,NO,NO
CUST_ORDER_LINE,95,QA_QTY,decimal,13,20,8,YES,NO,NO
CUST_ORDER_LINE,96,MARK_FOR_ID,nvarchar,40,0,0,YES,NO,NO
CUST_ORDER_LINE,97,WSA_REF_NO_1,nvarchar,60,0,0,YES,NO,NO
CUST_ORDER_LINE,98,WSA_REF_NO_2,nvarchar,60,0,0,YES,NO,NO
CUST_ORDER_LINE,99,SHIP_ORDER_STATUS,nvarchar,4,0,0,YES,NO,NO
CUST_ORDER_LINE,100,LINE_ITEM_CHG_RSN,nvarchar,4,0,0,YES,NO,NO
CUST_ORDER_LINE,101,DD250_REQUIRED,nchar,2,0,0,YES,NO,NO
CUST_ORDER_LINE,102,BILLING_BASIS,nchar,2,0,0,YES,NO,NO
CUST_ORDER_LINE,103,FUNDED_VALUE,decimal,13,23,8,YES,NO,NO
CUST_ORDER_LINE,104,DC_CLASS_ID,nchar,2,0,0,YES,NO,NO
CUST_ORDER_LINE,105,DISPATCHED,nchar,2,0,0,YES,NO,NO
CUST_ORDER_LINE,106,TRANS_CATEGORY_ID,nvarchar,30,0,0,YES,NO,NO
CUST_ORDER_LINE,107,ORIG_STAGE_REVISION_ID,nvarchar,48,0,0,YES,NO,NO
CUST_ORDER_LINE,108,STATUS_EFF_DATE,datetime,8,23,3,NO,NO,NO
CUST_ORDER_LINE,109,PROMISE_DEL_DATE,datetime,8,23,3,YES,NO,NO
CUST_ORDER_LINE,110,PRICE_NOTE,nvarchar,510,0,0,YES,NO,NO
CUST_ORDER_LINE,111,DISCOUNT_NOTE,nvarchar,510,0,0,YES,NO,NO
CUST_ORDER_LINE,112,FREIGHT_NOTE,nvarchar,510,0,0,YES,NO,NO
CUST_ORDER_LINE,113,COMMISSION_NOTE,nvarchar,510,0,0,YES,NO,NO
CUST_ORDER_LINE,114,SITE_ID,nvarchar,30,0,0,NO,NO,NO
CUST_ORDER_LINE,115,ENTERED_BY,nvarchar,40,0,0,YES,NO,NO
CUST_ORDER_LINE,116,EMAIL_NOTIFICATION,nchar,2,0,0,NO,NO,NO
CUST_ORDER_LINE,117,PRICE_GROUP_ID,nvarchar,30,0,0,YES,NO,NO
CUST_ORDER_LINE,118,POSTING_CANDIDATE,nchar,2,0,0,NO,NO,NO
CUST_ORDER_SHARE,1,ROWID,int,4,10,0,NO,YES,NO
CUST_ORDER_SHARE,2,CUST_ORDER_ID,nvarchar,30,0,0,NO,NO,NO
CUST_ORDER_SHARE,3,SHARE_SALESREP_ID,nvarchar,30,0,0,NO,NO,NO
CUST_ORDER_SHARE,4,SHARE_PERCENT,decimal,5,6,3,YES,NO,NO
CUST_ORDER_SYNC,1,ROWID,int,4,10,0,NO,YES,NO
CUST_ORDER_SYNC,2,EVENT_ID,int,4,10,0,NO,NO,NO
CUST_ORDER_SYNC,3,TYPE,nchar,2,0,0,NO,NO,NO
CUST_ORDER_SYNC,4,CREATE_DATE,datetime,8,23,3,NO,NO,NO
CUST_ORDER_SYNC,5,CUST_ORDER_ID,nvarchar,30,0,0,NO,NO,NO
CUST_ORDER_SYNC,6,EXCEPTION,nchar,2,0,0,NO,NO,NO
CUST_ORDER_SYNC,7,SUBSCRIPTIONS,int,4,10,0,NO,NO,NO
CUST_ORDER_TYPE,1,ROWID,int,4,10,0,NO,YES,NO
CUST_ORDER_TYPE,2,TYPE,nvarchar,40,0,0,NO,NO,NO
CUST_ORDER_TYPE,3,DESCRIPTION,nvarchar,80,0,0,YES,NO,NO
CUST_ORDL_WIP_VAS,1,ROWID,int,4,10,0,NO,YES,NO
CUST_ORDL_WIP_VAS,2,CUST_ORDER_ID,nvarchar,30,0,0,NO,NO,NO
CUST_ORDL_WIP_VAS,3,CUST_ORDER_LINE_NO,smallint,2,5,0,NO,NO,NO
CUST_ORDL_WIP_VAS,4,WIP_VAS_ID,nvarchar,30,0,0,NO,NO,NO
CUST_ORDL_WIP_VAS,5,WIP_VAS_UNIT_PRICE,decimal,13,22,8,NO,NO,NO
CUST_ORDL_WIP_VAS,6,LONG_DESCRIPTION,image,16,0,0,YES,NO,NO
CUST_PRICE_EFFECT,1,ROWID,int,4,10,0,NO,YES,NO
CUST_PRICE_EFFECT,2,CUSTOMER_ID,nvarchar,30,0,0,NO,NO,NO
CUST_PRICE_EFFECT,3,PART_ID,nvarchar,60,0,0,NO,NO,NO
CUST_PRICE_EFFECT,4,SELLING_UM,nvarchar,30,0,0,NO,NO,NO
CUST_PRICE_EFFECT,5,CREATE_DATE,datetime,8,23,3,NO,NO,NO
CUST_PRICE_EFFECT,6,EFFECTIVE_DATE,datetime,8,23,3,YES,NO,NO
CUST_PRICE_EFFECT,7,DISCONTINUE_DATE,datetime,8,23,3,YES,NO,NO
CUST_PRICE_EFFECT,8,CUSTOMER_PART_ID,nvarchar,60,0,0,YES,NO,NO
CUST_PRICE_EFFECT,9,QTY_BREAK_1,decimal,13,20,8,YES,NO,NO
CUST_PRICE_EFFECT,10,QTY_BREAK_2,decimal,13,20,8,YES,NO,NO
CUST_PRICE_EFFECT,11,QTY_BREAK_3,decimal,13,20,8,YES,NO,NO
CUST_PRICE_EFFECT,12,QTY_BREAK_4,decimal,13,20,8,YES,NO,NO
CUST_PRICE_EFFECT,13,QTY_BREAK_5,decimal,13,20,8,YES,NO,NO
CUST_PRICE_EFFECT,14,QTY_BREAK_6,decimal,13,20,8,YES,NO,NO
CUST_PRICE_EFFECT,15,QTY_BREAK_7,decimal,13,20,8,YES,NO,NO
CUST_PRICE_EFFECT,16,QTY_BREAK_8,decimal,13,20,8,YES,NO,NO
CUST_PRICE_EFFECT,17,QTY_BREAK_9,decimal,13,20,8,YES,NO,NO
CUST_PRICE_EFFECT,18,QTY_BREAK_10,decimal,13,20,8,YES,NO,NO
CUST_PRICE_EFFECT,19,UNIT_PRICE_1,decimal,13,22,8,YES,NO,NO
CUST_PRICE_EFFECT,20,UNIT_PRICE_2,decimal,13,22,8,YES,NO,NO
CUST_PRICE_EFFECT,21,UNIT_PRICE_3,decimal,13,22,8,YES,NO,NO
CUST_PRICE_EFFECT,22,UNIT_PRICE_4,decimal,13,22,8,YES,NO,NO
CUST_PRICE_EFFECT,23,UNIT_PRICE_5,decimal,13,22,8,YES,NO,NO
CUST_PRICE_EFFECT,24,UNIT_PRICE_6,decimal,13,22,8,YES,NO,NO
CUST_PRICE_EFFECT,25,UNIT_PRICE_7,decimal,13,22,8,YES,NO,NO
CUST_PRICE_EFFECT,26,UNIT_PRICE_8,decimal,13,22,8,YES,NO,NO
CUST_PRICE_EFFECT,27,UNIT_PRICE_9,decimal,13,22,8,YES,NO,NO
CUST_PRICE_EFFECT,28,UNIT_PRICE_10,decimal,13,22,8,YES,NO,NO
CUST_PRICE_EFFECT,29,DEFAULT_UNIT_PRICE,decimal,13,22,8,YES,NO,NO
CUST_PRICE_EFFECT,30,BY_DATE_CODE,nvarchar,10,0,0,YES,NO,NO
CUST_PRICE_GROUP,1,CODE,nvarchar,30,0,0,NO,NO,NO
CUST_PRICE_GROUP,2,ROWID,int,4,10,0,NO,YES,NO
CUST_PRIORITY,1,ROWID,int,4,10,0,NO,YES,NO
CUST_PRIORITY,2,PRIORITY_CODE,nvarchar,30,0,0,NO,NO,NO
CUST_PRIORITY,3,DESCRIPTION,nvarchar,80,0,0,YES,NO,NO
CUST_PRIORITY,4,FILL_RATE,decimal,5,5,2,NO,NO,NO
CUST_SHIP_CHG_ACCT,1,ROWID,int,4,10,0,NO,YES,NO
CUST_SHIP_CHG_ACCT,2,CUSTOMER_ID,nvarchar,30,0,0,NO,NO,NO
CUST_SHIP_CHG_ACCT,3,SHIP_VIA,nvarchar,80,0,0,NO,NO,NO
CUST_SHIP_CHG_ACCT,4,ACCOUNT_NO,nvarchar,60,0,0,NO,NO,NO
CUST_WIP_VAS,1,ROWID,int,4,10,0,NO,YES,NO
CUST_WIP_VAS,2,CUSTOMER_ID,nvarchar,30,0,0,NO,NO,NO
CUST_WIP_VAS,3,PART_ID,nvarchar,60,0,0,NO,NO,NO
CUST_WIP_VAS,4,WIP_VAS_ID,nvarchar,30,0,0,NO,NO,NO
CUST_WIP_VAS,5,STATUS,nchar,2,0,0,YES,NO,NO
CUSTOMER,1,ROWID,int,4,10,0,NO,YES,NO
CUSTOMER,2,ID,nvarchar,30,0,0,NO,NO,NO
CUSTOMER,3,NAME,nvarchar,100,0,0,YES,NO,NO
CUSTOMER,4,ADDR_1,nvarchar,100,0,0,YES,NO,NO
CUSTOMER,5,ADDR_2,nvarchar,100,0,0,YES,NO,NO
CUSTOMER,6,ADDR_3,nvarchar,100,0,0,YES,NO,NO
CUSTOMER,7,CITY,nvarchar,60,0,0,YES,NO,NO
CUSTOMER,8,STATE,nvarchar,20,0,0,YES,NO,NO
CUSTOMER,9,ZIPCODE,nvarchar,20,0,0,YES,NO,NO
CUSTOMER,10,COUNTRY,nvarchar,100,0,0,YES,NO,NO
CUSTOMER,11,CONTACT_FIRST_NAME,nvarchar,60,0,0,YES,NO,NO
CUSTOMER,12,CONTACT_LAST_NAME,nvarchar,60,0,0,YES,NO,NO
CUSTOMER,13,CONTACT_INITIAL,nvarchar,4,0,0,YES,NO,NO
CUSTOMER,14,CONTACT_POSITION,nvarchar,100,0,0,YES,NO,NO
CUSTOMER,15,CONTACT_HONORIFIC,nvarchar,30,0,0,YES,NO,NO
CUSTOMER,16,CONTACT_SALUTATION,nvarchar,120,0,0,YES,NO,NO
CUSTOMER,17,CONTACT_PHONE,nvarchar,40,0,0,YES,NO,NO
CUSTOMER,18,CONTACT_FAX,nvarchar,40,0,0,YES,NO,NO
CUSTOMER,19,BILL_TO_NAME,nvarchar,100,0,0,YES,NO,NO
CUSTOMER,20,BILL_TO_ADDR_1,nvarchar,100,0,0,YES,NO,NO
CUSTOMER,21,BILL_TO_ADDR_2,nvarchar,100,0,0,YES,NO,NO
CUSTOMER,22,BILL_TO_ADDR_3,nvarchar,100,0,0,YES,NO,NO
CUSTOMER,23,BILL_TO_CITY,nvarchar,60,0,0,YES,NO,NO
CUSTOMER,24,BILL_TO_STATE,nvarchar,20,0,0,YES,NO,NO
CUSTOMER,25,BILL_TO_ZIPCODE,nvarchar,20,0,0,YES,NO,NO
CUSTOMER,26,BILL_TO_COUNTRY,nvarchar,100,0,0,YES,NO,NO
CUSTOMER,27,DISCOUNT_CODE,nvarchar,30,0,0,YES,NO,NO
CUSTOMER,28,FREE_ON_BOARD,nvarchar,50,0,0,YES,NO,NO
CUSTOMER,29,SHIP_VIA,nvarchar,80,0,0,YES,NO,NO
CUSTOMER,30,SALESREP_ID,nvarchar,30,0,0,YES,NO,NO
CUSTOMER,31,TERRITORY,nvarchar,30,0,0,YES,NO,NO
CUSTOMER,32,CURRENCY_ID,nvarchar,30,0,0,NO,NO,NO
CUSTOMER,33,DEF_SLS_TAX_GRP_ID,nvarchar,30,0,0,YES,NO,NO
CUSTOMER,35,SIC_CODE,nvarchar,30,0,0,YES,NO,NO
CUSTOMER,36,IND_CODE,nvarchar,30,0,0,YES,NO,NO
CUSTOMER,41,FINANCE_CHARGE,decimal,13,23,8,YES,NO,NO
CUSTOMER,42,TAX_EXEMPT,nchar,2,0,0,NO,NO,NO
CUSTOMER,43,TAX_ID_NUMBER,nvarchar,50,0,0,YES,NO,NO
CUSTOMER,44,BACKORDER_FLAG,nchar,2,0,0,NO,NO,NO
CUSTOMER,45,TERMS_NET_TYPE,nchar,2,0,0,NO,NO,NO
CUSTOMER,46,TERMS_NET_DAYS,smallint,2,5,0,YES,NO,NO
CUSTOMER,47,TERMS_NET_DATE,datetime,8,23,3,YES,NO,NO
CUSTOMER,48,TERMS_DISC_TYPE,nchar,2,0,0,NO,NO,NO
CUSTOMER,49,TERMS_DISC_DAYS,smallint,2,5,0,YES,NO,NO
CUSTOMER,50,TERMS_DISC_DATE,datetime,8,23,3,YES,NO,NO
CUSTOMER,51,TERMS_DISC_PERCENT,decimal,5,5,3,YES,NO,NO
CUSTOMER,52,TERMS_DESCRIPTION,nvarchar,160,0,0,YES,NO,NO
CUSTOMER,53,FREIGHT_TERMS,nchar,2,0,0,NO,NO,NO
CUSTOMER,54,DUNNING_LETTERS,nchar,2,0,0,NO,NO,NO
CUSTOMER,55,LAST_ORDER_DATE,datetime,8,23,3,YES,NO,NO
CUSTOMER,56,OPEN_DATE,datetime,8,23,3,YES,NO,NO
CUSTOMER,57,MODIFY_DATE,datetime,8,23,3,YES,NO,NO
CUSTOMER,62,USER_1,nvarchar,160,0,0,YES,NO,NO
CUSTOMER,63,USER_2,nvarchar,160,0,0,YES,NO,NO
CUSTOMER,64,USER_3,nvarchar,160,0,0,YES,NO,NO
CUSTOMER,65,USER_4,nvarchar,160,0,0,YES,NO,NO
CUSTOMER,66,USER_5,nvarchar,160,0,0,YES,NO,NO
CUSTOMER,67,USER_6,nvarchar,160,0,0,YES,NO,NO
CUSTOMER,68,USER_7,nvarchar,160,0,0,YES,NO,NO
CUSTOMER,69,USER_8,nvarchar,160,0,0,YES,NO,NO
CUSTOMER,70,USER_9,nvarchar,160,0,0,YES,NO,NO
CUSTOMER,71,USER_10,nvarchar,160,0,0,YES,NO,NO
CUSTOMER,72,SUPPLIER_ID,nvarchar,30,0,0,YES,NO,NO
CUSTOMER,73,CARRIER_ID,nvarchar,30,0,0,YES,NO,NO
CUSTOMER,74,TAX_ON_WHOLESALE,nchar,2,0,0,YES,NO,NO
CUSTOMER,75,DEF_RECV_ACCT_ID,nvarchar,60,0,0,YES,NO,NO
CUSTOMER,76,UDF_LAYOUT_ID,nvarchar,30,0,0,YES,NO,NO
CUSTOMER,77,ARRIVAL_CODE,nvarchar,50,0,0,YES,NO,NO
CUSTOMER,78,TRANS_CODE,nvarchar,50,0,0,YES,NO,NO
CUSTOMER,79,COUNTRY_ID,nvarchar,30,0,0,YES,NO,NO
CUSTOMER,80,NATURE_OF_TRANS,int,4,10,0,YES,NO,NO
CUSTOMER,81,MODE_OF_TRANSPORT,int,4,10,0,YES,NO,NO
CUSTOMER,82,SIRET_NUMBER,decimal,9,14,0,YES,NO,NO
CUSTOMER,83,VAT_REGISTRATION,nvarchar,50,0,0,YES,NO,NO
CUSTOMER,84,VAT_BOOK_CODE_I,nvarchar,10,0,0,YES,NO,NO
CUSTOMER,85,VAT_BOOK_CODE_M,nvarchar,10,0,0,YES,NO,NO
CUSTOMER,86,VAT_EXEMPT,nchar,2,0,0,YES,NO,NO
CUSTOMER,87,SHIPTO_ID,nvarchar,40,0,0,YES,NO,NO
CUSTOMER,88,RMA_REQUIRED,nchar,2,0,0,YES,NO,NO
CUSTOMER,95,CONTACT_MOBILE,nvarchar,40,0,0,YES,NO,NO
CUSTOMER,96,CONTACT_EMAIL,nvarchar,100,0,0,YES,NO,NO
CUSTOMER,97,DEF_TRANS_CURRENCY,nvarchar,30,0,0,YES,NO,NO
CUSTOMER,98,DEF_LBL_FORMAT_ID,nvarchar,60,0,0,YES,NO,NO
CUSTOMER,100,ACCEPT_EARLY,nchar,2,0,0,YES,NO,NO
CUSTOMER,101,DAYS_EARLY,smallint,2,5,0,YES,NO,NO
CUSTOMER,102,VAT_DISCOUNTED,nchar,2,0,0,NO,NO,NO
CUSTOMER,103,WEB_USER_ID,nvarchar,40,0,0,YES,NO,NO
CUSTOMER,104,WEB_PASSWORD,nvarchar,40,0,0,YES,NO,NO
CUSTOMER,107,PRIORITY,smallint,2,5,0,YES,NO,NO
CUSTOMER,108,language_id,nvarchar,4,0,0,YES,NO,NO
CUSTOMER,109,bill_language_id,nvarchar,4,0,0,YES,NO,NO
CUSTOMER,110,def_ack_id,nvarchar,30,0,0,YES,NO,NO
CUSTOMER,111,PRIMARILY_EDI,nchar,2,0,0,YES,NO,NO
CUSTOMER,112,vat_always_disc,nvarchar,2,0,0,NO,NO,NO
CUSTOMER,113,vat_code,nvarchar,30,0,0,YES,NO,NO
CUSTOMER,114,vat_override_seq,nvarchar,2,0,0,NO,NO,NO
CUSTOMER,115,return_trans,int,4,10,0,YES,NO,NO
CUSTOMER,118,CASH_PERCENT_VAR,nchar,2,0,0,YES,NO,NO
CUSTOMER,119,CASH_MIN_VAR,decimal,13,23,8,YES,NO,NO
CUSTOMER,120,CASH_MAX_VAR,decimal,13,23,8,YES,NO,NO
CUSTOMER,121,TAKE_DISC_DAYS,decimal,9,15,2,YES,NO,NO
CUSTOMER,122,MARKET_ID,nvarchar,30,0,0,YES,NO,NO
CUSTOMER,123,CREDIT_CARD_ID,nvarchar,500,0,0,YES,NO,NO
CUSTOMER,124,WEB_URL,nvarchar,510,0,0,YES,NO,NO
CUSTOMER,125,UPS_ACCOUNT_ID,nvarchar,30,0,0,YES,NO,NO
CUSTOMER,126,GENERATE_ASN,nvarchar,2,0,0,YES,NO,NO
CUSTOMER,127,HOLD_TRANSFER_ASN,nvarchar,2,0,0,YES,NO,NO
CUSTOMER,128,CUSTOMS_DOC_PRINT,nvarchar,2,0,0,YES,NO,NO
CUSTOMER,129,SUPPRESS_AR_PRINT,nvarchar,2,0,0,YES,NO,NO
CUSTOMER,130,ACCEPT_830,nvarchar,2,0,0,YES,NO,NO
CUSTOMER,131,ACCEPT_862,nvarchar,2,0,0,YES,NO,NO
CUSTOMER,132,POOL_CODE,nvarchar,40,0,0,YES,NO,NO
CUSTOMER,133,INTER_CONSIGNEE,nvarchar,40,0,0,YES,NO,NO
CUSTOMER,134,CONSOL_SHIP_LINE,nchar,2,0,0,YES,NO,NO
CUSTOMER,135,PALLET_DETAILS_REQ,nchar,2,0,0,YES,NO,NO
CUSTOMER,136,MATCH_INV_TO_PACK,nchar,2,0,0,YES,NO,NO
CUSTOMER,137,ALLOW_OVER_PAYMNT,nchar,2,0,0,YES,NO,NO
CUSTOMER,138,ALLOW_ADJ_INVOICE,nchar,2,0,0,YES,NO,NO
CUSTOMER,140,DEF_GL_ACCT_ID,nvarchar,60,0,0,YES,NO,NO
CUSTOMER,141,LIQ_GL_ACCT_ID,nvarchar,60,0,0,YES,NO,NO
CUSTOMER,142,PBC_GL_ACCT_ID,nvarchar,60,0,0,YES,NO,NO
CUSTOMER,143,GENERATE_WSA,nchar,2,0,0,YES,NO,NO
CUSTOMER,144,HOLD_TRANSFER_WSA,nchar,2,0,0,YES,NO,NO
CUSTOMER,145,ACTIVE_FLAG,nchar,2,0,0,YES,NO,NO
CUSTOMER,146,SUPPRESS_PRINT_INV_NON_EDI,nchar,2,0,0,YES,NO,NO
CUSTOMER,147,OPEN_OLDEST_RECV,datetime,8,23,3,YES,NO,NO
CUSTOMER,148,STATUS_EFF_DATE,datetime,8,23,3,NO,NO,NO
CUSTOMER,149,PRICE_GROUP,nvarchar,30,0,0,YES,NO,NO
CUSTOMER,156,SUPPRESS_PRINT_CUST_STMT,nchar,2,0,0,YES,NO,NO
CUSTOMER,157,DEF_TERMS_ID,nvarchar,30,0,0,YES,NO,NO
CUSTOMER,159,CUSTOMER_GROUP_ID,nvarchar,30,0,0,YES,NO,NO
CUSTOMER,160,INTERNAL_CUSTOMER,nchar,2,0,0,YES,NO,NO
CUSTOMER,161,CONTACT_PHONE_EXT,nvarchar,20,0,0,YES,NO,NO
CUSTOMER,162,EMAIL_CUST_ON_NEW_ORDER,nchar,2,0,0,NO,NO,NO
CUSTOMER,163,EMAIL_CUST_ON_CHG_ORDER,nchar,2,0,0,NO,NO,NO
CUSTOMER,164,EMAIL_CUST_ON_SHIPMENT,nchar,2,0,0,NO,NO,NO
CUSTOMER,165,EMAIL_EMPL_ON_NEW_ORDER,nchar,2,0,0,NO,NO,NO
CUSTOMER,166,EMAIL_EMPL_ON_CHG_ORDER,nchar,2,0,0,NO,NO,NO
CUSTOMER,167,EMAIL_EMPL_ON_SHIPMENT,nchar,2,0,0,NO,NO,NO
CUSTOMER,168,EMAIL_EMPL_ON_INV_PAID,nchar,2,0,0,NO,NO,NO
CUSTOMER,169,CUSTOMER_COUNTRY_ID,nvarchar,30,0,0,YES,NO,NO
CUSTOMER,170,BILL_TO_COUNTRY_ID,nvarchar,30,0,0,YES,NO,NO
CUSTOMER_BANK,1,ROWID,int,4,10,0,NO,YES,NO
CUSTOMER_BANK,2,CUSTOMER_ID,nvarchar,30,0,0,NO,NO,NO
CUSTOMER_BANK,3,BANK_ID,nvarchar,60,0,0,NO,NO,NO
CUSTOMER_BANK,4,NAME,nvarchar,100,0,0,YES,NO,NO
CUSTOMER_BANK,5,DESCRIPTION,nvarchar,160,0,0,YES,NO,NO
CUSTOMER_BANK,6,ADDR_1,nvarchar,100,0,0,YES,NO,NO
CUSTOMER_BANK,7,ADDR_2,nvarchar,100,0,0,YES,NO,NO
CUSTOMER_BANK,8,ADDR_3,nvarchar,100,0,0,YES,NO,NO
CUSTOMER_BANK,9,CITY,nvarchar,60,0,0,YES,NO,NO
CUSTOMER_BANK,10,STATE,nvarchar,20,0,0,YES,NO,NO
CUSTOMER_BANK,11,ZIPCODE,nvarchar,20,0,0,YES,NO,NO
CUSTOMER_BANK,12,COUNTRY,nvarchar,100,0,0,YES,NO,NO
CUSTOMER_BANK,13,COUNTRY_ID,nvarchar,30,0,0,YES,NO,NO
CUSTOMER_BANK,14,IBAN,nvarchar,80,0,0,YES,NO,NO
CUSTOMER_BANK,15,SWIFT,nvarchar,60,0,0,YES,NO,NO
CUSTOMER_BANK,16,ACCOUNT_NO,nvarchar,60,0,0,YES,NO,NO
CUSTOMER_BANK,17,BRANCH_ID,nvarchar,30,0,0,YES,NO,NO
CUSTOMER_BANK,18,IS_DEFAULT,smallint,2,5,0,NO,NO,NO
CUSTOMER_BANK,19,CUST_BANK_COUNTRY_ID,nvarchar,30,0,0,YES,NO,NO
CUSTOMER_BINARY,1,ROWID,int,4,10,0,NO,YES,NO
CUSTOMER_BINARY,2,CUSTOMER_ID,nvarchar,30,0,0,NO,NO,NO
CUSTOMER_BINARY,3,TYPE,nchar,2,0,0,NO,NO,NO
CUSTOMER_BINARY,4,BITS,image,16,0,0,YES,NO,NO
CUSTOMER_BINARY,5,BITS_LENGTH,int,4,10,0,NO,NO,NO
CUSTOMER_BOOKINGS,1,ROWID,int,4,10,0,NO,YES,NO
CUSTOMER_BOOKINGS,2,CUST_ORDER_ID,nvarchar,30,0,0,NO,NO,NO
CUSTOMER_BOOKINGS,3,BOOK_DATE,datetime,8,23,3,NO,NO,NO
CUSTOMER_BOOKINGS,4,ORDER_DATE,datetime,8,23,3,YES,NO,NO
CUSTOMER_BOOKINGS,5,DESIRED_SHIP_DATE,datetime,8,23,3,YES,NO,NO
CUSTOMER_BOOKINGS,6,EDI_RELEASE_NO,nvarchar,60,0,0,YES,NO,NO
CUSTOMER_BOOKINGS,7,EDI_ACCUM_SHIP_QTY,decimal,13,20,8,YES,NO,NO
CUSTOMER_BOOKINGS,8,EDI_ACCUM_AUTH_QTY,decimal,13,20,8,YES,NO,NO
CUSTOMER_BOOKINGS,9,EDI_ACCUM_BUY_QTY,decimal,13,20,8,YES,NO,NO
CUSTOMER_BOOKINGS,10,EDI_ACCUM_SHIP_ADJ,decimal,13,20,8,YES,NO,NO
CUSTOMER_BOOKINGS,11,EDI_ACCUM_ORD_ADJ,decimal,13,20,8,YES,NO,NO
CUSTOMER_BOOKINGS,12,EDI_LAST_SHIPDATE,datetime,8,23,3,YES,NO,NO
CUSTOMER_BOOKINGS,13,CREATE_DATE,datetime,8,23,3,NO,NO,NO
CUSTOMER_BOOKINGS,14,USER_ID,nvarchar,40,0,0,NO,NO,NO
CUSTOMER_BOOKINGS,15,REVISION_ID,nvarchar,16,0,0,YES,NO,NO
CUSTOMER_BOOKINGS,16,SITE_ID,nvarchar,30,0,0,NO,NO,NO
CUSTOMER_CONTACT,1,ROWID,int,4,10,0,NO,YES,NO
CUSTOMER_CONTACT,2,CUSTOMER_ID,nvarchar,30,0,0,NO,NO,NO
CUSTOMER_CONTACT,3,CONTACT_NO,smallint,2,5,0,NO,NO,NO
CUSTOMER_CONTACT,4,CONTACT_FIRST_NAME,nvarchar,60,0,0,YES,NO,NO
CUSTOMER_CONTACT,5,CONTACT_LAST_NAME,nvarchar,60,0,0,YES,NO,NO
CUSTOMER_CONTACT,6,CONTACT_POSITION,nvarchar,100,0,0,YES,NO,NO
CUSTOMER_CONTACT,7,CONTACT_INITIAL,nvarchar,4,0,0,YES,NO,NO
CUSTOMER_CONTACT,8,CONTACT_HONORIFIC,nvarchar,30,0,0,YES,NO,NO
CUSTOMER_CONTACT,9,CONTACT_PHONE,nvarchar,40,0,0,YES,NO,NO
CUSTOMER_CONTACT,10,CONTACT_FAX,nvarchar,40,0,0,YES,NO,NO
CUSTOMER_CONTACT,11,CONTACT_MOBILE,nvarchar,40,0,0,YES,NO,NO
CUSTOMER_CONTACT,12,CONTACT_EMAIL,nvarchar,100,0,0,YES,NO,NO
CUSTOMER_CONTACT,13,web_user_id,nvarchar,40,0,0,YES,NO,NO
CUSTOMER_CONTACT,14,web_password,nvarchar,40,0,0,YES,NO,NO
CUSTOMER_DISCOUNT,1,ROWID,int,4,10,0,NO,YES,NO
CUSTOMER_DISCOUNT,2,DISCOUNT_CODE,nvarchar,30,0,0,NO,NO,NO
CUSTOMER_DISCOUNT,3,DESCRIPTION,nvarchar,160,0,0,YES,NO,NO
CUSTOMER_DISCOUNT,4,DISCOUNT_PERCENT,decimal,5,6,3,YES,NO,NO
CUSTOMER_ENTITY,1,ROWID,int,4,10,0,NO,YES,NO
CUSTOMER_ENTITY,2,ENTITY_ID,nvarchar,30,0,0,NO,NO,NO
CUSTOMER_ENTITY,3,CUSTOMER_ID,nvarchar,30,0,0,NO,NO,NO
CUSTOMER_ENTITY,4,CREDIT_STATUS,nchar,2,0,0,NO,NO,NO
CUSTOMER_ENTITY,5,CREDIT_LIMIT_CTL,nchar,2,0,0,NO,NO,NO
CUSTOMER_ENTITY,6,CREDIT_LIMIT,decimal,13,23,8,YES,NO,NO
CUSTOMER_ENTITY,7,RECV_AGE_LIMIT,smallint,2,5,0,YES,NO,NO
CUSTOMER_ENTITY,8,TOTAL_OPEN_ORDERS,decimal,13,23,8,NO,NO,NO
CUSTOMER_ENTITY,9,TOTAL_OPEN_RECV,decimal,13,23,8,NO,NO,NO
CUSTOMER_ENTITY,10,OPEN_ORDER_COUNT,int,4,10,0,NO,NO,NO
CUSTOMER_ENTITY,11,OPEN_RECV_COUNT,int,4,10,0,NO,NO,NO
CUSTOMER_ENTITY,12,CT_BEST_LOWER_PCT,int,4,10,0,YES,NO,NO
CUSTOMER_ENTITY,13,CT_GOOD_LOWER_PCT,int,4,10,0,YES,NO,NO
CUSTOMER_ENTITY,14,PT_DAYS,int,4,10,0,YES,NO,NO
CUSTOMER_ENTITY,15,PT_BEST_LOWER_PCT,int,4,10,0,YES,NO,NO
CUSTOMER_ENTITY,16,PT_GOOD_LOWER_PCT,int,4,10,0,YES,NO,NO
CUSTOMER_ENTITY,17,OLDEST_INV_TYPE,nchar,2,0,0,YES,NO,NO
CUSTOMER_ENTITY,18,TOTAL_OPEN_SHIPPED,decimal,13,23,8,NO,NO,NO
CUSTOMER_ENTITY,19,OPEN_OLDEST_RECV,datetime,8,23,3,YES,NO,NO
CUSTOMER_ENTITY,20,SHIP_CREDIT_LIMIT_CTL,nchar,2,0,0,NO,NO,NO
CUSTOMER_FORECAST,1,ROWID,int,4,10,0,NO,YES,NO
CUSTOMER_FORECAST,2,CUSTOMER_ID,nvarchar,30,0,0,NO,NO,NO
CUSTOMER_FORECAST,3,FORECAST_ID,nvarchar,30,0,0,NO,NO,NO
CUSTOMER_FORECAST,4,PART_ID,nvarchar,60,0,0,NO,NO,NO
CUSTOMER_FORECAST,5,REQUIRED_DATE,datetime,8,23,3,NO,NO,NO
CUSTOMER_FORECAST,6,REQUIRED_QTY,decimal,13,20,8,NO,NO,NO
CUSTOMER_FORECAST,7,CUSTOMER_PART_ID,nvarchar,60,0,0,YES,NO,NO
CUSTOMER_FORECAST,8,CUSTOMER_PO_REF,nvarchar,80,0,0,YES,NO,NO
CUSTOMER_FORECAST,9,USER_DATE,datetime,8,23,3,YES,NO,NO
CUSTOMER_FORECAST,10,WAREHOUSE_ID,nvarchar,30,0,0,YES,NO,NO
CUSTOMER_FORECAST,11,SITE_ID,nvarchar,30,0,0,NO,NO,NO
CUSTOMER_GROUP,1,ROWID,int,4,10,0,NO,YES,NO
CUSTOMER_GROUP,2,ID,nvarchar,30,0,0,NO,NO,NO
CUSTOMER_GROUP,3,NAME,nvarchar,60,0,0,YES,NO,NO
CUSTOMER_GROUP,4,BILL_TO_NAME,nvarchar,100,0,0,YES,NO,NO
CUSTOMER_GROUP,5,BILL_TO_ADDR_1,nvarchar,100,0,0,YES,NO,NO
CUSTOMER_GROUP,6,BILL_TO_ADDR_2,nvarchar,100,0,0,YES,NO,NO
CUSTOMER_GROUP,7,BILL_TO_ADDR_3,nvarchar,100,0,0,YES,NO,NO
CUSTOMER_GROUP,8,BILL_TO_CITY,nvarchar,60,0,0,YES,NO,NO
CUSTOMER_GROUP,9,BILL_TO_STATE,nvarchar,20,0,0,YES,NO,NO
CUSTOMER_GROUP,10,BILL_TO_ZIPCODE,nvarchar,20,0,0,YES,NO,NO
CUSTOMER_GROUP,11,BILL_TO_COUNTRY,nvarchar,100,0,0,YES,NO,NO
CUSTOMER_GROUP,12,ALLOW_OVER_PAYMNT,nchar,2,0,0,YES,NO,NO
CUSTOMER_GROUP,13,ALLOW_ADJ_INVOICE,nchar,2,0,0,YES,NO,NO
CUSTOMER_GROUP,14,MODIFY_DATE,datetime,8,23,3,YES,NO,NO
CUSTOMER_GROUP,15,BILL_TO_COUNTRY_ID,nvarchar,30,0,0,YES,NO,NO
CUSTOMER_ORDER,1,ROWID,int,4,10,0,NO,YES,NO
CUSTOMER_ORDER,2,ID,nvarchar,30,0,0,NO,NO,NO
CUSTOMER_ORDER,3,CUSTOMER_ID,nvarchar,30,0,0,NO,NO,NO
CUSTOMER_ORDER,4,CUSTOMER_PO_REF,nvarchar,80,0,0,YES,NO,NO
CUSTOMER_ORDER,5,CONTACT_FIRST_NAME,nvarchar,60,0,0,YES,NO,NO
CUSTOMER_ORDER,6,CONTACT_LAST_NAME,nvarchar,60,0,0,YES,NO,NO
CUSTOMER_ORDER,7,CONTACT_INITIAL,nvarchar,4,0,0,YES,NO,NO
CUSTOMER_ORDER,8,CONTACT_POSITION,nvarchar,100,0,0,YES,NO,NO
CUSTOMER_ORDER,9,CONTACT_HONORIFIC,nvarchar,30,0,0,YES,NO,NO
CUSTOMER_ORDER,10,CONTACT_SALUTATION,nvarchar,120,0,0,YES,NO,NO
CUSTOMER_ORDER,11,CONTACT_PHONE,nvarchar,40,0,0,YES,NO,NO
CUSTOMER_ORDER,12,CONTACT_FAX,nvarchar,40,0,0,YES,NO,NO
CUSTOMER_ORDER,13,SHIP_TO_ADDR_NO,int,4,10,0,YES,NO,NO
CUSTOMER_ORDER,14,FREE_ON_BOARD,nvarchar,50,0,0,YES,NO,NO
CUSTOMER_ORDER,15,SHIP_VIA,nvarchar,80,0,0,YES,NO,NO
CUSTOMER_ORDER,16,TERRITORY,nvarchar,30,0,0,YES,NO,NO
CUSTOMER_ORDER,17,DISCOUNT_CODE,nvarchar,30,0,0,YES,NO,NO
CUSTOMER_ORDER,18,SALES_TAX_GROUP_ID,nvarchar,30,0,0,YES,NO,NO
CUSTOMER_ORDER,19,SALESREP_ID,nvarchar,30,0,0,YES,NO,NO
CUSTOMER_ORDER,20,SITE_ID,nvarchar,30,0,0,NO,NO,NO
CUSTOMER_ORDER,21,TERMS_NET_TYPE,nchar,2,0,0,NO,NO,NO
CUSTOMER_ORDER,22,TERMS_NET_DAYS,smallint,2,5,0,YES,NO,NO
CUSTOMER_ORDER,23,TERMS_NET_DATE,datetime,8,23,3,YES,NO,NO
CUSTOMER_ORDER,24,TERMS_DISC_TYPE,nchar,2,0,0,NO,NO,NO
CUSTOMER_ORDER,25,TERMS_DISC_DAYS,smallint,2,5,0,YES,NO,NO
CUSTOMER_ORDER,26,TERMS_DISC_DATE,datetime,8,23,3,YES,NO,NO
CUSTOMER_ORDER,27,TERMS_DISC_PERCENT,decimal,5,6,3,YES,NO,NO
CUSTOMER_ORDER,28,TERMS_DESCRIPTION,nvarchar,160,0,0,YES,NO,NO
CUSTOMER_ORDER,29,FREIGHT_TERMS,nchar,2,0,0,NO,NO,NO
CUSTOMER_ORDER,30,ORDER_DATE,datetime,8,23,3,NO,NO,NO
CUSTOMER_ORDER,31,DESIRED_SHIP_DATE,datetime,8,23,3,YES,NO,NO
CUSTOMER_ORDER,32,BACK_ORDER,nchar,2,0,0,NO,NO,NO
CUSTOMER_ORDER,33,STATUS,nchar,2,0,0,NO,NO,NO
CUSTOMER_ORDER,34,SELL_RATE,decimal,9,15,8,NO,NO,NO
CUSTOMER_ORDER,35,BUY_RATE,decimal,9,15,8,NO,NO,NO
CUSTOMER_ORDER,36,LAST_SHIPPED_DATE,datetime,8,23,3,YES,NO,NO
CUSTOMER_ORDER,37,POSTING_CANDIDATE,nchar,2,0,0,NO,NO,NO
CUSTOMER_ORDER,38,TOTAL_AMT_ORDERED,decimal,13,23,8,NO,NO,NO
CUSTOMER_ORDER,39,TOTAL_AMT_SHIPPED,decimal,13,23,8,NO,NO,NO
CUSTOMER_ORDER,40,MARKED_FOR_PURGE,nchar,2,0,0,NO,NO,NO
CUSTOMER_ORDER,41,EDI_FLAG,nchar,2,0,0,NO,NO,NO
CUSTOMER_ORDER,42,EDI_ACCUM_SHIP_QTY,decimal,13,20,8,YES,NO,NO
CUSTOMER_ORDER,43,EDI_ACCUM_AUTH_QTY,decimal,13,20,8,YES,NO,NO
CUSTOMER_ORDER,44,EDI_ACCUM_BUY_QTY,decimal,13,20,8,YES,NO,NO
CUSTOMER_ORDER,45,EDI_RELEASE_NO,nvarchar,60,0,0,YES,NO,NO
CUSTOMER_ORDER,46,EDI_LAST_SHIPDATE,datetime,8,23,3,YES,NO,NO
CUSTOMER_ORDER,47,EDI_ACCUM_SHIP_ADJ,decimal,13,20,8,YES,NO,NO
CUSTOMER_ORDER,48,EDI_ACCUM_ORD_ADJ,decimal,13,20,8,YES,NO,NO
CUSTOMER_ORDER,49,EXCH_RATE_FIXED,nchar,2,0,0,NO,NO,NO
CUSTOMER_ORDER,50,PROMISE_DATE,datetime,8,23,3,YES,NO,NO
CUSTOMER_ORDER,51,PRINTED_DATE,datetime,8,23,3,YES,NO,NO
CUSTOMER_ORDER,52,EDI_BLANKET_FLAG,nchar,2,0,0,YES,NO,NO
CUSTOMER_ORDER,53,EDI_BLANKET_NO,nvarchar,60,0,0,YES,NO,NO
CUSTOMER_ORDER,54,CONTRACT_ID,nvarchar,60,0,0,YES,NO,NO
CUSTOMER_ORDER,55,SHIPTO_ID,nvarchar,40,0,0,YES,NO,NO
CUSTOMER_ORDER,56,CURRENCY_ID,nvarchar,30,0,0,NO,NO,NO
CUSTOMER_ORDER,57,WAREHOUSE_ID,nvarchar,30,0,0,YES,NO,NO
CUSTOMER_ORDER,58,TYPE,nchar,30,0,0,YES,NO,NO
CUSTOMER_ORDER,59,ORDER_TYPE,nvarchar,40,0,0,YES,NO,NO
CUSTOMER_ORDER,60,CARRIER_ID,nvarchar,30,0,0,YES,NO,NO
CUSTOMER_ORDER,61,ACCEPT_EARLY,nchar,2,0,0,YES,NO,NO
CUSTOMER_ORDER,62,DAYS_EARLY,smallint,2,5,0,YES,NO,NO
CUSTOMER_ORDER,63,DISPATCHED,nchar,2,0,0,YES,NO,NO
CUSTOMER_ORDER,64,EXPIRE_DATE,datetime,8,23,3,YES,NO,NO
CUSTOMER_ORDER,65,CONTACT_MOBILE,nvarchar,40,0,0,YES,NO,NO
CUSTOMER_ORDER,66,CONTACT_EMAIL,nvarchar,100,0,0,YES,NO,NO
CUSTOMER_ORDER,67,CREATE_DATE,datetime,8,23,3,NO,NO,NO
CUSTOMER_ORDER,68,USER_1,nvarchar,160,0,0,YES,NO,NO
CUSTOMER_ORDER,69,USER_2,nvarchar,160,0,0,YES,NO,NO
CUSTOMER_ORDER,70,USER_3,nvarchar,160,0,0,YES,NO,NO
CUSTOMER_ORDER,71,USER_4,nvarchar,160,0,0,YES,NO,NO
CUSTOMER_ORDER,72,USER_5,nvarchar,160,0,0,YES,NO,NO
CUSTOMER_ORDER,73,USER_6,nvarchar,160,0,0,YES,NO,NO
CUSTOMER_ORDER,74,USER_7,nvarchar,160,0,0,YES,NO,NO
CUSTOMER_ORDER,75,USER_8,nvarchar,160,0,0,YES,NO,NO
CUSTOMER_ORDER,76,USER_9,nvarchar,160,0,0,YES,NO,NO
CUSTOMER_ORDER,77,USER_10,nvarchar,160,0,0,YES,NO,NO
CUSTOMER_ORDER,78,UDF_LAYOUT_ID,nvarchar,30,0,0,YES,NO,NO
CUSTOMER_ORDER,79,SEND_ACK,nchar,2,0,0,YES,NO,NO
CUSTOMER_ORDER,80,AUTHORIZATION_ID,nvarchar,500,0,0,YES,NO,NO
CUSTOMER_ORDER,81,EDI_ACCUM_CLR_DATE,datetime,8,23,3,YES,NO,NO
CUSTOMER_ORDER,82,PROJECT_ID,nvarchar,30,0,0,YES,NO,NO
CUSTOMER_ORDER,83,PRIME_CONTRACTOR,nvarchar,40,0,0,YES,NO,NO
CUSTOMER_ORDER,84,SHIPPED_FROM,nvarchar,40,0,0,YES,NO,NO
CUSTOMER_ORDER,85,ADMINISTERED_BY,nvarchar,40,0,0,YES,NO,NO
CUSTOMER_ORDER,86,PAY_MADE_BY,nvarchar,40,0,0,YES,NO,NO
CUSTOMER_ORDER,87,MARKED_FOR,nvarchar,40,0,0,YES,NO,NO
CUSTOMER_ORDER,88,ORIGIN_CQA,nchar,2,0,0,YES,NO,NO
CUSTOMER_ORDER,89,ORIGIN_ACCEPT,nchar,2,0,0,YES,NO,NO
CUSTOMER_ORDER,90,DEST_CQA,nchar,2,0,0,YES,NO,NO
CUSTOMER_ORDER,91,DEST_ACCEPT,nchar,2,0,0,YES,NO,NO
CUSTOMER_ORDER,92,PKG_LEVEL,nvarchar,80,0,0,YES,NO,NO
CUSTOMER_ORDER,93,ACCEPTANCE_POINT,nchar,2,0,0,YES,NO,NO
CUSTOMER_ORDER,94,DD250_REQUIRED,nchar,2,0,0,YES,NO,NO
CUSTOMER_ORDER,95,BACKORDER_FLAG,nchar,2,0,0,YES,NO,NO
CUSTOMER_ORDER,96,OWNER_ID,nvarchar,30,0,0,YES,NO,NO
CUSTOMER_ORDER,97,CONSOLIDATION_ID,nvarchar,60,0,0,YES,NO,NO
CUSTOMER_ORDER,98,MARK_FOR_ID,nvarchar,40,0,0,YES,NO,NO
CUSTOMER_ORDER,99,MARK_FOR_ADDR_NO,int,4,10,0,YES,NO,NO
CUSTOMER_ORDER,100,COD_AMOUNT,decimal,13,23,8,YES,NO,NO
CUSTOMER_ORDER,101,FREIGHT_BILL_ACCT,nvarchar,60,0,0,YES,NO,NO
CUSTOMER_ORDER,102,REVISION_ID,nvarchar,16,0,0,YES,NO,NO
CUSTOMER_ORDER,103,VSCP_ORDER,nchar,2,0,0,YES,NO,NO
CUSTOMER_ORDER,104,MASTER_LINK_NO,nvarchar,100,0,0,YES,NO,NO
CUSTOMER_ORDER,105,LINK_SEQUENCE_NO,nvarchar,12,0,0,YES,NO,NO
CUSTOMER_ORDER,106,CUST_BANK_ID,nvarchar,60,0,0,YES,NO,NO
CUSTOMER_ORDER,107,CONSIGNMENT,nchar,2,0,0,NO,NO,NO
CUSTOMER_ORDER,108,STATUS_EFF_DATE,datetime,8,23,3,NO,NO,NO
CUSTOMER_ORDER,109,PROMISE_DEL_DATE,datetime,8,23,3,YES,NO,NO
CUSTOMER_ORDER,110,TERMS_ID,nvarchar,30,0,0,YES,NO,NO
CUSTOMER_ORDER,111,INTERNAL_ORDER,nchar,2,0,0,YES,NO,NO
CUSTOMER_ORDER,112,CONTACT_ID,nvarchar,50,0,0,YES,NO,NO
CUSTOMER_ORDER,113,ENTERED_BY,nvarchar,40,0,0,YES,NO,NO
CUSTOMER_ORDER,114,CONTACT_PHONE_EXT,nvarchar,20,0,0,YES,NO,NO
CUSTOMER_ORDER,115,EMAIL_NOTIFICATION,nchar,2,0,0,NO,NO,NO
CUSTOMER_ORDER,116,EMAIL_CUST_ON_NEW_ORDER,nchar,2,0,0,NO,NO,NO
CUSTOMER_ORDER,117,EMAIL_CUST_ON_CHG_ORDER,nchar,2,0,0,NO,NO,NO
CUSTOMER_ORDER,118,EMAIL_CUST_ON_SHIPMENT,nchar,2,0,0,NO,NO,NO
CUSTOMER_ORDER,119,EMAIL_EMPL_ON_NEW_ORDER,nchar,2,0,0,NO,NO,NO
CUSTOMER_ORDER,120,EMAIL_EMPL_ON_CHG_ORDER,nchar,2,0,0,NO,NO,NO
CUSTOMER_ORDER,121,EMAIL_EMPL_ON_SHIPMENT,nchar,2,0,0,NO,NO,NO
CUSTOMER_ORDER,122,EMAIL_EMPL_ON_INV_PAID,nchar,2,0,0,NO,NO,NO
CUSTOMER_ORDER,123,CUST_SHIP_CHG_ACCT_NO,nvarchar,60,0,0,YES,NO,NO
CUSTOMER_PRICE,1,ROWID,int,4,10,0,NO,YES,NO
CUSTOMER_PRICE,2,CUSTOMER_ID,nvarchar,30,0,0,NO,NO,NO
CUSTOMER_PRICE,3,PART_ID,nvarchar,60,0,0,NO,NO,NO
CUSTOMER_PRICE,4,SELLING_UM,nvarchar,30,0,0,NO,NO,NO
CUSTOMER_PRICE,5,CUSTOMER_PART_ID,nvarchar,60,0,0,YES,NO,NO
CUSTOMER_PRICE,6,QTY_BREAK_1,decimal,13,20,8,YES,NO,NO
CUSTOMER_PRICE,7,QTY_BREAK_2,decimal,13,20,8,YES,NO,NO
CUSTOMER_PRICE,8,QTY_BREAK_3,decimal,13,20,8,YES,NO,NO
CUSTOMER_PRICE,9,QTY_BREAK_4,decimal,13,20,8,YES,NO,NO
CUSTOMER_PRICE,10,QTY_BREAK_5,decimal,13,20,8,YES,NO,NO
CUSTOMER_PRICE,11,QTY_BREAK_6,decimal,13,20,8,YES,NO,NO
CUSTOMER_PRICE,12,QTY_BREAK_7,decimal,13,20,8,YES,NO,NO
CUSTOMER_PRICE,13,QTY_BREAK_8,decimal,13,20,8,YES,NO,NO
CUSTOMER_PRICE,14,QTY_BREAK_9,decimal,13,20,8,YES,NO,NO
CUSTOMER_PRICE,15,QTY_BREAK_10,decimal,13,20,8,YES,NO,NO
CUSTOMER_PRICE,16,UNIT_PRICE_1,decimal,13,22,8,YES,NO,NO
CUSTOMER_PRICE,17,UNIT_PRICE_2,decimal,13,22,8,YES,NO,NO
CUSTOMER_PRICE,18,UNIT_PRICE_3,decimal,13,22,8,YES,NO,NO
CUSTOMER_PRICE,19,UNIT_PRICE_4,decimal,13,22,8,YES,NO,NO
CUSTOMER_PRICE,20,UNIT_PRICE_5,decimal,13,22,8,YES,NO,NO
CUSTOMER_PRICE,21,UNIT_PRICE_6,decimal,13,22,8,YES,NO,NO
CUSTOMER_PRICE,22,UNIT_PRICE_7,decimal,13,22,8,YES,NO,NO
CUSTOMER_PRICE,23,UNIT_PRICE_8,decimal,13,22,8,YES,NO,NO
CUSTOMER_PRICE,24,UNIT_PRICE_9,decimal,13,22,8,YES,NO,NO
CUSTOMER_PRICE,25,UNIT_PRICE_10,decimal,13,22,8,YES,NO,NO
CUSTOMER_PRICE,26,DEFAULT_UNIT_PRICE,decimal,13,22,8,YES,NO,NO
CUSTOMER_RELATION,1,ROWID,int,4,10,0,NO,YES,NO
CUSTOMER_RELATION,2,OWNER_CUST_ID,nvarchar,30,0,0,NO,NO,NO
CUSTOMER_RELATION,3,SELL_TO_CUST_ID,nvarchar,30,0,0,NO,NO,NO
CUSTOMER_SITE,1,ROWID,int,4,10,0,NO,YES,NO
CUSTOMER_SITE,2,CUSTOMER_ID,nvarchar,30,0,0,NO,NO,NO
CUSTOMER_SITE,3,SITE_ID,nvarchar,30,0,0,NO,NO,NO
CUSTOMER_SITE,4,PRIORITY_CODE,nvarchar,30,0,0,YES,NO,NO
CUSTOMER_SITE,5,WAREHOUSE_ID,nvarchar,30,0,0,YES,NO,NO
CUSTOMER_SITE,6,CUSTOMER_TYPE,nvarchar,40,0,0,YES,NO,NO
CUSTOMER_SITE,7,ORDER_FILL_RATE,decimal,5,5,2,NO,NO,NO
CUSTOMER_SITE,8,FILL_RATE_TYPE,nchar,2,0,0,YES,NO,NO
CUSTOMER_SITE,9,ALLOCATION_FENCE,int,4,10,0,YES,NO,NO
CUSTOMER_SITE,10,CO_ALLOC_LEVEL,nchar,2,0,0,YES,NO,NO
CUSTOMER_SITE,11,REALLOCATE,nchar,2,0,0,YES,NO,NO
CUSTOMER_SITE,12,CONSOLIDATE_ORDERS,nchar,2,0,0,YES,NO,NO
CUSTOMER_SITE,13,COMPLIANCE_LABEL,nchar,2,0,0,YES,NO,NO
CUSTOMER_SITE,14,AUTO_ALLOCATE,nchar,2,0,0,YES,NO,NO
CUSTOMER_SITE,15,EMAIL_INVOICE,nchar,2,0,0,NO,NO,NO
CUSTOMER_SYNC,1,ROWID,int,4,10,0,NO,YES,NO
CUSTOMER_SYNC,2,EVENT_ID,int,4,10,0,NO,NO,NO
CUSTOMER_SYNC,3,TYPE,nchar,2,0,0,NO,NO,NO
CUSTOMER_SYNC,4,CREATE_DATE,datetime,8,23,3,NO,NO,NO
CUSTOMER_SYNC,5,CUSTOMER_ID,nvarchar,30,0,0,NO,NO,NO
CUSTOMER_SYNC,6,EXCEPTION,nchar,2,0,0,NO,NO,NO
CUSTOMER_SYNC,7,SUBSCRIPTIONS,int,4,10,0,NO,NO,NO
CUSTOMER_TYPE,1,ROWID,int,4,10,0,NO,YES,NO
CUSTOMER_TYPE,2,TYPE,nvarchar,40,0,0,NO,NO,NO
CUSTOMER_TYPE,3,DESCRIPTION,nvarchar,80,0,0,YES,NO,NO
CUSTOMER_TYPE,4,REALLOCATE,nchar,2,0,0,NO,NO,NO
CUSTOMER_TYPE,5,ALLOCATION_FENCE,int,4,10,0,YES,NO,NO
CUSTOMER_TYPE,6,PRIORITY,smallint,2,5,0,YES,NO,NO
CUSTOMER_TYPE,7,AUTO_ALLOCATE,nchar,2,0,0,YES,NO,NO
CUSTOMER_TYPE,8,CO_ALLOC_LEVEL,nchar,2,0,0,YES,NO,NO
CYCLE_COUNT_PART,1,ROWID,int,4,10,0,NO,YES,NO
CYCLE_COUNT_PART,2,PART_ID,nvarchar,60,0,0,NO,NO,NO
CYCLE_COUNT_PART,3,WAREHOUSE_ID,nvarchar,30,0,0,NO,NO,NO
CYCLE_COUNT_PART,4,COUNT_FREQ,smallint,2,5,0,YES,NO,NO
CYCLE_COUNT_PART,5,LAST_COUNT_DATE,datetime,8,23,3,YES,NO,NO
DASHBOARD_ITEM_AUTHORITY,1,ROWID,int,4,10,0,NO,YES,NO
DASHBOARD_ITEM_AUTHORITY,2,USER_ID,nvarchar,40,0,0,NO,NO,NO
DASHBOARD_ITEM_AUTHORITY,3,ITEM_TYPE,nvarchar,16,0,0,NO,NO,NO
DASHBOARD_ITEM_AUTHORITY,4,ITEM_ID,nvarchar,160,0,0,NO,NO,NO
DASHBOARD_ITEM_AUTHORITY,5,PERMISSION,nchar,2,0,0,NO,NO,NO
DATA_EXPORT,1,ROWID,int,4,10,0,NO,YES,NO
DATA_EXPORT,2,ID,nvarchar,30,0,0,NO,NO,NO
DATA_EXPORT,3,TYPE,nchar,2,0,0,NO,NO,NO
DATA_EXPORT,4,CONTEXT,nchar,2,0,0,NO,NO,NO
DATA_EXPORT,5,START_AT,int,4,10,0,NO,NO,NO
DATA_EXPORT,6,ABUT_PREVIOUS,nchar,2,0,0,NO,NO,NO
DATA_EXPORT,7,DATA_EXPRESSION,nvarchar,500,0,0,NO,NO,NO
DATA_EXPORT,8,DATA_LENGTH,int,4,10,0,YES,NO,NO
DATA_EXPORT,9,DATA_SCALE,int,4,10,0,YES,NO,NO
DATA_EXPORT,10,DATA_TYPE,nchar,2,0,0,NO,NO,NO
DATA_EXPORT,11,QUOTE_DATA,nchar,2,0,0,NO,NO,NO
DATA_EXPORT,12,COMMA_SEPARATE,nchar,2,0,0,NO,NO,NO
DATA_EXPORT,13,TERMINATE_RECORD,nchar,2,0,0,NO,NO,NO
DATA_EXPORT,14,FIELD_DELIMITER,nchar,2,0,0,YES,NO,NO
DATA_EXPORT,15,TEXT_QUALIFIER,nchar,2,0,0,YES,NO,NO
DATA_EXPORT,16,INDENT_LVL,int,4,10,0,YES,NO,NO
DATA_EXPORT,17,TAG,nvarchar,508,0,0,YES,NO,NO
DATA_EXPORT,18,IS_ATTRIBUTE,nvarchar,2,0,0,YES,NO,NO
DBR_EVENT_DETECT,1,EVENT_CLASS,nvarchar,4,0,0,NO,NO,NO
DBR_EVENT_DETECT,2,EVENT_ACTION,nvarchar,4,0,0,NO,NO,NO
DBR_EVENT_DETECT,3,CREATE_DATE,datetime,8,23,3,NO,NO,NO
DBR_EVENT_DETECT,4,DOC_TYPE,nvarchar,4,0,0,YES,NO,NO
DBR_EVENT_DETECT,5,DOC_BASE_ID,nvarchar,60,0,0,YES,NO,NO
DBR_EVENT_DETECT,6,DOC_LOT_ID,nvarchar,30,0,0,YES,NO,NO
DBR_EVENT_DETECT,7,DOC_SPLIT_ID,nvarchar,6,0,0,YES,NO,NO
DBR_EVENT_DETECT,8,DOC_SUB_ID,nvarchar,6,0,0,YES,NO,NO
DBR_EVENT_DETECT,9,DOC_SEQ_NO,int,4,10,0,YES,NO,NO
DBR_EVENT_DETECT,10,DOC_SUB_SEQ_NO,smallint,2,5,0,YES,NO,NO
DBR_EVENT_DETECT,11,CAUSE,nvarchar,10,0,0,YES,NO,NO
DBR_EVENT_DETECT,12,USER_ID,nvarchar,40,0,0,NO,NO,NO
DBR_EVENT_DETECT,13,STATUS,nchar,2,0,0,YES,NO,NO
DBR_EVENT_DETECT,14,ERROR_MSG,nvarchar,500,0,0,YES,NO,NO
DBR_EVENT_DETECT,15,SITE_ID,nvarchar,30,0,0,NO,NO,NO
DBR_EVENT_TRIGGER,1,ROWID,int,4,10,0,NO,YES,NO
DBR_EVENT_TRIGGER,2,EVENT_CLASS,nvarchar,4,0,0,NO,NO,NO
DBR_EVENT_TRIGGER,3,EVENT_ACTION,nvarchar,4,0,0,NO,NO,NO
DBR_EVENT_TRIGGER,4,SENDER,nvarchar,256,0,0,YES,NO,NO
DBR_EVENT_TRIGGER,5,SUBJECT,nvarchar,256,0,0,YES,NO,NO
DBR_EVENT_TRIGGER,6,RECIPIENT,nvarchar,256,0,0,YES,NO,NO
DBR_EVENT_TRIGGER,7,FREQUENCY,int,4,10,0,YES,NO,NO
DBR_EVENT_TRIGGER,8,FREQ_COUNT,int,4,10,0,YES,NO,NO
DBR_EVENT_TRIGGER,9,FREQ_DATE,datetime,8,23,3,YES,NO,NO
DBR_EVENT_TRIGGER,10,STATUS,nchar,2,0,0,YES,NO,NO
DBR_EVENT_TRIGGER,11,CREATE_DATE,datetime,8,23,3,NO,NO,NO
DBR_EVENT_TRIGGER,12,USER_ID,nvarchar,40,0,0,NO,NO,NO
DBR_EVENT_TRIGGER,13,SITE_ID,nvarchar,30,0,0,NO,NO,NO
DBR_SETTINGS,1,ROWID,int,4,10,0,NO,YES,NO
DBR_SETTINGS,2,CCR_ID,nvarchar,30,0,0,NO,NO,NO
DBR_SETTINGS,3,RANK,int,4,10,0,NO,NO,NO
DBR_SETTINGS,4,STATUS,nchar,2,0,0,NO,NO,NO
DBR_SETTINGS,5,SHIPPING_BUFFER,int,4,10,0,NO,NO,NO
DBR_SETTINGS,6,ASSEMBLY_BUFFER,int,4,10,0,NO,NO,NO
DBR_SETTINGS,7,CCR_BUFFER,int,4,10,0,NO,NO,NO
DBR_SETTINGS,8,ROD,int,4,10,0,NO,NO,NO
DBR_SETTINGS,9,MTS_CCR_BUFFER,int,4,10,0,NO,NO,NO
DBR_SETTINGS,10,EMERGENCY_STOCKPCT,int,4,10,0,YES,NO,NO
DBR_SETTINGS,11,EMERGENCY_ZONE,int,4,10,0,YES,NO,NO
DBR_SETTINGS,12,SHIP_BUF_PCT_CHK,int,4,10,0,YES,NO,NO
DBR_SETTINGS,13,BM_LAST_COLLECT,datetime,8,23,3,YES,NO,NO
DBR_SETTINGS,14,BM_COLLECT_MODE,nchar,2,0,0,YES,NO,NO
DBR_SETTINGS,15,YELLOW_ZONE,int,4,10,0,YES,NO,NO
DBR_SETTINGS,16,YELLOW_STOCKPCT,int,4,10,0,YES,NO,NO
DBR_SETTINGS,17,SITE_ID,nvarchar,30,0,0,NO,NO,NO
DBR_STATUS,1,ROWID,int,4,10,0,NO,YES,NO
DBR_STATUS,2,CCR_ID,nvarchar,30,0,0,NO,NO,NO
DBR_STATUS,3,STATUS_TYPE,nchar,2,0,0,NO,NO,NO
DBR_STATUS,4,STATUS_DATE,datetime,8,23,3,NO,NO,NO
DBR_STATUS,5,NUM_OPEN_ITEMS,int,4,10,0,NO,NO,NO
DBR_STATUS,6,NUM_BUFFER_INTRS,int,4,10,0,YES,NO,NO
DBR_STATUS,7,NUM_EMERG_ZONE_INT,int,4,10,0,NO,NO,NO
DBR_STATUS,8,NUM_YELLO_ZONE_INT,int,4,10,0,YES,NO,NO
DBR_STATUS,9,SITE_ID,nvarchar,30,0,0,NO,NO,NO
DECISION_PARAMS,1,ROWID,int,4,10,0,NO,YES,NO
DECISION_PARAMS,2,PARAM_ID,int,4,10,0,NO,NO,NO
DECISION_PARAMS,3,PTS_INA_ROW_ONE_SI,smallint,2,5,0,NO,NO,NO
DECISION_PARAMS,4,STEADY_UP_OR_DOWN,smallint,2,5,0,NO,NO,NO
DECISION_PARAMS,5,ALTERNATING_UP_AND,smallint,2,5,0,NO,NO,NO
DECISION_PARAMS,6,TWO_SIGMAS_ACTUAL,smallint,2,5,0,NO,NO,NO
DECISION_PARAMS,7,OUT_OF_TWO_SIGMA,smallint,2,5,0,NO,NO,NO
DECISION_PARAMS,8,ONE_SIGMA_ACTUAL,smallint,2,5,0,NO,NO,NO
DECISION_PARAMS,9,OUT_OF_ONE_SIGMA,smallint,2,5,0,NO,NO,NO
DECISION_PARAMS,10,LESS_THAN_1_SIGMA,smallint,2,5,0,NO,NO,NO
DECISION_PARAMS,11,GRTR_THAN_1_SIGMA,smallint,2,5,0,NO,NO,NO
DEF_SHIPPING_LBL,1,ROWID,int,4,10,0,NO,YES,NO
DEF_SHIPPING_LBL,2,PART_ID,nvarchar,60,0,0,NO,NO,NO
DEF_SHIPPING_LBL,3,CUSTOMER_ID,nvarchar,30,0,0,NO,NO,NO
DEF_SHIPPING_LBL,4,SHIPTO_ADDR_NO,int,4,10,0,NO,NO,NO
DEF_SHIPPING_LBL,5,DEF_LBL_FORMAT_ID,nvarchar,60,0,0,YES,NO,NO
DEFAULT_DATA,1,ROWID,int,4,10,0,NO,YES,NO
DEFAULT_DATA,2,SITE_ID,nvarchar,30,0,0,NO,NO,NO
DEFAULT_DATA,3,USER_ID,nvarchar,40,0,0,NO,NO,NO
DEFAULT_DATA,4,TABLE_NAME,nvarchar,60,0,0,NO,NO,NO
DEFAULT_DATA,5,COLUMN_NAME,nvarchar,60,0,0,NO,NO,NO
DEFAULT_DATA,6,DEFAULT_STRING,nvarchar,200,0,0,YES,NO,NO
DEFECT_CLASS,1,ROWID,int,4,10,0,NO,YES,NO
DEFECT_CLASS,2,ID,nvarchar,30,0,0,NO,NO,NO
DEMAND_FORECAST,1,ROWID,int,4,10,0,NO,YES,NO
DEMAND_FORECAST,2,PART_ID,nvarchar,60,0,0,NO,NO,NO
DEMAND_FORECAST,3,REQUIRED_DATE,datetime,8,23,3,NO,NO,NO
DEMAND_FORECAST,4,REQUIRED_QTY,decimal,13,20,8,NO,NO,NO
DEMAND_FORECAST,5,WAREHOUSE_ID,nvarchar,30,0,0,YES,NO,NO
DEMAND_FORECAST,6,SITE_ID,nvarchar,30,0,0,NO,NO,NO
DEMAND_SUPPLY_LINK,1,ROWID,int,4,10,0,NO,YES,NO
DEMAND_SUPPLY_LINK,2,ID,int,4,10,0,NO,NO,NO
DEMAND_SUPPLY_LINK,3,DEMAND_TYPE,nvarchar,4,0,0,NO,NO,NO
DEMAND_SUPPLY_LINK,4,DEMAND_BASE_ID,nvarchar,60,0,0,NO,NO,NO
DEMAND_SUPPLY_LINK,5,DEMAND_LOT_ID,nvarchar,30,0,0,YES,NO,NO
DEMAND_SUPPLY_LINK,6,DEMAND_SPLIT_ID,nvarchar,6,0,0,YES,NO,NO
DEMAND_SUPPLY_LINK,7,DEMAND_SUB_ID,nvarchar,6,0,0,YES,NO,NO
DEMAND_SUPPLY_LINK,8,DEMAND_SEQ_NO,int,4,10,0,YES,NO,NO
DEMAND_SUPPLY_LINK,9,DEMAND_NO,int,4,10,0,YES,NO,NO
DEMAND_SUPPLY_LINK,10,SUPPLY_TYPE,nvarchar,4,0,0,NO,NO,NO
DEMAND_SUPPLY_LINK,11,SUPPLY_BASE_ID,nvarchar,60,0,0,NO,NO,NO
DEMAND_SUPPLY_LINK,12,SUPPLY_LOT_ID,nvarchar,30,0,0,YES,NO,NO
DEMAND_SUPPLY_LINK,13,SUPPLY_SPLIT_ID,nvarchar,6,0,0,YES,NO,NO
DEMAND_SUPPLY_LINK,14,SUPPLY_SUB_ID,nvarchar,6,0,0,YES,NO,NO
DEMAND_SUPPLY_LINK,15,SUPPLY_SEQ_NO,int,4,10,0,YES,NO,NO
DEMAND_SUPPLY_LINK,16,SUPPLY_NO,int,4,10,0,YES,NO,NO
DEMAND_SUPPLY_LINK,17,WAREHOUSE_ID,nvarchar,30,0,0,YES,NO,NO
DEMAND_SUPPLY_LINK,18,DEMAND_PART_ID,nvarchar,60,0,0,YES,NO,NO
DEMAND_SUPPLY_LINK,19,SUPPLY_PART_ID,nvarchar,60,0,0,YES,NO,NO
DEMAND_SUPPLY_LINK,20,ALLOCATED_QTY,decimal,13,20,8,NO,NO,NO
DEMAND_SUPPLY_LINK,21,RECEIVED_QTY,decimal,13,20,8,NO,NO,NO
DEMAND_SUPPLY_LINK,22,ISSUED_QTY,decimal,13,20,8,NO,NO,NO
DEMAND_SUPPLY_LINK,23,SUPPLY_MODE,nchar,2,0,0,NO,NO,NO
DEMAND_SUPPLY_LINK,24,CREATE_DATE,datetime,8,23,3,NO,NO,NO
DEMAND_SUPPLY_LINK,25,USER_ID,nvarchar,40,0,0,YES,NO,NO
DEMAND_SUPPLY_LINK,26,TYPE,nchar,2,0,0,YES,NO,NO
DEMAND_SUPPLY_LINK,27,REALLOCATE,nchar,2,0,0,YES,NO,NO
DEMAND_SUPPLY_LINK,28,DEMAND_SITE_ID,nvarchar,30,0,0,NO,NO,NO
DEMAND_SUPPLY_LINK,29,SUPPLY_SITE_ID,nvarchar,30,0,0,NO,NO,NO
DEMSUP_SUMMARY,1,ROWID,int,4,10,0,NO,YES,NO
DEMSUP_SUMMARY,2,SPID,nvarchar,30,0,0,NO,NO,NO
DEMSUP_SUMMARY,3,ID,int,4,10,0,NO,NO,NO
DEMSUP_SUMMARY,4,RECEIVED_QTY,decimal,13,20,8,NO,NO,NO
DEPARTMENT,1,ROWID,int,4,10,0,NO,YES,NO
DEPARTMENT,2,ID,nvarchar,30,0,0,NO,NO,NO
DEPARTMENT,3,DESCRIPTION,nvarchar,160,0,0,YES,NO,NO
DEPARTMENT,4,DEFAULT_DEPARTMENT,nchar,2,0,0,YES,NO,NO
DEPARTMENT,5,PARENT_DEPT_ID,nvarchar,30,0,0,YES,NO,NO
DEPARTMENT,6,MATL_COST_CAT_ID,nvarchar,30,0,0,YES,NO,NO
DEPARTMENT,7,SERV_COST_CAT_ID,nvarchar,30,0,0,YES,NO,NO
DEPARTMENT,8,LAB_COST_CAT_ID,nvarchar,30,0,0,YES,NO,NO
DETAIL_TABLE,1,ROWID,int,4,10,0,NO,YES,NO
DETAIL_TABLE,2,SUMMARY_TABLE_ID,int,4,10,0,NO,NO,NO
DETAIL_TABLE,3,QTY,decimal,13,20,8,NO,NO,NO
DETAIL_TABLE,4,AMOUNT,decimal,13,23,8,NO,NO,NO
DETAIL_TABLE,5,LINE_NO,int,4,10,0,NO,NO,NO
DEVIATION,1,ROWID,int,4,10,0,NO,YES,NO
DEVIATION,2,ID,nvarchar,30,0,0,NO,NO,NO
DEVIATION,3,DESCRIPTION,nvarchar,160,0,0,NO,NO,NO
DEVIATION_REASON,1,ROWID,int,4,10,0,NO,YES,NO
DEVIATION_REASON,2,ID,nvarchar,30,0,0,NO,NO,NO
DEVIATION_REASON,3,DESCRIPTION,nvarchar,160,0,0,YES,NO,NO
DEVIATION_REASON,4,PAID_FLAG,nchar,2,0,0,NO,NO,NO
DIMENSION_DESC,1,ROWID,int,4,10,0,NO,YES,NO
DIMENSION_DESC,2,DIMENSION_DESC,nvarchar,40,0,0,NO,NO,NO
DISCOUNT_PRICE,1,ROWID,int,4,10,0,NO,YES,NO
DISCOUNT_PRICE,2,DISCOUNT_CODE,nvarchar,30,0,0,NO,NO,NO
DISCOUNT_PRICE,3,PART_ID,nvarchar,60,0,0,NO,NO,NO
DISCOUNT_PRICE,4,SELLING_UM,nvarchar,30,0,0,NO,NO,NO
DISCOUNT_PRICE,5,QTY_BREAK_1,decimal,13,20,8,YES,NO,NO
DISCOUNT_PRICE,6,QTY_BREAK_2,decimal,13,20,8,YES,NO,NO
DISCOUNT_PRICE,7,QTY_BREAK_3,decimal,13,20,8,YES,NO,NO
DISCOUNT_PRICE,8,QTY_BREAK_4,decimal,13,20,8,YES,NO,NO
DISCOUNT_PRICE,9,QTY_BREAK_5,decimal,13,20,8,YES,NO,NO
DISCOUNT_PRICE,10,QTY_BREAK_6,decimal,13,20,8,YES,NO,NO
DISCOUNT_PRICE,11,QTY_BREAK_7,decimal,13,20,8,YES,NO,NO
DISCOUNT_PRICE,12,QTY_BREAK_8,decimal,13,20,8,YES,NO,NO
DISCOUNT_PRICE,13,QTY_BREAK_9,decimal,13,20,8,YES,NO,NO
DISCOUNT_PRICE,14,QTY_BREAK_10,decimal,13,20,8,YES,NO,NO
DISCOUNT_PRICE,15,UNIT_PRICE_1,decimal,13,22,8,YES,NO,NO
DISCOUNT_PRICE,16,UNIT_PRICE_2,decimal,13,22,8,YES,NO,NO
DISCOUNT_PRICE,17,UNIT_PRICE_3,decimal,13,22,8,YES,NO,NO
DISCOUNT_PRICE,18,UNIT_PRICE_4,decimal,13,22,8,YES,NO,NO
DISCOUNT_PRICE,19,UNIT_PRICE_5,decimal,13,22,8,YES,NO,NO
DISCOUNT_PRICE,20,UNIT_PRICE_6,decimal,13,22,8,YES,NO,NO
DISCOUNT_PRICE,21,UNIT_PRICE_7,decimal,13,22,8,YES,NO,NO
DISCOUNT_PRICE,22,UNIT_PRICE_8,decimal,13,22,8,YES,NO,NO
DISCOUNT_PRICE,23,UNIT_PRICE_9,decimal,13,22,8,YES,NO,NO
DISCOUNT_PRICE,24,UNIT_PRICE_10,decimal,13,22,8,YES,NO,NO
DISCOUNT_PRICE,25,DEFAULT_UNIT_PRICE,decimal,13,22,8,YES,NO,NO
DISCOUNT_PRICE,26,SITE_ID,nvarchar,30,0,0,NO,NO,NO
DISPATCH_PALLET,1,ROWID,int,4,10,0,NO,YES,NO
DISPATCH_PALLET,2,DISPATCH_ID,nvarchar,30,0,0,NO,NO,NO
DISPATCH_PALLET,3,DISPATCH_LINE_NO,smallint,2,5,0,NO,NO,NO
DISPATCH_PALLET,4,PALLET_ID,nvarchar,60,0,0,NO,NO,NO
DISPATCH_PALLET,5,CARTON_COUNT,smallint,2,5,0,NO,NO,NO
DISPATCH_PALLET,6,SHIPPING_WEIGHT,decimal,9,14,4,YES,NO,NO
DISPATCH_PALLET,7,PACKAGE_TYPE,nvarchar,10,0,0,YES,NO,NO
DISPATCH_PALLET,8,QTY_PER_PKG,decimal,13,20,8,YES,NO,NO
DISPATCH_PALLET,9,SKID_PART_ID,nvarchar,60,0,0,YES,NO,NO
DISPATCH_PALLET,10,SKID_WEIGHT,decimal,9,14,4,YES,NO,NO
DISPATCH_PALLET,11,CONTAINER_PART_ID,nvarchar,60,0,0,YES,NO,NO
DISPATCH_PALLET,12,CONTAINER_WEIGHT,decimal,9,14,4,YES,NO,NO
DISPATCH_PALLET,13,CREATE_INV_TRANS,nchar,2,0,0,YES,NO,NO
DISTRIBUTION,1,ROWID,int,4,10,0,NO,YES,NO
DISTRIBUTION,2,ID,nvarchar,30,0,0,NO,NO,NO
DISTRIBUTION,3,DESCRIPTION,nvarchar,160,0,0,YES,NO,NO
DISTRIBUTION,4,STATUS,nvarchar,2,0,0,YES,NO,NO
DISTRIBUTION_LINE,1,ROWID,int,4,10,0,NO,YES,NO
DISTRIBUTION_LINE,2,DISTRIBUTION_ID,nvarchar,30,0,0,NO,NO,NO
DISTRIBUTION_LINE,3,LINE_NO,int,4,10,0,NO,NO,NO
DISTRIBUTION_LINE,4,INTERVAL_PERCENT,decimal,5,7,4,YES,NO,NO
DIVISION,1,ROWID,int,4,10,0,NO,YES,NO
DIVISION,2,CODE,nvarchar,30,0,0,NO,NO,NO
DIVISION,3,DESCRIPTION,nvarchar,160,0,0,YES,NO,NO
DOC_CATEGORY,1,ROWID,int,4,10,0,NO,YES,NO
DOC_CATEGORY,2,ID,nvarchar,30,0,0,NO,NO,NO
DOC_CATEGORY,3,DESCRIPTION,nvarchar,160,0,0,YES,NO,NO
DOCUMENT,1,ROWID,int,4,10,0,NO,YES,NO
DOCUMENT,2,ID,nvarchar,160,0,0,NO,NO,NO
DOCUMENT,3,REFERENCE_TYPE,nvarchar,10,0,0,YES,NO,NO
DOCUMENT,4,CATEGORY_ID,nvarchar,30,0,0,YES,NO,NO
DOCUMENT,5,DESCRIPTION,nvarchar,160,0,0,YES,NO,NO
DOCUMENT,6,DOC_FILE_PATH,nvarchar,510,0,0,YES,NO,NO
DOCUMENT,7,ECN_REVISION,nchar,2,0,0,YES,NO,NO
DOCUMENT,8,REVISION_ID,nvarchar,16,0,0,YES,NO,NO
DOCUMENT,9,STAGE_ID,nvarchar,30,0,0,YES,NO,NO
DOCUMENT,10,ECN_REV_CONTROL,nchar,2,0,0,YES,NO,NO
DOCUMENT,11,USER_1,nvarchar,160,0,0,YES,NO,NO
DOCUMENT,12,USER_2,nvarchar,160,0,0,YES,NO,NO
DOCUMENT,13,USER_3,nvarchar,160,0,0,YES,NO,NO
DOCUMENT,14,USER_4,nvarchar,160,0,0,YES,NO,NO
DOCUMENT,15,USER_5,nvarchar,160,0,0,YES,NO,NO
DOCUMENT,16,USER_6,nvarchar,160,0,0,YES,NO,NO
DOCUMENT,17,USER_7,nvarchar,160,0,0,YES,NO,NO
DOCUMENT,18,USER_8,nvarchar,160,0,0,YES,NO,NO
DOCUMENT,19,USER_9,nvarchar,160,0,0,YES,NO,NO
DOCUMENT,20,USER_10,nvarchar,160,0,0,YES,NO,NO
DOCUMENT,21,UDF_LAYOUT_ID,nvarchar,30,0,0,YES,NO,NO
DOCUMENT,22,ALLOW_EMAIL,nchar,2,0,0,YES,NO,NO
DOCUMENT,23,PATH_TYPE,nchar,2,0,0,NO,NO,NO
DOCUMENT,24,SITE_ID,nvarchar,30,0,0,YES,NO,NO
DOCUMENT_DEFLT_REF_TYPE,1,ROWID,int,4,10,0,NO,YES,NO
DOCUMENT_DEFLT_REF_TYPE,2,SITE_ID,nvarchar,30,0,0,NO,NO,NO
DOCUMENT_DEFLT_REF_TYPE,3,DOCUMENT_SRC_TYPE,nchar,2,0,0,NO,NO,NO
DOCUMENT_DEFLT_REF_TYPE,4,REFERENCE_TYPE,nvarchar,10,0,0,NO,NO,NO
DOCUMENT_EML_AUDIT,1,ROWID,int,4,10,0,NO,YES,NO
DOCUMENT_EML_AUDIT,2,DOCUMENT_ID,nvarchar,256,0,0,NO,NO,NO
DOCUMENT_EML_AUDIT,3,DOC_FILE_PATH,nvarchar,510,0,0,NO,NO,NO
DOCUMENT_EML_AUDIT,4,RECIPIENT_LIST,nvarchar,4000,0,0,YES,NO,NO
DOCUMENT_EML_AUDIT,5,USER_ID,nvarchar,40,0,0,NO,NO,NO
DOCUMENT_EML_AUDIT,6,EMAIL_DATE,datetime,8,23,3,NO,NO,NO
DOCUMENT_EML_AUDIT,7,SITE_ID,nvarchar,30,0,0,YES,NO,NO
DOCUMENT_EML_AUDIT,8,REL_TYPE,nvarchar,30,0,0,YES,NO,NO
DOCUMENT_EML_AUDIT,9,REL_ID,nvarchar,30,0,0,YES,NO,NO
DOCUMENT_REF_EAC,1,PROJECT_ID,nvarchar,30,0,0,NO,NO,NO
DOCUMENT_REF_EAC,2,EAC_VERSION,nvarchar,30,0,0,NO,NO,NO
DOCUMENT_REF_EAC,3,DOCUMENT_ID,nvarchar,256,0,0,NO,NO,NO
DOCUMENT_REF_EAC,4,CREATE_DATE,datetime,8,23,3,YES,NO,NO
DOCUMENT_REF_EAC,5,ROWID,int,4,10,0,NO,YES,NO
DOCUMENT_REF_EAC,6,SITE_ID,nvarchar,30,0,0,YES,NO,NO
DOCUMENT_REF_PATH,1,ROWID,int,4,10,0,NO,YES,NO
DOCUMENT_REF_PATH,2,SITE_ID,nvarchar,30,0,0,NO,NO,NO
DOCUMENT_REF_PATH,3,ID,nvarchar,60,0,0,NO,NO,NO
DOCUMENT_REF_PATH,4,REFERENCE_TYPE,nvarchar,10,0,0,NO,NO,NO
DOCUMENT_REF_PATH,5,DOC_FILE_PATH,nvarchar,510,0,0,YES,NO,NO
DOCUMENT_REF_PATH,6,CREATE_DATE,datetime,8,23,3,NO,NO,NO
DOCUMENT_REF_WF,1,ROWID,int,4,10,0,NO,YES,NO
DOCUMENT_REF_WF,2,WORKFLOW_TYPE,nvarchar,60,0,0,NO,NO,NO
DOCUMENT_REF_WF,3,APPLICATION_AREA,nvarchar,60,0,0,NO,NO,NO
DOCUMENT_REF_WF,4,TEMPLATE_NAME,nvarchar,60,0,0,NO,NO,NO
DOCUMENT_REF_WF,5,REFERENCE,nvarchar,200,0,0,NO,NO,NO
DOCUMENT_REF_WF,6,WORKFLOW_BOX_LABEL,nvarchar,60,0,0,NO,NO,NO
DOCUMENT_REF_WF,7,DOCUMENT_ID,nvarchar,160,0,0,NO,NO,NO
DOCUMENT_REF_WF,8,SOURCE_TYPE,nchar,2,0,0,YES,NO,NO
DOCUMENT_REF_WF,9,CREATE_DATE,datetime,8,23,3,NO,NO,NO
DOCUMENT_REF_WF,10,doc_num,int,4,10,0,NO,NO,NO
DOCUMENT_REF_WO,1,ROWID,int,4,10,0,NO,YES,NO
DOCUMENT_REF_WO,2,WORKORDER_TYPE,nchar,2,0,0,NO,NO,NO
DOCUMENT_REF_WO,3,WORKORDER_BASE_ID,nvarchar,60,0,0,NO,NO,NO
DOCUMENT_REF_WO,4,WORKORDER_LOT_ID,nvarchar,6,0,0,NO,NO,NO
DOCUMENT_REF_WO,5,WORKORDER_SPLIT_ID,nvarchar,6,0,0,NO,NO,NO
DOCUMENT_REF_WO,6,WORKORDER_SUB_ID,nvarchar,6,0,0,NO,NO,NO
DOCUMENT_REF_WO,7,SEQUENCE_NO,smallint,2,5,0,NO,NO,NO
DOCUMENT_REF_WO,8,PIECE_NO,smallint,2,5,0,NO,NO,NO
DOCUMENT_REF_WO,9,DOCUMENT_ID,nvarchar,160,0,0,NO,NO,NO
DOCUMENT_REF_WO,10,CREATE_DATE,datetime,8,23,3,YES,NO,NO
DOCUMENT_REF_WO,11,SITE_ID,nvarchar,30,0,0,YES,NO,NO
DOCUMENT_REFERENCE,1,ROWID,int,4,10,0,NO,YES,NO
DOCUMENT_REFERENCE,2,ID,nvarchar,60,0,0,NO,NO,NO
DOCUMENT_REFERENCE,3,DOCUMENT_ID,nvarchar,160,0,0,NO,NO,NO
DOCUMENT_REFERENCE,4,LINE_NO,smallint,2,5,0,NO,NO,NO
DOCUMENT_REFERENCE,5,CREATE_DATE,datetime,8,23,3,YES,NO,NO
DOCUMENT_REFERENCE,6,SOURCE_TYPE,nchar,2,0,0,NO,NO,NO
DOCUMENT_REFERENCE,7,SITE_ID,nvarchar,30,0,0,YES,NO,NO
DOCUMENT_SITE,1,ROWID,int,4,10,0,NO,YES,NO
DOCUMENT_SITE,2,SITE_ID,nvarchar,30,0,0,NO,NO,NO
DOCUMENT_SITE,3,DOCUMENT_ID,nvarchar,160,0,0,NO,NO,NO
DRILLBACK,1,ID,nvarchar,100,0,0,NO,NO,NO
DRILLBACK,2,PROGRAM_ID,nvarchar,160,0,0,NO,NO,NO
DRILLBACK,3,PROGRAM_NAME,nvarchar,160,0,0,YES,NO,NO
DRILLBACK,4,ROWID,int,4,10,0,NO,YES,NO
E_APP_USERS,1,rowid,int,4,10,0,NO,YES,NO
E_APP_USERS,2,name,nvarchar,60,0,0,YES,NO,NO
E_APP_USERS,3,sales,nchar,2,0,0,YES,NO,NO
E_APP_USERS,4,purchases,nchar,2,0,0,YES,NO,NO
E_APP_USERS,5,production,nchar,2,0,0,YES,NO,NO
E_APP_USERS,6,financials,nchar,2,0,0,YES,NO,NO
E_BACKLOG_DET,1,ROWID,int,4,10,0,NO,YES,NO
E_BACKLOG_DET,2,EIS_DATE,datetime,8,23,3,YES,NO,NO
E_BACKLOG_DET,3,ORDER_ID,nvarchar,30,0,0,YES,NO,NO
E_BACKLOG_DET,4,ORDER_DATE,datetime,8,23,3,YES,NO,NO
E_BACKLOG_DET,5,DESIRED_SHIP_DATE,datetime,8,23,3,YES,NO,NO
E_BACKLOG_DET,6,CUSTOMER_ID,nvarchar,30,0,0,YES,NO,NO
E_BACKLOG_DET,7,NAME,nvarchar,100,0,0,YES,NO,NO
E_BACKLOG_DET,8,SALESREP_ID,nvarchar,30,0,0,YES,NO,NO
E_BACKLOG_DET,9,TERRITORY,nvarchar,30,0,0,YES,NO,NO
E_BACKLOG_DET,10,PO,nvarchar,80,0,0,YES,NO,NO
E_BACKLOG_DET,11,LINE_NO,smallint,2,5,0,YES,NO,NO
E_BACKLOG_DET,12,PART_ID,nvarchar,60,0,0,YES,NO,NO
E_BACKLOG_DET,13,DESCRIPTION,nvarchar,80,0,0,YES,NO,NO
E_BACKLOG_DET,14,SHIP_QTY,decimal,13,20,8,YES,NO,NO
E_BACKLOG_DET,15,SELLING_UM,nvarchar,30,0,0,YES,NO,NO
E_BACKLOG_DET,16,UNIT_PRICE,decimal,13,22,8,YES,NO,NO
E_BACKLOG_DET,17,TRADE_DISC_PERCENT,decimal,5,6,3,YES,NO,NO
E_BACKLOG_DET,18,TOTAL_VALUE,decimal,13,23,8,YES,NO,NO
E_BACKLOG_DET,19,PRODUCT_CODE,nvarchar,30,0,0,YES,NO,NO
E_BACKLOG_DET,20,COMMODITY_CODE,nvarchar,30,0,0,YES,NO,NO
E_BACKLOG_DET,21,SELL_RATE,decimal,9,15,8,YES,NO,NO
E_BACKLOG_DET,22,CURRENCY_ID,nvarchar,30,0,0,YES,NO,NO
E_BACKLOG_SUM,1,rowid,int,4,10,0,NO,YES,NO
E_BACKLOG_SUM,2,eis_date,datetime,8,23,3,YES,NO,NO
E_BACKLOG_SUM,3,doc_qty,decimal,9,15,2,YES,NO,NO
E_BACKLOG_SUM,4,line_qty,decimal,9,15,2,YES,NO,NO
E_BACKLOG_SUM,5,amount_value,decimal,13,23,8,YES,NO,NO
E_BOOK_DET,1,ROWID,int,4,10,0,NO,YES,NO
E_BOOK_DET,2,EIS_DATE,datetime,8,23,3,YES,NO,NO
E_BOOK_DET,3,ORDER_ID,nvarchar,30,0,0,YES,NO,NO
E_BOOK_DET,4,ORDER_DATE,datetime,8,23,3,YES,NO,NO
E_BOOK_DET,5,DESIRED_SHIP_DATE,datetime,8,23,3,YES,NO,NO
E_BOOK_DET,6,QUOTE_ID,nvarchar,30,0,0,YES,NO,NO
E_BOOK_DET,7,CUSTOMER_ID,nvarchar,30,0,0,YES,NO,NO
E_BOOK_DET,8,SALESREP_ID,nvarchar,30,0,0,YES,NO,NO
E_BOOK_DET,9,TERRITORY,nvarchar,30,0,0,YES,NO,NO
E_BOOK_DET,10,NAME,nvarchar,100,0,0,YES,NO,NO
E_BOOK_DET,11,LINE_NO,smallint,2,5,0,YES,NO,NO
E_BOOK_DET,12,PART_ID,nvarchar,60,0,0,YES,NO,NO
E_BOOK_DET,13,DESCRIPTION,nvarchar,80,0,0,YES,NO,NO
E_BOOK_DET,14,ORDER_QTY,decimal,13,20,8,YES,NO,NO
E_BOOK_DET,15,SELLING_UM,nvarchar,30,0,0,YES,NO,NO
E_BOOK_DET,16,UNIT_PRICE,decimal,13,22,8,YES,NO,NO
E_BOOK_DET,17,TRADE_DISC_PERCENT,decimal,5,6,3,YES,NO,NO
E_BOOK_DET,18,TOTAL_VALUE,decimal,13,23,8,YES,NO,NO
E_BOOK_DET,19,PRODUCT_CODE,nvarchar,30,0,0,YES,NO,NO
E_BOOK_DET,20,COMMODITY_CODE,nvarchar,30,0,0,YES,NO,NO
E_BOOK_DET,21,SELL_RATE,decimal,9,15,8,YES,NO,NO
E_BOOK_DET,22,CURRENCY_ID,nvarchar,30,0,0,YES,NO,NO
E_BOOK_SUM,1,rowid,int,4,10,0,NO,YES,NO
E_BOOK_SUM,2,eis_date,datetime,8,23,3,YES,NO,NO
E_BOOK_SUM,3,doc_qty,decimal,9,15,2,YES,NO,NO
E_BOOK_SUM,4,line_qty,decimal,9,15,2,YES,NO,NO
E_BOOK_SUM,5,amount_value,decimal,13,23,8,YES,NO,NO
E_CLASS,1,rowid,int,4,10,0,NO,YES,NO
E_CLASS,2,name,nvarchar,120,0,0,YES,NO,NO
E_CLASS,3,summary_purge,int,4,10,0,YES,NO,NO
E_CLASS,4,detail_purge,int,4,10,0,YES,NO,NO
E_CUSTSVLV_DET,1,ROWID,int,4,10,0,NO,YES,NO
E_CUSTSVLV_DET,2,EIS_DATE,datetime,8,23,3,YES,NO,NO
E_CUSTSVLV_DET,3,ORDER_ID,nvarchar,30,0,0,YES,NO,NO
E_CUSTSVLV_DET,4,ORDER_DATE,datetime,8,23,3,YES,NO,NO
E_CUSTSVLV_DET,5,DESIRED_SHIP_DATE,datetime,8,23,3,YES,NO,NO
E_CUSTSVLV_DET,6,CUSTOMER_ID,nvarchar,30,0,0,YES,NO,NO
E_CUSTSVLV_DET,7,NAME,nvarchar,100,0,0,YES,NO,NO
E_CUSTSVLV_DET,8,SALESREP_ID,nvarchar,30,0,0,YES,NO,NO
E_CUSTSVLV_DET,9,TERRITORY,nvarchar,30,0,0,YES,NO,NO
E_CUSTSVLV_DET,10,PO,nvarchar,80,0,0,YES,NO,NO
E_CUSTSVLV_DET,11,LINE_NO,smallint,2,5,0,YES,NO,NO
E_CUSTSVLV_DET,12,PART_ID,nvarchar,60,0,0,YES,NO,NO
E_CUSTSVLV_DET,13,DESCRIPTION,nvarchar,80,0,0,YES,NO,NO
E_CUSTSVLV_DET,14,ORDER_QTY,decimal,13,20,8,YES,NO,NO
E_CUSTSVLV_DET,15,SELLING_UM,nvarchar,30,0,0,YES,NO,NO
E_CUSTSVLV_DET,16,UNIT_PRICE,decimal,13,22,8,YES,NO,NO
E_CUSTSVLV_DET,17,TRADE_DISC_PERCENT,decimal,5,6,3,YES,NO,NO
E_CUSTSVLV_DET,18,TOTAL_VALUE,decimal,13,23,8,YES,NO,NO
E_CUSTSVLV_DET,19,PRODUCT_CODE,nvarchar,30,0,0,YES,NO,NO
E_CUSTSVLV_DET,20,COMMODITY_CODE,nvarchar,30,0,0,YES,NO,NO
E_CUSTSVLV_DET,21,SHIPPED_ON_TIME,nchar,2,0,0,YES,NO,NO
E_CUSTSVLV_DET,22,SELL_RATE,decimal,9,15,8,YES,NO,NO
E_CUSTSVLV_DET,23,CURRENCY_ID,nvarchar,30,0,0,YES,NO,NO
E_CUSTSVLV_SUM,1,rowid,int,4,10,0,NO,YES,NO
E_CUSTSVLV_SUM,2,eis_date,datetime,8,23,3,YES,NO,NO
E_CUSTSVLV_SUM,3,doc_qty,decimal,9,15,2,YES,NO,NO
E_CUSTSVLV_SUM,4,line_qty,decimal,9,15,2,YES,NO,NO
E_CUSTSVLV_SUM,5,amount_value,decimal,13,23,8,YES,NO,NO
E_ESTIM_DET,1,ROWID,int,4,10,0,NO,YES,NO
E_ESTIM_DET,2,EIS_DATE,datetime,8,23,3,YES,NO,NO
E_ESTIM_DET,3,ID,nvarchar,30,0,0,YES,NO,NO
E_ESTIM_DET,4,QUOTE_DATE,datetime,8,23,3,YES,NO,NO
E_ESTIM_DET,5,CUSTOMER_ID,nvarchar,30,0,0,YES,NO,NO
E_ESTIM_DET,6,SALESREP_ID,nvarchar,30,0,0,YES,NO,NO
E_ESTIM_DET,7,USER_ID,nvarchar,40,0,0,YES,NO,NO
E_ESTIM_DET,8,TERRITORY,nvarchar,30,0,0,YES,NO,NO
E_ESTIM_DET,9,NAME,nvarchar,100,0,0,YES,NO,NO
E_ESTIM_DET,10,LINE_NO,smallint,2,5,0,YES,NO,NO
E_ESTIM_DET,11,PART_ID,nvarchar,60,0,0,YES,NO,NO
E_ESTIM_DET,12,DESCRIPTION,nvarchar,80,0,0,YES,NO,NO
E_ESTIM_DET,13,QTY,decimal,13,20,8,YES,NO,NO
E_ESTIM_DET,14,IN_PROFORMA,nchar,2,0,0,YES,NO,NO
E_ESTIM_DET,15,SELLING_UM,nvarchar,30,0,0,YES,NO,NO
E_ESTIM_DET,16,UNIT_PRICE,decimal,13,22,8,YES,NO,NO
E_ESTIM_DET,17,TRADE_DISC_PERCENT,decimal,5,6,3,YES,NO,NO
E_ESTIM_DET,18,TOTAL_VALUE,decimal,13,23,8,YES,NO,NO
E_ESTIM_DET,19,PRODUCT_CODE,nvarchar,30,0,0,YES,NO,NO
E_ESTIM_DET,20,COMMODITY_CODE,nvarchar,30,0,0,YES,NO,NO
E_ESTIM_DET,21,SELL_RATE,decimal,9,15,8,YES,NO,NO
E_ESTIM_DET,22,CURRENCY_ID,nvarchar,30,0,0,YES,NO,NO
E_ESTIM_SUM,1,rowid,int,4,10,0,NO,YES,NO
E_ESTIM_SUM,2,eis_date,datetime,8,23,3,YES,NO,NO
E_ESTIM_SUM,3,doc_qty,decimal,9,15,2,YES,NO,NO
E_ESTIM_SUM,4,line_qty,decimal,9,15,2,YES,NO,NO
E_ESTIM_SUM,5,amount_value,decimal,13,23,8,YES,NO,NO
E_FACTLOAD_DET,1,ROWID,int,4,10,0,NO,YES,NO
E_FACTLOAD_DET,2,EIS_DATE,datetime,8,23,3,YES,NO,NO
E_FACTLOAD_DET,3,RESOURCE_ID,nvarchar,30,0,0,YES,NO,NO
E_FACTLOAD_DET,4,UNIT_ASSIGNED,smallint,2,5,0,YES,NO,NO
E_FACTLOAD_DET,5,RESOURCE_TYPE,nchar,2,0,0,YES,NO,NO
E_FACTLOAD_DET,6,TYPE,nchar,2,0,0,YES,NO,NO
E_FACTLOAD_DET,7,BASE_ID,nvarchar,60,0,0,YES,NO,NO
E_FACTLOAD_DET,8,LOT_ID,nvarchar,6,0,0,YES,NO,NO
E_FACTLOAD_DET,9,SPLIT_ID,nvarchar,6,0,0,YES,NO,NO
E_FACTLOAD_DET,10,SUB_ID,nvarchar,6,0,0,YES,NO,NO
E_FACTLOAD_DET,11,SEQ_NO,smallint,2,5,0,YES,NO,NO
E_FACTLOAD_DET,12,STATUS,nchar,2,0,0,YES,NO,NO
E_FACTLOAD_DET,13,PART_ID,nvarchar,60,0,0,YES,NO,NO
E_FACTLOAD_DET,14,DESCRIPTION,nvarchar,80,0,0,YES,NO,NO
E_FACTLOAD_DET,15,DESIRED_QTY,decimal,13,20,8,YES,NO,NO
E_FACTLOAD_DET,16,PRODUCT_CODE,nvarchar,30,0,0,YES,NO,NO
E_FACTLOAD_DET,17,COMMODITY_CODE,nvarchar,30,0,0,YES,NO,NO
E_FACTLOAD_DET,18,TOTAL_VALUE,decimal,13,23,8,YES,NO,NO
E_FACTLOAD_DET,19,SCHED_START_DATE,datetime,8,23,3,YES,NO,NO
E_FACTLOAD_DET,20,SCHED_FINISH_DATE,datetime,8,23,3,YES,NO,NO
E_FACTLOAD_DET,21,SETUP_HOURS,decimal,5,7,2,YES,NO,NO
E_FACTLOAD_DET,22,RUN_HOURS,decimal,5,7,2,YES,NO,NO
E_FACTLOAD_DET,23,ACT_SETUP_HOURS,decimal,5,7,2,YES,NO,NO
E_FACTLOAD_DET,24,ACT_RUN_HOURS,decimal,5,7,2,YES,NO,NO
E_FACTLOAD_DET,25,CAPACITY,decimal,5,7,2,YES,NO,NO
E_FACTLOAD_DET,26,LOAD,decimal,5,7,2,YES,NO,NO
E_FACTLOAD_SUM,1,rowid,int,4,10,0,NO,YES,NO
E_FACTLOAD_SUM,2,eis_date,datetime,8,23,3,YES,NO,NO
E_FACTLOAD_SUM,3,doc_qty,decimal,9,15,2,YES,NO,NO
E_FACTLOAD_SUM,4,line_qty,decimal,9,15,2,YES,NO,NO
E_FACTLOAD_SUM,5,amount_value,decimal,13,23,8,YES,NO,NO
E_GLOBAL,1,rowid,int,4,10,0,NO,YES,NO
E_GLOBAL,2,last_build_date,datetime,8,23,3,YES,NO,NO
E_GLOBAL,3,auto_build,nchar,2,0,0,YES,NO,NO
E_GLOBAL,4,auto_build_date,datetime,8,23,3,YES,NO,NO
E_GLOBAL,5,version,int,4,10,0,YES,NO,NO
E_JOBCOMP_DET,1,ROWID,int,4,10,0,NO,YES,NO
E_JOBCOMP_DET,2,EIS_DATE,datetime,8,23,3,YES,NO,NO
E_JOBCOMP_DET,3,TYPE,nchar,2,0,0,YES,NO,NO
E_JOBCOMP_DET,4,BASE_ID,nvarchar,60,0,0,YES,NO,NO
E_JOBCOMP_DET,5,LOT_ID,nvarchar,6,0,0,YES,NO,NO
E_JOBCOMP_DET,6,SPLIT_ID,nvarchar,6,0,0,YES,NO,NO
E_JOBCOMP_DET,7,STATUS,nchar,2,0,0,YES,NO,NO
E_JOBCOMP_DET,8,PART_ID,nvarchar,60,0,0,YES,NO,NO
E_JOBCOMP_DET,9,DESCRIPTION,nvarchar,80,0,0,YES,NO,NO
E_JOBCOMP_DET,10,DESIRED_QTY,decimal,13,20,8,YES,NO,NO
E_JOBCOMP_DET,11,PRODUCT_CODE,nvarchar,30,0,0,YES,NO,NO
E_JOBCOMP_DET,12,COMMODITY_CODE,nvarchar,30,0,0,YES,NO,NO
E_JOBCOMP_DET,13,TOTAL_VALUE,decimal,13,23,8,YES,NO,NO
E_JOBCOMP_DET,14,CREATE_DATE,datetime,8,23,3,YES,NO,NO
E_JOBCOMP_DET,15,DESIRED_RLS_DATE,datetime,8,23,3,YES,NO,NO
E_JOBCOMP_DET,16,DESIRED_WANT_DATE,datetime,8,23,3,YES,NO,NO
E_JOBCOMP_DET,17,SCHED_START_DATE,datetime,8,23,3,YES,NO,NO
E_JOBCOMP_DET,18,SCHED_FINISH_DATE,datetime,8,23,3,YES,NO,NO
E_JOBCOMP_DET,19,COMPLETE_DATE,datetime,8,23,3,YES,NO,NO
E_JOBCOMP_SUM,1,rowid,int,4,10,0,NO,YES,NO
E_JOBCOMP_SUM,2,eis_date,datetime,8,23,3,YES,NO,NO
E_JOBCOMP_SUM,3,doc_qty,decimal,9,15,2,YES,NO,NO
E_JOBCOMP_SUM,4,line_qty,decimal,9,15,2,YES,NO,NO
E_JOBCOMP_SUM,5,amount_value,decimal,13,23,8,YES,NO,NO
E_JOBSTARTS_DET,1,ROWID,int,4,10,0,NO,YES,NO
E_JOBSTARTS_DET,2,EIS_DATE,datetime,8,23,3,YES,NO,NO
E_JOBSTARTS_DET,3,TYPE,nchar,2,0,0,YES,NO,NO
E_JOBSTARTS_DET,4,BASE_ID,nvarchar,60,0,0,YES,NO,NO
E_JOBSTARTS_DET,5,LOT_ID,nvarchar,6,0,0,YES,NO,NO
E_JOBSTARTS_DET,6,SPLIT_ID,nvarchar,6,0,0,YES,NO,NO
E_JOBSTARTS_DET,7,STATUS,nchar,2,0,0,YES,NO,NO
E_JOBSTARTS_DET,8,PART_ID,nvarchar,60,0,0,YES,NO,NO
E_JOBSTARTS_DET,9,DESCRIPTION,nvarchar,80,0,0,YES,NO,NO
E_JOBSTARTS_DET,10,DESIRED_QTY,decimal,13,20,8,YES,NO,NO
E_JOBSTARTS_DET,11,PRODUCT_CODE,nvarchar,30,0,0,YES,NO,NO
E_JOBSTARTS_DET,12,COMMODITY_CODE,nvarchar,30,0,0,YES,NO,NO
E_JOBSTARTS_DET,13,TOTAL_VALUE,decimal,13,23,8,YES,NO,NO
E_JOBSTARTS_DET,14,CREATE_DATE,datetime,8,23,3,YES,NO,NO
E_JOBSTARTS_DET,15,DESIRED_RLS_DATE,datetime,8,23,3,YES,NO,NO
E_JOBSTARTS_DET,16,DESIRED_WANT_DATE,datetime,8,23,3,YES,NO,NO
E_JOBSTARTS_DET,17,SCHED_START_DATE,datetime,8,23,3,YES,NO,NO
E_JOBSTARTS_DET,18,SCHED_FINISH_DATE,datetime,8,23,3,YES,NO,NO
E_JOBSTARTS_DET,19,ACTUAL_RLS_DATE,datetime,8,23,3,YES,NO,NO
E_JOBSTARTS_SUM,1,rowid,int,4,10,0,NO,YES,NO
E_JOBSTARTS_SUM,2,eis_date,datetime,8,23,3,YES,NO,NO
E_JOBSTARTS_SUM,3,doc_qty,decimal,9,15,2,YES,NO,NO
E_JOBSTARTS_SUM,4,line_qty,decimal,9,15,2,YES,NO,NO
E_JOBSTARTS_SUM,5,amount_value,decimal,13,23,8,YES,NO,NO
E_LATE_DET,1,ROWID,int,4,10,0,NO,YES,NO
E_LATE_DET,2,EIS_DATE,datetime,8,23,3,YES,NO,NO
E_LATE_DET,3,ORDER_ID,nvarchar,30,0,0,YES,NO,NO
E_LATE_DET,4,ORDER_DATE,datetime,8,23,3,YES,NO,NO
E_LATE_DET,5,DESIRED_SHIP_DATE,datetime,8,23,3,YES,NO,NO
E_LATE_DET,6,CUSTOMER_ID,nvarchar,30,0,0,YES,NO,NO
E_LATE_DET,7,NAME,nvarchar,100,0,0,YES,NO,NO
E_LATE_DET,8,SALESREP_ID,nvarchar,30,0,0,YES,NO,NO
E_LATE_DET,9,TERRITORY,nvarchar,30,0,0,YES,NO,NO
E_LATE_DET,10,PO,nvarchar,80,0,0,YES,NO,NO
E_LATE_DET,11,LINE_NO,smallint,2,5,0,YES,NO,NO
E_LATE_DET,12,PART_ID,nvarchar,60,0,0,YES,NO,NO
E_LATE_DET,13,DESCRIPTION,nvarchar,80,0,0,YES,NO,NO
E_LATE_DET,14,SHIP_QTY,decimal,13,20,8,YES,NO,NO
E_LATE_DET,15,SELLING_UM,nvarchar,30,0,0,YES,NO,NO
E_LATE_DET,16,UNIT_PRICE,decimal,13,22,8,YES,NO,NO
E_LATE_DET,17,TRADE_DISC_PERCENT,decimal,5,6,3,YES,NO,NO
E_LATE_DET,18,TOTAL_VALUE,decimal,13,23,8,YES,NO,NO
E_LATE_DET,19,PRODUCT_CODE,nvarchar,30,0,0,YES,NO,NO
E_LATE_DET,20,COMMODITY_CODE,nvarchar,30,0,0,YES,NO,NO
E_LATE_DET,21,SELL_RATE,decimal,9,15,8,YES,NO,NO
E_LATE_DET,22,CURRENCY_ID,nvarchar,30,0,0,YES,NO,NO
E_LATE_SUM,1,rowid,int,4,10,0,NO,YES,NO
E_LATE_SUM,2,eis_date,datetime,8,23,3,YES,NO,NO
E_LATE_SUM,3,doc_qty,decimal,9,15,2,YES,NO,NO
E_LATE_SUM,4,line_qty,decimal,9,15,2,YES,NO,NO
E_LATE_SUM,5,amount_value,decimal,13,23,8,YES,NO,NO
E_LATEJOB_DET,1,ROWID,int,4,10,0,NO,YES,NO
E_LATEJOB_DET,2,EIS_DATE,datetime,8,23,3,YES,NO,NO
E_LATEJOB_DET,3,TYPE,nchar,2,0,0,YES,NO,NO
E_LATEJOB_DET,4,BASE_ID,nvarchar,60,0,0,YES,NO,NO
E_LATEJOB_DET,5,LOT_ID,nvarchar,6,0,0,YES,NO,NO
E_LATEJOB_DET,6,SPLIT_ID,nvarchar,6,0,0,YES,NO,NO
E_LATEJOB_DET,7,STATUS,nchar,2,0,0,YES,NO,NO
E_LATEJOB_DET,8,PART_ID,nvarchar,60,0,0,YES,NO,NO
E_LATEJOB_DET,9,DESCRIPTION,nvarchar,80,0,0,YES,NO,NO
E_LATEJOB_DET,10,DUE_QTY,decimal,13,20,8,YES,NO,NO
E_LATEJOB_DET,11,PRODUCT_CODE,nvarchar,30,0,0,YES,NO,NO
E_LATEJOB_DET,12,COMMODITY_CODE,nvarchar,30,0,0,YES,NO,NO
E_LATEJOB_DET,13,TOTAL_VALUE,decimal,13,23,8,YES,NO,NO
E_LATEJOB_DET,14,CREATE_DATE,datetime,8,23,3,YES,NO,NO
E_LATEJOB_DET,15,DESIRED_RLS_DATE,datetime,8,23,3,YES,NO,NO
E_LATEJOB_DET,16,DESIRED_WANT_DATE,datetime,8,23,3,YES,NO,NO
E_LATEJOB_DET,17,SCHED_START_DATE,datetime,8,23,3,YES,NO,NO
E_LATEJOB_DET,18,SCHED_FINISH_DATE,datetime,8,23,3,YES,NO,NO
E_LATEJOB_SUM,1,rowid,int,4,10,0,NO,YES,NO
E_LATEJOB_SUM,2,eis_date,datetime,8,23,3,YES,NO,NO
E_LATEJOB_SUM,3,doc_qty,decimal,9,15,2,YES,NO,NO
E_LATEJOB_SUM,4,line_qty,decimal,9,15,2,YES,NO,NO
E_LATEJOB_SUM,5,amount_value,decimal,13,23,8,YES,NO,NO
E_OPENJOB_DET,1,ROWID,int,4,10,0,NO,YES,NO
E_OPENJOB_DET,2,EIS_DATE,datetime,8,23,3,YES,NO,NO
E_OPENJOB_DET,3,TYPE,nchar,2,0,0,YES,NO,NO
E_OPENJOB_DET,4,BASE_ID,nvarchar,60,0,0,YES,NO,NO
E_OPENJOB_DET,5,LOT_ID,nvarchar,6,0,0,YES,NO,NO
E_OPENJOB_DET,6,SPLIT_ID,nvarchar,6,0,0,YES,NO,NO
E_OPENJOB_DET,7,STATUS,nchar,2,0,0,YES,NO,NO
E_OPENJOB_DET,8,PART_ID,nvarchar,60,0,0,YES,NO,NO
E_OPENJOB_DET,9,DESCRIPTION,nvarchar,80,0,0,YES,NO,NO
E_OPENJOB_DET,10,DESIRED_QTY,decimal,13,20,8,YES,NO,NO
E_OPENJOB_DET,11,PRODUCT_CODE,nvarchar,30,0,0,YES,NO,NO
E_OPENJOB_DET,12,COMMODITY_CODE,nvarchar,30,0,0,YES,NO,NO
E_OPENJOB_DET,13,TOTAL_VALUE,decimal,13,23,8,YES,NO,NO
E_OPENJOB_DET,14,CREATE_DATE,datetime,8,23,3,YES,NO,NO
E_OPENJOB_DET,15,DESIRED_RLS_DATE,datetime,8,23,3,YES,NO,NO
E_OPENJOB_DET,16,DESIRED_WANT_DATE,datetime,8,23,3,YES,NO,NO
E_OPENJOB_DET,17,SCHED_START_DATE,datetime,8,23,3,YES,NO,NO
E_OPENJOB_DET,18,SCHED_FINISH_DATE,datetime,8,23,3,YES,NO,NO
E_OPENJOB_SUM,1,rowid,int,4,10,0,NO,YES,NO
E_OPENJOB_SUM,2,eis_date,datetime,8,23,3,YES,NO,NO
E_OPENJOB_SUM,3,doc_qty,decimal,9,15,2,YES,NO,NO
E_OPENJOB_SUM,4,line_qty,decimal,9,15,2,YES,NO,NO
E_OPENJOB_SUM,5,amount_value,decimal,13,23,8,YES,NO,NO
E_OPENOPS_DET,1,EIS_DATE,datetime,8,23,3,YES,NO,NO
E_OPENOPS_DET,2,TYPE,nchar,2,0,0,YES,NO,NO
E_OPENOPS_DET,3,BASE_ID,nvarchar,60,0,0,YES,NO,NO
E_OPENOPS_DET,4,LOT_ID,nvarchar,6,0,0,YES,NO,NO
E_OPENOPS_DET,5,SPLIT_ID,nvarchar,6,0,0,YES,NO,NO
E_OPENOPS_DET,6,SUB_ID,nvarchar,6,0,0,YES,NO,NO
E_OPENOPS_DET,7,SEQ_NO,smallint,2,5,0,YES,NO,NO
E_OPENOPS_DET,8,STATUS,nchar,2,0,0,YES,NO,NO
E_OPENOPS_DET,9,PART_ID,nvarchar,60,0,0,YES,NO,NO
E_OPENOPS_DET,10,DESCRIPTION,nvarchar,80,0,0,YES,NO,NO
E_OPENOPS_DET,11,DESIRED_QTY,decimal,13,20,8,YES,NO,NO
E_OPENOPS_DET,12,PRODUCT_CODE,nvarchar,30,0,0,YES,NO,NO
E_OPENOPS_DET,13,COMMODITY_CODE,nvarchar,30,0,0,YES,NO,NO
E_OPENOPS_DET,14,TOTAL_VALUE,decimal,13,23,8,YES,NO,NO
E_OPENOPS_DET,15,SCHED_START_DATE,datetime,8,23,3,YES,NO,NO
E_OPENOPS_DET,16,SCHED_FINISH_DATE,datetime,8,23,3,YES,NO,NO
E_OPENOPS_DET,17,RESOURCE_ID,nvarchar,30,0,0,YES,NO,NO
E_OPENOPS_DET,18,RESOURCE_TYPE,nchar,2,0,0,YES,NO,NO
E_OPENOPS_DET,19,SETUP_HOURS,decimal,5,7,2,YES,NO,NO
E_OPENOPS_DET,20,RUN_HOURS,decimal,5,7,2,YES,NO,NO
E_OPENOPS_DET,21,ACT_SETUP_HOURS,decimal,5,7,2,YES,NO,NO
E_OPENOPS_DET,22,ACT_RUN_HOURS,decimal,5,7,2,YES,NO,NO
E_OPENOPS_SUM,1,rowid,int,4,10,0,NO,YES,NO
E_OPENOPS_SUM,2,eis_date,datetime,8,23,3,YES,NO,NO
E_OPENOPS_SUM,3,doc_qty,decimal,9,15,2,YES,NO,NO
E_OPENOPS_SUM,4,line_qty,decimal,9,15,2,YES,NO,NO
E_OPENOPS_SUM,5,amount_value,decimal,13,23,8,YES,NO,NO
E_OPSCOMPL_DET,1,ROWID,int,4,10,0,NO,YES,NO
E_OPSCOMPL_DET,2,EIS_DATE,datetime,8,23,3,YES,NO,NO
E_OPSCOMPL_DET,3,TYPE,nchar,2,0,0,YES,NO,NO
E_OPSCOMPL_DET,4,BASE_ID,nvarchar,60,0,0,YES,NO,NO
E_OPSCOMPL_DET,5,LOT_ID,nvarchar,6,0,0,YES,NO,NO
E_OPSCOMPL_DET,6,SPLIT_ID,nvarchar,6,0,0,YES,NO,NO
E_OPSCOMPL_DET,7,SUB_ID,nvarchar,6,0,0,YES,NO,NO
E_OPSCOMPL_DET,8,SEQ_NO,smallint,2,5,0,YES,NO,NO
E_OPSCOMPL_DET,9,STATUS,nchar,2,0,0,YES,NO,NO
E_OPSCOMPL_DET,10,PART_ID,nvarchar,60,0,0,YES,NO,NO
E_OPSCOMPL_DET,11,DESCRIPTION,nvarchar,80,0,0,YES,NO,NO
E_OPSCOMPL_DET,12,DESIRED_QTY,decimal,13,20,8,YES,NO,NO
E_OPSCOMPL_DET,13,PRODUCT_CODE,nvarchar,30,0,0,YES,NO,NO
E_OPSCOMPL_DET,14,COMMODITY_CODE,nvarchar,30,0,0,YES,NO,NO
E_OPSCOMPL_DET,15,TOTAL_VALUE,decimal,13,23,8,YES,NO,NO
E_OPSCOMPL_DET,16,SCHED_START_DATE,datetime,8,23,3,YES,NO,NO
E_OPSCOMPL_DET,17,SCHED_FINISH_DATE,datetime,8,23,3,YES,NO,NO
E_OPSCOMPL_DET,18,RESOURCE_ID,nvarchar,30,0,0,YES,NO,NO
E_OPSCOMPL_DET,19,RESOURCE_TYPE,nchar,2,0,0,YES,NO,NO
E_OPSCOMPL_DET,20,SETUP_HOURS,decimal,5,7,2,YES,NO,NO
E_OPSCOMPL_DET,21,RUN_HOURS,decimal,5,7,2,YES,NO,NO
E_OPSCOMPL_DET,22,ACT_SETUP_HOURS,decimal,5,7,2,YES,NO,NO
E_OPSCOMPL_DET,23,ACT_RUN_HOURS,decimal,5,7,2,YES,NO,NO
E_OPSCOMPL_SUM,1,rowid,int,4,10,0,NO,YES,NO
E_OPSCOMPL_SUM,2,eis_date,datetime,8,23,3,YES,NO,NO
E_OPSCOMPL_SUM,3,doc_qty,decimal,9,15,2,YES,NO,NO
E_OPSCOMPL_SUM,4,line_qty,decimal,9,15,2,YES,NO,NO
E_OPSCOMPL_SUM,5,amount_value,decimal,13,23,8,YES,NO,NO
E_OPSSTARTS_DET,1,ROWID,int,4,10,0,NO,YES,NO
E_OPSSTARTS_DET,2,EIS_DATE,datetime,8,23,3,YES,NO,NO
E_OPSSTARTS_DET,3,TYPE,nchar,2,0,0,YES,NO,NO
E_OPSSTARTS_DET,4,BASE_ID,nvarchar,60,0,0,YES,NO,NO
E_OPSSTARTS_DET,5,LOT_ID,nvarchar,6,0,0,YES,NO,NO
E_OPSSTARTS_DET,6,SPLIT_ID,nvarchar,6,0,0,YES,NO,NO
E_OPSSTARTS_DET,7,SUB_ID,nvarchar,6,0,0,YES,NO,NO
E_OPSSTARTS_DET,8,SEQ_NO,smallint,2,5,0,YES,NO,NO
E_OPSSTARTS_DET,9,STATUS,nchar,2,0,0,YES,NO,NO
E_OPSSTARTS_DET,10,PART_ID,nvarchar,60,0,0,YES,NO,NO
E_OPSSTARTS_DET,11,DESCRIPTION,nvarchar,80,0,0,YES,NO,NO
E_OPSSTARTS_DET,12,DESIRED_QTY,decimal,13,20,8,YES,NO,NO
E_OPSSTARTS_DET,13,PRODUCT_CODE,nvarchar,30,0,0,YES,NO,NO
E_OPSSTARTS_DET,14,COMMODITY_CODE,nvarchar,30,0,0,YES,NO,NO
E_OPSSTARTS_DET,15,TOTAL_VALUE,decimal,13,23,8,YES,NO,NO
E_OPSSTARTS_DET,16,SCHED_START_DATE,datetime,8,23,3,YES,NO,NO
E_OPSSTARTS_DET,17,SCHED_FINISH_DATE,datetime,8,23,3,YES,NO,NO
E_OPSSTARTS_DET,18,RESOURCE_ID,nvarchar,30,0,0,YES,NO,NO
E_OPSSTARTS_DET,19,RESOURCE_TYPE,nchar,2,0,0,YES,NO,NO
E_OPSSTARTS_DET,20,SETUP_HOURS,decimal,5,7,2,YES,NO,NO
E_OPSSTARTS_DET,21,RUN_HOURS,decimal,5,7,2,YES,NO,NO
E_OPSSTARTS_SUM,1,rowid,int,4,10,0,NO,YES,NO
E_OPSSTARTS_SUM,2,eis_date,datetime,8,23,3,YES,NO,NO
E_OPSSTARTS_SUM,3,doc_qty,decimal,9,15,2,YES,NO,NO
E_OPSSTARTS_SUM,4,line_qty,decimal,9,15,2,YES,NO,NO
E_OPSSTARTS_SUM,5,amount_value,decimal,13,23,8,YES,NO,NO
E_OPSSVLV_DET,1,EIS_DATE,datetime,8,23,3,YES,NO,NO
E_OPSSVLV_DET,2,TYPE,nchar,2,0,0,YES,NO,NO
E_OPSSVLV_DET,3,BASE_ID,nvarchar,60,0,0,YES,NO,NO
E_OPSSVLV_DET,4,LOT_ID,nvarchar,6,0,0,YES,NO,NO
E_OPSSVLV_DET,5,SPLIT_ID,nvarchar,6,0,0,YES,NO,NO
E_OPSSVLV_DET,6,SUB_ID,nvarchar,6,0,0,YES,NO,NO
E_OPSSVLV_DET,7,SEQ_NO,smallint,2,5,0,YES,NO,NO
E_OPSSVLV_DET,8,STATUS,nchar,2,0,0,YES,NO,NO
E_OPSSVLV_DET,9,PART_ID,nvarchar,60,0,0,YES,NO,NO
E_OPSSVLV_DET,10,DESCRIPTION,nvarchar,80,0,0,YES,NO,NO
E_OPSSVLV_DET,11,DESIRED_QTY,decimal,13,20,8,YES,NO,NO
E_OPSSVLV_DET,12,PRODUCT_CODE,nvarchar,30,0,0,YES,NO,NO
E_OPSSVLV_DET,13,COMMODITY_CODE,nvarchar,30,0,0,YES,NO,NO
E_OPSSVLV_DET,14,TOTAL_VALUE,decimal,13,23,8,YES,NO,NO
E_OPSSVLV_DET,15,SCHED_START_DATE,datetime,8,23,3,YES,NO,NO
E_OPSSVLV_DET,16,SCHED_FINISH_DATE,datetime,8,23,3,YES,NO,NO
E_OPSSVLV_DET,17,COMPLETED_DATE,datetime,8,23,3,YES,NO,NO
E_OPSSVLV_DET,18,RESOURCE_ID,nvarchar,30,0,0,YES,NO,NO
E_OPSSVLV_DET,19,RESOURCE_TYPE,nchar,2,0,0,YES,NO,NO
E_OPSSVLV_DET,20,SETUP_HOURS,decimal,5,7,2,YES,NO,NO
E_OPSSVLV_DET,21,RUN_HOURS,decimal,5,7,2,YES,NO,NO
E_OPSSVLV_DET,22,ACT_SETUP_HOURS,decimal,5,7,2,YES,NO,NO
E_OPSSVLV_DET,23,ACT_RUN_HOURS,decimal,5,7,2,YES,NO,NO
E_OPSSVLV_DET,24,STARTED_ON_TIME,nchar,2,0,0,YES,NO,NO
E_OPSSVLV_SUM,1,rowid,int,4,10,0,NO,YES,NO
E_OPSSVLV_SUM,2,eis_date,datetime,8,23,3,YES,NO,NO
E_OPSSVLV_SUM,3,doc_qty,decimal,9,15,2,YES,NO,NO
E_OPSSVLV_SUM,4,line_qty,decimal,9,15,2,YES,NO,NO
E_OPSSVLV_SUM,5,amount_value,decimal,13,23,8,YES,NO,NO
E_PAYABLE_DET,1,ROWID,int,4,10,0,NO,YES,NO
E_PAYABLE_DET,2,EIS_DATE,datetime,8,23,3,YES,NO,NO
E_PAYABLE_DET,3,VOUCHER_ID,nvarchar,30,0,0,YES,NO,NO
E_PAYABLE_DET,4,VENDOR_ID,nvarchar,30,0,0,YES,NO,NO
E_PAYABLE_DET,5,VENDOR_NAME,nvarchar,100,0,0,YES,NO,NO
E_PAYABLE_DET,6,INVOICE_ID,nvarchar,30,0,0,YES,NO,NO
E_PAYABLE_DET,7,ENTITY_ID,nvarchar,10,0,0,YES,NO,NO
E_PAYABLE_DET,8,INVOICE_DATE,datetime,8,23,3,YES,NO,NO
E_PAYABLE_DET,9,PAYMENT_DATE,datetime,8,23,3,YES,NO,NO
E_PAYABLE_DET,10,TOTAL_VALUE,decimal,13,23,8,YES,NO,NO
E_PAYABLE_DET,11,AGE,int,4,10,0,YES,NO,NO
E_PAYABLE_DET,12,SELL_RATE,decimal,9,15,8,YES,NO,NO
E_PAYABLE_DET,13,CURRENCY_ID,nvarchar,30,0,0,YES,NO,NO
E_PAYABLE_SUM,1,rowid,int,4,10,0,NO,YES,NO
E_PAYABLE_SUM,2,eis_date,datetime,8,23,3,YES,NO,NO
E_PAYABLE_SUM,3,doc_qty,decimal,9,15,2,YES,NO,NO
E_PAYABLE_SUM,4,line_qty,decimal,9,15,2,YES,NO,NO
E_PAYABLE_SUM,5,amount_value,decimal,13,23,8,YES,NO,NO
E_PAYB_INV_DET,1,ROWID,int,4,10,0,NO,YES,NO
E_PAYB_INV_DET,2,EIS_DATE,datetime,8,23,3,YES,NO,NO
E_PAYB_INV_DET,3,VOUCHER_ID,nvarchar,30,0,0,YES,NO,NO
E_PAYB_INV_DET,4,VENDOR_ID,nvarchar,30,0,0,YES,NO,NO
E_PAYB_INV_DET,5,VENDOR_NAME,nvarchar,100,0,0,YES,NO,NO
E_PAYB_INV_DET,6,INVOICE_ID,nvarchar,30,0,0,YES,NO,NO
E_PAYB_INV_DET,7,ENTITY_ID,nvarchar,10,0,0,YES,NO,NO
E_PAYB_INV_DET,8,INVOICE_DATE,datetime,8,23,3,YES,NO,NO
E_PAYB_INV_DET,9,PAYMENT_DATE,datetime,8,23,3,YES,NO,NO
E_PAYB_INV_DET,10,TOTAL_VALUE,decimal,13,23,8,YES,NO,NO
E_PAYB_INV_DET,11,SELL_RATE,decimal,9,15,8,YES,NO,NO
E_PAYB_INV_DET,12,CURRENCY_ID,nvarchar,30,0,0,YES,NO,NO
E_PAYB_INV_SUM,1,rowid,int,4,10,0,NO,YES,NO
E_PAYB_INV_SUM,2,eis_date,datetime,8,23,3,YES,NO,NO
E_PAYB_INV_SUM,3,doc_qty,decimal,9,15,2,YES,NO,NO
E_PAYB_INV_SUM,4,line_qty,decimal,9,15,2,YES,NO,NO
E_PAYB_INV_SUM,5,amount_value,decimal,13,23,8,YES,NO,NO
E_PAYB_NEW_DET,1,EIS_DATE,datetime,8,23,3,YES,NO,NO
E_PAYB_NEW_DET,2,VOUCHER_ID,nvarchar,30,0,0,YES,NO,NO
E_PAYB_NEW_DET,3,VENDOR_ID,nvarchar,30,0,0,YES,NO,NO
E_PAYB_NEW_DET,4,VENDOR_NAME,nvarchar,100,0,0,YES,NO,NO
E_PAYB_NEW_DET,5,INVOICE_ID,nvarchar,30,0,0,YES,NO,NO
E_PAYB_NEW_DET,6,ENTITY_ID,nvarchar,10,0,0,YES,NO,NO
E_PAYB_NEW_DET,7,INVOICE_DATE,datetime,8,23,3,YES,NO,NO
E_PAYB_NEW_DET,8,PAYMENT_DATE,datetime,8,23,3,YES,NO,NO
E_PAYB_NEW_DET,9,TOTAL_VALUE,decimal,13,23,8,YES,NO,NO
E_PAYB_NEW_DET,10,SELL_RATE,decimal,9,15,8,YES,NO,NO
E_PAYB_NEW_DET,11,CURRENCY_ID,nvarchar,30,0,0,YES,NO,NO
E_PAYB_NEW_SUM,1,rowid,int,4,10,0,NO,YES,NO
E_PAYB_NEW_SUM,2,eis_date,datetime,8,23,3,YES,NO,NO
E_PAYB_NEW_SUM,3,doc_qty,decimal,9,15,2,YES,NO,NO
E_PAYB_NEW_SUM,4,line_qty,decimal,9,15,2,YES,NO,NO
E_PAYB_NEW_SUM,5,amount_value,decimal,13,23,8,YES,NO,NO
E_PROFORMA_DET,1,ROWID,int,4,10,0,NO,YES,NO
E_PROFORMA_DET,2,EIS_DATE,datetime,8,23,3,YES,NO,NO
E_PROFORMA_DET,3,ID,nvarchar,30,0,0,YES,NO,NO
E_PROFORMA_DET,4,QUOTE_DATE,datetime,8,23,3,YES,NO,NO
E_PROFORMA_DET,5,CUSTOMER_ID,nvarchar,30,0,0,YES,NO,NO
E_PROFORMA_DET,6,SALESREP_ID,nvarchar,30,0,0,YES,NO,NO
E_PROFORMA_DET,7,USER_ID,nvarchar,40,0,0,YES,NO,NO
E_PROFORMA_DET,8,TERRITORY,nvarchar,30,0,0,YES,NO,NO
E_PROFORMA_DET,9,NAME,nvarchar,100,0,0,YES,NO,NO
E_PROFORMA_DET,10,LINE_NO,smallint,2,5,0,YES,NO,NO
E_PROFORMA_DET,11,PART_ID,nvarchar,60,0,0,YES,NO,NO
E_PROFORMA_DET,12,DESCRIPTION,nvarchar,80,0,0,YES,NO,NO
E_PROFORMA_DET,13,QTY,decimal,13,20,8,YES,NO,NO
E_PROFORMA_DET,14,SELLING_UM,nvarchar,30,0,0,YES,NO,NO
E_PROFORMA_DET,15,UNIT_PRICE,decimal,13,22,8,YES,NO,NO
E_PROFORMA_DET,16,TRADE_DISC_PERCENT,decimal,5,6,3,YES,NO,NO
E_PROFORMA_DET,17,TOTAL_VALUE,decimal,13,23,8,YES,NO,NO
E_PROFORMA_DET,18,PRODUCT_CODE,nvarchar,30,0,0,YES,NO,NO
E_PROFORMA_DET,19,COMMODITY_CODE,nvarchar,30,0,0,YES,NO,NO
E_PROFORMA_DET,20,SELL_RATE,decimal,9,15,8,YES,NO,NO
E_PROFORMA_DET,21,CURRENCY_ID,nvarchar,30,0,0,YES,NO,NO
E_PROFORMA_SUM,1,rowid,int,4,10,0,NO,YES,NO
E_PROFORMA_SUM,2,eis_date,datetime,8,23,3,YES,NO,NO
E_PROFORMA_SUM,3,doc_qty,decimal,9,15,2,YES,NO,NO
E_PROFORMA_SUM,4,line_qty,decimal,9,15,2,YES,NO,NO
E_PROFORMA_SUM,5,amount_value,decimal,13,23,8,YES,NO,NO
E_PURCBACK_DET,1,ROWID,int,4,10,0,NO,YES,NO
E_PURCBACK_DET,2,EIS_DATE,datetime,8,23,3,YES,NO,NO
E_PURCBACK_DET,3,ID,nvarchar,30,0,0,YES,NO,NO
E_PURCBACK_DET,4,ORDER_DATE,datetime,8,23,3,YES,NO,NO
E_PURCBACK_DET,5,DESIRED_RECV_DATE,datetime,8,23,3,YES,NO,NO
E_PURCBACK_DET,6,STATUS,nchar,2,0,0,YES,NO,NO
E_PURCBACK_DET,7,VENDOR_ID,nvarchar,30,0,0,YES,NO,NO
E_PURCBACK_DET,8,VENDOR_NAME,nvarchar,100,0,0,YES,NO,NO
E_PURCBACK_DET,9,BUYER,nvarchar,30,0,0,YES,NO,NO
E_PURCBACK_DET,10,LINE_NO,smallint,2,5,0,YES,NO,NO
E_PURCBACK_DET,11,PART_ID,nvarchar,60,0,0,YES,NO,NO
E_PURCBACK_DET,12,DESCRIPTION,nvarchar,80,0,0,YES,NO,NO
E_PURCBACK_DET,13,USER_ORDER_QTY,decimal,13,20,8,YES,NO,NO
E_PURCBACK_DET,14,REMAINING_QTY,decimal,13,20,8,YES,NO,NO
E_PURCBACK_DET,15,PURCHASE_UM,nvarchar,30,0,0,YES,NO,NO
E_PURCBACK_DET,16,UNIT_PRICE,decimal,13,22,8,YES,NO,NO
E_PURCBACK_DET,17,TRADE_DISC_PERCENT,decimal,5,6,3,YES,NO,NO
E_PURCBACK_DET,18,TOTAL_VALUE,decimal,13,23,8,YES,NO,NO
E_PURCBACK_DET,19,PRODUCT_CODE,nvarchar,30,0,0,YES,NO,NO
E_PURCBACK_DET,20,COMMODITY_CODE,nvarchar,30,0,0,YES,NO,NO
E_PURCBACK_DET,21,SELL_RATE,decimal,9,15,8,YES,NO,NO
E_PURCBACK_DET,22,CURRENCY_ID,nvarchar,30,0,0,YES,NO,NO
E_PURCBACK_SUM,1,rowid,int,4,10,0,NO,YES,NO
E_PURCBACK_SUM,2,eis_date,datetime,8,23,3,YES,NO,NO
E_PURCBACK_SUM,3,doc_qty,decimal,9,15,2,YES,NO,NO
E_PURCBACK_SUM,4,line_qty,decimal,9,15,2,YES,NO,NO
E_PURCBACK_SUM,5,amount_value,decimal,13,23,8,YES,NO,NO
E_PURCLATE_DET,1,ROWID,int,4,10,0,NO,YES,NO
E_PURCLATE_DET,2,EIS_DATE,datetime,8,23,3,YES,NO,NO
E_PURCLATE_DET,3,ID,nvarchar,30,0,0,YES,NO,NO
E_PURCLATE_DET,4,ORDER_DATE,datetime,8,23,3,YES,NO,NO
E_PURCLATE_DET,5,DESIRED_RECV_DATE,datetime,8,23,3,YES,NO,NO
E_PURCLATE_DET,6,STATUS,nchar,2,0,0,YES,NO,NO
E_PURCLATE_DET,7,VENDOR_ID,nvarchar,30,0,0,YES,NO,NO
E_PURCLATE_DET,8,VENDOR_NAME,nvarchar,100,0,0,YES,NO,NO
E_PURCLATE_DET,9,BUYER,nvarchar,30,0,0,YES,NO,NO
E_PURCLATE_DET,10,LINE_NO,smallint,2,5,0,YES,NO,NO
E_PURCLATE_DET,11,PART_ID,nvarchar,60,0,0,YES,NO,NO
E_PURCLATE_DET,12,DESCRIPTION,nvarchar,80,0,0,YES,NO,NO
E_PURCLATE_DET,13,USER_ORDER_QTY,decimal,13,20,8,YES,NO,NO
E_PURCLATE_DET,14,PURCHASE_UM,nvarchar,30,0,0,YES,NO,NO
E_PURCLATE_DET,15,UNIT_PRICE,decimal,13,22,8,YES,NO,NO
E_PURCLATE_DET,16,TRADE_DISC_PERCENT,decimal,5,6,3,YES,NO,NO
E_PURCLATE_DET,17,TOTAL_VALUE,decimal,13,23,8,YES,NO,NO
E_PURCLATE_DET,18,PRODUCT_CODE,nvarchar,30,0,0,YES,NO,NO
E_PURCLATE_DET,19,COMMODITY_CODE,nvarchar,30,0,0,YES,NO,NO
E_PURCLATE_DET,20,SELL_RATE,decimal,9,15,8,YES,NO,NO
E_PURCLATE_DET,21,CURRENCY_ID,nvarchar,30,0,0,YES,NO,NO
E_PURCLATE_SUM,1,rowid,int,4,10,0,NO,YES,NO
E_PURCLATE_SUM,2,eis_date,datetime,8,23,3,YES,NO,NO
E_PURCLATE_SUM,3,doc_qty,decimal,9,15,2,YES,NO,NO
E_PURCLATE_SUM,4,line_qty,decimal,9,15,2,YES,NO,NO
E_PURCLATE_SUM,5,amount_value,decimal,13,23,8,YES,NO,NO
E_PURCOPEN_DET,1,ROWID,int,4,10,0,NO,YES,NO
E_PURCOPEN_DET,2,EIS_DATE,datetime,8,23,3,YES,NO,NO
E_PURCOPEN_DET,3,ID,nvarchar,30,0,0,YES,NO,NO
E_PURCOPEN_DET,4,ORDER_DATE,datetime,8,23,3,YES,NO,NO
E_PURCOPEN_DET,5,DESIRED_RECV_DATE,datetime,8,23,3,YES,NO,NO
E_PURCOPEN_DET,6,STATUS,nchar,2,0,0,YES,NO,NO
E_PURCOPEN_DET,7,VENDOR_ID,nvarchar,30,0,0,YES,NO,NO
E_PURCOPEN_DET,8,VENDOR_NAME,nvarchar,100,0,0,YES,NO,NO
E_PURCOPEN_DET,9,BUYER,nvarchar,30,0,0,YES,NO,NO
E_PURCOPEN_DET,10,LINE_NO,smallint,2,5,0,YES,NO,NO
E_PURCOPEN_DET,11,PART_ID,nvarchar,60,0,0,YES,NO,NO
E_PURCOPEN_DET,12,DESCRIPTION,nvarchar,80,0,0,YES,NO,NO
E_PURCOPEN_DET,13,USER_ORDER_QTY,decimal,13,20,8,YES,NO,NO
E_PURCOPEN_DET,14,REMAINING_QTY,decimal,13,20,8,YES,NO,NO
E_PURCOPEN_DET,15,PURCHASE_UM,nvarchar,30,0,0,YES,NO,NO
E_PURCOPEN_DET,16,UNIT_PRICE,decimal,13,22,8,YES,NO,NO
E_PURCOPEN_DET,17,TRADE_DISC_PERCENT,decimal,5,6,3,YES,NO,NO
E_PURCOPEN_DET,18,TOTAL_VALUE,decimal,13,23,8,YES,NO,NO
E_PURCOPEN_DET,19,PRODUCT_CODE,nvarchar,30,0,0,YES,NO,NO
E_PURCOPEN_DET,20,COMMODITY_CODE,nvarchar,30,0,0,YES,NO,NO
E_PURCOPEN_DET,21,SELL_RATE,decimal,9,15,8,YES,NO,NO
E_PURCOPEN_DET,22,CURRENCY_ID,nvarchar,30,0,0,YES,NO,NO
E_PURCOPEN_SUM,1,rowid,int,4,10,0,NO,YES,NO
E_PURCOPEN_SUM,2,eis_date,datetime,8,23,3,YES,NO,NO
E_PURCOPEN_SUM,3,doc_qty,decimal,9,15,2,YES,NO,NO
E_PURCOPEN_SUM,4,line_qty,decimal,9,15,2,YES,NO,NO
E_PURCOPEN_SUM,5,amount_value,decimal,13,23,8,YES,NO,NO
E_PURCORD_DET,1,ROWID,int,4,10,0,NO,YES,NO
E_PURCORD_DET,2,EIS_DATE,datetime,8,23,3,YES,NO,NO
E_PURCORD_DET,3,ID,nvarchar,30,0,0,YES,NO,NO
E_PURCORD_DET,4,ORDER_DATE,datetime,8,23,3,YES,NO,NO
E_PURCORD_DET,5,DESIRED_RECV_DATE,datetime,8,23,3,YES,NO,NO
E_PURCORD_DET,6,STATUS,nchar,2,0,0,YES,NO,NO
E_PURCORD_DET,7,VENDOR_ID,nvarchar,30,0,0,YES,NO,NO
E_PURCORD_DET,8,VENDOR_NAME,nvarchar,100,0,0,YES,NO,NO
E_PURCORD_DET,9,BUYER,nvarchar,30,0,0,YES,NO,NO
E_PURCORD_DET,10,LINE_NO,smallint,2,5,0,YES,NO,NO
E_PURCORD_DET,11,PART_ID,nvarchar,60,0,0,YES,NO,NO
E_PURCORD_DET,12,DESCRIPTION,nvarchar,80,0,0,YES,NO,NO
E_PURCORD_DET,13,USER_ORDER_QTY,decimal,13,20,8,YES,NO,NO
E_PURCORD_DET,14,PURCHASE_UM,nvarchar,30,0,0,YES,NO,NO
E_PURCORD_DET,15,UNIT_PRICE,decimal,13,22,8,YES,NO,NO
E_PURCORD_DET,16,TRADE_DISC_PERCENT,decimal,5,6,3,YES,NO,NO
E_PURCORD_DET,17,TOTAL_VALUE,decimal,13,23,8,YES,NO,NO
E_PURCORD_DET,18,PRODUCT_CODE,nvarchar,30,0,0,YES,NO,NO
E_PURCORD_DET,19,COMMODITY_CODE,nvarchar,30,0,0,YES,NO,NO
E_PURCORD_DET,20,SELL_RATE,decimal,9,15,8,YES,NO,NO
E_PURCORD_DET,21,CURRENCY_ID,nvarchar,30,0,0,YES,NO,NO
E_PURCORD_SUM,1,rowid,int,4,10,0,NO,YES,NO
E_PURCORD_SUM,2,eis_date,datetime,8,23,3,YES,NO,NO
E_PURCORD_SUM,3,doc_qty,decimal,9,15,2,YES,NO,NO
E_PURCORD_SUM,4,line_qty,decimal,9,15,2,YES,NO,NO
E_PURCORD_SUM,5,amount_value,decimal,13,23,8,YES,NO,NO
E_PURCRECV_DET,1,ROWID,int,4,10,0,NO,YES,NO
E_PURCRECV_DET,2,EIS_DATE,datetime,8,23,3,YES,NO,NO
E_PURCRECV_DET,3,ID,nvarchar,30,0,0,YES,NO,NO
E_PURCRECV_DET,4,ORDER_DATE,datetime,8,23,3,YES,NO,NO
E_PURCRECV_DET,5,DESIRED_RECV_DATE,datetime,8,23,3,YES,NO,NO
E_PURCRECV_DET,6,STATUS,nchar,2,0,0,YES,NO,NO
E_PURCRECV_DET,7,VENDOR_ID,nvarchar,30,0,0,YES,NO,NO
E_PURCRECV_DET,8,VENDOR_NAME,nvarchar,100,0,0,YES,NO,NO
E_PURCRECV_DET,9,BUYER,nvarchar,30,0,0,YES,NO,NO
E_PURCRECV_DET,10,LINE_NO,smallint,2,5,0,YES,NO,NO
E_PURCRECV_DET,11,PART_ID,nvarchar,60,0,0,YES,NO,NO
E_PURCRECV_DET,12,DESCRIPTION,nvarchar,80,0,0,YES,NO,NO
E_PURCRECV_DET,13,USER_ORDER_QTY,decimal,13,20,8,YES,NO,NO
E_PURCRECV_DET,14,PURCHASE_UM,nvarchar,30,0,0,YES,NO,NO
E_PURCRECV_DET,15,UNIT_PRICE,decimal,13,22,8,YES,NO,NO
E_PURCRECV_DET,16,TRADE_DISC_PERCENT,decimal,5,6,3,YES,NO,NO
E_PURCRECV_DET,17,TOTAL_AMT_RECEIVED,decimal,13,23,8,YES,NO,NO
E_PURCRECV_DET,18,PRODUCT_CODE,nvarchar,30,0,0,YES,NO,NO
E_PURCRECV_DET,19,COMMODITY_CODE,nvarchar,30,0,0,YES,NO,NO
E_PURCRECV_DET,20,RECEIVED_DATE,datetime,8,23,3,YES,NO,NO
E_PURCRECV_DET,21,THIS_REC_QTY,decimal,13,20,8,YES,NO,NO
E_PURCRECV_DET,22,TODATE_REC_QTY,decimal,13,20,8,YES,NO,NO
E_PURCRECV_DET,23,SELL_RATE,decimal,9,15,8,YES,NO,NO
E_PURCRECV_DET,24,CURRENCY_ID,nvarchar,30,0,0,YES,NO,NO
E_PURCRECV_SUM,1,rowid,int,4,10,0,NO,YES,NO
E_PURCRECV_SUM,2,eis_date,datetime,8,23,3,YES,NO,NO
E_PURCRECV_SUM,3,doc_qty,decimal,9,15,2,YES,NO,NO
E_PURCRECV_SUM,4,line_qty,decimal,9,15,2,YES,NO,NO
E_PURCRECV_SUM,5,amount_value,decimal,13,23,8,YES,NO,NO
E_PURCSVLV_DET,1,ROWID,int,4,10,0,NO,YES,NO
E_PURCSVLV_DET,2,EIS_DATE,datetime,8,23,3,YES,NO,NO
E_PURCSVLV_DET,3,ID,nvarchar,30,0,0,YES,NO,NO
E_PURCSVLV_DET,4,ORDER_DATE,datetime,8,23,3,YES,NO,NO
E_PURCSVLV_DET,5,DESIRED_RECV_DATE,datetime,8,23,3,YES,NO,NO
E_PURCSVLV_DET,6,STATUS,nchar,2,0,0,YES,NO,NO
E_PURCSVLV_DET,7,VENDOR_ID,nvarchar,30,0,0,YES,NO,NO
E_PURCSVLV_DET,8,VENDOR_NAME,nvarchar,100,0,0,YES,NO,NO
E_PURCSVLV_DET,9,BUYER,nvarchar,30,0,0,YES,NO,NO
E_PURCSVLV_DET,10,LINE_NO,smallint,2,5,0,YES,NO,NO
E_PURCSVLV_DET,11,PART_ID,nvarchar,60,0,0,YES,NO,NO
E_PURCSVLV_DET,12,DESCRIPTION,nvarchar,80,0,0,YES,NO,NO
E_PURCSVLV_DET,13,USER_ORDER_QTY,decimal,13,20,8,YES,NO,NO
E_PURCSVLV_DET,14,PURCHASE_UM,nvarchar,30,0,0,YES,NO,NO
E_PURCSVLV_DET,15,UNIT_PRICE,decimal,13,22,8,YES,NO,NO
E_PURCSVLV_DET,16,TRADE_DISC_PERCENT,decimal,5,6,3,YES,NO,NO
E_PURCSVLV_DET,17,TOTAL_VALUE,decimal,13,23,8,YES,NO,NO
E_PURCSVLV_DET,18,PRODUCT_CODE,nvarchar,30,0,0,YES,NO,NO
E_PURCSVLV_DET,19,COMMODITY_CODE,nvarchar,30,0,0,YES,NO,NO
E_PURCSVLV_DET,20,RECEIVED_DATE,datetime,8,23,3,YES,NO,NO
E_PURCSVLV_DET,21,THIS_REC_QTY,decimal,13,20,8,YES,NO,NO
E_PURCSVLV_DET,22,TODATE_REC_QTY,decimal,13,20,8,YES,NO,NO
E_PURCSVLV_DET,23,RECEIVED_ON_TIME,nchar,2,0,0,YES,NO,NO
E_PURCSVLV_DET,24,SELL_RATE,decimal,9,15,8,YES,NO,NO
E_PURCSVLV_DET,25,CURRENCY_ID,nvarchar,30,0,0,YES,NO,NO
E_PURCSVLV_SUM,1,rowid,int,4,10,0,NO,YES,NO
E_PURCSVLV_SUM,2,eis_date,datetime,8,23,3,YES,NO,NO
E_PURCSVLV_SUM,3,doc_qty,decimal,9,15,2,YES,NO,NO
E_PURCSVLV_SUM,4,line_qty,decimal,9,15,2,YES,NO,NO
E_PURCSVLV_SUM,5,amount_value,decimal,13,23,8,YES,NO,NO
E_RECEIVABLE_DET,1,ROWID,int,4,10,0,NO,YES,NO
E_RECEIVABLE_DET,2,EIS_DATE,datetime,8,23,3,YES,NO,NO
E_RECEIVABLE_DET,3,INVOICE_ID,nvarchar,30,0,0,YES,NO,NO
E_RECEIVABLE_DET,4,CUSTOMER_ID,nvarchar,30,0,0,YES,NO,NO
E_RECEIVABLE_DET,5,CUSTOMER_NAME,nvarchar,100,0,0,YES,NO,NO
E_RECEIVABLE_DET,6,ENTITY_ID,nvarchar,10,0,0,YES,NO,NO
E_RECEIVABLE_DET,7,INVOICE_DATE,datetime,8,23,3,YES,NO,NO
E_RECEIVABLE_DET,8,PAYMENT_DATE,datetime,8,23,3,YES,NO,NO
E_RECEIVABLE_DET,9,TOTAL_VALUE,decimal,13,23,8,YES,NO,NO
E_RECEIVABLE_DET,10,AGE,int,4,10,0,YES,NO,NO
E_RECEIVABLE_DET,11,SELL_RATE,decimal,9,15,8,YES,NO,NO
E_RECEIVABLE_DET,12,CURRENCY_ID,nvarchar,30,0,0,YES,NO,NO
E_RECEIVABLE_SUM,1,rowid,int,4,10,0,NO,YES,NO
E_RECEIVABLE_SUM,2,eis_date,datetime,8,23,3,YES,NO,NO
E_RECEIVABLE_SUM,3,doc_qty,decimal,9,15,2,YES,NO,NO
E_RECEIVABLE_SUM,4,line_qty,decimal,9,15,2,YES,NO,NO
E_RECEIVABLE_SUM,5,amount_value,decimal,13,23,8,YES,NO,NO
E_RECV_INV_DET,1,EIS_DATE,datetime,8,23,3,YES,NO,NO
E_RECV_INV_DET,2,INVOICE_ID,nvarchar,30,0,0,YES,NO,NO
E_RECV_INV_DET,3,CUSTOMER_ID,nvarchar,30,0,0,YES,NO,NO
E_RECV_INV_DET,4,CUSTOMER_NAME,nvarchar,100,0,0,YES,NO,NO
E_RECV_INV_DET,5,ENTITY_ID,nvarchar,10,0,0,YES,NO,NO
E_RECV_INV_DET,6,INVOICE_DATE,datetime,8,23,3,YES,NO,NO
E_RECV_INV_DET,7,PAYMENT_DATE,datetime,8,23,3,YES,NO,NO
E_RECV_INV_DET,8,TOTAL_VALUE,decimal,13,23,8,YES,NO,NO
E_RECV_INV_DET,9,AGE,int,4,10,0,YES,NO,NO
E_RECV_INV_DET,10,SELL_RATE,decimal,9,15,8,YES,NO,NO
E_RECV_INV_DET,11,CURRENCY_ID,nvarchar,30,0,0,YES,NO,NO
E_RECV_INV_SUM,1,rowid,int,4,10,0,NO,YES,NO
E_RECV_INV_SUM,2,eis_date,datetime,8,23,3,YES,NO,NO
E_RECV_INV_SUM,3,doc_qty,decimal,9,15,2,YES,NO,NO
E_RECV_INV_SUM,4,line_qty,decimal,9,15,2,YES,NO,NO
E_RECV_INV_SUM,5,amount_value,decimal,13,23,8,YES,NO,NO
E_RECV_NEW_DET,1,ROWID,int,4,10,0,NO,YES,NO
E_RECV_NEW_DET,2,EIS_DATE,datetime,8,23,3,YES,NO,NO
E_RECV_NEW_DET,3,INVOICE_ID,nvarchar,30,0,0,YES,NO,NO
E_RECV_NEW_DET,4,CUSTOMER_ID,nvarchar,30,0,0,YES,NO,NO
E_RECV_NEW_DET,5,CUSTOMER_NAME,nvarchar,100,0,0,YES,NO,NO
E_RECV_NEW_DET,6,ENTITY_ID,nvarchar,10,0,0,YES,NO,NO
E_RECV_NEW_DET,7,INVOICE_DATE,datetime,8,23,3,YES,NO,NO
E_RECV_NEW_DET,8,PAYMENT_DATE,datetime,8,23,3,YES,NO,NO
E_RECV_NEW_DET,9,TOTAL_VALUE,decimal,13,23,8,YES,NO,NO
E_RECV_NEW_DET,10,AGE,int,4,10,0,YES,NO,NO
E_RECV_NEW_DET,11,SELL_RATE,decimal,9,15,8,YES,NO,NO
E_RECV_NEW_DET,12,CURRENCY_ID,nvarchar,30,0,0,YES,NO,NO
E_RECV_NEW_SUM,1,rowid,int,4,10,0,NO,YES,NO
E_RECV_NEW_SUM,2,eis_date,datetime,8,23,3,YES,NO,NO
E_RECV_NEW_SUM,3,doc_qty,decimal,9,15,2,YES,NO,NO
E_RECV_NEW_SUM,4,line_qty,decimal,9,15,2,YES,NO,NO
E_RECV_NEW_SUM,5,amount_value,decimal,13,23,8,YES,NO,NO
E_SCHEDSVLV_DET,1,ROWID,int,4,10,0,NO,YES,NO
E_SCHEDSVLV_DET,2,EIS_DATE,datetime,8,23,3,YES,NO,NO
E_SCHEDSVLV_DET,3,TYPE,nchar,2,0,0,YES,NO,NO
E_SCHEDSVLV_DET,4,BASE_ID,nvarchar,60,0,0,YES,NO,NO
E_SCHEDSVLV_DET,5,LOT_ID,nvarchar,6,0,0,YES,NO,NO
E_SCHEDSVLV_DET,6,SPLIT_ID,nvarchar,6,0,0,YES,NO,NO
E_SCHEDSVLV_DET,7,STATUS,nchar,2,0,0,YES,NO,NO
E_SCHEDSVLV_DET,8,PART_ID,nvarchar,60,0,0,YES,NO,NO
E_SCHEDSVLV_DET,9,DESCRIPTION,nvarchar,80,0,0,YES,NO,NO
E_SCHEDSVLV_DET,10,DESIRED_QTY,decimal,13,20,8,YES,NO,NO
E_SCHEDSVLV_DET,11,PRODUCT_CODE,nvarchar,30,0,0,YES,NO,NO
E_SCHEDSVLV_DET,12,COMMODITY_CODE,nvarchar,30,0,0,YES,NO,NO
E_SCHEDSVLV_DET,13,TOTAL_VALUE,decimal,13,23,8,YES,NO,NO
E_SCHEDSVLV_DET,14,CREATE_DATE,datetime,8,23,3,YES,NO,NO
E_SCHEDSVLV_DET,15,DESIRED_RLS_DATE,datetime,8,23,3,YES,NO,NO
E_SCHEDSVLV_DET,16,DESIRED_WANT_DATE,datetime,8,23,3,YES,NO,NO
E_SCHEDSVLV_DET,17,SCHED_START_DATE,datetime,8,23,3,YES,NO,NO
E_SCHEDSVLV_DET,18,SCHED_FINISH_DATE,datetime,8,23,3,YES,NO,NO
E_SCHEDSVLV_DET,19,COMPLETE_DATE,datetime,8,23,3,YES,NO,NO
E_SCHEDSVLV_DET,20,RECEIVED_ON_TIME,nchar,2,0,0,YES,NO,NO
E_SCHEDSVLV_SUM,1,rowid,int,4,10,0,NO,YES,NO
E_SCHEDSVLV_SUM,2,eis_date,datetime,8,23,3,YES,NO,NO
E_SCHEDSVLV_SUM,3,doc_qty,decimal,9,15,2,YES,NO,NO
E_SCHEDSVLV_SUM,4,line_qty,decimal,9,15,2,YES,NO,NO
E_SCHEDSVLV_SUM,5,amount_value,decimal,13,23,8,YES,NO,NO
E_SHIP_DET,1,ROWID,int,4,10,0,NO,YES,NO
E_SHIP_DET,2,EIS_DATE,datetime,8,23,3,YES,NO,NO
E_SHIP_DET,3,ORDER_ID,nvarchar,30,0,0,YES,NO,NO
E_SHIP_DET,4,ORDER_DATE,datetime,8,23,3,YES,NO,NO
E_SHIP_DET,5,DESIRED_SHIP_DATE,datetime,8,23,3,YES,NO,NO
E_SHIP_DET,6,SHIPPED_DATE,datetime,8,23,3,YES,NO,NO
E_SHIP_DET,7,PACKLIST_ID,nvarchar,30,0,0,YES,NO,NO
E_SHIP_DET,8,SALESREP_ID,nvarchar,30,0,0,YES,NO,NO
E_SHIP_DET,9,TERRITORY,nvarchar,30,0,0,YES,NO,NO
E_SHIP_DET,10,CUSTOMER_ID,nvarchar,30,0,0,YES,NO,NO
E_SHIP_DET,11,NAME,nvarchar,100,0,0,YES,NO,NO
E_SHIP_DET,12,LINE_NO,smallint,2,5,0,YES,NO,NO
E_SHIP_DET,13,PART_ID,nvarchar,60,0,0,YES,NO,NO
E_SHIP_DET,14,DESCRIPTION,nvarchar,80,0,0,YES,NO,NO
E_SHIP_DET,15,SHIP_QTY,decimal,13,20,8,YES,NO,NO
E_SHIP_DET,16,SELLING_UM,nvarchar,30,0,0,YES,NO,NO
E_SHIP_DET,17,UNIT_PRICE,decimal,13,22,8,YES,NO,NO
E_SHIP_DET,18,TRADE_DISC_PERCENT,decimal,5,6,3,YES,NO,NO
E_SHIP_DET,19,TOTAL_VALUE,decimal,13,23,8,YES,NO,NO
E_SHIP_DET,20,PRODUCT_CODE,nvarchar,30,0,0,YES,NO,NO
E_SHIP_DET,21,COMMODITY_CODE,nvarchar,30,0,0,YES,NO,NO
E_SHIP_DET,22,SELL_RATE,decimal,9,15,8,YES,NO,NO
E_SHIP_DET,23,CURRENCY_ID,nvarchar,30,0,0,YES,NO,NO
E_SHIP_SUM,1,rowid,int,4,10,0,NO,YES,NO
E_SHIP_SUM,2,eis_date,datetime,8,23,3,YES,NO,NO
E_SHIP_SUM,3,doc_qty,decimal,9,15,2,YES,NO,NO
E_SHIP_SUM,4,line_qty,decimal,9,15,2,YES,NO,NO
E_SHIP_SUM,5,amount_value,decimal,13,23,8,YES,NO,NO
E_WANTSVLV_DET,1,ROWID,int,4,10,0,NO,YES,NO
E_WANTSVLV_DET,2,EIS_DATE,datetime,8,23,3,YES,NO,NO
E_WANTSVLV_DET,3,TYPE,nchar,2,0,0,YES,NO,NO
E_WANTSVLV_DET,4,BASE_ID,nvarchar,60,0,0,YES,NO,NO
E_WANTSVLV_DET,5,LOT_ID,nvarchar,6,0,0,YES,NO,NO
E_WANTSVLV_DET,6,SPLIT_ID,nvarchar,6,0,0,YES,NO,NO
E_WANTSVLV_DET,7,STATUS,nchar,2,0,0,YES,NO,NO
E_WANTSVLV_DET,8,PART_ID,nvarchar,60,0,0,YES,NO,NO
E_WANTSVLV_DET,9,DESCRIPTION,nvarchar,80,0,0,YES,NO,NO
E_WANTSVLV_DET,10,DESIRED_QTY,decimal,13,20,8,YES,NO,NO
E_WANTSVLV_DET,11,PRODUCT_CODE,nvarchar,30,0,0,YES,NO,NO
E_WANTSVLV_DET,12,COMMODITY_CODE,nvarchar,30,0,0,YES,NO,NO
E_WANTSVLV_DET,13,TOTAL_VALUE,decimal,13,23,8,YES,NO,NO
E_WANTSVLV_DET,14,CREATE_DATE,datetime,8,23,3,YES,NO,NO
E_WANTSVLV_DET,15,DESIRED_RLS_DATE,datetime,8,23,3,YES,NO,NO
E_WANTSVLV_DET,16,DESIRED_WANT_DATE,datetime,8,23,3,YES,NO,NO
E_WANTSVLV_DET,17,SCHED_START_DATE,datetime,8,23,3,YES,NO,NO
E_WANTSVLV_DET,18,SCHED_FINISH_DATE,datetime,8,23,3,YES,NO,NO
E_WANTSVLV_DET,19,COMPLETE_DATE,datetime,8,23,3,YES,NO,NO
E_WANTSVLV_DET,20,RECEIVED_ON_TIME,nchar,2,0,0,YES,NO,NO
E_WANTSVLV_SUM,1,rowid,int,4,10,0,NO,YES,NO
E_WANTSVLV_SUM,2,eis_date,datetime,8,23,3,YES,NO,NO
E_WANTSVLV_SUM,3,doc_qty,decimal,9,15,2,YES,NO,NO
E_WANTSVLV_SUM,4,line_qty,decimal,9,15,2,YES,NO,NO
E_WANTSVLV_SUM,5,amount_value,decimal,13,23,8,YES,NO,NO
EARNING_CODE,1,ROWID,int,4,10,0,NO,YES,NO
EARNING_CODE,2,ID,nvarchar,30,0,0,NO,NO,NO
EARNING_CODE,3,DESCRIPTION,nvarchar,80,0,0,YES,NO,NO
EC,1,ROWID,int,4,10,0,NO,YES,NO
EC,2,ID,nvarchar,30,0,0,NO,NO,NO
EC,3,ORIGINATOR,nvarchar,40,0,0,NO,NO,NO
EC,4,ASSIGNED_TO,nvarchar,40,0,0,YES,NO,NO
EC,5,STATUS,nvarchar,10,0,0,NO,NO,NO
EC,6,ON_HOLD_STATUS,nvarchar,10,0,0,YES,NO,NO
EC,7,REQUEST_DATE,datetime,8,23,3,YES,NO,NO
EC,8,WANT_DATE,datetime,8,23,3,YES,NO,NO
EC,9,AUTH_DATE,datetime,8,23,3,YES,NO,NO
EC,10,IMPL_DATE,datetime,8,23,3,YES,NO,NO
EC,11,APRV_DATE,datetime,8,23,3,YES,NO,NO
EC,12,DIST_DATE,datetime,8,23,3,YES,NO,NO
EC,13,TYPE,nvarchar,30,0,0,YES,NO,NO
EC,14,REASON,nvarchar,30,0,0,YES,NO,NO
EC,15,PRIORITY,int,4,10,0,NO,NO,NO
EC,16,ORIGIN_ID,nvarchar,40,0,0,YES,NO,NO
EC,17,ORIGIN_TYPE,nvarchar,30,0,0,YES,NO,NO
EC,18,HAS_SUBORDINATES,nchar,2,0,0,YES,NO,NO
EC,19,EXT_TASKS_DONE,nchar,2,0,0,YES,NO,NO
EC,20,REWORK_COST,decimal,13,23,8,YES,NO,NO
EC,21,SCRAP_COST,decimal,13,23,8,YES,NO,NO
EC,22,ECN_COST,decimal,13,23,8,YES,NO,NO
EC,23,COST_COMMENT,nvarchar,508,0,0,YES,NO,NO
EC,24,CREATED_BY,nvarchar,40,0,0,YES,NO,NO
EC,25,CREATE_DATE,datetime,8,23,3,NO,NO,NO
EC,26,USER_1,nvarchar,160,0,0,YES,NO,NO
EC,27,USER_2,nvarchar,160,0,0,YES,NO,NO
EC,28,USER_3,nvarchar,160,0,0,YES,NO,NO
EC,29,USER_4,nvarchar,160,0,0,YES,NO,NO
EC,30,USER_5,nvarchar,160,0,0,YES,NO,NO
EC,31,USER_6,nvarchar,160,0,0,YES,NO,NO
EC,32,USER_7,nvarchar,160,0,0,YES,NO,NO
EC,33,USER_8,nvarchar,160,0,0,YES,NO,NO
EC,34,USER_9,nvarchar,160,0,0,YES,NO,NO
EC,35,USER_10,nvarchar,160,0,0,YES,NO,NO
EC,36,UDF_LAYOUT_ID,nvarchar,30,0,0,YES,NO,NO
EC,37,LOCKED,nchar,2,0,0,YES,NO,NO
EC,38,NEXT_LINE_NO,int,4,10,0,NO,NO,NO
EC,39,UPDATE_PART_REV,nchar,2,0,0,YES,NO,NO
EC,40,UPDATE_DOC_REV,nchar,2,0,0,YES,NO,NO
EC,41,UPDATE_LEVEL,nvarchar,10,0,0,YES,NO,NO
EC,42,STATUS_EFF_DATE,datetime,8,23,3,NO,NO,NO
EC,43,SITE_ID,nvarchar,30,0,0,NO,NO,NO
EC_GROUP_USER,1,ROWID,int,4,10,0,NO,YES,NO
EC_GROUP_USER,2,EC_ID,nvarchar,30,0,0,NO,NO,NO
EC_GROUP_USER,3,GROUP_TYPE,nvarchar,4,0,0,NO,NO,NO
EC_GROUP_USER,4,USER_ID,nvarchar,40,0,0,NO,NO,NO
EC_GROUP_USER,5,IS_LEADER,nchar,2,0,0,YES,NO,NO
EC_GROUP_USER,6,CREATE_DATE,datetime,8,23,3,NO,NO,NO
EC_GROUP_USER,7,USER_SIGNOFF,nchar,2,0,0,YES,NO,NO
EC_HISTORY,1,ROWID,int,4,10,0,NO,YES,NO
EC_HISTORY,2,EC_ID,nvarchar,30,0,0,NO,NO,NO
EC_HISTORY,3,TYPE,nchar,2,0,0,NO,NO,NO
EC_HISTORY,4,BITS,image,16,0,0,YES,NO,NO
EC_HISTORY,5,BITS_LENGTH,int,4,10,0,NO,NO,NO
EC_LINE,1,ROWID,int,4,10,0,NO,YES,NO
EC_LINE,2,EC_ID,nvarchar,30,0,0,NO,NO,NO
EC_LINE,3,LINE_NO,int,4,10,0,NO,NO,NO
EC_LINE,4,TYPE,nvarchar,10,0,0,NO,NO,NO
EC_LINE,5,STATUS,nvarchar,10,0,0,NO,NO,NO
EC_LINE,6,WO_TYPE,nvarchar,6,0,0,YES,NO,NO
EC_LINE,7,WO_BASE_ID,nvarchar,60,0,0,YES,NO,NO
EC_LINE,8,WO_LOT_ID,nvarchar,6,0,0,YES,NO,NO
EC_LINE,9,WO_SPLIT_ID,nvarchar,6,0,0,YES,NO,NO
EC_LINE,10,PART_ID,nvarchar,60,0,0,YES,NO,NO
EC_LINE,11,ENG_ID,nvarchar,6,0,0,YES,NO,NO
EC_LINE,12,DISPOSITION_CODE,nvarchar,30,0,0,YES,NO,NO
EC_LINE,13,DOC_ID,nvarchar,200,0,0,YES,NO,NO
EC_LINE,14,FILE_LOCATION,nvarchar,508,0,0,YES,NO,NO
EC_LINE,15,LINKED_EC_ID,nvarchar,30,0,0,YES,NO,NO
EC_LINE,16,CREATE_DATE,datetime,8,23,3,NO,NO,NO
EC_LINE,17,USER_1,nvarchar,160,0,0,YES,NO,NO
EC_LINE,18,USER_2,nvarchar,160,0,0,YES,NO,NO
EC_LINE,19,USER_3,nvarchar,160,0,0,YES,NO,NO
EC_LINE,20,USER_4,nvarchar,160,0,0,YES,NO,NO
EC_LINE,21,USER_5,nvarchar,160,0,0,YES,NO,NO
EC_LINE,22,USER_6,nvarchar,160,0,0,YES,NO,NO
EC_LINE,23,USER_7,nvarchar,160,0,0,YES,NO,NO
EC_LINE,24,USER_8,nvarchar,160,0,0,YES,NO,NO
EC_LINE,25,USER_9,nvarchar,160,0,0,YES,NO,NO
EC_LINE,26,USER_10,nvarchar,160,0,0,YES,NO,NO
EC_LINE,27,UDF_LAYOUT_ID,nvarchar,30,0,0,YES,NO,NO
EC_LINE,28,LOCKED,nchar,2,0,0,YES,NO,NO
EC_LINE,29,UPDATE_REV,nchar,2,0,0,YES,NO,NO
EC_LINE,30,NEW_STAGE_ID,nvarchar,30,0,0,YES,NO,NO
EC_LINE,31,OLD_REVISION_ID,nvarchar,16,0,0,YES,NO,NO
EC_LINE,32,NEW_REVISION_ID,nvarchar,16,0,0,YES,NO,NO
EC_LINE,33,REV_INCORPORATED,nchar,2,0,0,YES,NO,NO
EC_LINE,34,STATUS_EFF_DATE,datetime,8,23,3,NO,NO,NO
EC_LINE_BINARY,1,ROWID,int,4,10,0,NO,YES,NO
EC_LINE_BINARY,2,EC_ID,nvarchar,30,0,0,NO,NO,NO
EC_LINE_BINARY,3,LINE_NO,int,4,10,0,NO,NO,NO
EC_LINE_BINARY,4,TYPE,nchar,2,0,0,NO,NO,NO
EC_LINE_BINARY,5,BITS,image,16,0,0,YES,NO,NO
EC_LINE_BINARY,6,BITS_LENGTH,int,4,10,0,NO,NO,NO
EC_REASONS,1,ROWID,int,4,10,0,NO,YES,NO
EC_REASONS,2,CODE,nvarchar,30,0,0,NO,NO,NO
EC_REASONS,3,DESCRIPTION,nvarchar,160,0,0,YES,NO,NO
EC_REASONS,4,CREATE_DATE,datetime,8,23,3,NO,NO,NO
EC_REQUEST,1,ROWID,int,4,10,0,NO,YES,NO
EC_REQUEST,2,EC_ID,nvarchar,30,0,0,NO,NO,NO
EC_REQUEST,3,TYPE,nchar,2,0,0,NO,NO,NO
EC_REQUEST,4,BITS,image,16,0,0,YES,NO,NO
EC_REQUEST,5,BITS_LENGTH,int,4,10,0,NO,NO,NO
EC_RESPONSE,1,ROWID,int,4,10,0,NO,YES,NO
EC_RESPONSE,2,EC_ID,nvarchar,30,0,0,NO,NO,NO
EC_RESPONSE,3,TYPE,nchar,2,0,0,NO,NO,NO
EC_RESPONSE,4,BITS,image,16,0,0,YES,NO,NO
EC_RESPONSE,5,BITS_LENGTH,int,4,10,0,NO,NO,NO
EC_TYPES,1,ROWID,int,4,10,0,NO,YES,NO
EC_TYPES,2,CODE,nvarchar,30,0,0,NO,NO,NO
EC_TYPES,3,DESCRIPTION,nvarchar,160,0,0,YES,NO,NO
EC_TYPES,4,CREATE_DATE,datetime,8,23,3,NO,NO,NO
ECN,1,ROWID,int,4,10,0,NO,YES,NO
ECN,2,ID,nvarchar,30,0,0,NO,NO,NO
ECN,3,WORKORDER_TYPE,nchar,2,0,0,YES,NO,NO
ECN,4,WORKORDER_BASE_ID,nvarchar,60,0,0,YES,NO,NO
ECN,5,WORKORDER_LOT_ID,nvarchar,6,0,0,YES,NO,NO
ECN,6,WORKORDER_SPLIT_ID,nvarchar,6,0,0,YES,NO,NO
ECN,7,WORKORDER_SUB_ID,nvarchar,6,0,0,YES,NO,NO
ECN,8,STATUS,nchar,2,0,0,NO,NO,NO
ECN,9,SUBJECT,nvarchar,120,0,0,YES,NO,NO
ECN,10,ORIGINATOR,nvarchar,120,0,0,YES,NO,NO
ECN,11,DIST_LIST,nvarchar,120,0,0,YES,NO,NO
ECN,12,AUTHORIZATION_1,nvarchar,30,0,0,YES,NO,NO
ECN,13,AUTHORIZATION_2,nvarchar,30,0,0,YES,NO,NO
ECN,14,AUTHORIZATION_3,nvarchar,30,0,0,YES,NO,NO
ECN,15,AUTHORIZATION_4,nvarchar,30,0,0,YES,NO,NO
ECN,16,AUTH_DATE_1,datetime,8,23,3,YES,NO,NO
ECN,17,AUTH_DATE_2,datetime,8,23,3,YES,NO,NO
ECN,18,AUTH_DATE_3,datetime,8,23,3,YES,NO,NO
ECN,19,AUTH_DATE_4,datetime,8,23,3,YES,NO,NO
ECN,20,USER_ID,nvarchar,40,0,0,NO,NO,NO
ECN,21,CREATE_DATE,datetime,8,23,3,NO,NO,NO
ECN,22,MODIFY_DATE,datetime,8,23,3,YES,NO,NO
ECN_BINARY,1,ROWID,int,4,10,0,NO,YES,NO
ECN_BINARY,2,ECN_ID,nvarchar,30,0,0,NO,NO,NO
ECN_BINARY,3,TYPE,nchar,2,0,0,NO,NO,NO
ECN_BINARY,4,BITS,image,16,0,0,YES,NO,NO
ECN_BINARY,5,BITS_LENGTH,int,4,10,0,NO,NO,NO
ECN_CO_PRODUCT,1,ROWID,int,4,10,0,NO,YES,NO
ECN_CO_PRODUCT,2,ECN_ID,nvarchar,30,0,0,NO,NO,NO
ECN_CO_PRODUCT,3,LINE_NO,int,4,10,0,NO,NO,NO
ECN_CO_PRODUCT,4,ECN_ENTRY_NO,smallint,2,5,0,NO,NO,NO
ECN_CO_PRODUCT,5,WORKORDER_SUB_ID,nvarchar,6,0,0,NO,NO,NO
ECN_CO_PRODUCT,6,PART_ID,nvarchar,60,0,0,NO,NO,NO
ECN_CO_PRODUCT,7,MAT_COST_PERCENT,decimal,5,6,3,NO,NO,NO
ECN_CO_PRODUCT,8,DESIRED_QTY,decimal,13,20,8,NO,NO,NO
ECN_CO_PRODUCT,9,LAB_COST_PERCENT,decimal,5,6,3,NO,NO,NO
ECN_CO_PRODUCT,10,BUR_COST_PERCENT,decimal,5,6,3,NO,NO,NO
ECN_CO_PRODUCT,11,SER_COST_PERCENT,decimal,5,6,3,NO,NO,NO
ECN_CO_PRODUCT,12,QTY_IS_RATIO,nchar,2,0,0,YES,NO,NO
ECN_CO_PRODUCT,13,QTY_PER,decimal,13,20,8,YES,NO,NO
ECN_CO_PRODUCT,14,WAREHOUSE_ID,nvarchar,30,0,0,YES,NO,NO
ECN_CO_PRODUCT,15,WIP_VAS_REQUIRED,nchar,2,0,0,YES,NO,NO
ECN_DETAIL,1,ROWID,int,4,10,0,NO,YES,NO
ECN_DETAIL,2,ECN_ID,nvarchar,30,0,0,NO,NO,NO
ECN_DETAIL,3,LINE_NO,int,4,10,0,NO,NO,NO
ECN_DETAIL,4,ENTRY_NO,smallint,2,5,0,NO,NO,NO
ECN_DETAIL,5,DETAIL_TYPE,int,4,10,0,NO,NO,NO
ECN_DETAIL,6,WORKORDER_SUB_ID,nvarchar,6,0,0,YES,NO,NO
ECN_DETAIL,7,OPERATION_SEQ_NO,int,4,10,0,YES,NO,NO
ECN_DETAIL,8,REQ_PIECE_NO,int,4,10,0,YES,NO,NO
ECN_DETAIL,9,CHILD_NOTIFY,nchar,2,0,0,NO,NO,NO
ECN_DETAIL,10,LOCK_NOTIFY,nchar,2,0,0,NO,NO,NO
ECN_DETAIL,11,ECN_ACTION,nchar,2,0,0,NO,NO,NO
ECN_DETAIL,12,RESTORED,nchar,2,0,0,NO,NO,NO
ECN_DETAIL,13,CREATE_DATE,datetime,8,23,3,NO,NO,NO
ECN_DETAIL,14,USER_ID,nvarchar,40,0,0,NO,NO,NO
ECN_DETAIL,15,COMMENTS,nvarchar,500,0,0,YES,NO,NO
ECN_DISPOSITION,1,ROWID,int,4,10,0,NO,YES,NO
ECN_DISPOSITION,2,CODE,nvarchar,30,0,0,NO,NO,NO
ECN_DISPOSITION,3,DESCRIPTION,nvarchar,160,0,0,YES,NO,NO
ECN_OPER_BINARY,1,ROWID,int,4,10,0,NO,YES,NO
ECN_OPER_BINARY,2,ECN_ID,nvarchar,30,0,0,NO,NO,NO
ECN_OPER_BINARY,3,LINE_NO,int,4,10,0,NO,NO,NO
ECN_OPER_BINARY,4,ECN_ENTRY_NO,smallint,2,5,0,NO,NO,NO
ECN_OPER_BINARY,5,WORKORDER_SUB_ID,nvarchar,6,0,0,NO,NO,NO
ECN_OPER_BINARY,6,SEQUENCE_NO,smallint,2,5,0,NO,NO,NO
ECN_OPER_BINARY,7,TYPE,nchar,2,0,0,NO,NO,NO
ECN_OPER_BINARY,8,BITS,image,16,0,0,YES,NO,NO
ECN_OPER_BINARY,9,BITS_LENGTH,int,4,10,0,YES,NO,NO
ECN_OPER_RESOURCE,1,ROWID,int,4,10,0,NO,YES,NO
ECN_OPER_RESOURCE,2,ECN_ID,nvarchar,30,0,0,NO,NO,NO
ECN_OPER_RESOURCE,3,LINE_NO,int,4,10,0,NO,NO,NO
ECN_OPER_RESOURCE,4,ECN_ENTRY_NO,smallint,2,5,0,NO,NO,NO
ECN_OPER_RESOURCE,5,WORKORDER_SUB_ID,nvarchar,6,0,0,NO,NO,NO
ECN_OPER_RESOURCE,6,SEQUENCE_NO,smallint,2,5,0,NO,NO,NO
ECN_OPER_RESOURCE,7,RESOURCE_ID,nvarchar,30,0,0,NO,NO,NO
ECN_OPER_RESOURCE,8,TYPE,nchar,2,0,0,YES,NO,NO
ECN_OPER_RESOURCE,9,PERCENT_DURATION,smallint,2,5,0,YES,NO,NO
ECN_OPER_RESOURCE,10,JUSTIFICATION,nchar,2,0,0,YES,NO,NO
ECN_OPER_RESOURCE,11,NUM_MEM_TO_SCHED,smallint,2,5,0,YES,NO,NO
ECN_OPER_RESOURCE,12,SCHED_EQUAL_CAP,nchar,2,0,0,YES,NO,NO
ECN_OPERATION,1,ROWID,int,4,10,0,NO,YES,NO
ECN_OPERATION,2,ECN_ID,nvarchar,30,0,0,NO,NO,NO
ECN_OPERATION,3,LINE_NO,int,4,10,0,NO,NO,NO
ECN_OPERATION,4,ECN_ENTRY_NO,smallint,2,5,0,NO,NO,NO
ECN_OPERATION,5,WORKORDER_SUB_ID,nvarchar,6,0,0,NO,NO,NO
ECN_OPERATION,6,SEQUENCE_NO,smallint,2,5,0,NO,NO,NO
ECN_OPERATION,7,RESOURCE_ID,nvarchar,30,0,0,YES,NO,NO
ECN_OPERATION,8,SETUP_HRS,decimal,5,8,3,YES,NO,NO
ECN_OPERATION,9,RUN,decimal,13,20,8,YES,NO,NO
ECN_OPERATION,10,RUN_TYPE,nchar,30,0,0,YES,NO,NO
ECN_OPERATION,11,LOAD_SIZE_QTY,decimal,13,20,8,YES,NO,NO
ECN_OPERATION,12,RUN_HRS,decimal,5,7,2,YES,NO,NO
ECN_OPERATION,13,MOVE_HRS,decimal,5,6,3,YES,NO,NO
ECN_OPERATION,14,TRANSIT_DAYS,decimal,5,6,3,YES,NO,NO
ECN_OPERATION,15,SERVICE_ID,nvarchar,30,0,0,YES,NO,NO
ECN_OPERATION,16,SCRAP_YIELD_PCT,decimal,5,5,2,YES,NO,NO
ECN_OPERATION,17,SCRAP_YIELD_TYPE,nchar,2,0,0,YES,NO,NO
ECN_OPERATION,18,FIXED_SCRAP_UNITS,decimal,13,20,8,YES,NO,NO
ECN_OPERATION,19,MINIMUM_MOVE_QTY,decimal,13,20,8,YES,NO,NO
ECN_OPERATION,20,CALC_START_QTY,decimal,13,20,8,YES,NO,NO
ECN_OPERATION,21,CALC_END_QTY,decimal,13,20,8,YES,NO,NO
ECN_OPERATION,22,OPERATION_TYPE,nvarchar,30,0,0,YES,NO,NO
ECN_OPERATION,23,DRAWING_ID,nvarchar,60,0,0,YES,NO,NO
ECN_OPERATION,24,DRAWING_REV_NO,nvarchar,16,0,0,YES,NO,NO
ECN_OPERATION,25,OVERRIDE_QTYS,nchar,2,0,0,YES,NO,NO
ECN_OPERATION,26,BEGIN_TRACEABILITY,nchar,2,0,0,YES,NO,NO
ECN_OPERATION,27,CAPACITY_USAGE_MAX,smallint,2,5,0,YES,NO,NO
ECN_OPERATION,28,CAPACITY_USAGE_MIN,smallint,2,5,0,YES,NO,NO
ECN_OPERATION,29,TEST_ID,nvarchar,30,0,0,YES,NO,NO
ECN_OPERATION,30,SPC_QTY,decimal,13,20,8,YES,NO,NO
ECN_OPERATION,31,SETUP_COST_PER_HR,decimal,13,22,8,YES,NO,NO
ECN_OPERATION,32,RUN_COST_PER_HR,decimal,13,22,8,YES,NO,NO
ECN_OPERATION,33,WAREHOUSE_ID,nvarchar,30,0,0,YES,NO,NO
ECN_OPERATION,34,BUR_PER_HR_SETUP,decimal,13,22,8,YES,NO,NO
ECN_OPERATION,35,BUR_PER_HR_RUN,decimal,13,22,8,YES,NO,NO
ECN_OPERATION,36,RUN_COST_PER_UNIT,decimal,13,22,8,YES,NO,NO
ECN_OPERATION,37,SERVICE_BASE_CHG,decimal,13,23,8,YES,NO,NO
ECN_OPERATION,38,BUR_PERCENT_SETUP,decimal,5,6,3,YES,NO,NO
ECN_OPERATION,39,BUR_PERCENT_RUN,decimal,5,6,3,YES,NO,NO
ECN_OPERATION,40,BUR_PER_OPERATION,decimal,13,23,8,YES,NO,NO
ECN_OPERATION,41,EST_ATL_LAB_COST,decimal,13,23,8,YES,NO,NO
ECN_OPERATION,42,EST_ATL_BUR_COST,decimal,13,23,8,YES,NO,NO
ECN_OPERATION,43,EST_ATL_SER_COST,decimal,13,23,8,YES,NO,NO
ECN_OPERATION,44,EST_TTL_MAT_COST,decimal,13,23,8,YES,NO,NO
ECN_OPERATION,45,EST_TTL_LAB_COST,decimal,13,23,8,YES,NO,NO
ECN_OPERATION,46,EST_TTL_BUR_COST,decimal,13,23,8,YES,NO,NO
ECN_OPERATION,47,EST_TTL_SER_COST,decimal,13,23,8,YES,NO,NO
ECN_OPERATION,48,MILESTONE_ID,nvarchar,30,0,0,YES,NO,NO
ECN_OPERATION,49,DRAWING_FILE,nvarchar,200,0,0,YES,NO,NO
ECN_OPERATION,50,SERVICE_MIN_CHG,decimal,13,23,8,YES,NO,NO
ECN_OPERATION,51,VENDOR_ID,nvarchar,30,0,0,YES,NO,NO
ECN_OPERATION,52,VENDOR_SERVICE_ID,nvarchar,60,0,0,YES,NO,NO
ECN_OPERATION,53,SERVICE_PART_ID,nvarchar,60,0,0,YES,NO,NO
ECN_OPERATION,54,BUR_PER_UNIT_RUN,decimal,13,22,8,YES,NO,NO
ECN_OPERATION,55,LEAST_MIN_MOVE_QTY,smallint,2,5,0,YES,NO,NO
ECN_OPERATION,56,MAX_GAP_PREV_OP,int,4,10,0,YES,NO,NO
ECN_OPERATION,57,APPLY_CALENDAR,nchar,2,0,0,YES,NO,NO
ECN_OPERATION,58,MAX_DOWNTIME,int,4,10,0,YES,NO,NO
ECN_OPERATION,59,ACCUM_DOWNTIME,nchar,2,0,0,YES,NO,NO
ECN_OPERATION,60,RUN_QTY_PER_CYCLE,decimal,13,20,8,YES,NO,NO
ECN_OPERATION,61,NUM_MEM_TO_SCHED,smallint,2,5,0,YES,NO,NO
ECN_OPERATION,62,PRD_INSP_PLAN_ID,nvarchar,32,0,0,YES,NO,NO
ECN_OPERATION,63,SETUP_INSPECT_REQ,nchar,2,0,0,YES,NO,NO
ECN_OPERATION,64,RUN_INSPECT_REQ,nchar,2,0,0,YES,NO,NO
ECN_OPERATION,65,USER_1,nvarchar,160,0,0,YES,NO,NO
ECN_OPERATION,66,USER_2,nvarchar,160,0,0,YES,NO,NO
ECN_OPERATION,67,USER_3,nvarchar,160,0,0,YES,NO,NO
ECN_OPERATION,68,USER_4,nvarchar,160,0,0,YES,NO,NO
ECN_OPERATION,69,USER_5,nvarchar,160,0,0,YES,NO,NO
ECN_OPERATION,70,USER_6,nvarchar,160,0,0,YES,NO,NO
ECN_OPERATION,71,USER_7,nvarchar,160,0,0,YES,NO,NO
ECN_OPERATION,72,USER_8,nvarchar,160,0,0,YES,NO,NO
ECN_OPERATION,73,USER_9,nvarchar,160,0,0,YES,NO,NO
ECN_OPERATION,74,USER_10,nvarchar,160,0,0,YES,NO,NO
ECN_OPERATION,75,UDF_LAYOUT_ID,nvarchar,30,0,0,YES,NO,NO
ECN_OPERATION,76,MIN_SEGMENT_SIZE,decimal,9,14,2,YES,NO,NO
ECN_REQ_BINARY,1,ROWID,int,4,10,0,NO,YES,NO
ECN_REQ_BINARY,2,ECN_ID,nvarchar,30,0,0,NO,NO,NO
ECN_REQ_BINARY,3,LINE_NO,int,4,10,0,NO,NO,NO
ECN_REQ_BINARY,4,ECN_ENTRY_NO,smallint,2,5,0,NO,NO,NO
ECN_REQ_BINARY,5,WORKORDER_SUB_ID,nvarchar,6,0,0,NO,NO,NO
ECN_REQ_BINARY,6,OPERATION_SEQ_NO,smallint,2,5,0,NO,NO,NO
ECN_REQ_BINARY,7,PIECE_NO,smallint,2,5,0,NO,NO,NO
ECN_REQ_BINARY,8,TYPE,nchar,2,0,0,NO,NO,NO
ECN_REQ_BINARY,9,BITS,image,16,0,0,YES,NO,NO
ECN_REQ_BINARY,10,BITS_LENGTH,int,4,10,0,YES,NO,NO
ECN_REQ_PART_ALT,1,ROWID,int,4,10,0,NO,YES,NO
ECN_REQ_PART_ALT,2,ECN_ID,nvarchar,30,0,0,NO,NO,NO
ECN_REQ_PART_ALT,3,LINE_NO,int,4,10,0,NO,NO,NO
ECN_REQ_PART_ALT,4,ECN_ENTRY_NO,smallint,2,5,0,NO,NO,NO
ECN_REQ_PART_ALT,5,WORKORDER_SUB_ID,nvarchar,6,0,0,NO,NO,NO
ECN_REQ_PART_ALT,6,OPERATION_SEQ_NO,smallint,2,5,0,NO,NO,NO
ECN_REQ_PART_ALT,7,PIECE_NO,smallint,2,5,0,NO,NO,NO
ECN_REQ_PART_ALT,8,PART_ID,nvarchar,60,0,0,NO,NO,NO
ECN_REQ_PART_ALT,9,RANK,smallint,2,5,0,YES,NO,NO
ECN_REQ_REF_DESIG,1,ROWID,int,4,10,0,NO,YES,NO
ECN_REQ_REF_DESIG,2,ECN_ID,nvarchar,30,0,0,NO,NO,NO
ECN_REQ_REF_DESIG,3,LINE_NO,int,4,10,0,NO,NO,NO
ECN_REQ_REF_DESIG,4,ECN_ENTRY_NO,smallint,2,5,0,NO,NO,NO
ECN_REQ_REF_DESIG,5,WORKORDER_SUB_ID,nvarchar,6,0,0,NO,NO,NO
ECN_REQ_REF_DESIG,6,OPERATION_SEQ_NO,smallint,2,5,0,NO,NO,NO
ECN_REQ_REF_DESIG,7,PIECE_NO,smallint,2,5,0,NO,NO,NO
ECN_REQ_REF_DESIG,8,ID,nvarchar,30,0,0,NO,NO,NO
ECN_REQ_REF_DESIG,9,X_COORDINATE,nvarchar,30,0,0,YES,NO,NO
ECN_REQ_REF_DESIG,10,Y_COORDINATE,nvarchar,30,0,0,YES,NO,NO
ECN_REQ_REF_DESIG,11,DESCRIPTION,nvarchar,60,0,0,YES,NO,NO
ECN_REQUIREMENT,1,ROWID,int,4,10,0,NO,YES,NO
ECN_REQUIREMENT,2,ECN_ID,nvarchar,30,0,0,NO,NO,NO
ECN_REQUIREMENT,3,LINE_NO,int,4,10,0,NO,NO,NO
ECN_REQUIREMENT,4,ECN_ENTRY_NO,smallint,2,5,0,NO,NO,NO
ECN_REQUIREMENT,5,WORKORDER_SUB_ID,nvarchar,6,0,0,NO,NO,NO
ECN_REQUIREMENT,6,OPERATION_SEQ_NO,smallint,2,5,0,NO,NO,NO
ECN_REQUIREMENT,7,PIECE_NO,smallint,2,5,0,NO,NO,NO
ECN_REQUIREMENT,8,SUBORD_WO_SUB_ID,nvarchar,6,0,0,YES,NO,NO
ECN_REQUIREMENT,9,PART_ID,nvarchar,60,0,0,YES,NO,NO
ECN_REQUIREMENT,10,REFERENCE,nvarchar,20,0,0,YES,NO,NO
ECN_REQUIREMENT,11,STATUS,nchar,2,0,0,YES,NO,NO
ECN_REQUIREMENT,12,QTY_PER,decimal,13,20,8,YES,NO,NO
ECN_REQUIREMENT,13,QTY_PER_TYPE,nchar,2,0,0,YES,NO,NO
ECN_REQUIREMENT,14,FIXED_QTY,decimal,13,20,8,YES,NO,NO
ECN_REQUIREMENT,15,SCRAP_PERCENT,decimal,5,5,2,YES,NO,NO
ECN_REQUIREMENT,16,DIMENSIONS,nvarchar,160,0,0,YES,NO,NO
ECN_REQUIREMENT,17,DIM_EXPRESSION,nvarchar,256,0,0,YES,NO,NO
ECN_REQUIREMENT,18,USAGE_UM,nvarchar,30,0,0,YES,NO,NO
ECN_REQUIREMENT,19,EFFECTIVE_DATE,datetime,8,23,3,YES,NO,NO
ECN_REQUIREMENT,20,DISCONTINUE_DATE,datetime,8,23,3,YES,NO,NO
ECN_REQUIREMENT,21,CALC_QTY,decimal,13,20,8,YES,NO,NO
ECN_REQUIREMENT,22,REQUIRED_DATE,datetime,8,23,3,YES,NO,NO
ECN_REQUIREMENT,23,UNIT_MATERIAL_COST,decimal,13,22,8,YES,NO,NO
ECN_REQUIREMENT,24,UNIT_LABOR_COST,decimal,13,22,8,YES,NO,NO
ECN_REQUIREMENT,25,UNIT_BURDEN_COST,decimal,13,22,8,YES,NO,NO
ECN_REQUIREMENT,26,UNIT_SERVICE_COST,decimal,13,22,8,YES,NO,NO
ECN_REQUIREMENT,27,BURDEN_PERCENT,decimal,5,5,2,YES,NO,NO
ECN_REQUIREMENT,28,BURDEN_PER_UNIT,decimal,13,22,8,YES,NO,NO
ECN_REQUIREMENT,29,FIXED_COST,decimal,13,23,8,YES,NO,NO
ECN_REQUIREMENT,30,DRAWING_ID,nvarchar,60,0,0,YES,NO,NO
ECN_REQUIREMENT,31,DRAWING_REV_NO,nvarchar,16,0,0,YES,NO,NO
ECN_REQUIREMENT,32,VENDOR_ID,nvarchar,30,0,0,YES,NO,NO
ECN_REQUIREMENT,33,VENDOR_PART_ID,nvarchar,60,0,0,YES,NO,NO
ECN_REQUIREMENT,34,EST_MATERIAL_COST,decimal,13,23,8,YES,NO,NO
ECN_REQUIREMENT,35,EST_LABOR_COST,decimal,13,23,8,YES,NO,NO
ECN_REQUIREMENT,36,EST_BURDEN_COST,decimal,13,23,8,YES,NO,NO
ECN_REQUIREMENT,37,EST_SERVICE_COST,decimal,13,23,8,YES,NO,NO
ECN_REQUIREMENT,38,MFG_NAME,nvarchar,60,0,0,YES,NO,NO
ECN_REQUIREMENT,39,MFG_PART_ID,nvarchar,60,0,0,YES,NO,NO
ECN_REQUIREMENT,40,DRAWING_FILE,nvarchar,200,0,0,YES,NO,NO
ECN_REQUIREMENT,41,WAREHOUSE_ID,nvarchar,30,0,0,YES,NO,NO
ECN_REQUIREMENT,42,PLANNING_LEADTIME,smallint,2,5,0,YES,NO,NO
ECN_REQUIREMENT,43,REQUIRED_FOR_SETUP,nchar,2,0,0,YES,NO,NO
ECN_REQUIREMENT,44,USER_1,nvarchar,160,0,0,YES,NO,NO
ECN_REQUIREMENT,45,USER_2,nvarchar,160,0,0,YES,NO,NO
ECN_REQUIREMENT,46,USER_3,nvarchar,160,0,0,YES,NO,NO
ECN_REQUIREMENT,47,USER_4,nvarchar,160,0,0,YES,NO,NO
ECN_REQUIREMENT,48,USER_5,nvarchar,160,0,0,YES,NO,NO
ECN_REQUIREMENT,49,USER_6,nvarchar,160,0,0,YES,NO,NO
ECN_REQUIREMENT,50,USER_7,nvarchar,160,0,0,YES,NO,NO
ECN_REQUIREMENT,51,USER_8,nvarchar,160,0,0,YES,NO,NO
ECN_REQUIREMENT,52,USER_9,nvarchar,160,0,0,YES,NO,NO
ECN_REQUIREMENT,53,USER_10,nvarchar,160,0,0,YES,NO,NO
ECN_REQUIREMENT,54,UDF_LAYOUT_ID,nvarchar,30,0,0,YES,NO,NO
ECN_REQUIREMENT,55,HEIGHT,decimal,9,14,4,YES,NO,NO
ECN_REQUIREMENT,56,INHERIT_WAREHOUSE,nchar,2,0,0,YES,NO,NO
ECN_REQUIREMENT,57,LENGTH,decimal,9,14,4,YES,NO,NO
ECN_REQUIREMENT,58,LOCATION_ID,nvarchar,30,0,0,YES,NO,NO
ECN_REQUIREMENT,59,WIDTH,decimal,9,14,4,YES,NO,NO
ECN_WO_BINARY,1,ROWID,int,4,10,0,NO,YES,NO
ECN_WO_BINARY,2,ECN_ID,nvarchar,30,0,0,NO,NO,NO
ECN_WO_BINARY,3,LINE_NO,int,4,10,0,NO,NO,NO
ECN_WO_BINARY,4,ECN_ENTRY_NO,smallint,2,5,0,NO,NO,NO
ECN_WO_BINARY,5,WORKORDER_SUB_ID,nvarchar,6,0,0,NO,NO,NO
ECN_WO_BINARY,6,TYPE,nchar,2,0,0,NO,NO,NO
ECN_WO_BINARY,7,BITS,image,16,0,0,YES,NO,NO
ECN_WO_BINARY,8,BITS_LENGTH,int,4,10,0,NO,NO,NO
ECN_WORKORDER,1,ROWID,int,4,10,0,NO,YES,NO
ECN_WORKORDER,2,ECN_ID,nvarchar,30,0,0,NO,NO,NO
ECN_WORKORDER,3,LINE_NO,int,4,10,0,NO,NO,NO
ECN_WORKORDER,4,ECN_ENTRY_NO,smallint,2,5,0,NO,NO,NO
ECN_WORKORDER,5,WORKORDER_SUB_ID,nvarchar,6,0,0,NO,NO,NO
ECN_WORKORDER,6,PART_ID,nvarchar,60,0,0,YES,NO,NO
ECN_WORKORDER,7,DESIRED_QTY,decimal,13,20,8,YES,NO,NO
ECN_WORKORDER,8,DESIRED_RLS_DATE,datetime,8,23,3,YES,NO,NO
ECN_WORKORDER,9,DESIRED_WANT_DATE,datetime,8,23,3,YES,NO,NO
ECN_WORKORDER,10,ENGINEERED_BY,nvarchar,80,0,0,YES,NO,NO
ECN_WORKORDER,11,ENGINEERED_DATE,datetime,8,23,3,YES,NO,NO
ECN_WORKORDER,12,DRAWING_ID,nvarchar,60,0,0,YES,NO,NO
ECN_WORKORDER,13,DRAWING_REV_NO,nvarchar,16,0,0,YES,NO,NO
ECN_WORKORDER,14,PRODUCT_CODE,nvarchar,30,0,0,YES,NO,NO
ECN_WORKORDER,15,COMMODITY_CODE,nvarchar,30,0,0,YES,NO,NO
ECN_WORKORDER,16,FORWARD_SCHEDULE,nchar,2,0,0,YES,NO,NO
ECN_WORKORDER,17,MAT_GL_ACCT_ID,nvarchar,60,0,0,YES,NO,NO
ECN_WORKORDER,18,LAB_GL_ACCT_ID,nvarchar,60,0,0,YES,NO,NO
ECN_WORKORDER,19,BUR_GL_ACCT_ID,nvarchar,60,0,0,YES,NO,NO
ECN_WORKORDER,20,SER_GL_ACCT_ID,nvarchar,60,0,0,YES,NO,NO
ECN_WORKORDER,21,VARIABLE_TABLE,nvarchar,500,0,0,YES,NO,NO
ECN_WORKORDER,22,SCHEDULE_GROUP_ID,nvarchar,30,0,0,YES,NO,NO
ECN_WORKORDER,23,EST_MATERIAL_COST,decimal,13,23,8,YES,NO,NO
ECN_WORKORDER,24,EST_LABOR_COST,decimal,13,23,8,YES,NO,NO
ECN_WORKORDER,25,EST_BURDEN_COST,decimal,13,23,8,YES,NO,NO
ECN_WORKORDER,26,EST_SERVICE_COST,decimal,13,23,8,YES,NO,NO
ECN_WORKORDER,27,DRAWING_FILE,nvarchar,200,0,0,YES,NO,NO
ECN_WORKORDER,28,HARD_RELEASE_DATE,nchar,2,0,0,YES,NO,NO
ECN_WORKORDER,29,WAREHOUSE_ID,nvarchar,30,0,0,YES,NO,NO
ECN_WORKORDER,30,WIP_VAS_REQUIRED,nchar,2,0,0,YES,NO,NO
ECN_WORKORDER,31,USER_1,nvarchar,160,0,0,YES,NO,NO
ECN_WORKORDER,32,USER_2,nvarchar,160,0,0,YES,NO,NO
ECN_WORKORDER,33,USER_3,nvarchar,160,0,0,YES,NO,NO
ECN_WORKORDER,34,USER_4,nvarchar,160,0,0,YES,NO,NO
ECN_WORKORDER,35,USER_5,nvarchar,160,0,0,YES,NO,NO
ECN_WORKORDER,36,USER_6,nvarchar,160,0,0,YES,NO,NO
ECN_WORKORDER,37,USER_7,nvarchar,160,0,0,YES,NO,NO
ECN_WORKORDER,38,USER_8,nvarchar,160,0,0,YES,NO,NO
ECN_WORKORDER,39,USER_9,nvarchar,160,0,0,YES,NO,NO
ECN_WORKORDER,40,USER_10,nvarchar,160,0,0,YES,NO,NO
ECN_WORKORDER,41,UDF_LAYOUT_ID,nvarchar,30,0,0,YES,NO,NO
ECN_WORKORDER,42,EDI_BLANKET_FLAG,nchar,2,0,0,YES,NO,NO
ECN_WORKORDER,43,ORIG_STAGE_REVISION_ID,nvarchar,48,0,0,YES,NO,NO
ECN_WORKORDER,44,ALLOW_UPD_FROM_MST,nchar,2,0,0,YES,NO,NO
ECN_WORKORDER,45,ALLOW_UPD_FROM_LEG,nchar,2,0,0,YES,NO,NO
ECN_WORKORDER,46,ALLOW_ALT_PARTS,nchar,2,0,0,YES,NO,NO
EIS_THRESHOLDS,1,ROWID,int,4,10,0,NO,YES,NO
EIS_THRESHOLDS,2,GROUP_ID,nvarchar,30,0,0,NO,NO,NO
EIS_THRESHOLDS,3,PERIOD_ID,nvarchar,30,0,0,NO,NO,NO
EIS_THRESHOLDS,4,ACTIVITY_ID,nvarchar,60,0,0,NO,NO,NO
EIS_THRESHOLDS,5,COL_NAME,nvarchar,30,0,0,NO,NO,NO
EIS_THRESHOLDS,6,ACTIVE,nvarchar,6,0,0,YES,NO,NO
EIS_THRESHOLDS,7,UNIT_PERCENT,nvarchar,30,0,0,YES,NO,NO
EIS_THRESHOLDS,8,MIN_THRESHOLD,decimal,9,14,4,YES,NO,NO
EIS_THRESHOLDS,9,MAX_THRESHOLD,decimal,9,14,4,YES,NO,NO
EMPLOYEE,1,ROWID,int,4,10,0,NO,YES,NO
EMPLOYEE,2,ID,nvarchar,30,0,0,NO,NO,NO
EMPLOYEE,3,LAST_NAME,nvarchar,60,0,0,YES,NO,NO
EMPLOYEE,4,FIRST_NAME,nvarchar,60,0,0,YES,NO,NO
EMPLOYEE,5,MIDDLE_INITIAL,nchar,4,0,0,YES,NO,NO
EMPLOYEE,6,ADDR_1,nvarchar,100,0,0,YES,NO,NO
EMPLOYEE,7,ADDR_2,nvarchar,100,0,0,YES,NO,NO
EMPLOYEE,8,ADDR_3,nvarchar,100,0,0,YES,NO,NO
EMPLOYEE,9,CITY,nvarchar,60,0,0,YES,NO,NO
EMPLOYEE,10,STATE,nvarchar,20,0,0,YES,NO,NO
EMPLOYEE,11,ZIPCODE,nvarchar,20,0,0,YES,NO,NO
EMPLOYEE,12,COUNTRY,nvarchar,100,0,0,YES,NO,NO
EMPLOYEE,13,PHONE,nvarchar,40,0,0,YES,NO,NO
EMPLOYEE,15,TYPE,nchar,2,0,0,NO,NO,NO
EMPLOYEE,16,DEPARTMENT_ID,nvarchar,30,0,0,NO,NO,NO
EMPLOYEE,17,ACTIVE,nchar,2,0,0,NO,NO,NO
EMPLOYEE,18,SHIFT_ID,nvarchar,30,0,0,YES,NO,NO
EMPLOYEE,19,EARNING_CODE_ID,nvarchar,30,0,0,YES,NO,NO
EMPLOYEE,20,COST_CATEGORY_ID,nvarchar,30,0,0,YES,NO,NO
EMPLOYEE,21,USER_ID,nvarchar,40,0,0,YES,NO,NO
EMPLOYEE,22,EMAIL_ADDR,nvarchar,160,0,0,YES,NO,NO
EMPLOYEE,23,MERLIN_EMP,bit,1,1,0,NO,NO,NO
EMPLOYEE,24,PAYROLL_SITE_ID,nvarchar,30,0,0,YES,NO,NO
EMPLOYEE,25,EMPLOYEE_COUNTRY_ID,nvarchar,30,0,0,YES,NO,NO
EMPLOYEE_BINARY,1,ROWID,int,4,10,0,NO,YES,NO
EMPLOYEE_BINARY,2,EMPLOYEE_ID,nvarchar,30,0,0,NO,NO,NO
EMPLOYEE_BINARY,3,TYPE,nchar,2,0,0,NO,NO,NO
EMPLOYEE_BINARY,4,BITS,image,16,0,0,YES,NO,NO
EMPLOYEE_BINARY,5,BITS_LENGTH,int,4,10,0,NO,NO,NO
EMPLOYEE_SITE,1,ROWID,int,4,10,0,NO,YES,NO
EMPLOYEE_SITE,2,SITE_ID,nvarchar,30,0,0,NO,NO,NO
EMPLOYEE_SITE,3,EMPLOYEE_ID,nvarchar,30,0,0,NO,NO,NO
EMPLOYEE_SITE,4,DEFAULT_SITE,nchar,2,0,0,YES,NO,NO
EMPLOYEE_SITE,5,BASE_PAY_RATE,decimal,13,22,8,YES,NO,NO
EMPLOYEE_SYNC,1,ROWID,int,4,10,0,NO,YES,NO
EMPLOYEE_SYNC,2,EVENT_ID,int,4,10,0,NO,NO,NO
EMPLOYEE_SYNC,3,TYPE,nchar,2,0,0,NO,NO,NO
EMPLOYEE_SYNC,4,CREATE_DATE,datetime,8,23,3,NO,NO,NO
EMPLOYEE_SYNC,5,EMPLOYEE_ID,nvarchar,60,0,0,NO,NO,NO
EMPLOYEE_SYNC,6,EXCEPTION,nchar,2,0,0,NO,NO,NO
EMPLOYEE_SYNC,7,SUBSCRIPTIONS,int,4,10,0,NO,NO,NO
ENTITY_SETTINGS,1,ROWID,int,4,10,0,NO,YES,NO
ENTITY_SETTINGS,2,ENTITY_ID,nvarchar,30,0,0,NO,NO,NO
ENTITY_SETTINGS,3,NAME,nvarchar,100,0,0,NO,NO,NO
ENTITY_SETTINGS,4,SETTING_VALUE,nvarchar,500,0,0,YES,NO,NO
ENUM_CODES,1,ROWID,int,4,10,0,NO,YES,NO
ENUM_CODES,2,TABLE_NAME,nvarchar,40,0,0,NO,NO,NO
ENUM_CODES,3,COLUMN_NAME,nvarchar,40,0,0,NO,NO,NO
ENUM_CODES,4,LANGUAGE_ID,nvarchar,6,0,0,NO,NO,NO
ENUM_CODES,5,ENUM_TEXT,nvarchar,80,0,0,YES,NO,NO
ENUM_CODES,6,ENUM_VALUE,nvarchar,40,0,0,NO,NO,NO
EQUIP_AREA,1,ROWID,int,4,10,0,NO,YES,NO
EQUIP_AREA,2,id,nvarchar,30,0,0,NO,NO,NO
EQUIP_AREA,3,description,nvarchar,100,0,0,YES,NO,NO
EQUIP_BILL_OPTIONS,1,ROWID,int,4,10,0,NO,YES,NO
EQUIP_BILL_OPTIONS,2,CUST_ORDER_ID,nvarchar,30,0,0,NO,NO,NO
EQUIP_BILL_OPTIONS,3,CUST_ORDER_LINE_NO,smallint,2,5,0,NO,NO,NO
EQUIP_BILL_OPTIONS,4,SEQ_NO,smallint,2,5,0,NO,NO,NO
EQUIP_BILL_OPTIONS,5,MISC_REFERENCE,nvarchar,160,0,0,YES,NO,NO
EQUIP_BILL_OPTIONS,6,QTY,decimal,13,20,8,YES,NO,NO
EQUIP_BILL_OPTIONS,7,DISCOUNT,decimal,9,14,4,YES,NO,NO
EQUIP_BILL_OPTIONS,8,PART_ID,nvarchar,60,0,0,YES,NO,NO
EQUIP_BILL_OPTIONS,9,UNIT_PRICE,decimal,13,22,8,YES,NO,NO
EQUIP_BILL_OPTIONS,10,LINE_VALUE,decimal,13,23,8,YES,NO,NO
EQUIP_BILL_OPTIONS,11,STOCK_UM,nvarchar,30,0,0,YES,NO,NO
EQUIP_BILL_OPTIONS,12,workorder_base_id,nvarchar,60,0,0,YES,NO,NO
EQUIP_BILL_OPTIONS,13,workorder_lot_id,nvarchar,6,0,0,YES,NO,NO
EQUIP_BILL_OPTIONS,14,workorder_split_id,nvarchar,6,0,0,YES,NO,NO
EQUIP_BILL_OPTIONS,15,workorder_sub_id,nvarchar,6,0,0,YES,NO,NO
EQUIP_BILL_OPTIONS,16,workorder_type,nvarchar,2,0,0,YES,NO,NO
EQUIP_BILL_OPTIONS,17,operation_seq_no,smallint,2,5,0,YES,NO,NO
EQUIP_BILL_OPTIONS,18,piece_no,smallint,2,5,0,YES,NO,NO
EQUIP_BILL_OPTIONS,19,invoice_id,nvarchar,30,0,0,YES,NO,NO
EQUIP_BILL_OPTIONS,20,labor_band,nvarchar,2,0,0,YES,NO,NO
EQUIP_BILL_OPTIONS,21,resource_id,nvarchar,30,0,0,YES,NO,NO
EQUIP_BINARY,1,ROWID,int,4,10,0,NO,YES,NO
EQUIP_BINARY,2,EQUIP_ID,nvarchar,30,0,0,NO,NO,NO
EQUIP_BINARY,3,TYPE,nchar,2,0,0,NO,NO,NO
EQUIP_BINARY,4,bits,image,16,0,0,YES,NO,NO
EQUIP_BINARY,5,bits_length,int,4,10,0,NO,NO,NO
EQUIP_BRANCH,1,ROWID,int,4,10,0,NO,YES,NO
EQUIP_BRANCH,2,id,nvarchar,30,0,0,NO,NO,NO
EQUIP_BRANCH,3,area_id,nvarchar,30,0,0,NO,NO,NO
EQUIP_BRANCH,4,description,nvarchar,100,0,0,YES,NO,NO
EQUIP_CALENDAR,1,ROWID,int,4,10,0,NO,YES,NO
EQUIP_CALENDAR,2,RESOURCE_ID,nvarchar,30,0,0,YES,NO,NO
EQUIP_CALENDAR,3,DAY_OF_WEEK,smallint,2,5,0,NO,NO,NO
EQUIP_CALENDAR,4,START_OF_DAY,datetime,8,23,3,NO,NO,NO
EQUIP_CALENDAR,5,SHIFT_1,decimal,5,5,3,NO,NO,NO
EQUIP_CALENDAR,6,SHIFT_2,decimal,5,5,3,NO,NO,NO
EQUIP_CALENDAR,7,SHIFT_3,decimal,5,5,3,NO,NO,NO
EQUIP_CALENDAR,8,SHIFT_1_CAPACITY,smallint,2,5,0,YES,NO,NO
EQUIP_CALENDAR,9,SHIFT_2_CAPACITY,smallint,2,5,0,YES,NO,NO
EQUIP_CALENDAR,10,SHIFT_3_CAPACITY,smallint,2,5,0,YES,NO,NO
EQUIP_CALENDAR,11,SITE_ID,nvarchar,30,0,0,YES,NO,NO
EQUIP_COVER_TIME,1,ROWID,int,4,10,0,NO,YES,NO
EQUIP_COVER_TIME,2,coverage_id,smallint,2,5,0,NO,NO,NO
EQUIP_COVER_TIME,3,start_time,datetime,8,23,3,NO,NO,NO
EQUIP_COVER_TIME,4,end_time,datetime,8,23,3,NO,NO,NO
EQUIP_COVER_TIME,5,description,nvarchar,60,0,0,YES,NO,NO
EQUIP_LABOR_PRICE,1,ROWID,int,4,10,0,NO,YES,NO
EQUIP_LABOR_PRICE,2,id,nvarchar,20,0,0,NO,NO,NO
EQUIP_LABOR_PRICE,3,resource_id,nvarchar,30,0,0,NO,NO,NO
EQUIP_LABOR_PRICE,4,normal,decimal,13,22,8,YES,NO,NO
EQUIP_LABOR_PRICE,5,overtime_1,decimal,13,22,8,YES,NO,NO
EQUIP_LABOR_PRICE,6,overtime_2,decimal,13,22,8,YES,NO,NO
EQUIP_MAINT_DISC,1,ROWID,int,4,10,0,NO,YES,NO
EQUIP_MAINT_DISC,2,maint_id,nvarchar,30,0,0,NO,NO,NO
EQUIP_MAINT_DISC,3,customer_id,nvarchar,30,0,0,NO,NO,NO
EQUIP_MAINT_DISC,4,DISCOUNT_PERCENT,decimal,5,6,3,YES,NO,NO
EQUIP_MAINT_DISC,5,DISCOUNT_VALUE,decimal,13,23,8,YES,NO,NO
EQUIP_MAINT_ENG,1,ROWID,int,4,10,0,NO,YES,NO
EQUIP_MAINT_ENG,2,id,nvarchar,6,0,0,NO,NO,NO
EQUIP_MAINT_ENG,3,description,nvarchar,100,0,0,YES,NO,NO
EQUIP_MAINT_TYPE,1,ROWID,int,4,10,0,NO,YES,NO
EQUIP_MAINT_TYPE,2,id,nvarchar,30,0,0,NO,NO,NO
EQUIP_MAINT_TYPE,3,description,nvarchar,100,0,0,YES,NO,NO
EQUIP_MAINT_TYPE,4,maint_price,decimal,13,23,8,YES,NO,NO
EQUIP_MODEL,1,ROWID,int,4,10,0,NO,YES,NO
EQUIP_MODEL,2,id,nvarchar,30,0,0,NO,NO,NO
EQUIP_MODEL,3,type_id,nvarchar,30,0,0,NO,NO,NO
EQUIP_MODEL,4,description,nvarchar,80,0,0,YES,NO,NO
EQUIP_PART_PRICE,1,ROWID,int,4,10,0,NO,YES,NO
EQUIP_PART_PRICE,2,id,nvarchar,20,0,0,NO,NO,NO
EQUIP_PART_PRICE,3,part_id,nvarchar,60,0,0,NO,NO,NO
EQUIP_PART_PRICE,4,price,decimal,13,22,8,YES,NO,NO
EQUIP_PART_PRICE,5,discount,decimal,9,14,4,YES,NO,NO
EQUIP_PM_EXCEPTION,1,ROWID,int,4,10,0,NO,YES,NO
EQUIP_PM_EXCEPTION,2,equip_id,nvarchar,30,0,0,NO,NO,NO
EQUIP_PM_EXCEPTION,3,profile_id,nvarchar,60,0,0,NO,NO,NO
EQUIP_PM_EXCEPTION,4,exception_month,int,4,10,0,YES,NO,NO
EQUIP_PM_EXCEPTION,5,from_date,datetime,8,23,3,YES,NO,NO
EQUIP_PM_EXCEPTION,6,to_date,datetime,8,23,3,YES,NO,NO
EQUIP_PM_PROFILE,1,ROWID,int,4,10,0,NO,YES,NO
EQUIP_PM_PROFILE,2,profile_id,nvarchar,60,0,0,NO,NO,NO
EQUIP_PM_PROFILE,3,eng_id,nvarchar,6,0,0,NO,NO,NO
EQUIP_PM_PROFILE,4,description,image,16,0,0,YES,NO,NO
EQUIP_PM_PROFILE,5,freq_type,nvarchar,2,0,0,YES,NO,NO
EQUIP_PM_PROFILE,6,frequency,nvarchar,8,0,0,YES,NO,NO
EQUIP_PM_PROFILE,7,given_day,int,4,10,0,YES,NO,NO
EQUIP_PM_PROFILE,8,given_date,int,4,10,0,YES,NO,NO
EQUIP_PM_PROFILE,9,given_month,int,4,10,0,YES,NO,NO
EQUIP_PM_SCHEDULE,1,ROWID,int,4,10,0,NO,YES,NO
EQUIP_PM_SCHEDULE,2,job_id,nvarchar,30,0,0,NO,NO,NO
EQUIP_PM_SCHEDULE,3,profile_id,nvarchar,60,0,0,YES,NO,NO
EQUIP_PM_SCHEDULE,4,equip_id,nvarchar,30,0,0,YES,NO,NO
EQUIP_PM_SCHEDULE,5,eng_id,nvarchar,6,0,0,YES,NO,NO
EQUIP_PM_SCHEDULE,6,job_date,datetime,8,23,3,YES,NO,NO
EQUIP_PM_SCHEDULE,7,start_date,datetime,8,23,3,YES,NO,NO
EQUIP_PM_SCHEDULE,8,finish_date,datetime,8,23,3,YES,NO,NO
EQUIP_PM_SCHEDULE,9,wo_created,nvarchar,2,0,0,YES,NO,NO
EQUIP_PM_SCHEDULE,10,resource_id,nvarchar,60,0,0,YES,NO,NO
EQUIP_PM_SCHEDULE,11,wo_create_date,datetime,8,23,3,YES,NO,NO
EQUIP_PM_SCHEDULE,12,wo_status,nvarchar,2,0,0,YES,NO,NO
EQUIP_PM_SCHEDULE,13,workorder_base_id,nvarchar,60,0,0,YES,NO,NO
EQUIP_PM_SCHEDULE,14,workorder_lot_id,nvarchar,6,0,0,YES,NO,NO
EQUIP_PM_SCHEDULE,15,workorder_split_id,nvarchar,6,0,0,YES,NO,NO
EQUIP_PM_SCHEDULE,16,workorder_sub_id,nvarchar,6,0,0,YES,NO,NO
EQUIP_PM_SCHEDULE,17,workorder_type,nvarchar,2,0,0,YES,NO,NO
EQUIP_PM_SCHEDULE,18,CUST_ORDER_ID,nvarchar,30,0,0,YES,NO,NO
EQUIP_PM_SCHEDULE,19,CUST_ORDER_LINE_NO,smallint,2,5,0,YES,NO,NO
EQUIP_PM_SCHEDULE,20,INVOICE_ID,nvarchar,30,0,0,YES,NO,NO
EQUIP_PM_SCHEDULE,21,INVOICE_FLAG,nvarchar,2,0,0,YES,NO,NO
EQUIP_PROFILE,1,ROWID,int,4,10,0,NO,YES,NO
EQUIP_PROFILE,2,profile_id,nvarchar,60,0,0,NO,NO,NO
EQUIP_PROFILE,3,equip_id,nvarchar,30,0,0,NO,NO,NO
EQUIP_PROFILE,4,last_date,datetime,8,23,3,YES,NO,NO
EQUIP_PROFILE,5,profile_day,int,4,10,0,YES,NO,NO
EQUIP_PROFILE,6,date_dayno,int,4,10,0,YES,NO,NO
EQUIP_PROFILE,7,profile_month,int,4,10,0,YES,NO,NO
EQUIP_RELEASE,1,ROWID,int,4,10,0,NO,YES,NO
EQUIP_RELEASE,2,equip_id,nvarchar,30,0,0,NO,NO,NO
EQUIP_RELEASE,3,release_no,nvarchar,60,0,0,NO,NO,NO
EQUIP_RELEASE,4,release_date,datetime,8,23,3,YES,NO,NO
EQUIP_TYPE,1,ROWID,int,4,10,0,NO,YES,NO
EQUIP_TYPE,2,id,nvarchar,30,0,0,NO,NO,NO
EQUIP_TYPE,3,description,nvarchar,80,0,0,YES,NO,NO
EQUIPMENT,1,ROWID,int,4,10,0,NO,YES,NO
EQUIPMENT,2,customer_id,nvarchar,30,0,0,NO,NO,NO
EQUIPMENT,3,equip_id,nvarchar,30,0,0,NO,NO,NO
EQUIPMENT,4,description,nvarchar,500,0,0,YES,NO,NO
EQUIPMENT,5,type_id,nvarchar,30,0,0,NO,NO,NO
EQUIPMENT,6,model,nvarchar,30,0,0,NO,NO,NO
EQUIPMENT,7,serial_no,nvarchar,20,0,0,YES,NO,NO
EQUIPMENT,8,manuf_date,datetime,8,23,3,YES,NO,NO
EQUIPMENT,9,vm_part_id,nvarchar,60,0,0,YES,NO,NO
EQUIPMENT,10,vm_wo_base_id,nvarchar,60,0,0,YES,NO,NO
EQUIPMENT,11,eng_rel_no,nvarchar,60,0,0,YES,NO,NO
EQUIPMENT,12,install_date,datetime,8,23,3,YES,NO,NO
EQUIPMENT,13,default_resource,nvarchar,30,0,0,YES,NO,NO
EQUIPMENT,14,mach_resource,nvarchar,30,0,0,YES,NO,NO
EQUIPMENT,15,service_area,nvarchar,30,0,0,YES,NO,NO
EQUIPMENT,16,branch,nvarchar,30,0,0,YES,NO,NO
EQUIPMENT,17,maint_type,nvarchar,30,0,0,YES,NO,NO
EQUIPMENT,18,class,nvarchar,10,0,0,YES,NO,NO
EQUIPMENT,19,period,int,4,10,0,YES,NO,NO
EQUIPMENT,20,start_hour,int,4,10,0,YES,NO,NO
EQUIPMENT,21,finish_hour,int,4,10,0,YES,NO,NO
EQUIPMENT,22,additional_charges,nvarchar,2,0,0,YES,NO,NO
EQUIPMENT,23,parts_foc,nvarchar,2,0,0,YES,NO,NO
EQUIPMENT,24,mileage_foc,nvarchar,2,0,0,YES,NO,NO
EQUIPMENT,25,labor_foc,nvarchar,2,0,0,YES,NO,NO
EQUIPMENT,26,laborPL,nvarchar,20,0,0,YES,NO,NO
EQUIPMENT,27,partPL,nvarchar,20,0,0,YES,NO,NO
EQUIPMENT,28,contract_no,nvarchar,30,0,0,YES,NO,NO
EQUIPMENT,29,start_date,datetime,8,23,3,YES,NO,NO
EQUIPMENT,30,finish_date,datetime,8,23,3,YES,NO,NO
EQUIPMENT,31,internal,nvarchar,2,0,0,YES,NO,NO
EQUIPMENT,32,contact_fax,nvarchar,40,0,0,YES,NO,NO
EQUIPMENT,33,contact_first_name,nvarchar,60,0,0,YES,NO,NO
EQUIPMENT,34,contact_honorific,nvarchar,30,0,0,YES,NO,NO
EQUIPMENT,35,contact_initial,nvarchar,4,0,0,YES,NO,NO
EQUIPMENT,36,contact_last_name,nvarchar,60,0,0,YES,NO,NO
EQUIPMENT,37,contact_phone,nvarchar,40,0,0,YES,NO,NO
EQUIPMENT,38,contact_position,nvarchar,100,0,0,YES,NO,NO
EQUIPMENT,39,contact_salutation,nvarchar,120,0,0,YES,NO,NO
EQUIPMENT,40,contact_mobile,nvarchar,40,0,0,YES,NO,NO
EQUIPMENT,41,contact_email,nvarchar,100,0,0,YES,NO,NO
EQUIPMENT,42,ship_to_addr_no,int,4,10,0,YES,NO,NO
EQUIPMENT,43,user_1,nvarchar,160,0,0,YES,NO,NO
EQUIPMENT,44,user_2,nvarchar,160,0,0,YES,NO,NO
EQUIPMENT,45,user_3,nvarchar,160,0,0,YES,NO,NO
EQUIPMENT,46,user_4,nvarchar,160,0,0,YES,NO,NO
EQUIPMENT,47,user_5,nvarchar,160,0,0,YES,NO,NO
EQUIPMENT,48,user_6,nvarchar,160,0,0,YES,NO,NO
EQUIPMENT,49,user_7,nvarchar,160,0,0,YES,NO,NO
EQUIPMENT,50,user_8,nvarchar,160,0,0,YES,NO,NO
EQUIPMENT,51,user_9,nvarchar,160,0,0,YES,NO,NO
EQUIPMENT,52,user_10,nvarchar,160,0,0,YES,NO,NO
EQUIPMENT,53,UDF_LAYOUT_ID,nvarchar,30,0,0,YES,NO,NO
EQUIPMENT,54,SITE_ID,nvarchar,30,0,0,NO,NO,NO
EQUIPMENT,55,CONTACT_ID,nvarchar,50,0,0,YES,NO,NO
EQUIPMENT,56,CONTACT_PHONE_EXT,nvarchar,20,0,0,YES,NO,NO
ESB_INBOUND_DUPLICATE,1,C_ID,bigint,8,19,0,NO,YES,NO
ESB_INBOUND_DUPLICATE,2,C_MESSAGE_ID,nvarchar,500,0,0,NO,NO,NO
ESB_INBOUND_DUPLICATE,3,C_CREATED_DATE_TIME,datetime,8,23,3,NO,NO,NO
ESB_PREVIOUS_VERSION_MEDIATION,1,C_ID,bigint,8,19,0,NO,YES,NO
ESB_PREVIOUS_VERSION_MEDIATION,2,C_LOGICAL_ID,nvarchar,500,0,0,NO,NO,NO
ESB_PREVIOUS_VERSION_MEDIATION,3,C_NOUN_NAME,nvarchar,500,0,0,NO,NO,NO
ESB_PREVIOUS_VERSION_MEDIATION,4,C_TENANT_ID,nvarchar,500,0,0,NO,NO,NO
ESB_PREVIOUS_VERSION_MEDIATION,5,C_ACCOUNTING_ENTITY_ID,nvarchar,500,0,0,YES,NO,NO
ESB_PREVIOUS_VERSION_MEDIATION,6,C_LOCATION_ID,nvarchar,500,0,0,YES,NO,NO
ESB_PREVIOUS_VERSION_MEDIATION,7,C_VARIATION_ID,nvarchar,500,0,0,YES,NO,NO
ESB_PREVIOUS_VERSION_MEDIATION,8,C_REVISION_ID,nvarchar,500,0,0,YES,NO,NO
ESB_PREVIOUS_VERSION_MEDIATION,9,C_NOUN_ID,nvarchar,500,0,0,NO,NO,NO
ESB_PREVIOUS_VERSION_MEDIATION,10,C_XML,varbinary,-1,0,0,YES,NO,NO
ESB_PREVIOUS_VERSION_MEDIATION,11,C_AGENCY_ROLE,nvarchar,500,0,0,YES,NO,NO
ESB_VARIATION_ID_MEDIATION,1,C_ID,bigint,8,19,0,NO,YES,NO
ESB_VARIATION_ID_MEDIATION,2,C_LOGICAL_ID,nvarchar,500,0,0,NO,NO,NO
ESB_VARIATION_ID_MEDIATION,3,C_NOUN_NAME,nvarchar,500,0,0,NO,NO,NO
ESB_VARIATION_ID_MEDIATION,4,C_TENANT_ID,nvarchar,500,0,0,NO,NO,NO
ESB_VARIATION_ID_MEDIATION,5,C_ACCOUNTING_ENTITY_ID,nvarchar,500,0,0,YES,NO,NO
ESB_VARIATION_ID_MEDIATION,6,C_LOCATION_ID,nvarchar,500,0,0,YES,NO,NO
ESB_VARIATION_ID_MEDIATION,7,C_VARIATION_ID,nvarchar,500,0,0,YES,NO,NO
ESB_VARIATION_ID_MEDIATION,8,C_REVISION_ID,nvarchar,500,0,0,YES,NO,NO
ESB_VARIATION_ID_MEDIATION,9,C_NOUN_ID,nvarchar,500,0,0,NO,NO,NO
ESB_VARIATION_ID_MEDIATION,10,C_SYSTEM_ID,nvarchar,500,0,0,YES,NO,NO
ESB_VARIATION_ID_MEDIATION,11,C_DRILLBACK_LID,nvarchar,500,0,0,YES,NO,NO
ESB_VARIATION_ID_MEDIATION,12,C_AGENCY_ROLE,nvarchar,500,0,0,YES,NO,NO
EVENT_BINARY,1,ROWID,int,4,10,0,NO,YES,NO
EVENT_BINARY,2,EVENT_ID,int,4,10,0,NO,NO,NO
EVENT_BINARY,3,TYPE,nchar,2,0,0,NO,NO,NO
EVENT_BINARY,4,BITS_LENGTH,int,4,10,0,NO,NO,NO
EVENT_BINARY,5,BITS,image,16,0,0,YES,NO,NO
EVENT_DETECT,1,ROWID,int,4,10,0,NO,YES,NO
EVENT_DETECT,2,EVENT_ID,int,4,10,0,NO,NO,NO
EVENT_DETECT,3,CREATE_DATE,datetime,8,23,3,NO,NO,NO
EVENT_DETECT,4,EVENT_TYPE,nchar,2,0,0,YES,NO,NO
EVENT_DETECT,5,EVENT_BASE_ID,nvarchar,60,0,0,YES,NO,NO
EVENT_DETECT,6,EVENT_LOT_ID,nvarchar,10,0,0,YES,NO,NO
EVENT_DETECT,7,EVENT_SPLIT_ID,nvarchar,6,0,0,YES,NO,NO
EVENT_DETECT,8,USER_ID,nvarchar,40,0,0,NO,NO,NO
EVENT_DETECT,9,STATUS,nchar,2,0,0,YES,NO,NO
EVENT_DETECT,10,ERROR_MSG,nvarchar,500,0,0,YES,NO,NO
EVENT_LOG,1,ROWID,int,4,10,0,NO,YES,NO
EVENT_LOG,2,PROGRAM_ID,nvarchar,30,0,0,NO,NO,NO
EVENT_LOG,3,EVENT_ID,smallint,2,5,0,NO,NO,NO
EVENT_LOG,4,CREATE_DATE,datetime,8,23,3,NO,NO,NO
EVENT_LOG,5,TYPE,nchar,2,0,0,NO,NO,NO
EVENT_LOG,6,CLASS,nvarchar,30,0,0,YES,NO,NO
EVENT_LOG,7,DESCRIPTION,nvarchar,160,0,0,YES,NO,NO
EVENT_LOG,8,USER_ID,nvarchar,40,0,0,NO,NO,NO
EVENT_TRIGGER,1,ROWID,int,4,10,0,NO,YES,NO
EVENT_TRIGGER,2,ID,int,4,10,0,NO,NO,NO
EVENT_TRIGGER,3,TYPE,nchar,2,0,0,YES,NO,NO
EVENT_TRIGGER,4,BASE_ID,nvarchar,60,0,0,YES,NO,NO
EVENT_TRIGGER,5,LOT_ID,nvarchar,10,0,0,YES,NO,NO
EVENT_TRIGGER,6,SPLIT_ID,nvarchar,6,0,0,YES,NO,NO
EVENT_TRIGGER,7,CLASS,nchar,2,0,0,NO,NO,NO
EVENT_TRIGGER,8,EVENT_ACTION,nchar,2,0,0,NO,NO,NO
EVENT_TRIGGER,9,SENDER,nvarchar,256,0,0,YES,NO,NO
EVENT_TRIGGER,10,SUBJECT,nvarchar,256,0,0,YES,NO,NO
EVENT_TRIGGER,11,RECIPIENT,nvarchar,256,0,0,YES,NO,NO
EVENT_TRIGGER,12,FREQUENCY,nchar,2,0,0,NO,NO,NO
EVENT_TRIGGER,13,FREQ_COUNT,int,4,10,0,YES,NO,NO
EVENT_TRIGGER,14,FREQ_DATE,datetime,8,23,3,YES,NO,NO
EVENT_TRIGGER,15,STATUS,nchar,2,0,0,YES,NO,NO
EVENT_TRIGGER,16,CREATE_DATE,datetime,8,23,3,NO,NO,NO
EVENT_TRIGGER,17,USER_ID,nvarchar,40,0,0,NO,NO,NO
EXCEPTION,1,ROWID,int,4,10,0,NO,YES,NO
EXCEPTION,2,TYPE,nchar,4,0,0,NO,NO,NO
EXCEPTION,3,OWNER_ID,nvarchar,80,0,0,NO,NO,NO
EXCEPTION,4,EXCEPTION_ID,nvarchar,80,0,0,NO,NO,NO
EXCEPTION,5,CREATE_DATE,datetime,8,23,3,NO,NO,NO
EXCEPTION,6,NOTE,image,16,0,0,YES,NO,NO
EXPIRED_PWD,1,ROWID,int,4,10,0,NO,YES,NO
EXPIRED_PWD,2,USER_ID,nvarchar,40,0,0,NO,NO,NO
EXPIRED_PWD,3,CYCLE_NO,int,4,10,0,NO,NO,NO
EXPIRED_PWD,4,USER_PWD,nvarchar,160,0,0,YES,NO,NO
EXTRA_JOIN,1,PARENT,nvarchar,40,0,0,NO,NO,NO
EXTRA_JOIN,2,CHILD,nvarchar,40,0,0,NO,NO,NO
EXTRA_JOIN,3,ADDTL_WHERE,nvarchar,4000,0,0,YES,NO,NO
EXTRA_JOIN,4,NAME,nvarchar,40,0,0,NO,NO,NO
EXTRA_JOIN,5,CHILD_COLUMNS,nvarchar,4000,0,0,YES,NO,NO
EXTRA_JOIN,6,ROWID,int,4,10,0,NO,YES,NO
FEEDING_OPERATIONS,1,ROWID,int,4,10,0,NO,YES,NO
FEEDING_OPERATIONS,2,BUFFER_ID,int,4,10,0,NO,NO,NO
FEEDING_OPERATIONS,3,WORKORDER_TYPE,nchar,2,0,0,NO,NO,NO
FEEDING_OPERATIONS,4,WORKORDER_BASE_ID,nvarchar,60,0,0,NO,NO,NO
FEEDING_OPERATIONS,5,WORKORDER_LOT_ID,nvarchar,6,0,0,NO,NO,NO
FEEDING_OPERATIONS,6,WORKORDER_SPLIT_ID,nvarchar,6,0,0,NO,NO,NO
FEEDING_OPERATIONS,7,WORKORDER_SUB_ID,nvarchar,6,0,0,NO,NO,NO
FEEDING_OPERATIONS,8,OPERATION_SEQ_NO,smallint,2,5,0,NO,NO,NO
FEEDING_OPERATIONS,9,FED_TYPE,nchar,2,0,0,NO,NO,NO
FIN_DIST_DETAIL,1,ROWID,int,4,10,0,NO,YES,NO
FIN_DIST_DETAIL,2,PROCESS_TYPE,nvarchar,10,0,0,NO,NO,NO
FIN_DIST_DETAIL,3,SOURCE_ID,nvarchar,80,0,0,NO,NO,NO
FIN_DIST_DETAIL,4,SOURCE_LINE_NO,smallint,2,5,0,NO,NO,NO
FIN_DIST_DETAIL,5,SOURCE_DIST_NO,smallint,2,5,0,NO,NO,NO
FIN_DIST_DETAIL,6,SOURCE_ENTRY_NO,smallint,2,5,0,NO,NO,NO
FIN_DIST_DETAIL,7,AMOUNT_TYPE,nchar,4,0,0,NO,NO,NO
FIN_DIST_DETAIL,8,GL_ACCOUNT_ID,nvarchar,60,0,0,NO,NO,NO
FIN_DIST_DETAIL,9,CURRENCY_ID,nvarchar,30,0,0,NO,NO,NO
FIN_DIST_DETAIL,10,SITE_ID,nvarchar,30,0,0,NO,NO,NO
FIN_DIST_DETAIL,11,AMOUNT,decimal,13,23,8,NO,NO,NO
FINANCIAL_CALENDAR,1,ROWID,int,4,10,0,NO,YES,NO
FINANCIAL_CALENDAR,2,ID,nvarchar,30,0,0,NO,NO,NO
FINANCIAL_CALENDAR,3,PERIOD_TYPE,nchar,2,0,0,NO,NO,NO
FINANCIAL_CALENDAR,4,PERIODS_PER_YEAR,smallint,2,5,0,NO,NO,NO
FINANCIAL_CALENDAR,5,FISCAL_YEAR_END_MONTH,decimal,5,2,0,YES,NO,NO
FINANCIAL_CALENDAR,6,FISCAL_YEAR_END_DAY,decimal,5,2,0,YES,NO,NO
FINANCIAL_CALENDAR,7,DESCRIPTION,nvarchar,160,0,0,YES,NO,NO
FINANCIAL_CALENDAR,8,ACTIVE_FLAG,nchar,2,0,0,YES,NO,NO
FINANCIAL_PERIOD,1,ROWID,int,4,10,0,NO,YES,NO
FINANCIAL_PERIOD,2,CALENDAR_ID,nvarchar,30,0,0,NO,NO,NO
FINANCIAL_PERIOD,3,ACCT_YEAR,decimal,5,4,0,NO,NO,NO
FINANCIAL_PERIOD,4,ACCT_PERIOD,decimal,5,2,0,NO,NO,NO
FINANCIAL_PERIOD,5,BEGIN_DATE,datetime,8,23,3,YES,NO,NO
FINANCIAL_PERIOD,6,END_DATE,datetime,8,23,3,YES,NO,NO
FOB_POINT,1,ROWID,int,4,10,0,NO,YES,NO
FOB_POINT,2,CODE,nvarchar,50,0,0,NO,NO,NO
FOB_POINT,3,DESCRIPTION,nvarchar,160,0,0,YES,NO,NO
FOB_POINT,4,INTRANSIT_OWNER,nvarchar,50,0,0,YES,NO,NO
FOB_POINT_SYNC,1,ROWID,int,4,10,0,NO,YES,NO
FOB_POINT_SYNC,2,EVENT_ID,int,4,10,0,NO,NO,NO
FOB_POINT_SYNC,3,TYPE,nchar,2,0,0,NO,NO,NO
FOB_POINT_SYNC,4,CREATE_DATE,datetime,8,23,3,NO,NO,NO
FOB_POINT_SYNC,5,FOB_POINT_CODE,nvarchar,50,0,0,NO,NO,NO
FOB_POINT_SYNC,6,EXCEPTION,nchar,2,0,0,NO,NO,NO
FOB_POINT_SYNC,7,SUBSCRIPTIONS,int,4,10,0,NO,NO,NO
GAGE,1,ROWID,int,4,10,0,NO,YES,NO
GAGE,2,GAGE_ID,nvarchar,30,0,0,NO,NO,NO
GAGE,3,DESCRIPTION,nvarchar,80,0,0,YES,NO,NO
GAGE,4,TYPE,nvarchar,30,0,0,YES,NO,NO
GAGE,5,SERIALNUM_REQD,nchar,2,0,0,NO,NO,NO
GJ,1,ROWID,int,4,10,0,NO,YES,NO
GJ,2,ID,nvarchar,30,0,0,NO,NO,NO
GJ,3,GJ_DATE,datetime,8,23,3,NO,NO,NO
GJ,4,DESCRIPTION,nvarchar,160,0,0,YES,NO,NO
GJ,5,POSTING_DATE,datetime,8,23,3,NO,NO,NO
GJ,6,TOTAL_DR_AMOUNT,decimal,13,23,8,NO,NO,NO
GJ,7,TOTAL_CR_AMOUNT,decimal,13,23,8,NO,NO,NO
GJ,8,SELL_RATE,decimal,9,15,8,NO,NO,NO
GJ,9,BUY_RATE,decimal,9,15,8,NO,NO,NO
GJ,10,SITE_ID,nvarchar,30,0,0,NO,NO,NO
GJ,11,CREATE_DATE,datetime,8,23,3,NO,NO,NO
GJ,12,USER_ID,nvarchar,40,0,0,NO,NO,NO
GJ,13,CURRENCY_ID,nvarchar,30,0,0,YES,NO,NO
GJ,14,POST_ALL_TRACKING,nchar,2,0,0,NO,NO,NO
GJ,15,POST_AS_NATIVE,nchar,2,0,0,NO,NO,NO
GJ,16,USER_EXCH_RATE,nchar,2,0,0,NO,NO,NO
GJ,17,ALLOCATION_ID,nvarchar,10,0,0,YES,NO,NO
GJ,18,RECURRING_ID,nvarchar,30,0,0,YES,NO,NO
GJ,19,ACT_RATE_ID,nvarchar,30,0,0,YES,NO,NO
GJ,20,ACT_PERIOD_ID,nvarchar,30,0,0,YES,NO,NO
GJ,21,RETRO_RATE_ID,nvarchar,30,0,0,YES,NO,NO
GJ,22,RETRO_PERIOD_ID,nvarchar,30,0,0,YES,NO,NO
GJ,23,RETRO_RATE_CODE,nchar,2,0,0,YES,NO,NO
GJ,24,POSTING_CANDIDATE,nchar,2,0,0,NO,NO,NO
GJ_CURR,1,ROWID,int,4,10,0,NO,YES,NO
GJ_CURR,2,GJ_ID,nvarchar,30,0,0,NO,NO,NO
GJ_CURR,3,CURRENCY_ID,nvarchar,30,0,0,NO,NO,NO
GJ_CURR,4,AMOUNT,decimal,13,23,8,NO,NO,NO
GJ_CURR,5,SELL_RATE,decimal,9,15,8,NO,NO,NO
GJ_CURR,6,BUY_RATE,decimal,9,15,8,NO,NO,NO
GJ_DIST,1,ROWID,int,4,10,0,NO,YES,NO
GJ_DIST,2,GJ_ID,nvarchar,30,0,0,NO,NO,NO
GJ_DIST,3,DIST_NO,smallint,2,5,0,NO,NO,NO
GJ_DIST,4,ENTRY_NO,smallint,2,5,0,NO,NO,NO
GJ_DIST,5,AMOUNT,decimal,13,23,8,NO,NO,NO
GJ_DIST,6,AMOUNT_TYPE,nchar,4,0,0,NO,NO,NO
GJ_DIST,7,GL_ACCOUNT_ID,nvarchar,60,0,0,NO,NO,NO
GJ_DIST,8,NATIVE_AMOUNT,decimal,13,23,8,NO,NO,NO
GJ_DIST,9,POSTING_DATE,datetime,8,23,3,NO,NO,NO
GJ_DIST,10,POSTING_STATUS,nchar,2,0,0,NO,NO,NO
GJ_DIST,11,BATCH_ID,nvarchar,30,0,0,YES,NO,NO
GJ_DIST,12,CREATE_DATE,datetime,8,23,3,NO,NO,NO
GJ_DIST,13,SITE_ID,nvarchar,30,0,0,NO,NO,NO
GJ_DIST,14,CURRENCY_ID,nvarchar,30,0,0,NO,NO,NO
GJ_DIST,15,NATIVE,nchar,2,0,0,NO,NO,NO
GJ_LINE,1,ROWID,int,4,10,0,NO,YES,NO
GJ_LINE,2,GJ_ID,nvarchar,30,0,0,NO,NO,NO
GJ_LINE,3,LINE_NO,smallint,2,5,0,NO,NO,NO
GJ_LINE,4,GL_ACCOUNT_ID,nvarchar,60,0,0,NO,NO,NO
GJ_LINE,5,DEBIT_AMOUNT,decimal,13,23,8,NO,NO,NO
GJ_LINE,6,CREDIT_AMOUNT,decimal,13,23,8,NO,NO,NO
GJ_LINE,7,REFERENCE,nvarchar,160,0,0,YES,NO,NO
GJ_LINE,8,COST_CATEGORY_ID,nvarchar,30,0,0,YES,NO,NO
GJ_LINE,9,DEPARTMENT_ID,nvarchar,30,0,0,YES,NO,NO
GJ_LINE,10,PROJECT_ID,nvarchar,30,0,0,YES,NO,NO
GJ_LINE,11,WBS_CODE,nvarchar,60,0,0,YES,NO,NO
GJ_LINE,12,PROJ_REF_SEQ_NO,smallint,2,5,0,YES,NO,NO
GJ_LINE,13,PROJ_REF_SUB_ID,nvarchar,6,0,0,YES,NO,NO
GJ_LINE,14,ACCOUNT_YEAR,decimal,5,4,0,YES,NO,NO
GJ_LINE,15,HOURS,decimal,9,15,2,YES,NO,NO
GJ_LINE,16,ACT_BURDEN_COST,decimal,13,23,8,YES,NO,NO
GJ_LINE,17,USER_DIMENSION_1,nvarchar,30,0,0,YES,NO,NO
GJ_LINE,18,USER_DIMENSION_2,nvarchar,30,0,0,YES,NO,NO
GJ_LINE,19,CUST_ORDER_ID,nvarchar,30,0,0,YES,NO,NO
GJ_LINE,20,PRODUCT_CODE,nvarchar,30,0,0,YES,NO,NO
GJ_LINE_CURR,1,ROWID,int,4,10,0,NO,YES,NO
GJ_LINE_CURR,2,GJ_ID,nvarchar,30,0,0,NO,NO,NO
GJ_LINE_CURR,3,LINE_NO,smallint,2,5,0,NO,NO,NO
GJ_LINE_CURR,4,CURRENCY_ID,nvarchar,30,0,0,NO,NO,NO
GJ_LINE_CURR,5,AMOUNT,decimal,13,23,8,NO,NO,NO
GJ_LINE_CURR,6,SELL_RATE,decimal,9,15,8,NO,NO,NO
GJ_LINE_CURR,7,BUY_RATE,decimal,9,15,8,NO,NO,NO
GL_BURDEN_MAP,1,ROWID,int,4,10,0,NO,YES,NO
GL_BURDEN_MAP,2,DEPARTMENT_ID,nvarchar,30,0,0,NO,NO,NO
GL_BURDEN_MAP,3,PROJECT_TYPE,nvarchar,30,0,0,NO,NO,NO
GL_BURDEN_MAP,4,COST_GROUP_ID,nvarchar,30,0,0,NO,NO,NO
GL_BURDEN_MAP,5,DEBIT_GL_ACCOUNT,nvarchar,60,0,0,YES,NO,NO
GL_BURDEN_MAP,6,CREDIT_GL_ACCOUNT,nvarchar,60,0,0,YES,NO,NO
GL_BURDEN_MAP,7,BURDEN_GROUP_ID,nvarchar,30,0,0,NO,NO,NO
GL_INTERFACE,1,ROWID,int,4,10,0,NO,YES,NO
GL_INTERFACE,2,ID,nvarchar,30,0,0,NO,NO,NO
GL_INTERFACE,3,DESCRIPTION,nvarchar,80,0,0,YES,NO,NO
GL_INTERFACE_ACCT,1,ROWID,int,4,10,0,NO,YES,NO
GL_INTERFACE_ACCT,2,SITE_ID,nvarchar,30,0,0,NO,NO,NO
GL_INTERFACE_ACCT,3,INTERFACE_ID,nvarchar,30,0,0,NO,NO,NO
GL_INTERFACE_ACCT,4,GL_GROUP_ID,nvarchar,30,0,0,YES,NO,NO
GL_INTERFACE_ACCT,5,GL_ACCOUNT_ID,nvarchar,60,0,0,YES,NO,NO
GOTO_TABLE_COLUMN,1,ROWID,int,4,10,0,NO,YES,NO
GOTO_TABLE_COLUMN,2,GOTO_VMPGM_PROGRAM_ID,nvarchar,160,0,0,NO,NO,NO
GOTO_TABLE_COLUMN,3,GOTO_VMPGM_GOTO_ID,int,4,10,0,NO,NO,NO
GOTO_TABLE_COLUMN,4,TABLE_NAME,nvarchar,60,0,0,NO,NO,NO
GOTO_TABLE_COLUMN,5,COL_SEQ,int,4,10,0,NO,NO,NO
GOTO_TABLE_COLUMN,6,COLUMN_NAME,nvarchar,60,0,0,NO,NO,NO
GOTO_TABLE_COLUMN,7,IS_PRIMARY,nvarchar,2,0,0,NO,NO,NO
GOTO_TABLE_COLUMN,8,IS_VALUE,nvarchar,2,0,0,YES,NO,NO
GOTO_TABLE_COLUMN,9,FIXED_VALUE,nvarchar,60,0,0,YES,NO,NO
GOTO_VMPGM,1,ROWID,int,4,10,0,NO,YES,NO
GOTO_VMPGM,2,PROGRAM_ID,nvarchar,160,0,0,NO,NO,NO
GOTO_VMPGM,3,GOTO_ID,int,4,10,0,NO,NO,NO
GOTO_VMPGM,4,WPARAM_ARG,int,4,10,0,YES,NO,NO
GPSCMF,1,ROWID,int,4,10,0,NO,YES,NO
GPSCMF,2,GCBOID,nvarchar,60,0,0,YES,NO,NO
GPSCMF,3,GCBOVL,nvarchar,30,0,0,YES,NO,NO
GPSCMF,4,GCLNID,nvarchar,4,0,0,YES,NO,NO
GPSCMF,5,GCBODS,nvarchar,60,0,0,YES,NO,NO
GPSUMF,1,ROWID,int,4,10,0,NO,YES,NO
GPSUMF,2,GUBOID,nvarchar,60,0,0,YES,NO,NO
GPSUMF,3,GUBOVL,nvarchar,30,0,0,YES,NO,NO
GPSUMF,4,GUBODS,nvarchar,60,0,0,YES,NO,NO
GROUP_USER,1,ROWID,int,4,10,0,NO,YES,NO
GROUP_USER,2,GROUP_ID,nvarchar,30,0,0,NO,NO,NO
GROUP_USER,3,USER_ID,nvarchar,40,0,0,NO,NO,NO
GROUP_USER,4,IS_LEADER,nchar,2,0,0,YES,NO,NO
GROUP_USER,5,CREATE_DATE,datetime,8,23,3,NO,NO,NO
GROUP_USER,6,USER_SIGNOFF,nchar,2,0,0,YES,NO,NO
GROUPS,1,ROWID,int,4,10,0,NO,YES,NO
GROUPS,2,ID,nvarchar,30,0,0,NO,NO,NO
GROUPS,3,DESCRIPTION,nvarchar,160,0,0,YES,NO,NO
GROUPS,4,CREATE_DATE,datetime,8,23,3,NO,NO,NO
GROUPS,5,DEF_AUTH_GRP,nchar,2,0,0,YES,NO,NO
GROUPS,6,DEF_IMPL_GRP,nchar,2,0,0,YES,NO,NO
GROUPS,7,DEF_APRV_GRP,nchar,2,0,0,YES,NO,NO
GROUPS,8,DEF_DIST_GRP,nchar,2,0,0,YES,NO,NO
GROUPS,9,APPROVAL_1,nchar,2,0,0,YES,NO,NO
GROUPS,10,APPROVAL_2,nchar,2,0,0,YES,NO,NO
GROUPS,11,APPROVAL_3,nchar,2,0,0,YES,NO,NO
GROUPS,12,APPROVAL_4,nchar,2,0,0,YES,NO,NO
GROUPS,13,GROUP_SIGNOFF,nchar,2,0,0,YES,NO,NO
GROUPS,14,WORKFLOW_APPROVAL,nchar,2,0,0,YES,NO,NO
GROUPS,15,IS_PROFILE,nchar,2,0,0,YES,NO,NO
GROUPS,16,SITE_ID,nvarchar,30,0,0,YES,NO,NO
HARMONIZED_TARIFF,1,ROWID,int,4,10,0,NO,YES,NO
HARMONIZED_TARIFF,2,HTS_CODE,nvarchar,40,0,0,NO,NO,NO
HARMONIZED_TARIFF,3,DESCRIPTION,nvarchar,160,0,0,YES,NO,NO
HARMONIZED_TARIFF,4,DUTY_PERCENT,decimal,5,6,4,NO,NO,NO
HISTORY_DATA,1,USER_ID,nvarchar,40,0,0,NO,NO,NO
HISTORY_DATA,2,TBL_NAME,nvarchar,100,0,0,NO,NO,NO
HISTORY_DATA,3,COL_NAME,nvarchar,100,0,0,NO,NO,NO
HISTORY_DATA,4,CREATE_DATE,datetime,8,23,3,NO,NO,NO
HISTORY_DATA,5,PRIMARY_KEY,nvarchar,508,0,0,YES,NO,NO
HISTORY_DATA,6,ACTION,nvarchar,30,0,0,YES,NO,NO
HISTORY_DATA,7,OLD_VALUE,nvarchar,510,0,0,YES,NO,NO
HISTORY_DATA,8,NEW_VALUE,nvarchar,510,0,0,YES,NO,NO
HISTORY_DEFINITION,1,TBL_NAME,nvarchar,100,0,0,NO,NO,NO
HISTORY_DEFINITION,2,COL_NAME,nvarchar,100,0,0,NO,NO,NO
HISTORY_DEFINITION,3,COL_TYPE,nvarchar,30,0,0,YES,NO,NO
HISTORY_DEFINITION,4,FOR_INSERT,nchar,2,0,0,YES,NO,NO
HISTORY_DEFINITION,5,FOR_UPDATE,nchar,2,0,0,YES,NO,NO
HISTORY_DEFINITION,6,FOR_DELETE,nchar,2,0,0,YES,NO,NO
HISTORY_SCHEMA,1,TBL_NAME,nvarchar,100,0,0,NO,NO,NO
HISTORY_SCHEMA,2,COL_NAME,nvarchar,100,0,0,NO,NO,NO
HISTORY_SCHEMA,3,COL_TYPE,nvarchar,30,0,0,YES,NO,NO
HISTORY_SCHEMA,4,IS_PRIMARY,nchar,2,0,0,YES,NO,NO
HISTORY_SCHEMA,5,PK_ORDER,int,4,10,0,YES,NO,NO
HOLD_REASON,1,ROWID,int,4,10,0,NO,YES,NO
HOLD_REASON,2,ID,nvarchar,30,0,0,NO,NO,NO
HOLD_REASON,3,DESCRIPTION,nvarchar,160,0,0,NO,NO,NO
HONORIFIC,1,ROWID,int,4,10,0,NO,YES,NO
HONORIFIC,2,NAME,nvarchar,30,0,0,NO,NO,NO
HTS_DUTY_PERCENT,1,ROWID,int,4,10,0,NO,YES,NO
HTS_DUTY_PERCENT,2,HTS_CODE,nvarchar,40,0,0,NO,NO,NO
HTS_DUTY_PERCENT,3,ORIG_COUNTRY_ID,nvarchar,100,0,0,NO,NO,NO
HTS_DUTY_PERCENT,4,DUTY_PERCENT,decimal,5,6,3,NO,NO,NO
IBT,1,ROWID,int,4,10,0,NO,YES,NO
IBT,2,ID,nvarchar,30,0,0,NO,NO,NO
IBT,3,FROM_WHSE_ID,nvarchar,30,0,0,NO,NO,NO
IBT,4,TO_WHSE_ID,nvarchar,30,0,0,NO,NO,NO
IBT,5,ORDER_DATE,datetime,8,23,3,NO,NO,NO
IBT,6,TRANSIT_DAYS,decimal,9,14,4,YES,NO,NO
IBT,7,DESIRED_RECV_DATE,datetime,8,23,3,YES,NO,NO
IBT,8,DESIRED_SHIP_DATE,datetime,8,23,3,YES,NO,NO
IBT,9,BUYER,nvarchar,40,0,0,YES,NO,NO
IBT,10,SHIP_VIA,nvarchar,80,0,0,YES,NO,NO
IBT,11,STATUS,nchar,2,0,0,NO,NO,NO
IBT,12,RECEIVED_DATE,datetime,8,23,3,YES,NO,NO
IBT,13,SHIPPED_DATE,datetime,8,23,3,YES,NO,NO
IBT,14,FREIGHT,decimal,13,23,8,YES,NO,NO
IBT,15,SHIP_REASON_CD,nvarchar,30,0,0,YES,NO,NO
IBT,16,RETURNED_DATE,datetime,8,23,3,YES,NO,NO
IBT,17,CARRIER_ID,nvarchar,30,0,0,YES,NO,NO
IBT,18,FREIGHT_TERMS,nchar,2,0,0,YES,NO,NO
IBT,19,MARKED_FOR_PURGE,nchar,2,0,0,NO,NO,NO
IBT,20,UDF_LAYOUT_ID,nvarchar,30,0,0,YES,NO,NO
IBT,21,USER_1,nvarchar,160,0,0,YES,NO,NO
IBT,22,USER_2,nvarchar,160,0,0,YES,NO,NO
IBT,23,USER_3,nvarchar,160,0,0,YES,NO,NO
IBT,24,USER_4,nvarchar,160,0,0,YES,NO,NO
IBT,25,USER_5,nvarchar,160,0,0,YES,NO,NO
IBT,26,USER_6,nvarchar,160,0,0,YES,NO,NO
IBT,27,USER_7,nvarchar,160,0,0,YES,NO,NO
IBT,28,USER_8,nvarchar,160,0,0,YES,NO,NO
IBT,29,USER_9,nvarchar,160,0,0,YES,NO,NO
IBT,30,USER_10,nvarchar,160,0,0,YES,NO,NO
IBT,31,OWNER_ID,nvarchar,30,0,0,YES,NO,NO
IBT,32,DISPATCHED,nchar,2,0,0,YES,NO,NO
IBT,33,CONSIGNED_XFR_TYPE,nchar,2,0,0,NO,NO,NO
IBT,34,CUSTOMER_ID,nvarchar,30,0,0,YES,NO,NO
IBT,35,VENDOR_ID,nvarchar,30,0,0,YES,NO,NO
IBT,36,SHIP_FROM_ADDR_NO,int,4,10,0,YES,NO,NO
IBT,37,SHIP_TO_ADDR_NO,int,4,10,0,YES,NO,NO
IBT,38,CONTACT_FIRST_NAME,nvarchar,60,0,0,YES,NO,NO
IBT,39,CONTACT_LAST_NAME,nvarchar,60,0,0,YES,NO,NO
IBT,40,CONTACT_INITIAL,nvarchar,4,0,0,YES,NO,NO
IBT,41,CONTACT_POSITION,nvarchar,100,0,0,YES,NO,NO
IBT,42,CONTACT_HONORIFIC,nvarchar,30,0,0,YES,NO,NO
IBT,43,CONTACT_SALUTATION,nvarchar,120,0,0,YES,NO,NO
IBT,44,CONTACT_PHONE,nvarchar,40,0,0,YES,NO,NO
IBT,45,CONTACT_FAX,nvarchar,40,0,0,YES,NO,NO
IBT,46,CONTACT_MOBILE,nvarchar,40,0,0,YES,NO,NO
IBT,47,CONTACT_EMAIL,nvarchar,100,0,0,YES,NO,NO
IBT,48,STATUS_EFF_DATE,datetime,8,23,3,NO,NO,NO
IBT,49,SITE_ID,nvarchar,30,0,0,NO,NO,NO
IBT,50,CONTACT_ID,nvarchar,50,0,0,YES,NO,NO
IBT,51,CONTACT_PHONE_EXT,nvarchar,20,0,0,YES,NO,NO
IBT_BINARY,1,ROWID,int,4,10,0,NO,YES,NO
IBT_BINARY,2,IBT_ID,nvarchar,30,0,0,NO,NO,NO
IBT_BINARY,3,TYPE,nchar,2,0,0,NO,NO,NO
IBT_BINARY,4,BITS,image,16,0,0,YES,NO,NO
IBT_BINARY,5,BITS_LENGTH,int,4,10,0,NO,NO,NO
IBT_LINE,1,ROWID,int,4,10,0,NO,YES,NO
IBT_LINE,2,IBT_ID,nvarchar,30,0,0,NO,NO,NO
IBT_LINE,3,LINE_NO,smallint,2,5,0,NO,NO,NO
IBT_LINE,4,PART_ID,nvarchar,60,0,0,YES,NO,NO
IBT_LINE,5,USER_ORDER_QTY,decimal,13,20,8,NO,NO,NO
IBT_LINE,6,ORDER_QTY,decimal,13,20,8,NO,NO,NO
IBT_LINE,7,USER_SHIPPED_QTY,decimal,13,20,8,YES,NO,NO
IBT_LINE,8,SHIPPED_QTY,decimal,13,20,8,YES,NO,NO
IBT_LINE,9,USER_RECV_QTY,decimal,13,20,8,YES,NO,NO
IBT_LINE,10,RECEIVED_QTY,decimal,13,20,8,YES,NO,NO
IBT_LINE,11,IBT_UM,nvarchar,30,0,0,YES,NO,NO
IBT_LINE,12,RETURNED_QTY,decimal,13,20,8,YES,NO,NO
IBT_LINE,13,USER_RETURNED_QTY,decimal,13,20,8,YES,NO,NO
IBT_LINE,14,UNIT_PRICE,decimal,13,22,8,YES,NO,NO
IBT_LINE,15,SHIPPING_WEIGHT,decimal,9,14,4,YES,NO,NO
IBT_LINE,16,WEIGHT_UM,nvarchar,30,0,0,YES,NO,NO
IBT_LINE,17,CARTON_COUNT,smallint,2,5,0,YES,NO,NO
IBT_LINE,18,PACKAGE_TYPE,nvarchar,10,0,0,YES,NO,NO
IBT_LINE,19,LINE_STATUS,nchar,2,0,0,NO,NO,NO
IBT_LINE,20,DEM_ALLOCATED_QTY,decimal,13,20,8,NO,NO,NO
IBT_LINE,21,DEM_FULFILLED_QTY,decimal,13,20,8,NO,NO,NO
IBT_LINE,22,SUP_ALLOCATED_QTY,decimal,13,20,8,NO,NO,NO
IBT_LINE,23,SUP_FULFILLED_QTY,decimal,13,20,8,NO,NO,NO
IBT_LINE,24,TRANSIT_LOC_ID,nvarchar,30,0,0,YES,NO,NO
IBT_LINE,25,UDF_LAYOUT_ID,nvarchar,30,0,0,YES,NO,NO
IBT_LINE,26,USER_1,nvarchar,160,0,0,YES,NO,NO
IBT_LINE,27,USER_2,nvarchar,160,0,0,YES,NO,NO
IBT_LINE,28,USER_3,nvarchar,160,0,0,YES,NO,NO
IBT_LINE,29,USER_4,nvarchar,160,0,0,YES,NO,NO
IBT_LINE,30,USER_5,nvarchar,160,0,0,YES,NO,NO
IBT_LINE,31,USER_6,nvarchar,160,0,0,YES,NO,NO
IBT_LINE,32,USER_7,nvarchar,160,0,0,YES,NO,NO
IBT_LINE,33,USER_8,nvarchar,160,0,0,YES,NO,NO
IBT_LINE,34,USER_9,nvarchar,160,0,0,YES,NO,NO
IBT_LINE,35,USER_10,nvarchar,160,0,0,YES,NO,NO
IBT_LINE,36,OWNER_ID,nvarchar,30,0,0,YES,NO,NO
IBT_LINE,37,TRACE_QTY,decimal,13,20,8,YES,NO,NO
IBT_LINE,38,DISPATCHED,nchar,2,0,0,YES,NO,NO
IBT_LINE,39,STATUS_EFF_DATE,datetime,8,23,3,NO,NO,NO
IBT_LINE,40,FROM_USER_DIMENSION_1,nvarchar,30,0,0,YES,NO,NO
IBT_LINE,41,FROM_USER_DIMENSION_2,nvarchar,30,0,0,YES,NO,NO
IBT_LINE,42,FROM_CUST_ORDER_ID,nvarchar,30,0,0,YES,NO,NO
IBT_LINE,43,TO_USER_DIMENSION_1,nvarchar,30,0,0,YES,NO,NO
IBT_LINE,44,TO_USER_DIMENSION_2,nvarchar,30,0,0,YES,NO,NO
IBT_LINE,45,TO_CUST_ORDER_ID,nvarchar,30,0,0,YES,NO,NO
IBT_LINE,46,PIECE_COUNT,decimal,13,20,8,YES,NO,NO
IBT_LINE,47,LENGTH,decimal,9,14,4,YES,NO,NO
IBT_LINE,48,WIDTH,decimal,9,14,4,YES,NO,NO
IBT_LINE,49,HEIGHT,decimal,9,14,4,YES,NO,NO
IBT_LINE,50,DIMENSIONS_UM,nvarchar,30,0,0,YES,NO,NO
IBT_LINE,51,SHPD_PIECE_COUNT,decimal,13,20,8,YES,NO,NO
IBT_LINE,52,SHPD_LENGTH,decimal,9,14,4,YES,NO,NO
IBT_LINE,53,SHPD_WIDTH,decimal,9,14,4,YES,NO,NO
IBT_LINE,54,SHPD_HEIGHT,decimal,9,14,4,YES,NO,NO
IBT_LINE,55,SHPD_DIMENSIONS_UM,nvarchar,30,0,0,YES,NO,NO
IBT_LINE,56,RCVD_PIECE_COUNT,decimal,13,20,8,YES,NO,NO
IBT_LINE,57,RCVD_LENGTH,decimal,9,14,4,YES,NO,NO
IBT_LINE,58,RCVD_WIDTH,decimal,9,14,4,YES,NO,NO
IBT_LINE,59,RCVD_HEIGHT,decimal,9,14,4,YES,NO,NO
IBT_LINE,60,RCVD_DIMENSIONS_UM,nvarchar,30,0,0,YES,NO,NO
IBT_LINE_BINARY,1,ROWID,int,4,10,0,NO,YES,NO
IBT_LINE_BINARY,2,IBT_ID,nvarchar,30,0,0,NO,NO,NO
IBT_LINE_BINARY,3,IBT_LINE_NO,smallint,2,5,0,NO,NO,NO
IBT_LINE_BINARY,4,TYPE,nchar,2,0,0,NO,NO,NO
IBT_LINE_BINARY,5,BITS,image,16,0,0,YES,NO,NO
IBT_LINE_BINARY,6,BITS_LENGTH,int,4,10,0,NO,NO,NO
IBT_LINE_TRC_CTL,1,ROWID,int,4,10,0,NO,YES,NO
IBT_LINE_TRC_CTL,2,IBT_ID,nvarchar,30,0,0,NO,NO,NO
IBT_LINE_TRC_CTL,3,IBT_LINE_NO,int,4,10,0,NO,NO,NO
IBT_LINE_TRC_CTL,4,SERIAL_ID_CTL,nvarchar,340,0,0,YES,NO,NO
IBT_LINE_TRC_CTL,5,LOT_ID_CTL,nvarchar,340,0,0,YES,NO,NO
IBT_LINE_TRC_CTL,6,APROPERTY_1_CTL,nvarchar,340,0,0,YES,NO,NO
IBT_LINE_TRC_CTL,7,APROPERTY_2_CTL,nvarchar,340,0,0,YES,NO,NO
IBT_LINE_TRC_CTL,8,APROPERTY_3_CTL,nvarchar,340,0,0,YES,NO,NO
IBT_LINE_TRC_CTL,9,APROPERTY_4_CTL,nvarchar,340,0,0,YES,NO,NO
IBT_LINE_TRC_CTL,10,APROPERTY_5_CTL,nvarchar,340,0,0,YES,NO,NO
IBT_LINE_TRC_CTL,11,NPROPERTY_1_CTL,nvarchar,80,0,0,YES,NO,NO
IBT_LINE_TRC_CTL,12,NPROPERTY_2_CTL,nvarchar,80,0,0,YES,NO,NO
IBT_LINE_TRC_CTL,13,NPROPERTY_3_CTL,nvarchar,80,0,0,YES,NO,NO
IBT_LINE_TRC_CTL,14,NPROPERTY_4_CTL,nvarchar,80,0,0,YES,NO,NO
IBT_LINE_TRC_CTL,15,NPROPERTY_5_CTL,nvarchar,80,0,0,YES,NO,NO
IBT_LINE_TRC_CTL,16,EXPIRE_DATE_CTL,nvarchar,100,0,0,YES,NO,NO
IBT_LINE_TRC_CTL,17,PROD_DATE_CTL,nvarchar,100,0,0,YES,NO,NO
IBT_LINE_TRC_CTL,18,REC_BY_DATE_CTL,nvarchar,100,0,0,YES,NO,NO
IBT_LINE_TRC_CTL,19,AVAILABLE_DATE_CTL,nvarchar,100,0,0,YES,NO,NO
IBT_LINE_TRC_CTL,20,SHIP_BY_DATE_CTL,nvarchar,100,0,0,YES,NO,NO
IBT_RECEIVER,1,ROWID,int,4,10,0,NO,YES,NO
IBT_RECEIVER,2,ID,nvarchar,30,0,0,NO,NO,NO
IBT_RECEIVER,3,IBT_ID,nvarchar,30,0,0,NO,NO,NO
IBT_RECEIVER,4,RECEIVED_DATE,datetime,8,23,3,YES,NO,NO
IBT_RECEIVER,5,CREATE_DATE,datetime,8,23,3,NO,NO,NO
IBT_RECEIVER,6,USER_ID,nvarchar,40,0,0,NO,NO,NO
IBT_RECEIVER,7,MARKED_FOR_PURGE,nchar,2,0,0,NO,NO,NO
IBT_RECEIVER,8,SHIP_REASON_CD,nvarchar,30,0,0,YES,NO,NO
IBT_RECEIVER,9,SHIPPER_ID,nvarchar,30,0,0,YES,NO,NO
IBT_RECEIVER,10,RCPT_ACK_RECEIVED,datetime,8,23,3,YES,NO,NO
IBT_RECEIVER,11,CONTACT_FIRST_NAME,nvarchar,60,0,0,YES,NO,NO
IBT_RECEIVER,12,CONTACT_LAST_NAME,nvarchar,60,0,0,YES,NO,NO
IBT_RECEIVER,13,CONTACT_INITIAL,nvarchar,4,0,0,YES,NO,NO
IBT_RECEIVER,14,CONTACT_POSITION,nvarchar,100,0,0,YES,NO,NO
IBT_RECEIVER,15,CONTACT_HONORIFIC,nvarchar,30,0,0,YES,NO,NO
IBT_RECEIVER,16,CONTACT_SALUTATION,nvarchar,120,0,0,YES,NO,NO
IBT_RECEIVER,17,CONTACT_PHONE,nvarchar,40,0,0,YES,NO,NO
IBT_RECEIVER,18,CONTACT_FAX,nvarchar,40,0,0,YES,NO,NO
IBT_RECEIVER,19,CONTACT_MOBILE,nvarchar,40,0,0,YES,NO,NO
IBT_RECEIVER,20,CONTACT_EMAIL,nvarchar,100,0,0,YES,NO,NO
IBT_RECEIVER,21,SITE_ID,nvarchar,30,0,0,NO,NO,NO
IBT_RECEIVER,22,CONTACT_ID,nvarchar,50,0,0,YES,NO,NO
IBT_RECEIVER,23,CONTACT_PHONE_EXT,nvarchar,20,0,0,YES,NO,NO
IBT_RECEIVER_LINE,1,ROWID,int,4,10,0,NO,YES,NO
IBT_RECEIVER_LINE,2,RECEIVER_ID,nvarchar,30,0,0,NO,NO,NO
IBT_RECEIVER_LINE,3,LINE_NO,int,4,10,0,NO,NO,NO
IBT_RECEIVER_LINE,4,IBT_ID,nvarchar,30,0,0,NO,NO,NO
IBT_RECEIVER_LINE,5,IBT_LINE_NO,int,4,10,0,NO,NO,NO
IBT_RECEIVER_LINE,6,USER_RECEIVED_QTY,decimal,13,20,8,NO,NO,NO
IBT_RECEIVER_LINE,7,RECEIVED_QTY,decimal,13,20,8,NO,NO,NO
IBT_RECEIVER_LINE,8,ACT_FREIGHT,decimal,13,23,8,NO,NO,NO
IBT_RECEIVER_LINE,9,WAREHOUSE_ID,nvarchar,30,0,0,YES,NO,NO
IBT_RECEIVER_LINE,10,LOCATION_ID,nvarchar,30,0,0,YES,NO,NO
IBT_RECEIVER_LINE,11,IN_TRANSACTION_ID,int,4,10,0,YES,NO,NO
IBT_RECEIVER_LINE,12,OUT_TRANSACTION_ID,int,4,10,0,YES,NO,NO
IBT_RECEIVER_LINE,13,SHIPPER_ID,nvarchar,30,0,0,YES,NO,NO
IBT_RECEIVER_LINE,14,SHIPPER_LINE_NO,int,4,10,0,YES,NO,NO
IBT_RECEIVER_LINE,15,PIECE_COUNT,decimal,13,20,8,YES,NO,NO
IBT_RECEIVER_LINE,16,LENGTH,decimal,9,14,4,YES,NO,NO
IBT_RECEIVER_LINE,17,WIDTH,decimal,9,14,4,YES,NO,NO
IBT_RECEIVER_LINE,18,HEIGHT,decimal,9,14,4,YES,NO,NO
IBT_RECEIVER_LINE,19,DIMENSIONS_UM,nvarchar,30,0,0,YES,NO,NO
IBT_SHIPPER,1,ROWID,int,4,10,0,NO,YES,NO
IBT_SHIPPER,2,SHIPPER_ID,nvarchar,30,0,0,NO,NO,NO
IBT_SHIPPER,3,IBT_ID,nvarchar,30,0,0,NO,NO,NO
IBT_SHIPPER,4,SHIPPED_DATE,datetime,8,23,3,YES,NO,NO
IBT_SHIPPER,5,CREATE_DATE,datetime,8,23,3,NO,NO,NO
IBT_SHIPPER,6,USER_ID,nvarchar,40,0,0,NO,NO,NO
IBT_SHIPPER,7,MARKED_FOR_PURGE,nchar,2,0,0,NO,NO,NO
IBT_SHIPPER,8,LONG_DESCRIPTION,image,16,0,0,YES,NO,NO
IBT_SHIPPER,9,BOL_ID,nvarchar,40,0,0,YES,NO,NO
IBT_SHIPPER,10,ASN_ID,nvarchar,40,0,0,YES,NO,NO
IBT_SHIPPER,11,PRINTED_DATE,datetime,8,23,3,YES,NO,NO
IBT_SHIPPER,12,FREE_ON_BOARD,nvarchar,50,0,0,YES,NO,NO
IBT_SHIPPER,13,SHIP_VIA,nvarchar,80,0,0,YES,NO,NO
IBT_SHIPPER,14,SALES_TAX_GROUP_ID,nvarchar,30,0,0,YES,NO,NO
IBT_SHIPPER,15,SITE_ID,nvarchar,30,0,0,NO,NO,NO
IBT_SHIPPER,16,ESL_REPORT_NO,int,4,10,0,YES,NO,NO
IBT_SHIPPER,17,ESL_FILENAME,nvarchar,30,0,0,YES,NO,NO
IBT_SHIPPER,18,SHIP_REASON_CD,nvarchar,30,0,0,YES,NO,NO
IBT_SHIPPER,19,CUSTOMS_DOC_ID,nvarchar,30,0,0,YES,NO,NO
IBT_SHIPPER,20,WEIGH_BILL_NUMBER,nvarchar,40,0,0,YES,NO,NO
IBT_SHIPPER,21,POOL_CODE,nvarchar,40,0,0,YES,NO,NO
IBT_SHIPPER,22,VEHICLE_NUMBER,nvarchar,40,0,0,YES,NO,NO
IBT_SHIPPER,23,INTER_CONSIGNEE,nvarchar,40,0,0,YES,NO,NO
IBT_SHIPPER,24,TARE_WEIGHT,decimal,9,14,4,YES,NO,NO
IBT_SHIPPER,25,TOTAL_NET_WEIGHT,decimal,9,14,4,YES,NO,NO
IBT_SHIPPER,26,TOTAL_GROSS_WEIGHT,decimal,9,14,4,YES,NO,NO
IBT_SHIPPER,27,USER_RECEIVED_QTY,decimal,13,20,8,YES,NO,NO
IBT_SHIPPER,28,RECEIVED_QTY,decimal,13,20,8,YES,NO,NO
IBT_SHIPPER,29,RCPT_ACK_PRINTED,datetime,8,23,3,YES,NO,NO
IBT_SHIPPER,30,CONTACT_FIRST_NAME,nvarchar,60,0,0,YES,NO,NO
IBT_SHIPPER,31,CONTACT_LAST_NAME,nvarchar,60,0,0,YES,NO,NO
IBT_SHIPPER,32,CONTACT_INITIAL,nvarchar,4,0,0,YES,NO,NO
IBT_SHIPPER,33,CONTACT_POSITION,nvarchar,100,0,0,YES,NO,NO
IBT_SHIPPER,34,CONTACT_HONORIFIC,nvarchar,30,0,0,YES,NO,NO
IBT_SHIPPER,35,CONTACT_SALUTATION,nvarchar,120,0,0,YES,NO,NO
IBT_SHIPPER,36,CONTACT_PHONE,nvarchar,40,0,0,YES,NO,NO
IBT_SHIPPER,37,CONTACT_FAX,nvarchar,40,0,0,YES,NO,NO
IBT_SHIPPER,38,CONTACT_MOBILE,nvarchar,40,0,0,YES,NO,NO
IBT_SHIPPER,39,CONTACT_EMAIL,nvarchar,100,0,0,YES,NO,NO
IBT_SHIPPER,40,CONTACT_ID,nvarchar,50,0,0,YES,NO,NO
IBT_SHIPPER,41,CONTACT_PHONE_EXT,nvarchar,20,0,0,YES,NO,NO
IBT_SHIPPER_LINE,1,ROWID,int,4,10,0,NO,YES,NO
IBT_SHIPPER_LINE,2,SHIPPER_ID,nvarchar,30,0,0,NO,NO,NO
IBT_SHIPPER_LINE,3,LINE_NO,int,4,10,0,NO,NO,NO
IBT_SHIPPER_LINE,4,IBT_ID,nvarchar,30,0,0,NO,NO,NO
IBT_SHIPPER_LINE,5,IBT_LINE_NO,int,4,10,0,NO,NO,NO
IBT_SHIPPER_LINE,6,USER_SHIPPED_QTY,decimal,13,20,8,NO,NO,NO
IBT_SHIPPER_LINE,7,SHIPPED_QTY,decimal,13,20,8,NO,NO,NO
IBT_SHIPPER_LINE,8,ACT_FREIGHT,decimal,13,23,8,NO,NO,NO
IBT_SHIPPER_LINE,9,SHIPPING_WEIGHT,decimal,9,14,4,YES,NO,NO
IBT_SHIPPER_LINE,10,WEIGHT_UM,nvarchar,30,0,0,YES,NO,NO
IBT_SHIPPER_LINE,11,CARTON_COUNT,int,4,10,0,YES,NO,NO
IBT_SHIPPER_LINE,12,IN_TRANSACTION_ID,int,4,10,0,YES,NO,NO
IBT_SHIPPER_LINE,13,OUT_TRANSACTION_ID,int,4,10,0,YES,NO,NO
IBT_SHIPPER_LINE,14,NMFC_CODE_ID,nvarchar,30,0,0,YES,NO,NO
IBT_SHIPPER_LINE,15,PACKAGE_TYPE,nvarchar,10,0,0,YES,NO,NO
IBT_SHIPPER_LINE,16,PALLET_COUNT,int,4,10,0,YES,NO,NO
IBT_SHIPPER_LINE,17,SHIPPING_UM,nvarchar,30,0,0,YES,NO,NO
IBT_SHIPPER_LINE,18,LONG_DESCRIPTION,image,16,0,0,YES,NO,NO
IBT_SHIPPER_LINE,19,DIMENSIONS_UM,nvarchar,30,0,0,YES,NO,NO
IBT_SHIPPER_LINE,20,SHIP_DIMENSIONS,nvarchar,100,0,0,YES,NO,NO
IBT_SHIPPER_LINE,21,SERVICE_CHARGE_ID,nvarchar,30,0,0,YES,NO,NO
IBT_SHIPPER_LINE,22,MISC_REFERENCE,nvarchar,80,0,0,YES,NO,NO
IBT_SHIPPER_LINE,23,VAT_CODE,nvarchar,30,0,0,YES,NO,NO
IBT_SHIPPER_LINE,24,UNIT_PRICE,decimal,13,22,8,YES,NO,NO
IBT_SHIPPER_LINE,25,ITA_SPECIAL_CHARGE,nvarchar,2,0,0,YES,NO,NO
IBT_SHIPPER_LINE,26,NET_SHIP_WEIGHT,decimal,9,14,4,YES,NO,NO
IBT_SHIPPER_LINE,27,TARE_WEIGHT,decimal,9,14,4,YES,NO,NO
IBT_SHIPPER_LINE,28,PIECE_COUNT,decimal,13,20,8,YES,NO,NO
IBT_SHIPPER_LINE,29,LENGTH,decimal,9,14,4,YES,NO,NO
IBT_SHIPPER_LINE,30,WIDTH,decimal,9,14,4,YES,NO,NO
IBT_SHIPPER_LINE,31,HEIGHT,decimal,9,14,4,YES,NO,NO
IBT_SYNC,1,ROWID,int,4,10,0,NO,YES,NO
IBT_SYNC,2,EVENT_ID,int,4,10,0,NO,NO,NO
IBT_SYNC,3,TYPE,nchar,2,0,0,NO,NO,NO
IBT_SYNC,4,CREATE_DATE,datetime,8,23,3,NO,NO,NO
IBT_SYNC,5,IBT_ID,nvarchar,30,0,0,NO,NO,NO
IBT_SYNC,6,EXCEPTION,nchar,2,0,0,NO,NO,NO
IBT_SYNC,7,SUBSCRIPTIONS,int,4,10,0,NO,NO,NO
INBOX_ERROR,1,C_ID,bigint,8,19,0,NO,NO,NO
INBOX_ERROR,2,C_INBOX_ID,bigint,8,19,0,NO,NO,NO
INBOX_ERROR,3,C_BOD_TYPE,nvarchar,200,0,0,YES,NO,NO
INBOX_ERROR,4,C_DOCUMENT_ID,nvarchar,200,0,0,YES,NO,NO
INBOX_ERROR,5,C_STATUS,nvarchar,60,0,0,YES,NO,NO
INBOX_ERROR,6,C_FAILURE_CODE,int,4,10,0,NO,NO,NO
INBOX_ERROR,7,C_FAILURE_MESSAGE,nvarchar,1000,0,0,YES,NO,NO
INBOX_ERROR,8,C_RETRY_TRIGGER,nvarchar,500,0,0,YES,NO,NO
INBOX_ERROR,9,C_RETRY_KEY,nvarchar,200,0,0,YES,NO,NO
INBOX_ERROR,10,C_CREATE_DATE,datetime,8,23,3,NO,NO,NO
INBOX_ERROR,11,ROWID,int,4,10,0,NO,YES,NO
INDIRECT,1,ROWID,int,4,10,0,NO,YES,NO
INDIRECT,2,ID,nvarchar,30,0,0,NO,NO,NO
INDIRECT,3,DESCRIPTION,nvarchar,80,0,0,YES,NO,NO
INDIRECT,4,GL_ACCOUNT_ID,nvarchar,60,0,0,NO,NO,NO
INDIRECT,5,INDIRECT_CODE,nchar,2,0,0,NO,NO,NO
INDIRECT_DETAIL,1,ROWID,int,4,10,0,NO,YES,NO
INDIRECT_DETAIL,2,TRANSACTION_ID,int,4,10,0,NO,NO,NO
INDIRECT_DETAIL,3,DIST_NO,smallint,2,5,0,NO,NO,NO
INDIRECT_DETAIL,4,ACT_MATERIAL_COST,decimal,13,23,8,YES,NO,NO
INDIRECT_DETAIL,5,ACT_LABOR_COST,decimal,13,23,8,YES,NO,NO
INDIRECT_DETAIL,6,ACT_BURDEN_COST,decimal,13,23,8,YES,NO,NO
INDIRECT_DETAIL,7,ACT_SERVICE_COST,decimal,13,23,8,YES,NO,NO
INDIRECT_DETAIL,8,REFERENCE,nvarchar,100,0,0,YES,NO,NO
INDIRECT_DETAIL,9,CURRENCY_ID,nvarchar,30,0,0,NO,NO,NO
INDIRECT_DETAIL,10,DR_MAT_GL_ACCT_ID,nvarchar,60,0,0,YES,NO,NO
INDIRECT_DETAIL,11,DR_LAB_GL_ACCT_ID,nvarchar,60,0,0,YES,NO,NO
INDIRECT_DETAIL,12,DR_BUR_GL_ACCT_ID,nvarchar,60,0,0,YES,NO,NO
INDIRECT_DETAIL,13,DR_SER_GL_ACCT_ID,nvarchar,60,0,0,YES,NO,NO
INDIRECT_DETAIL,14,CR_MAT_GL_ACCT_ID,nvarchar,60,0,0,YES,NO,NO
INDIRECT_DETAIL,15,CR_LAB_GL_ACCT_ID,nvarchar,60,0,0,YES,NO,NO
INDIRECT_DETAIL,16,CR_BUR_GL_ACCT_ID,nvarchar,60,0,0,YES,NO,NO
INDIRECT_DETAIL,17,CR_SER_GL_ACCT_ID,nvarchar,60,0,0,YES,NO,NO
INDIRECT_DIST,1,ROWID,int,4,10,0,NO,YES,NO
INDIRECT_DIST,2,TRANSACTION_ID,int,4,10,0,NO,NO,NO
INDIRECT_DIST,3,DIST_NO,smallint,2,5,0,NO,NO,NO
INDIRECT_DIST,4,ENTRY_NO,smallint,2,5,0,NO,NO,NO
INDIRECT_DIST,5,AMOUNT,decimal,13,23,8,NO,NO,NO
INDIRECT_DIST,6,AMOUNT_TYPE,nchar,4,0,0,NO,NO,NO
INDIRECT_DIST,7,GL_ACCOUNT_ID,nvarchar,60,0,0,NO,NO,NO
INDIRECT_DIST,8,SITE_ID,nvarchar,30,0,0,NO,NO,NO
INDIRECT_DIST,9,POSTING_STATUS,nchar,2,0,0,NO,NO,NO
INDIRECT_DIST,10,POSTING_DATE,datetime,8,23,3,NO,NO,NO
INDIRECT_DIST,11,BATCH_ID,nvarchar,30,0,0,YES,NO,NO
INDIRECT_DIST,12,CREATE_DATE,datetime,8,23,3,NO,NO,NO
INDIRECT_DIST,13,USER_ID,nvarchar,40,0,0,NO,NO,NO
INDIRECT_DIST,14,CURRENCY_ID,nvarchar,30,0,0,NO,NO,NO
INDIRECT_DIST,15,NATIVE,nchar,2,0,0,YES,NO,NO
INDIVIDUAL_PRV_HISTORY,1,ROWID,int,4,10,0,NO,YES,NO
INDIVIDUAL_PRV_HISTORY,2,ID,int,4,10,0,NO,NO,NO
INDIVIDUAL_PRV_HISTORY,3,DATA_GROUP,nvarchar,60,0,0,NO,NO,NO
INDIVIDUAL_PRV_HISTORY,4,DOCUMENT_ID,nvarchar,100,0,0,NO,NO,NO
INDIVIDUAL_PRV_HISTORY,5,ACTION,nvarchar,20,0,0,NO,NO,NO
INDIVIDUAL_PRV_HISTORY,6,USER_ID,nvarchar,40,0,0,NO,NO,NO
INDIVIDUAL_PRV_HISTORY,7,CREATE_DATE,datetime,8,23,3,NO,NO,NO
INSPECTION_ORDER,1,ID,nvarchar,32,0,0,NO,NO,NO
INSPECTION_ORDER,2,ENTITY_ID,nvarchar,44,0,0,NO,NO,NO
INSPECTION_ORDER,3,LOCATION_ID,nvarchar,200,0,0,NO,NO,NO
INSPECTION_ORDER,4,SITE_ID,nvarchar,30,0,0,NO,NO,NO
INSPECTION_ORDER,5,DOCUMENT_ID,nvarchar,32,0,0,YES,NO,NO
INSPECTION_ORDER,6,VARIATION_ID,bigint,8,19,0,YES,NO,NO
INSPECTION_ORDER,7,LID,nvarchar,128,0,0,YES,NO,NO
INSPECTION_ORDER,8,ORDER_TYPE,nvarchar,40,0,0,NO,NO,NO
INSPECTION_ORDER,9,STATUS,nvarchar,40,0,0,NO,NO,NO
INSPECTION_ORDER,10,STATUS_EFF_DATE,datetime,8,23,3,NO,NO,NO
INSPECTION_ORDER,11,QTY_RECEIVED_BASE,decimal,13,20,8,NO,NO,NO
INSPECTION_ORDER,12,QTY_ACCEPTED_BASE,decimal,13,20,8,NO,NO,NO
INSPECTION_ORDER,13,QTY_REJECTED_BASE,decimal,13,20,8,NO,NO,NO
INSPECTION_ORDER,14,QTY_HOLD_BASE,decimal,13,20,8,NO,NO,NO
INSPECTION_ORDER,15,QTY_UNIT_BASE,nvarchar,32,0,0,YES,NO,NO
INSPECTION_ORDER,16,QTY_RECEIVED,decimal,13,20,8,NO,NO,NO
INSPECTION_ORDER,17,QTY_ACCEPTED,decimal,13,20,8,NO,NO,NO
INSPECTION_ORDER,18,QTY_REJECTED,decimal,13,20,8,NO,NO,NO
INSPECTION_ORDER,19,QTY_HOLD,decimal,13,20,8,NO,NO,NO
INSPECTION_ORDER,20,QTY_UNIT,nvarchar,32,0,0,YES,NO,NO
INSPECTION_ORDER,21,RECEIVER_ID,nvarchar,30,0,0,YES,NO,NO
INSPECTION_ORDER,22,RECEIVER_LINE_NO,smallint,2,5,0,YES,NO,NO
INSPECTION_ORDER,23,INV_TRANS_ID,int,4,10,0,YES,NO,NO
INSPECTION_ORDER,24,WORKORDER_TYPE,nchar,2,0,0,YES,NO,NO
INSPECTION_ORDER,25,WORKORDER_BASE_ID,nvarchar,60,0,0,YES,NO,NO
INSPECTION_ORDER,26,WORKORDER_LOT_ID,nvarchar,6,0,0,YES,NO,NO
INSPECTION_ORDER,27,WORKORDER_SPLIT_ID,nvarchar,6,0,0,YES,NO,NO
INSPECTION_ORDER,28,WORKORDER_SUB_ID,nvarchar,6,0,0,YES,NO,NO
INSPECTION_ORDER,29,OPERATION_SEQ_NO,smallint,2,5,0,YES,NO,NO
INSPECTION_ORDER,30,EMPLOYEE_ID,nvarchar,30,0,0,YES,NO,NO
INSPECTION_ORDER,31,USER_ID,nvarchar,40,0,0,YES,NO,NO
INSPECTION_ORDER,32,LAST_MOD_DATE,datetime,8,23,3,NO,NO,NO
INSPECTION_ORDER,33,CREATE_DATE,datetime,8,23,3,NO,NO,NO
INSPECTION_ORDER,34,ROWID,int,4,10,0,NO,YES,NO
INSPECTION_REASON,1,ROWID,int,4,10,0,NO,YES,NO
INSPECTION_REASON,2,ID,nvarchar,30,0,0,NO,NO,NO
INSPECTION_REASON,3,DESCRIPTION,nvarchar,160,0,0,YES,NO,NO
INSTALLMENT,1,ROWID,int,4,10,0,NO,YES,NO
INSTALLMENT,2,ID,nvarchar,30,0,0,NO,NO,NO
INSTALLMENT,3,INST_TYPE,nchar,4,0,0,NO,NO,NO
INSTALLMENT,4,END_OF_MONTH,nchar,2,0,0,YES,NO,NO
INSTALLMENT,5,VAT_ON_FIRST_INST,nchar,2,0,0,YES,NO,NO
INSTALLMENT,6,PERIOD_TYPE,nchar,2,0,0,NO,NO,NO
INSTALLMENT_LINE,1,ROWID,int,4,10,0,NO,YES,NO
INSTALLMENT_LINE,2,INSTALLMENT_ID,nvarchar,30,0,0,NO,NO,NO
INSTALLMENT_LINE,3,INST_TYPE,nchar,4,0,0,NO,NO,NO
INSTALLMENT_LINE,4,INST_NO,smallint,2,5,0,NO,NO,NO
INSTALLMENT_LINE,5,INST_PERCENT,decimal,5,6,3,NO,NO,NO
INSTALLMENT_LINE,6,PERIOD,smallint,2,5,0,NO,NO,NO
INTRA_ARRIVAL_LINE,1,ROWID,int,4,10,0,NO,YES,NO
INTRA_ARRIVAL_LINE,2,ID,nvarchar,30,0,0,NO,NO,NO
INTRA_ARRIVAL_LINE,3,ARRIVAL_DATE,datetime,8,23,3,NO,NO,NO
INTRA_ARRIVAL_LINE,4,TARIFF_CODE,nvarchar,30,0,0,YES,NO,NO
INTRA_ARRIVAL_LINE,5,EXCISE_PRICE,decimal,13,23,8,YES,NO,NO
INTRA_ARRIVAL_LINE,6,DELIVERY_TERMS,nvarchar,50,0,0,YES,NO,NO
INTRA_ARRIVAL_LINE,7,NATURE_OF_TRANS,int,4,10,0,YES,NO,NO
INTRA_ARRIVAL_LINE,8,NET_MASS,int,4,10,0,YES,NO,NO
INTRA_ARRIVAL_LINE,9,SUPP_UNITS,int,4,10,0,YES,NO,NO
INTRA_ARRIVAL_LINE,10,TO_COUNTRY_ID,nvarchar,30,0,0,YES,NO,NO
INTRA_ARRIVAL_LINE,11,FROM_COUNTRY_ID,nvarchar,30,0,0,YES,NO,NO
INTRA_ARRIVAL_LINE,12,ORIG_COUNTRY_ID,nvarchar,30,0,0,YES,NO,NO
INTRA_ARRIVAL_LINE,13,REGION_ID,nvarchar,4,0,0,YES,NO,NO
INTRA_ARRIVAL_LINE,14,ARRIVAL_CODE,nvarchar,50,0,0,YES,NO,NO
INTRA_ARRIVAL_LINE,15,TRANS_CODE,nvarchar,50,0,0,YES,NO,NO
INTRA_ARRIVAL_LINE,16,MODE_OF_TRANSPORT,int,4,10,0,YES,NO,NO
INTRA_ARRIVAL_LINE,17,NO_OF_CONSIGN,int,4,10,0,YES,NO,NO
INTRA_ARRIVAL_LINE,18,REFERENCE,nvarchar,30,0,0,YES,NO,NO
INTRA_ARRIVAL_LINE,19,INTRA_REPORT_NO,int,4,10,0,YES,NO,NO
INTRA_ARRIVAL_LINE,20,INTRA_FILENAME,nvarchar,30,0,0,YES,NO,NO
INTRA_ARRIVAL_LINE,21,SITE_ID,nvarchar,30,0,0,NO,NO,NO
INTRA_CNSN_RCVR_LN,1,ROWID,int,4,10,0,NO,YES,NO
INTRA_CNSN_RCVR_LN,2,RECEIVER_ID,nvarchar,30,0,0,NO,NO,NO
INTRA_CNSN_RCVR_LN,3,RECEIVER_LINE_NO,smallint,2,5,0,NO,NO,NO
INTRA_CNSN_RCVR_LN,4,ARRIVAL_CODE,nvarchar,50,0,0,YES,NO,NO
INTRA_CNSN_RCVR_LN,5,TRANS_CODE,nvarchar,50,0,0,YES,NO,NO
INTRA_CNSN_RCVR_LN,6,TO_COUNTRY_ID,nvarchar,30,0,0,YES,NO,NO
INTRA_CNSN_RCVR_LN,7,FROM_COUNTRY_ID,nvarchar,30,0,0,YES,NO,NO
INTRA_CNSN_RCVR_LN,8,ORIG_COUNTRY_ID,nvarchar,30,0,0,YES,NO,NO
INTRA_CNSN_RCVR_LN,9,REGION_ID,nvarchar,4,0,0,YES,NO,NO
INTRA_CNSN_RCVR_LN,10,NATURE_OF_TRANS,int,4,10,0,YES,NO,NO
INTRA_CNSN_RCVR_LN,11,MODE_OF_TRANSPORT,int,4,10,0,YES,NO,NO
INTRA_CNSN_RCVR_LN,12,EXCISE_PRICE,decimal,13,23,8,YES,NO,NO
INTRA_CNSN_RCVR_LN,13,TARIFF_CODE,nvarchar,30,0,0,YES,NO,NO
INTRA_CNSN_RCVR_LN,14,INTRA_REPORT_NO,int,4,10,0,YES,NO,NO
INTRA_CNSN_RCVR_LN,15,INTRA_FILENAME,nvarchar,30,0,0,YES,NO,NO
INTRA_DISPTCH_LINE,1,ROWID,int,4,10,0,NO,YES,NO
INTRA_DISPTCH_LINE,2,ID,nvarchar,30,0,0,NO,NO,NO
INTRA_DISPTCH_LINE,3,DISPATCH_DATE,datetime,8,23,3,NO,NO,NO
INTRA_DISPTCH_LINE,4,TARIFF_CODE,nvarchar,30,0,0,YES,NO,NO
INTRA_DISPTCH_LINE,5,EXCISE_PRICE,decimal,13,23,8,YES,NO,NO
INTRA_DISPTCH_LINE,6,DELIVERY_TERMS,nvarchar,50,0,0,YES,NO,NO
INTRA_DISPTCH_LINE,7,NATURE_OF_TRANS,int,4,10,0,YES,NO,NO
INTRA_DISPTCH_LINE,8,NET_MASS,int,4,10,0,YES,NO,NO
INTRA_DISPTCH_LINE,9,SUPP_UNITS,int,4,10,0,YES,NO,NO
INTRA_DISPTCH_LINE,10,TO_COUNTRY_ID,nvarchar,30,0,0,YES,NO,NO
INTRA_DISPTCH_LINE,11,FROM_COUNTRY_ID,nvarchar,30,0,0,YES,NO,NO
INTRA_DISPTCH_LINE,12,ORIG_COUNTRY_ID,nvarchar,30,0,0,YES,NO,NO
INTRA_DISPTCH_LINE,13,REGION_ID,nvarchar,4,0,0,YES,NO,NO
INTRA_DISPTCH_LINE,14,ARRIVAL_CODE,nvarchar,50,0,0,YES,NO,NO
INTRA_DISPTCH_LINE,15,TRANS_CODE,nvarchar,50,0,0,YES,NO,NO
INTRA_DISPTCH_LINE,16,MODE_OF_TRANSPORT,int,4,10,0,YES,NO,NO
INTRA_DISPTCH_LINE,17,NO_OF_CONSIGN,int,4,10,0,YES,NO,NO
INTRA_DISPTCH_LINE,18,REFERENCE,nvarchar,30,0,0,YES,NO,NO
INTRA_DISPTCH_LINE,19,INTRA_REPORT_NO,int,4,10,0,YES,NO,NO
INTRA_DISPTCH_LINE,20,INTRA_FILENAME,nvarchar,30,0,0,YES,NO,NO
INTRA_DISPTCH_LINE,21,SITE_ID,nvarchar,30,0,0,NO,NO,NO
INTRA_RECEIVR_LINE,1,ROWID,int,4,10,0,NO,YES,NO
INTRA_RECEIVR_LINE,2,RECEIVER_ID,nvarchar,30,0,0,NO,NO,NO
INTRA_RECEIVR_LINE,3,RECEIVER_LINE_NO,smallint,2,5,0,NO,NO,NO
INTRA_RECEIVR_LINE,4,ARRIVAL_CODE,nvarchar,50,0,0,YES,NO,NO
INTRA_RECEIVR_LINE,5,TRANS_CODE,nvarchar,50,0,0,YES,NO,NO
INTRA_RECEIVR_LINE,6,TO_COUNTRY_ID,nvarchar,30,0,0,YES,NO,NO
INTRA_RECEIVR_LINE,7,FROM_COUNTRY_ID,nvarchar,30,0,0,YES,NO,NO
INTRA_RECEIVR_LINE,8,ORIG_COUNTRY_ID,nvarchar,30,0,0,YES,NO,NO
INTRA_RECEIVR_LINE,9,REGION_ID,nvarchar,4,0,0,YES,NO,NO
INTRA_RECEIVR_LINE,10,NATURE_OF_TRANS,int,4,10,0,YES,NO,NO
INTRA_RECEIVR_LINE,11,MODE_OF_TRANSPORT,int,4,10,0,YES,NO,NO
INTRA_RECEIVR_LINE,12,EXCISE_PRICE,decimal,13,23,8,YES,NO,NO
INTRA_RECEIVR_LINE,13,TARIFF_CODE,nvarchar,30,0,0,YES,NO,NO
INTRA_RECEIVR_LINE,14,INTRA_REPORT_NO,int,4,10,0,YES,NO,NO
INTRA_RECEIVR_LINE,15,INTRA_FILENAME,nvarchar,30,0,0,YES,NO,NO
INTRA_SHIPPER_LINE,1,ROWID,int,4,10,0,NO,YES,NO
INTRA_SHIPPER_LINE,2,PACKLIST_ID,nvarchar,30,0,0,NO,NO,NO
INTRA_SHIPPER_LINE,3,PACKLIST_LINE_NO,smallint,2,5,0,NO,NO,NO
INTRA_SHIPPER_LINE,4,ARRIVAL_CODE,nvarchar,50,0,0,YES,NO,NO
INTRA_SHIPPER_LINE,5,TRANS_CODE,nvarchar,50,0,0,YES,NO,NO
INTRA_SHIPPER_LINE,6,TO_COUNTRY_ID,nvarchar,30,0,0,YES,NO,NO
INTRA_SHIPPER_LINE,7,FROM_COUNTRY_ID,nvarchar,30,0,0,YES,NO,NO
INTRA_SHIPPER_LINE,8,ORIG_COUNTRY_ID,nvarchar,30,0,0,YES,NO,NO
INTRA_SHIPPER_LINE,9,REGION_ID,nvarchar,4,0,0,YES,NO,NO
INTRA_SHIPPER_LINE,10,NATURE_OF_TRANS,int,4,10,0,YES,NO,NO
INTRA_SHIPPER_LINE,11,MODE_OF_TRANSPORT,int,4,10,0,YES,NO,NO
INTRA_SHIPPER_LINE,12,EXCISE_PRICE,decimal,13,23,8,YES,NO,NO
INTRA_SHIPPER_LINE,13,TARIFF_CODE,nvarchar,30,0,0,YES,NO,NO
INTRA_SHIPPER_LINE,14,INTRA_REPORT_NO,int,4,10,0,YES,NO,NO
INTRA_SHIPPER_LINE,15,INTRA_FILENAME,nvarchar,30,0,0,YES,NO,NO
INV_PIECES,1,ROWID,int,4,10,0,NO,YES,NO
INV_PIECES,2,PART_ID,nvarchar,60,0,0,NO,NO,NO
INV_PIECES,3,LENGTH,decimal,9,14,4,NO,NO,NO
INV_PIECES,4,WIDTH,decimal,9,14,4,NO,NO,NO
INV_PIECES,5,HEIGHT,decimal,9,14,4,NO,NO,NO
INV_PIECES,6,WAREHOUSE_ID,nvarchar,30,0,0,NO,NO,NO
INV_PIECES,7,LOCATION_ID,nvarchar,30,0,0,NO,NO,NO
INV_PIECES,8,DIMENSIONS_UM,nvarchar,30,0,0,NO,NO,NO
INV_PIECES,9,QTY,decimal,13,20,8,NO,NO,NO
INV_RECEIPT_DIST,1,ROWID,int,4,10,0,NO,YES,NO
INV_RECEIPT_DIST,2,INV_TRANS_ID,int,4,10,0,NO,NO,NO
INV_RECEIPT_DIST,3,DEMAND_SUPPLY_ID,int,4,10,0,NO,NO,NO
INV_RECEIPT_DIST,4,QTY,decimal,13,20,8,NO,NO,NO
INV_TRANS_AVE,1,TRANSACTION_ID,int,4,10,0,NO,NO,NO
INV_TRANS_AVE,2,CURRENCY_ID,nvarchar,30,0,0,NO,NO,NO
INV_TRANS_AVE,3,INV_MATERIAL_COST,decimal,13,23,8,NO,NO,NO
INV_TRANS_AVE,4,INV_LABOR_COST,decimal,13,23,8,NO,NO,NO
INV_TRANS_AVE,5,INV_BURDEN_COST,decimal,13,23,8,NO,NO,NO
INV_TRANS_AVE,6,INV_SERVICE_COST,decimal,13,23,8,NO,NO,NO
INV_TRANS_AVE,7,INVENTORY_QTY,decimal,13,20,8,NO,NO,NO
INV_TRANS_AVE,8,AVE_MATERIAL_COST,decimal,13,23,8,NO,NO,NO
INV_TRANS_AVE,9,AVE_LABOR_COST,decimal,13,23,8,NO,NO,NO
INV_TRANS_AVE,10,AVE_BURDEN_COST,decimal,13,23,8,NO,NO,NO
INV_TRANS_AVE,11,AVE_SERVICE_COST,decimal,13,23,8,NO,NO,NO
INV_TRANS_AVE,12,ROWID,int,4,10,0,NO,YES,NO
INV_TRANS_CURR,1,ROWID,int,4,10,0,NO,YES,NO
INV_TRANS_CURR,2,TRANSACTION_ID,int,4,10,0,NO,NO,NO
INV_TRANS_CURR,3,CURRENCY_ID,nvarchar,30,0,0,NO,NO,NO
INV_TRANS_CURR,4,ACT_MATERIAL_COST,decimal,13,23,8,NO,NO,NO
INV_TRANS_CURR,5,ACT_LABOR_COST,decimal,13,23,8,NO,NO,NO
INV_TRANS_CURR,6,ACT_BURDEN_COST,decimal,13,23,8,NO,NO,NO
INV_TRANS_CURR,7,ACT_SERVICE_COST,decimal,13,23,8,NO,NO,NO
INV_TRANS_CURR,8,SELL_RATE,decimal,9,15,8,NO,NO,NO
INV_TRANS_CURR,9,BUY_RATE,decimal,9,15,8,NO,NO,NO
INV_TRANS_DIST,1,ROWID,int,4,10,0,NO,YES,NO
INV_TRANS_DIST,2,IN_TRANS_ID,int,4,10,0,NO,NO,NO
INV_TRANS_DIST,3,OUT_TRANS_ID,int,4,10,0,NO,NO,NO
INV_TRANS_DIST,4,DIST_QTY,decimal,13,20,8,NO,NO,NO
INV_TRANS_DIST,5,ACT_MATERIAL_COST,decimal,13,23,8,NO,NO,NO
INV_TRANS_DIST,6,ACT_LABOR_COST,decimal,13,23,8,NO,NO,NO
INV_TRANS_DIST,7,ACT_BURDEN_COST,decimal,13,23,8,NO,NO,NO
INV_TRANS_DIST,8,ACT_SERVICE_COST,decimal,13,23,8,NO,NO,NO
INV_TRANS_DIST,9,DEMAND_SUPPLY_ID,int,4,10,0,YES,NO,NO
INV_TRANS_DIST_TRC,1,IN_TRANS_ID,int,4,10,0,NO,NO,NO
INV_TRANS_DIST_TRC,2,OUT_TRANS_ID,int,4,10,0,NO,NO,NO
INV_TRANS_DIST_TRC,3,TRACE_ID,nvarchar,60,0,0,NO,NO,NO
INV_TRANS_DIST_TRC,4,DIST_QTY,decimal,13,20,8,NO,NO,NO
INV_TRANS_DIST_TRC,5,ACT_MATERIAL_COST,decimal,13,23,8,NO,NO,NO
INV_TRANS_DIST_TRC,6,ACT_LABOR_COST,decimal,13,23,8,NO,NO,NO
INV_TRANS_DIST_TRC,7,ACT_BURDEN_COST,decimal,13,23,8,NO,NO,NO
INV_TRANS_DIST_TRC,8,ACT_SERVICE_COST,decimal,13,23,8,NO,NO,NO
INVENTORY_BALANCE,1,ROWID,int,4,10,0,NO,YES,NO
INVENTORY_BALANCE,2,PART_ID,nvarchar,60,0,0,NO,NO,NO
INVENTORY_BALANCE,3,POSTING_DATE,datetime,8,23,3,NO,NO,NO
INVENTORY_BALANCE,4,TRANSACTION_ID,int,4,10,0,NO,NO,NO
INVENTORY_BALANCE,5,QTY,decimal,13,20,8,NO,NO,NO
INVENTORY_BALANCE,6,FLAG,nchar,2,0,0,NO,NO,NO
INVENTORY_BALANCE,7,MATERIAL_AMOUNT,decimal,13,23,8,YES,NO,NO
INVENTORY_BALANCE,8,LABOR_AMOUNT,decimal,13,23,8,YES,NO,NO
INVENTORY_BALANCE,9,BURDEN_AMOUNT,decimal,13,23,8,YES,NO,NO
INVENTORY_BALANCE,10,SERVICE_AMOUNT,decimal,13,23,8,YES,NO,NO
INVENTORY_BALANCE,11,MAT_GL_ACCT_ID,nvarchar,60,0,0,YES,NO,NO
INVENTORY_BALANCE,12,LAB_GL_ACCT_ID,nvarchar,60,0,0,YES,NO,NO
INVENTORY_BALANCE,13,BUR_GL_ACCT_ID,nvarchar,60,0,0,YES,NO,NO
INVENTORY_BALANCE,14,SER_GL_ACCT_ID,nvarchar,60,0,0,YES,NO,NO
INVENTORY_BALANCE,15,CURRENCY_ID,nvarchar,30,0,0,NO,NO,NO
INVENTORY_BALANCE,16,SITE_ID,nvarchar,30,0,0,NO,NO,NO
INVENTORY_TRANS,1,ROWID,int,4,10,0,NO,YES,NO
INVENTORY_TRANS,2,TRANSACTION_ID,int,4,10,0,NO,NO,NO
INVENTORY_TRANS,3,WORKORDER_TYPE,nchar,2,0,0,YES,NO,NO
INVENTORY_TRANS,4,WORKORDER_BASE_ID,nvarchar,60,0,0,YES,NO,NO
INVENTORY_TRANS,5,WORKORDER_LOT_ID,nvarchar,6,0,0,YES,NO,NO
INVENTORY_TRANS,6,WORKORDER_SPLIT_ID,nvarchar,6,0,0,YES,NO,NO
INVENTORY_TRANS,7,WORKORDER_SUB_ID,nvarchar,6,0,0,YES,NO,NO
INVENTORY_TRANS,8,OPERATION_SEQ_NO,smallint,2,5,0,YES,NO,NO
INVENTORY_TRANS,9,REQ_PIECE_NO,smallint,2,5,0,YES,NO,NO
INVENTORY_TRANS,10,CUST_ORDER_ID,nvarchar,30,0,0,YES,NO,NO
INVENTORY_TRANS,11,CUST_ORDER_LINE_NO,smallint,2,5,0,YES,NO,NO
INVENTORY_TRANS,12,PURC_ORDER_ID,nvarchar,30,0,0,YES,NO,NO
INVENTORY_TRANS,13,PURC_ORDER_LINE_NO,smallint,2,5,0,YES,NO,NO
INVENTORY_TRANS,14,PART_ID,nvarchar,60,0,0,YES,NO,NO
INVENTORY_TRANS,15,TYPE,nchar,2,0,0,NO,NO,NO
INVENTORY_TRANS,16,CLASS,nchar,2,0,0,NO,NO,NO
INVENTORY_TRANS,17,QTY,decimal,13,20,8,NO,NO,NO
INVENTORY_TRANS,18,COSTED_QTY,decimal,13,20,8,NO,NO,NO
INVENTORY_TRANS,19,TRANSACTION_DATE,datetime,8,23,3,NO,NO,NO
INVENTORY_TRANS,20,WAREHOUSE_ID,nvarchar,30,0,0,YES,NO,NO
INVENTORY_TRANS,21,LOCATION_ID,nvarchar,30,0,0,YES,NO,NO
INVENTORY_TRANS,22,DESCRIPTION,nvarchar,240,0,0,YES,NO,NO
INVENTORY_TRANS,23,USER_ID,nvarchar,40,0,0,YES,NO,NO
INVENTORY_TRANS,24,POSTING_CANDIDATE,nchar,2,0,0,NO,NO,NO
INVENTORY_TRANS,25,ADJ_REASON_ID,nvarchar,30,0,0,YES,NO,NO
INVENTORY_TRANS,26,ACT_MATERIAL_COST,decimal,13,23,8,NO,NO,NO
INVENTORY_TRANS,27,ACT_LABOR_COST,decimal,13,23,8,NO,NO,NO
INVENTORY_TRANS,28,ACT_BURDEN_COST,decimal,13,23,8,NO,NO,NO
INVENTORY_TRANS,29,ACT_SERVICE_COST,decimal,13,23,8,NO,NO,NO
INVENTORY_TRANS,30,CREATE_DATE,datetime,8,23,3,NO,NO,NO
INVENTORY_TRANS,31,ADD_BURDEN,decimal,13,23,8,YES,NO,NO
INVENTORY_TRANS,32,PIECE_COUNT,decimal,13,20,8,YES,NO,NO
INVENTORY_TRANS,33,LENGTH,decimal,9,14,4,YES,NO,NO
INVENTORY_TRANS,34,WIDTH,decimal,9,14,4,YES,NO,NO
INVENTORY_TRANS,35,HEIGHT,decimal,9,14,4,YES,NO,NO
INVENTORY_TRANS,36,DIMENSIONS_UM,nvarchar,30,0,0,YES,NO,NO
INVENTORY_TRANS,37,TRANSFER_TRANS_ID,int,4,10,0,YES,NO,NO
INVENTORY_TRANS,38,XFER_IN_TRANSIT,nchar,2,0,0,YES,NO,NO
INVENTORY_TRANS,39,IBT_ID,nvarchar,30,0,0,YES,NO,NO
INVENTORY_TRANS,40,IBT_LINE_NO,smallint,2,5,0,YES,NO,NO
INVENTORY_TRANS,41,GL_ADJ_ACCT_ID,nvarchar,60,0,0,YES,NO,NO
INVENTORY_TRANS,42,FROM_WBS_CODE,nvarchar,60,0,0,YES,NO,NO
INVENTORY_TRANS,43,TO_WBS_CODE,nvarchar,60,0,0,YES,NO,NO
INVENTORY_TRANS,44,WBS_CODE,nvarchar,60,0,0,YES,NO,NO
INVENTORY_TRANS,45,DEPARTMENT_ID,nvarchar,30,0,0,YES,NO,NO
INVENTORY_TRANS,46,COST_CATEGORY_ID,nvarchar,30,0,0,YES,NO,NO
INVENTORY_TRANS,47,PROJ_REF_SEQ_NO,smallint,2,5,0,YES,NO,NO
INVENTORY_TRANS,48,PROJ_REF_SUB_ID,nvarchar,6,0,0,YES,NO,NO
INVENTORY_TRANS,49,REVISION_ID,nvarchar,16,0,0,YES,NO,NO
INVENTORY_TRANS,50,STAGE_ID,nvarchar,30,0,0,YES,NO,NO
INVENTORY_TRANS,51,ISSUE_REAS_ID,nvarchar,30,0,0,YES,NO,NO
INVENTORY_TRANS,52,ACT_RATE_ID,nvarchar,30,0,0,YES,NO,NO
INVENTORY_TRANS,53,ACT_PERIOD_ID,nvarchar,30,0,0,YES,NO,NO
INVENTORY_TRANS,54,RETRO_RATE_ID,nvarchar,30,0,0,YES,NO,NO
INVENTORY_TRANS,55,RETRO_PERIOD_ID,nvarchar,30,0,0,YES,NO,NO
INVENTORY_TRANS,56,RETRO_RATE_CODE,nchar,2,0,0,YES,NO,NO
INVENTORY_TRANS,57,LAST_RETRO_DATE,datetime,8,23,3,YES,NO,NO
INVENTORY_TRANS,58,MT_LABOR_TICKET_TRANS_ID,int,4,10,0,YES,NO,NO
INVENTORY_TRANS,59,COUNT_SEQUENCE,int,4,10,0,NO,NO,NO
INVENTORY_TRANS,60,SITE_ID,nvarchar,30,0,0,NO,NO,NO
INVENTORY_TRANS,61,USER_DIMENSION_1,nvarchar,30,0,0,YES,NO,NO
INVENTORY_TRANS,62,USER_DIMENSION_2,nvarchar,30,0,0,YES,NO,NO
INVENTORY_TRANS,63,LOCATION_HOLD_CODE_ID,nvarchar,30,0,0,YES,NO,NO
INVENTORY_TRANS,64,RET_COST_ZERO,nchar,2,0,0,YES,NO,NO
ISSUE_REASON,1,ROWID,int,4,10,0,NO,YES,NO
ISSUE_REASON,2,ID,nvarchar,30,0,0,NO,NO,NO
ISSUE_REASON,3,DESCRIPTION,nvarchar,160,0,0,YES,NO,NO
ISSUE_REASON,4,TYPE,nchar,2,0,0,NO,NO,NO
JOURNAL,1,ROWID,int,4,10,0,NO,YES,NO
JOURNAL,2,TRANSACTION_ID,int,4,10,0,NO,NO,NO
JOURNAL,3,BATCH_ID,nvarchar,30,0,0,NO,NO,NO
JOURNAL,4,ACCOUNT_ID,nvarchar,60,0,0,NO,NO,NO
JOURNAL,5,ACCT_YEAR,decimal,5,4,0,NO,NO,NO
JOURNAL,6,ACCT_PERIOD,decimal,5,2,0,NO,NO,NO
JOURNAL,7,DEBIT_AMOUNT,decimal,13,23,8,NO,NO,NO
JOURNAL,8,CREDIT_AMOUNT,decimal,13,23,8,NO,NO,NO
JOURNAL,9,REFERENCE,nvarchar,508,0,0,YES,NO,NO
JOURNAL,10,SITE_ID,nvarchar,30,0,0,NO,NO,NO
JOURNAL,11,CREATE_DATE,datetime,8,23,3,NO,NO,NO
JOURNAL,12,USER_ID,nvarchar,40,0,0,NO,NO,NO
JOURNAL,13,CURRENCY_ID,nvarchar,30,0,0,NO,NO,NO
JOURNAL,14,NATIVE,nchar,2,0,0,YES,NO,NO
JOURNAL_BATCH,1,ROWID,int,4,10,0,NO,YES,NO
JOURNAL_BATCH,2,ID,nvarchar,30,0,0,NO,NO,NO
JOURNAL_BATCH,3,TYPE,nvarchar,6,0,0,NO,NO,NO
JOURNAL_BATCH,4,BATCH_DATE,datetime,8,23,3,NO,NO,NO
JOURNAL_BATCH,5,DESCRIPTION,nvarchar,160,0,0,YES,NO,NO
JOURNAL_BATCH,6,CREATE_DATE,datetime,8,23,3,NO,NO,NO
JOURNAL_BATCH,7,USER_ID,nvarchar,40,0,0,NO,NO,NO
JOURNAL_BATCH,8,LOCKED,nchar,2,0,0,NO,NO,NO
JOURNAL_BATCH,9,DEBIT_AMOUNT,decimal,13,23,8,NO,NO,NO
JOURNAL_BATCH,10,CREDIT_AMOUNT,decimal,13,23,8,NO,NO,NO
JOURNAL_BATCH,11,SITE_ID,nvarchar,30,0,0,NO,NO,NO
JOURNAL_DIM,1,ROWID,int,4,10,0,NO,YES,NO
JOURNAL_DIM,2,PROCESS_TYPE,nvarchar,10,0,0,NO,NO,NO
JOURNAL_DIM,3,SOURCE_ID,nvarchar,80,0,0,NO,NO,NO
JOURNAL_DIM,4,CURRENCY_ID,nvarchar,30,0,0,NO,NO,NO
JOURNAL_DIM,5,ENTRY_NO,int,4,10,0,NO,NO,NO
JOURNAL_DIM,6,SITE_ID,nvarchar,30,0,0,NO,NO,NO
JOURNAL_DIM,7,ACCOUNT_ID,nvarchar,60,0,0,NO,NO,NO
JOURNAL_DIM,8,POSTING_DATE,datetime,8,23,3,NO,NO,NO
JOURNAL_DIM,9,ACCT_YEAR,decimal,5,4,0,NO,NO,NO
JOURNAL_DIM,10,ACCT_PERIOD,decimal,5,2,0,NO,NO,NO
JOURNAL_DIM,11,BATCH_ID,nvarchar,30,0,0,NO,NO,NO
JOURNAL_DIM,12,USER_ID,nvarchar,40,0,0,NO,NO,NO
JOURNAL_DIM,13,DEBIT_AMOUNT,decimal,13,23,8,NO,NO,NO
JOURNAL_DIM,14,CREDIT_AMOUNT,decimal,13,23,8,NO,NO,NO
JOURNAL_DIM,15,DOCUMENT_DATE,datetime,8,23,3,YES,NO,NO
JOURNAL_DIM,16,USER_DIMENSION_1,nvarchar,30,0,0,YES,NO,NO
JOURNAL_DIM,17,USER_DIMENSION_2,nvarchar,30,0,0,YES,NO,NO
JOURNAL_DIM,18,TRANSACTION_ID,int,4,10,0,YES,NO,NO
JOURNAL_DIM,19,CUSTOMER_ID,nvarchar,30,0,0,YES,NO,NO
JOURNAL_DIM,20,VENDOR_ID,nvarchar,30,0,0,YES,NO,NO
JOURNAL_DIM,21,CUST_ORDER_ID,nvarchar,30,0,0,YES,NO,NO
JOURNAL_DIM,22,PACKLIST_ID,nvarchar,30,0,0,YES,NO,NO
JOURNAL_DIM,23,PACKLIST_LINE_NO,smallint,2,5,0,YES,NO,NO
JOURNAL_DIM,24,RECEIVER_ID,nvarchar,30,0,0,YES,NO,NO
JOURNAL_DIM,25,RECEIVER_LINE_NO,smallint,2,5,0,YES,NO,NO
JOURNAL_DIM,26,PRODUCT_CODE,nvarchar,30,0,0,YES,NO,NO
JOURNAL_DIM,27,DEPARTMENT_ID,nvarchar,30,0,0,YES,NO,NO
JOURNAL_DIM,28,WAREHOUSE_ID,nvarchar,30,0,0,YES,NO,NO
JOURNAL_DIM,29,COMMODITY_CODE,nvarchar,30,0,0,YES,NO,NO
JOURNAL_DIM,30,SALESREP_ID,nvarchar,30,0,0,YES,NO,NO
JOURNAL_DIM,31,BUYER,nvarchar,40,0,0,YES,NO,NO
JOURNAL_DIM_FILTER,1,ROWID,int,4,10,0,NO,YES,NO
JOURNAL_DIM_FILTER,2,USER_ID,nvarchar,40,0,0,NO,NO,NO
JOURNAL_DIM_FILTER,3,NAME,nvarchar,100,0,0,NO,NO,NO
JOURNAL_DIM_FILTER,4,CRITERIA_TYPE,nvarchar,100,0,0,NO,NO,NO
JOURNAL_DIM_FILTER,5,IS_DEFAULT,nchar,2,0,0,NO,NO,NO
JOURNAL_DIM_FILTER,6,CRITERIA_COMPARISN,nvarchar,20,0,0,YES,NO,NO
JOURNAL_DIM_FILTER,7,CRITERIA_TEXT,varbinary,-1,0,0,NO,NO,NO
LABEL_FORMAT,1,ROWID,int,4,10,0,NO,YES,NO
LABEL_FORMAT,2,ID,nvarchar,60,0,0,NO,NO,NO
LABEL_FORMAT,3,LABEL_TYPE_ID,nvarchar,60,0,0,NO,NO,NO
LABEL_FORMAT,4,DESCRIPTION,nvarchar,80,0,0,YES,NO,NO
LABEL_FORMAT,5,FORMAT_FILE_NAME,nvarchar,500,0,0,YES,NO,NO
LABEL_FORMAT,6,LABEL_PRINTER_ID,smallint,2,5,0,YES,NO,NO
LABEL_FORMAT,7,QTY_TO_PRINT,smallint,2,5,0,YES,NO,NO
LABEL_FORMAT,8,LABEL_MULT_FLAG,nchar,2,0,0,YES,NO,NO
LABEL_FORMAT,9,SITE_ID,nvarchar,30,0,0,NO,NO,NO
LABEL_FORMAT_FIELD,1,ROWID,int,4,10,0,NO,YES,NO
LABEL_FORMAT_FIELD,2,COLUMN_ID,nvarchar,140,0,0,NO,NO,NO
LABEL_FORMAT_FIELD,3,LABEL_FIELD,nvarchar,100,0,0,NO,NO,NO
LABEL_FORMAT_FIELD,4,LABEL_FORMAT_ID,nvarchar,60,0,0,NO,NO,NO
LABEL_FORMAT_FIELD,5,SITE_ID,nvarchar,30,0,0,NO,NO,NO
LABEL_GROUP,1,ROWID,int,4,10,0,NO,YES,NO
LABEL_GROUP,2,ID,nvarchar,60,0,0,NO,NO,NO
LABEL_GROUP,3,DESCRIPTION,nvarchar,80,0,0,YES,NO,NO
LABEL_GROUP,4,LABEL_TYPE_ID,nvarchar,60,0,0,YES,NO,NO
LABEL_GROUP,5,SITE_ID,nvarchar,30,0,0,NO,NO,NO
LABEL_GROUP_LINE,1,ROWID,int,4,10,0,NO,YES,NO
LABEL_GROUP_LINE,2,LABEL_GROUP_ID,nvarchar,60,0,0,NO,NO,NO
LABEL_GROUP_LINE,3,LABEL_FORMAT_ID,nvarchar,60,0,0,NO,NO,NO
LABEL_TYPE,1,ROWID,int,4,10,0,NO,YES,NO
LABEL_TYPE,2,ID,nvarchar,60,0,0,NO,NO,NO
LABEL_TYPE_VAR,1,ROWID,int,4,10,0,NO,YES,NO
LABEL_TYPE_VAR,2,ID,nvarchar,60,0,0,NO,NO,NO
LABEL_TYPE_VAR,3,LABEL_TYPE_ID,nvarchar,60,0,0,NO,NO,NO
LABEL_TYPE_VAR,4,TABLE_LINKS,nvarchar,500,0,0,YES,NO,NO
LABEL_TYPE_VAR,5,ID_ALIAS,nvarchar,20,0,0,NO,NO,NO
LABOR_TICKET,1,ROWID,int,4,10,0,NO,YES,NO
LABOR_TICKET,2,TRANSACTION_ID,int,4,10,0,NO,NO,NO
LABOR_TICKET,3,WORKORDER_TYPE,nchar,2,0,0,YES,NO,NO
LABOR_TICKET,4,WORKORDER_BASE_ID,nvarchar,60,0,0,YES,NO,NO
LABOR_TICKET,5,WORKORDER_LOT_ID,nvarchar,6,0,0,YES,NO,NO
LABOR_TICKET,6,WORKORDER_SPLIT_ID,nvarchar,6,0,0,YES,NO,NO
LABOR_TICKET,7,WORKORDER_SUB_ID,nvarchar,6,0,0,YES,NO,NO
LABOR_TICKET,8,OPERATION_SEQ_NO,smallint,2,5,0,YES,NO,NO
LABOR_TICKET,9,TYPE,nchar,2,0,0,NO,NO,NO
LABOR_TICKET,10,SETUP_COMPLETED,nchar,2,0,0,NO,NO,NO
LABOR_TICKET,11,EMPLOYEE_ID,nvarchar,30,0,0,NO,NO,NO
LABOR_TICKET,12,DEPARTMENT_ID,nvarchar,30,0,0,NO,NO,NO
LABOR_TICKET,13,RESOURCE_ID,nvarchar,30,0,0,YES,NO,NO
LABOR_TICKET,14,HOURLY_COST,decimal,9,15,2,YES,NO,NO
LABOR_TICKET,15,CLOCK_IN,datetime,8,23,3,YES,NO,NO
LABOR_TICKET,16,CLOCK_OUT,datetime,8,23,3,YES,NO,NO
LABOR_TICKET,17,HOURS_WORKED,decimal,5,7,2,YES,NO,NO
LABOR_TICKET,18,HOURS_BREAK,decimal,5,7,2,YES,NO,NO
LABOR_TICKET,19,MULTIPLIER_1,decimal,5,5,3,YES,NO,NO
LABOR_TICKET,20,MULTIPLIER_2,decimal,5,5,3,YES,NO,NO
LABOR_TICKET,21,GOOD_QTY,decimal,13,20,8,NO,NO,NO
LABOR_TICKET,22,BAD_QTY,decimal,13,20,8,NO,NO,NO
LABOR_TICKET,23,TRANSACTION_DATE,datetime,8,23,3,NO,NO,NO
LABOR_TICKET,24,DESCRIPTION,nvarchar,160,0,0,YES,NO,NO
LABOR_TICKET,25,USER_ID,nvarchar,40,0,0,YES,NO,NO
LABOR_TICKET,26,BURDEN_PER_HR,decimal,13,22,8,YES,NO,NO
LABOR_TICKET,27,BURDEN_PERCENT,decimal,5,6,3,YES,NO,NO
LABOR_TICKET,28,BUR_PER_OPERATION,decimal,13,23,8,YES,NO,NO
LABOR_TICKET,29,POSTING_CANDIDATE,nchar,2,0,0,NO,NO,NO
LABOR_TICKET,30,HOURS_OVERALL,decimal,5,7,2,YES,NO,NO
LABOR_TICKET,31,HOURS_PREVIOUS,decimal,5,7,2,YES,NO,NO
LABOR_TICKET,32,INDIRECT_CODE,nchar,2,0,0,NO,NO,NO
LABOR_TICKET,33,INDIRECT_ID,nvarchar,30,0,0,YES,NO,NO
LABOR_TICKET,34,SHIFT_DATE,datetime,8,23,3,YES,NO,NO
LABOR_TICKET,35,BREAK_CLOCKIN,datetime,8,23,3,YES,NO,NO
LABOR_TICKET,36,HOURS_BREAK_IND,decimal,5,5,2,YES,NO,NO
LABOR_TICKET,37,ACT_LABOR_COST,decimal,13,23,8,NO,NO,NO
LABOR_TICKET,38,ACT_BURDEN_COST,decimal,13,23,8,NO,NO,NO
LABOR_TICKET,39,CREATE_DATE,datetime,8,23,3,NO,NO,NO
LABOR_TICKET,40,ACT_CLOCK_IN,datetime,8,23,3,YES,NO,NO
LABOR_TICKET,41,ACT_CLOCK_OUT,datetime,8,23,3,YES,NO,NO
LABOR_TICKET,42,STARTING_TRANS,nchar,2,0,0,YES,NO,NO
LABOR_TICKET,43,BURDEN_PER_UNIT,decimal,13,22,8,YES,NO,NO
LABOR_TICKET,44,UNIT_COST,decimal,13,22,8,YES,NO,NO
LABOR_TICKET,45,GL_ACCT_ID,nvarchar,60,0,0,YES,NO,NO
LABOR_TICKET,46,EARNING_CODE_ID,nvarchar,30,0,0,YES,NO,NO
LABOR_TICKET,47,BUDGET_ACCT_YEAR,decimal,5,4,0,YES,NO,NO
LABOR_TICKET,48,BUDGET_ACCT_PERIOD,decimal,5,2,0,YES,NO,NO
LABOR_TICKET,49,MILESTONE_TXN_ID,int,4,10,0,YES,NO,NO
LABOR_TICKET,50,MILESTONE_UPDATED,nchar,2,0,0,YES,NO,NO
LABOR_TICKET,51,COST_CATEGORY_ID,nvarchar,30,0,0,YES,NO,NO
LABOR_TICKET,52,AUTOGEN_TXN_ID,int,4,10,0,YES,NO,NO
LABOR_TICKET,53,UNADJ_CLOCK_IN,datetime,8,23,3,YES,NO,NO
LABOR_TICKET,54,UNADJ_CLOCK_OUT,datetime,8,23,3,YES,NO,NO
LABOR_TICKET,55,DEVIATION_ID,nvarchar,30,0,0,YES,NO,NO
LABOR_TICKET,56,DATA_COLL_COMP,nchar,2,0,0,YES,NO,NO
LABOR_TICKET,57,PRD_INSP_PLAN_ID,nvarchar,32,0,0,YES,NO,NO
LABOR_TICKET,58,ACT_RATE_ID,nvarchar,30,0,0,YES,NO,NO
LABOR_TICKET,59,ACT_PERIOD_ID,nvarchar,30,0,0,YES,NO,NO
LABOR_TICKET,60,RETRO_RATE_ID,nvarchar,30,0,0,YES,NO,NO
LABOR_TICKET,61,RETRO_PERIOD_ID,nvarchar,30,0,0,YES,NO,NO
LABOR_TICKET,62,RETRO_RATE_CODE,nchar,2,0,0,YES,NO,NO
LABOR_TICKET,63,MT_MAT_NCM_QTY,decimal,13,20,8,YES,NO,NO
LABOR_TICKET,64,MT_SPE_NCM_QTY,decimal,13,20,8,YES,NO,NO
LABOR_TICKET,65,MT_OS_NCM_QTY,decimal,13,20,8,YES,NO,NO
LABOR_TICKET,66,MT_OVER_COMPLETE,int,4,10,0,YES,NO,NO
LABOR_TICKET,67,MT_MODIFY_USER_ID,nvarchar,30,0,0,YES,NO,NO
LABOR_TICKET,68,MT_FAILED_INSPECT,int,4,10,0,YES,NO,NO
LABOR_TICKET,69,MT_INSPECT_STATUS,nvarchar,30,0,0,YES,NO,NO
LABOR_TICKET,70,MERLIN_TRAN_ID,nvarchar,100,0,0,YES,NO,NO
LABOR_TICKET,71,SITE_ID,nvarchar,30,0,0,NO,NO,NO
LABOR_TICKET,72,START_MACHINE_ID,nvarchar,480,0,0,YES,NO,NO
LABOR_TICKET,73,STOP_MACHINE_ID,nvarchar,480,0,0,YES,NO,NO
LABOR_TICKET_BREAK,1,ROWID,int,4,10,0,NO,YES,NO
LABOR_TICKET_BREAK,2,TRANSACTION_ID,int,4,10,0,NO,NO,NO
LABOR_TICKET_BREAK,3,CLOCK_IN,datetime,8,23,3,NO,NO,NO
LABOR_TICKET_BREAK,4,CLOCK_OUT,datetime,8,23,3,YES,NO,NO
LABOR_TICKET_CURR,1,ROWID,int,4,10,0,NO,YES,NO
LABOR_TICKET_CURR,2,TRANSACTION_ID,int,4,10,0,NO,NO,NO
LABOR_TICKET_CURR,3,CURRENCY_ID,nvarchar,30,0,0,NO,NO,NO
LABOR_TICKET_CURR,4,ACT_LABOR_COST,decimal,13,23,8,NO,NO,NO
LABOR_TICKET_CURR,5,ACT_BURDEN_COST,decimal,13,23,8,NO,NO,NO
LABOR_TICKET_CURR,6,ACT_MATERIAL_COST,decimal,13,23,8,NO,NO,NO
LABOR_TICKET_CURR,7,ACT_SERVICE_COST,decimal,13,23,8,NO,NO,NO
LABOR_TICKET_CURR,8,SELL_RATE,decimal,9,15,8,NO,NO,NO
LABOR_TICKET_CURR,9,BUY_RATE,decimal,9,15,8,NO,NO,NO
LANG_DESCRIPTION,1,ROWID,int,4,10,0,NO,YES,NO
LANG_DESCRIPTION,2,part_id,nvarchar,60,0,0,NO,NO,NO
LANG_DESCRIPTION,3,language_id,nvarchar,4,0,0,NO,NO,NO
LANG_DESCRIPTION,4,part_description,nvarchar,240,0,0,YES,NO,NO
LANG_TRANSLATIONS,1,ROWID,int,4,10,0,NO,YES,NO
LANG_TRANSLATIONS,2,LANGUAGE_ID,nvarchar,30,0,0,NO,NO,NO
LANG_TRANSLATIONS,3,USER_ID,nvarchar,40,0,0,YES,NO,NO
LANG_TRANSLATIONS,4,LANGUAGE_DESCR,nvarchar,510,0,0,YES,NO,NO
LANG_TRANSLATIONS,5,ACTIVE,nchar,2,0,0,NO,NO,NO
LANG_TRANSLATIONS,6,GATHER_MODE,nchar,2,0,0,NO,NO,NO
LANG_TRANSLATIONS,7,BITS_LENGTH,int,4,10,0,NO,NO,NO
LANG_TRANSLATIONS,8,BITS,image,16,0,0,NO,NO,NO
LANG_TRANSLATIONS,9,TYPE,nchar,2,0,0,NO,NO,NO
LANGUAGE,1,ROWID,int,4,10,0,NO,YES,NO
LANGUAGE,2,id,nvarchar,4,0,0,NO,NO,NO
LANGUAGE,3,description,nvarchar,40,0,0,YES,NO,NO
LOCATION,1,ROWID,int,4,10,0,NO,YES,NO
LOCATION,2,ID,nvarchar,30,0,0,NO,NO,NO
LOCATION,3,WAREHOUSE_ID,nvarchar,30,0,0,NO,NO,NO
LOCATION,4,DESCRIPTION,nvarchar,160,0,0,YES,NO,NO
LOCATION,5,TYPE,nchar,2,0,0,NO,NO,NO
LOCATION,6,CUSTOMER_ID,nvarchar,30,0,0,YES,NO,NO
LOCATION,7,VENDOR_ID,nvarchar,30,0,0,YES,NO,NO
LOGINS,1,ROWID,int,4,10,0,NO,YES,NO
LOGINS,2,MACHINE_ID,nvarchar,80,0,0,YES,NO,NO
LOGINS,3,PROGRAM_ID,nvarchar,60,0,0,YES,NO,NO
LOGINS,4,LOGIN_TIME,datetime,8,23,3,NO,NO,NO
LOGINS,5,LAST_ACTIVITY,datetime,8,23,3,NO,NO,NO
LOGINS,6,LICENSE_NUMBER,nvarchar,100,0,0,YES,NO,NO
LOGINS,7,CHECKSUM,nvarchar,160,0,0,YES,NO,NO
LOGINS,8,USER_ID,nvarchar,40,0,0,YES,NO,NO
MACRO,1,ROWID,int,4,10,0,NO,YES,NO
MACRO,2,USER_ID,nvarchar,40,0,0,NO,NO,NO
MACRO,3,PROGRAM_ID,nvarchar,16,0,0,NO,NO,NO
MACRO,4,NAME,nvarchar,200,0,0,NO,NO,NO
MACRO,5,MACRO,image,16,0,0,YES,NO,NO
MACRO_PROFILE,1,ROWID,int,4,10,0,NO,YES,NO
MACRO_PROFILE,2,PROGRAM_ID,nvarchar,16,0,0,NO,NO,NO
MACRO_PROFILE,3,MACRO_NAME,nvarchar,200,0,0,NO,NO,NO
MACRO_PROFILE,4,PROFILE_ID,nvarchar,30,0,0,NO,NO,NO
MARKET,1,ROWID,int,4,10,0,NO,YES,NO
MARKET,2,ID,nvarchar,30,0,0,NO,NO,NO
MARKET,3,DESCRIPTION,nvarchar,90,0,0,YES,NO,NO
MARKET,4,CURRENCY_ID,nvarchar,30,0,0,YES,NO,NO
MARKET,5,MARKET_RATE,decimal,13,22,8,YES,NO,NO
MARKET_PRICE,1,ROWID,int,4,10,0,NO,YES,NO
MARKET_PRICE,2,MARKET_ID,nvarchar,30,0,0,NO,NO,NO
MARKET_PRICE,3,PART_ID,nvarchar,60,0,0,NO,NO,NO
MARKET_PRICE,4,SELLING_UM,nvarchar,30,0,0,YES,NO,NO
MARKET_PRICE,5,DEFAULT_UNIT_PRICE,decimal,13,22,8,YES,NO,NO
MARKET_PRICE,6,CURRENCY_ID,nvarchar,30,0,0,NO,NO,NO
MARKET_PRICE,7,QTY_BREAK_1,decimal,13,20,8,YES,NO,NO
MARKET_PRICE,8,QTY_BREAK_2,decimal,13,20,8,YES,NO,NO
MARKET_PRICE,9,QTY_BREAK_3,decimal,13,20,8,YES,NO,NO
MARKET_PRICE,10,QTY_BREAK_4,decimal,13,20,8,YES,NO,NO
MARKET_PRICE,11,QTY_BREAK_5,decimal,13,20,8,YES,NO,NO
MARKET_PRICE,12,QTY_BREAK_6,decimal,13,20,8,YES,NO,NO
MARKET_PRICE,13,QTY_BREAK_7,decimal,13,20,8,YES,NO,NO
MARKET_PRICE,14,QTY_BREAK_8,decimal,13,20,8,YES,NO,NO
MARKET_PRICE,15,QTY_BREAK_9,decimal,13,20,8,YES,NO,NO
MARKET_PRICE,16,QTY_BREAK_10,decimal,13,20,8,YES,NO,NO
MARKET_PRICE,17,UNIT_PRICE_1,decimal,13,22,8,YES,NO,NO
MARKET_PRICE,18,UNIT_PRICE_2,decimal,13,22,8,YES,NO,NO
MARKET_PRICE,19,UNIT_PRICE_3,decimal,13,22,8,YES,NO,NO
MARKET_PRICE,20,UNIT_PRICE_4,decimal,13,22,8,YES,NO,NO
MARKET_PRICE,21,UNIT_PRICE_5,decimal,13,22,8,YES,NO,NO
MARKET_PRICE,22,UNIT_PRICE_6,decimal,13,22,8,YES,NO,NO
MARKET_PRICE,23,UNIT_PRICE_7,decimal,13,22,8,YES,NO,NO
MARKET_PRICE,24,UNIT_PRICE_8,decimal,13,22,8,YES,NO,NO
MARKET_PRICE,25,UNIT_PRICE_9,decimal,13,22,8,YES,NO,NO
MARKET_PRICE,26,UNIT_PRICE_10,decimal,13,22,8,YES,NO,NO
MASTER_PROD_SCHED,1,ROWID,int,4,10,0,NO,YES,NO
MASTER_PROD_SCHED,2,ID,nvarchar,30,0,0,NO,NO,NO
MASTER_PROD_SCHED,3,DESCRIPTION,nvarchar,80,0,0,NO,NO,NO
MASTER_PROD_SCHED,4,RANK,smallint,2,5,0,YES,NO,NO
MASTER_SCHEDULE,1,ROWID,int,4,10,0,NO,YES,NO
MASTER_SCHEDULE,2,MASTER_SCHEDULE_ID,nvarchar,30,0,0,NO,NO,NO
MASTER_SCHEDULE,3,PART_ID,nvarchar,60,0,0,NO,NO,NO
MASTER_SCHEDULE,4,WANT_DATE,datetime,8,23,3,NO,NO,NO
MASTER_SCHEDULE,5,ORDER_QTY,decimal,13,20,8,NO,NO,NO
MASTER_SCHEDULE,6,FIRMED,nchar,2,0,0,NO,NO,NO
MASTER_SCHEDULE,7,WAREHOUSE_ID,nvarchar,30,0,0,YES,NO,NO
MASTER_SCHEDULE,8,SITE_ID,nvarchar,30,0,0,NO,NO,NO
MENU_NAME,1,ROWID,int,4,10,0,NO,YES,NO
MENU_NAME,2,USER_ID,nvarchar,40,0,0,NO,NO,NO
MENU_NAME,3,SEQ_NO,int,4,10,0,NO,NO,NO
MENU_NAME,4,ID,nvarchar,80,0,0,NO,NO,NO
MENU_NAME,5,MENU_TEXT,nvarchar,160,0,0,YES,NO,NO
MENU_NAME,6,bkgd_color,nvarchar,40,0,0,YES,NO,NO
MENU_NAME,7,text_color,nvarchar,40,0,0,YES,NO,NO
MFG_WIN_EXCEPTION,1,NAME,nvarchar,60,0,0,NO,NO,NO
MFG_WIN_EXCEPTION,2,OUTLINE_OBJ_TYPE,int,4,10,0,NO,NO,NO
MFG_WIN_EXCEPTION,3,USER_ID,nvarchar,40,0,0,NO,NO,NO
MFG_WIN_EXCEPTION,4,DESCRIPTION,nvarchar,160,0,0,YES,NO,NO
MFG_WIN_EXCEPTION,5,STATUS,nchar,2,0,0,YES,NO,NO
MFG_WIN_EXCEPTION,6,PRIORITY,smallint,2,5,0,YES,NO,NO
MFG_WIN_EXCEPTION,7,EXPRESSION_TYPE,nchar,2,0,0,NO,NO,NO
MFG_WIN_EXCEPTION,8,EXPRESSION,nvarchar,508,0,0,NO,NO,NO
MFG_WIN_EXCEPTION,9,ROWID,int,4,10,0,NO,YES,NO
MODE_OF_TRANSPORT,1,ROWID,int,4,10,0,NO,YES,NO
MODE_OF_TRANSPORT,2,CODE,int,4,10,0,NO,NO,NO
MODE_OF_TRANSPORT,3,DESCRIPTION,nvarchar,100,0,0,YES,NO,NO
MT_WIP_INVENTORY,1,PART_ID,varchar,50,0,0,NO,NO,NO
MT_WIP_INVENTORY,2,WAREHOUSE,varchar,50,0,0,NO,NO,NO
MT_WIP_INVENTORY,3,LOCATION,varchar,50,0,0,NO,NO,NO
MT_WIP_INVENTORY,4,QTY,decimal,9,15,6,NO,NO,NO
MT_WIP_LOCATIONS,1,WAREHOUSE_ID,varchar,50,0,0,NO,NO,NO
MT_WIP_LOCATIONS,2,LOCATION_ID,varchar,50,0,0,NO,NO,NO
MT_WIP_LOCATIONS,3,Status,bit,1,1,0,NO,NO,NO
MT_WIP_TRANSACTIONS,1,ROWID,int,4,10,0,NO,YES,NO
MT_WIP_TRANSACTIONS,2,PART_ID,varchar,50,0,0,NO,NO,NO
MT_WIP_TRANSACTIONS,3,FROM_ITEM1,varchar,50,0,0,YES,NO,NO
MT_WIP_TRANSACTIONS,4,FROM_ITEM2,varchar,50,0,0,YES,NO,NO
MT_WIP_TRANSACTIONS,5,TO_ITEM1,varchar,50,0,0,YES,NO,NO
MT_WIP_TRANSACTIONS,6,To_ITEM2,varchar,50,0,0,YES,NO,NO
MT_WIP_TRANSACTIONS,7,FROM_TYPE,varchar,10,0,0,NO,NO,NO
MT_WIP_TRANSACTIONS,8,TO_TYPE,varchar,10,0,0,YES,NO,NO
MT_WIP_TRANSACTIONS,9,DATE,datetime,8,23,3,NO,NO,NO
MT_WIP_TRANSACTIONS,10,USER,varchar,50,0,0,NO,NO,NO
MT_WIP_TRANSACTIONS,11,QTY,decimal,9,15,6,NO,NO,NO
MT_WIP_TRANSACTIONS,12,UserNote,varchar,-1,0,0,YES,NO,NO
NATURE_OF_TRANS,1,ROWID,int,4,10,0,NO,YES,NO
NATURE_OF_TRANS,2,CODE,int,4,10,0,NO,NO,NO
NATURE_OF_TRANS,3,DESCRIPTION,nvarchar,100,0,0,YES,NO,NO
NEXT_NUM_GEN_EAC,1,PROJECT_ID,nvarchar,30,0,0,NO,NO,NO
NEXT_NUM_GEN_EAC,2,NEXT_NUMBER,int,4,10,0,NO,NO,NO
NEXT_NUM_GEN_EAC,3,ROWID,int,4,10,0,NO,YES,NO
NEXT_NUM_GEN_ETC,1,PROJECT_ID,nvarchar,30,0,0,NO,NO,NO
NEXT_NUM_GEN_ETC,2,NEXT_NUMBER,int,4,10,0,NO,NO,NO
NEXT_NUM_GEN_ETC,3,ROWID,int,4,10,0,NO,YES,NO
NEXT_NUMBER_GEN,1,ROWID,int,4,10,0,NO,YES,NO
NEXT_NUMBER_GEN,2,TABLE_NAME,nvarchar,36,0,0,YES,NO,NO
NEXT_NUMBER_GEN,3,COLUMN_NAME,nvarchar,36,0,0,YES,NO,NO
NEXT_NUMBER_GEN,4,DESCRIPTION,nvarchar,60,0,0,YES,NO,NO
NEXT_NUMBER_GEN,5,ALPHA_PREFIX,nvarchar,8,0,0,YES,NO,NO
NEXT_NUMBER_GEN,6,NEXT_NUMBER,int,4,10,0,YES,NO,NO
NEXT_NUMBER_GEN,7,ALPHA_SUFFIX,nvarchar,8,0,0,YES,NO,NO
NEXT_NUMBER_GEN,8,LEADING_ZEROS,nchar,2,0,0,YES,NO,NO
NEXT_NUMBER_GEN,9,DECIMAL_PLACES,smallint,2,5,0,YES,NO,NO
NEXT_NUMBER_GEN,10,SITE_ID,nvarchar,30,0,0,YES,NO,NO
NMFC_CODE,1,ROWID,int,4,10,0,NO,YES,NO
NMFC_CODE,2,ID,nvarchar,30,0,0,NO,NO,NO
NMFC_CODE,3,ARTICLE,nvarchar,16,0,0,YES,NO,NO
NMFC_CODE,4,SUB,nvarchar,6,0,0,YES,NO,NO
NMFC_CODE,5,LTL_CLASS,nvarchar,10,0,0,YES,NO,NO
NMFC_CODE,6,TL_CLASS,nvarchar,10,0,0,YES,NO,NO
NMFC_CODE,7,DESCRIPTION,nvarchar,500,0,0,YES,NO,NO
NMFC_CODE,8,HAZARDOUS,nchar,2,0,0,NO,NO,NO
NMFC_CODE_SYNC,1,ROWID,int,4,10,0,NO,YES,NO
NMFC_CODE_SYNC,2,EVENT_ID,int,4,10,0,NO,NO,NO
NMFC_CODE_SYNC,3,TYPE,nchar,2,0,0,NO,NO,NO
NMFC_CODE_SYNC,4,CREATE_DATE,datetime,8,23,3,NO,NO,NO
NMFC_CODE_SYNC,5,NMFC_CODE_ID,nvarchar,30,0,0,NO,NO,NO
NMFC_CODE_SYNC,6,EXCEPTION,nchar,2,0,0,NO,NO,NO
NMFC_CODE_SYNC,7,SUBSCRIPTIONS,int,4,10,0,NO,NO,NO
NORMAL_DIST_AREA,1,ROWID,int,4,10,0,NO,YES,NO
NORMAL_DIST_AREA,2,Z,decimal,5,4,3,NO,NO,NO
NORMAL_DIST_AREA,3,AREA_MEAN_TO_Z,decimal,5,6,5,NO,NO,NO
NOTATION,1,ROWID,int,4,10,0,NO,YES,NO
NOTATION,2,TYPE,nchar,4,0,0,NO,NO,NO
NOTATION,3,OWNER_ID,nvarchar,80,0,0,NO,NO,NO
NOTATION,4,CREATE_DATE,datetime,8,23,3,NO,NO,NO
NOTATION,5,NOTE,image,16,0,0,YES,NO,NO
NOTIFICATION_DATA,1,ROWID,int,4,10,0,NO,YES,NO
NOTIFICATION_DATA,2,USER_ID,nvarchar,40,0,0,NO,NO,NO
NOTIFICATION_DATA,3,PROGRAM_ID,nvarchar,60,0,0,NO,NO,NO
NOTIFICATION_DATA,4,PRIMARY_KEY,nvarchar,30,0,0,NO,NO,NO
NOTIFICATION_DATA,5,OWNER_ID,nvarchar,30,0,0,YES,NO,NO
NOTIFICATION_DATA,6,DOC_ID,nvarchar,30,0,0,YES,NO,NO
NOTIFICATION_DATA,7,DOC_ID2,nvarchar,30,0,0,YES,NO,NO
NOTIFICATION_DATA,8,DOC_ID3,int,4,10,0,YES,NO,NO
NOTIFICATION_DATA,9,CREATE_DATE,datetime,8,23,3,NO,NO,NO
NOTIFICATION_DATA,10,EMPLOYEE_ID,nvarchar,40,0,0,YES,NO,NO
NOTIFICATION_DATA,11,ACTION,nvarchar,30,0,0,YES,NO,NO
NOTIFICATION_DATA,12,EMAIL_ADDR,nvarchar,4000,0,0,YES,NO,NO
NOTIFICATION_EMPLOYEE,1,ROWID,int,4,10,0,NO,YES,NO
NOTIFICATION_EMPLOYEE,2,ID,nvarchar,30,0,0,NO,NO,NO
NOTIFICATION_EMPLOYEE,3,PROGRAM_ID,nvarchar,160,0,0,NO,NO,NO
NOTIFICATION_EMPLOYEE,4,EMPLOYEE_ID,nvarchar,40,0,0,NO,NO,NO
NOTIFICATION_EMPLOYEE_DOC,1,ROWID,int,4,10,0,NO,YES,NO
NOTIFICATION_EMPLOYEE_DOC,2,PROGRAM_ID,nvarchar,160,0,0,NO,NO,NO
NOTIFICATION_EMPLOYEE_DOC,3,DOC_ID,nvarchar,30,0,0,NO,NO,NO
NOTIFICATION_EMPLOYEE_DOC,4,DOC_LINE_NO,smallint,2,5,0,NO,NO,NO
NOTIFICATION_EMPLOYEE_DOC,5,EMPLOYEE_ID,nvarchar,40,0,0,NO,NO,NO
NOTIFICATION_EMPLOYEE_DOC,6,USER_ID,nvarchar,40,0,0,YES,NO,NO
NOTIFICATION_EMPLOYEE_DOC,7,NOTIFY_ME_TYPE,nchar,2,0,0,NO,NO,NO
NOTIFICATION_TEMPLATE,1,ROWID,int,4,10,0,NO,YES,NO
NOTIFICATION_TEMPLATE,2,PROGRAM_ID,nvarchar,60,0,0,NO,NO,NO
NOTIFICATION_TEMPLATE,3,TYPE,nvarchar,20,0,0,NO,NO,NO
NOTIFICATION_TEMPLATE,4,MESSAGE,nvarchar,4000,0,0,NO,NO,NO
NOTIFICATION_TOKEN,1,ROWID,int,4,10,0,NO,YES,NO
NOTIFICATION_TOKEN,2,PROGRAM_ID,nvarchar,60,0,0,NO,NO,NO
NOTIFICATION_TOKEN,3,TYPE,nvarchar,20,0,0,NO,NO,NO
NOTIFICATION_TOKEN,4,TOKEN,nvarchar,60,0,0,NO,NO,NO
NOTIFICATION_TOKEN,5,TOKEN_TABLE,nvarchar,100,0,0,NO,NO,NO
NOTIFICATION_TOKEN,6,TOKEN_COLUMN,nvarchar,400,0,0,NO,NO,NO
NOTIFICATION_TOKEN,7,SELECTED_TOKEN,nchar,2,0,0,NO,NO,NO
NOTIFICATION_TOKEN,8,DATA_FORMAT_TYPE,nchar,2,0,0,NO,NO,NO
NOTIFICATION_TOKEN,9,MIN_DECIMAL_POSITIONS,nchar,2,0,0,NO,NO,NO
NOTIFICATION_TOKEN,10,CALCULATED_VALUE,nchar,2,0,0,NO,NO,NO
OP_SETUP_ATTRIB,1,ROWID,int,4,10,0,NO,YES,NO
OP_SETUP_ATTRIB,2,WORKORDER_TYPE,nchar,2,0,0,NO,NO,NO
OP_SETUP_ATTRIB,3,WORKORDER_BASE_ID,nvarchar,60,0,0,NO,NO,NO
OP_SETUP_ATTRIB,4,WORKORDER_LOT_ID,nvarchar,6,0,0,NO,NO,NO
OP_SETUP_ATTRIB,5,WORKORDER_SPLIT_ID,nvarchar,6,0,0,NO,NO,NO
OP_SETUP_ATTRIB,6,WORKORDER_SUB_ID,nvarchar,6,0,0,NO,NO,NO
OP_SETUP_ATTRIB,7,OPERATION_SEQ_NO,smallint,2,5,0,NO,NO,NO
OP_SETUP_ATTRIB,8,ATTRIBUTE_ID,nvarchar,30,0,0,NO,NO,NO
OP_SETUP_ATTRIB,9,NUMERIC_VALUE,decimal,13,23,8,YES,NO,NO
OP_SETUP_ATTRIB,10,ALPHA_VALUE,nvarchar,60,0,0,YES,NO,NO
OP_SETUP_ATTRIB,11,DATE_VALUE,datetime,8,23,3,YES,NO,NO
OPER_SERVICE_COST,1,ROWID,int,4,10,0,NO,YES,NO
OPER_SERVICE_COST,2,WORKORDER_TYPE,nchar,2,0,0,NO,NO,NO
OPER_SERVICE_COST,3,WORKORDER_BASE_ID,nvarchar,60,0,0,NO,NO,NO
OPER_SERVICE_COST,4,WORKORDER_LOT_ID,nvarchar,6,0,0,NO,NO,NO
OPER_SERVICE_COST,5,WORKORDER_SPLIT_ID,nvarchar,6,0,0,NO,NO,NO
OPER_SERVICE_COST,6,WORKORDER_SUB_ID,nvarchar,6,0,0,NO,NO,NO
OPER_SERVICE_COST,7,OPERATION_SEQ_NO,smallint,2,5,0,NO,NO,NO
OPER_SERVICE_COST,8,QTY,decimal,13,20,8,NO,NO,NO
OPER_SERVICE_COST,9,UNIT_COST,decimal,13,22,8,NO,NO,NO
OPER_SERVICE_COST,10,BASE_CHARGE,decimal,13,23,8,NO,NO,NO
OPER_SERVICE_COST,11,MINIMUM_CHARGE,decimal,13,23,8,YES,NO,NO
OPER_SERVICE_COST,12,LEADTIME,smallint,2,5,0,YES,NO,NO
OPER_TYPE_BINARY,1,ROWID,int,4,10,0,NO,YES,NO
OPER_TYPE_BINARY,2,OPERATION_TYPE_ID,nvarchar,30,0,0,NO,NO,NO
OPER_TYPE_BINARY,3,TYPE,nchar,2,0,0,NO,NO,NO
OPER_TYPE_BINARY,4,BITS,image,16,0,0,YES,NO,NO
OPER_TYPE_BINARY,5,BITS_LENGTH,int,4,10,0,NO,NO,NO
OPER_TYPE_BINARY,6,SITE_ID,nvarchar,30,0,0,NO,NO,NO
OPER_TYPE_RESOURCE,1,ROWID,int,4,10,0,NO,YES,NO
OPER_TYPE_RESOURCE,2,OPERATION_TYPE_ID,nvarchar,30,0,0,NO,NO,NO
OPER_TYPE_RESOURCE,3,RESOURCE_ID,nvarchar,30,0,0,NO,NO,NO
OPER_TYPE_RESOURCE,4,TYPE,nchar,2,0,0,NO,NO,NO
OPER_TYPE_RESOURCE,5,PERCENT_DURATION,smallint,2,5,0,YES,NO,NO
OPER_TYPE_RESOURCE,6,JUSTIFICATION,nchar,2,0,0,NO,NO,NO
OPER_TYPE_RESOURCE,7,SITE_ID,nvarchar,30,0,0,NO,NO,NO
OPER_TYPE_SYNC,1,ROWID,int,4,10,0,NO,YES,NO
OPER_TYPE_SYNC,2,EVENT_ID,int,4,10,0,NO,NO,NO
OPER_TYPE_SYNC,3,TYPE,nchar,2,0,0,NO,NO,NO
OPER_TYPE_SYNC,4,CREATE_DATE,datetime,8,23,3,NO,NO,NO
OPER_TYPE_SYNC,5,OPER_TYPE_ID,nvarchar,30,0,0,NO,NO,NO
OPER_TYPE_SYNC,6,EXCEPTION,nchar,2,0,0,NO,NO,NO
OPER_TYPE_SYNC,7,SUBSCRIPTIONS,int,4,10,0,NO,NO,NO
OPERATION,1,ROWID,int,4,10,0,NO,YES,NO
OPERATION,2,WORKORDER_TYPE,nchar,2,0,0,NO,NO,NO
OPERATION,3,WORKORDER_BASE_ID,nvarchar,60,0,0,NO,NO,NO
OPERATION,4,WORKORDER_LOT_ID,nvarchar,6,0,0,NO,NO,NO
OPERATION,5,WORKORDER_SPLIT_ID,nvarchar,6,0,0,NO,NO,NO
OPERATION,6,WORKORDER_SUB_ID,nvarchar,6,0,0,NO,NO,NO
OPERATION,7,SEQUENCE_NO,smallint,2,5,0,NO,NO,NO
OPERATION,8,RESOURCE_ID,nvarchar,30,0,0,NO,NO,NO
OPERATION,9,SETUP_HRS,decimal,5,8,3,YES,NO,NO
OPERATION,10,RUN,decimal,13,20,8,YES,NO,NO
OPERATION,11,RUN_TYPE,nvarchar,30,0,0,NO,NO,NO
OPERATION,12,LOAD_SIZE_QTY,decimal,13,20,8,YES,NO,NO
OPERATION,13,RUN_HRS,decimal,5,7,2,YES,NO,NO
OPERATION,14,MOVE_HRS,decimal,5,6,3,YES,NO,NO
OPERATION,15,TRANSIT_DAYS,decimal,5,6,3,YES,NO,NO
OPERATION,16,SERVICE_ID,nvarchar,30,0,0,YES,NO,NO
OPERATION,17,SCRAP_YIELD_PCT,decimal,5,5,2,YES,NO,NO
OPERATION,18,SCRAP_YIELD_TYPE,nchar,2,0,0,NO,NO,NO
OPERATION,19,FIXED_SCRAP_UNITS,decimal,13,20,8,NO,NO,NO
OPERATION,20,MINIMUM_MOVE_QTY,decimal,13,20,8,YES,NO,NO
OPERATION,21,CALC_START_QTY,decimal,13,20,8,YES,NO,NO
OPERATION,22,CALC_END_QTY,decimal,13,20,8,YES,NO,NO
OPERATION,23,COMPLETED_QTY,decimal,13,20,8,NO,NO,NO
OPERATION,24,DEVIATED_QTY,decimal,13,20,8,NO,NO,NO
OPERATION,25,ACT_SETUP_HRS,decimal,5,7,2,NO,NO,NO
OPERATION,26,ACT_RUN_HRS,decimal,5,7,2,NO,NO,NO
OPERATION,27,STATUS,nchar,2,0,0,NO,NO,NO
OPERATION,28,SETUP_COMPLETED,nchar,2,0,0,NO,NO,NO
OPERATION,29,SERVICE_BEGIN_DATE,datetime,8,23,3,YES,NO,NO
OPERATION,30,CLOSE_DATE,datetime,8,23,3,YES,NO,NO
OPERATION,31,OPERATION_TYPE,nvarchar,30,0,0,YES,NO,NO
OPERATION,32,DRAWING_ID,nvarchar,60,0,0,YES,NO,NO
OPERATION,33,DRAWING_REV_NO,nvarchar,16,0,0,YES,NO,NO
OPERATION,34,OVERRIDE_QTYS,nchar,2,0,0,NO,NO,NO
OPERATION,35,BEGIN_TRACEABILITY,nchar,2,0,0,NO,NO,NO
OPERATION,36,CAPACITY_USAGE_MAX,smallint,2,5,0,YES,NO,NO
OPERATION,37,CAPACITY_USAGE_MIN,smallint,2,5,0,YES,NO,NO
OPERATION,38,TEST_ID,nvarchar,30,0,0,YES,NO,NO
OPERATION,39,SPC_QTY,decimal,13,20,8,YES,NO,NO
OPERATION,40,SCHED_START_DATE,datetime,8,23,3,YES,NO,NO
OPERATION,41,SCHED_FINISH_DATE,datetime,8,23,3,YES,NO,NO
OPERATION,42,COULD_FINISH_DATE,datetime,8,23,3,YES,NO,NO
OPERATION,43,ISDETERMINANT,nchar,2,0,0,NO,NO,NO
OPERATION,44,SETUP_COST_PER_HR,decimal,13,22,8,NO,NO,NO
OPERATION,45,RUN_COST_PER_HR,decimal,13,22,8,NO,NO,NO
OPERATION,46,RUN_COST_PER_UNIT,decimal,13,22,8,NO,NO,NO
OPERATION,47,BUR_PER_HR_SETUP,decimal,13,22,8,NO,NO,NO
OPERATION,48,BUR_PER_HR_RUN,decimal,13,22,8,NO,NO,NO
OPERATION,49,BUR_PER_UNIT_RUN,decimal,13,22,8,NO,NO,NO
OPERATION,50,SERVICE_BASE_CHG,decimal,13,23,8,NO,NO,NO
OPERATION,51,BUR_PERCENT_SETUP,decimal,5,6,3,NO,NO,NO
OPERATION,52,BUR_PERCENT_RUN,decimal,5,6,3,NO,NO,NO
OPERATION,53,BUR_PER_OPERATION,decimal,13,23,8,NO,NO,NO
OPERATION,54,EST_ATL_LAB_COST,decimal,13,23,8,NO,NO,NO
OPERATION,55,EST_ATL_BUR_COST,decimal,13,23,8,NO,NO,NO
OPERATION,56,EST_ATL_SER_COST,decimal,13,23,8,NO,NO,NO
OPERATION,57,REM_ATL_LAB_COST,decimal,13,23,8,NO,NO,NO
OPERATION,58,REM_ATL_BUR_COST,decimal,13,23,8,NO,NO,NO
OPERATION,59,REM_ATL_SER_COST,decimal,13,23,8,NO,NO,NO
OPERATION,60,ACT_ATL_LAB_COST,decimal,13,23,8,NO,NO,NO
OPERATION,61,ACT_ATL_BUR_COST,decimal,13,23,8,NO,NO,NO
OPERATION,62,ACT_ATL_SER_COST,decimal,13,23,8,NO,NO,NO
OPERATION,63,EST_TTL_MAT_COST,decimal,13,23,8,NO,NO,NO
OPERATION,64,EST_TTL_LAB_COST,decimal,13,23,8,NO,NO,NO
OPERATION,65,EST_TTL_BUR_COST,decimal,13,23,8,NO,NO,NO
OPERATION,66,EST_TTL_SER_COST,decimal,13,23,8,NO,NO,NO
OPERATION,67,REM_TTL_MAT_COST,decimal,13,23,8,NO,NO,NO
OPERATION,68,REM_TTL_LAB_COST,decimal,13,23,8,NO,NO,NO
OPERATION,69,REM_TTL_BUR_COST,decimal,13,23,8,NO,NO,NO
OPERATION,70,REM_TTL_SER_COST,decimal,13,23,8,NO,NO,NO
OPERATION,71,ACT_TTL_MAT_COST,decimal,13,23,8,NO,NO,NO
OPERATION,72,ACT_TTL_LAB_COST,decimal,13,23,8,NO,NO,NO
OPERATION,73,ACT_TTL_BUR_COST,decimal,13,23,8,NO,NO,NO
OPERATION,74,ACT_TTL_SER_COST,decimal,13,23,8,NO,NO,NO
OPERATION,75,SPLIT_ADJUSTMENT,decimal,13,20,8,NO,NO,NO
OPERATION,76,MILESTONE_ID,nvarchar,30,0,0,YES,NO,NO
OPERATION,77,SCHEDULE_TYPE,smallint,2,5,0,YES,NO,NO
OPERATION,78,MIN_SEGMENT_SIZE,decimal,9,14,2,YES,NO,NO
OPERATION,79,PROTECT_COST,nchar,2,0,0,NO,NO,NO
OPERATION,80,DRAWING_FILE,nvarchar,200,0,0,YES,NO,NO
OPERATION,81,DISPATCHED_QTY,decimal,13,20,8,NO,NO,NO
OPERATION,82,SERVICE_MIN_CHG,decimal,13,23,8,NO,NO,NO
OPERATION,83,VENDOR_ID,nvarchar,30,0,0,YES,NO,NO
OPERATION,84,VENDOR_SERVICE_ID,nvarchar,60,0,0,YES,NO,NO
OPERATION,85,SERVICE_PART_ID,nvarchar,60,0,0,YES,NO,NO
OPERATION,86,LAST_DISP_DATE,datetime,8,23,3,YES,NO,NO
OPERATION,87,LAST_RECV_DATE,datetime,8,23,3,YES,NO,NO
OPERATION,88,WAREHOUSE_ID,nvarchar,30,0,0,YES,NO,NO
OPERATION,89,ALLOCATED_QTY,decimal,13,20,8,NO,NO,NO
OPERATION,90,FULFILLED_QTY,decimal,13,20,8,NO,NO,NO
OPERATION,91,LEAST_MIN_MOVE_QTY,smallint,2,5,0,YES,NO,NO
OPERATION,92,MAX_GAP_PREV_OP,int,4,10,0,YES,NO,NO
OPERATION,93,APPLY_CALENDAR,nchar,2,0,0,YES,NO,NO
OPERATION,94,MAX_DOWNTIME,int,4,10,0,YES,NO,NO
OPERATION,95,ACCUM_DOWNTIME,nchar,2,0,0,YES,NO,NO
OPERATION,96,RUN_QTY_PER_CYCLE,decimal,13,20,8,YES,NO,NO
OPERATION,97,USER_1,nvarchar,160,0,0,YES,NO,NO
OPERATION,98,USER_2,nvarchar,160,0,0,YES,NO,NO
OPERATION,99,USER_3,nvarchar,160,0,0,YES,NO,NO
OPERATION,100,USER_4,nvarchar,160,0,0,YES,NO,NO
OPERATION,101,USER_5,nvarchar,160,0,0,YES,NO,NO
OPERATION,102,USER_6,nvarchar,160,0,0,YES,NO,NO
OPERATION,103,USER_7,nvarchar,160,0,0,YES,NO,NO
OPERATION,104,USER_8,nvarchar,160,0,0,YES,NO,NO
OPERATION,105,USER_9,nvarchar,160,0,0,YES,NO,NO
OPERATION,106,USER_10,nvarchar,160,0,0,YES,NO,NO
OPERATION,107,UDF_LAYOUT_ID,nvarchar,30,0,0,YES,NO,NO
OPERATION,108,NUM_MEM_TO_SCHED,smallint,2,5,0,YES,NO,NO
OPERATION,109,SERVICE_BUFFER,int,4,10,0,YES,NO,NO
OPERATION,110,MILESTONE_SUB_ID,nvarchar,6,0,0,YES,NO,NO
OPERATION,111,POST_MILESTONE,nchar,2,0,0,YES,NO,NO
OPERATION,112,PROJ_MILESTONE_OP,nchar,2,0,0,YES,NO,NO
OPERATION,113,WBS_CODE,nvarchar,60,0,0,YES,NO,NO
OPERATION,114,WBS_START_DATE,datetime,8,23,3,YES,NO,NO
OPERATION,115,WBS_END_DATE,datetime,8,23,3,YES,NO,NO
OPERATION,116,WBS_DURATION,decimal,9,14,4,YES,NO,NO
OPERATION,117,MILESTONE_SEQ_NO,smallint,2,5,0,YES,NO,NO
OPERATION,118,PRD_INSP_PLAN_ID,nvarchar,32,0,0,YES,NO,NO
OPERATION,119,SETUP_INSPECT_REQ,nchar,2,0,0,YES,NO,NO
OPERATION,120,RUN_INSPECT_REQ,nchar,2,0,0,YES,NO,NO
OPERATION,121,VC_MERLIN_EXPORTED,nvarchar,42,0,0,YES,NO,NO
OPERATION,122,STATUS_EFF_DATE,datetime,8,23,3,NO,NO,NO
OPERATION,123,PRED_SUB_ID,nvarchar,6,0,0,YES,NO,NO
OPERATION,124,PRED_SEQ_NO,smallint,2,5,0,YES,NO,NO
OPERATION,125,SITE_ID,nvarchar,30,0,0,NO,NO,NO
OPERATION,126,SCHED_CAPACITY_USAGE,int,4,10,0,YES,NO,NO
OPERATION,127,BID_RATE_CATEGORY_ID,nvarchar,30,0,0,YES,NO,NO
OPERATION,128,OVERLAP_SETUP,nchar,2,0,0,NO,NO,NO
OPERATION,129,PERCENT_COMPL,nvarchar,2,0,0,YES,NO,NO
OPERATION,130,QTY_COMPL_BY_HRS,nvarchar,2,0,0,YES,NO,NO
OPERATION,131,MAX_QTY_COMPLETE,decimal,13,20,8,YES,NO,NO
OPERATION,132,DISPATCH_SEQUENCE,int,4,10,0,NO,NO,NO
OPERATION_AUDIT,1,ROWID,int,4,10,0,NO,YES,NO
OPERATION_AUDIT,2,SCHEDULE_ID,nvarchar,30,0,0,NO,NO,NO
OPERATION_AUDIT,3,ATTEMPT_NO,int,4,10,0,NO,NO,NO
OPERATION_AUDIT,4,RESOURCE_ID,nvarchar,30,0,0,NO,NO,NO
OPERATION_AUDIT,5,UNIT_NO,smallint,2,5,0,NO,NO,NO
OPERATION_AUDIT,6,WORKORDER_TYPE,nchar,2,0,0,NO,NO,NO
OPERATION_AUDIT,7,WORKORDER_BASE_ID,nvarchar,60,0,0,NO,NO,NO
OPERATION_AUDIT,8,WORKORDER_LOT_ID,nvarchar,6,0,0,NO,NO,NO
OPERATION_AUDIT,9,WORKORDER_SPLIT_ID,nvarchar,6,0,0,NO,NO,NO
OPERATION_AUDIT,10,WORKORDER_SUB_ID,nvarchar,6,0,0,NO,NO,NO
OPERATION_AUDIT,11,SEQUENCE_NO,smallint,2,5,0,NO,NO,NO
OPERATION_AUDIT,12,WORKORDER_PASS_NO,int,4,10,0,NO,NO,NO
OPERATION_AUDIT,13,DIRECTION,nchar,2,0,0,NO,NO,NO
OPERATION_AUDIT,14,RESULT,nchar,2,0,0,NO,NO,NO
OPERATION_AUDIT,15,START_DATE,datetime,8,23,3,YES,NO,NO
OPERATION_AUDIT,16,FINISH_DATE,datetime,8,23,3,YES,NO,NO
OPERATION_AUDIT,17,COULD_START_FINISH,datetime,8,23,3,YES,NO,NO
OPERATION_AUDIT,18,RESULT_DETAIL,nvarchar,120,0,0,YES,NO,NO
OPERATION_AUDIT,19,SUPPLY_TYPE,nvarchar,4,0,0,YES,NO,NO
OPERATION_AUDIT,20,SUPPLY_BASE_ID,nvarchar,60,0,0,YES,NO,NO
OPERATION_AUDIT,21,SUPPLY_LOT_ID,nvarchar,6,0,0,YES,NO,NO
OPERATION_AUDIT,22,SUPPLY_SPLIT_ID,nvarchar,6,0,0,YES,NO,NO
OPERATION_AUDIT,23,SUPPLY_SUB_ID,nvarchar,6,0,0,YES,NO,NO
OPERATION_AUDIT,24,SUPPLY_SEQ_NO,int,4,10,0,YES,NO,NO
OPERATION_AUDIT,25,SUPPLY_NO,int,4,10,0,YES,NO,NO
OPERATION_AUDIT,26,PART_ID,nvarchar,60,0,0,YES,NO,NO
OPERATION_BINARY,1,ROWID,int,4,10,0,NO,YES,NO
OPERATION_BINARY,2,WORKORDER_TYPE,nchar,2,0,0,NO,NO,NO
OPERATION_BINARY,3,WORKORDER_BASE_ID,nvarchar,60,0,0,NO,NO,NO
OPERATION_BINARY,4,WORKORDER_LOT_ID,nvarchar,6,0,0,NO,NO,NO
OPERATION_BINARY,5,WORKORDER_SPLIT_ID,nvarchar,6,0,0,NO,NO,NO
OPERATION_BINARY,6,WORKORDER_SUB_ID,nvarchar,6,0,0,NO,NO,NO
OPERATION_BINARY,7,SEQUENCE_NO,smallint,2,5,0,NO,NO,NO
OPERATION_BINARY,8,TYPE,nchar,2,0,0,NO,NO,NO
OPERATION_BINARY,9,BITS,image,16,0,0,YES,NO,NO
OPERATION_BINARY,10,BITS_LENGTH,int,4,10,0,NO,NO,NO
OPERATION_RESOURCE,1,ROWID,int,4,10,0,NO,YES,NO
OPERATION_RESOURCE,2,WORKORDER_TYPE,nchar,2,0,0,NO,NO,NO
OPERATION_RESOURCE,3,WORKORDER_BASE_ID,nvarchar,60,0,0,NO,NO,NO
OPERATION_RESOURCE,4,WORKORDER_LOT_ID,nvarchar,6,0,0,NO,NO,NO
OPERATION_RESOURCE,5,WORKORDER_SPLIT_ID,nvarchar,6,0,0,NO,NO,NO
OPERATION_RESOURCE,6,WORKORDER_SUB_ID,nvarchar,6,0,0,NO,NO,NO
OPERATION_RESOURCE,7,SEQUENCE_NO,smallint,2,5,0,NO,NO,NO
OPERATION_RESOURCE,8,RESOURCE_ID,nvarchar,30,0,0,NO,NO,NO
OPERATION_RESOURCE,9,TYPE,nchar,2,0,0,NO,NO,NO
OPERATION_RESOURCE,10,PERCENT_DURATION,smallint,2,5,0,YES,NO,NO
OPERATION_RESOURCE,11,JUSTIFICATION,nchar,2,0,0,NO,NO,NO
OPERATION_RESOURCE,12,SCHEDULE_TYPE,smallint,2,5,0,YES,NO,NO
OPERATION_RESOURCE,13,MIN_SEGMENT_SIZE,decimal,9,14,2,YES,NO,NO
OPERATION_RESOURCE,14,NUM_MEM_TO_SCHED,smallint,2,5,0,YES,NO,NO
OPERATION_RESOURCE,15,SCHED_EQUAL_CAP,nchar,2,0,0,YES,NO,NO
OPERATION_RESOURCE,16,SCHED_START_DATE,datetime,8,23,3,YES,NO,NO
OPERATION_RESOURCE,17,SCHED_FINISH_DATE,datetime,8,23,3,YES,NO,NO
OPERATION_RESOURCE,18,SCHED_CAPACITY_USAGE,int,4,10,0,YES,NO,NO
OPERATION_SCHED,1,ROWID,int,4,10,0,NO,YES,NO
OPERATION_SCHED,2,SCHEDULE_ID,nvarchar,30,0,0,NO,NO,NO
OPERATION_SCHED,3,WORKORDER_TYPE,nchar,2,0,0,NO,NO,NO
OPERATION_SCHED,4,WORKORDER_BASE_ID,nvarchar,60,0,0,NO,NO,NO
OPERATION_SCHED,5,WORKORDER_LOT_ID,nvarchar,6,0,0,NO,NO,NO
OPERATION_SCHED,6,WORKORDER_SPLIT_ID,nvarchar,6,0,0,NO,NO,NO
OPERATION_SCHED,7,WORKORDER_SUB_ID,nvarchar,6,0,0,NO,NO,NO
OPERATION_SCHED,8,SEQUENCE_NO,int,4,10,0,NO,NO,NO
OPERATION_SCHED,9,RESOURCE_ID,nvarchar,30,0,0,NO,NO,NO
OPERATION_SCHED,10,UNIT_ASSIGNED,int,4,10,0,NO,NO,NO
OPERATION_SCHED,11,START_DATE,datetime,8,23,3,YES,NO,NO
OPERATION_SCHED,12,COULD_START_DATE,datetime,8,23,3,YES,NO,NO
OPERATION_SCHED,13,FINISH_DATE,datetime,8,23,3,YES,NO,NO
OPERATION_SCHED,14,COULD_FINISH_DATE,datetime,8,23,3,YES,NO,NO
OPERATION_SCHED,15,ISDETERMINANT,nchar,2,0,0,NO,NO,NO
OPERATION_SCHED,16,DIRECTION,nchar,2,0,0,NO,NO,NO
OPERATION_SCHED,17,DELAY_REASON,nvarchar,120,0,0,YES,NO,NO
OPERATION_SCHED,18,USER_START_DATE,datetime,8,23,3,YES,NO,NO
OPERATION_SCHED,19,USER_FINISH_DATE,datetime,8,23,3,YES,NO,NO
OPERATION_SCHED,20,SCHED_RESOURCE_ID,nvarchar,30,0,0,YES,NO,NO
OPERATION_SCHED,21,IS_CONCURRENT,nchar,2,0,0,YES,NO,NO
OPERATION_SCHED,22,GROUP_RESOURCE_ID,nvarchar,30,0,0,YES,NO,NO
OPERATION_SCHED,23,ORG_RESOURCE_ID,nvarchar,30,0,0,YES,NO,NO
OPERATION_SCHED,24,ACT_MIN_MOVE_QTY,int,4,10,0,YES,NO,NO
OPERATION_SCHED,25,SETUP_HOURS,decimal,9,14,2,YES,NO,NO
OPERATION_SCHED,26,RUN_HOURS,decimal,9,14,2,YES,NO,NO
OPERATION_SCHED,27,PROBLEM_CODE,int,4,10,0,YES,NO,NO
OPERATION_SUMMARY,1,ROWID,int,4,10,0,NO,YES,NO
OPERATION_SUMMARY,2,SPID,nvarchar,30,0,0,NO,NO,NO
OPERATION_SUMMARY,3,WORKORDER_TYPE,nchar,2,0,0,NO,NO,NO
OPERATION_SUMMARY,4,WORKORDER_BASE_ID,nvarchar,60,0,0,NO,NO,NO
OPERATION_SUMMARY,5,WORKORDER_LOT_ID,nvarchar,6,0,0,NO,NO,NO
OPERATION_SUMMARY,6,WORKORDER_SPLIT_ID,nvarchar,6,0,0,NO,NO,NO
OPERATION_SUMMARY,7,WORKORDER_SUB_ID,nvarchar,6,0,0,NO,NO,NO
OPERATION_SUMMARY,8,SEQUENCE_NO,smallint,2,5,0,NO,NO,NO
OPERATION_SUMMARY,9,EST_ATL_LAB_COST,decimal,13,23,8,NO,NO,NO
OPERATION_SUMMARY,10,EST_ATL_BUR_COST,decimal,13,23,8,NO,NO,NO
OPERATION_SUMMARY,11,EST_ATL_SER_COST,decimal,13,23,8,NO,NO,NO
OPERATION_SUMMARY,12,REM_ATL_LAB_COST,decimal,13,23,8,NO,NO,NO
OPERATION_SUMMARY,13,REM_ATL_BUR_COST,decimal,13,23,8,NO,NO,NO
OPERATION_SUMMARY,14,REM_ATL_SER_COST,decimal,13,23,8,NO,NO,NO
OPERATION_SUMMARY,15,RUN_HRS,decimal,5,7,2,YES,NO,NO
OPERATION_SUMMARY,16,STATUS,nchar,2,0,0,YES,NO,NO
OPERATION_SUMMARY,17,SETUP_COMPLETED,nchar,2,0,0,YES,NO,NO
OPERATION_TYPE,1,ROWID,int,4,10,0,NO,YES,NO
OPERATION_TYPE,2,ID,nvarchar,30,0,0,NO,NO,NO
OPERATION_TYPE,3,DESCRIPTION,nvarchar,80,0,0,YES,NO,NO
OPERATION_TYPE,4,RESOURCE_ID,nvarchar,30,0,0,YES,NO,NO
OPERATION_TYPE,5,SETUP_HRS,decimal,5,6,3,YES,NO,NO
OPERATION_TYPE,6,RUN,decimal,13,20,8,YES,NO,NO
OPERATION_TYPE,7,RUN_TYPE,nchar,30,0,0,YES,NO,NO
OPERATION_TYPE,8,LOAD_SIZE_QTY,decimal,13,20,8,YES,NO,NO
OPERATION_TYPE,9,MOVE_HRS,decimal,5,6,3,YES,NO,NO
OPERATION_TYPE,10,SERVICE_ID,nvarchar,30,0,0,YES,NO,NO
OPERATION_TYPE,11,TRANSIT_DAYS,decimal,5,6,3,YES,NO,NO
OPERATION_TYPE,12,SCRAP_YIELD_PCT,decimal,5,5,2,YES,NO,NO
OPERATION_TYPE,13,SCRAP_YIELD_TYPE,nchar,2,0,0,YES,NO,NO
OPERATION_TYPE,14,FIXED_SCRAP_UNITS,decimal,13,20,8,YES,NO,NO
OPERATION_TYPE,15,MINIMUM_MOVE_QTY,decimal,13,20,8,YES,NO,NO
OPERATION_TYPE,16,CALC_START_QTY,decimal,13,20,8,YES,NO,NO
OPERATION_TYPE,17,CALC_END_QTY,decimal,13,20,8,YES,NO,NO
OPERATION_TYPE,18,OVERRIDE_QTYS,nchar,2,0,0,YES,NO,NO
OPERATION_TYPE,19,BEGIN_TRACEABILITY,nchar,2,0,0,YES,NO,NO
OPERATION_TYPE,20,TEST_ID,nvarchar,30,0,0,YES,NO,NO
OPERATION_TYPE,21,SETUP_COST_PER_HR,decimal,13,22,8,YES,NO,NO
OPERATION_TYPE,22,RUN_COST_PER_HR,decimal,13,22,8,YES,NO,NO
OPERATION_TYPE,23,BUR_PER_HR_SETUP,decimal,13,22,8,YES,NO,NO
OPERATION_TYPE,24,BUR_PER_HR_RUN,decimal,13,22,8,YES,NO,NO
OPERATION_TYPE,25,SERVICE_BASE_CHG,decimal,13,23,8,YES,NO,NO
OPERATION_TYPE,26,BUR_PERCENT_SETUP,decimal,5,6,3,YES,NO,NO
OPERATION_TYPE,27,BUR_PERCENT_RUN,decimal,5,6,3,YES,NO,NO
OPERATION_TYPE,28,BUR_PER_OPERATION,decimal,13,23,8,YES,NO,NO
OPERATION_TYPE,29,CAPACITY_USAGE_MAX,smallint,2,5,0,YES,NO,NO
OPERATION_TYPE,30,CAPACITY_USAGE_MIN,smallint,2,5,0,YES,NO,NO
OPERATION_TYPE,31,SCHEDULE_TYPE,smallint,2,5,0,YES,NO,NO
OPERATION_TYPE,32,MIN_SEGMENT_SIZE,decimal,9,14,2,YES,NO,NO
OPERATION_TYPE,33,SERVICE_MIN_CHG,decimal,13,23,8,YES,NO,NO
OPERATION_TYPE,34,VENDOR_ID,nvarchar,30,0,0,YES,NO,NO
OPERATION_TYPE,35,VENDOR_SERVICE_ID,nvarchar,60,0,0,YES,NO,NO
OPERATION_TYPE,36,SERVICE_PART_ID,nvarchar,60,0,0,YES,NO,NO
OPERATION_TYPE,37,BUR_PER_UNIT_RUN,decimal,13,22,8,YES,NO,NO
OPERATION_TYPE,38,RUN_COST_PER_UNIT,decimal,13,22,8,YES,NO,NO
OPERATION_TYPE,39,SITE_ID,nvarchar,30,0,0,NO,NO,NO
PACKAGE_TYPE,1,ROWID,int,4,10,0,NO,YES,NO
PACKAGE_TYPE,2,CODE,nvarchar,10,0,0,NO,NO,NO
PACKAGE_TYPE,3,LENGTH,decimal,9,14,4,YES,NO,NO
PACKAGE_TYPE,4,WIDTH,decimal,9,14,4,YES,NO,NO
PACKAGE_TYPE,5,HEIGHT,decimal,9,14,4,YES,NO,NO
PACKAGE_TYPE,6,UNIT_OF_MEASURE,nvarchar,30,0,0,YES,NO,NO
PACKAGE_TYPE_SYNC,1,ROWID,int,4,10,0,NO,YES,NO
PACKAGE_TYPE_SYNC,2,EVENT_ID,int,4,10,0,NO,NO,NO
PACKAGE_TYPE_SYNC,3,TYPE,nchar,2,0,0,NO,NO,NO
PACKAGE_TYPE_SYNC,4,CREATE_DATE,datetime,8,23,3,NO,NO,NO
PACKAGE_TYPE_SYNC,5,PACKAGE_CODE,nvarchar,10,0,0,NO,NO,NO
PACKAGE_TYPE_SYNC,6,EXCEPTION,nchar,2,0,0,NO,NO,NO
PACKAGE_TYPE_SYNC,7,SUBSCRIPTIONS,int,4,10,0,NO,NO,NO
PALLET,1,ROWID,int,4,10,0,NO,YES,NO
PALLET,2,ID,nvarchar,60,0,0,NO,NO,NO
PALLET,3,BOL_ID,nvarchar,40,0,0,YES,NO,NO
PALLET,4,TARE_ID,nvarchar,60,0,0,YES,NO,NO
PALLET,5,PACKAGE_TYPE,nvarchar,10,0,0,YES,NO,NO
PALLET,6,CARTON_COUNT,int,4,10,0,YES,NO,NO
PALLET,7,QTY_PER_CARTON,decimal,13,20,8,YES,NO,NO
PALLET,8,SHIPPING_WEIGHT,decimal,9,14,4,YES,NO,NO
PALLET,9,USER_SHIP_WEIGHT,decimal,9,14,4,YES,NO,NO
PALLET,10,WEIGHT_UM,nvarchar,30,0,0,YES,NO,NO
PALLET_DETAIL,1,ROWID,int,4,10,0,NO,YES,NO
PALLET_DETAIL,2,PACKLIST_ID,nvarchar,30,0,0,NO,NO,NO
PALLET_DETAIL,3,PACKLIST_LINE_NO,smallint,2,5,0,NO,NO,NO
PALLET_DETAIL,4,PALLET_ID,nvarchar,60,0,0,NO,NO,NO
PALLET_DETAIL,5,CARTON_COUNT,smallint,2,5,0,NO,NO,NO
PALLET_DETAIL,6,SHIPPING_WEIGHT,decimal,9,14,4,YES,NO,NO
PALLET_DETAIL,7,PACKAGE_TYPE,nvarchar,10,0,0,YES,NO,NO
PALLET_DETAIL,8,QTY_PER_PKG,decimal,13,20,8,YES,NO,NO
PALLET_DETAIL,9,DEL_LINE_NO,smallint,2,5,0,YES,NO,NO
PALLET_DETAIL,10,SKID_PART_ID,nvarchar,60,0,0,YES,NO,NO
PALLET_DETAIL,11,SKID_WEIGHT,decimal,9,14,4,YES,NO,NO
PALLET_DETAIL,12,CONTAINER_PART_ID,nvarchar,60,0,0,YES,NO,NO
PALLET_DETAIL,13,CONTAINER_WEIGHT,decimal,9,14,4,YES,NO,NO
PALLET_DETAIL,14,CREATE_INV_TRANS,nchar,2,0,0,YES,NO,NO
PART,1,ROWID,int,4,10,0,NO,YES,NO
PART,2,ID,nvarchar,60,0,0,NO,NO,NO
PART,3,DESCRIPTION,nvarchar,240,0,0,YES,NO,NO
PART,4,STOCK_UM,nvarchar,30,0,0,NO,NO,NO
PART,5,PLANNING_LEADTIME,smallint,2,5,0,NO,NO,NO
PART,6,ORDER_POLICY,nchar,2,0,0,NO,NO,NO
PART,7,ORDER_POINT,decimal,13,20,8,YES,NO,NO
PART,8,SAFETY_STOCK_QTY,decimal,13,20,8,YES,NO,NO
PART,9,FIXED_ORDER_QTY,decimal,13,20,8,YES,NO,NO
PART,10,DAYS_OF_SUPPLY,smallint,2,5,0,YES,NO,NO
PART,11,MINIMUM_ORDER_QTY,decimal,13,20,8,YES,NO,NO
PART,12,MAXIMUM_ORDER_QTY,decimal,13,20,8,YES,NO,NO
PART,14,PRODUCT_CODE,nvarchar,30,0,0,YES,NO,NO
PART,15,COMMODITY_CODE,nvarchar,30,0,0,YES,NO,NO
PART,16,MFG_NAME,nvarchar,60,0,0,YES,NO,NO
PART,17,MFG_PART_ID,nvarchar,60,0,0,YES,NO,NO
PART,18,FABRICATED,nchar,2,0,0,NO,NO,NO
PART,19,PURCHASED,nchar,2,0,0,NO,NO,NO
PART,20,STOCKED,nchar,2,0,0,NO,NO,NO
PART,21,DETAIL_ONLY,nchar,2,0,0,NO,NO,NO
PART,22,DEMAND_HISTORY,nchar,2,0,0,NO,NO,NO
PART,23,TOOL_OR_FIXTURE,nchar,2,0,0,NO,NO,NO
PART,24,INSPECTION_REQD,nchar,2,0,0,NO,NO,NO
PART,25,WEIGHT,decimal,9,14,4,YES,NO,NO
PART,26,WEIGHT_UM,nvarchar,30,0,0,YES,NO,NO
PART,27,DRAWING_ID,nvarchar,60,0,0,YES,NO,NO
PART,28,DRAWING_REV_NO,nvarchar,16,0,0,YES,NO,NO
PART,29,PREF_VENDOR_ID,nvarchar,30,0,0,YES,NO,NO
PART,36,MRP_REQUIRED,nchar,2,0,0,YES,NO,NO
PART,37,MRP_EXCEPTIONS,nchar,2,0,0,YES,NO,NO
PART,38,PRIVATE_UM_CONV,nchar,2,0,0,YES,NO,NO
PART,39,AUTO_BACKFLUSH,nchar,2,0,0,YES,NO,NO
PART,40,PLANNER_USER_ID,nvarchar,40,0,0,YES,NO,NO
PART,41,BUYER_USER_ID,nvarchar,40,0,0,YES,NO,NO
PART,42,ABC_CODE,nchar,2,0,0,YES,NO,NO
PART,43,ANNUAL_USAGE_QTY,decimal,13,20,8,YES,NO,NO
PART,44,INVENTORY_LOCKED,nchar,2,0,0,NO,NO,NO
PART,62,MAT_GL_ACCT_ID,nvarchar,60,0,0,YES,NO,NO
PART,63,LAB_GL_ACCT_ID,nvarchar,60,0,0,YES,NO,NO
PART,64,BUR_GL_ACCT_ID,nvarchar,60,0,0,YES,NO,NO
PART,65,SER_GL_ACCT_ID,nvarchar,60,0,0,YES,NO,NO
PART,66,QTY_ON_HAND,decimal,13,20,8,NO,NO,NO
PART,67,QTY_AVAILABLE_ISS,decimal,13,20,8,NO,NO,NO
PART,68,QTY_AVAILABLE_MRP,decimal,13,20,8,NO,NO,NO
PART,69,QTY_ON_ORDER,decimal,13,20,8,NO,NO,NO
PART,70,QTY_IN_DEMAND,decimal,13,20,8,NO,NO,NO
PART,71,USER_1,nvarchar,160,0,0,YES,NO,NO
PART,72,USER_2,nvarchar,160,0,0,YES,NO,NO
PART,73,USER_3,nvarchar,160,0,0,YES,NO,NO
PART,74,USER_4,nvarchar,160,0,0,YES,NO,NO
PART,75,USER_5,nvarchar,160,0,0,YES,NO,NO
PART,76,USER_6,nvarchar,160,0,0,YES,NO,NO
PART,77,USER_7,nvarchar,160,0,0,YES,NO,NO
PART,78,USER_8,nvarchar,160,0,0,YES,NO,NO
PART,79,USER_9,nvarchar,160,0,0,YES,NO,NO
PART,80,USER_10,nvarchar,160,0,0,YES,NO,NO
PART,81,NMFC_CODE_ID,nvarchar,30,0,0,YES,NO,NO
PART,82,PACKAGE_TYPE,nvarchar,10,0,0,YES,NO,NO
PART,84,MRP_EXCEPTION_INFO,nvarchar,160,0,0,YES,NO,NO
PART,85,MULTIPLE_ORDER_QTY,decimal,13,20,8,YES,NO,NO
PART,86,ADD_FORECAST,nchar,2,0,0,NO,NO,NO
PART,87,UDF_LAYOUT_ID,nvarchar,30,0,0,YES,NO,NO
PART,88,PIECE_TRACKED,nchar,2,0,0,NO,NO,NO
PART,89,LENGTH_REQD,nchar,2,0,0,NO,NO,NO
PART,90,WIDTH_REQD,nchar,2,0,0,NO,NO,NO
PART,91,HEIGHT_REQD,nchar,2,0,0,NO,NO,NO
PART,92,DIMENSIONS_UM,nvarchar,30,0,0,YES,NO,NO
PART,93,SHIP_DIMENSIONS,nvarchar,100,0,0,YES,NO,NO
PART,94,DRAWING_FILE,nvarchar,200,0,0,YES,NO,NO
PART,95,TARIFF_CODE,nvarchar,30,0,0,YES,NO,NO
PART,96,TARIFF_TYPE,nvarchar,40,0,0,YES,NO,NO
PART,97,ORIG_COUNTRY_ID,nvarchar,30,0,0,YES,NO,NO
PART,98,NET_WEIGHT_2,decimal,9,11,2,YES,NO,NO
PART,99,GROSS_WEIGHT_2,decimal,9,11,2,YES,NO,NO
PART,100,WEIGHT_UM_2,nvarchar,30,0,0,YES,NO,NO
PART,101,VOLUME,decimal,9,11,2,YES,NO,NO
PART,102,VOLUME_UM,nvarchar,30,0,0,YES,NO,NO
PART,104,VAT_CODE,nvarchar,30,0,0,YES,NO,NO
PART,105,DEMAND_FENCE_1,int,4,10,0,YES,NO,NO
PART,106,DEMAND_FENCE_2,int,4,10,0,YES,NO,NO
PART,107,ROLL_FORECAST,nchar,2,0,0,YES,NO,NO
PART,108,CONSUMABLE,nchar,2,0,0,YES,NO,NO
PART,109,PRIMARY_SOURCE,nchar,6,0,0,YES,NO,NO
PART,110,LABEL_UM,nvarchar,30,0,0,YES,NO,NO
PART,111,HTS_CODE,nvarchar,40,0,0,YES,NO,NO
PART,112,DEF_ORIG_COUNTRY,nvarchar,100,0,0,YES,NO,NO
PART,113,MATERIAL_CODE,nvarchar,50,0,0,YES,NO,NO
PART,114,DEF_LBL_FORMAT_ID,nvarchar,60,0,0,YES,NO,NO
PART,115,VOLATILE_LEADTIME,nchar,2,0,0,YES,NO,NO
PART,116,LT_PLUS_DAYS,int,4,10,0,YES,NO,NO
PART,117,LT_MINUS_DAYS,int,4,10,0,YES,NO,NO
PART,118,STATUS,nchar,2,0,0,YES,NO,NO
PART,119,USE_SUPPLY_BEF_LT,nchar,2,0,0,YES,NO,NO
PART,120,QTY_COMMITTED,decimal,13,20,8,NO,NO,NO
PART,121,intrastat_exempt,nvarchar,2,0,0,NO,NO,NO
PART,122,CASE_QTY,decimal,13,20,8,YES,NO,NO
PART,123,PALLET_QTY,decimal,13,20,8,YES,NO,NO
PART,124,MINIMUM_LEADTIME,smallint,2,5,0,YES,NO,NO
PART,125,LEADTIME_BUFFER,smallint,2,5,0,YES,NO,NO
PART,126,EMERGENCY_STOCKPCT,int,4,10,0,YES,NO,NO
PART,127,REPLENISH_LEVEL,decimal,13,20,8,YES,NO,NO
PART,128,MIN_BATCH_SIZE,decimal,13,20,8,YES,NO,NO
PART,129,EFF_DATE_PRICE,nchar,2,0,0,YES,NO,NO
PART,130,ECN_REVISION,nchar,2,0,0,YES,NO,NO
PART,131,REVISION_ID,nvarchar,16,0,0,YES,NO,NO
PART,132,STAGE_ID,nvarchar,30,0,0,YES,NO,NO
PART,133,ECN_REV_CONTROL,nchar,2,0,0,YES,NO,NO
PART,134,IS_KIT,nchar,2,0,0,NO,NO,NO
PART,135,YELLOW_STOCKPCT,int,4,10,0,YES,NO,NO
PART,136,UNIV_PLAN_MATERIAL,nvarchar,2,0,0,YES,NO,NO
PART,137,RLS_NEAR_DAYS,smallint,2,5,0,YES,NO,NO
PART,138,SUGG_RLS_NEAR_DAYS,smallint,2,5,0,YES,NO,NO
PART,139,ORDER_UP_TO_QTY,decimal,13,20,8,YES,NO,NO
PART,140,LAST_IMPLODE_DATE,datetime,8,23,3,YES,NO,NO
PART,141,STATUS_EFF_DATE,datetime,8,23,3,NO,NO,NO
PART,142,CONTROLLED_BY_ICS,nchar,2,0,0,NO,NO,NO
PART,143,PRICE_GROUP,nvarchar,30,0,0,YES,NO,NO
PART,144,DEF_PACKAGE_QTY,decimal,13,20,8,YES,NO,NO
PART,145,DEF_PACKAGE_CAP,decimal,13,20,8,YES,NO,NO
PART,146,DEF_SLS_TAX_GRP_ID,nvarchar,30,0,0,YES,NO,NO
PART,147,MRO_CLASS,nvarchar,40,0,0,YES,NO,NO
PART,148,BUFFER_PROFILE_ID,nvarchar,30,0,0,YES,NO,NO
PART,149,ADU_HORIZON,smallint,2,5,0,YES,NO,NO
PART,150,ASR_LEADTIME,smallint,2,5,0,YES,NO,NO
PART,151,ONHAND_ALERT_RED_PCT,smallint,2,5,0,YES,NO,NO
PART,152,PROCESS_TYPE,nvarchar,30,0,0,YES,NO,NO
PART,153,BID_RATE_CATEGORY_ID,nvarchar,30,0,0,YES,NO,NO
PART,154,CREATE_DATE,datetime,8,23,3,NO,NO,NO
PART,155,MODIFY_DATE,datetime,8,23,3,YES,NO,NO
PART_ALIAS,1,ROWID,int,4,10,0,NO,YES,NO
PART_ALIAS,2,PART_ID,nvarchar,60,0,0,NO,NO,NO
PART_ALIAS,3,ID,nvarchar,60,0,0,NO,NO,NO
PART_ALIAS,4,DESCRIPTION,nvarchar,100,0,0,YES,NO,NO
PART_ALIAS,5,TYPE,nvarchar,60,0,0,NO,NO,NO
PART_ALIAS_TYPE,1,ROWID,int,4,10,0,NO,YES,NO
PART_ALIAS_TYPE,2,ID,nvarchar,60,0,0,NO,NO,NO
PART_ALIAS_TYPE,3,DESCRIPTION,nvarchar,100,0,0,YES,NO,NO
PART_ALTERNATE,1,ROWID,int,4,10,0,NO,YES,NO
PART_ALTERNATE,2,PART_ID,nvarchar,60,0,0,NO,NO,NO
PART_ALTERNATE,3,ALTERNATE_PART_ID,nvarchar,60,0,0,NO,NO,NO
PART_ALTERNATE,4,RANK,smallint,2,5,0,YES,NO,NO
PART_BINARY,1,ROWID,int,4,10,0,NO,YES,NO
PART_BINARY,2,PART_ID,nvarchar,60,0,0,NO,NO,NO
PART_BINARY,3,TYPE,nchar,2,0,0,NO,NO,NO
PART_BINARY,4,BITS,image,16,0,0,YES,NO,NO
PART_BINARY,5,BITS_LENGTH,int,4,10,0,NO,NO,NO
PART_CO_BINARY,1,ROWID,int,4,10,0,NO,YES,NO
PART_CO_BINARY,2,PART_ID,nvarchar,60,0,0,NO,NO,NO
PART_CO_BINARY,3,TYPE,nchar,2,0,0,NO,NO,NO
PART_CO_BINARY,4,BITS,image,16,0,0,YES,NO,NO
PART_CO_BINARY,5,BITS_LENGTH,int,4,10,0,NO,NO,NO
PART_CROSS_SELLING,1,ROWID,int,4,10,0,NO,YES,NO
PART_CROSS_SELLING,2,PART_ID,nvarchar,60,0,0,NO,NO,NO
PART_CROSS_SELLING,3,CROSS_SELL_PART_ID,nvarchar,60,0,0,NO,NO,NO
PART_LOCATION,1,ROWID,int,4,10,0,NO,YES,NO
PART_LOCATION,2,PART_ID,nvarchar,60,0,0,NO,NO,NO
PART_LOCATION,3,WAREHOUSE_ID,nvarchar,30,0,0,NO,NO,NO
PART_LOCATION,4,LOCATION_ID,nvarchar,30,0,0,NO,NO,NO
PART_LOCATION,5,DESCRIPTION,nvarchar,160,0,0,YES,NO,NO
PART_LOCATION,6,HOLD_REASON_ID,nvarchar,30,0,0,YES,NO,NO
PART_LOCATION,7,QTY,decimal,13,20,8,NO,NO,NO
PART_LOCATION,8,STATUS,nchar,2,0,0,NO,NO,NO
PART_LOCATION,9,LOCKED,nchar,2,0,0,NO,NO,NO
PART_LOCATION,10,TRANSIT,nchar,2,0,0,NO,NO,NO
PART_LOCATION,11,LAST_COUNT_DATE,datetime,8,23,3,YES,NO,NO
PART_LOCATION,12,PURGE_QTY,decimal,13,20,8,YES,NO,NO
PART_LOCATION,13,COMMITTED_QTY,decimal,13,20,8,NO,NO,NO
PART_LOCATION,14,DEF_BACKFLUSH_LOC,nchar,2,0,0,NO,NO,NO
PART_LOCATION,15,AUTO_ISSUE_LOC,nchar,2,0,0,NO,NO,NO
PART_LOCATION,16,DEF_INSPECT_LOC,nchar,2,0,0,NO,NO,NO
PART_LOCATION,17,DC_CLASS_ID,nchar,2,0,0,YES,NO,NO
PART_LOCATION,18,ORDER_POINT,decimal,13,20,8,YES,NO,NO
PART_LOCATION,19,ORDER_UP_TO_QTY,decimal,13,20,8,YES,NO,NO
PART_LOCATION,20,STATUS_EFF_DATE,datetime,8,23,3,NO,NO,NO
PART_LOCATION,21,FROM_HOLD_REASON_ID,nvarchar,30,0,0,YES,NO,NO
PART_MFG_BINARY,1,ROWID,int,4,10,0,NO,YES,NO
PART_MFG_BINARY,2,PART_ID,nvarchar,60,0,0,NO,NO,NO
PART_MFG_BINARY,3,TYPE,nchar,2,0,0,NO,NO,NO
PART_MFG_BINARY,4,BITS,image,16,0,0,YES,NO,NO
PART_MFG_BINARY,5,BITS_LENGTH,int,4,10,0,NO,NO,NO
PART_PO_BINARY,1,ROWID,int,4,10,0,NO,YES,NO
PART_PO_BINARY,2,PART_ID,nvarchar,60,0,0,NO,NO,NO
PART_PO_BINARY,3,TYPE,nchar,2,0,0,NO,NO,NO
PART_PO_BINARY,4,BITS,image,16,0,0,YES,NO,NO
PART_PO_BINARY,5,BITS_LENGTH,int,4,10,0,NO,NO,NO
PART_PRICE_GROUP,1,CODE,nvarchar,30,0,0,NO,NO,NO
PART_PRICE_GROUP,2,ROWID,int,4,10,0,NO,YES,NO
PART_REPLENISHMENT,1,ROWID,int,4,10,0,NO,YES,NO
PART_REPLENISHMENT,2,PART_ID,nvarchar,60,0,0,NO,NO,NO
PART_REPLENISHMENT,3,BEGIN_DATE,datetime,8,23,3,NO,NO,NO
PART_REPLENISHMENT,4,END_DATE,datetime,8,23,3,NO,NO,NO
PART_REPLENISHMENT,5,REPLENISH_LEVEL,decimal,13,20,8,NO,NO,NO
PART_REPLENISHMENT,6,IS_RECURRING,nchar,2,0,0,YES,NO,NO
PART_REPLENISHMENT,7,SITE_ID,nvarchar,30,0,0,NO,NO,NO
PART_SHIPPING,1,ROWID,int,4,10,0,NO,YES,NO
PART_SHIPPING,2,CUSTOMER_ID,nvarchar,30,0,0,NO,NO,NO
PART_SHIPPING,3,SHIPTO_ID,nvarchar,40,0,0,NO,NO,NO
PART_SHIPPING,4,PART_ID,nvarchar,60,0,0,NO,NO,NO
PART_SHIPPING,5,CONTAINER_PART_ID,nvarchar,60,0,0,NO,NO,NO
PART_SHIPPING,6,CONTAINER_UM,nvarchar,30,0,0,YES,NO,NO
PART_SHIPPING,7,CONTAINER_WEIGHT,decimal,9,14,4,YES,NO,NO
PART_SHIPPING,8,STD_PCS_CONTAINER,decimal,13,20,8,YES,NO,NO
PART_SHIPPING,9,SKID_PART_ID,nvarchar,60,0,0,YES,NO,NO
PART_SHIPPING,10,SKID_UM,nvarchar,30,0,0,YES,NO,NO
PART_SHIPPING,11,SKID_WEIGHT,decimal,9,14,4,YES,NO,NO
PART_SHIPPING,12,STD_CONTAINER_SKID,decimal,13,20,8,YES,NO,NO
PART_SHIPPING,13,CONTAINER_TYPE,nvarchar,40,0,0,YES,NO,NO
PART_SHIPPING,14,DEFAULT_CONTAINER,nvarchar,2,0,0,YES,NO,NO
PART_SHIPPING,15,CUST_SHIP_PART_ID,nvarchar,60,0,0,YES,NO,NO
PART_SHIPPING,16,PACKAGE_TYPE,nvarchar,10,0,0,YES,NO,NO
PART_SHIPPING,17,CREATE_INV_TRANS,nchar,2,0,0,YES,NO,NO
PART_SHIPPING,18,DOCK_CODE,nvarchar,40,0,0,YES,NO,NO
PART_SITE,1,ROWID,int,4,10,0,NO,YES,NO
PART_SITE,2,SITE_ID,nvarchar,30,0,0,NO,NO,NO
PART_SITE,3,PART_ID,nvarchar,60,0,0,NO,NO,NO
PART_SITE,4,PLANNING_LEADTIME,smallint,2,5,0,YES,NO,NO
PART_SITE,5,ORDER_POLICY,nchar,2,0,0,YES,NO,NO
PART_SITE,6,ORDER_POINT,decimal,13,20,8,YES,NO,NO
PART_SITE,7,ORDER_UP_TO_QTY,decimal,13,20,8,YES,NO,NO
PART_SITE,8,SAFETY_STOCK_QTY,decimal,13,20,8,YES,NO,NO
PART_SITE,9,FIXED_ORDER_QTY,decimal,13,20,8,YES,NO,NO
PART_SITE,10,DAYS_OF_SUPPLY,smallint,2,5,0,YES,NO,NO
PART_SITE,11,MINIMUM_ORDER_QTY,decimal,13,20,8,YES,NO,NO
PART_SITE,12,MAXIMUM_ORDER_QTY,decimal,13,20,8,YES,NO,NO
PART_SITE,13,ENGINEERING_MSTR,nvarchar,6,0,0,YES,NO,NO
PART_SITE,14,PRODUCT_CODE,nvarchar,30,0,0,YES,NO,NO
PART_SITE,15,FABRICATED,nchar,2,0,0,YES,NO,NO
PART_SITE,16,PURCHASED,nchar,2,0,0,YES,NO,NO
PART_SITE,17,STOCKED,nchar,2,0,0,YES,NO,NO
PART_SITE,18,DETAIL_ONLY,nchar,2,0,0,YES,NO,NO
PART_SITE,19,DEMAND_HISTORY,nchar,2,0,0,YES,NO,NO
PART_SITE,20,TOOL_OR_FIXTURE,nchar,2,0,0,YES,NO,NO
PART_SITE,21,CONSUMABLE,nchar,2,0,0,YES,NO,NO
PART_SITE,22,INSPECTION_REQD,nchar,2,0,0,YES,NO,NO
PART_SITE,23,DEMAND_FENCE_1,int,4,10,0,YES,NO,NO
PART_SITE,24,DEMAND_FENCE_2,int,4,10,0,YES,NO,NO
PART_SITE,25,PLANNER_USER_ID,nvarchar,40,0,0,YES,NO,NO
PART_SITE,26,BUYER_USER_ID,nvarchar,40,0,0,YES,NO,NO
PART_SITE,27,ABC_CODE,nchar,2,0,0,YES,NO,NO
PART_SITE,28,ANNUAL_USAGE_QTY,decimal,13,20,8,YES,NO,NO
PART_SITE,29,INVENTORY_LOCKED,nchar,2,0,0,YES,NO,NO
PART_SITE,30,PREF_VENDOR_ID,nvarchar,30,0,0,YES,NO,NO
PART_SITE,31,PRIMARY_WHS_ID,nvarchar,30,0,0,YES,NO,NO
PART_SITE,32,PRIMARY_LOC_ID,nvarchar,30,0,0,YES,NO,NO
PART_SITE,33,BACKFLUSH_WHS_ID,nvarchar,30,0,0,YES,NO,NO
PART_SITE,34,BACKFLUSH_LOC_ID,nvarchar,30,0,0,YES,NO,NO
PART_SITE,35,INSPECT_WHS_ID,nvarchar,30,0,0,YES,NO,NO
PART_SITE,36,INSPECT_LOC_ID,nvarchar,30,0,0,YES,NO,NO
PART_SITE,37,MRP_REQUIRED,nchar,2,0,0,YES,NO,NO
PART_SITE,38,MRP_EXCEPTIONS,nchar,2,0,0,YES,NO,NO
PART_SITE,39,AUTO_BACKFLUSH,nchar,2,0,0,YES,NO,NO
PART_SITE,40,UNIT_PRICE,decimal,13,22,8,YES,NO,NO
PART_SITE,41,EFF_DATE_PRICE,nchar,2,0,0,YES,NO,NO
PART_SITE,42,UNIT_MATERIAL_COST,decimal,13,22,8,NO,NO,NO
PART_SITE,43,UNIT_LABOR_COST,decimal,13,22,8,NO,NO,NO
PART_SITE,44,WHSALE_UNIT_COST,decimal,13,22,8,YES,NO,NO
PART_SITE,45,BURDEN_PERCENT,decimal,5,5,2,NO,NO,NO
PART_SITE,46,BURDEN_PER_UNIT,decimal,13,22,8,NO,NO,NO
PART_SITE,47,EXCISE_UNIT_PRICE,decimal,13,22,8,YES,NO,NO
PART_SITE,48,PURC_BUR_PERCENT,decimal,5,6,3,NO,NO,NO
PART_SITE,49,UNIT_BURDEN_COST,decimal,13,22,8,NO,NO,NO
PART_SITE,50,FIXED_COST,decimal,13,23,8,NO,NO,NO
PART_SITE,51,UNIT_SERVICE_COST,decimal,13,22,8,NO,NO,NO
PART_SITE,52,NEW_MATERIAL_COST,decimal,13,23,8,NO,NO,NO
PART_SITE,53,NEW_LABOR_COST,decimal,13,23,8,NO,NO,NO
PART_SITE,54,NEW_BURDEN_COST,decimal,13,23,8,NO,NO,NO
PART_SITE,55,NEW_SERVICE_COST,decimal,13,23,8,NO,NO,NO
PART_SITE,56,NEW_BURDEN_PERCENT,decimal,5,5,2,NO,NO,NO
PART_SITE,57,NEW_BURDEN_PERUNIT,decimal,13,22,8,NO,NO,NO
PART_SITE,58,PURC_BUR_PER_UNIT,decimal,13,22,8,NO,NO,NO
PART_SITE,59,NEW_FIXED_COST,decimal,13,23,8,NO,NO,NO
PART_SITE,60,MAT_GL_ACCT_ID,nvarchar,60,0,0,YES,NO,NO
PART_SITE,61,LAB_GL_ACCT_ID,nvarchar,60,0,0,YES,NO,NO
PART_SITE,62,BUR_GL_ACCT_ID,nvarchar,60,0,0,YES,NO,NO
PART_SITE,63,SER_GL_ACCT_ID,nvarchar,60,0,0,YES,NO,NO
PART_SITE,64,QTY_ON_HAND,decimal,13,20,8,NO,NO,NO
PART_SITE,65,QTY_AVAILABLE_ISS,decimal,13,20,8,NO,NO,NO
PART_SITE,66,QTY_AVAILABLE_MRP,decimal,13,20,8,NO,NO,NO
PART_SITE,67,QTY_ON_ORDER,decimal,13,20,8,NO,NO,NO
PART_SITE,68,QTY_IN_DEMAND,decimal,13,20,8,NO,NO,NO
PART_SITE,69,QTY_COMMITTED,decimal,13,20,8,NO,NO,NO
PART_SITE,70,TARIFF_CODE,nvarchar,30,0,0,YES,NO,NO
PART_SITE,71,TARIFF_TYPE,nvarchar,40,0,0,YES,NO,NO
PART_SITE,72,VAT_CODE,nvarchar,30,0,0,YES,NO,NO
PART_SITE,73,ORIG_COUNTRY_ID,nvarchar,30,0,0,YES,NO,NO
PART_SITE,74,INTRASTAT_EXEMPT,nvarchar,2,0,0,NO,NO,NO
PART_SITE,75,STATUS,nchar,2,0,0,YES,NO,NO
PART_SITE,76,STATUS_EFF_DATE,datetime,8,23,3,YES,NO,NO
PART_SITE,77,USE_SUPPLY_BEF_LT,nchar,2,0,0,YES,NO,NO
PART_SITE,78,MINIMUM_LEADTIME,smallint,2,5,0,YES,NO,NO
PART_SITE,79,LEADTIME_BUFFER,smallint,2,5,0,YES,NO,NO
PART_SITE,80,EMERGENCY_STOCKPCT,int,4,10,0,YES,NO,NO
PART_SITE,81,REPLENISH_LEVEL,decimal,13,20,8,YES,NO,NO
PART_SITE,82,MIN_BATCH_SIZE,decimal,13,20,8,YES,NO,NO
PART_SITE,83,YELLOW_STOCKPCT,int,4,10,0,YES,NO,NO
PART_SITE,84,MRP_EXCEPTION_INFO,nvarchar,160,0,0,YES,NO,NO
PART_SITE,85,MULTIPLE_ORDER_QTY,decimal,13,20,8,YES,NO,NO
PART_SITE,86,LAST_IMPLODE_DATE,datetime,8,23,3,YES,NO,NO
PART_SITE,87,MRO_CLASS,nvarchar,40,0,0,YES,NO,NO
PART_SITE,88,UDF_LAYOUT_ID,nvarchar,30,0,0,YES,NO,NO
PART_SITE,89,USER_1,nvarchar,160,0,0,YES,NO,NO
PART_SITE,90,USER_2,nvarchar,160,0,0,YES,NO,NO
PART_SITE,91,USER_3,nvarchar,160,0,0,YES,NO,NO
PART_SITE,92,USER_4,nvarchar,160,0,0,YES,NO,NO
PART_SITE,93,USER_5,nvarchar,160,0,0,YES,NO,NO
PART_SITE,94,USER_6,nvarchar,160,0,0,YES,NO,NO
PART_SITE,95,USER_7,nvarchar,160,0,0,YES,NO,NO
PART_SITE,96,USER_8,nvarchar,160,0,0,YES,NO,NO
PART_SITE,97,USER_9,nvarchar,160,0,0,YES,NO,NO
PART_SITE,98,USER_10,nvarchar,160,0,0,YES,NO,NO
PART_SITE,99,BUFFER_PROFILE_ID,nvarchar,30,0,0,YES,NO,NO
PART_SITE,100,ADU_HORIZON,smallint,2,5,0,YES,NO,NO
PART_SITE,101,ASR_LEADTIME,smallint,2,5,0,YES,NO,NO
PART_SITE,102,ONHAND_ALERT_RED_PCT,smallint,2,5,0,YES,NO,NO
PART_SITE,103,LAST_ABC_DATE,datetime,8,23,3,YES,NO,NO
PART_SITE,104,PROCESS_TYPE,nvarchar,30,0,0,YES,NO,NO
PART_SITE,105,BID_RATE_CATEGORY_ID,nvarchar,30,0,0,YES,NO,NO
PART_SITE,106,CREATE_DATE,datetime,8,23,3,NO,NO,NO
PART_SITE,107,MODIFY_DATE,datetime,8,23,3,YES,NO,NO
PART_SITE,108,IS_RATE_BASED,nchar,2,0,0,NO,NO,NO
PART_SUBSTITUTE,1,ROWID,int,4,10,0,NO,YES,NO
PART_SUBSTITUTE,2,PART_ID,nvarchar,60,0,0,NO,NO,NO
PART_SUBSTITUTE,3,SUBSTITUTE_PART_ID,nvarchar,60,0,0,NO,NO,NO
PART_SUBSTITUTE,4,RANK,smallint,2,5,0,YES,NO,NO
PART_SYNC,1,ROWID,int,4,10,0,NO,YES,NO
PART_SYNC,2,EVENT_ID,int,4,10,0,NO,NO,NO
PART_SYNC,3,TYPE,nchar,2,0,0,NO,NO,NO
PART_SYNC,4,CREATE_DATE,datetime,8,23,3,NO,NO,NO
PART_SYNC,5,PART_ID,nvarchar,60,0,0,NO,NO,NO
PART_SYNC,6,EXCEPTION,nchar,2,0,0,NO,NO,NO
PART_SYNC,7,SUBSCRIPTIONS,int,4,10,0,NO,NO,NO
PART_TRACE_LOCATION,1,ROWID,int,4,10,0,NO,YES,NO
PART_TRACE_LOCATION,2,PART_ID,nvarchar,60,0,0,NO,NO,NO
PART_TRACE_LOCATION,3,WAREHOUSE_ID,nvarchar,30,0,0,NO,NO,NO
PART_TRACE_LOCATION,4,LOCATION_ID,nvarchar,30,0,0,NO,NO,NO
PART_TRACE_LOCATION,5,TRACE_ID,nvarchar,60,0,0,NO,NO,NO
PART_TRACE_LOCATION,6,QTY,decimal,13,20,8,NO,NO,NO
PART_UNITS_CONV,1,ROWID,int,4,10,0,NO,YES,NO
PART_UNITS_CONV,2,PART_ID,nvarchar,60,0,0,NO,NO,NO
PART_UNITS_CONV,3,FROM_UM,nvarchar,30,0,0,NO,NO,NO
PART_UNITS_CONV,4,TO_UM,nvarchar,30,0,0,NO,NO,NO
PART_UNITS_CONV,5,CONVERSION_FACTOR,decimal,9,15,8,NO,NO,NO
PART_WAREHOUSE,1,ROWID,int,4,10,0,NO,YES,NO
PART_WAREHOUSE,2,WAREHOUSE_ID,nvarchar,30,0,0,NO,NO,NO
PART_WAREHOUSE,3,PART_ID,nvarchar,60,0,0,NO,NO,NO
PART_WAREHOUSE,4,MIN_INV_QTY,decimal,13,20,8,NO,NO,NO
PART_WAREHOUSE,5,COMMITTED_CO,decimal,13,20,8,NO,NO,NO
PART_WAREHOUSE,6,COMMITTED_REQ,decimal,13,20,8,NO,NO,NO
PART_WAREHOUSE,7,COMMITTED_PLREQ,decimal,13,20,8,NO,NO,NO
PART_WAREHOUSE,8,COMMITTED_IBT,decimal,13,20,8,NO,NO,NO
PART_WAREHOUSE,9,AVAILABLE_QTY,decimal,13,20,8,NO,NO,NO
PART_WAREHOUSE,10,EXPECTED_PO,decimal,13,20,8,NO,NO,NO
PART_WAREHOUSE,11,EXPECTED_WO,decimal,13,20,8,NO,NO,NO
PART_WAREHOUSE,12,EXPECTED_PL,decimal,13,20,8,NO,NO,NO
PART_WAREHOUSE,13,EXPECTED_IBT,decimal,13,20,8,NO,NO,NO
PART_WAREHOUSE,14,EXPECT_COMMIT_CO,decimal,13,20,8,NO,NO,NO
PART_WAREHOUSE,15,EXPECT_COMMIT_REQ,decimal,13,20,8,NO,NO,NO
PART_WAREHOUSE,16,EXPECT_COMMIT_PLR,decimal,13,20,8,NO,NO,NO
PART_WAREHOUSE,17,EXPECT_COMMIT_IBT,decimal,13,20,8,NO,NO,NO
PART_WAREHOUSE,18,UNALLOC_DEMAND_QTY,decimal,13,20,8,NO,NO,NO
PART_WAREHOUSE,19,OUTBOUND_QTY,decimal,13,20,8,NO,NO,NO
PART_WAREHOUSE,20,ON_HOLD_QTY,decimal,13,20,8,NO,NO,NO
PART_WAREHOUSE,21,LOCKED_QTY,decimal,13,20,8,NO,NO,NO
PART_WAREHOUSE,22,UNAVAILABLE_QTY,decimal,13,20,8,NO,NO,NO
PART_WAREHOUSE,23,AUTO_CREATE,nchar,2,0,0,NO,NO,NO
PART_WAREHOUSE,24,SOURCE_TYPE,nchar,2,0,0,YES,NO,NO
PART_WAREHOUSE,25,SOURCE_ID,nvarchar,30,0,0,YES,NO,NO
PART_WAREHOUSE,26,PLANNING_LEADTIME,smallint,2,5,0,NO,NO,NO
PART_WAREHOUSE,27,ORDER_POLICY,nchar,2,0,0,NO,NO,NO
PART_WAREHOUSE,28,ORDER_POINT,decimal,13,20,8,YES,NO,NO
PART_WAREHOUSE,29,SAFETY_STOCK_QTY,decimal,13,20,8,YES,NO,NO
PART_WAREHOUSE,30,FIXED_ORDER_QTY,decimal,13,20,8,YES,NO,NO
PART_WAREHOUSE,31,DAYS_OF_SUPPLY,smallint,2,5,0,YES,NO,NO
PART_WAREHOUSE,32,MINIMUM_ORDER_QTY,decimal,13,20,8,YES,NO,NO
PART_WAREHOUSE,33,MAXIMUM_ORDER_QTY,decimal,13,20,8,YES,NO,NO
PART_WAREHOUSE,34,PLANNER_USER_ID,nvarchar,40,0,0,YES,NO,NO
PART_WAREHOUSE,35,BUYER_USER_ID,nvarchar,40,0,0,YES,NO,NO
PART_WAREHOUSE,36,ANNUAL_USAGE_QTY,decimal,13,20,8,YES,NO,NO
PART_WAREHOUSE,37,MULTIPLE_ORDER_QTY,decimal,13,20,8,YES,NO,NO
PART_WAREHOUSE,38,DEMAND_FENCE_1,int,4,10,0,YES,NO,NO
PART_WAREHOUSE,39,DEMAND_FENCE_2,int,4,10,0,YES,NO,NO
PART_WAREHOUSE,40,MRP_EXCEPTIONS,nchar,2,0,0,YES,NO,NO
PART_WAREHOUSE,41,MRP_EXCEPTION_INFO,nvarchar,160,0,0,YES,NO,NO
PART_WAREHOUSE,42,MRP_REQUIRED,nchar,2,0,0,YES,NO,NO
PART_WAREHOUSE,43,MINIMUM_LEADTIME,smallint,2,5,0,YES,NO,NO
PART_WAREHOUSE,44,LEADTIME_BUFFER,smallint,2,5,0,YES,NO,NO
PART_WAREHOUSE,45,EMERGENCY_STOCKPCT,int,4,10,0,YES,NO,NO
PART_WAREHOUSE,46,YELLOW_STOCKPCT,int,4,10,0,YES,NO,NO
PART_WAREHOUSE,47,REPLENISH_LEVEL,decimal,13,20,8,YES,NO,NO
PART_WAREHOUSE,48,ORDER_UP_TO_QTY,decimal,13,20,8,YES,NO,NO
PART_WAREHOUSE,49,COUNT_SEQUENCE,int,4,10,0,NO,NO,NO
PART_WAREHOUSE,50,BUFFER_PROFILE_ID,nvarchar,30,0,0,YES,NO,NO
PART_WAREHOUSE,51,ADU_HORIZON,smallint,2,5,0,YES,NO,NO
PART_WAREHOUSE,52,ASR_LEADTIME,smallint,2,5,0,YES,NO,NO
PART_WAREHOUSE,53,ONHAND_ALERT_RED_PCT,smallint,2,5,0,YES,NO,NO
PART_WHS_REPLENISH,1,ROWID,int,4,10,0,NO,YES,NO
PART_WHS_REPLENISH,2,PART_ID,nvarchar,60,0,0,NO,NO,NO
PART_WHS_REPLENISH,3,WAREHOUSE_ID,nvarchar,30,0,0,NO,NO,NO
PART_WHS_REPLENISH,4,BEGIN_DATE,datetime,8,23,3,NO,NO,NO
PART_WHS_REPLENISH,5,END_DATE,datetime,8,23,3,NO,NO,NO
PART_WHS_REPLENISH,6,REPLENISH_LEVEL,decimal,13,20,8,NO,NO,NO
PART_WHS_REPLENISH,7,IS_RECURRING,nchar,2,0,0,YES,NO,NO
PASSWORD_CONFIG,1,ROWID,int,4,10,0,NO,YES,NO
PASSWORD_CONFIG,2,USE_DIFF_PASS,nchar,2,0,0,YES,NO,NO
PASSWORD_CONFIG,3,RETIRE_PASSWORD,nchar,2,0,0,YES,NO,NO
PASSWORD_CONFIG,4,RETIRE_PASS_DAYS,int,4,10,0,YES,NO,NO
PASSWORD_CONFIG,5,REUSE_PASSWORD,nchar,2,0,0,YES,NO,NO
PASSWORD_CONFIG,6,REUSE_AFTER,int,4,10,0,YES,NO,NO
PASSWORD_CONFIG,7,MINIMUM_LENGTH,smallint,2,5,0,YES,NO,NO
PASSWORD_CONFIG,8,MINIMUM_DIGITS,smallint,2,5,0,YES,NO,NO
PASSWORD_CONFIG,9,MINIMUM_LETTERS,smallint,2,5,0,YES,NO,NO
PASSWORD_CONFIG,10,MINIMUM_UPPER,smallint,2,5,0,YES,NO,NO
PASSWORD_CONFIG,11,MINIMUM_LOWER,smallint,2,5,0,YES,NO,NO
PASSWORD_CONFIG,12,MINIMUM_SPECIAL,smallint,2,5,0,YES,NO,NO
PASSWORD_CONFIG,13,RETRIES_ALLOWED,smallint,2,5,0,YES,NO,NO
PASSWORD_CONFIG,14,MINS_BEFORE_RETRY,smallint,2,5,0,YES,NO,NO
PASSWORD_CONFIG,15,PASSWORD_RESET,nchar,2,0,0,YES,NO,NO
PAYABLE,1,ROWID,int,4,10,0,NO,YES,NO
PAYABLE,2,VOUCHER_ID,nvarchar,30,0,0,NO,NO,NO
PAYABLE,3,VENDOR_ID,nvarchar,30,0,0,YES,NO,NO
PAYABLE,4,INVOICE_ID,nvarchar,30,0,0,NO,NO,NO
PAYABLE,5,TYPE,nchar,2,0,0,NO,NO,NO
PAYABLE,6,INVOICE_DATE,datetime,8,23,3,NO,NO,NO
PAYABLE,7,PAYMENT_DATE,datetime,8,23,3,YES,NO,NO
PAYABLE,8,LAST_PAID_DATE,datetime,8,23,3,YES,NO,NO
PAYABLE,9,ZERO_DATE,datetime,8,23,3,YES,NO,NO
PAYABLE,10,CREATE_DATE,datetime,8,23,3,NO,NO,NO
PAYABLE,11,USER_ID,nvarchar,40,0,0,YES,NO,NO
PAYABLE,12,PAY_STATUS,nchar,2,0,0,NO,NO,NO
PAYABLE,13,TOTAL_AMOUNT,decimal,13,23,8,NO,NO,NO
PAYABLE,14,PAID_AMOUNT,decimal,13,23,8,NO,NO,NO
PAYABLE,15,DISCOUNT_TAKEN,decimal,13,23,8,NO,NO,NO
PAYABLE,16,AUTHORIZED_PAYMENT,decimal,13,23,8,YES,NO,NO
PAYABLE,17,TERMS_NET_TYPE,nchar,2,0,0,NO,NO,NO
PAYABLE,18,TERMS_NET_DAYS,smallint,2,5,0,YES,NO,NO
PAYABLE,19,TERMS_NET_DATE,datetime,8,23,3,YES,NO,NO
PAYABLE,20,TERMS_DISC_TYPE,nchar,2,0,0,NO,NO,NO
PAYABLE,21,TERMS_DISC_DAYS,smallint,2,5,0,YES,NO,NO
PAYABLE,22,TERMS_DISC_DATE,datetime,8,23,3,YES,NO,NO
PAYABLE,23,TERMS_DISC_PERCENT,decimal,5,5,3,YES,NO,NO
PAYABLE,24,TERMS_DESCRIPTION,nvarchar,160,0,0,YES,NO,NO
PAYABLE,25,REPORT_1099_MISC,nchar,2,0,0,NO,NO,NO
PAYABLE,26,SELL_RATE,decimal,9,15,8,NO,NO,NO
PAYABLE,27,BUY_RATE,decimal,9,15,8,NO,NO,NO
PAYABLE,28,POSTING_DATE,datetime,8,23,3,NO,NO,NO
PAYABLE,29,SITE_ID,nvarchar,30,0,0,NO,NO,NO
PAYABLE,30,CUST_ORDER_ID,nvarchar,30,0,0,YES,NO,NO
PAYABLE,31,PAYB_GL_ACCT_ID,nvarchar,60,0,0,NO,NO,NO
PAYABLE,32,MARKED_FOR_PURGE,nchar,2,0,0,NO,NO,NO
PAYABLE,33,NEW_SELL_RATE,decimal,9,15,8,YES,NO,NO
PAYABLE,34,NEW_BUY_RATE,decimal,9,15,8,YES,NO,NO
PAYABLE,35,VAT_BOOK_CODE,nvarchar,10,0,0,YES,NO,NO
PAYABLE,36,VAT_REPORT_NO,int,4,10,0,YES,NO,NO
PAYABLE,37,VAT_FILENAME,nvarchar,30,0,0,YES,NO,NO
PAYABLE,38,WITHHOLDING_CODE,nvarchar,30,0,0,YES,NO,NO
PAYABLE,39,WITHHELD_AMOUNT,decimal,13,23,8,NO,NO,NO
PAYABLE,40,WH_ALLOWED_AMOUNT,decimal,13,23,8,NO,NO,NO
PAYABLE,41,REMIT_ADDR_NO,int,4,10,0,YES,NO,NO
PAYABLE,42,CURRENCY_ID,nvarchar,30,0,0,NO,NO,NO
PAYABLE,43,USER_EXCH_RATE,nchar,2,0,0,NO,NO,NO
PAYABLE,44,VOID_DATE,datetime,8,23,3,YES,NO,NO
PAYABLE,45,COMM_INVOICE_ID,nvarchar,30,0,0,YES,NO,NO
PAYABLE,46,COMM_PAID_AMOUNT,decimal,13,23,8,YES,NO,NO
PAYABLE,47,LANDED_COST_INV,nchar,2,0,0,YES,NO,NO
PAYABLE,48,ACT_RATE_ID,nvarchar,30,0,0,YES,NO,NO
PAYABLE,49,ACT_PERIOD_ID,nvarchar,30,0,0,YES,NO,NO
PAYABLE,50,RETRO_RATE_ID,nvarchar,30,0,0,YES,NO,NO
PAYABLE,51,RETRO_PERIOD_ID,nvarchar,30,0,0,YES,NO,NO
PAYABLE,52,RETRO_RATE_CODE,nchar,2,0,0,YES,NO,NO
PAYABLE,53,POSTING_CANDIDATE,nchar,2,0,0,NO,NO,NO
PAYABLE,54,STATUS_EFF_DATE,datetime,8,23,3,NO,NO,NO
PAYABLE,55,TERMS_ID,nvarchar,30,0,0,YES,NO,NO
PAYABLE,56,USER_DIMENSION_1,nvarchar,30,0,0,YES,NO,NO
PAYABLE,57,USER_DIMENSION_2,nvarchar,30,0,0,YES,NO,NO
PAYABLE_BINARY,1,ROWID,int,4,10,0,NO,YES,NO
PAYABLE_BINARY,2,VOUCHER_ID,nvarchar,30,0,0,NO,NO,NO
PAYABLE_BINARY,3,TYPE,nchar,2,0,0,NO,NO,NO
PAYABLE_BINARY,4,BITS,image,16,0,0,YES,NO,NO
PAYABLE_BINARY,5,BITS_LENGTH,int,4,10,0,NO,NO,NO
PAYABLE_CURR,1,ROWID,int,4,10,0,NO,YES,NO
PAYABLE_CURR,2,VOUCHER_ID,nvarchar,30,0,0,NO,NO,NO
PAYABLE_CURR,3,CURRENCY_ID,nvarchar,30,0,0,NO,NO,NO
PAYABLE_CURR,4,AMOUNT,decimal,13,23,8,NO,NO,NO
PAYABLE_CURR,5,SELL_RATE,decimal,9,15,8,NO,NO,NO
PAYABLE_CURR,6,BUY_RATE,decimal,9,15,8,NO,NO,NO
PAYABLE_DIST,1,ROWID,int,4,10,0,NO,YES,NO
PAYABLE_DIST,2,VOUCHER_ID,nvarchar,30,0,0,NO,NO,NO
PAYABLE_DIST,3,DIST_NO,smallint,2,5,0,NO,NO,NO
PAYABLE_DIST,4,ENTRY_NO,smallint,2,5,0,NO,NO,NO
PAYABLE_DIST,5,AMOUNT,decimal,13,23,8,NO,NO,NO
PAYABLE_DIST,6,AMOUNT_TYPE,nchar,4,0,0,NO,NO,NO
PAYABLE_DIST,7,GL_ACCOUNT_ID,nvarchar,60,0,0,NO,NO,NO
PAYABLE_DIST,8,NATIVE_AMOUNT,decimal,13,23,8,NO,NO,NO
PAYABLE_DIST,9,POSTING_DATE,datetime,8,23,3,NO,NO,NO
PAYABLE_DIST,10,POSTING_STATUS,nchar,2,0,0,NO,NO,NO
PAYABLE_DIST,11,BATCH_ID,nvarchar,30,0,0,YES,NO,NO
PAYABLE_DIST,12,CREATE_DATE,datetime,8,23,3,NO,NO,NO
PAYABLE_DIST,13,SITE_ID,nvarchar,30,0,0,NO,NO,NO
PAYABLE_DIST,14,CURRENCY_ID,nvarchar,30,0,0,NO,NO,NO
PAYABLE_DIST,15,NATIVE,nchar,2,0,0,YES,NO,NO
PAYABLE_INST,1,ROWID,int,4,10,0,NO,YES,NO
PAYABLE_INST,2,VOUCHER_ID,nvarchar,30,0,0,NO,NO,NO
PAYABLE_INST,3,INST_NO,smallint,2,5,0,NO,NO,NO
PAYABLE_INST,4,DUE_DATE,datetime,8,23,3,NO,NO,NO
PAYABLE_INST,5,TOTAL_AMOUNT,decimal,13,23,8,NO,NO,NO
PAYABLE_INST,6,PAID_AMOUNT,decimal,13,23,8,YES,NO,NO
PAYABLE_INST,7,LAST_PAID_DATE,datetime,8,23,3,YES,NO,NO
PAYABLE_INST,8,ZERO_DATE,datetime,8,23,3,YES,NO,NO
PAYABLE_INST,9,PAY_STATUS,nchar,2,0,0,NO,NO,NO
PAYABLE_INST,10,PAYMENT_DATE,datetime,8,23,3,YES,NO,NO
PAYABLE_INST,11,AUTHORIZED_PAYMENT,decimal,13,23,8,YES,NO,NO
PAYABLE_LINE,1,ROWID,int,4,10,0,NO,YES,NO
PAYABLE_LINE,2,VOUCHER_ID,nvarchar,30,0,0,NO,NO,NO
PAYABLE_LINE,3,LINE_NO,smallint,2,5,0,NO,NO,NO
PAYABLE_LINE,4,REFERENCE,nvarchar,500,0,0,YES,NO,NO
PAYABLE_LINE,5,PURC_ORDER_ID,nvarchar,30,0,0,YES,NO,NO
PAYABLE_LINE,6,PURC_ORDER_LINE_NO,smallint,2,5,0,YES,NO,NO
PAYABLE_LINE,7,RECEIVER_ID,nvarchar,30,0,0,YES,NO,NO
PAYABLE_LINE,8,RECEIVER_LINE_NO,smallint,2,5,0,YES,NO,NO
PAYABLE_LINE,9,QTY,decimal,13,20,8,YES,NO,NO
PAYABLE_LINE,10,AMOUNT,decimal,13,23,8,NO,NO,NO
PAYABLE_LINE,11,VAT_PERCENT,decimal,5,6,3,YES,NO,NO
PAYABLE_LINE,12,VAT_AMOUNT,decimal,13,23,8,YES,NO,NO
PAYABLE_LINE,13,VAT_GL_ACCT_ID,nvarchar,60,0,0,YES,NO,NO
PAYABLE_LINE,14,FIXED_CHARGE,decimal,13,23,8,NO,NO,NO
PAYABLE_LINE,15,DISC_ALLOWED,nchar,2,0,0,NO,NO,NO
PAYABLE_LINE,16,GL_ACCOUNT_ID,nvarchar,60,0,0,NO,NO,NO
PAYABLE_LINE,17,PO_ACT_FREIGHT,decimal,13,23,8,YES,NO,NO
PAYABLE_LINE,18,PO_RECV_QTY,decimal,13,20,8,YES,NO,NO
PAYABLE_LINE,19,PO_DISC_PERCENT,decimal,5,6,3,YES,NO,NO
PAYABLE_LINE,20,PO_GL_ACCOUNT_ID,nvarchar,60,0,0,YES,NO,NO
PAYABLE_LINE,21,WORKORDER_TYPE,nchar,2,0,0,YES,NO,NO
PAYABLE_LINE,22,WORKORDER_BASE_ID,nvarchar,60,0,0,YES,NO,NO
PAYABLE_LINE,23,WORKORDER_LOT_ID,nvarchar,6,0,0,YES,NO,NO
PAYABLE_LINE,24,WORKORDER_SPLIT_ID,nvarchar,6,0,0,YES,NO,NO
PAYABLE_LINE,25,WORKORDER_SUB_ID,nvarchar,6,0,0,YES,NO,NO
PAYABLE_LINE,26,COST_CATEGORY,nchar,2,0,0,NO,NO,NO
PAYABLE_LINE,27,VAT_CODE,nvarchar,30,0,0,YES,NO,NO
PAYABLE_LINE,28,VAT_RCV_PERCENT,decimal,5,6,3,YES,NO,NO
PAYABLE_LINE,29,VAT_RCV_AMOUNT,decimal,13,23,8,YES,NO,NO
PAYABLE_LINE,30,VAT_RCV_GL_ACCT_ID,nvarchar,60,0,0,YES,NO,NO
PAYABLE_LINE,31,WITHHOLD_TYPE,nchar,2,0,0,YES,NO,NO
PAYABLE_LINE,32,PO_UNIT_PRICE,decimal,13,22,8,YES,NO,NO
PAYABLE_LINE,33,HTS_CODE,nvarchar,40,0,0,YES,NO,NO
PAYABLE_LINE,34,ORIG_COUNTRY_ID,nvarchar,100,0,0,YES,NO,NO
PAYABLE_LINE,35,DUTY_PERCENT,decimal,5,6,3,YES,NO,NO
PAYABLE_LINE,36,DUTY_AMOUNT,decimal,13,23,8,YES,NO,NO
PAYABLE_LINE,37,DUTY_GL_ACCT_ID,nvarchar,60,0,0,YES,NO,NO
PAYABLE_LINE,38,vat_category,nvarchar,30,0,0,YES,NO,NO
PAYABLE_LINE,39,WBS_CODE,nvarchar,60,0,0,YES,NO,NO
PAYABLE_LINE,40,PROJECT_ID,nvarchar,30,0,0,YES,NO,NO
PAYABLE_LINE,41,GL_OVERRIDE_ACCT,nvarchar,60,0,0,YES,NO,NO
PAYABLE_LINE,42,COST_CATEGORY_ID,nvarchar,30,0,0,YES,NO,NO
PAYABLE_LINE,43,DEPARTMENT_ID,nvarchar,30,0,0,YES,NO,NO
PAYABLE_LINE,44,PROJ_REF_SEQ_NO,smallint,2,5,0,YES,NO,NO
PAYABLE_LINE,45,PROJ_REF_SUB_ID,nvarchar,6,0,0,YES,NO,NO
PAYABLE_LINE,46,ACT_BURDEN_COST,decimal,13,23,8,YES,NO,NO
PAYABLE_LINE,47,ACT_PO_UNIT_PRICE,decimal,13,22,8,YES,NO,NO
PAYABLE_LINE,48,FT_TYPE,nchar,2,0,0,YES,NO,NO
PAYABLE_LINE,49,USER_DIMENSION_1,nvarchar,30,0,0,YES,NO,NO
PAYABLE_LINE,50,USER_DIMENSION_2,nvarchar,30,0,0,YES,NO,NO
PAYABLE_LINE,51,CUST_ORDER_ID,nvarchar,30,0,0,YES,NO,NO
PAYABLE_LINE,52,PRODUCT_CODE,nvarchar,30,0,0,YES,NO,NO
PAYABLE_LINE,53,VAT_IE_PERCENT,decimal,5,6,3,YES,NO,NO
PAYABLE_LINE,54,VAT_IE_AMOUNT,decimal,13,23,8,YES,NO,NO
PAYABLE_LINE,55,VAT_IE_DR_GL_ACCT_ID,nvarchar,60,0,0,YES,NO,NO
PAYABLE_LINE,56,VAT_IE_CR_GL_ACCT_ID,nvarchar,60,0,0,YES,NO,NO
PAYB_LINE_CURR,1,ROWID,int,4,10,0,NO,YES,NO
PAYB_LINE_CURR,2,VOUCHER_ID,nvarchar,30,0,0,NO,NO,NO
PAYB_LINE_CURR,3,LINE_NO,smallint,2,5,0,NO,NO,NO
PAYB_LINE_CURR,4,CURRENCY_ID,nvarchar,30,0,0,NO,NO,NO
PAYB_LINE_CURR,5,AMOUNT,decimal,13,23,8,NO,NO,NO
PAYB_LINE_CURR,6,SELL_RATE,decimal,9,15,8,NO,NO,NO
PAYB_LINE_CURR,7,BUY_RATE,decimal,9,15,8,NO,NO,NO
PAYB_LINE_CURR,8,ACT_MATERIAL_COST_MFG,decimal,13,23,8,YES,NO,NO
PAYB_LINE_CURR,9,ACT_LABOR_COST_MFG,decimal,13,23,8,YES,NO,NO
PAYB_LINE_CURR,10,ACT_BURDEN_COST_MFG,decimal,13,23,8,YES,NO,NO
PAYB_LINE_CURR,11,ACT_SERVICE_COST_MFG,decimal,13,23,8,YES,NO,NO
PERIOD,1,ROWID,int,4,10,0,NO,YES,NO
PERIOD,2,ID,nvarchar,30,0,0,NO,NO,NO
PERIOD,3,DESCRIPTION,nvarchar,160,0,0,YES,NO,NO
PERIOD,4,START_DATE,datetime,8,23,3,NO,NO,NO
PERIOD,5,END_DATE,datetime,8,23,3,NO,NO,NO
PERIOD,6,USE_TRANS_RATES,nchar,2,0,0,NO,NO,NO
PERIOD,7,ACT_RATE_ID,nvarchar,30,0,0,YES,NO,NO
PERIOD,8,SITE_ID,nvarchar,30,0,0,NO,NO,NO
PERSON,1,ROWID,int,4,10,0,NO,YES,NO
PERSON,2,ID,nvarchar,40,0,0,NO,NO,NO
PERSON,3,NAME,nvarchar,100,0,0,YES,NO,NO
PERSON,4,IS_APPROVER,nchar,2,0,0,NO,NO,NO
PERSON,5,IS_BUYER,nchar,2,0,0,NO,NO,NO
PERSON,6,IS_PLANNER,nchar,2,0,0,NO,NO,NO
PERSON,7,IS_REQUESTER,nchar,2,0,0,NO,NO,NO
PHYS_COUNT_LOC,1,ROWID,int,4,10,0,NO,YES,NO
PHYS_COUNT_LOC,2,PHYS_COUNT_ID,nvarchar,30,0,0,NO,NO,NO
PHYS_COUNT_LOC,3,WAREHOUSE_ID,nvarchar,30,0,0,NO,NO,NO
PHYS_COUNT_LOC,4,LOCATION_ID,nvarchar,30,0,0,NO,NO,NO
PHYS_COUNT_LOC_ADJ,1,PHYS_COUNT_ID,nvarchar,30,0,0,NO,NO,NO
PHYS_COUNT_LOC_ADJ,2,WAREHOUSE_ID,nvarchar,30,0,0,NO,NO,NO
PHYS_COUNT_LOC_ADJ,3,LOCATION_ID,nvarchar,30,0,0,NO,NO,NO
PHYS_COUNT_LOC_ADJ,4,PART_ID,nvarchar,60,0,0,NO,NO,NO
PHYS_COUNT_LOC_ADJ,5,LOCATION_QTY,decimal,13,20,8,NO,NO,NO
PHYS_COUNT_LOC_ADJ,6,ADJUST_QTY,decimal,13,20,8,NO,NO,NO
PHYS_COUNT_LOC_ADJ,7,CREATE_DATE,datetime,8,23,3,NO,NO,NO
PHYS_COUNT_LOC_ADJ,8,ROWID,int,4,10,0,NO,YES,NO
PHYS_COUNT_TAG,1,ROWID,int,4,10,0,NO,YES,NO
PHYS_COUNT_TAG,2,PHYS_COUNT_ID,nvarchar,30,0,0,NO,NO,NO
PHYS_COUNT_TAG,3,TAG_NO,int,4,10,0,NO,NO,NO
PHYS_COUNT_TAG,4,GROUP_NO,int,4,10,0,NO,NO,NO
PHYS_COUNT_TAG,5,PART_ID,nvarchar,60,0,0,YES,NO,NO
PHYS_COUNT_TAG,6,LOCATION_ID,nvarchar,30,0,0,YES,NO,NO
PHYS_COUNT_TAG,7,COUNT_QTY,decimal,13,20,8,YES,NO,NO
PHYS_COUNT_TAG,8,COUNT_USER_ID,nvarchar,40,0,0,YES,NO,NO
PHYS_COUNT_TAG,9,RECOUNT_QTY,decimal,13,20,8,YES,NO,NO
PHYS_COUNT_TAG,10,RECOUNT_USER_ID,nvarchar,40,0,0,YES,NO,NO
PHYS_COUNT_TAG,11,COUNT_DATE,datetime,8,23,3,YES,NO,NO
PHYS_COUNT_TAG,12,STATUS,nchar,2,0,0,NO,NO,NO
PHYS_COUNT_TAG,13,TRACE_ID,nvarchar,60,0,0,YES,NO,NO
PHYS_COUNT_TAG,14,WAREHOUSE_ID,nvarchar,30,0,0,YES,NO,NO
PHYS_COUNT_TAG,15,WBS_CODE,nvarchar,60,0,0,YES,NO,NO
PHYS_COUNT_TAG,16,PROJ_REF_SEQ_NO,smallint,2,5,0,YES,NO,NO
PHYS_COUNT_TAG,17,PROJ_REF_SUB_ID,nvarchar,6,0,0,YES,NO,NO
PHYS_COUNT_TAG,18,DEPARTMENT_ID,nvarchar,30,0,0,YES,NO,NO
PHYS_COUNT_TAG,19,STATUS_EFF_DATE,datetime,8,23,3,NO,NO,NO
PHYS_COUNT_TAG,20,ADJUST_QTY,decimal,13,20,8,YES,NO,NO
PHYS_COUNT_TAG,21,USER_DIMENSION_1,nvarchar,30,0,0,YES,NO,NO
PHYS_COUNT_TAG,22,USER_DIMENSION_2,nvarchar,30,0,0,YES,NO,NO
PHYS_COUNT_TAG,23,CUST_ORDER_ID,nvarchar,30,0,0,YES,NO,NO
PHYS_INV_PIECES,1,ROWID,int,4,10,0,NO,YES,NO
PHYS_INV_PIECES,2,PHYS_COUNT_ID,nvarchar,30,0,0,NO,NO,NO
PHYS_INV_PIECES,3,TAG_NO,int,4,10,0,NO,NO,NO
PHYS_INV_PIECES,4,PART_ID,nvarchar,60,0,0,YES,NO,NO
PHYS_INV_PIECES,5,QTY,decimal,13,20,8,YES,NO,NO
PHYS_INV_PIECES,6,LENGTH,decimal,9,14,4,YES,NO,NO
PHYS_INV_PIECES,7,WIDTH,decimal,9,14,4,YES,NO,NO
PHYS_INV_PIECES,8,HEIGHT,decimal,9,14,4,YES,NO,NO
PHYS_INV_PIECES,9,WAREHOUSE_ID,nvarchar,30,0,0,YES,NO,NO
PHYS_INV_PIECES,10,LOCATION_ID,nvarchar,30,0,0,YES,NO,NO
PHYS_INV_PIECES,11,DIMENSIONS_UM,nvarchar,30,0,0,YES,NO,NO
PHYS_INV_PIECES,12,STATUS,nchar,2,0,0,NO,NO,NO
PHYS_INV_PIECES,13,SUB_TAG_NO,int,4,10,0,YES,NO,NO
PHYS_TRACE_COUNT,1,ROWID,int,4,10,0,NO,YES,NO
PHYS_TRACE_COUNT,2,PHYS_COUNT_ID,nvarchar,30,0,0,NO,NO,NO
PHYS_TRACE_COUNT,3,TAG_NO,int,4,10,0,NO,NO,NO
PHYS_TRACE_COUNT,4,SUB_TAG_NO,int,4,10,0,NO,NO,NO
PHYS_TRACE_COUNT,5,TRACE_ID,nvarchar,60,0,0,NO,NO,NO
PHYS_TRACE_COUNT,6,SUB_TAG_TOTAL_NO,int,4,10,0,NO,NO,NO
PHYS_TRACE_COUNT,7,SUB_COUNT_QTY,decimal,13,20,8,YES,NO,NO
PHYS_TRACE_COUNT,8,SUB_COUNT_USER,nvarchar,40,0,0,YES,NO,NO
PHYS_TRACE_COUNT,9,SUB_RECOUNT_QTY,decimal,13,20,8,YES,NO,NO
PHYS_TRACE_COUNT,10,SUB_RECOUNT_USER,nvarchar,40,0,0,YES,NO,NO
PHYS_TRACE_COUNT,11,SUB_COUNT_DATE,datetime,8,23,3,YES,NO,NO
PHYSICAL_COUNT,1,ROWID,int,4,10,0,NO,YES,NO
PHYSICAL_COUNT,2,ID,nvarchar,30,0,0,NO,NO,NO
PHYSICAL_COUNT,3,DESCRIPTION,nvarchar,80,0,0,YES,NO,NO
PHYSICAL_COUNT,4,START_DATE,datetime,8,23,3,NO,NO,NO
PHYSICAL_COUNT,5,STARTING_TAG_NO,int,4,10,0,NO,NO,NO
PHYSICAL_COUNT,6,EXTRA_TAGS_BLANK,int,4,10,0,NO,NO,NO
PHYSICAL_COUNT,7,TAGS_PER_GROUP,int,4,10,0,NO,NO,NO
PHYSICAL_COUNT,8,STATUS,nchar,2,0,0,NO,NO,NO
PHYSICAL_COUNT,9,LOCK_INVENTORY,nchar,2,0,0,NO,NO,NO
PHYSICAL_COUNT,10,ADJ_GL_ACCT_ID,nvarchar,60,0,0,YES,NO,NO
PHYSICAL_COUNT,11,STATUS_EFF_DATE,datetime,8,23,3,NO,NO,NO
PHYSICAL_COUNT,12,SITE_ID,nvarchar,30,0,0,NO,NO,NO
PHYSICAL_COUNT,13,DEFICIT_USER_DIMENSION_1,nvarchar,30,0,0,YES,NO,NO
PHYSICAL_COUNT,14,DEFICIT_USER_DIMENSION_2,nvarchar,30,0,0,YES,NO,NO
PHYSICAL_COUNT,15,DEFICIT_CUST_ORDER_ID,nvarchar,30,0,0,YES,NO,NO
PHYSICAL_COUNT,16,OVERSTOCK_USER_DIMENSION_1,nvarchar,30,0,0,YES,NO,NO
PHYSICAL_COUNT,17,OVERSTOCK_USER_DIMENSION_2,nvarchar,30,0,0,YES,NO,NO
PHYSICAL_COUNT,18,OVERSTOCK_CUST_ORDER_ID,nvarchar,30,0,0,YES,NO,NO
PLANNED_LOAD,1,ROWID,int,4,10,0,NO,YES,NO
PLANNED_LOAD,2,RESOURCE_ID,nvarchar,30,0,0,NO,NO,NO
PLANNED_LOAD,3,CALC_DATE,datetime,8,23,3,NO,NO,NO
PLANNED_LOAD,4,HORIZON,int,4,10,0,NO,NO,NO
PLANNED_LOAD,5,SETUP_LOAD,decimal,9,14,2,NO,NO,NO
PLANNED_LOAD,6,RUN_LOAD,decimal,9,14,2,NO,NO,NO
PLANNED_LOAD,7,AVAIL_SETUP_LOAD,decimal,9,14,2,NO,NO,NO
PLANNED_LOAD,8,AVAIL_RUN_LOAD,decimal,9,14,2,NO,NO,NO
PLANNED_LOAD,9,WORKING_HOURS,decimal,9,14,2,YES,NO,NO
PLANNED_LOAD,10,AVAILABLE_UNITS,int,4,10,0,NO,NO,NO
PLANNED_LOAD,11,SITE_ID,nvarchar,30,0,0,NO,NO,NO
PLANNED_MATL_REQ,1,ROWID,int,4,10,0,NO,YES,NO
PLANNED_MATL_REQ,2,PARENT_PART_ID,nvarchar,60,0,0,NO,NO,NO
PLANNED_MATL_REQ,3,PARENT_SEQ_NO,smallint,2,5,0,NO,NO,NO
PLANNED_MATL_REQ,4,REQ_NO,smallint,2,5,0,NO,NO,NO
PLANNED_MATL_REQ,5,REQUIRED_PART_ID,nvarchar,60,0,0,NO,NO,NO
PLANNED_MATL_REQ,6,REQUIRED_DATE,datetime,8,23,3,YES,NO,NO
PLANNED_MATL_REQ,7,REQUIRED_QTY,decimal,13,20,8,NO,NO,NO
PLANNED_MATL_REQ,8,WAREHOUSE_ID,nvarchar,30,0,0,YES,NO,NO
PLANNED_MATL_REQ,9,SITE_ID,nvarchar,30,0,0,NO,NO,NO
PLANNED_ORDER,1,ROWID,int,4,10,0,NO,YES,NO
PLANNED_ORDER,2,PART_ID,nvarchar,60,0,0,NO,NO,NO
PLANNED_ORDER,3,SEQ_NO,smallint,2,5,0,NO,NO,NO
PLANNED_ORDER,4,WANT_DATE,datetime,8,23,3,YES,NO,NO
PLANNED_ORDER,5,ORDER_QTY,decimal,13,20,8,NO,NO,NO
PLANNED_ORDER,6,MAIN_PART_ID,nvarchar,60,0,0,YES,NO,NO
PLANNED_ORDER,7,MAIN_SEQ_NO,smallint,2,5,0,YES,NO,NO
PLANNED_ORDER,8,SCHEDULE_ID,nvarchar,30,0,0,YES,NO,NO
PLANNED_ORDER,9,WAREHOUSE_ID,nvarchar,30,0,0,YES,NO,NO
PLANNED_ORDER,10,WBS_CODE,nvarchar,60,0,0,YES,NO,NO
PLANNED_ORDER,11,SITE_ID,nvarchar,30,0,0,NO,NO,NO
PLANNING_BOM,1,ROWID,int,4,10,0,NO,YES,NO
PLANNING_BOM,2,PARENT_PLN_PART_ID,nvarchar,60,0,0,NO,NO,NO
PLANNING_BOM,3,SUBORD_PLN_PART_ID,nvarchar,60,0,0,YES,NO,NO
PLANNING_BOM,4,SUBORD_PART_ID,nvarchar,60,0,0,YES,NO,NO
PLANNING_BOM,5,PERCENT_PER,decimal,9,12,6,YES,NO,NO
PLANNING_BOM,6,SITE_ID,nvarchar,30,0,0,NO,NO,NO
PLANNING_CALENDAR,1,ROWID,int,4,10,0,NO,YES,NO
PLANNING_CALENDAR,2,CALENDAR_NO,int,4,10,0,NO,NO,NO
PLANNING_CALENDAR,3,DESCRIPTION,nvarchar,80,0,0,YES,NO,NO
PLANNING_CALENDAR,4,BEGIN_DATE,datetime,8,23,3,YES,NO,NO
PLANNING_CALENDAR,5,PLANNING_SIZE,int,4,10,0,YES,NO,NO
PLANNING_CALENDAR,6,PLANNING_HORIZON,int,4,10,0,YES,NO,NO
PLANNING_CALENDAR,7,RANGE_1_COUNT,int,4,10,0,YES,NO,NO
PLANNING_CALENDAR,8,RANGE_1_SIZE,int,4,10,0,YES,NO,NO
PLANNING_CALENDAR,9,RANGE_2_COUNT,int,4,10,0,YES,NO,NO
PLANNING_CALENDAR,10,RANGE_2_SIZE,int,4,10,0,YES,NO,NO
PLANNING_CALENDAR,11,RANGE_3_COUNT,int,4,10,0,YES,NO,NO
PLANNING_CALENDAR,12,RANGE_3_SIZE,int,4,10,0,YES,NO,NO
PLANNING_FORECAST,1,ROWID,int,4,10,0,NO,YES,NO
PLANNING_FORECAST,2,FORECAST_ID,nvarchar,30,0,0,NO,NO,NO
PLANNING_FORECAST,3,PART_ID,nvarchar,60,0,0,NO,NO,NO
PLANNING_FORECAST,4,REQUIRED_DATE,datetime,8,23,3,NO,NO,NO
PLANNING_FORECAST,5,REQUIRED_QTY,decimal,13,20,8,YES,NO,NO
PLANNING_FORECAST,6,ACTIVE,nchar,2,0,0,YES,NO,NO
PLANNING_FORECAST,7,WAREHOUSE_ID,nvarchar,30,0,0,YES,NO,NO
PLANNING_FORECAST,8,SITE_ID,nvarchar,30,0,0,NO,NO,NO
PLANNING_MPS,1,ROWID,int,4,10,0,NO,YES,NO
PLANNING_MPS,2,PLANNING_PART_ID,nvarchar,60,0,0,NO,NO,NO
PLANNING_MPS,3,WANT_DATE,datetime,8,23,3,NO,NO,NO
PLANNING_MPS,4,ORDER_QTY,decimal,13,20,8,YES,NO,NO
PLANNING_MPS,5,WAREHOUSE_ID,nvarchar,30,0,0,YES,NO,NO
PLANNING_MPS,6,SITE_ID,nvarchar,30,0,0,NO,NO,NO
PLANNING_PART,1,ROWID,int,4,10,0,NO,YES,NO
PLANNING_PART,2,ID,nvarchar,60,0,0,NO,NO,NO
PLANNING_PART,3,DESCRIPTION,nvarchar,80,0,0,YES,NO,NO
PLANNING_PART,4,SITE_ID,nvarchar,30,0,0,NO,NO,NO
PORT_OF_ARRIVAL,1,ROWID,int,4,10,0,NO,YES,NO
PORT_OF_ARRIVAL,2,CODE,nvarchar,50,0,0,NO,NO,NO
PORT_OF_ARRIVAL,3,DESCRIPTION,nvarchar,100,0,0,YES,NO,NO
PORT_OF_TRANS,1,ROWID,int,4,10,0,NO,YES,NO
PORT_OF_TRANS,2,CODE,nvarchar,50,0,0,NO,NO,NO
PORT_OF_TRANS,3,DESCRIPTION,nvarchar,100,0,0,YES,NO,NO
PREF_DESCRIPTION,1,ROWID,int,4,10,0,NO,YES,NO
PREF_DESCRIPTION,2,SECTION,nvarchar,200,0,0,NO,NO,NO
PREF_DESCRIPTION,3,ENTRY,nvarchar,200,0,0,NO,NO,NO
PREF_DESCRIPTION,4,VALUE,nvarchar,200,0,0,YES,NO,NO
PREF_DESCRIPTION,5,DESCRIPTION,nvarchar,500,0,0,YES,NO,NO
PREFERENCES,1,ROWID,int,4,10,0,NO,YES,NO
PREFERENCES,2,USER_ID,nvarchar,100,0,0,YES,NO,NO
PREFERENCES,3,SECTION,nvarchar,200,0,0,NO,NO,NO
PREFERENCES,4,ENTRY,nvarchar,200,0,0,NO,NO,NO
PREFERENCES,5,VALUE,nvarchar,510,0,0,YES,NO,NO
PREFERENCES,6,MODIFY_DATE,datetime,8,23,3,YES,NO,NO
PREFERENCES,7,IS_GLOBAL,nchar,2,0,0,NO,NO,NO
PREFERENCES,8,IS_ACTIVE,nchar,2,0,0,NO,NO,NO
PRIORITY,1,ROWID,int,4,10,0,NO,YES,NO
PRIORITY,2,CODE,nvarchar,30,0,0,NO,NO,NO
PRIORITY,3,DESCRIPTION,nvarchar,160,0,0,YES,NO,NO
PROBLEM_CLASS,1,ROWID,int,4,10,0,NO,YES,NO
PROBLEM_CLASS,2,ID,nvarchar,30,0,0,NO,NO,NO
PROBLEM_CLASS,3,TYPE,nchar,2,0,0,NO,NO,NO
PROBLEM_CLASS,4,DESCRIPTION,nvarchar,160,0,0,YES,NO,NO
PROCESS_ACTIVITY,1,ROWID,int,4,10,0,NO,YES,NO
PROCESS_ACTIVITY,2,TYPE,nvarchar,2,0,0,NO,NO,NO
PROCESS_ACTIVITY,3,SITE_ID,nvarchar,30,0,0,NO,NO,NO
PROCESS_ACTIVITY,4,ID,nvarchar,30,0,0,NO,NO,NO
PROCESS_ACTIVITY,5,DOCUMENT_ID,nvarchar,30,0,0,NO,NO,NO
PROCESS_ACTIVITY,6,DOCUMENT_LINE_NO,smallint,2,5,0,NO,NO,NO
PROCESS_ACTIVITY,7,PROCESS_TYPE_ID,nvarchar,30,0,0,NO,NO,NO
PROCESS_ACTIVITY,8,DOCUMENT_TYPE,nvarchar,40,0,0,YES,NO,NO
PROCESS_ACTIVITY,9,SEQUENCE_NO,smallint,2,5,0,YES,NO,NO
PROCESS_ACTIVITY,10,STANDARD_DAYS,decimal,9,14,2,NO,NO,NO
PROCESS_ACTIVITY,11,ACTUAL_DAYS,decimal,9,14,2,NO,NO,NO
PROCESS_ACTIVITY,12,STANDARD_COST,decimal,13,23,8,NO,NO,NO
PROCESS_ACTIVITY,13,ACTUAL_COST,decimal,13,23,8,NO,NO,NO
PROCESS_ACTIVITY,14,START_DATE,datetime,8,23,3,YES,NO,NO
PROCESS_ACTIVITY,15,END_DATE,datetime,8,23,3,YES,NO,NO
PROCESS_ACTIVITY,16,PERCENT_COMPLETE,decimal,9,14,2,NO,NO,NO
PROCESS_ACTIVITY,17,CREATE_DATE,datetime,8,23,3,NO,NO,NO
PROCESS_ACTIVITY,18,USER_ID,nvarchar,40,0,0,YES,NO,NO
PROCESS_TYPE,1,ROWID,int,4,10,0,NO,YES,NO
PROCESS_TYPE,2,SITE_ID,nvarchar,30,0,0,NO,NO,NO
PROCESS_TYPE,3,ID,nvarchar,30,0,0,NO,NO,NO
PROCESS_TYPE,4,DESCRIPTION,nvarchar,240,0,0,YES,NO,NO
PROCESS_TYPE,5,USER_ID,nvarchar,40,0,0,YES,NO,NO
PROCESS_TYPE,6,CREATE_DATE,datetime,8,23,3,NO,NO,NO
PROCESS_TYPE_LINE,1,ROWID,int,4,10,0,NO,YES,NO
PROCESS_TYPE_LINE,2,SITE_ID,nvarchar,30,0,0,NO,NO,NO
PROCESS_TYPE_LINE,3,PROCESS_TYPE_ID,nvarchar,30,0,0,NO,NO,NO
PROCESS_TYPE_LINE,4,PROCESS,nvarchar,30,0,0,NO,NO,NO
PROCESS_TYPE_LINE,5,DESCRIPTION,nvarchar,240,0,0,YES,NO,NO
PROCESS_TYPE_LINE,6,SEQUENCE_NO,smallint,2,5,0,YES,NO,NO
PROCESS_TYPE_LINE,7,DOCUMENT_TYPE,nvarchar,40,0,0,YES,NO,NO
PROCESS_TYPE_LINE,8,STANDARD_DAYS,decimal,9,14,2,NO,NO,NO
PROCESS_TYPE_LINE,9,USER_ID,nvarchar,40,0,0,YES,NO,NO
PROCESS_TYPE_LINE,10,CREATE_DATE,datetime,8,23,3,NO,NO,NO
PRODUCT,1,ROWID,int,4,10,0,NO,YES,NO
PRODUCT,2,CODE,nvarchar,30,0,0,NO,NO,NO
PRODUCT,3,DESCRIPTION,nvarchar,160,0,0,YES,NO,NO
PRODUCT,4,REV_GL_ACCT_ID,nvarchar,60,0,0,YES,NO,NO
PRODUCT,5,ADJ_GL_ACCT_ID,nvarchar,60,0,0,YES,NO,NO
PRODUCT,6,INV_MAT_GL_ACCT_ID,nvarchar,60,0,0,YES,NO,NO
PRODUCT,7,INV_LAB_GL_ACCT_ID,nvarchar,60,0,0,YES,NO,NO
PRODUCT,8,INV_BUR_GL_ACCT_ID,nvarchar,60,0,0,YES,NO,NO
PRODUCT,9,INV_SER_GL_ACCT_ID,nvarchar,60,0,0,YES,NO,NO
PRODUCT,10,VAR_MAT_GL_ACCT_ID,nvarchar,60,0,0,YES,NO,NO
PRODUCT,11,VAR_LAB_GL_ACCT_ID,nvarchar,60,0,0,YES,NO,NO
PRODUCT,12,VAR_BUR_GL_ACCT_ID,nvarchar,60,0,0,YES,NO,NO
PRODUCT,13,VAR_SER_GL_ACCT_ID,nvarchar,60,0,0,YES,NO,NO
PRODUCT,14,CGS_MAT_GL_ACCT_ID,nvarchar,60,0,0,YES,NO,NO
PRODUCT,15,CGS_LAB_GL_ACCT_ID,nvarchar,60,0,0,YES,NO,NO
PRODUCT,16,CGS_BUR_GL_ACCT_ID,nvarchar,60,0,0,YES,NO,NO
PRODUCT,17,CGS_SER_GL_ACCT_ID,nvarchar,60,0,0,YES,NO,NO
PRODUCT,18,WIP_MAT_GL_ACCT_ID,nvarchar,60,0,0,YES,NO,NO
PRODUCT,19,WIP_LAB_GL_ACCT_ID,nvarchar,60,0,0,YES,NO,NO
PRODUCT,20,WIP_BUR_GL_ACCT_ID,nvarchar,60,0,0,YES,NO,NO
PRODUCT,21,WIP_SER_GL_ACCT_ID,nvarchar,60,0,0,YES,NO,NO
PRODUCT,22,WITHHOLDING_CODE,nvarchar,30,0,0,YES,NO,NO
PRODUCT,23,DEMAND_FENCE_1,int,4,10,0,YES,NO,NO
PRODUCT,24,DEMAND_FENCE_2,int,4,10,0,YES,NO,NO
PRODUCT,25,COST_CATEGORY_ID,nvarchar,30,0,0,YES,NO,NO
PRODUCT,26,ACTIVE_FLAG,nchar,2,0,0,NO,NO,NO
PRODUCT_SYNC,1,ROWID,int,4,10,0,NO,YES,NO
PRODUCT_SYNC,2,EVENT_ID,int,4,10,0,NO,NO,NO
PRODUCT_SYNC,3,TYPE,nchar,2,0,0,NO,NO,NO
PRODUCT_SYNC,4,CREATE_DATE,datetime,8,23,3,NO,NO,NO
PRODUCT_SYNC,5,PRODUCT_CODE,nvarchar,30,0,0,NO,NO,NO
PRODUCT_SYNC,6,EXCEPTION,nchar,2,0,0,NO,NO,NO
PRODUCT_SYNC,7,SUBSCRIPTIONS,int,4,10,0,NO,NO,NO
PROFILES,1,ROWID,int,4,10,0,NO,YES,NO
PROFILES,2,ID,nvarchar,30,0,0,NO,NO,NO
PROFILES,3,DESCRIPTION,nvarchar,160,0,0,YES,NO,NO
PROFILES,4,CREATE_DATE,datetime,8,23,3,NO,NO,NO
PROGRAM_NAME,1,ROWID,int,4,10,0,NO,YES,NO
PROGRAM_NAME,2,USER_ID,nvarchar,40,0,0,NO,NO,NO
PROGRAM_NAME,3,MENU_ID,nvarchar,80,0,0,NO,NO,NO
PROGRAM_NAME,4,SEQ_NO,int,4,10,0,NO,NO,NO
PROGRAM_NAME,5,PROGRAM_ID,nvarchar,80,0,0,NO,NO,NO
PROGRAM_NAME,6,SUB_HEADING,nchar,2,0,0,YES,NO,NO
PROGRAM_NAME,7,MENU_TEXT,nvarchar,160,0,0,YES,NO,NO
PROGRAM_NAME,8,TOOLTIP,nvarchar,80,0,0,YES,NO,NO
PROGRAM_NAME,9,HIDE_ENTRY,nchar,2,0,0,YES,NO,NO
PROGRAM_NAME,10,EXECUTE_COMMAND,nvarchar,500,0,0,YES,NO,NO
PROGRAM_NAME,11,ICON,nvarchar,80,0,0,YES,NO,NO
PROJ_DIST_DETAIL,1,ROWID,int,4,10,0,NO,YES,NO
PROJ_DIST_DETAIL,2,PROJECT_ID,nvarchar,30,0,0,NO,NO,NO
PROJ_DIST_DETAIL,3,SOURCE_TYPE,nvarchar,40,0,0,NO,NO,NO
PROJ_DIST_DETAIL,4,SOURCE_ID,nvarchar,60,0,0,NO,NO,NO
PROJ_DIST_DETAIL,5,SOURCE_TRANS_ID,int,4,10,0,NO,NO,NO
PROJ_DIST_DETAIL,6,SOURCE_LINE_NO,smallint,2,5,0,NO,NO,NO
PROJ_DIST_DETAIL,7,DIST_NO,smallint,2,5,0,NO,NO,NO
PROJ_DIST_DETAIL,8,PROJECT_SUMMARY_ID,nvarchar,30,0,0,NO,NO,NO
PROJ_DIST_DETAIL,9,SOURCE_LOT_ID,nvarchar,6,0,0,YES,NO,NO
PROJ_DIST_DETAIL,10,SOURCE_SPLIT_ID,nvarchar,6,0,0,YES,NO,NO
PROJ_DIST_DETAIL,11,SOURCE_SUB_ID,nvarchar,6,0,0,YES,NO,NO
PROJ_DIST_DETAIL,12,ACT_MATERIAL_COST,decimal,13,23,8,YES,NO,NO
PROJ_DIST_DETAIL,13,ACT_LABOR_COST,decimal,13,23,8,YES,NO,NO
PROJ_DIST_DETAIL,14,ACT_BURDEN_COST,decimal,13,23,8,YES,NO,NO
PROJ_DIST_DETAIL,15,ACT_SERVICE_COST,decimal,13,23,8,YES,NO,NO
PROJ_DIST_DETAIL,16,CURRENCY_ID,nvarchar,30,0,0,NO,NO,NO
PROJ_DIST_DETAIL,17,REFERENCE,nvarchar,100,0,0,YES,NO,NO
PROJ_DIST_DETAIL,18,ACT_HOURS,decimal,9,15,2,YES,NO,NO
PROJ_INFO_BINARY,1,ROWID,int,4,10,0,NO,YES,NO
PROJ_INFO_BINARY,2,PROJECT_ID,nvarchar,60,0,0,NO,NO,NO
PROJ_INFO_BINARY,3,TYPE,nchar,2,0,0,NO,NO,NO
PROJ_INFO_BINARY,4,BITS,image,16,0,0,YES,NO,NO
PROJ_INFO_BINARY,5,BITS_LENGTH,int,4,10,0,NO,NO,NO
PROJ_SUMM_BURD_AMT,1,ROWID,int,4,10,0,NO,YES,NO
PROJ_SUMM_BURD_AMT,2,PROJECT_SUMMARY_ID,nvarchar,30,0,0,NO,NO,NO
PROJ_SUMM_BURD_AMT,3,COST_CATEGORY_ID,nvarchar,30,0,0,NO,NO,NO
PROJ_SUMM_BURD_AMT,4,AMOUNT,decimal,13,23,8,YES,NO,NO
PROJECT_BASELINE,1,ROWID,int,4,10,0,NO,YES,NO
PROJECT_BASELINE,2,WORKORDER_BASE_ID,nvarchar,60,0,0,NO,NO,NO
PROJECT_BASELINE,3,WORKORDER_SPLIT_ID,nvarchar,6,0,0,NO,NO,NO
PROJECT_BATCH_LINK,1,ROWID,int,4,10,0,NO,YES,NO
PROJECT_BATCH_LINK,2,SOURCE_BATCH_ID,nvarchar,30,0,0,NO,NO,NO
PROJECT_BATCH_LINK,3,PROJECT_BATCH_ID,nvarchar,30,0,0,YES,NO,NO
PROJECT_BATCH_LINK,4,USER_ID,nvarchar,40,0,0,NO,NO,NO
PROJECT_BATCH_LINK,5,PROJ_BURD_BATCH_ID,nvarchar,30,0,0,YES,NO,NO
PROJECT_BATCH_LINK,6,COMM_BURD_BATCH_ID,nvarchar,30,0,0,YES,NO,NO
PROJECT_BATCH_LINK,7,SITE_ID,nvarchar,30,0,0,NO,NO,NO
PROJECT_BUDGET,1,ROWID,int,4,10,0,NO,YES,NO
PROJECT_BUDGET,2,WORKORDER_TYPE,nchar,2,0,0,NO,NO,NO
PROJECT_BUDGET,3,WORKORDER_BASE_ID,nvarchar,60,0,0,NO,NO,NO
PROJECT_BUDGET,4,WORKORDER_LOT_ID,nvarchar,6,0,0,NO,NO,NO
PROJECT_BUDGET,5,WORKORDER_SPLIT_ID,nvarchar,6,0,0,NO,NO,NO
PROJECT_BUDGET,6,WORKORDER_SUB_ID,nvarchar,6,0,0,NO,NO,NO
PROJECT_BUDGET,7,SEQUENCE_NO,int,4,10,0,NO,NO,NO
PROJECT_BUDGET,8,DEPARTMENT_ID,nvarchar,30,0,0,NO,NO,NO
PROJECT_BUDGET,9,COST_CATEGORY_ID,nvarchar,30,0,0,NO,NO,NO
PROJECT_BUDGET,10,BUDGET_HOURS,decimal,5,7,2,YES,NO,NO
PROJECT_BUDGET,11,BUDGET_AMOUNT,decimal,13,23,8,YES,NO,NO
PROJECT_BUDGET,12,DISTRIBUTION_ID,nvarchar,30,0,0,YES,NO,NO
PROJECT_BUDGET,13,WBS_CODE,nvarchar,60,0,0,YES,NO,NO
PROJECT_CEILING,1,ROWID,int,4,10,0,NO,YES,NO
PROJECT_CEILING,2,PROJECT_ID,nvarchar,30,0,0,NO,NO,NO
PROJECT_CEILING,3,TYPE,nchar,2,0,0,NO,NO,NO
PROJECT_CEILING,4,COST_CATEGORY_ID,nvarchar,30,0,0,NO,NO,NO
PROJECT_CEILING,5,BASE_CATEGORY_ID,nvarchar,30,0,0,NO,NO,NO
PROJECT_CEILING,6,BASIS,nchar,2,0,0,YES,NO,NO
PROJECT_CEILING,7,BASIS_VALUE,decimal,13,23,8,YES,NO,NO
PROJECT_CEILING,8,DESCRIPTION,nvarchar,500,0,0,YES,NO,NO
PROJECT_CEILING,9,CLIN,nvarchar,30,0,0,NO,NO,NO
PROJECT_DIST,1,ROWID,int,4,10,0,NO,YES,NO
PROJECT_DIST,2,PROJECT_ID,nvarchar,30,0,0,NO,NO,NO
PROJECT_DIST,3,SOURCE_TYPE,nvarchar,40,0,0,NO,NO,NO
PROJECT_DIST,4,SOURCE_ID,nvarchar,60,0,0,NO,NO,NO
PROJECT_DIST,5,DIST_NO,smallint,2,5,0,NO,NO,NO
PROJECT_DIST,6,ENTRY_NO,smallint,2,5,0,NO,NO,NO
PROJECT_DIST,7,PROJECT_SUMMARY_ID,nvarchar,30,0,0,NO,NO,NO
PROJECT_DIST,8,SITE_ID,nvarchar,30,0,0,NO,NO,NO
PROJECT_DIST,9,AMOUNT,decimal,13,23,8,NO,NO,NO
PROJECT_DIST,10,AMOUNT_TYPE,nchar,4,0,0,NO,NO,NO
PROJECT_DIST,11,GL_ACCOUNT_ID,nvarchar,60,0,0,NO,NO,NO
PROJECT_DIST,12,POSTING_STATUS,nchar,2,0,0,NO,NO,NO
PROJECT_DIST,13,POSTING_DATE,datetime,8,23,3,NO,NO,NO
PROJECT_DIST,14,SOURCE_LOT_ID,nvarchar,6,0,0,YES,NO,NO
PROJECT_DIST,15,SOURCE_SPLIT_ID,nvarchar,6,0,0,YES,NO,NO
PROJECT_DIST,16,SOURCE_SUB_ID,nvarchar,6,0,0,YES,NO,NO
PROJECT_DIST,17,BATCH_ID,nvarchar,30,0,0,YES,NO,NO
PROJECT_DIST,18,CREATE_DATE,datetime,8,23,3,NO,NO,NO
PROJECT_DIST,19,USER_ID,nvarchar,40,0,0,NO,NO,NO
PROJECT_DIST,20,CURRENCY_ID,nvarchar,30,0,0,NO,NO,NO
PROJECT_DIST,21,NATIVE,nchar,2,0,0,YES,NO,NO
PROJECT_DIST,22,HOURS,decimal,9,15,2,YES,NO,NO
PROJECT_EAC_POC,1,ROWID,int,4,10,0,NO,YES,NO
PROJECT_EAC_POC,2,ID,nvarchar,30,0,0,NO,NO,NO
PROJECT_EAC_POC,3,PROJECT_ID,nvarchar,30,0,0,NO,NO,NO
PROJECT_EAC_POC,4,EAC_EST_LAB_HRS,decimal,9,15,2,YES,NO,NO
PROJECT_EAC_POC,5,EAC_EST_MAT_AMT,decimal,13,23,8,YES,NO,NO
PROJECT_EAC_POC,6,EAC_EST_LAB_AMT,decimal,13,23,8,YES,NO,NO
PROJECT_EAC_POC,7,EAC_EST_BUR_AMT,decimal,13,23,8,YES,NO,NO
PROJECT_EAC_POC,8,EAC_EST_SER_AMT,decimal,13,23,8,YES,NO,NO
PROJECT_EAC_POC,9,EAC_EST_TOTAL_AMT,decimal,13,23,8,YES,NO,NO
PROJECT_EAC_POC,10,EAC_EST_COI,decimal,13,23,8,YES,NO,NO
PROJECT_EAC_POC,11,EST_EAC_TOT_AMT,decimal,13,23,8,YES,NO,NO
PROJECT_EAC_POC,12,EAC_RES_LAB_HRS,decimal,9,15,2,YES,NO,NO
PROJECT_EAC_POC,13,EAC_RES_MAT_AMT,decimal,13,23,8,YES,NO,NO
PROJECT_EAC_POC,14,EAC_RES_LAB_AMT,decimal,13,23,8,YES,NO,NO
PROJECT_EAC_POC,15,EAC_RES_BUR_AMT,decimal,13,23,8,YES,NO,NO
PROJECT_EAC_POC,16,EAC_RES_SER_AMT,decimal,13,23,8,YES,NO,NO
PROJECT_EAC_POC,17,EAC_RES_TOTAL_AMT,decimal,13,23,8,YES,NO,NO
PROJECT_EAC_POC,18,EAC_RES_COI,decimal,13,23,8,YES,NO,NO
PROJECT_EAC_POC,19,EAC_RES_TOT_AMT,decimal,13,23,8,YES,NO,NO
PROJECT_EAC_POC,20,TOTAL_EAC_LAB_HRS,decimal,9,15,2,YES,NO,NO
PROJECT_EAC_POC,21,TOTAL_EAC_LAB_AMT,decimal,13,23,8,YES,NO,NO
PROJECT_EAC_POC,22,TOTAL_EAC_MAT_AMT,decimal,13,23,8,YES,NO,NO
PROJECT_EAC_POC,23,TOTAL_EAC_BUR_AMT,decimal,13,23,8,YES,NO,NO
PROJECT_EAC_POC,24,TOTAL_EAC_SER_AMT,decimal,13,23,8,YES,NO,NO
PROJECT_EAC_POC,25,TOTAL_EST_RES_COST,decimal,13,23,8,YES,NO,NO
PROJECT_EAC_POC,26,TOTAL_EST_COI_AMT,decimal,13,23,8,YES,NO,NO
PROJECT_EAC_POC,27,EAC_TOTAL,decimal,13,23,8,YES,NO,NO
PROJECT_EAC_POC,28,TARGET_COST,decimal,13,23,8,YES,NO,NO
PROJECT_EAC_POC,29,TARGET_PRICE,decimal,13,23,8,YES,NO,NO
PROJECT_EAC_POC,30,TARGET_PROFIT_AMT,decimal,13,23,8,YES,NO,NO
PROJECT_EAC_POC,31,TARGET_PROFIT_PCT,decimal,5,6,3,YES,NO,NO
PROJECT_EAC_POC,32,LOCKED,nchar,2,0,0,YES,NO,NO
PROJECT_EAC_POC,33,CURRENT_FLAG,nchar,2,0,0,YES,NO,NO
PROJECT_EAC_POC,34,BASELINE,nchar,2,0,0,YES,NO,NO
PROJECT_EAC_POC,35,VERSION_DATE,datetime,8,23,3,YES,NO,NO
PROJECT_EAC_POC,36,CREATE_DATE,datetime,8,23,3,NO,NO,NO
PROJECT_EAC_POC,37,USER_ID,nvarchar,40,0,0,NO,NO,NO
PROJECT_EAC_POC,38,ETC_VERSION_ID,nvarchar,30,0,0,YES,NO,NO
PROJECT_EAC_POC,39,CONTRACT_MOD_ID,nvarchar,40,0,0,YES,NO,NO
PROJECT_ETC,1,PROJECT_ID,nvarchar,30,0,0,NO,NO,NO
PROJECT_ETC,2,ETC_VERSION_ID,nvarchar,30,0,0,NO,NO,NO
PROJECT_ETC,3,VERSION_DATE,datetime,8,23,3,YES,NO,NO
PROJECT_ETC,4,CURRENT_FLAG,nchar,2,0,0,YES,NO,NO
PROJECT_ETC,5,LOCKED_FLAG,nchar,2,0,0,YES,NO,NO
PROJECT_ETC,6,ACCOUNT_YEAR,decimal,5,4,0,YES,NO,NO
PROJECT_ETC,7,ACCOUNT_PERIOD,decimal,5,2,0,YES,NO,NO
PROJECT_ETC,8,ROWID,int,4,10,0,NO,YES,NO
PROJECT_GL_TRANS,1,USER_ID,nvarchar,40,0,0,NO,NO,NO
PROJECT_GL_TRANS,2,ID,int,4,10,0,NO,NO,NO
PROJECT_GL_TRANS,3,CREATE_DATE,datetime,8,23,3,NO,NO,NO
PROJECT_GL_TRANS,4,GL_ACCOUNT_ID,nvarchar,60,0,0,NO,NO,NO
PROJECT_GL_TRANS,5,GL_DESCRIPTION,nvarchar,240,0,0,YES,NO,NO
PROJECT_GL_TRANS,6,SOURCE_TRANS_ID,int,4,10,0,YES,NO,NO
PROJECT_GL_TRANS,7,SOURCE_TYPE,nvarchar,40,0,0,NO,NO,NO
PROJECT_GL_TRANS,8,PROJECT_ID,nvarchar,30,0,0,YES,NO,NO
PROJECT_GL_TRANS,9,WBS_CODE,nvarchar,60,0,0,YES,NO,NO
PROJECT_GL_TRANS,10,DEPARTMENT_ID,nvarchar,30,0,0,YES,NO,NO
PROJECT_GL_TRANS,11,COST_CATEGORY_ID,nvarchar,30,0,0,YES,NO,NO
PROJECT_GL_TRANS,12,BURDEN_CATEGORY_ID,nvarchar,30,0,0,YES,NO,NO
PROJECT_GL_TRANS,13,BURDEN_ID,nvarchar,60,0,0,YES,NO,NO
PROJECT_GL_TRANS,14,ORIG_SOURCE_TYPE,nvarchar,40,0,0,YES,NO,NO
PROJECT_GL_TRANS,15,BATCH_ID,nvarchar,30,0,0,YES,NO,NO
PROJECT_GL_TRANS,16,DEBIT_AMOUNT,decimal,13,23,8,YES,NO,NO
PROJECT_GL_TRANS,17,CREDIT_AMOUNT,decimal,13,23,8,YES,NO,NO
PROJECT_GL_TRANS,18,BATCH_DESCRIPTION,nvarchar,160,0,0,YES,NO,NO
PROJECT_GL_TRANS,19,BATCH_DATE,datetime,8,23,3,YES,NO,NO
PROJECT_GL_TRANS,20,BATCH_TYPE,nvarchar,16,0,0,YES,NO,NO
PROJECT_GL_TRANS,21,SITE_ID,nvarchar,30,0,0,YES,NO,NO
PROJECT_GL_TRANS,22,TRANS_SITE_ID,nvarchar,30,0,0,YES,NO,NO
PROJECT_GL_TRANS,23,POSTING_DATE,datetime,8,23,3,YES,NO,NO
PROJECT_GL_TRANS,24,SOURCE,nvarchar,80,0,0,YES,NO,NO
PROJECT_GL_TRANS,25,SOURCE_ID,nvarchar,60,0,0,YES,NO,NO
PROJECT_GL_TRANS,26,SOURCE_LINE_NO,smallint,2,5,0,YES,NO,NO
PROJECT_GL_TRANS,27,PROJECT_SUMMARY_ID,nvarchar,30,0,0,YES,NO,NO
PROJECT_GL_TRANS,28,COMPANY_NAME,nvarchar,100,0,0,YES,NO,NO
PROJECT_GL_TRANS,29,RUN_COMMENTS,nvarchar,500,0,0,YES,NO,NO
PROJECT_GL_TRANS,30,RUN_COMMENTS2,nvarchar,500,0,0,YES,NO,NO
PROJECT_GL_TRANS,31,ROWID,int,4,10,0,NO,YES,NO
PROJECT_INFO,1,ROWID,int,4,10,0,NO,YES,NO
PROJECT_INFO,2,ID,nvarchar,30,0,0,NO,NO,NO
PROJECT_INFO,3,DESCRIPTION,nvarchar,160,0,0,YES,NO,NO
PROJECT_INFO,4,DIVISION_ID,nvarchar,30,0,0,YES,NO,NO
PROJECT_INFO,5,SEGMENT_ID,nvarchar,30,0,0,YES,NO,NO
PROJECT_INFO,6,PROJECT_TYPE,nvarchar,30,0,0,YES,NO,NO
PROJECT_INFO,7,GOVT_RELATED_FLAG,nchar,2,0,0,YES,NO,NO
PROJECT_INFO,8,RFP_ID,nvarchar,80,0,0,YES,NO,NO
PROJECT_INFO,9,RFP_DUE_DATE,datetime,8,23,3,YES,NO,NO
PROJECT_INFO,10,CUSTOMER_ID,nvarchar,30,0,0,YES,NO,NO
PROJECT_INFO,11,CONTRACT_TYPE,nvarchar,30,0,0,YES,NO,NO
PROJECT_INFO,12,SIC_CODE,nvarchar,30,0,0,YES,NO,NO
PROJECT_INFO,13,CONTRACT_ID,nvarchar,80,0,0,YES,NO,NO
PROJECT_INFO,14,CONTRACT_DESC,nvarchar,80,0,0,YES,NO,NO
PROJECT_INFO,15,PRIME_CONTRACT,nvarchar,80,0,0,YES,NO,NO
PROJECT_INFO,16,CONTRACT_ADMIN,nvarchar,80,0,0,YES,NO,NO
PROJECT_INFO,17,PRIME_CUSTOMER,nvarchar,80,0,0,YES,NO,NO
PROJECT_INFO,18,SECURITY_CLASS,nvarchar,30,0,0,YES,NO,NO
PROJECT_INFO,19,PRIORITY,nvarchar,30,0,0,YES,NO,NO
PROJECT_INFO,20,DCMAO_FLAG,nchar,2,0,0,YES,NO,NO
PROJECT_INFO,21,PLAN_DATE,datetime,8,23,3,YES,NO,NO
PROJECT_INFO,22,SUMMARY_CODE,nvarchar,30,0,0,YES,NO,NO
PROJECT_INFO,23,SITE_ID,nvarchar,30,0,0,NO,NO,NO
PROJECT_INFO,24,USER_1,nvarchar,160,0,0,YES,NO,NO
PROJECT_INFO,25,USER_2,nvarchar,160,0,0,YES,NO,NO
PROJECT_INFO,26,USER_3,nvarchar,160,0,0,YES,NO,NO
PROJECT_INFO,27,USER_4,nvarchar,160,0,0,YES,NO,NO
PROJECT_INFO,28,USER_5,nvarchar,160,0,0,YES,NO,NO
PROJECT_INFO,29,USER_6,nvarchar,160,0,0,YES,NO,NO
PROJECT_INFO,30,USER_7,nvarchar,160,0,0,YES,NO,NO
PROJECT_INFO,31,USER_8,nvarchar,160,0,0,YES,NO,NO
PROJECT_INFO,32,USER_9,nvarchar,160,0,0,YES,NO,NO
PROJECT_INFO,33,USER_10,nvarchar,160,0,0,YES,NO,NO
PROJECT_INFO,34,UDF_LAYOUT_ID,nvarchar,30,0,0,YES,NO,NO
PROJECT_INFO,35,CONTRACT_FILE,nvarchar,160,0,0,YES,NO,NO
PROJECT_INFO,36,PROJ_SUSPENSE,nvarchar,60,0,0,YES,NO,NO
PROJECT_INFO,37,DEFAULT_WBS_CODE,nvarchar,60,0,0,YES,NO,NO
PROJECT_INFO,38,DEF_REF_SUB_ID,nvarchar,6,0,0,YES,NO,NO
PROJECT_INFO,39,DEF_REF_SEQ_NO,smallint,2,5,0,YES,NO,NO
PROJECT_INFO,40,CONTRACT_MOD_ID,nvarchar,40,0,0,YES,NO,NO
PROJECT_INFO,41,CONTRACT_MOD_DESC,nvarchar,500,0,0,YES,NO,NO
PROJECT_INFO,42,AWARD_DATE,datetime,8,23,3,YES,NO,NO
PROJECT_INFO,43,CONTRACT_VALUE,decimal,13,23,8,YES,NO,NO
PROJECT_INFO,44,PRIME_CONTRACT_ID,nvarchar,80,0,0,YES,NO,NO
PROJECT_INFO,45,PRIME_CUSTOMER_ID,nvarchar,30,0,0,YES,NO,NO
PROJECT_INFO,46,SUBCONTRACT_ID,nvarchar,80,0,0,YES,NO,NO
PROJECT_INFO,47,CUSTOMER_PO_REF,nvarchar,80,0,0,YES,NO,NO
PROJECT_INFO,48,PROGRAM_MANAGER,nvarchar,80,0,0,YES,NO,NO
PROJECT_INFO,49,FINANCIAL_ANALYST,nvarchar,80,0,0,YES,NO,NO
PROJECT_INFO,50,FROM_PERFORM_DATE,datetime,8,23,3,YES,NO,NO
PROJECT_INFO,51,TO_PERFORM_DATE,datetime,8,23,3,YES,NO,NO
PROJECT_INFO,52,FUNDED_VALUE,decimal,13,23,8,YES,NO,NO
PROJECT_INFO,53,FIRM_FIXED_PRICE,decimal,13,23,8,YES,NO,NO
PROJECT_INFO,54,TARGET_COST,decimal,13,23,8,YES,NO,NO
PROJECT_INFO,55,TARGET_FEE,decimal,13,23,8,YES,NO,NO
PROJECT_INFO,56,PROFIT_FEE_PERCENT,decimal,5,5,2,YES,NO,NO
PROJECT_INFO,57,FIXED_FEE,decimal,13,23,8,YES,NO,NO
PROJECT_INFO,58,MINIMUM_FEE,decimal,13,23,8,YES,NO,NO
PROJECT_INFO,59,MAXIMUM_FEE,decimal,13,23,8,YES,NO,NO
PROJECT_INFO,60,CONTRACT_CEILING,decimal,13,23,8,YES,NO,NO
PROJECT_INFO,61,CUSTOMER_OVERRUN,decimal,5,5,2,YES,NO,NO
PROJECT_INFO,62,CONTRACT_OVERRUN,decimal,5,5,2,YES,NO,NO
PROJECT_INFO,63,CUSTOMER_UNDERRUN,decimal,5,5,2,YES,NO,NO
PROJECT_INFO,64,CONTRACT_UNDERRUN,decimal,5,5,2,YES,NO,NO
PROJECT_INFO,65,PERFORMANCE_FEE,decimal,13,23,8,YES,NO,NO
PROJECT_INFO,66,PERFORMANCE_DESC,nvarchar,500,0,0,YES,NO,NO
PROJECT_INFO,67,AWARD_FEE,decimal,13,23,8,YES,NO,NO
PROJECT_INFO,68,AWARD_DESC,nvarchar,500,0,0,YES,NO,NO
PROJECT_INFO,69,RATE_ID,nvarchar,30,0,0,YES,NO,NO
PROJECT_INFO,70,AUDIT_AGENCY,nvarchar,30,0,0,YES,NO,NO
PROJECT_INFO,71,PAYING_OFFICE,nvarchar,30,0,0,YES,NO,NO
PROJECT_INFO,72,PROGRESS_PAY_RATE,decimal,5,5,2,YES,NO,NO
PROJECT_INFO,73,LIQUIDATION_RATE,decimal,5,5,2,YES,NO,NO
PROJECT_INFO,74,LOSS_RATIO_FACTOR,decimal,5,5,2,YES,NO,NO
PROJECT_INFO,75,RETAINAGE_PERCENT,decimal,5,5,2,YES,NO,NO
PROJECT_INFO,76,HOURS_EXPEND_FEE,decimal,13,23,8,YES,NO,NO
PROJECT_INFO,77,REV_GL_ACCT_ID,nvarchar,60,0,0,YES,NO,NO
PROJECT_INFO,78,AR_GL_ACCT_ID,nvarchar,60,0,0,YES,NO,NO
PROJECT_INFO,79,DEF_GL_ACCT_ID,nvarchar,60,0,0,YES,NO,NO
PROJECT_INFO,80,LIQ_GL_ACCT_ID,nvarchar,60,0,0,YES,NO,NO
PROJECT_INFO,81,PBC_GL_ACCT_ID,nvarchar,60,0,0,YES,NO,NO
PROJECT_INFO,82,CGS_MAT_GL_ACCT_ID,nvarchar,60,0,0,YES,NO,NO
PROJECT_INFO,83,CGS_LAB_GL_ACCT_ID,nvarchar,60,0,0,YES,NO,NO
PROJECT_INFO,84,CGS_BUR_GL_ACCT_ID,nvarchar,60,0,0,YES,NO,NO
PROJECT_INFO,85,CGS_SER_GL_ACCT_ID,nvarchar,60,0,0,YES,NO,NO
PROJECT_INFO,86,WIP_MAT_GL_ACCT_ID,nvarchar,60,0,0,YES,NO,NO
PROJECT_INFO,87,WIP_LAB_GL_ACCT_ID,nvarchar,60,0,0,YES,NO,NO
PROJECT_INFO,88,WIP_BUR_GL_ACCT_ID,nvarchar,60,0,0,YES,NO,NO
PROJECT_INFO,89,WIP_SER_GL_ACCT_ID,nvarchar,60,0,0,YES,NO,NO
PROJECT_INFO,90,PROJECT_STATUS,nchar,2,0,0,YES,NO,NO
PROJECT_INFO,91,CURRENCY_ID,nvarchar,30,0,0,YES,NO,NO
PROJECT_INFO,92,FIXED_RATE_CO_ID,nvarchar,30,0,0,YES,NO,NO
PROJECT_STATUS,1,ROWID,int,4,10,0,NO,YES,NO
PROJECT_STATUS,2,CODE,nvarchar,30,0,0,NO,NO,NO
PROJECT_SUMMARY,1,ROWID,int,4,10,0,NO,YES,NO
PROJECT_SUMMARY,2,ID,nvarchar,30,0,0,NO,NO,NO
PROJECT_SUMMARY,3,DESCRIPTION,nvarchar,160,0,0,YES,NO,NO
PROJECT_SUMMARY,4,PROJECT_ID,nvarchar,30,0,0,YES,NO,NO
PROJECT_SUMMARY,5,PROJECT_SUMM_TYPE,nvarchar,2,0,0,YES,NO,NO
PROJECT_SUMMARY,6,WORKORDER_TYPE,nchar,2,0,0,YES,NO,NO
PROJECT_SUMMARY,7,WORKORDER_BASE_ID,nvarchar,60,0,0,YES,NO,NO
PROJECT_SUMMARY,8,WORKORDER_LOT_ID,nvarchar,6,0,0,YES,NO,NO
PROJECT_SUMMARY,9,WORKORDER_SPLIT_ID,nvarchar,6,0,0,YES,NO,NO
PROJECT_SUMMARY,10,WORKORDER_SUB_ID,nvarchar,6,0,0,YES,NO,NO
PROJECT_SUMMARY,11,OPERATION_SEQ_NO,smallint,2,5,0,YES,NO,NO
PROJECT_SUMMARY,12,WBS_CODE,nvarchar,60,0,0,YES,NO,NO
PROJECT_SUMMARY,13,DEPARTMENT_ID,nvarchar,30,0,0,YES,NO,NO
PROJECT_SUMMARY,14,COST_CATEGORY_ID,nvarchar,30,0,0,YES,NO,NO
PROJECT_SUMMARY,15,RESOURCE_ID,nvarchar,30,0,0,YES,NO,NO
PROJECT_SUMMARY,16,RATE_ID,nvarchar,30,0,0,YES,NO,NO
PROJECT_SUMMARY,17,ACCOUNT_YEAR,decimal,5,4,0,YES,NO,NO
PROJECT_SUMMARY,18,ACCOUNT_PERIOD,decimal,5,2,0,YES,NO,NO
PROJECT_SUMMARY,19,AMOUNT,decimal,13,23,8,YES,NO,NO
PROJECT_SUMMARY,20,HOURS,decimal,9,15,2,YES,NO,NO
PROJECT_SUMMARY,21,APPLY_BURDEN,nchar,2,0,0,YES,NO,NO
PROJECT_SUMMARY,22,OVERHEAD_FLAG,nchar,2,0,0,YES,NO,NO
PROJECT_SUMMARY,23,CREATE_DATE,datetime,8,23,3,YES,NO,NO
PROJECT_SUMMARY,24,ACTUALS_OVERLAYED,nchar,2,0,0,YES,NO,NO
PROJECT_SUMMARY,25,ETC_VERSION_ID,nvarchar,30,0,0,YES,NO,NO
PROJECT_SUMMARY,26,SITE_ID,nvarchar,30,0,0,NO,NO,NO
PROJECT_TYPE,1,ROWID,int,4,10,0,NO,YES,NO
PROJECT_TYPE,2,CODE,nvarchar,30,0,0,NO,NO,NO
PROJECT_TYPE,3,DESCRIPTION,nvarchar,160,0,0,YES,NO,NO
PROJECT_TYPE,4,USE_FOR_COMMERCIAL,nchar,2,0,0,YES,NO,NO
PRORATED_LABOR_TX,1,ROWID,int,4,10,0,NO,YES,NO
PRORATED_LABOR_TX,2,PRORATE_ID,int,4,10,0,NO,NO,NO
PRORATED_LABOR_TX,3,TRANSACTION_ID,int,4,10,0,NO,NO,NO
PRORATED_LABOR_TX,4,PRORATE_TYPE,nchar,2,0,0,NO,NO,NO
PURC_CATEGORY_TYPE,1,ROWID,int,4,10,0,NO,YES,NO
PURC_CATEGORY_TYPE,2,CODE,nvarchar,30,0,0,NO,NO,NO
PURC_CATEGORY_TYPE,3,DESCRIPTION,nvarchar,160,0,0,YES,NO,NO
PURC_GROUP_USER,1,ROWID,int,4,10,0,NO,YES,NO
PURC_GROUP_USER,2,PURC_REQ_ID,nvarchar,30,0,0,NO,NO,NO
PURC_GROUP_USER,3,GROUP_TYPE,nvarchar,4,0,0,NO,NO,NO
PURC_GROUP_USER,4,USER_ID,nvarchar,40,0,0,NO,NO,NO
PURC_GROUP_USER,5,IS_LEADER,nchar,2,0,0,YES,NO,NO
PURC_GROUP_USER,6,USER_SIGNOFF,nchar,2,0,0,YES,NO,NO
PURC_GROUP_USER,7,CREATE_DATE,datetime,8,23,3,NO,NO,NO
PURC_HISTORY,1,ROWID,int,4,10,0,NO,YES,NO
PURC_HISTORY,2,PURC_REQ_ID,nvarchar,30,0,0,NO,NO,NO
PURC_HISTORY,3,TYPE,nchar,2,0,0,NO,NO,NO
PURC_HISTORY,4,BITS,image,16,0,0,YES,NO,NO
PURC_HISTORY,5,BITS_LENGTH,int,4,10,0,NO,NO,NO
PURC_LINE_BINARY,1,ROWID,int,4,10,0,NO,YES,NO
PURC_LINE_BINARY,2,PURC_ORDER_ID,nvarchar,30,0,0,NO,NO,NO
PURC_LINE_BINARY,3,PURC_ORDER_LINE_NO,smallint,2,5,0,NO,NO,NO
PURC_LINE_BINARY,4,TYPE,nchar,2,0,0,NO,NO,NO
PURC_LINE_BINARY,5,BITS,image,16,0,0,YES,NO,NO
PURC_LINE_BINARY,6,BITS_LENGTH,int,4,10,0,NO,NO,NO
PURC_LINE_DEL,1,ROWID,int,4,10,0,NO,YES,NO
PURC_LINE_DEL,2,PURC_ORDER_ID,nvarchar,30,0,0,NO,NO,NO
PURC_LINE_DEL,3,PURC_ORDER_LINE_NO,smallint,2,5,0,NO,NO,NO
PURC_LINE_DEL,4,DEL_SCHED_LINE_NO,smallint,2,5,0,NO,NO,NO
PURC_LINE_DEL,5,DESIRED_RECV_DATE,datetime,8,23,3,YES,NO,NO
PURC_LINE_DEL,6,ACTUAL_RECV_DATE,datetime,8,23,3,YES,NO,NO
PURC_LINE_DEL,7,USER_ORDER_QTY,decimal,13,20,8,NO,NO,NO
PURC_LINE_DEL,8,ORDER_QTY,decimal,13,20,8,NO,NO,NO
PURC_LINE_DEL,9,RECEIVED_QTY,decimal,13,20,8,YES,NO,NO
PURC_LINE_DEL,10,SHIPTO_ID,nvarchar,40,0,0,YES,NO,NO
PURC_LINE_DEL,11,RELEASE_NUMBER,nvarchar,60,0,0,YES,NO,NO
PURC_LINE_DEL,12,USER_1,nvarchar,60,0,0,YES,NO,NO
PURC_LINE_DEL,13,USER_2,nvarchar,60,0,0,YES,NO,NO
PURC_LINE_DEL,14,USER_RECEIVED_QTY,decimal,13,20,8,YES,NO,NO
PURC_LINE_DEL,15,PIECE_COUNT,int,4,10,0,YES,NO,NO
PURC_LINE_DEL,16,WAREHOUSE_ID,nvarchar,30,0,0,YES,NO,NO
PURC_LINE_DEL,17,WIP_VAS_REQUIRED,nchar,2,0,0,YES,NO,NO
PURC_LINE_DEL,18,ALLOCATED_QTY,decimal,13,20,8,YES,NO,NO
PURC_LINE_DEL,19,FULFILLED_QTY,decimal,13,20,8,YES,NO,NO
PURC_LINE_DEL,20,DISPATCH_ADDR_ID,nvarchar,40,0,0,YES,NO,NO
PURC_LINE_DEL,21,SHIPFROM_ID,nvarchar,40,0,0,YES,NO,NO
PURC_LINE_DEL,22,DISPATCHED,nchar,2,0,0,YES,NO,NO
PURC_LINE_TRC_CTL,1,ROWID,int,4,10,0,NO,YES,NO
PURC_LINE_TRC_CTL,2,PURC_ORDER_ID,nvarchar,30,0,0,NO,NO,NO
PURC_LINE_TRC_CTL,3,PURC_ORDER_LINE_NO,int,4,10,0,NO,NO,NO
PURC_LINE_TRC_CTL,4,SERIAL_ID_CTL,nvarchar,340,0,0,YES,NO,NO
PURC_LINE_TRC_CTL,5,LOT_ID_CTL,nvarchar,340,0,0,YES,NO,NO
PURC_LINE_TRC_CTL,6,APROPERTY_1_CTL,nvarchar,340,0,0,YES,NO,NO
PURC_LINE_TRC_CTL,7,APROPERTY_2_CTL,nvarchar,340,0,0,YES,NO,NO
PURC_LINE_TRC_CTL,8,APROPERTY_3_CTL,nvarchar,340,0,0,YES,NO,NO
PURC_LINE_TRC_CTL,9,APROPERTY_4_CTL,nvarchar,340,0,0,YES,NO,NO
PURC_LINE_TRC_CTL,10,APROPERTY_5_CTL,nvarchar,340,0,0,YES,NO,NO
PURC_LINE_TRC_CTL,11,NPROPERTY_1_CTL,nvarchar,80,0,0,YES,NO,NO
PURC_LINE_TRC_CTL,12,NPROPERTY_2_CTL,nvarchar,80,0,0,YES,NO,NO
PURC_LINE_TRC_CTL,13,NPROPERTY_3_CTL,nvarchar,80,0,0,YES,NO,NO
PURC_LINE_TRC_CTL,14,NPROPERTY_4_CTL,nvarchar,80,0,0,YES,NO,NO
PURC_LINE_TRC_CTL,15,NPROPERTY_5_CTL,nvarchar,80,0,0,YES,NO,NO
PURC_LINE_TRC_CTL,16,EXPIRE_DATE_CTL,nvarchar,100,0,0,YES,NO,NO
PURC_LINE_TRC_CTL,17,PROD_DATE_CTL,nvarchar,100,0,0,YES,NO,NO
PURC_LINE_TRC_CTL,18,REC_BY_DATE_CTL,nvarchar,100,0,0,YES,NO,NO
PURC_LINE_TRC_CTL,19,AVAILABLE_DATE_CTL,nvarchar,100,0,0,YES,NO,NO
PURC_LINE_TRC_CTL,20,SHIP_BY_DATE_CTL,nvarchar,100,0,0,YES,NO,NO
PURC_MATL_DETAIL,1,ROWID,int,4,10,0,NO,YES,NO
PURC_MATL_DETAIL,2,PURC_ORDER_ID,nvarchar,30,0,0,NO,NO,NO
PURC_MATL_DETAIL,3,DIST_NO,smallint,2,5,0,NO,NO,NO
PURC_MATL_DETAIL,4,TRANSACTION_ID,int,4,10,0,NO,NO,NO
PURC_MATL_DETAIL,5,PURC_ORDER_LINE_NO,smallint,2,5,0,NO,NO,NO
PURC_MATL_DETAIL,6,PART_ID,nvarchar,60,0,0,YES,NO,NO
PURC_MATL_DETAIL,7,ACT_MATERIAL_COST,decimal,13,23,8,YES,NO,NO
PURC_MATL_DETAIL,8,ACT_LABOR_COST,decimal,13,23,8,YES,NO,NO
PURC_MATL_DETAIL,9,ACT_BURDEN_COST,decimal,13,23,8,YES,NO,NO
PURC_MATL_DETAIL,10,ACT_SERVICE_COST,decimal,13,23,8,YES,NO,NO
PURC_MATL_DETAIL,11,REFERENCE,nvarchar,100,0,0,YES,NO,NO
PURC_MATL_DETAIL,12,CURRENCY_ID,nvarchar,30,0,0,NO,NO,NO
PURC_MATL_DETAIL,13,DR_MAT_GL_ACCT_ID,nvarchar,60,0,0,YES,NO,NO
PURC_MATL_DETAIL,14,DR_LAB_GL_ACCT_ID,nvarchar,60,0,0,YES,NO,NO
PURC_MATL_DETAIL,15,DR_BUR_GL_ACCT_ID,nvarchar,60,0,0,YES,NO,NO
PURC_MATL_DETAIL,16,DR_SER_GL_ACCT_ID,nvarchar,60,0,0,YES,NO,NO
PURC_MATL_DETAIL,17,CR_MAT_GL_ACCT_ID,nvarchar,60,0,0,YES,NO,NO
PURC_MATL_DETAIL,18,CR_LAB_GL_ACCT_ID,nvarchar,60,0,0,YES,NO,NO
PURC_MATL_DETAIL,19,CR_BUR_GL_ACCT_ID,nvarchar,60,0,0,YES,NO,NO
PURC_MATL_DETAIL,20,CR_SER_GL_ACCT_ID,nvarchar,60,0,0,YES,NO,NO
PURC_ORDER_BINARY,1,ROWID,int,4,10,0,NO,YES,NO
PURC_ORDER_BINARY,2,PURC_ORDER_ID,nvarchar,30,0,0,NO,NO,NO
PURC_ORDER_BINARY,3,TYPE,nchar,2,0,0,NO,NO,NO
PURC_ORDER_BINARY,4,BITS,image,16,0,0,YES,NO,NO
PURC_ORDER_BINARY,5,BITS_LENGTH,int,4,10,0,NO,NO,NO
PURC_ORDER_CURR,1,ROWID,int,4,10,0,NO,YES,NO
PURC_ORDER_CURR,2,PURC_ORDER_ID,nvarchar,30,0,0,NO,NO,NO
PURC_ORDER_CURR,3,CURRENCY_ID,nvarchar,30,0,0,NO,NO,NO
PURC_ORDER_CURR,4,AMOUNT,decimal,13,23,8,NO,NO,NO
PURC_ORDER_CURR,5,SELL_RATE,decimal,9,15,8,NO,NO,NO
PURC_ORDER_CURR,6,BUY_RATE,decimal,9,15,8,NO,NO,NO
PURC_ORDER_LINE,1,ROWID,int,4,10,0,NO,YES,NO
PURC_ORDER_LINE,2,PURC_ORDER_ID,nvarchar,30,0,0,NO,NO,NO
PURC_ORDER_LINE,3,LINE_NO,smallint,2,5,0,NO,NO,NO
PURC_ORDER_LINE,4,PART_ID,nvarchar,60,0,0,YES,NO,NO
PURC_ORDER_LINE,5,VENDOR_PART_ID,nvarchar,60,0,0,YES,NO,NO
PURC_ORDER_LINE,6,SERVICE_ID,nvarchar,30,0,0,YES,NO,NO
PURC_ORDER_LINE,7,USER_ORDER_QTY,decimal,13,20,8,NO,NO,NO
PURC_ORDER_LINE,8,ORDER_QTY,decimal,13,20,8,NO,NO,NO
PURC_ORDER_LINE,9,PURCHASE_UM,nvarchar,30,0,0,YES,NO,NO
PURC_ORDER_LINE,10,UNIT_PRICE,decimal,13,22,8,NO,NO,NO
PURC_ORDER_LINE,11,TRADE_DISC_PERCENT,decimal,5,6,3,NO,NO,NO
PURC_ORDER_LINE,12,FIXED_CHARGE,decimal,13,23,8,YES,NO,NO
PURC_ORDER_LINE,13,EST_FREIGHT,decimal,13,23,8,NO,NO,NO
PURC_ORDER_LINE,14,GL_EXPENSE_ACCT_ID,nvarchar,60,0,0,YES,NO,NO
PURC_ORDER_LINE,15,SALES_TAX_GROUP_ID,nvarchar,30,0,0,YES,NO,NO
PURC_ORDER_LINE,16,PRODUCT_CODE,nvarchar,30,0,0,YES,NO,NO
PURC_ORDER_LINE,17,COMMODITY_CODE,nvarchar,30,0,0,YES,NO,NO
PURC_ORDER_LINE,18,DESIRED_RECV_DATE,datetime,8,23,3,YES,NO,NO
PURC_ORDER_LINE,19,LINE_STATUS,nchar,2,0,0,NO,NO,NO
PURC_ORDER_LINE,20,LAST_RECEIVED_DATE,datetime,8,23,3,YES,NO,NO
PURC_ORDER_LINE,21,TOTAL_ACT_FREIGHT,decimal,13,23,8,NO,NO,NO
PURC_ORDER_LINE,22,TOTAL_USR_RECD_QTY,decimal,13,20,8,NO,NO,NO
PURC_ORDER_LINE,23,TOTAL_RECEIVED_QTY,decimal,13,20,8,NO,NO,NO
PURC_ORDER_LINE,24,TOTAL_AMT_RECVD,decimal,13,23,8,NO,NO,NO
PURC_ORDER_LINE,25,TOTAL_AMT_ORDERED,decimal,13,23,8,NO,NO,NO
PURC_ORDER_LINE,26,MFG_NAME,nvarchar,60,0,0,YES,NO,NO
PURC_ORDER_LINE,27,MFG_PART_ID,nvarchar,60,0,0,YES,NO,NO
PURC_ORDER_LINE,28,PROMISE_DATE,datetime,8,23,3,YES,NO,NO
PURC_ORDER_LINE,29,PIECE_COUNT,decimal,13,20,8,YES,NO,NO
PURC_ORDER_LINE,30,LENGTH,decimal,9,14,4,YES,NO,NO
PURC_ORDER_LINE,31,WIDTH,decimal,9,14,4,YES,NO,NO
PURC_ORDER_LINE,32,HEIGHT,decimal,9,14,4,YES,NO,NO
PURC_ORDER_LINE,33,DIMENSIONS_UM,nvarchar,30,0,0,YES,NO,NO
PURC_ORDER_LINE,34,VAT_CODE,nvarchar,30,0,0,YES,NO,NO
PURC_ORDER_LINE,35,TOTAL_DISPATCH_QTY,decimal,13,20,8,NO,NO,NO
PURC_ORDER_LINE,36,TOTAL_USR_DISP_QTY,decimal,13,20,8,NO,NO,NO
PURC_ORDER_LINE,37,MINIMUM_CHARGE,decimal,13,23,8,YES,NO,NO
PURC_ORDER_LINE,38,LAST_DISPATCH_DATE,datetime,8,23,3,YES,NO,NO
PURC_ORDER_LINE,39,EDI_BLANKET_QTY,decimal,13,20,8,YES,NO,NO
PURC_ORDER_LINE,40,EDI_BLANKET_USRQTY,decimal,13,20,8,YES,NO,NO
PURC_ORDER_LINE,41,EDI_ACCUM_QTY_REL,decimal,13,20,8,YES,NO,NO
PURC_ORDER_LINE,42,EDI_ACCUM_USR_REL,decimal,13,20,8,YES,NO,NO
PURC_ORDER_LINE,43,EDI_ACCUM_QTY_REC,decimal,13,20,8,YES,NO,NO
PURC_ORDER_LINE,44,EDI_ACCUM_USR_REC,decimal,13,20,8,YES,NO,NO
PURC_ORDER_LINE,45,EDI_LAST_REC_DATE,datetime,8,23,3,YES,NO,NO
PURC_ORDER_LINE,46,EDI_RELEASE_NO,nvarchar,60,0,0,YES,NO,NO
PURC_ORDER_LINE,47,EDI_RELEASE_DATE,datetime,8,23,3,YES,NO,NO
PURC_ORDER_LINE,48,EDI_QTY_RELEASED,decimal,13,20,8,YES,NO,NO
PURC_ORDER_LINE,49,EDI_USR_QTY_REL,decimal,13,20,8,YES,NO,NO
PURC_ORDER_LINE,50,EDI_REQ_REL_DATE,datetime,8,23,3,YES,NO,NO
PURC_ORDER_LINE,51,SHIPTO_ID,nvarchar,40,0,0,YES,NO,NO
PURC_ORDER_LINE,52,WAREHOUSE_ID,nvarchar,30,0,0,YES,NO,NO
PURC_ORDER_LINE,53,WIP_VAS_REQUIRED,nchar,2,0,0,YES,NO,NO
PURC_ORDER_LINE,54,ALLOCATED_QTY,decimal,13,20,8,NO,NO,NO
PURC_ORDER_LINE,55,FULFILLED_QTY,decimal,13,20,8,NO,NO,NO
PURC_ORDER_LINE,56,HTS_CODE,nvarchar,40,0,0,YES,NO,NO
PURC_ORDER_LINE,57,ORIG_COUNTRY_ID,nvarchar,100,0,0,YES,NO,NO
PURC_ORDER_LINE,58,USER_1,nvarchar,160,0,0,YES,NO,NO
PURC_ORDER_LINE,59,USER_2,nvarchar,160,0,0,YES,NO,NO
PURC_ORDER_LINE,60,USER_3,nvarchar,160,0,0,YES,NO,NO
PURC_ORDER_LINE,61,USER_4,nvarchar,160,0,0,YES,NO,NO
PURC_ORDER_LINE,62,USER_5,nvarchar,160,0,0,YES,NO,NO
PURC_ORDER_LINE,63,USER_6,nvarchar,160,0,0,YES,NO,NO
PURC_ORDER_LINE,64,USER_7,nvarchar,160,0,0,YES,NO,NO
PURC_ORDER_LINE,65,USER_8,nvarchar,160,0,0,YES,NO,NO
PURC_ORDER_LINE,66,USER_9,nvarchar,160,0,0,YES,NO,NO
PURC_ORDER_LINE,67,USER_10,nvarchar,160,0,0,YES,NO,NO
PURC_ORDER_LINE,68,UDF_LAYOUT_ID,nvarchar,30,0,0,YES,NO,NO
PURC_ORDER_LINE,69,vat_category,nvarchar,30,0,0,YES,NO,NO
PURC_ORDER_LINE,70,VAT_AMOUNT,decimal,13,23,8,YES,NO,NO
PURC_ORDER_LINE,71,VAT_RCV_AMOUNT,decimal,13,23,8,YES,NO,NO
PURC_ORDER_LINE,72,WBS_CODE,nvarchar,60,0,0,YES,NO,NO
PURC_ORDER_LINE,73,DEPARTMENT_ID,nvarchar,30,0,0,YES,NO,NO
PURC_ORDER_LINE,74,PART_GL_ACCOUNT,nvarchar,60,0,0,YES,NO,NO
PURC_ORDER_LINE,75,COST_CATEGORY_ID,nvarchar,30,0,0,YES,NO,NO
PURC_ORDER_LINE,76,PROJ_REF_SEQ_NO,smallint,2,5,0,YES,NO,NO
PURC_ORDER_LINE,77,PROJ_REF_SUB_ID,nvarchar,6,0,0,YES,NO,NO
PURC_ORDER_LINE,78,DISPATCH_ADDR_ID,nvarchar,40,0,0,YES,NO,NO
PURC_ORDER_LINE,79,SHIPFROM_ID,nvarchar,40,0,0,YES,NO,NO
PURC_ORDER_LINE,80,QA_QTY,decimal,13,20,8,YES,NO,NO
PURC_ORDER_LINE,81,OWNER_ID,nvarchar,30,0,0,YES,NO,NO
PURC_ORDER_LINE,82,TRACE_QTY,decimal,13,20,8,YES,NO,NO
PURC_ORDER_LINE,83,DISPATCHED,nchar,2,0,0,YES,NO,NO
PURC_ORDER_LINE,84,TRANS_CATEGORY_ID,nvarchar,30,0,0,YES,NO,NO
PURC_ORDER_LINE,85,ORIG_STAGE_REVISION_ID,nvarchar,48,0,0,YES,NO,NO
PURC_ORDER_LINE,86,CONSIGNED_WHS_ID,nvarchar,30,0,0,YES,NO,NO
PURC_ORDER_LINE,87,CONSIGNED_LOC_ID,nvarchar,30,0,0,YES,NO,NO
PURC_ORDER_LINE,88,STATUS_EFF_DATE,datetime,8,23,3,NO,NO,NO
PURC_ORDER_LINE,89,PROMISE_SHIP_DATE,datetime,8,23,3,YES,NO,NO
PURC_ORDER_LINE,90,SPECIAL_PRICE_AUTH,nvarchar,200,0,0,YES,NO,NO
PURC_ORDER_LINE,91,CONTRACT_ID,nvarchar,60,0,0,YES,NO,NO
PURC_ORDER_LINE,92,CONTRACT_LINE_NO,smallint,2,5,0,YES,NO,NO
PURC_ORDER_LINE,93,SITE_ID,nvarchar,30,0,0,NO,NO,NO
PURC_ORDER_LINE,94,POSTING_CANDIDATE,nchar,2,0,0,NO,NO,NO
PURC_ORDER_LINE,95,ENTERED_BY,nvarchar,40,0,0,YES,NO,NO
PURC_ORDER_LINE,96,EMAIL_NOTIFICATION,nchar,2,0,0,NO,NO,NO
PURC_ORDER_LINE,97,VAT_IE_PERCENT,decimal,5,6,3,YES,NO,NO
PURC_ORDER_LINE,98,VAT_IE_AMOUNT,decimal,13,23,8,YES,NO,NO
PURC_ORDER_LINE,99,VAT_IE_DR_GL_ACCT_ID,nvarchar,60,0,0,YES,NO,NO
PURC_ORDER_LINE,100,VAT_IE_CR_GL_ACCT_ID,nvarchar,60,0,0,YES,NO,NO
PURC_ORDER_LINE,101,CONFIRMED_SHIP_DATE,datetime,8,23,3,YES,NO,NO
PURC_ORDER_REQ,1,ROWID,int,4,10,0,NO,YES,NO
PURC_ORDER_REQ,2,PURC_ORD_ID,nvarchar,30,0,0,NO,NO,NO
PURC_ORDER_REQ,3,PURC_ORD_LINE_NO,smallint,2,5,0,NO,NO,NO
PURC_ORDER_REQ,4,PURC_REQ_ID,nvarchar,30,0,0,NO,NO,NO
PURC_ORDER_REQ,5,PURC_REQ_LINE_NO,smallint,2,5,0,NO,NO,NO
PURC_ORDER_RFQ,1,ROWID,int,4,10,0,NO,YES,NO
PURC_ORDER_RFQ,2,PURC_ORD_ID,nvarchar,30,0,0,NO,NO,NO
PURC_ORDER_RFQ,3,PURC_ORD_LINE_NO,smallint,2,5,0,NO,NO,NO
PURC_ORDER_RFQ,4,PURC_RFQ_ID,nvarchar,30,0,0,NO,NO,NO
PURC_ORDER_RFQ,5,PURC_RFQ_LINE_NO,smallint,2,5,0,NO,NO,NO
PURC_ORDER_SYNC,1,ROWID,int,4,10,0,NO,YES,NO
PURC_ORDER_SYNC,2,EVENT_ID,int,4,10,0,NO,NO,NO
PURC_ORDER_SYNC,3,TYPE,nchar,2,0,0,NO,NO,NO
PURC_ORDER_SYNC,4,CREATE_DATE,datetime,8,23,3,NO,NO,NO
PURC_ORDER_SYNC,5,PURC_ORDER_ID,nvarchar,30,0,0,NO,NO,NO
PURC_ORDER_SYNC,6,EXCEPTION,nchar,2,0,0,NO,NO,NO
PURC_ORDER_SYNC,7,SUBSCRIPTIONS,int,4,10,0,NO,NO,NO
PURC_REQ_BINARY,1,ROWID,int,4,10,0,NO,YES,NO
PURC_REQ_BINARY,2,PURC_REQ_ID,nvarchar,30,0,0,NO,NO,NO
PURC_REQ_BINARY,3,TYPE,nchar,2,0,0,NO,NO,NO
PURC_REQ_BINARY,4,BITS,image,16,0,0,YES,NO,NO
PURC_REQ_BINARY,5,BITS_LENGTH,int,4,10,0,NO,NO,NO
PURC_REQ_CURR,1,ROWID,int,4,10,0,NO,YES,NO
PURC_REQ_CURR,2,PURC_REQ_ID,nvarchar,30,0,0,NO,NO,NO
PURC_REQ_CURR,3,CURRENCY_ID,nvarchar,30,0,0,NO,NO,NO
PURC_REQ_CURR,4,AMOUNT,decimal,13,23,8,NO,NO,NO
PURC_REQ_CURR,5,SELL_RATE,decimal,9,15,8,NO,NO,NO
PURC_REQ_CURR,6,BUY_RATE,decimal,9,15,8,NO,NO,NO
PURC_REQ_LINE,1,ROWID,int,4,10,0,NO,YES,NO
PURC_REQ_LINE,2,PURC_REQ_ID,nvarchar,30,0,0,NO,NO,NO
PURC_REQ_LINE,3,LINE_NO,smallint,2,5,0,NO,NO,NO
PURC_REQ_LINE,4,PART_ID,nvarchar,60,0,0,YES,NO,NO
PURC_REQ_LINE,5,VENDOR_ID,nvarchar,30,0,0,YES,NO,NO
PURC_REQ_LINE,6,VENDOR_PART_ID,nvarchar,60,0,0,YES,NO,NO
PURC_REQ_LINE,7,SERVICE_ID,nvarchar,30,0,0,YES,NO,NO
PURC_REQ_LINE,8,USER_ORDER_QTY,decimal,13,20,8,NO,NO,NO
PURC_REQ_LINE,9,ORDER_QTY,decimal,13,20,8,YES,NO,NO
PURC_REQ_LINE,10,PURCHASE_UM,nvarchar,30,0,0,YES,NO,NO
PURC_REQ_LINE,11,UNIT_PRICE,decimal,13,22,8,NO,NO,NO
PURC_REQ_LINE,12,TRADE_DISC_PERCENT,decimal,5,6,3,NO,NO,NO
PURC_REQ_LINE,13,FIXED_CHARGE,decimal,13,23,8,YES,NO,NO
PURC_REQ_LINE,14,EST_FREIGHT,decimal,13,23,8,NO,NO,NO
PURC_REQ_LINE,15,GL_EXPENSE_ACCT_ID,nvarchar,60,0,0,YES,NO,NO
PURC_REQ_LINE,16,SALES_TAX_GROUP_ID,nvarchar,30,0,0,YES,NO,NO
PURC_REQ_LINE,17,PRODUCT_CODE,nvarchar,30,0,0,YES,NO,NO
PURC_REQ_LINE,18,COMMODITY_CODE,nvarchar,30,0,0,YES,NO,NO
PURC_REQ_LINE,19,DESIRED_RECV_DATE,datetime,8,23,3,YES,NO,NO
PURC_REQ_LINE,20,LINE_STATUS,nchar,2,0,0,NO,NO,NO
PURC_REQ_LINE,21,TOTAL_AMT_RECVD,decimal,13,23,8,NO,NO,NO
PURC_REQ_LINE,22,TOTAL_AMT_ORDERED,decimal,13,23,8,NO,NO,NO
PURC_REQ_LINE,23,MFG_NAME,nvarchar,60,0,0,YES,NO,NO
PURC_REQ_LINE,24,MFG_PART_ID,nvarchar,60,0,0,YES,NO,NO
PURC_REQ_LINE,25,PIECE_COUNT,decimal,13,20,8,YES,NO,NO
PURC_REQ_LINE,26,LENGTH,decimal,9,14,4,YES,NO,NO
PURC_REQ_LINE,27,WIDTH,decimal,9,14,4,YES,NO,NO
PURC_REQ_LINE,28,HEIGHT,decimal,9,14,4,YES,NO,NO
PURC_REQ_LINE,29,DIMENSIONS_UM,nvarchar,30,0,0,YES,NO,NO
PURC_REQ_LINE,30,VAT_CODE,nvarchar,30,0,0,YES,NO,NO
PURC_REQ_LINE,31,MINIMUM_CHARGE,decimal,13,23,8,YES,NO,NO
PURC_REQ_LINE,32,SHIPTO_ID,nvarchar,40,0,0,YES,NO,NO
PURC_REQ_LINE,33,WAREHOUSE_ID,nvarchar,30,0,0,YES,NO,NO
PURC_REQ_LINE,34,ALLOCATED_QTY,decimal,13,20,8,NO,NO,NO
PURC_REQ_LINE,35,FULFILLED_QTY,decimal,13,20,8,NO,NO,NO
PURC_REQ_LINE,36,WORKORDER_BASE_ID,nvarchar,60,0,0,YES,NO,NO
PURC_REQ_LINE,37,WORKORDER_LOT_ID,nvarchar,6,0,0,YES,NO,NO
PURC_REQ_LINE,38,WORKORDER_SPLIT_ID,nvarchar,6,0,0,YES,NO,NO
PURC_REQ_LINE,39,WORKORDER_SUB_ID,nvarchar,6,0,0,YES,NO,NO
PURC_REQ_LINE,40,WORKORDER_SEQ_NO,smallint,2,5,0,YES,NO,NO
PURC_REQ_LINE,41,WORKORDER_PIECE_NO,smallint,2,5,0,YES,NO,NO
PURC_REQ_LINE,42,WBS_CODE,nvarchar,60,0,0,YES,NO,NO
PURC_REQ_LINE,43,DEPARTMENT_ID,nvarchar,30,0,0,YES,NO,NO
PURC_REQ_LINE,44,PART_GL_ACCOUNT,nvarchar,60,0,0,YES,NO,NO
PURC_REQ_LINE,45,COST_CATEGORY_ID,nvarchar,30,0,0,YES,NO,NO
PURC_REQ_LINE,46,PROJ_REF_SEQ_NO,smallint,2,5,0,YES,NO,NO
PURC_REQ_LINE,47,PROJ_REF_SUB_ID,nvarchar,6,0,0,YES,NO,NO
PURC_REQ_LINE,48,SHIPFROM_ID,nvarchar,40,0,0,YES,NO,NO
PURC_REQ_LINE,49,HTS_CODE,nvarchar,40,0,0,YES,NO,NO
PURC_REQ_LINE,50,ORIG_COUNTRY_ID,nvarchar,100,0,0,YES,NO,NO
PURC_REQ_LINE,51,UDF_LAYOUT_ID,nvarchar,30,0,0,YES,NO,NO
PURC_REQ_LINE,52,USER_1,nvarchar,160,0,0,YES,NO,NO
PURC_REQ_LINE,53,USER_2,nvarchar,160,0,0,YES,NO,NO
PURC_REQ_LINE,54,USER_3,nvarchar,160,0,0,YES,NO,NO
PURC_REQ_LINE,55,USER_4,nvarchar,160,0,0,YES,NO,NO
PURC_REQ_LINE,56,USER_5,nvarchar,160,0,0,YES,NO,NO
PURC_REQ_LINE,57,USER_6,nvarchar,160,0,0,YES,NO,NO
PURC_REQ_LINE,58,USER_7,nvarchar,160,0,0,YES,NO,NO
PURC_REQ_LINE,59,USER_8,nvarchar,160,0,0,YES,NO,NO
PURC_REQ_LINE,60,USER_9,nvarchar,160,0,0,YES,NO,NO
PURC_REQ_LINE,61,USER_10,nvarchar,160,0,0,YES,NO,NO
PURC_REQ_LINE,62,VAT_CATEGORY,nvarchar,30,0,0,YES,NO,NO
PURC_REQ_LINE,63,VAT_AMOUNT,decimal,13,23,8,YES,NO,NO
PURC_REQ_LINE,64,VAT_RCV_AMOUNT,decimal,13,23,8,YES,NO,NO
PURC_REQ_LINE,65,ORIG_STAGE_REVISION_ID,nvarchar,48,0,0,YES,NO,NO
PURC_REQ_LINE,66,STATUS_EFF_DATE,datetime,8,23,3,NO,NO,NO
PURC_REQ_LINE,67,CONTRACT_ID,nvarchar,60,0,0,YES,NO,NO
PURC_REQ_LINE,68,CONTRACT_LINE_NO,smallint,2,5,0,YES,NO,NO
PURC_REQ_LINE_DEL,1,ROWID,int,4,10,0,NO,YES,NO
PURC_REQ_LINE_DEL,2,PURC_REQ_ID,nvarchar,30,0,0,NO,NO,NO
PURC_REQ_LINE_DEL,3,PURC_REQ_LINE_NO,smallint,2,5,0,NO,NO,NO
PURC_REQ_LINE_DEL,4,DEL_SCHED_LINE_NO,smallint,2,5,0,NO,NO,NO
PURC_REQ_LINE_DEL,5,DESIRED_RECV_DATE,datetime,8,23,3,YES,NO,NO
PURC_REQ_LINE_DEL,6,USER_ORDER_QTY,decimal,13,20,8,NO,NO,NO
PURC_REQ_LINE_DEL,7,ORDER_QTY,decimal,13,20,8,NO,NO,NO
PURC_REQ_LINE_DEL,8,SHIPTO_ID,nvarchar,40,0,0,YES,NO,NO
PURC_REQ_LINE_DEL,9,SHIPFROM_ID,nvarchar,40,0,0,YES,NO,NO
PURC_REQ_LINE_DEL,10,USER_RECEIVED_QTY,decimal,13,20,8,YES,NO,NO
PURC_REQ_LINE_DEL,11,PIECE_COUNT,int,4,10,0,YES,NO,NO
PURC_REQ_LINE_DEL,12,WAREHOUSE_ID,nvarchar,30,0,0,YES,NO,NO
PURC_REQ_LINE_DEL,13,USER_1,nvarchar,60,0,0,YES,NO,NO
PURC_REQ_LINE_DEL,14,USER_2,nvarchar,60,0,0,YES,NO,NO
PURC_REQ_LINE_DEL,15,USER_3,nvarchar,60,0,0,YES,NO,NO
PURC_REQ_LINE_DEL,16,USER_4,nvarchar,60,0,0,YES,NO,NO
PURC_REQ_LINE_DEL,17,USER_5,nvarchar,60,0,0,YES,NO,NO
PURC_REQ_LINE_DEL,18,USER_6,nvarchar,60,0,0,YES,NO,NO
PURC_REQ_LINE_DEL,19,USER_7,nvarchar,60,0,0,YES,NO,NO
PURC_REQ_LINE_DEL,20,USER_8,nvarchar,60,0,0,YES,NO,NO
PURC_REQ_LINE_DEL,21,USER_9,nvarchar,60,0,0,YES,NO,NO
PURC_REQ_LINE_DEL,22,USER_10,nvarchar,60,0,0,YES,NO,NO
PURC_REQ_LN_BINARY,1,ROWID,int,4,10,0,NO,YES,NO
PURC_REQ_LN_BINARY,2,PURC_REQ_ID,nvarchar,30,0,0,NO,NO,NO
PURC_REQ_LN_BINARY,3,PURC_REQ_LINE_NO,smallint,2,5,0,NO,NO,NO
PURC_REQ_LN_BINARY,4,TYPE,nchar,2,0,0,NO,NO,NO
PURC_REQ_LN_BINARY,5,BITS,image,16,0,0,YES,NO,NO
PURC_REQ_LN_BINARY,6,BITS_LENGTH,int,4,10,0,NO,NO,NO
PURC_REQUISITION,1,ROWID,int,4,10,0,NO,YES,NO
PURC_REQUISITION,2,ID,nvarchar,30,0,0,NO,NO,NO
PURC_REQUISITION,3,VENDOR_ID,nvarchar,30,0,0,YES,NO,NO
PURC_REQUISITION,4,CONTACT_FIRST_NAME,nvarchar,60,0,0,YES,NO,NO
PURC_REQUISITION,5,CONTACT_LAST_NAME,nvarchar,60,0,0,YES,NO,NO
PURC_REQUISITION,6,CONTACT_INITIAL,nvarchar,4,0,0,YES,NO,NO
PURC_REQUISITION,7,CONTACT_POSITION,nvarchar,100,0,0,YES,NO,NO
PURC_REQUISITION,8,CONTACT_HONORIFIC,nvarchar,30,0,0,YES,NO,NO
PURC_REQUISITION,9,CONTACT_SALUTATION,nvarchar,120,0,0,YES,NO,NO
PURC_REQUISITION,10,CONTACT_PHONE,nvarchar,40,0,0,YES,NO,NO
PURC_REQUISITION,11,CONTACT_FAX,nvarchar,40,0,0,YES,NO,NO
PURC_REQUISITION,12,PURC_REQ_ADDR_NO,int,4,10,0,YES,NO,NO
PURC_REQUISITION,13,SHIPTO_ADDR_NO,int,4,10,0,YES,NO,NO
PURC_REQUISITION,14,REQUISITION_DATE,datetime,8,23,3,NO,NO,NO
PURC_REQUISITION,15,DESIRED_RECV_DATE,datetime,8,23,3,YES,NO,NO
PURC_REQUISITION,16,BUYER,nvarchar,40,0,0,YES,NO,NO
PURC_REQUISITION,17,PREPARER,nvarchar,40,0,0,YES,NO,NO
PURC_REQUISITION,18,REQUESTOR,nvarchar,40,0,0,YES,NO,NO
PURC_REQUISITION,19,ASSIGNED_TO,nvarchar,40,0,0,YES,NO,NO
PURC_REQUISITION,20,APP1_DATE,datetime,8,23,3,YES,NO,NO
PURC_REQUISITION,21,APP2_DATE,datetime,8,23,3,YES,NO,NO
PURC_REQUISITION,22,APP3_DATE,datetime,8,23,3,YES,NO,NO
PURC_REQUISITION,23,APP4_DATE,datetime,8,23,3,YES,NO,NO
PURC_REQUISITION,24,FREE_ON_BOARD,nvarchar,50,0,0,YES,NO,NO
PURC_REQUISITION,25,SHIP_VIA,nvarchar,80,0,0,YES,NO,NO
PURC_REQUISITION,26,SALES_TAX_GROUP_ID,nvarchar,30,0,0,YES,NO,NO
PURC_REQUISITION,27,STATUS,nchar,2,0,0,NO,NO,NO
PURC_REQUISITION,28,SELL_RATE,decimal,9,15,8,NO,NO,NO
PURC_REQUISITION,29,BUY_RATE,decimal,9,15,8,NO,NO,NO
PURC_REQUISITION,30,SITE_ID,nvarchar,30,0,0,NO,NO,NO
PURC_REQUISITION,31,TOTAL_AMT_ORDERED,decimal,13,23,8,NO,NO,NO
PURC_REQUISITION,32,MARKED_FOR_PURGE,nchar,2,0,0,NO,NO,NO
PURC_REQUISITION,33,EXCH_RATE_FIXED,nchar,2,0,0,NO,NO,NO
PURC_REQUISITION,34,SHIPTO_ID,nvarchar,40,0,0,YES,NO,NO
PURC_REQUISITION,35,SHIPFROM_ID,nvarchar,40,0,0,YES,NO,NO
PURC_REQUISITION,36,CARRIER_ID,nvarchar,40,0,0,YES,NO,NO
PURC_REQUISITION,37,TERMS_NET_TYPE,nchar,2,0,0,NO,NO,NO
PURC_REQUISITION,38,TERMS_NET_DAYS,smallint,2,5,0,YES,NO,NO
PURC_REQUISITION,39,TERMS_NET_DATE,datetime,8,23,3,YES,NO,NO
PURC_REQUISITION,40,TERMS_DISC_DAYS,smallint,2,5,0,YES,NO,NO
PURC_REQUISITION,41,TERMS_DISC_DATE,datetime,8,23,3,YES,NO,NO
PURC_REQUISITION,42,TERMS_DISC_PERCENT,decimal,5,5,3,YES,NO,NO
PURC_REQUISITION,43,TERMS_DESCRIPTION,nvarchar,160,0,0,YES,NO,NO
PURC_REQUISITION,44,TERMS_DISC_TYPE,nchar,2,0,0,NO,NO,NO
PURC_REQUISITION,45,CURRENCY_ID,nvarchar,30,0,0,YES,NO,NO
PURC_REQUISITION,46,WAREHOUSE_ID,nvarchar,30,0,0,YES,NO,NO
PURC_REQUISITION,47,CONTACT_EMAIL,nvarchar,100,0,0,YES,NO,NO
PURC_REQUISITION,48,CONTACT_MOBILE,nvarchar,40,0,0,YES,NO,NO
PURC_REQUISITION,49,CATEGORY_TYPE,nvarchar,30,0,0,YES,NO,NO
PURC_REQUISITION,50,UDF_LAYOUT_ID,nvarchar,30,0,0,YES,NO,NO
PURC_REQUISITION,51,USER_1,nvarchar,160,0,0,YES,NO,NO
PURC_REQUISITION,52,USER_2,nvarchar,160,0,0,YES,NO,NO
PURC_REQUISITION,53,USER_3,nvarchar,160,0,0,YES,NO,NO
PURC_REQUISITION,54,USER_4,nvarchar,160,0,0,YES,NO,NO
PURC_REQUISITION,55,USER_5,nvarchar,160,0,0,YES,NO,NO
PURC_REQUISITION,56,USER_6,nvarchar,160,0,0,YES,NO,NO
PURC_REQUISITION,57,USER_7,nvarchar,160,0,0,YES,NO,NO
PURC_REQUISITION,58,USER_8,nvarchar,160,0,0,YES,NO,NO
PURC_REQUISITION,59,USER_9,nvarchar,160,0,0,YES,NO,NO
PURC_REQUISITION,60,USER_10,nvarchar,160,0,0,YES,NO,NO
PURC_REQUISITION,61,STATUS_EFF_DATE,datetime,8,23,3,NO,NO,NO
PURC_REQUISITION,62,TERMS_ID,nvarchar,30,0,0,YES,NO,NO
PURC_REQUISITION,63,CONTACT_ID,nvarchar,50,0,0,YES,NO,NO
PURC_REQUISITION,64,CONTACT_PHONE_EXT,nvarchar,20,0,0,YES,NO,NO
PURC_RFQ_REQ,1,ROWID,int,4,10,0,NO,YES,NO
PURC_RFQ_REQ,2,RFQ_ID,nvarchar,30,0,0,NO,NO,NO
PURC_RFQ_REQ,3,RFQ_LINE_NO,smallint,2,5,0,NO,NO,NO
PURC_RFQ_REQ,4,PURC_REQ_ID,nvarchar,30,0,0,NO,NO,NO
PURC_RFQ_REQ,5,PURC_REQ_LINE_NO,smallint,2,5,0,NO,NO,NO
PURC_SERV_DETAIL,1,ROWID,int,4,10,0,NO,YES,NO
PURC_SERV_DETAIL,2,PURC_ORDER_ID,nvarchar,30,0,0,NO,NO,NO
PURC_SERV_DETAIL,3,DIST_NO,smallint,2,5,0,NO,NO,NO
PURC_SERV_DETAIL,4,TRANSACTION_ID,int,4,10,0,NO,NO,NO
PURC_SERV_DETAIL,5,PURC_ORDER_LINE_NO,smallint,2,5,0,NO,NO,NO
PURC_SERV_DETAIL,6,SERVICE_ID,nvarchar,30,0,0,YES,NO,NO
PURC_SERV_DETAIL,7,ACT_MATERIAL_COST,decimal,13,23,8,YES,NO,NO
PURC_SERV_DETAIL,8,ACT_LABOR_COST,decimal,13,23,8,YES,NO,NO
PURC_SERV_DETAIL,9,ACT_BURDEN_COST,decimal,13,23,8,YES,NO,NO
PURC_SERV_DETAIL,10,ACT_SERVICE_COST,decimal,13,23,8,YES,NO,NO
PURC_SERV_DETAIL,11,REFERENCE,nvarchar,100,0,0,YES,NO,NO
PURC_SERV_DETAIL,12,CURRENCY_ID,nvarchar,30,0,0,NO,NO,NO
PURC_SERV_DETAIL,13,DR_MAT_GL_ACCT_ID,nvarchar,60,0,0,YES,NO,NO
PURC_SERV_DETAIL,14,DR_LAB_GL_ACCT_ID,nvarchar,60,0,0,YES,NO,NO
PURC_SERV_DETAIL,15,DR_BUR_GL_ACCT_ID,nvarchar,60,0,0,YES,NO,NO
PURC_SERV_DETAIL,16,DR_SER_GL_ACCT_ID,nvarchar,60,0,0,YES,NO,NO
PURC_SERV_DETAIL,17,CR_MAT_GL_ACCT_ID,nvarchar,60,0,0,YES,NO,NO
PURC_SERV_DETAIL,18,CR_LAB_GL_ACCT_ID,nvarchar,60,0,0,YES,NO,NO
PURC_SERV_DETAIL,19,CR_BUR_GL_ACCT_ID,nvarchar,60,0,0,YES,NO,NO
PURC_SERV_DETAIL,20,CR_SER_GL_ACCT_ID,nvarchar,60,0,0,YES,NO,NO
PURCHASE_CONTRACT,1,ROWID,int,4,10,0,NO,YES,NO
PURCHASE_CONTRACT,2,ID,nvarchar,60,0,0,NO,NO,NO
PURCHASE_CONTRACT,3,DESCRIPTION,nvarchar,160,0,0,YES,NO,NO
PURCHASE_CONTRACT,4,STATUS,nchar,2,0,0,NO,NO,NO
PURCHASE_CONTRACT,5,STATUS_EFF_DATE,datetime,8,23,3,NO,NO,NO
PURCHASE_CONTRACT,6,STATUS_REASON_CODE,nvarchar,200,0,0,YES,NO,NO
PURCHASE_CONTRACT,7,VENDOR_ID,nvarchar,30,0,0,NO,NO,NO
PURCHASE_CONTRACT,8,VENDOR_CONTRACT_ID,nvarchar,60,0,0,YES,NO,NO
PURCHASE_CONTRACT,9,CREATE_DATE,datetime,8,23,3,NO,NO,NO
PURCHASE_DIST,1,ROWID,int,4,10,0,NO,YES,NO
PURCHASE_DIST,2,PURC_ORDER_ID,nvarchar,30,0,0,NO,NO,NO
PURCHASE_DIST,3,DIST_NO,smallint,2,5,0,NO,NO,NO
PURCHASE_DIST,4,ENTRY_NO,smallint,2,5,0,NO,NO,NO
PURCHASE_DIST,5,AMOUNT,decimal,13,23,8,NO,NO,NO
PURCHASE_DIST,6,AMOUNT_TYPE,nchar,4,0,0,NO,NO,NO
PURCHASE_DIST,7,GL_ACCOUNT_ID,nvarchar,60,0,0,NO,NO,NO
PURCHASE_DIST,8,SITE_ID,nvarchar,30,0,0,NO,NO,NO
PURCHASE_DIST,9,POSTING_STATUS,nchar,2,0,0,NO,NO,NO
PURCHASE_DIST,10,POSTING_DATE,datetime,8,23,3,NO,NO,NO
PURCHASE_DIST,11,BATCH_ID,nvarchar,30,0,0,YES,NO,NO
PURCHASE_DIST,12,CREATE_DATE,datetime,8,23,3,NO,NO,NO
PURCHASE_DIST,13,USER_ID,nvarchar,40,0,0,NO,NO,NO
PURCHASE_DIST,14,CURRENCY_ID,nvarchar,30,0,0,NO,NO,NO
PURCHASE_DIST,15,NATIVE,nchar,2,0,0,YES,NO,NO
PURCHASE_ORDER,1,ROWID,int,4,10,0,NO,YES,NO
PURCHASE_ORDER,2,ID,nvarchar,30,0,0,NO,NO,NO
PURCHASE_ORDER,3,VENDOR_ID,nvarchar,30,0,0,NO,NO,NO
PURCHASE_ORDER,4,CONTACT_FIRST_NAME,nvarchar,60,0,0,YES,NO,NO
PURCHASE_ORDER,5,CONTACT_LAST_NAME,nvarchar,60,0,0,YES,NO,NO
PURCHASE_ORDER,6,CONTACT_INITIAL,nvarchar,4,0,0,YES,NO,NO
PURCHASE_ORDER,7,CONTACT_POSITION,nvarchar,100,0,0,YES,NO,NO
PURCHASE_ORDER,8,CONTACT_HONORIFIC,nvarchar,30,0,0,YES,NO,NO
PURCHASE_ORDER,9,CONTACT_SALUTATION,nvarchar,120,0,0,YES,NO,NO
PURCHASE_ORDER,10,CONTACT_PHONE,nvarchar,40,0,0,YES,NO,NO
PURCHASE_ORDER,11,CONTACT_FAX,nvarchar,40,0,0,YES,NO,NO
PURCHASE_ORDER,12,PURC_ORD_ADDR_NO,int,4,10,0,YES,NO,NO
PURCHASE_ORDER,13,SHIPTO_ADDR_NO,int,4,10,0,YES,NO,NO
PURCHASE_ORDER,14,ORDER_DATE,datetime,8,23,3,NO,NO,NO
PURCHASE_ORDER,15,DESIRED_RECV_DATE,datetime,8,23,3,YES,NO,NO
PURCHASE_ORDER,16,BUYER,nvarchar,40,0,0,YES,NO,NO
PURCHASE_ORDER,17,FREE_ON_BOARD,nvarchar,50,0,0,YES,NO,NO
PURCHASE_ORDER,18,SHIP_VIA,nvarchar,80,0,0,YES,NO,NO
PURCHASE_ORDER,19,SALES_TAX_GROUP_ID,nvarchar,30,0,0,YES,NO,NO
PURCHASE_ORDER,20,STATUS,nchar,2,0,0,NO,NO,NO
PURCHASE_ORDER,21,BACK_ORDER,nchar,2,0,0,NO,NO,NO
PURCHASE_ORDER,22,SELL_RATE,decimal,9,15,8,NO,NO,NO
PURCHASE_ORDER,23,BUY_RATE,decimal,9,15,8,NO,NO,NO
PURCHASE_ORDER,24,SITE_ID,nvarchar,30,0,0,NO,NO,NO
PURCHASE_ORDER,25,POSTING_CANDIDATE,nchar,2,0,0,NO,NO,NO
PURCHASE_ORDER,26,LAST_RECEIVED_DATE,datetime,8,23,3,YES,NO,NO
PURCHASE_ORDER,27,TOTAL_AMT_ORDERED,decimal,13,23,8,NO,NO,NO
PURCHASE_ORDER,28,TOTAL_AMT_RECVD,decimal,13,23,8,NO,NO,NO
PURCHASE_ORDER,29,MARKED_FOR_PURGE,nchar,2,0,0,NO,NO,NO
PURCHASE_ORDER,30,EXCH_RATE_FIXED,nchar,2,0,0,NO,NO,NO
PURCHASE_ORDER,31,PROMISE_DATE,datetime,8,23,3,YES,NO,NO
PURCHASE_ORDER,32,PRINTED_DATE,datetime,8,23,3,YES,NO,NO
PURCHASE_ORDER,33,EDI_BLANKET_FLAG,nchar,2,0,0,YES,NO,NO
PURCHASE_ORDER,34,EDI_BLANKET_PO_NO,nvarchar,60,0,0,YES,NO,NO
PURCHASE_ORDER,35,CONTRACT_ID,nvarchar,60,0,0,YES,NO,NO
PURCHASE_ORDER,36,SHIPTO_ID,nvarchar,40,0,0,YES,NO,NO
PURCHASE_ORDER,37,TERMS_NET_TYPE,nchar,2,0,0,YES,NO,NO
PURCHASE_ORDER,38,TERMS_NET_DAYS,smallint,2,5,0,YES,NO,NO
PURCHASE_ORDER,39,TERMS_NET_DATE,datetime,8,23,3,YES,NO,NO
PURCHASE_ORDER,40,TERMS_DISC_TYPE,nchar,2,0,0,YES,NO,NO
PURCHASE_ORDER,41,TERMS_DISC_DAYS,smallint,2,5,0,YES,NO,NO
PURCHASE_ORDER,42,TERMS_DISC_DATE,datetime,8,23,3,YES,NO,NO
PURCHASE_ORDER,43,TERMS_DISC_PERCENT,decimal,5,5,3,YES,NO,NO
PURCHASE_ORDER,44,TERMS_DESCRIPTION,nvarchar,160,0,0,YES,NO,NO
PURCHASE_ORDER,45,CURRENCY_ID,nvarchar,30,0,0,YES,NO,NO
PURCHASE_ORDER,46,WAREHOUSE_ID,nvarchar,30,0,0,YES,NO,NO
PURCHASE_ORDER,47,CREATE_DATE,datetime,8,23,3,NO,NO,NO
PURCHASE_ORDER,48,CONTACT_MOBILE,nvarchar,40,0,0,YES,NO,NO
PURCHASE_ORDER,49,CONTACT_EMAIL,nvarchar,100,0,0,YES,NO,NO
PURCHASE_ORDER,50,USER_1,nvarchar,160,0,0,YES,NO,NO
PURCHASE_ORDER,51,USER_2,nvarchar,160,0,0,YES,NO,NO
PURCHASE_ORDER,52,USER_3,nvarchar,160,0,0,YES,NO,NO
PURCHASE_ORDER,53,USER_4,nvarchar,160,0,0,YES,NO,NO
PURCHASE_ORDER,54,USER_5,nvarchar,160,0,0,YES,NO,NO
PURCHASE_ORDER,55,USER_6,nvarchar,160,0,0,YES,NO,NO
PURCHASE_ORDER,56,USER_7,nvarchar,160,0,0,YES,NO,NO
PURCHASE_ORDER,57,USER_8,nvarchar,160,0,0,YES,NO,NO
PURCHASE_ORDER,58,USER_9,nvarchar,160,0,0,YES,NO,NO
PURCHASE_ORDER,59,USER_10,nvarchar,160,0,0,YES,NO,NO
PURCHASE_ORDER,60,UDF_LAYOUT_ID,nvarchar,30,0,0,YES,NO,NO
PURCHASE_ORDER,61,DISPATCH_ADDR_ID,nvarchar,40,0,0,YES,NO,NO
PURCHASE_ORDER,62,CARRIER_ID,nvarchar,40,0,0,YES,NO,NO
PURCHASE_ORDER,63,SHIPFROM_ID,nvarchar,40,0,0,YES,NO,NO
PURCHASE_ORDER,64,OWNER_ID,nvarchar,30,0,0,YES,NO,NO
PURCHASE_ORDER,65,DISPATCHED,nchar,2,0,0,YES,NO,NO
PURCHASE_ORDER,66,VEND_BANK_ID,nvarchar,60,0,0,YES,NO,NO
PURCHASE_ORDER,67,VEND_PACK_ID,nvarchar,80,0,0,YES,NO,NO
PURCHASE_ORDER,68,VEND_PACK_DATE,datetime,8,23,3,YES,NO,NO
PURCHASE_ORDER,69,VEND_FREIGHT_ID,nvarchar,80,0,0,YES,NO,NO
PURCHASE_ORDER,70,CONSIGNMENT,nchar,2,0,0,NO,NO,NO
PURCHASE_ORDER,71,CONSIGNED_WHS_ID,nvarchar,30,0,0,YES,NO,NO
PURCHASE_ORDER,72,STATUS_EFF_DATE,datetime,8,23,3,NO,NO,NO
PURCHASE_ORDER,73,PROMISE_SHIP_DATE,datetime,8,23,3,YES,NO,NO
PURCHASE_ORDER,74,SALES_ORDER_ID,nvarchar,200,0,0,YES,NO,NO
PURCHASE_ORDER,75,SPECIAL_PRICE_AUTH,nvarchar,200,0,0,YES,NO,NO
PURCHASE_ORDER,76,TERMS_ID,nvarchar,30,0,0,YES,NO,NO
PURCHASE_ORDER,77,INTERNAL_ORDER,nchar,2,0,0,YES,NO,NO
PURCHASE_ORDER,78,CONTACT_ID,nvarchar,50,0,0,YES,NO,NO
PURCHASE_ORDER,79,ENTERED_BY,nvarchar,40,0,0,YES,NO,NO
PURCHASE_ORDER,80,CONTACT_PHONE_EXT,nvarchar,20,0,0,YES,NO,NO
PURCHASE_ORDER,81,EMAIL_NOTIFICATION,nchar,2,0,0,NO,NO,NO
PURCHASE_ORDER,82,EMAIL_VEND_ON_NEW_ORDER,nchar,2,0,0,NO,NO,NO
PURCHASE_ORDER,83,EMAIL_VEND_ON_CHG_ORDER,nchar,2,0,0,NO,NO,NO
PURCHASE_ORDER,84,EMAIL_VEND_ON_PO_RECEIPT,nchar,2,0,0,NO,NO,NO
PURCHASE_ORDER,85,EMAIL_EMPL_ON_NEW_ORDER,nchar,2,0,0,NO,NO,NO
PURCHASE_ORDER,86,EMAIL_EMPL_ON_CHG_ORDER,nchar,2,0,0,NO,NO,NO
PURCHASE_ORDER,87,EMAIL_EMPL_ON_PO_RECEIPT,nchar,2,0,0,NO,NO,NO
PURCHASE_ORDER,88,EMAIL_EMPL_ON_INV_PAID,nchar,2,0,0,NO,NO,NO
PURCHASE_ORDER,89,CONFIRMED_SHIP_DATE,datetime,8,23,3,YES,NO,NO
QRP_CONTROL,1,ROWID,int,4,10,0,NO,YES,NO
QRP_CONTROL,2,STD_QRP_NAME,nvarchar,30,0,0,NO,NO,NO
QRP_CONTROL,3,CONTEXT_TYPE,nchar,2,0,0,NO,NO,NO
QRP_CONTROL,4,CONTEXT_ID,nvarchar,60,0,0,NO,NO,NO
QRP_CONTROL,5,USER_QRP_NAME,nvarchar,256,0,0,NO,NO,NO
QRP_CONTROL,6,DESCRIPTION,nvarchar,160,0,0,YES,NO,NO
QUERY,1,ROWID,int,4,10,0,NO,YES,NO
QUERY,2,USER_ID,nvarchar,40,0,0,NO,NO,NO
QUERY,3,NAME,nvarchar,160,0,0,NO,NO,NO
QUERY,4,QUERY,image,16,0,0,YES,NO,NO
QUERY,5,CREATE_DATE,datetime,8,23,3,NO,NO,NO
QUERY,6,AUTO_JOIN,nchar,2,0,0,NO,NO,NO
QUOTE,1,ROWID,int,4,10,0,NO,YES,NO
QUOTE,2,ID,nvarchar,30,0,0,NO,NO,NO
QUOTE,3,CUSTOMER_ID,nvarchar,30,0,0,YES,NO,NO
QUOTE,4,NAME,nvarchar,100,0,0,YES,NO,NO
QUOTE,5,ADDR_1,nvarchar,100,0,0,YES,NO,NO
QUOTE,6,ADDR_2,nvarchar,100,0,0,YES,NO,NO
QUOTE,7,ADDR_3,nvarchar,100,0,0,YES,NO,NO
QUOTE,8,CITY,nvarchar,60,0,0,YES,NO,NO
QUOTE,9,STATE,nvarchar,20,0,0,YES,NO,NO
QUOTE,10,ZIPCODE,nvarchar,20,0,0,YES,NO,NO
QUOTE,11,COUNTRY,nvarchar,100,0,0,YES,NO,NO
QUOTE,12,CONTACT_FIRST_NAME,nvarchar,60,0,0,YES,NO,NO
QUOTE,13,CONTACT_LAST_NAME,nvarchar,60,0,0,YES,NO,NO
QUOTE,14,CONTACT_INITIAL,nvarchar,4,0,0,YES,NO,NO
QUOTE,15,CONTACT_POSITION,nvarchar,100,0,0,YES,NO,NO
QUOTE,16,CONTACT_HONORIFIC,nvarchar,30,0,0,YES,NO,NO
QUOTE,17,CONTACT_SALUTATION,nvarchar,120,0,0,YES,NO,NO
QUOTE,18,CONTACT_PHONE,nvarchar,40,0,0,YES,NO,NO
QUOTE,19,CONTACT_FAX,nvarchar,40,0,0,YES,NO,NO
QUOTE,20,SALESREP_ID,nvarchar,30,0,0,YES,NO,NO
QUOTE,21,TERRITORY,nvarchar,30,0,0,YES,NO,NO
QUOTE,22,STATUS,nchar,2,0,0,NO,NO,NO
QUOTE,23,WON_LOSS_DATE,datetime,8,23,3,YES,NO,NO
QUOTE,24,WON_LOSS_REASON,nvarchar,160,0,0,YES,NO,NO
QUOTE,25,QUOTE_DATE,datetime,8,23,3,NO,NO,NO
QUOTE,26,EXPIRATION_DATE,datetime,8,23,3,YES,NO,NO
QUOTE,27,FOLLOWUP_DATE,datetime,8,23,3,YES,NO,NO
QUOTE,28,EXPECTED_WIN_DATE,datetime,8,23,3,YES,NO,NO
QUOTE,29,WIN_PROBABILITY,decimal,5,3,2,YES,NO,NO
QUOTE,30,SHIP_VIA,nvarchar,80,0,0,YES,NO,NO
QUOTE,31,FREE_ON_BOARD,nvarchar,50,0,0,YES,NO,NO
QUOTE,32,TERMS_NET_TYPE,nchar,2,0,0,NO,NO,NO
QUOTE,33,TERMS_NET_DAYS,smallint,2,5,0,YES,NO,NO
QUOTE,34,TERMS_NET_DATE,datetime,8,23,3,YES,NO,NO
QUOTE,35,TERMS_DISC_DAYS,smallint,2,5,0,YES,NO,NO
QUOTE,36,TERMS_DISC_TYPE,nchar,2,0,0,NO,NO,NO
QUOTE,37,TERMS_DISC_DATE,datetime,8,23,3,YES,NO,NO
QUOTE,38,TERMS_DISC_PERCENT,decimal,5,5,3,YES,NO,NO
QUOTE,39,TERMS_DESCRIPTION,nvarchar,160,0,0,YES,NO,NO
QUOTE,40,FREIGHT_TERMS,nchar,2,0,0,NO,NO,NO
QUOTE,41,CREATE_DATE,datetime,8,23,3,NO,NO,NO
QUOTE,42,USER_ID,nvarchar,40,0,0,NO,NO,NO
QUOTE,43,QUOTED_LEADTIME,smallint,2,5,0,YES,NO,NO
QUOTE,44,CURRENCY_ID,nvarchar,30,0,0,YES,NO,NO
QUOTE,45,SITE_ID,nvarchar,30,0,0,NO,NO,NO
QUOTE,46,DISCOUNT_CODE,nvarchar,30,0,0,YES,NO,NO
QUOTE,47,PRINTED_DATE,datetime,8,23,3,YES,NO,NO
QUOTE,48,USER_1,nvarchar,160,0,0,YES,NO,NO
QUOTE,49,USER_2,nvarchar,160,0,0,YES,NO,NO
QUOTE,50,USER_3,nvarchar,160,0,0,YES,NO,NO
QUOTE,51,USER_4,nvarchar,160,0,0,YES,NO,NO
QUOTE,52,USER_5,nvarchar,160,0,0,YES,NO,NO
QUOTE,53,USER_6,nvarchar,160,0,0,YES,NO,NO
QUOTE,54,USER_7,nvarchar,160,0,0,YES,NO,NO
QUOTE,55,USER_8,nvarchar,160,0,0,YES,NO,NO
QUOTE,56,USER_9,nvarchar,160,0,0,YES,NO,NO
QUOTE,57,USER_10,nvarchar,160,0,0,YES,NO,NO
QUOTE,58,UDF_LAYOUT_ID,nvarchar,30,0,0,YES,NO,NO
QUOTE,59,CONTACT_EMAIL,nvarchar,100,0,0,YES,NO,NO
QUOTE,60,STATUS_EFF_DATE,datetime,8,23,3,NO,NO,NO
QUOTE,61,PROJECT_ID,nvarchar,30,0,0,YES,NO,NO
QUOTE,62,TERMS_ID,nvarchar,30,0,0,YES,NO,NO
QUOTE,63,CONTACT_ID,nvarchar,50,0,0,YES,NO,NO
QUOTE,64,CONTACT_PHONE_EXT,nvarchar,20,0,0,YES,NO,NO
QUOTE,65,QUOTE_COUNTRY_ID,nvarchar,30,0,0,YES,NO,NO
QUOTE_BINARY,1,ROWID,int,4,10,0,NO,YES,NO
QUOTE_BINARY,2,QUOTE_ID,nvarchar,30,0,0,NO,NO,NO
QUOTE_BINARY,3,TYPE,nchar,2,0,0,NO,NO,NO
QUOTE_BINARY,4,BITS,image,16,0,0,YES,NO,NO
QUOTE_BINARY,5,BITS_LENGTH,int,4,10,0,NO,NO,NO
QUOTE_LINE,1,ROWID,int,4,10,0,NO,YES,NO
QUOTE_LINE,2,QUOTE_ID,nvarchar,30,0,0,NO,NO,NO
QUOTE_LINE,3,LINE_NO,smallint,2,5,0,NO,NO,NO
QUOTE_LINE,4,PART_ID,nvarchar,60,0,0,YES,NO,NO
QUOTE_LINE,5,DESCRIPTION,nvarchar,240,0,0,YES,NO,NO
QUOTE_LINE,6,CUSTOMER_PART_ID,nvarchar,60,0,0,YES,NO,NO
QUOTE_LINE,7,WORKORDER_TYPE,nchar,2,0,0,YES,NO,NO
QUOTE_LINE,8,WORKORDER_BASE_ID,nvarchar,60,0,0,YES,NO,NO
QUOTE_LINE,9,WORKORDER_LOT_ID,nvarchar,6,0,0,YES,NO,NO
QUOTE_LINE,10,WORKORDER_SPLIT_ID,nvarchar,6,0,0,YES,NO,NO
QUOTE_LINE,11,WORKORDER_SUB_ID,nvarchar,6,0,0,YES,NO,NO
QUOTE_LINE,12,DRAWING_ID,nvarchar,60,0,0,YES,NO,NO
QUOTE_LINE,13,DRAWING_REV_NO,nvarchar,16,0,0,YES,NO,NO
QUOTE_LINE,14,CREATE_DATE,datetime,8,23,3,NO,NO,NO
QUOTE_LINE,15,PRODUCT_CODE,nvarchar,30,0,0,YES,NO,NO
QUOTE_LINE,16,COMMODITY_CODE,nvarchar,30,0,0,YES,NO,NO
QUOTE_LINE,17,SERVICE_CHARGE_ID,nvarchar,30,0,0,YES,NO,NO
QUOTE_LINE,18,USER_1,nvarchar,160,0,0,YES,NO,NO
QUOTE_LINE,19,USER_2,nvarchar,160,0,0,YES,NO,NO
QUOTE_LINE,20,USER_3,nvarchar,160,0,0,YES,NO,NO
QUOTE_LINE,21,USER_4,nvarchar,160,0,0,YES,NO,NO
QUOTE_LINE,22,USER_5,nvarchar,160,0,0,YES,NO,NO
QUOTE_LINE,23,USER_6,nvarchar,160,0,0,YES,NO,NO
QUOTE_LINE,24,USER_7,nvarchar,160,0,0,YES,NO,NO
QUOTE_LINE,25,USER_8,nvarchar,160,0,0,YES,NO,NO
QUOTE_LINE,26,USER_9,nvarchar,160,0,0,YES,NO,NO
QUOTE_LINE,27,USER_10,nvarchar,160,0,0,YES,NO,NO
QUOTE_LINE,28,UDF_LAYOUT_ID,nvarchar,30,0,0,YES,NO,NO
QUOTE_LINE,29,ORIG_STAGE_REVISION_ID,nvarchar,48,0,0,YES,NO,NO
QUOTE_LINE,30,PRICE_NOTE,nvarchar,510,0,0,YES,NO,NO
QUOTE_LINE,31,DISCOUNT_NOTE,nvarchar,510,0,0,YES,NO,NO
QUOTE_LINE,32,FREIGHT_NOTE,nvarchar,510,0,0,YES,NO,NO
QUOTE_LINE,33,COMMISSION_NOTE,nvarchar,510,0,0,YES,NO,NO
QUOTE_LINE,34,WBS_CODE,nvarchar,60,0,0,YES,NO,NO
QUOTE_LINE,35,WBS_DESCRIPTION,nvarchar,160,0,0,YES,NO,NO
QUOTE_LINE,36,WBS_CLIN,nvarchar,30,0,0,YES,NO,NO
QUOTE_LINE,37,PROJ_REF_SUB_ID,nvarchar,6,0,0,YES,NO,NO
QUOTE_LINE,38,PROJ_REF_SEQ_NO,smallint,2,5,0,YES,NO,NO
QUOTE_LINE,39,LENGTH,decimal,9,14,4,YES,NO,NO
QUOTE_LINE,40,WIDTH,decimal,9,14,4,YES,NO,NO
QUOTE_LINE,41,HEIGHT,decimal,9,14,4,YES,NO,NO
QUOTE_LINE,42,DIMENSIONS_UM,nvarchar,30,0,0,YES,NO,NO
QUOTE_LINE,43,PRICE_GROUP_ID,nvarchar,30,0,0,YES,NO,NO
QUOTE_LINE_BILLING,1,ROWID,int,4,10,0,NO,YES,NO
QUOTE_LINE_BILLING,2,QUOTE_ID,nvarchar,30,0,0,NO,NO,NO
QUOTE_LINE_BILLING,3,QUOTE_LINE_NO,smallint,2,5,0,NO,NO,NO
QUOTE_LINE_BILLING,4,EVENT_SEQ_NO,smallint,2,5,0,NO,NO,NO
QUOTE_LINE_BILLING,5,DESCRIPTION,nvarchar,160,0,0,YES,NO,NO
QUOTE_LINE_BILLING,6,BILL_AMOUNT,decimal,13,23,8,YES,NO,NO
QUOTE_LINE_BILLING,7,BILL_PERCENT,decimal,5,6,3,YES,NO,NO
QUOTE_LINE_BILLING,8,REV_AMOUNT,decimal,13,23,8,YES,NO,NO
QUOTE_LINE_BILLING,9,REV_PERCENT,decimal,5,6,3,YES,NO,NO
QUOTE_LINE_BILLING,10,MILESTONE_ID,nvarchar,30,0,0,YES,NO,NO
QUOTE_LINE_BILLING,11,EVENT_DATE,datetime,8,23,3,YES,NO,NO
QUOTE_LINE_BILLING,12,CREATE_DATE,datetime,8,23,3,NO,NO,NO
QUOTE_LINE_BILLING,13,USER_ID,nvarchar,40,0,0,NO,NO,NO
QUOTE_LINE_BILLING,14,REV_GL_ACCT_ID,nvarchar,60,0,0,YES,NO,NO
QUOTE_LINE_BINARY,1,ROWID,int,4,10,0,NO,YES,NO
QUOTE_LINE_BINARY,2,QUOTE_ID,nvarchar,30,0,0,NO,NO,NO
QUOTE_LINE_BINARY,3,QUOTE_LINE_NO,smallint,2,5,0,NO,NO,NO
QUOTE_LINE_BINARY,4,TYPE,nchar,2,0,0,NO,NO,NO
QUOTE_LINE_BINARY,5,BITS,image,16,0,0,YES,NO,NO
QUOTE_LINE_BINARY,6,BITS_LENGTH,int,4,10,0,NO,NO,NO
QUOTE_OPT_BINARY,1,ROWID,int,4,10,0,NO,YES,NO
QUOTE_OPT_BINARY,2,QUOTE_ID,nvarchar,30,0,0,NO,NO,NO
QUOTE_OPT_BINARY,3,QUOTE_LINE_NO,int,4,10,0,NO,NO,NO
QUOTE_OPT_BINARY,4,TYPE,nchar,2,0,0,NO,NO,NO
QUOTE_OPT_BINARY,5,SEQ_NO,int,4,10,0,NO,NO,NO
QUOTE_OPT_BINARY,6,BITS_LENGTH,int,4,10,0,NO,NO,NO
QUOTE_OPT_BINARY,7,BITS,image,16,0,0,YES,NO,NO
QUOTE_ORDER,1,ROWID,int,4,10,0,NO,YES,NO
QUOTE_ORDER,2,QUOTE_ID,nvarchar,30,0,0,NO,NO,NO
QUOTE_ORDER,3,CUST_ORDER_ID,nvarchar,30,0,0,NO,NO,NO
QUOTE_ORDER,4,CREATE_DATE,datetime,8,23,3,NO,NO,NO
QUOTE_ORDER_LINE,1,ROWID,int,4,10,0,NO,YES,NO
QUOTE_ORDER_LINE,2,QUOTE_ID,nvarchar,30,0,0,NO,NO,NO
QUOTE_ORDER_LINE,3,QUOTE_LINE_NO,smallint,2,5,0,NO,NO,NO
QUOTE_ORDER_LINE,4,CUST_ORDER_ID,nvarchar,30,0,0,NO,NO,NO
QUOTE_ORDER_LINE,5,CUST_ORDER_LINE_NO,smallint,2,5,0,NO,NO,NO
QUOTE_ORDER_LINE,6,QUOTE_QTY,decimal,13,20,8,NO,NO,NO
QUOTE_ORDER_LINE,7,CUST_ORDER_LINE_QTY,decimal,13,20,8,NO,NO,NO
QUOTE_ORDER_LINE,8,CREATE_DATE,datetime,8,23,3,NO,NO,NO
QUOTE_ORDER_LINE,9,CUST_ORDER_LINE_UNIT_PRICE,decimal,13,22,8,YES,NO,NO
QUOTE_ORDER_LINE,10,QUOTE_UNIT_PRICE,decimal,13,22,8,YES,NO,NO
QUOTE_ORDER_LINE,11,CUST_ORDER_LINE_DISC_PERCENT,decimal,5,6,3,YES,NO,NO
QUOTE_ORDER_LINE,12,QUOTE_DISC_PERCENT,decimal,5,6,3,YES,NO,NO
QUOTE_ORDER_LINE,13,QUOTE_STATUS,nchar,2,0,0,YES,NO,NO
QUOTE_ORDER_LINE,14,QUOTE_CURRENCY_ID,nvarchar,30,0,0,YES,NO,NO
QUOTE_ORDER_LINE,15,CUST_ORDER_CURRENCY_ID,nvarchar,30,0,0,YES,NO,NO
QUOTE_ORDER_LINE,16,PART_ID,nvarchar,60,0,0,YES,NO,NO
QUOTE_ORDER_LINE,17,CUSTOMER_PART_ID,nvarchar,60,0,0,YES,NO,NO
QUOTE_ORDER_LINE,18,SERVICE_CHARGE_ID,nvarchar,30,0,0,YES,NO,NO
QUOTE_ORDER_LINE,19,SITE_ID,nvarchar,30,0,0,YES,NO,NO
QUOTE_PRICE,1,ROWID,int,4,10,0,NO,YES,NO
QUOTE_PRICE,2,QUOTE_ID,nvarchar,30,0,0,NO,NO,NO
QUOTE_PRICE,3,QUOTE_LINE_NO,smallint,2,5,0,NO,NO,NO
QUOTE_PRICE,4,QTY,decimal,13,20,8,NO,NO,NO
QUOTE_PRICE,5,CALC_UNIT_COST,decimal,13,22,8,YES,NO,NO
QUOTE_PRICE,6,CALC_UNIT_PRICE,decimal,13,22,8,YES,NO,NO
QUOTE_PRICE,7,UNIT_PRICE,decimal,13,22,8,NO,NO,NO
QUOTE_PRICE,8,SELLING_UM,nvarchar,30,0,0,YES,NO,NO
QUOTE_PRICE,9,PUR_MATL_PERCENT,decimal,5,6,3,YES,NO,NO
QUOTE_PRICE,10,FAB_MATL_PERCENT,decimal,5,6,3,YES,NO,NO
QUOTE_PRICE,11,LABOR_PERCENT,decimal,5,6,3,YES,NO,NO
QUOTE_PRICE,12,BURDEN_PERCENT,decimal,5,6,3,YES,NO,NO
QUOTE_PRICE,13,SERVICE_PERCENT,decimal,5,6,3,YES,NO,NO
QUOTE_PRICE,14,PUR_MATL_MARKUP,decimal,13,23,8,YES,NO,NO
QUOTE_PRICE,15,FAB_MATL_MARKUP,decimal,13,23,8,YES,NO,NO
QUOTE_PRICE,16,LABOR_MARKUP,decimal,13,23,8,YES,NO,NO
QUOTE_PRICE,17,BURDEN_MARKUP,decimal,13,23,8,YES,NO,NO
QUOTE_PRICE,18,SERVICE_MARKUP,decimal,13,23,8,YES,NO,NO
QUOTE_PRICE,19,IN_PROFORMA,nchar,2,0,0,NO,NO,NO
QUOTE_PRICE,20,CREATE_DATE,datetime,8,23,3,NO,NO,NO
QUOTE_PRICE,21,PUR_MATL_GSA,decimal,5,6,3,YES,NO,NO
QUOTE_PRICE,22,FAB_MATL_GSA,decimal,5,6,3,YES,NO,NO
QUOTE_PRICE,23,LABOR_GSA,decimal,5,6,3,YES,NO,NO
QUOTE_PRICE,24,BURDEN_GSA,decimal,5,6,3,YES,NO,NO
QUOTE_PRICE,25,SERVICE_GSA,decimal,5,6,3,YES,NO,NO
QUOTE_PRICE,26,TRADE_DISC_PERCENT,decimal,5,6,3,YES,NO,NO
QUOTE_PRICE,27,IN_TOTAL,nchar,2,0,0,NO,NO,NO
QUOTE_PRICE,28,PIECE_COUNT,decimal,13,20,8,YES,NO,NO
QUOTE_PRICING_BIN,1,ROWID,int,4,10,0,NO,YES,NO
QUOTE_PRICING_BIN,2,QUOTE_ID,nvarchar,30,0,0,NO,NO,NO
QUOTE_PRICING_BIN,3,TYPE,nchar,2,0,0,NO,NO,NO
QUOTE_PRICING_BIN,4,BITS,image,16,0,0,YES,NO,NO
QUOTE_PRICING_BIN,5,BITS_LENGTH,int,4,10,0,NO,NO,NO
QUOTED_OPTIONS,1,ROWID,int,4,10,0,NO,YES,NO
QUOTED_OPTIONS,2,QUOTE_ID,nvarchar,30,0,0,NO,NO,NO
QUOTED_OPTIONS,3,QUOTE_LINE_NO,smallint,2,5,0,NO,NO,NO
QUOTED_OPTIONS,4,SEQ_NO,smallint,2,5,0,NO,NO,NO
QUOTED_OPTIONS,5,TYPE,nchar,6,0,0,YES,NO,NO
QUOTED_OPTIONS,6,RQD_OPT,nchar,6,0,0,YES,NO,NO
QUOTED_OPTIONS,7,STD_OPT,nchar,6,0,0,YES,NO,NO
QUOTED_OPTIONS,8,SERIES_ID,nvarchar,30,0,0,YES,NO,NO
QUOTED_OPTIONS,9,SERIES_DESCR,nvarchar,80,0,0,YES,NO,NO
QUOTED_OPTIONS,10,MODEL_ID,nvarchar,30,0,0,YES,NO,NO
QUOTED_OPTIONS,11,MODEL_DESCR,nvarchar,80,0,0,YES,NO,NO
QUOTED_OPTIONS,12,SALES_CODE,nvarchar,60,0,0,YES,NO,NO
QUOTED_OPTIONS,13,SALES_CODE_DESCR,nvarchar,80,0,0,YES,NO,NO
QUOTED_OPTIONS,14,CATEGORY_ID,nvarchar,30,0,0,YES,NO,NO
QUOTED_OPTIONS,15,CATEGORY_DESCR,nvarchar,80,0,0,YES,NO,NO
QUOTED_OPTIONS,16,USER_TEXT,nvarchar,160,0,0,YES,NO,NO
QUOTED_OPTIONS,17,DIM_UM_0,nvarchar,30,0,0,YES,NO,NO
QUOTED_OPTIONS,18,DIM_VALUE_0,decimal,13,23,8,YES,NO,NO
QUOTED_OPTIONS,19,DIM_UM_1,nvarchar,30,0,0,YES,NO,NO
QUOTED_OPTIONS,20,DIM_VALUE_1,decimal,13,23,8,YES,NO,NO
QUOTED_OPTIONS,21,DIM_UM_2,nvarchar,30,0,0,YES,NO,NO
QUOTED_OPTIONS,22,DIM_VALUE_2,decimal,13,23,8,YES,NO,NO
QUOTED_OPTIONS,23,DIM_UM_3,nvarchar,30,0,0,YES,NO,NO
QUOTED_OPTIONS,24,DIM_VALUE_3,decimal,13,23,8,YES,NO,NO
QUOTED_OPTIONS,25,QTY,decimal,13,20,8,YES,NO,NO
QUOTED_OPTIONS,26,TRADE_DISCOUNT,decimal,13,23,8,YES,NO,NO
QUOTED_OPTIONS,27,DISCOUNT_TYPE,nchar,2,0,0,YES,NO,NO
QUOTED_OPTIONS,28,PART_ID,nvarchar,60,0,0,YES,NO,NO
QUOTED_OPTIONS,29,ENG_ID,nvarchar,6,0,0,YES,NO,NO
QUOTED_OPTIONS,30,COPY_SEQ_NO,smallint,2,5,0,YES,NO,NO
QUOTED_OPTIONS,31,UNIT_PRICE,decimal,13,22,8,YES,NO,NO
RATE,1,ROWID,int,4,10,0,NO,YES,NO
RATE,2,ID,nvarchar,30,0,0,NO,NO,NO
RATE,3,DESCRIPTION,nvarchar,160,0,0,YES,NO,NO
RATE,4,USE_FOR_ACTUALS,nchar,2,0,0,YES,NO,NO
RATE_DETAIL,1,ROWID,int,4,10,0,NO,YES,NO
RATE_DETAIL,2,RATE_ID,nvarchar,30,0,0,NO,NO,NO
RATE_DETAIL,3,PERIOD_ID,nvarchar,30,0,0,NO,NO,NO
RATE_DETAIL,4,COST_CATEGORY_ID,nvarchar,30,0,0,NO,NO,NO
RATE_DETAIL,5,RATE,decimal,9,15,8,NO,NO,NO
RATE_DETAIL,6,SITE_ID,nvarchar,30,0,0,NO,NO,NO
RCR_GJ,1,ROWID,int,4,10,0,NO,YES,NO
RCR_GJ,2,ID,nvarchar,30,0,0,NO,NO,NO
RCR_GJ,3,DESCRIPTION,nvarchar,160,0,0,YES,NO,NO
RCR_GJ,4,TOTAL_DR_AMOUNT,decimal,13,23,8,YES,NO,NO
RCR_GJ,5,TOTAL_CR_AMOUNT,decimal,13,23,8,YES,NO,NO
RCR_GJ,6,SITE_ID,nvarchar,30,0,0,NO,NO,NO
RCR_GJ,7,CREATE_DATE,datetime,8,23,3,NO,NO,NO
RCR_GJ,8,USER_ID,nvarchar,40,0,0,NO,NO,NO
RCR_GJ,9,CURRENCY_ID,nvarchar,30,0,0,NO,NO,NO
RCR_GJ,10,POST_ALL_TRACKING,nchar,2,0,0,NO,NO,NO
RCR_GJ,11,POST_AS_NATIVE,nchar,2,0,0,NO,NO,NO
RCR_GJ,12,USER_EXCH_RATE,nchar,2,0,0,YES,NO,NO
RCR_GJ,13,REVERSING,nchar,2,0,0,NO,NO,NO
RCR_GJ,14,AUTO_PROCESS,nchar,2,0,0,NO,NO,NO
RCR_GJ,15,TRIGGER_FREQ,nchar,2,0,0,NO,NO,NO
RCR_GJ,16,TRIGGER_DAY,smallint,2,5,0,YES,NO,NO
RCR_GJ,17,TRIGGER_MAX,smallint,2,5,0,YES,NO,NO
RCR_GJ,18,TRIGGER_COUNT,smallint,2,5,0,YES,NO,NO
RCR_GJ,19,TRIGGER_LAST_DATE,datetime,8,23,3,YES,NO,NO
RCR_GJ,20,GROUP_ID,nvarchar,30,0,0,YES,NO,NO
RCR_GJ,21,LAST_EXECUTED_DATE,datetime,8,23,3,YES,NO,NO
RCR_GJ_LINE,1,ROWID,int,4,10,0,NO,YES,NO
RCR_GJ_LINE,2,RCR_ID,nvarchar,30,0,0,NO,NO,NO
RCR_GJ_LINE,3,LINE_NO,smallint,2,5,0,NO,NO,NO
RCR_GJ_LINE,4,GL_ACCOUNT_ID,nvarchar,60,0,0,NO,NO,NO
RCR_GJ_LINE,5,DEBIT_AMOUNT,decimal,13,23,8,YES,NO,NO
RCR_GJ_LINE,6,CREDIT_AMOUNT,decimal,13,23,8,YES,NO,NO
RCR_GJ_LINE,7,REFERENCE,nvarchar,160,0,0,YES,NO,NO
RCR_GJ_LINE,8,COST_CATEGORY_ID,nvarchar,30,0,0,YES,NO,NO
RCR_GJ_LINE,9,DEPARTMENT_ID,nvarchar,30,0,0,YES,NO,NO
RCR_GJ_LINE,10,PROJECT_ID,nvarchar,30,0,0,YES,NO,NO
RCR_GJ_LINE,11,WBS_CODE,nvarchar,60,0,0,YES,NO,NO
RCR_GJ_LINE,12,PROJ_REF_SEQ_NO,smallint,2,5,0,YES,NO,NO
RCR_GJ_LINE,13,PROJ_REF_SUB_ID,nvarchar,6,0,0,YES,NO,NO
RCR_GJ_LINE,14,ACCOUNT_YEAR,decimal,5,4,0,YES,NO,NO
RCR_GJ_LINE,15,HOURS,decimal,9,15,2,YES,NO,NO
RCR_GJ_LINE,16,USER_DIMENSION_1,nvarchar,30,0,0,YES,NO,NO
RCR_GJ_LINE,17,USER_DIMENSION_2,nvarchar,30,0,0,YES,NO,NO
RCR_GJ_LINE,18,CUST_ORDER_ID,nvarchar,30,0,0,YES,NO,NO
RCR_GJ_LINE,19,PRODUCT_CODE,nvarchar,30,0,0,YES,NO,NO
RCR_PAYABLE,1,ROWID,int,4,10,0,NO,YES,NO
RCR_PAYABLE,2,ID,nvarchar,30,0,0,NO,NO,NO
RCR_PAYABLE,3,VENDOR_ID,nvarchar,30,0,0,NO,NO,NO
RCR_PAYABLE,4,TYPE,nchar,2,0,0,NO,NO,NO
RCR_PAYABLE,5,CREATE_DATE,datetime,8,23,3,NO,NO,NO
RCR_PAYABLE,6,USER_ID,nvarchar,40,0,0,NO,NO,NO
RCR_PAYABLE,7,PAY_STATUS,nchar,2,0,0,NO,NO,NO
RCR_PAYABLE,8,TOTAL_AMOUNT,decimal,13,23,8,NO,NO,NO
RCR_PAYABLE,9,AUTHORIZED_PAYMENT,decimal,13,23,8,YES,NO,NO
RCR_PAYABLE,10,TERMS_NET_TYPE,nchar,2,0,0,NO,NO,NO
RCR_PAYABLE,11,TERMS_NET_DAYS,smallint,2,5,0,YES,NO,NO
RCR_PAYABLE,12,TERMS_NET_DATE,datetime,8,23,3,YES,NO,NO
RCR_PAYABLE,13,TERMS_DISC_TYPE,nchar,2,0,0,NO,NO,NO
RCR_PAYABLE,14,TERMS_DISC_DAYS,smallint,2,5,0,YES,NO,NO
RCR_PAYABLE,15,TERMS_DISC_DATE,datetime,8,23,3,YES,NO,NO
RCR_PAYABLE,16,TERMS_DISC_PERCENT,decimal,5,5,3,YES,NO,NO
RCR_PAYABLE,17,TERMS_DESCRIPTION,nvarchar,160,0,0,YES,NO,NO
RCR_PAYABLE,18,REPORT_1099_MISC,nchar,2,0,0,NO,NO,NO
RCR_PAYABLE,19,SITE_ID,nvarchar,30,0,0,NO,NO,NO
RCR_PAYABLE,20,PAYB_GL_ACCT_ID,nvarchar,60,0,0,NO,NO,NO
RCR_PAYABLE,21,TRIGGER_FREQ,nchar,2,0,0,NO,NO,NO
RCR_PAYABLE,22,TRIGGER_DAY,smallint,2,5,0,YES,NO,NO
RCR_PAYABLE,23,TRIGGER_COUNT,smallint,2,5,0,YES,NO,NO
RCR_PAYABLE,24,TRIGGER_MAX,smallint,2,5,0,YES,NO,NO
RCR_PAYABLE,25,TRIGGER_LAST_DATE,datetime,8,23,3,YES,NO,NO
RCR_PAYABLE,26,GROUP_ID,nvarchar,30,0,0,YES,NO,NO
RCR_PAYABLE,27,VAT_BOOK_CODE,nvarchar,10,0,0,YES,NO,NO
RCR_PAYABLE,28,WITHHOLDING_CODE,nvarchar,30,0,0,YES,NO,NO
RCR_PAYABLE,29,REMIT_ADDR_NO,int,4,10,0,YES,NO,NO
RCR_PAYABLE,30,CURRENCY_ID,nvarchar,30,0,0,YES,NO,NO
RCR_PAYABLE,31,TERMS_ID,nvarchar,30,0,0,YES,NO,NO
RCR_PAYABLE,32,USER_DIMENSION_1,nvarchar,30,0,0,YES,NO,NO
RCR_PAYABLE,33,USER_DIMENSION_2,nvarchar,30,0,0,YES,NO,NO
RCR_PAYABLE_LINE,1,ROWID,int,4,10,0,NO,YES,NO
RCR_PAYABLE_LINE,2,RCR_PAYABLE_ID,nvarchar,30,0,0,NO,NO,NO
RCR_PAYABLE_LINE,3,LINE_NO,smallint,2,5,0,NO,NO,NO
RCR_PAYABLE_LINE,4,REFERENCE,nvarchar,80,0,0,YES,NO,NO
RCR_PAYABLE_LINE,5,QTY,decimal,13,20,8,YES,NO,NO
RCR_PAYABLE_LINE,6,AMOUNT,decimal,13,23,8,NO,NO,NO
RCR_PAYABLE_LINE,7,VAT_PERCENT,decimal,5,6,3,YES,NO,NO
RCR_PAYABLE_LINE,8,VAT_AMOUNT,decimal,13,23,8,YES,NO,NO
RCR_PAYABLE_LINE,9,VAT_GL_ACCT_ID,nvarchar,60,0,0,YES,NO,NO
RCR_PAYABLE_LINE,10,FIXED_CHARGE,decimal,13,23,8,YES,NO,NO
RCR_PAYABLE_LINE,11,DISC_ALLOWED,nchar,2,0,0,NO,NO,NO
RCR_PAYABLE_LINE,12,GL_ACCOUNT_ID,nvarchar,60,0,0,NO,NO,NO
RCR_PAYABLE_LINE,13,VAT_CODE,nvarchar,30,0,0,YES,NO,NO
RCR_PAYABLE_LINE,14,VAT_RCV_PERCENT,decimal,5,6,3,YES,NO,NO
RCR_PAYABLE_LINE,15,VAT_RCV_AMOUNT,decimal,13,23,8,YES,NO,NO
RCR_PAYABLE_LINE,16,WITHHOLD_TYPE,nchar,2,0,0,YES,NO,NO
RCR_PAYABLE_LINE,17,VAT_RCV_GL_ACCT_ID,nvarchar,60,0,0,YES,NO,NO
RCR_PAYABLE_LINE,18,HTS_CODE,nvarchar,40,0,0,YES,NO,NO
RCR_PAYABLE_LINE,19,ORIG_COUNTRY_ID,nvarchar,100,0,0,YES,NO,NO
RCR_PAYABLE_LINE,20,DUTY_PERCENT,decimal,5,6,3,YES,NO,NO
RCR_PAYABLE_LINE,21,DUTY_AMOUNT,decimal,13,23,8,YES,NO,NO
RCR_PAYABLE_LINE,22,DUTY_GL_ACCT_ID,nvarchar,60,0,0,YES,NO,NO
RCR_PAYABLE_LINE,23,vat_category,nvarchar,30,0,0,YES,NO,NO
RCR_PAYABLE_LINE,24,USER_DIMENSION_1,nvarchar,30,0,0,YES,NO,NO
RCR_PAYABLE_LINE,25,USER_DIMENSION_2,nvarchar,30,0,0,YES,NO,NO
RCR_PAYABLE_LINE,26,CUST_ORDER_ID,nvarchar,30,0,0,YES,NO,NO
RCR_PAYABLE_LINE,27,PRODUCT_CODE,nvarchar,30,0,0,YES,NO,NO
RCR_PAYABLE_LINE,28,VAT_IE_PERCENT,decimal,5,6,3,YES,NO,NO
RCR_PAYABLE_LINE,29,VAT_IE_AMOUNT,decimal,13,23,8,YES,NO,NO
RCR_PAYABLE_LINE,30,VAT_IE_DR_GL_ACCT_ID,nvarchar,60,0,0,YES,NO,NO
RCR_PAYABLE_LINE,31,VAT_IE_CR_GL_ACCT_ID,nvarchar,60,0,0,YES,NO,NO
RCR_RECEIVABLE,1,ROWID,int,4,10,0,NO,YES,NO
RCR_RECEIVABLE,2,ID,nvarchar,30,0,0,NO,NO,NO
RCR_RECEIVABLE,3,CUSTOMER_ID,nvarchar,30,0,0,NO,NO,NO
RCR_RECEIVABLE,4,TYPE,nchar,2,0,0,NO,NO,NO
RCR_RECEIVABLE,5,CREATE_DATE,datetime,8,23,3,NO,NO,NO
RCR_RECEIVABLE,6,USER_ID,nvarchar,40,0,0,NO,NO,NO
RCR_RECEIVABLE,7,TOTAL_AMOUNT,decimal,13,23,8,NO,NO,NO
RCR_RECEIVABLE,8,TERMS_NET_TYPE,nchar,2,0,0,NO,NO,NO
RCR_RECEIVABLE,9,TERMS_NET_DAYS,smallint,2,5,0,YES,NO,NO
RCR_RECEIVABLE,10,TERMS_NET_DATE,datetime,8,23,3,YES,NO,NO
RCR_RECEIVABLE,11,TERMS_DISC_TYPE,nchar,2,0,0,NO,NO,NO
RCR_RECEIVABLE,12,TERMS_DISC_DAYS,smallint,2,5,0,YES,NO,NO
RCR_RECEIVABLE,13,TERMS_DISC_DATE,datetime,8,23,3,YES,NO,NO
RCR_RECEIVABLE,14,TERMS_DISC_PERCENT,decimal,5,5,3,YES,NO,NO
RCR_RECEIVABLE,15,TERMS_DESCRIPTION,nvarchar,160,0,0,YES,NO,NO
RCR_RECEIVABLE,16,SITE_ID,nvarchar,30,0,0,NO,NO,NO
RCR_RECEIVABLE,17,RECV_GL_ACCT_ID,nvarchar,60,0,0,NO,NO,NO
RCR_RECEIVABLE,18,TRIGGER_FREQ,nchar,2,0,0,NO,NO,NO
RCR_RECEIVABLE,19,TRIGGER_DAY,smallint,2,5,0,YES,NO,NO
RCR_RECEIVABLE,20,TRIGGER_COUNT,smallint,2,5,0,YES,NO,NO
RCR_RECEIVABLE,21,TRIGGER_MAX,smallint,2,5,0,YES,NO,NO
RCR_RECEIVABLE,22,TRIGGER_LAST_DATE,datetime,8,23,3,YES,NO,NO
RCR_RECEIVABLE,23,GROUP_ID,nvarchar,30,0,0,YES,NO,NO
RCR_RECEIVABLE,24,VAT_BOOK_CODE,nvarchar,10,0,0,YES,NO,NO
RCR_RECEIVABLE,25,CURRENCY_ID,nvarchar,30,0,0,NO,NO,NO
RCR_RECEIVABLE,26,SALESREP_ID,nvarchar,30,0,0,YES,NO,NO
RCR_RECEIVABLE,27,TERMS_ID,nvarchar,30,0,0,YES,NO,NO
RCR_RECEIVABLE,28,USER_DIMENSION_1,nvarchar,30,0,0,YES,NO,NO
RCR_RECEIVABLE,29,USER_DIMENSION_2,nvarchar,30,0,0,YES,NO,NO
RCR_RECV_LINE,1,ROWID,int,4,10,0,NO,YES,NO
RCR_RECV_LINE,2,RCR_RECEIVABLE_ID,nvarchar,30,0,0,NO,NO,NO
RCR_RECV_LINE,3,LINE_NO,smallint,2,5,0,NO,NO,NO
RCR_RECV_LINE,4,REFERENCE,nvarchar,80,0,0,YES,NO,NO
RCR_RECV_LINE,5,QTY,decimal,13,20,8,YES,NO,NO
RCR_RECV_LINE,6,AMOUNT,decimal,13,23,8,NO,NO,NO
RCR_RECV_LINE,7,VAT_PERCENT,decimal,5,6,3,YES,NO,NO
RCR_RECV_LINE,8,VAT_AMOUNT,decimal,13,23,8,YES,NO,NO
RCR_RECV_LINE,9,VAT_GL_ACCT_ID,nvarchar,60,0,0,YES,NO,NO
RCR_RECV_LINE,10,COMM,decimal,5,6,3,YES,NO,NO
RCR_RECV_LINE,11,GL_ACCOUNT_ID,nvarchar,60,0,0,NO,NO,NO
RCR_RECV_LINE,12,VAT_CODE,nvarchar,30,0,0,YES,NO,NO
RCR_RECV_LINE,13,VAT_RCV_PERCENT,decimal,5,6,3,YES,NO,NO
RCR_RECV_LINE,14,VAT_RCV_AMOUNT,decimal,13,23,8,YES,NO,NO
RCR_RECV_LINE,15,VAT_RCV_GL_ACCT_ID,nvarchar,60,0,0,YES,NO,NO
RCR_RECV_LINE,16,vat_category,nvarchar,30,0,0,YES,NO,NO
RCR_RECV_LINE,17,COMMISSION_PCT,decimal,5,6,3,YES,NO,NO
RCR_RECV_LINE,18,USER_DIMENSION_1,nvarchar,30,0,0,YES,NO,NO
RCR_RECV_LINE,19,USER_DIMENSION_2,nvarchar,30,0,0,YES,NO,NO
RCR_RECV_LINE,20,PRODUCT_CODE,nvarchar,30,0,0,YES,NO,NO
RCR_RECV_SHARE,1,ROWID,int,4,10,0,NO,YES,NO
RCR_RECV_SHARE,2,RCR_RECV_ID,nvarchar,30,0,0,NO,NO,NO
RCR_RECV_SHARE,3,SHARE_SALESREP_ID,nvarchar,30,0,0,NO,NO,NO
RCR_RECV_SHARE,4,SHARE_PERCENT,decimal,5,6,3,YES,NO,NO
REASON,1,ROWID,int,4,10,0,NO,YES,NO
REASON,2,TYPE,nchar,4,0,0,NO,NO,NO
REASON,3,CODE,nvarchar,30,0,0,NO,NO,NO
REASON,4,DESCRIPTION,nvarchar,100,0,0,YES,NO,NO
REASON,5,GL_ACCOUNT_ID,nvarchar,60,0,0,YES,NO,NO
RECEIVABLE,1,ROWID,int,4,10,0,NO,YES,NO
RECEIVABLE,2,INVOICE_ID,nvarchar,30,0,0,NO,NO,NO
RECEIVABLE,3,CUSTOMER_ID,nvarchar,30,0,0,NO,NO,NO
RECEIVABLE,4,TYPE,nchar,2,0,0,NO,NO,NO
RECEIVABLE,5,INVOICE_DATE,datetime,8,23,3,NO,NO,NO
RECEIVABLE,6,TOTAL_AMOUNT,decimal,13,23,8,NO,NO,NO
RECEIVABLE,7,PAID_AMOUNT,decimal,13,23,8,NO,NO,NO
RECEIVABLE,8,DISCOUNT_GIVEN,decimal,13,23,8,NO,NO,NO
RECEIVABLE,9,LAST_PAID_DATE,datetime,8,23,3,YES,NO,NO
RECEIVABLE,10,ZERO_DATE,datetime,8,23,3,YES,NO,NO
RECEIVABLE,11,TERMS_NET_TYPE,nchar,2,0,0,NO,NO,NO
RECEIVABLE,12,TERMS_NET_DAYS,smallint,2,5,0,YES,NO,NO
RECEIVABLE,13,TERMS_NET_DATE,datetime,8,23,3,YES,NO,NO
RECEIVABLE,14,TERMS_DISC_TYPE,nchar,2,0,0,NO,NO,NO
RECEIVABLE,15,TERMS_DISC_DAYS,smallint,2,5,0,YES,NO,NO
RECEIVABLE,16,TERMS_DISC_DATE,datetime,8,23,3,YES,NO,NO
RECEIVABLE,17,TERMS_DISC_PERCENT,decimal,5,5,3,YES,NO,NO
RECEIVABLE,18,TERMS_DESCRIPTION,nvarchar,160,0,0,YES,NO,NO
RECEIVABLE,19,FREIGHT_TERMS,nchar,2,0,0,NO,NO,NO
RECEIVABLE,20,CREATE_DATE,datetime,8,23,3,NO,NO,NO
RECEIVABLE,21,USER_ID,nvarchar,40,0,0,YES,NO,NO
RECEIVABLE,22,STATUS,nchar,2,0,0,NO,NO,NO
RECEIVABLE,23,PREPAY_ORDER_ID,nvarchar,30,0,0,YES,NO,NO
RECEIVABLE,24,PREPAY_INVOICE_ID,nvarchar,30,0,0,YES,NO,NO
RECEIVABLE,25,SELL_RATE,decimal,9,15,8,NO,NO,NO
RECEIVABLE,26,BUY_RATE,decimal,9,15,8,NO,NO,NO
RECEIVABLE,27,POSTING_DATE,datetime,8,23,3,NO,NO,NO
RECEIVABLE,28,SITE_ID,nvarchar,30,0,0,NO,NO,NO
RECEIVABLE,29,RECV_GL_ACCT_ID,nvarchar,60,0,0,NO,NO,NO
RECEIVABLE,30,MARKED_FOR_PURGE,nchar,2,0,0,NO,NO,NO
RECEIVABLE,31,NEW_SELL_RATE,decimal,9,15,8,YES,NO,NO
RECEIVABLE,32,NEW_BUY_RATE,decimal,9,15,8,YES,NO,NO
RECEIVABLE,33,PRINTED_DATE,datetime,8,23,3,YES,NO,NO
RECEIVABLE,34,VAT_BOOK_CODE,nvarchar,10,0,0,YES,NO,NO
RECEIVABLE,35,VAT_REPORT_NO,int,4,10,0,YES,NO,NO
RECEIVABLE,36,VAT_FILENAME,nvarchar,30,0,0,YES,NO,NO
RECEIVABLE,37,RCR_INVOICE_ID,nvarchar,30,0,0,YES,NO,NO
RECEIVABLE,38,CURRENCY_ID,nvarchar,30,0,0,YES,NO,NO
RECEIVABLE,39,USER_EXCH_RATE,nchar,2,0,0,NO,NO,NO
RECEIVABLE,40,SALESREP_ID,nvarchar,30,0,0,YES,NO,NO
RECEIVABLE,41,COMM_PAID_AMOUNT,decimal,13,23,8,NO,NO,NO
RECEIVABLE,42,VOID_DATE,datetime,8,23,3,YES,NO,NO
RECEIVABLE,43,PREPAY_APPLIED_AMT,decimal,13,23,8,YES,NO,NO
RECEIVABLE,44,LAST_PREPAY_INVOICE_ID,nvarchar,30,0,0,YES,NO,NO
RECEIVABLE,45,TERMS_ID,nvarchar,30,0,0,YES,NO,NO
RECEIVABLE,46,USER_DIMENSION_1,nvarchar,30,0,0,YES,NO,NO
RECEIVABLE,47,USER_DIMENSION_2,nvarchar,30,0,0,YES,NO,NO
RECEIVABLE,48,DISTRIBUTION_METHOD,nvarchar,30,0,0,YES,NO,NO
RECEIVABLE,49,DISTRIBUTED_DATE,datetime,8,23,3,YES,NO,NO
RECEIVABLE,50,DOC_FILE_PATH,nvarchar,510,0,0,YES,NO,NO
RECEIVABLE,51,DOCUMENT_ID,nvarchar,256,0,0,YES,NO,NO
RECEIVABLE,52,DIST_DOC_FILE_TYPE,nvarchar,8,0,0,YES,NO,NO
RECEIVABLE_BINARY,1,ROWID,int,4,10,0,NO,YES,NO
RECEIVABLE_BINARY,2,INVOICE_ID,nvarchar,30,0,0,NO,NO,NO
RECEIVABLE_BINARY,3,TYPE,nchar,2,0,0,NO,NO,NO
RECEIVABLE_BINARY,4,BITS,image,16,0,0,YES,NO,NO
RECEIVABLE_BINARY,5,BITS_LENGTH,int,4,10,0,NO,NO,NO
RECEIVABLE_CURR,1,ROWID,int,4,10,0,NO,YES,NO
RECEIVABLE_CURR,2,INVOICE_ID,nvarchar,30,0,0,NO,NO,NO
RECEIVABLE_CURR,3,CURRENCY_ID,nvarchar,30,0,0,NO,NO,NO
RECEIVABLE_CURR,4,AMOUNT,decimal,13,23,8,NO,NO,NO
RECEIVABLE_CURR,5,SELL_RATE,decimal,9,15,8,NO,NO,NO
RECEIVABLE_CURR,6,BUY_RATE,decimal,9,15,8,NO,NO,NO
RECEIVABLE_DIST,1,ROWID,int,4,10,0,NO,YES,NO
RECEIVABLE_DIST,2,INVOICE_ID,nvarchar,30,0,0,NO,NO,NO
RECEIVABLE_DIST,3,DIST_NO,smallint,2,5,0,NO,NO,NO
RECEIVABLE_DIST,4,ENTRY_NO,smallint,2,5,0,NO,NO,NO
RECEIVABLE_DIST,5,AMOUNT,decimal,13,23,8,NO,NO,NO
RECEIVABLE_DIST,6,AMOUNT_TYPE,nchar,4,0,0,NO,NO,NO
RECEIVABLE_DIST,7,GL_ACCOUNT_ID,nvarchar,60,0,0,NO,NO,NO
RECEIVABLE_DIST,8,NATIVE_AMOUNT,decimal,13,23,8,NO,NO,NO
RECEIVABLE_DIST,9,POSTING_STATUS,nchar,2,0,0,NO,NO,NO
RECEIVABLE_DIST,10,POSTING_DATE,datetime,8,23,3,NO,NO,NO
RECEIVABLE_DIST,11,BATCH_ID,nvarchar,30,0,0,YES,NO,NO
RECEIVABLE_DIST,12,CREATE_DATE,datetime,8,23,3,NO,NO,NO
RECEIVABLE_DIST,13,SITE_ID,nvarchar,30,0,0,NO,NO,NO
RECEIVABLE_DIST,14,CURRENCY_ID,nvarchar,30,0,0,NO,NO,NO
RECEIVABLE_DIST,15,NATIVE,nchar,2,0,0,YES,NO,NO
RECEIVABLE_INST,1,ROWID,int,4,10,0,NO,YES,NO
RECEIVABLE_INST,2,INVOICE_ID,nvarchar,30,0,0,NO,NO,NO
RECEIVABLE_INST,3,INST_NO,smallint,2,5,0,NO,NO,NO
RECEIVABLE_INST,4,DUE_DATE,datetime,8,23,3,NO,NO,NO
RECEIVABLE_INST,5,TOTAL_AMOUNT,decimal,13,23,8,NO,NO,NO
RECEIVABLE_INST,6,PAID_AMOUNT,decimal,13,23,8,YES,NO,NO
RECEIVABLE_INST,7,LAST_PAID_DATE,datetime,8,23,3,YES,NO,NO
RECEIVABLE_INST,8,ZERO_DATE,datetime,8,23,3,YES,NO,NO
RECEIVABLE_LINE,1,ROWID,int,4,10,0,NO,YES,NO
RECEIVABLE_LINE,2,INVOICE_ID,nvarchar,30,0,0,NO,NO,NO
RECEIVABLE_LINE,3,LINE_NO,smallint,2,5,0,NO,NO,NO
RECEIVABLE_LINE,4,REFERENCE,nvarchar,240,0,0,YES,NO,NO
RECEIVABLE_LINE,5,QTY,decimal,13,20,8,YES,NO,NO
RECEIVABLE_LINE,6,AMOUNT,decimal,13,23,8,NO,NO,NO
RECEIVABLE_LINE,7,VAT_PERCENT,decimal,5,6,3,YES,NO,NO
RECEIVABLE_LINE,8,VAT_AMOUNT,decimal,13,23,8,YES,NO,NO
RECEIVABLE_LINE,9,VAT_GL_ACCT_ID,nvarchar,60,0,0,YES,NO,NO
RECEIVABLE_LINE,10,GL_ACCOUNT_ID,nvarchar,60,0,0,NO,NO,NO
RECEIVABLE_LINE,11,COMMISSION_PCT,decimal,5,6,3,YES,NO,NO
RECEIVABLE_LINE,12,CUST_ORDER_ID,nvarchar,30,0,0,YES,NO,NO
RECEIVABLE_LINE,13,CUST_ORDER_LINE_NO,smallint,2,5,0,YES,NO,NO
RECEIVABLE_LINE,14,PACKLIST_ID,nvarchar,30,0,0,YES,NO,NO
RECEIVABLE_LINE,15,PACKLIST_LINE_NO,smallint,2,5,0,YES,NO,NO
RECEIVABLE_LINE,16,VAT_CODE,nvarchar,30,0,0,YES,NO,NO
RECEIVABLE_LINE,17,HTS_CODE,nvarchar,40,0,0,YES,NO,NO
RECEIVABLE_LINE,18,ORIG_COUNTRY_ID,nvarchar,100,0,0,YES,NO,NO
RECEIVABLE_LINE,19,DUTY_PERCENT,decimal,5,6,3,YES,NO,NO
RECEIVABLE_LINE,20,DUTY_AMOUNT,decimal,13,23,8,YES,NO,NO
RECEIVABLE_LINE,21,vat_category,nvarchar,30,0,0,YES,NO,NO
RECEIVABLE_LINE,22,FT_TYPE,nchar,2,0,0,YES,NO,NO
RECEIVABLE_LINE,23,PREPAY_APPLIED_AMT,decimal,13,23,8,YES,NO,NO
RECEIVABLE_LINE,24,PREPAY_APPLIED_VAT,decimal,13,23,8,YES,NO,NO
RECEIVABLE_LINE,25,PREPAY_INVOICE_ID,nvarchar,30,0,0,YES,NO,NO
RECEIVABLE_LINE,26,USER_DIMENSION_1,nvarchar,30,0,0,YES,NO,NO
RECEIVABLE_LINE,27,USER_DIMENSION_2,nvarchar,30,0,0,YES,NO,NO
RECEIVABLE_LINE,28,PRODUCT_CODE,nvarchar,30,0,0,YES,NO,NO
RECEIVABLE_SCHED,1,ROWID,int,4,10,0,NO,YES,NO
RECEIVABLE_SCHED,2,INVOICE_ID,nvarchar,30,0,0,NO,NO,NO
RECEIVABLE_SCHED,3,PROMISE_DATE,datetime,8,23,3,NO,NO,NO
RECEIVABLE_SCHED,4,AMOUNT,decimal,13,23,8,NO,NO,NO
RECEIVABLE_SHARE,1,ROWID,int,4,10,0,NO,YES,NO
RECEIVABLE_SHARE,2,INVOICE_ID,nvarchar,30,0,0,NO,NO,NO
RECEIVABLE_SHARE,3,SHARE_SALESREP_ID,nvarchar,30,0,0,NO,NO,NO
RECEIVABLE_SHARE,4,SHARE_PERCENT,decimal,5,6,3,YES,NO,NO
RECEIVER,1,ROWID,int,4,10,0,NO,YES,NO
RECEIVER,2,ID,nvarchar,30,0,0,NO,NO,NO
RECEIVER,3,PURC_ORDER_ID,nvarchar,30,0,0,NO,NO,NO
RECEIVER,4,RECEIVED_DATE,datetime,8,23,3,YES,NO,NO
RECEIVER,5,CREATE_DATE,datetime,8,23,3,NO,NO,NO
RECEIVER,6,USER_ID,nvarchar,40,0,0,NO,NO,NO
RECEIVER,7,MARKED_FOR_PURGE,nchar,2,0,0,NO,NO,NO
RECEIVER,8,SHIP_REASON_CD,nvarchar,30,0,0,YES,NO,NO
RECEIVER,9,CARRIER_ID,nvarchar,30,0,0,YES,NO,NO
RECEIVER,10,BOL_ID,nvarchar,40,0,0,YES,NO,NO
RECEIVER,11,VEND_PACK_ID,nvarchar,80,0,0,YES,NO,NO
RECEIVER,12,VEND_PACK_DATE,datetime,8,23,3,YES,NO,NO
RECEIVER,13,VEND_FREIGHT_ID,nvarchar,80,0,0,YES,NO,NO
RECEIVER,14,SITE_ID,nvarchar,30,0,0,NO,NO,NO
RECEIVER_BINARY,1,ROWID,int,4,10,0,NO,YES,NO
RECEIVER_BINARY,2,RECEIVER_ID,nvarchar,30,0,0,NO,NO,NO
RECEIVER_BINARY,3,TYPE,nchar,2,0,0,NO,NO,NO
RECEIVER_BINARY,4,BITS,image,16,0,0,YES,NO,NO
RECEIVER_BINARY,5,BITS_LENGTH,int,4,10,0,NO,NO,NO
RECEIVER_LINE,1,ROWID,int,4,10,0,NO,YES,NO
RECEIVER_LINE,2,RECEIVER_ID,nvarchar,30,0,0,NO,NO,NO
RECEIVER_LINE,3,LINE_NO,smallint,2,5,0,NO,NO,NO
RECEIVER_LINE,4,PURC_ORDER_ID,nvarchar,30,0,0,NO,NO,NO
RECEIVER_LINE,5,PURC_ORDER_LINE_NO,smallint,2,5,0,NO,NO,NO
RECEIVER_LINE,6,USER_RECEIVED_QTY,decimal,13,20,8,NO,NO,NO
RECEIVER_LINE,7,RECEIVED_QTY,decimal,13,20,8,NO,NO,NO
RECEIVER_LINE,8,INSPECT_QTY,decimal,13,20,8,NO,NO,NO
RECEIVER_LINE,9,ACT_FREIGHT,decimal,13,23,8,NO,NO,NO
RECEIVER_LINE,10,INVOICE_ID,nvarchar,30,0,0,YES,NO,NO
RECEIVER_LINE,11,INVOICED_DATE,datetime,8,23,3,YES,NO,NO
RECEIVER_LINE,12,WAREHOUSE_ID,nvarchar,30,0,0,YES,NO,NO
RECEIVER_LINE,13,LOCATION_ID,nvarchar,30,0,0,YES,NO,NO
RECEIVER_LINE,14,TRANSACTION_ID,int,4,10,0,YES,NO,NO
RECEIVER_LINE,15,SERV_TRANS_ID,int,4,10,0,YES,NO,NO
RECEIVER_LINE,16,PIECE_COUNT,decimal,13,20,8,YES,NO,NO
RECEIVER_LINE,17,LENGTH,decimal,9,14,4,YES,NO,NO
RECEIVER_LINE,18,WIDTH,decimal,9,14,4,YES,NO,NO
RECEIVER_LINE,19,HEIGHT,decimal,9,14,4,YES,NO,NO
RECEIVER_LINE,20,DIMENSIONS_UM,nvarchar,30,0,0,YES,NO,NO
RECEIVER_LINE,21,REJECTED_QTY,decimal,13,20,8,YES,NO,NO
RECEIVER_LINE,22,HTS_CODE,nvarchar,40,0,0,YES,NO,NO
RECEIVER_LINE,23,ORIG_COUNTRY_ID,nvarchar,100,0,0,YES,NO,NO
RECEIVER_LINE,24,UNIT_PRICE,decimal,13,22,8,YES,NO,NO
RECEIVER_LINE,25,LANDED_UNIT_PRICE,decimal,13,22,8,YES,NO,NO
RECEIVER_LINE,26,FIXED_CHARGE,decimal,13,23,8,YES,NO,NO
RECEIVER_LINE,27,INTRASTAT_AMOUNT,decimal,13,23,8,YES,NO,NO
RECEIVER_LINE,28,DATA_COLL_COMP,nchar,2,0,0,YES,NO,NO
RECEIVER_LINE,29,GROSS_WEIGHT,decimal,9,15,4,YES,NO,NO
RECEIVER_LINE,30,CNSN_OUT_TRANS_ID,int,4,10,0,YES,NO,NO
RECEIVER_LINE,31,INSP_REASON_CD,nvarchar,30,0,0,YES,NO,NO
RECEIVER_LINE,32,DESCRIPTION,nvarchar,240,0,0,YES,NO,NO
RECEIVER_LINE_DEL,1,ROWID,int,4,10,0,NO,YES,NO
RECEIVER_LINE_DEL,2,RECEIVER_ID,nvarchar,30,0,0,NO,NO,NO
RECEIVER_LINE_DEL,3,RECEIVER_LINE_NO,smallint,2,5,0,NO,NO,NO
RECEIVER_LINE_DEL,4,LINE_NO,smallint,2,5,0,NO,NO,NO
RECEIVER_LINE_DEL,5,PURC_ORDER_ID,nvarchar,30,0,0,YES,NO,NO
RECEIVER_LINE_DEL,6,PURC_ORDER_LINE_NO,smallint,2,5,0,YES,NO,NO
RECEIVER_LINE_DEL,7,PURC_DEL_LINE_NO,smallint,2,5,0,YES,NO,NO
RECEIVER_LINE_DEL,8,USER_RECEIVED_QTY,decimal,13,20,8,YES,NO,NO
RECEIVER_LINE_DEL,9,RECEIVED_QTY,decimal,13,20,8,YES,NO,NO
RECEIVER_LINE_DEL,10,PIECE_COUNT,int,4,10,0,YES,NO,NO
RECV_LINE_BINARY,1,ROWID,int,4,10,0,NO,YES,NO
RECV_LINE_BINARY,2,INVOICE_ID,nvarchar,30,0,0,NO,NO,NO
RECV_LINE_BINARY,3,RECV_LINE_NO,smallint,2,5,0,NO,NO,NO
RECV_LINE_BINARY,4,TYPE,nchar,2,0,0,NO,NO,NO
RECV_LINE_BINARY,5,BITS,image,16,0,0,YES,NO,NO
RECV_LINE_BINARY,6,BITS_LENGTH,int,4,10,0,NO,NO,NO
RECV_MEMO_APPLY,1,ROWID,int,4,10,0,NO,YES,NO
RECV_MEMO_APPLY,2,MEMO_INVOICE_ID,nvarchar,30,0,0,NO,NO,NO
RECV_MEMO_APPLY,3,INV_INVOICE_ID,nvarchar,30,0,0,NO,NO,NO
RECV_MEMO_APPLY,4,APPLY_AMOUNT,decimal,13,23,8,NO,NO,NO
RECV_MEMO_APPLY,5,apply_date,datetime,8,23,3,YES,NO,NO
RECV_MEMO_APPLY,6,INST_NO,smallint,2,5,0,YES,NO,NO
RECVR_LINE_BINARY,1,ROWID,int,4,10,0,NO,YES,NO
RECVR_LINE_BINARY,2,RECEIVER_ID,nvarchar,30,0,0,NO,NO,NO
RECVR_LINE_BINARY,3,RECEIVER_LINE_NO,smallint,2,5,0,NO,NO,NO
RECVR_LINE_BINARY,4,TYPE,nchar,2,0,0,NO,NO,NO
RECVR_LINE_BINARY,5,BITS,image,16,0,0,YES,NO,NO
RECVR_LINE_BINARY,6,BITS_LENGTH,int,4,10,0,NO,NO,NO
REFERENCE_DESIGNATOR,1,ROWID,int,4,10,0,NO,YES,NO
REFERENCE_DESIGNATOR,2,WORKORDER_TYPE,nchar,2,0,0,NO,NO,NO
REFERENCE_DESIGNATOR,3,WORKORDER_BASE_ID,nvarchar,60,0,0,NO,NO,NO
REFERENCE_DESIGNATOR,4,WORKORDER_LOT_ID,nvarchar,6,0,0,NO,NO,NO
REFERENCE_DESIGNATOR,5,WORKORDER_SPLIT_ID,nvarchar,6,0,0,NO,NO,NO
REFERENCE_DESIGNATOR,6,WORKORDER_SUB_ID,nvarchar,6,0,0,NO,NO,NO
REFERENCE_DESIGNATOR,7,OPERATION_SEQ_NO,smallint,2,5,0,NO,NO,NO
REFERENCE_DESIGNATOR,8,PIECE_NO,smallint,2,5,0,NO,NO,NO
REFERENCE_DESIGNATOR,9,ID,nvarchar,30,0,0,NO,NO,NO
REFERENCE_DESIGNATOR,10,X_COORDINATE,nvarchar,30,0,0,YES,NO,NO
REFERENCE_DESIGNATOR,11,Y_COORDINATE,nvarchar,30,0,0,YES,NO,NO
REFERENCE_DESIGNATOR,12,DESCRIPTION,nvarchar,60,0,0,YES,NO,NO
REGION,1,ROWID,int,4,10,0,NO,YES,NO
REGION,2,ID,nvarchar,4,0,0,NO,NO,NO
REGION,3,DESCRIPTION,nvarchar,100,0,0,YES,NO,NO
REPORT,1,ROWID,int,4,10,0,NO,YES,NO
REPORT,2,ID,nvarchar,30,0,0,NO,NO,NO
REPORT,3,DESCRIPTION,nvarchar,160,0,0,YES,NO,NO
REPORT,4,TITLE,nvarchar,160,0,0,YES,NO,NO
REPORT,5,GROUP_NAME,nvarchar,30,0,0,YES,NO,NO
REPORT,6,REPORT_FILE_NAME,nvarchar,16,0,0,YES,NO,NO
REPORT,7,COLUMN_COUNT,smallint,2,5,0,NO,NO,NO
REPORT,8,DIVISOR,decimal,5,8,0,NO,NO,NO
REPORT,9,DIVISOR_DESCR,nvarchar,80,0,0,YES,NO,NO
REPORT,10,SEND_BUDGETS,nchar,2,0,0,NO,NO,NO
REPORT,11,CALENDAR_TYPE,nchar,2,0,0,NO,NO,NO
REPORT,12,CALENDAR_ID,nvarchar,30,0,0,NO,NO,NO
REPORT_CAL_MAP,1,ROWID,int,4,10,0,NO,YES,NO
REPORT_CAL_MAP,2,RPT_CAL_ID,nvarchar,30,0,0,NO,NO,NO
REPORT_CAL_MAP,3,FIN_CAL_ID,nvarchar,30,0,0,NO,NO,NO
REPORT_CAL_MAP,4,BEGIN_ACCT_PERIOD,decimal,5,2,0,NO,NO,NO
REPORT_CAL_MAP,5,END_ACCT_PERIOD,decimal,5,2,0,NO,NO,NO
REPORT_CAL_MAP,6,BEGIN_ACCT_YEAR,decimal,5,2,0,YES,NO,NO
REPORT_CAL_MAP,7,END_ACCT_YEAR,decimal,5,2,0,YES,NO,NO
REPORT_CALENDAR,1,ROWID,int,4,10,0,NO,YES,NO
REPORT_CALENDAR,2,ID,nvarchar,30,0,0,NO,NO,NO
REPORT_CALENDAR,3,DESCRIPTION,nvarchar,160,0,0,YES,NO,NO
REPORT_CALENDAR,4,ACTIVE_FLAG,nchar,2,0,0,YES,NO,NO
REPORT_LINE,1,ROWID,int,4,10,0,NO,YES,NO
REPORT_LINE,2,REPORT_ID,nvarchar,30,0,0,NO,NO,NO
REPORT_LINE,3,LINE_NO,smallint,2,5,0,NO,NO,NO
REPORT_LINE,4,TYPE,nchar,2,0,0,NO,NO,NO
REPORT_LINE,5,ACCOUNT_ID_RANGE,nvarchar,500,0,0,YES,NO,NO
REPORT_LINE,6,ALTERNATE_DESCR,nvarchar,160,0,0,YES,NO,NO
REPORT_LINE,7,EXPLODE_TO_LEVEL,smallint,2,5,0,YES,NO,NO
REPORT_LINE,8,SITE_ID_RANGE,nvarchar,500,0,0,YES,NO,NO
REPORT_LINE,9,SECTION_BREAK,nchar,2,0,0,NO,NO,NO
REPORT_LINE,10,SECTION_TITLE,nvarchar,160,0,0,YES,NO,NO
REPORT_LINE,11,PRINT_CODE,int,4,10,0,YES,NO,NO
REPORT_LINE,12,SEND_DATA,nchar,2,0,0,NO,NO,NO
REPORT_LINE,13,BEGIN_PERIOD_ARRAY,nvarchar,500,0,0,YES,NO,NO
REPORT_LINE,14,BEGIN_YEAR_ARRAY,nvarchar,500,0,0,YES,NO,NO
REPORT_LINE,15,END_PERIOD_ARRAY,nvarchar,500,0,0,YES,NO,NO
REPORT_LINE,16,END_YEAR_ARRAY,nvarchar,500,0,0,YES,NO,NO
REPORT_LINE,17,PERSISTENT_ARRAY,nvarchar,500,0,0,YES,NO,NO
REPORT_LINE,18,SHOW_TRANSACTIONS,nchar,2,0,0,NO,NO,NO
REPORT_LINE,19,ADD_LINE_ABOVE_TTL,nchar,2,0,0,YES,NO,NO
REPORT_LINE,20,CALENDAR_ID,nvarchar,30,0,0,YES,NO,NO
REQ_PART_ALTERNATE,1,ROWID,int,4,10,0,NO,YES,NO
REQ_PART_ALTERNATE,2,WORKORDER_TYPE,nchar,2,0,0,NO,NO,NO
REQ_PART_ALTERNATE,3,WORKORDER_BASE_ID,nvarchar,60,0,0,NO,NO,NO
REQ_PART_ALTERNATE,4,WORKORDER_LOT_ID,nvarchar,6,0,0,NO,NO,NO
REQ_PART_ALTERNATE,5,WORKORDER_SPLIT_ID,nvarchar,6,0,0,NO,NO,NO
REQ_PART_ALTERNATE,6,WORKORDER_SUB_ID,nvarchar,6,0,0,NO,NO,NO
REQ_PART_ALTERNATE,7,OPERATION_SEQ_NO,smallint,2,5,0,NO,NO,NO
REQ_PART_ALTERNATE,8,PIECE_NO,smallint,2,5,0,NO,NO,NO
REQ_PART_ALTERNATE,9,PART_ID,nvarchar,60,0,0,NO,NO,NO
REQ_PART_ALTERNATE,10,RANK,smallint,2,5,0,YES,NO,NO
REQ_TRC_CTL,1,ROWID,int,4,10,0,NO,YES,NO
REQ_TRC_CTL,2,WORKORDER_TYPE,nchar,2,0,0,NO,NO,NO
REQ_TRC_CTL,3,WORKORDER_BASE_ID,nvarchar,60,0,0,NO,NO,NO
REQ_TRC_CTL,4,WORKORDER_LOT_ID,nvarchar,6,0,0,NO,NO,NO
REQ_TRC_CTL,5,WORKORDER_SPLIT_ID,nvarchar,6,0,0,NO,NO,NO
REQ_TRC_CTL,6,WORKORDER_SUB_ID,nvarchar,6,0,0,NO,NO,NO
REQ_TRC_CTL,7,OPERATION_SEQ_NO,smallint,2,5,0,NO,NO,NO
REQ_TRC_CTL,8,PIECE_NO,smallint,2,5,0,NO,NO,NO
REQ_TRC_CTL,9,OWNER_ID,nvarchar,30,0,0,YES,NO,NO
REQUEST_FOR_QUOTE,1,ROWID,int,4,10,0,NO,YES,NO
REQUEST_FOR_QUOTE,2,ID,nvarchar,30,0,0,NO,NO,NO
REQUEST_FOR_QUOTE,3,CUSTOMER_QUOTE_ID,nvarchar,30,0,0,YES,NO,NO
REQUEST_FOR_QUOTE,4,REQUEST_DATE,datetime,8,23,3,NO,NO,NO
REQUEST_FOR_QUOTE,5,BUYER,nvarchar,40,0,0,YES,NO,NO
REQUEST_FOR_QUOTE,6,SHIP_VIA,nvarchar,80,0,0,YES,NO,NO
REQUEST_FOR_QUOTE,7,FREE_ON_BOARD,nvarchar,50,0,0,YES,NO,NO
REQUEST_FOR_QUOTE,8,USER_ID,nvarchar,40,0,0,NO,NO,NO
REQUEST_FOR_QUOTE,9,SITE_ID,nvarchar,30,0,0,NO,NO,NO
REQUEST_FOR_QUOTE,10,STATUS,nchar,2,0,0,NO,NO,NO
REQUEST_FOR_QUOTE,11,CREATE_DATE,datetime,8,23,3,NO,NO,NO
REQUEST_FOR_QUOTE,12,WAREHOUSE_ID,nvarchar,30,0,0,YES,NO,NO
REQUEST_FOR_QUOTE,13,STATUS_EFF_DATE,datetime,8,23,3,NO,NO,NO
REQUIREMENT,1,ROWID,int,4,10,0,NO,YES,NO
REQUIREMENT,2,WORKORDER_TYPE,nchar,2,0,0,NO,NO,NO
REQUIREMENT,3,WORKORDER_BASE_ID,nvarchar,60,0,0,NO,NO,NO
REQUIREMENT,4,WORKORDER_LOT_ID,nvarchar,6,0,0,NO,NO,NO
REQUIREMENT,5,WORKORDER_SPLIT_ID,nvarchar,6,0,0,NO,NO,NO
REQUIREMENT,6,WORKORDER_SUB_ID,nvarchar,6,0,0,NO,NO,NO
REQUIREMENT,7,OPERATION_SEQ_NO,smallint,2,5,0,NO,NO,NO
REQUIREMENT,8,PIECE_NO,smallint,2,5,0,NO,NO,NO
REQUIREMENT,9,SUBORD_WO_SUB_ID,nvarchar,6,0,0,YES,NO,NO
REQUIREMENT,10,PART_ID,nvarchar,60,0,0,YES,NO,NO
REQUIREMENT,11,REFERENCE,nvarchar,20,0,0,YES,NO,NO
REQUIREMENT,12,STATUS,nchar,2,0,0,NO,NO,NO
REQUIREMENT,13,QTY_PER,decimal,13,20,8,NO,NO,NO
REQUIREMENT,14,QTY_PER_TYPE,nchar,2,0,0,NO,NO,NO
REQUIREMENT,15,FIXED_QTY,decimal,13,20,8,NO,NO,NO
REQUIREMENT,16,SCRAP_PERCENT,decimal,5,5,2,NO,NO,NO
REQUIREMENT,17,DIMENSIONS,nvarchar,160,0,0,YES,NO,NO
REQUIREMENT,18,DIM_EXPRESSION,nvarchar,256,0,0,YES,NO,NO
REQUIREMENT,19,USAGE_UM,nvarchar,30,0,0,YES,NO,NO
REQUIREMENT,20,EFFECTIVE_DATE,datetime,8,23,3,YES,NO,NO
REQUIREMENT,21,DISCONTINUE_DATE,datetime,8,23,3,YES,NO,NO
REQUIREMENT,22,CALC_QTY,decimal,13,20,8,YES,NO,NO
REQUIREMENT,23,ISSUED_QTY,decimal,13,20,8,NO,NO,NO
REQUIREMENT,24,REQUIRED_DATE,datetime,8,23,3,YES,NO,NO
REQUIREMENT,25,CLOSE_DATE,datetime,8,23,3,YES,NO,NO
REQUIREMENT,26,UNIT_MATERIAL_COST,decimal,13,22,8,NO,NO,NO
REQUIREMENT,27,UNIT_LABOR_COST,decimal,13,22,8,NO,NO,NO
REQUIREMENT,28,UNIT_BURDEN_COST,decimal,13,22,8,NO,NO,NO
REQUIREMENT,29,UNIT_SERVICE_COST,decimal,13,22,8,NO,NO,NO
REQUIREMENT,30,BURDEN_PERCENT,decimal,5,5,2,NO,NO,NO
REQUIREMENT,31,BURDEN_PER_UNIT,decimal,13,22,8,NO,NO,NO
REQUIREMENT,32,FIXED_COST,decimal,13,23,8,YES,NO,NO
REQUIREMENT,33,DRAWING_ID,nvarchar,60,0,0,YES,NO,NO
REQUIREMENT,34,DRAWING_REV_NO,nvarchar,16,0,0,YES,NO,NO
REQUIREMENT,35,VENDOR_ID,nvarchar,30,0,0,YES,NO,NO
REQUIREMENT,36,VENDOR_PART_ID,nvarchar,60,0,0,YES,NO,NO
REQUIREMENT,37,EST_MATERIAL_COST,decimal,13,23,8,NO,NO,NO
REQUIREMENT,38,EST_LABOR_COST,decimal,13,23,8,NO,NO,NO
REQUIREMENT,39,EST_BURDEN_COST,decimal,13,23,8,NO,NO,NO
REQUIREMENT,40,EST_SERVICE_COST,decimal,13,23,8,NO,NO,NO
REQUIREMENT,41,REM_MATERIAL_COST,decimal,13,23,8,NO,NO,NO
REQUIREMENT,42,REM_LABOR_COST,decimal,13,23,8,NO,NO,NO
REQUIREMENT,43,REM_BURDEN_COST,decimal,13,23,8,NO,NO,NO
REQUIREMENT,44,REM_SERVICE_COST,decimal,13,23,8,NO,NO,NO
REQUIREMENT,45,ACT_MATERIAL_COST,decimal,13,23,8,NO,NO,NO
REQUIREMENT,46,ACT_LABOR_COST,decimal,13,23,8,NO,NO,NO
REQUIREMENT,47,ACT_BURDEN_COST,decimal,13,23,8,NO,NO,NO
REQUIREMENT,48,ACT_SERVICE_COST,decimal,13,23,8,NO,NO,NO
REQUIREMENT,49,MFG_NAME,nvarchar,60,0,0,YES,NO,NO
REQUIREMENT,50,MFG_PART_ID,nvarchar,60,0,0,YES,NO,NO
REQUIREMENT,51,PROTECT_COST,nchar,2,0,0,NO,NO,NO
REQUIREMENT,52,LENGTH,decimal,9,14,4,YES,NO,NO
REQUIREMENT,53,WIDTH,decimal,9,14,4,YES,NO,NO
REQUIREMENT,54,HEIGHT,decimal,9,14,4,YES,NO,NO
REQUIREMENT,55,DRAWING_FILE,nvarchar,200,0,0,YES,NO,NO
REQUIREMENT,56,WAREHOUSE_ID,nvarchar,30,0,0,YES,NO,NO
REQUIREMENT,57,ALLOCATED_QTY,decimal,13,20,8,NO,NO,NO
REQUIREMENT,58,FULFILLED_QTY,decimal,13,20,8,NO,NO,NO
REQUIREMENT,59,PLANNING_LEADTIME,smallint,2,5,0,YES,NO,NO
REQUIREMENT,60,REQUIRED_FOR_SETUP,nchar,2,0,0,YES,NO,NO
REQUIREMENT,61,USER_1,nvarchar,160,0,0,YES,NO,NO
REQUIREMENT,62,USER_2,nvarchar,160,0,0,YES,NO,NO
REQUIREMENT,63,USER_3,nvarchar,160,0,0,YES,NO,NO
REQUIREMENT,64,USER_4,nvarchar,160,0,0,YES,NO,NO
REQUIREMENT,65,USER_5,nvarchar,160,0,0,YES,NO,NO
REQUIREMENT,66,USER_6,nvarchar,160,0,0,YES,NO,NO
REQUIREMENT,67,USER_7,nvarchar,160,0,0,YES,NO,NO
REQUIREMENT,68,USER_8,nvarchar,160,0,0,YES,NO,NO
REQUIREMENT,69,USER_9,nvarchar,160,0,0,YES,NO,NO
REQUIREMENT,70,USER_10,nvarchar,160,0,0,YES,NO,NO
REQUIREMENT,71,UDF_LAYOUT_ID,nvarchar,30,0,0,YES,NO,NO
REQUIREMENT,72,calc_fixed_scrap,decimal,13,20,8,YES,NO,NO
REQUIREMENT,73,WBS_CODE,nvarchar,60,0,0,YES,NO,NO
REQUIREMENT,74,WBS_DESCRIPTION,nvarchar,160,0,0,YES,NO,NO
REQUIREMENT,75,WBS_CLIN,nvarchar,30,0,0,YES,NO,NO
REQUIREMENT,76,WBS_CUSTOMER_WBS,nvarchar,60,0,0,YES,NO,NO
REQUIREMENT,77,WBS_CDRL,nvarchar,60,0,0,YES,NO,NO
REQUIREMENT,78,WBS_TDC,nvarchar,60,0,0,YES,NO,NO
REQUIREMENT,79,INHERIT_WAREHOUSE,nchar,2,0,0,YES,NO,NO
REQUIREMENT,80,LOCATION_ID,nvarchar,30,0,0,YES,NO,NO
REQUIREMENT,81,DUE_DATE,datetime,8,23,3,YES,NO,NO
REQUIREMENT,82,DISPATCHED,nchar,2,0,0,YES,NO,NO
REQUIREMENT,83,ORIG_STAGE_REVISION_ID,nvarchar,48,0,0,YES,NO,NO
REQUIREMENT,84,STATUS_EFF_DATE,datetime,8,23,3,NO,NO,NO
REQUIREMENT,85,ALT_PART_PARENT_PIECE_NO,smallint,2,5,0,YES,NO,NO
REQUIREMENT,86,SITE_ID,nvarchar,30,0,0,NO,NO,NO
REQUIREMENT,87,BID_RATE_CATEGORY_ID,nvarchar,30,0,0,YES,NO,NO
REQUIREMENT_BINARY,1,ROWID,int,4,10,0,NO,YES,NO
REQUIREMENT_BINARY,2,WORKORDER_TYPE,nchar,2,0,0,NO,NO,NO
REQUIREMENT_BINARY,3,WORKORDER_BASE_ID,nvarchar,60,0,0,NO,NO,NO
REQUIREMENT_BINARY,4,WORKORDER_LOT_ID,nvarchar,6,0,0,NO,NO,NO
REQUIREMENT_BINARY,5,WORKORDER_SPLIT_ID,nvarchar,6,0,0,NO,NO,NO
REQUIREMENT_BINARY,6,WORKORDER_SUB_ID,nvarchar,6,0,0,NO,NO,NO
REQUIREMENT_BINARY,7,OPERATION_SEQ_NO,smallint,2,5,0,NO,NO,NO
REQUIREMENT_BINARY,8,PIECE_NO,smallint,2,5,0,NO,NO,NO
REQUIREMENT_BINARY,9,TYPE,nchar,2,0,0,NO,NO,NO
REQUIREMENT_BINARY,10,BITS,image,16,0,0,YES,NO,NO
REQUIREMENT_BINARY,11,BITS_LENGTH,int,4,10,0,NO,NO,NO
REQUIREMENT_COST,1,ROWID,int,4,10,0,NO,YES,NO
REQUIREMENT_COST,2,WORKORDER_TYPE,nchar,2,0,0,NO,NO,NO
REQUIREMENT_COST,3,WORKORDER_BASE_ID,nvarchar,60,0,0,NO,NO,NO
REQUIREMENT_COST,4,WORKORDER_LOT_ID,nvarchar,6,0,0,NO,NO,NO
REQUIREMENT_COST,5,WORKORDER_SPLIT_ID,nvarchar,6,0,0,NO,NO,NO
REQUIREMENT_COST,6,WORKORDER_SUB_ID,nvarchar,6,0,0,NO,NO,NO
REQUIREMENT_COST,7,OPERATION_SEQ_NO,smallint,2,5,0,NO,NO,NO
REQUIREMENT_COST,8,REQ_PIECE_NO,smallint,2,5,0,NO,NO,NO
REQUIREMENT_COST,9,QTY,decimal,13,20,8,NO,NO,NO
REQUIREMENT_COST,10,UNIT_COST,decimal,13,22,8,NO,NO,NO
REQUIREMENT_COST,11,FIXED_COST,decimal,13,23,8,NO,NO,NO
REQUIREMENT_COST,12,MINIMUM_COST,decimal,13,23,8,YES,NO,NO
REQUIREMENT_COST,13,LEADTIME,smallint,2,5,0,YES,NO,NO
REQUIREMENT_SCHED,1,ROWID,int,4,10,0,NO,YES,NO
REQUIREMENT_SCHED,2,SCHEDULE_ID,nvarchar,30,0,0,NO,NO,NO
REQUIREMENT_SCHED,3,WORKORDER_TYPE,nchar,2,0,0,NO,NO,NO
REQUIREMENT_SCHED,4,WORKORDER_BASE_ID,nvarchar,60,0,0,NO,NO,NO
REQUIREMENT_SCHED,5,WORKORDER_LOT_ID,nvarchar,6,0,0,NO,NO,NO
REQUIREMENT_SCHED,6,WORKORDER_SPLIT_ID,nvarchar,6,0,0,NO,NO,NO
REQUIREMENT_SCHED,7,WORKORDER_SUB_ID,nvarchar,6,0,0,NO,NO,NO
REQUIREMENT_SCHED,8,SEQUENCE_NO,smallint,2,5,0,NO,NO,NO
REQUIREMENT_SCHED,9,PIECE_NO,smallint,2,5,0,NO,NO,NO
REQUIREMENT_SCHED,10,PART_ID,nvarchar,60,0,0,YES,NO,NO
REQUIREMENT_SCHED,11,REQUIRED_DATE,datetime,8,23,3,YES,NO,NO
REQUIREMENT_SCHED,12,PROBLEM_CODE,int,4,10,0,YES,NO,NO
REQUIREMENT_SCHED,13,DUE_DATE,datetime,8,23,3,YES,NO,NO
REQUIREMENT_SUM,1,ROWID,int,4,10,0,NO,YES,NO
REQUIREMENT_SUM,2,SPID,nvarchar,30,0,0,NO,NO,NO
REQUIREMENT_SUM,3,WORKORDER_TYPE,nchar,2,0,0,NO,NO,NO
REQUIREMENT_SUM,4,WORKORDER_BASE_ID,nvarchar,60,0,0,NO,NO,NO
REQUIREMENT_SUM,5,WORKORDER_LOT_ID,nvarchar,6,0,0,NO,NO,NO
REQUIREMENT_SUM,6,WORKORDER_SPLIT_ID,nvarchar,6,0,0,NO,NO,NO
REQUIREMENT_SUM,7,WORKORDER_SUB_ID,nvarchar,6,0,0,NO,NO,NO
REQUIREMENT_SUM,8,OPERATION_SEQ_NO,smallint,2,5,0,NO,NO,NO
REQUIREMENT_SUM,9,PIECE_NO,smallint,2,5,0,NO,NO,NO
REQUIREMENT_SUM,10,EST_MATERIAL_COST,decimal,13,23,8,NO,NO,NO
REQUIREMENT_SUM,11,EST_LABOR_COST,decimal,13,23,8,NO,NO,NO
REQUIREMENT_SUM,12,EST_BURDEN_COST,decimal,13,23,8,NO,NO,NO
REQUIREMENT_SUM,13,EST_SERVICE_COST,decimal,13,23,8,NO,NO,NO
REQUIREMENT_SUM,14,REM_MATERIAL_COST,decimal,13,23,8,NO,NO,NO
REQUIREMENT_SUM,15,REM_LABOR_COST,decimal,13,23,8,NO,NO,NO
REQUIREMENT_SUM,16,REM_BURDEN_COST,decimal,13,23,8,NO,NO,NO
REQUIREMENT_SUM,17,REM_SERVICE_COST,decimal,13,23,8,NO,NO,NO
RES_SIMULATION,1,ROWID,int,4,10,0,NO,YES,NO
RES_SIMULATION,2,SIMULATION_ID,nvarchar,30,0,0,NO,NO,NO
RES_SIMULATION,3,RESOURCE_ID,nvarchar,30,0,0,NO,NO,NO
RES_SIMULATION,4,WORKORDER_TYPE,nchar,2,0,0,YES,NO,NO
RES_SIMULATION,5,WORKORDER_BASE_ID,nvarchar,60,0,0,YES,NO,NO
RES_SIMULATION,6,WORKORDER_LOT_ID,nvarchar,6,0,0,YES,NO,NO
RES_SIMULATION,7,WORKORDER_SPLIT_ID,nvarchar,6,0,0,YES,NO,NO
RES_SIMULATION,8,WORKORDER_SUB_ID,nvarchar,6,0,0,YES,NO,NO
RES_SIMULATION,9,PRV_SET_CST_PER_HR,decimal,13,22,8,YES,NO,NO
RES_SIMULATION,10,PRV_RUN_CST_PER_HR,decimal,13,22,8,YES,NO,NO
RES_SIMULATION,11,PRV_RUN_CST_PER_UN,decimal,13,22,8,YES,NO,NO
RES_SIMULATION,12,PRV_BUR_PER_HR_SET,decimal,13,22,8,YES,NO,NO
RES_SIMULATION,13,PRV_BUR_PER_HR_RUN,decimal,13,22,8,YES,NO,NO
RES_SIMULATION,14,PRV_BUR_PER_UN_RUN,decimal,13,22,8,YES,NO,NO
RES_SIMULATION,15,PRV_BUR_PER_OPER,decimal,13,22,8,YES,NO,NO
RES_SIMULATION,16,TOT_PRV_LAB_COST,decimal,13,23,8,YES,NO,NO
RES_SIMULATION,17,TOT_PRV_BUR_COST,decimal,13,23,8,YES,NO,NO
RES_SIMULATION,18,SIM_SET_CST_PER_HR,decimal,13,22,8,YES,NO,NO
RES_SIMULATION,19,SIM_RUN_CST_PER_HR,decimal,13,22,8,YES,NO,NO
RES_SIMULATION,20,SIM_RUN_CST_PER_UN,decimal,13,22,8,YES,NO,NO
RES_SIMULATION,21,SIM_BUR_PER_HR_SET,decimal,13,22,8,YES,NO,NO
RES_SIMULATION,22,SIM_BUR_PER_HR_RUN,decimal,13,22,8,YES,NO,NO
RES_SIMULATION,23,SIM_BUR_PER_UN_RUN,decimal,13,22,8,YES,NO,NO
RES_SIMULATION,24,SIM_BUR_PER_OPER,decimal,13,22,8,YES,NO,NO
RES_SIMULATION,25,TOT_SIM_LAB_COST,decimal,13,23,8,YES,NO,NO
RES_SIMULATION,26,TOT_SIM_BUR_COST,decimal,13,23,8,YES,NO,NO
RES_SIMULATION,27,PRV_CREATE_DATE,datetime,8,23,3,YES,NO,NO
RES_SIMULATION,28,SIM_CREATE_DATE,datetime,8,23,3,NO,NO,NO
RESOURCE_SCHED,1,ROWID,int,4,10,0,NO,YES,NO
RESOURCE_SCHED,2,SCHEDULE_ID,nvarchar,30,0,0,NO,NO,NO
RESOURCE_SCHED,3,RESOURCE_ID,nvarchar,30,0,0,NO,NO,NO
RESOURCE_SCHED,4,BITS,image,16,0,0,YES,NO,NO
RESOURCE_SCHED,5,BITS_LENGTH,int,4,10,0,NO,NO,NO
RESOURCE_SETUP,1,ROWID,int,4,10,0,NO,YES,NO
RESOURCE_SETUP,2,RESOURCE_ID,nvarchar,30,0,0,NO,NO,NO
RESOURCE_SETUP,3,SETUP_ID,nvarchar,30,0,0,NO,NO,NO
REVALUE,1,ROWID,int,4,10,0,NO,YES,NO
REVALUE,2,ID,nvarchar,30,0,0,NO,NO,NO
REVALUE,3,SITE_ID,nvarchar,30,0,0,NO,NO,NO
REVALUE,4,POSTING_DATE,datetime,8,23,3,NO,NO,NO
REVALUE,5,CREATE_DATE,datetime,8,23,3,NO,NO,NO
REVALUE_CURR,1,ROWID,int,4,10,0,NO,YES,NO
REVALUE_CURR,2,REVALUE_ID,nvarchar,30,0,0,NO,NO,NO
REVALUE_CURR,3,CURRENCY_ID,nvarchar,30,0,0,NO,NO,NO
REVALUE_CURR,4,SELL_RATE,decimal,9,15,8,NO,NO,NO
REVALUE_CURR,5,BUY_RATE,decimal,9,15,8,NO,NO,NO
REVALUE_CURR,6,AVG_SELL_RATE,decimal,9,15,8,NO,NO,NO
REVALUE_CURR,7,AVG_BUY_RATE,decimal,9,15,8,NO,NO,NO
REVALUE_DIST,1,ROWID,int,4,10,0,NO,YES,NO
REVALUE_DIST,2,REVALUE_ID,nvarchar,30,0,0,NO,NO,NO
REVALUE_DIST,3,DIST_NO,int,4,10,0,NO,NO,NO
REVALUE_DIST,4,ENTRY_NO,int,4,10,0,NO,NO,NO
REVALUE_DIST,5,AMOUNT,decimal,13,23,8,NO,NO,NO
REVALUE_DIST,6,AMOUNT_TYPE,nchar,4,0,0,NO,NO,NO
REVALUE_DIST,7,GL_ACCOUNT_ID,nvarchar,60,0,0,NO,NO,NO
REVALUE_DIST,8,POSTING_STATUS,nchar,2,0,0,NO,NO,NO
REVALUE_DIST,9,POSTING_DATE,datetime,8,23,3,NO,NO,NO
REVALUE_DIST,10,BATCH_ID,nvarchar,30,0,0,YES,NO,NO
REVALUE_DIST,11,CREATE_DATE,datetime,8,23,3,NO,NO,NO
REVALUE_DIST,12,SITE_ID,nvarchar,30,0,0,NO,NO,NO
REVALUE_DIST,13,CURRENCY_ID,nvarchar,30,0,0,NO,NO,NO
REVALUE_DIST,14,NATIVE,nchar,2,0,0,YES,NO,NO
REVALUE_LINE,1,ROWID,int,4,10,0,NO,YES,NO
REVALUE_LINE,2,REVALUE_ID,nvarchar,30,0,0,NO,NO,NO
REVALUE_LINE,3,LINE_NO,int,4,10,0,NO,NO,NO
REVALUE_LINE,4,GL_ACCOUNT_ID,nvarchar,60,0,0,NO,NO,NO
REVALUE_LINE,5,GROUP_ID,nvarchar,30,0,0,YES,NO,NO
REVENUE_DETAIL,1,ROWID,int,4,10,0,NO,YES,NO
REVENUE_DETAIL,2,REV_DIST_ID,int,4,10,0,NO,NO,NO
REVENUE_DETAIL,3,PROJECT_ID,nvarchar,30,0,0,NO,NO,NO
REVENUE_DETAIL,4,EAC_ID,nvarchar,30,0,0,YES,NO,NO
REVENUE_DETAIL,5,PACKLIST_ID,nvarchar,30,0,0,YES,NO,NO
REVENUE_DETAIL,6,PACKLIST_LINE_NO,smallint,2,5,0,YES,NO,NO
REVENUE_DETAIL,7,INVOICE_ID,nvarchar,30,0,0,YES,NO,NO
REVENUE_DETAIL,8,CUST_ORDER_ID,nvarchar,30,0,0,YES,NO,NO
REVENUE_DETAIL,9,CUST_ORDER_LINE_NO,smallint,2,5,0,YES,NO,NO
REVENUE_DETAIL,10,EVENT_SEQ_NO,smallint,2,5,0,YES,NO,NO
REVENUE_DETAIL,11,TRANS_POC_REV,decimal,13,23,8,YES,NO,NO
REVENUE_DETAIL,12,TRANS_COGS_MAT,decimal,13,23,8,YES,NO,NO
REVENUE_DETAIL,13,TRANS_COGS_LAB,decimal,13,23,8,YES,NO,NO
REVENUE_DETAIL,14,TRANS_COGS_BUR,decimal,13,23,8,YES,NO,NO
REVENUE_DETAIL,15,TRANS_COGS_SERV,decimal,13,23,8,YES,NO,NO
REVENUE_DETAIL,16,TRANS_FEE_AMOUNT,decimal,13,23,8,YES,NO,NO
REVENUE_DETAIL,17,TRANS_FEE_PERCENT,decimal,9,15,2,YES,NO,NO
REVENUE_DETAIL,18,CURRENCY_ID,nvarchar,30,0,0,NO,NO,NO
REVENUE_DETAIL,19,DESCRIPTION,nvarchar,160,0,0,YES,NO,NO
REVENUE_DETAIL,20,POC_PERCENT,decimal,9,15,2,YES,NO,NO
REVENUE_DETAIL,21,POC_USER_PERCENT,decimal,9,15,2,YES,NO,NO
REVENUE_DETAIL,22,REV_TRANS_TYPE,nchar,2,0,0,YES,NO,NO
REVENUE_DETAIL,23,TRANSACTION_DATE,datetime,8,23,3,NO,NO,NO
REVENUE_DETAIL,24,TARGET_REVENUE,decimal,13,23,8,NO,NO,NO
REVENUE_DIST,1,ROWID,int,4,10,0,NO,YES,NO
REVENUE_DIST,2,ID,int,4,10,0,NO,NO,NO
REVENUE_DIST,3,LINE_NO,smallint,2,5,0,NO,NO,NO
REVENUE_DIST,4,PROJECT_ID,nvarchar,30,0,0,NO,NO,NO
REVENUE_DIST,5,ENTRY_NO,smallint,2,5,0,NO,NO,NO
REVENUE_DIST,6,SITE_ID,nvarchar,30,0,0,NO,NO,NO
REVENUE_DIST,7,AMOUNT,decimal,13,23,8,NO,NO,NO
REVENUE_DIST,8,AMOUNT_TYPE,nchar,4,0,0,NO,NO,NO
REVENUE_DIST,9,GL_ACCOUNT_ID,nvarchar,60,0,0,NO,NO,NO
REVENUE_DIST,10,POSTING_STATUS,nchar,2,0,0,NO,NO,NO
REVENUE_DIST,11,POSTING_DATE,datetime,8,23,3,NO,NO,NO
REVENUE_DIST,12,BATCH_ID,nvarchar,30,0,0,YES,NO,NO
REVENUE_DIST,13,CREATE_DATE,datetime,8,23,3,NO,NO,NO
REVENUE_DIST,14,TRANSACTION_DATE,datetime,8,23,3,NO,NO,NO
REVENUE_DIST,15,USER_ID,nvarchar,40,0,0,NO,NO,NO
REVENUE_DIST,16,CURRENCY_ID,nvarchar,30,0,0,NO,NO,NO
REVENUE_DIST,17,NATIVE,nchar,2,0,0,YES,NO,NO
REVISION_HISTORY,1,ROWID,int,4,10,0,NO,YES,NO
REVISION_HISTORY,2,REVISION_ID,nvarchar,16,0,0,NO,NO,NO
REVISION_HISTORY,3,TYPE,nchar,2,0,0,NO,NO,NO
REVISION_HISTORY,4,STAGE_ID,nvarchar,30,0,0,YES,NO,NO
REVISION_HISTORY,5,HISTORY_ID,nvarchar,160,0,0,NO,NO,NO
REVISION_HISTORY,6,COMMENTS,nvarchar,500,0,0,YES,NO,NO
REVISION_HISTORY,7,USER_ID,nvarchar,40,0,0,NO,NO,NO
REVISION_HISTORY,8,CREATE_DATE,datetime,8,23,3,NO,NO,NO
REVISION_NUMBERING,1,ROWID,int,4,10,0,NO,YES,NO
REVISION_NUMBERING,2,STAGE_ID,nvarchar,30,0,0,NO,NO,NO
REVISION_NUMBERING,3,LINE_NO,smallint,2,5,0,NO,NO,NO
REVISION_NUMBERING,4,REVISION_ID,nvarchar,16,0,0,YES,NO,NO
RFQ_BINARY,1,ROWID,int,4,10,0,NO,YES,NO
RFQ_BINARY,2,RFQ_ID,nvarchar,30,0,0,NO,NO,NO
RFQ_BINARY,3,TYPE,nchar,2,0,0,NO,NO,NO
RFQ_BINARY,4,BITS,image,16,0,0,YES,NO,NO
RFQ_BINARY,5,BITS_LENGTH,int,4,10,0,NO,NO,NO
RFQ_LINE,1,ROWID,int,4,10,0,NO,YES,NO
RFQ_LINE,2,RFQ_ID,nvarchar,30,0,0,NO,NO,NO
RFQ_LINE,3,LINE_NO,smallint,2,5,0,NO,NO,NO
RFQ_LINE,4,PART_ID,nvarchar,60,0,0,YES,NO,NO
RFQ_LINE,5,DESCRIPTION,nvarchar,240,0,0,YES,NO,NO
RFQ_LINE,6,VENDOR_PART_ID,nvarchar,60,0,0,YES,NO,NO
RFQ_LINE,7,MFG_NAME,nvarchar,60,0,0,YES,NO,NO
RFQ_LINE,8,MFG_PART_ID,nvarchar,60,0,0,YES,NO,NO
RFQ_LINE,9,PRODUCT_CODE,nvarchar,30,0,0,YES,NO,NO
RFQ_LINE,10,COMMODITY_CODE,nvarchar,30,0,0,YES,NO,NO
RFQ_LINE,11,QTY_BREAK_1,decimal,13,20,8,YES,NO,NO
RFQ_LINE,12,QTY_BREAK_2,decimal,13,20,8,YES,NO,NO
RFQ_LINE,13,QTY_BREAK_3,decimal,13,20,8,YES,NO,NO
RFQ_LINE,14,QTY_BREAK_4,decimal,13,20,8,YES,NO,NO
RFQ_LINE,15,QTY_BREAK_5,decimal,13,20,8,YES,NO,NO
RFQ_LINE,16,QTY_BREAK_6,decimal,13,20,8,YES,NO,NO
RFQ_LINE,17,QTY_BREAK_7,decimal,13,20,8,YES,NO,NO
RFQ_LINE,18,QTY_BREAK_8,decimal,13,20,8,YES,NO,NO
RFQ_LINE,19,QTY_BREAK_9,decimal,13,20,8,YES,NO,NO
RFQ_LINE,20,QTY_BREAK_10,decimal,13,20,8,YES,NO,NO
RFQ_LINE,21,PURCHASE_UM,nvarchar,30,0,0,YES,NO,NO
RFQ_LINE,22,CREATE_DATE,datetime,8,23,3,NO,NO,NO
RFQ_LINE,23,SERVICE_ID,nvarchar,30,0,0,YES,NO,NO
RFQ_LINE,24,SHIPPING_WEIGHT,decimal,9,14,4,YES,NO,NO
RFQ_LINE,25,ORIG_STAGE_REVISION_ID,nvarchar,48,0,0,YES,NO,NO
RFQ_LINE,26,WAREHOUSE_ID,nvarchar,30,0,0,YES,NO,NO
RFQ_LINE_BINARY,1,ROWID,int,4,10,0,NO,YES,NO
RFQ_LINE_BINARY,2,RFQ_ID,nvarchar,30,0,0,NO,NO,NO
RFQ_LINE_BINARY,3,RFQ_LINE_NO,smallint,2,5,0,NO,NO,NO
RFQ_LINE_BINARY,4,TYPE,nchar,2,0,0,NO,NO,NO
RFQ_LINE_BINARY,5,BITS,image,16,0,0,YES,NO,NO
RFQ_LINE_BINARY,6,BITS_LENGTH,int,4,10,0,NO,NO,NO
RFQ_VENDOR,1,ROWID,int,4,10,0,NO,YES,NO
RFQ_VENDOR,2,RFQ_ID,nvarchar,30,0,0,NO,NO,NO
RFQ_VENDOR,3,VENDOR_ID,nvarchar,30,0,0,NO,NO,NO
RFQ_VENDOR,4,QUOTED_DATE,datetime,8,23,3,YES,NO,NO
RFQ_VENDOR,5,EXPIRATION_DATE,datetime,8,23,3,YES,NO,NO
RFQ_VENDOR,6,FOLLOWUP_DATE,datetime,8,23,3,YES,NO,NO
RFQ_VENDOR,7,EXPECTED_DATE,datetime,8,23,3,YES,NO,NO
RFQ_VENDOR,8,NAME,nvarchar,100,0,0,YES,NO,NO
RFQ_VENDOR,9,ADDR_1,nvarchar,100,0,0,YES,NO,NO
RFQ_VENDOR,10,ADDR_2,nvarchar,100,0,0,YES,NO,NO
RFQ_VENDOR,11,ADDR_3,nvarchar,100,0,0,YES,NO,NO
RFQ_VENDOR,12,CITY,nvarchar,60,0,0,YES,NO,NO
RFQ_VENDOR,13,STATE,nvarchar,20,0,0,YES,NO,NO
RFQ_VENDOR,14,ZIPCODE,nvarchar,20,0,0,YES,NO,NO
RFQ_VENDOR,15,COUNTRY,nvarchar,100,0,0,YES,NO,NO
RFQ_VENDOR,16,CONTACT_FIRST_NAME,nvarchar,60,0,0,YES,NO,NO
RFQ_VENDOR,17,CONTACT_LAST_NAME,nvarchar,60,0,0,YES,NO,NO
RFQ_VENDOR,18,CONTACT_INITIAL,nvarchar,4,0,0,YES,NO,NO
RFQ_VENDOR,19,CONTACT_POSITION,nvarchar,100,0,0,YES,NO,NO
RFQ_VENDOR,20,CONTACT_HONORIFIC,nvarchar,30,0,0,YES,NO,NO
RFQ_VENDOR,21,CONTACT_SALUTATION,nvarchar,120,0,0,YES,NO,NO
RFQ_VENDOR,22,CONTACT_PHONE,nvarchar,40,0,0,YES,NO,NO
RFQ_VENDOR,23,CONTACT_FAX,nvarchar,40,0,0,YES,NO,NO
RFQ_VENDOR,24,SUPPLIER_QUOTE_ID,nvarchar,200,0,0,YES,NO,NO
RFQ_VENDOR,25,CONTACT_EMAIL,nvarchar,100,0,0,YES,NO,NO
RFQ_VENDOR,26,VENDOR_CONTRACT_ID,nvarchar,60,0,0,YES,NO,NO
RFQ_VENDOR,27,CONTRACT_ID,nvarchar,60,0,0,YES,NO,NO
RFQ_VENDOR,28,CONTACT_ID,nvarchar,50,0,0,YES,NO,NO
RFQ_VENDOR,29,CONTACT_PHONE_EXT,nvarchar,20,0,0,YES,NO,NO
RFQ_VENDOR,30,RFQ_VENDOR_COUNTRY_ID,nvarchar,30,0,0,YES,NO,NO
RFQ_VENDOR_QUOTE,1,ROWID,int,4,10,0,NO,YES,NO
RFQ_VENDOR_QUOTE,2,RFQ_ID,nvarchar,30,0,0,NO,NO,NO
RFQ_VENDOR_QUOTE,3,VENDOR_ID,nvarchar,30,0,0,NO,NO,NO
RFQ_VENDOR_QUOTE,4,RFQ_LINE_NO,smallint,2,5,0,NO,NO,NO
RFQ_VENDOR_QUOTE,5,QTY_BREAK_1,decimal,13,20,8,YES,NO,NO
RFQ_VENDOR_QUOTE,6,QTY_BREAK_2,decimal,13,20,8,YES,NO,NO
RFQ_VENDOR_QUOTE,7,QTY_BREAK_3,decimal,13,20,8,YES,NO,NO
RFQ_VENDOR_QUOTE,8,QTY_BREAK_4,decimal,13,20,8,YES,NO,NO
RFQ_VENDOR_QUOTE,9,QTY_BREAK_5,decimal,13,20,8,YES,NO,NO
RFQ_VENDOR_QUOTE,10,QTY_BREAK_6,decimal,13,20,8,YES,NO,NO
RFQ_VENDOR_QUOTE,11,QTY_BREAK_7,decimal,13,20,8,YES,NO,NO
RFQ_VENDOR_QUOTE,12,QTY_BREAK_8,decimal,13,20,8,YES,NO,NO
RFQ_VENDOR_QUOTE,13,QTY_BREAK_9,decimal,13,20,8,YES,NO,NO
RFQ_VENDOR_QUOTE,14,QTY_BREAK_10,decimal,13,20,8,YES,NO,NO
RFQ_VENDOR_QUOTE,15,UNIT_PRICE_1,decimal,13,22,8,YES,NO,NO
RFQ_VENDOR_QUOTE,16,UNIT_PRICE_2,decimal,13,22,8,YES,NO,NO
RFQ_VENDOR_QUOTE,17,UNIT_PRICE_3,decimal,13,22,8,YES,NO,NO
RFQ_VENDOR_QUOTE,18,UNIT_PRICE_4,decimal,13,22,8,YES,NO,NO
RFQ_VENDOR_QUOTE,19,UNIT_PRICE_5,decimal,13,22,8,YES,NO,NO
RFQ_VENDOR_QUOTE,20,UNIT_PRICE_6,decimal,13,22,8,YES,NO,NO
RFQ_VENDOR_QUOTE,21,UNIT_PRICE_7,decimal,13,22,8,YES,NO,NO
RFQ_VENDOR_QUOTE,22,UNIT_PRICE_8,decimal,13,22,8,YES,NO,NO
RFQ_VENDOR_QUOTE,23,UNIT_PRICE_9,decimal,13,22,8,YES,NO,NO
RFQ_VENDOR_QUOTE,24,UNIT_PRICE_10,decimal,13,22,8,YES,NO,NO
RFQ_VENDOR_QUOTE,25,DEFAULT_UNIT_PRICE,decimal,13,22,8,NO,NO,NO
RFQ_VENDOR_QUOTE,26,PURCHASE_UM,nvarchar,30,0,0,YES,NO,NO
RFQ_VENDOR_QUOTE,27,COMMENTS,nvarchar,160,0,0,YES,NO,NO
RFQ_VENDOR_QUOTE,28,STATUS,nchar,2,0,0,NO,NO,NO
RFQ_VENDOR_QUOTE,29,BASE_CHARGE,decimal,13,23,8,YES,NO,NO
RFQ_VENDOR_QUOTE,30,MINIMUM_CHARGE,decimal,13,23,8,YES,NO,NO
RFQ_VENDOR_QUOTE,31,CURRENCY_ID,nvarchar,30,0,0,NO,NO,NO
RFQ_VENDOR_QUOTE,32,UNIT_PRICE_CURR_1,decimal,13,22,8,YES,NO,NO
RFQ_VENDOR_QUOTE,33,UNIT_PRICE_CURR_2,decimal,13,22,8,YES,NO,NO
RFQ_VENDOR_QUOTE,34,UNIT_PRICE_CURR_3,decimal,13,22,8,YES,NO,NO
RFQ_VENDOR_QUOTE,35,UNIT_PRICE_CURR_4,decimal,13,22,8,YES,NO,NO
RFQ_VENDOR_QUOTE,36,UNIT_PRICE_CURR_5,decimal,13,22,8,YES,NO,NO
RFQ_VENDOR_QUOTE,37,UNIT_PRICE_CURR_6,decimal,13,22,8,YES,NO,NO
RFQ_VENDOR_QUOTE,38,UNIT_PRICE_CURR_7,decimal,13,22,8,YES,NO,NO
RFQ_VENDOR_QUOTE,39,UNIT_PRICE_CURR_8,decimal,13,22,8,YES,NO,NO
RFQ_VENDOR_QUOTE,40,UNIT_PRICE_CURR_9,decimal,13,22,8,YES,NO,NO
RFQ_VENDOR_QUOTE,41,UNIT_PRICE_CURR_10,decimal,13,22,8,YES,NO,NO
RFQ_VENDOR_QUOTE,42,DEF_UNIT_PRICE_CURR,decimal,13,22,8,NO,NO,NO
RFQ_VENDOR_QUOTE,43,VENDOR_PART_ID,nvarchar,60,0,0,YES,NO,NO
RFQ_VENDOR_QUOTE,44,STATUS_EFF_DATE,datetime,8,23,3,NO,NO,NO
RFQ_VENDOR_QUOTE,45,CONTRACT_LINE_NO,smallint,2,5,0,YES,NO,NO
RFQ_VENDOR_QUOTE,46,VENDOR_CLIN,nvarchar,30,0,0,YES,NO,NO
RFQ_VENDOR_QUOTE,47,EFFECTIVE_DATE,datetime,8,23,3,YES,NO,NO
RFQ_VENDOR_QUOTE,48,EXPIRATION_DATE,datetime,8,23,3,YES,NO,NO
RFQ_VENDOR_QUOTE,49,LEADTIME_1,smallint,2,5,0,YES,NO,NO
RFQ_VENDOR_QUOTE,50,LEADTIME_2,smallint,2,5,0,YES,NO,NO
RFQ_VENDOR_QUOTE,51,LEADTIME_3,smallint,2,5,0,YES,NO,NO
RFQ_VENDOR_QUOTE,52,LEADTIME_4,smallint,2,5,0,YES,NO,NO
RFQ_VENDOR_QUOTE,53,LEADTIME_5,smallint,2,5,0,YES,NO,NO
RFQ_VENDOR_QUOTE,54,LEADTIME_6,smallint,2,5,0,YES,NO,NO
RFQ_VENDOR_QUOTE,55,LEADTIME_7,smallint,2,5,0,YES,NO,NO
RFQ_VENDOR_QUOTE,56,LEADTIME_8,smallint,2,5,0,YES,NO,NO
RFQ_VENDOR_QUOTE,57,LEADTIME_9,smallint,2,5,0,YES,NO,NO
RFQ_VENDOR_QUOTE,58,LEADTIME_10,smallint,2,5,0,YES,NO,NO
RFQ_VENDOR_QUOTE,59,DEFAULT_LEADTIME,smallint,2,5,0,YES,NO,NO
RFQ_VND_QT_BINARY,1,ROWID,int,4,10,0,NO,YES,NO
RFQ_VND_QT_BINARY,2,RFQ_ID,nvarchar,30,0,0,NO,NO,NO
RFQ_VND_QT_BINARY,3,VENDOR_ID,nvarchar,30,0,0,NO,NO,NO
RFQ_VND_QT_BINARY,4,RFQ_LINE_NO,int,4,10,0,NO,NO,NO
RFQ_VND_QT_BINARY,5,TYPE,nchar,2,0,0,NO,NO,NO
RFQ_VND_QT_BINARY,6,BITS,image,16,0,0,YES,NO,NO
RFQ_VND_QT_BINARY,7,BITS_LENGTH,int,4,10,0,NO,NO,NO
RMA,1,ROWID,int,4,10,0,NO,YES,NO
RMA,2,ID,nvarchar,30,0,0,NO,NO,NO
RMA,3,ORG_CUST_ORDER_ID,nvarchar,30,0,0,YES,NO,NO
RMA,4,NEW_CUST_ORDER_ID,nvarchar,30,0,0,YES,NO,NO
RMA,5,PACKLIST_ID,nvarchar,30,0,0,YES,NO,NO
RMA,6,CREATE_DATE,datetime,8,23,3,NO,NO,NO
RMA,7,LAST_RECEIVED_DATE,datetime,8,23,3,YES,NO,NO
RMA,8,LAST_SHIPPED_DATE,datetime,8,23,3,YES,NO,NO
RMA,9,TYPE,nchar,2,0,0,NO,NO,NO
RMA,10,STATUS,nchar,2,0,0,NO,NO,NO
RMA,11,IS_WARRANTY,nchar,2,0,0,NO,NO,NO
RMA,12,SHIP_IMMEDIATE,nchar,2,0,0,NO,NO,NO
RMA,13,RETURN_TO_ORIG,nchar,2,0,0,NO,NO,NO
RMA,14,SHIP_FROM_ORIG,nchar,2,0,0,NO,NO,NO
RMA,15,RETURN_REASON_CODE,nvarchar,30,0,0,YES,NO,NO
RMA,16,STATUS_EFF_DATE,datetime,8,23,3,NO,NO,NO
RMA,17,SITE_ID,nvarchar,30,0,0,NO,NO,NO
RMA,18,QUOTE_ID,nvarchar,30,0,0,YES,NO,NO
RMA,19,USE_QUOTE_PRICING,nchar,2,0,0,YES,NO,NO
RMA,20,CREATED_WORK_ORDER,nchar,2,0,0,YES,NO,NO
RMA,21,CONTACT_ID,nvarchar,50,0,0,YES,NO,NO
RMA,22,CONTACT_FIRST_NAME,nvarchar,60,0,0,YES,NO,NO
RMA,23,CONTACT_LAST_NAME,nvarchar,60,0,0,YES,NO,NO
RMA,24,CONTACT_INITIAL,nvarchar,4,0,0,YES,NO,NO
RMA,25,CONTACT_POSITION,nvarchar,100,0,0,YES,NO,NO
RMA,26,CONTACT_HONORIFIC,nvarchar,30,0,0,YES,NO,NO
RMA,27,CONTACT_SALUTATION,nvarchar,120,0,0,YES,NO,NO
RMA,28,CONTACT_PHONE,nvarchar,40,0,0,YES,NO,NO
RMA,29,CONTACT_FAX,nvarchar,40,0,0,YES,NO,NO
RMA,30,CONTACT_MOBILE,nvarchar,40,0,0,YES,NO,NO
RMA,31,CONTACT_EMAIL,nvarchar,100,0,0,YES,NO,NO
RMA,32,CONTACT_PHONE_EXT,nvarchar,20,0,0,YES,NO,NO
RMA,33,UDF_LAYOUT_ID,nvarchar,30,0,0,YES,NO,NO
RMA,34,USER_1,nvarchar,160,0,0,YES,NO,NO
RMA,35,USER_2,nvarchar,160,0,0,YES,NO,NO
RMA,36,USER_3,nvarchar,160,0,0,YES,NO,NO
RMA,37,USER_4,nvarchar,160,0,0,YES,NO,NO
RMA,38,USER_5,nvarchar,160,0,0,YES,NO,NO
RMA,39,USER_6,nvarchar,160,0,0,YES,NO,NO
RMA,40,USER_7,nvarchar,160,0,0,YES,NO,NO
RMA,41,USER_8,nvarchar,160,0,0,YES,NO,NO
RMA,42,USER_9,nvarchar,160,0,0,YES,NO,NO
RMA,43,USER_10,nvarchar,160,0,0,YES,NO,NO
RMA_BINARY,1,ROWID,int,4,10,0,NO,YES,NO
RMA_BINARY,2,RMA_ID,nvarchar,30,0,0,NO,NO,NO
RMA_BINARY,3,TYPE,nchar,2,0,0,NO,NO,NO
RMA_BINARY,4,BITS,image,16,0,0,YES,NO,NO
RMA_BINARY,5,BITS_LENGTH,int,4,10,0,NO,NO,NO
RMA_LINE,1,ROWID,int,4,10,0,NO,YES,NO
RMA_LINE,2,RMA_ID,nvarchar,30,0,0,NO,NO,NO
RMA_LINE,3,LINE_NO,smallint,2,5,0,NO,NO,NO
RMA_LINE,4,ORG_ORDER_LINE_NO,smallint,2,5,0,YES,NO,NO
RMA_LINE,5,NEW_ORDER_LINE_NO,smallint,2,5,0,YES,NO,NO
RMA_LINE,6,QTY,decimal,13,20,8,NO,NO,NO
RMA_LINE,7,RECEIVED_QTY,decimal,13,20,8,NO,NO,NO
RMA_LINE,8,SHIPPED_QTY,decimal,13,20,8,NO,NO,NO
RMA_LINE,9,PIECE_COUNT,decimal,13,20,8,YES,NO,NO
RMA_LINE,10,PIECES_RECEIVED,decimal,13,20,8,YES,NO,NO
RMA_LINE,11,PIECES_SHIPPED,decimal,13,20,8,YES,NO,NO
RMA_LINE,12,LENGTH,decimal,9,14,4,YES,NO,NO
RMA_LINE,13,WIDTH,decimal,9,14,4,YES,NO,NO
RMA_LINE,14,HEIGHT,decimal,9,14,4,YES,NO,NO
RMA_LINE,15,DIMENSIONS_UM,nvarchar,30,0,0,YES,NO,NO
RMA_LINE,16,WORKORDER_BASE_ID,nvarchar,60,0,0,YES,NO,NO
RMA_LINE,17,LINE_STATUS,nchar,2,0,0,NO,NO,NO
RMA_LINE,18,QUOTE_LINE_NO,smallint,2,5,0,YES,NO,NO
RMA_LINE,19,UDF_LAYOUT_ID,nvarchar,30,0,0,YES,NO,NO
RMA_LINE,20,USER_1,nvarchar,160,0,0,YES,NO,NO
RMA_LINE,21,USER_2,nvarchar,160,0,0,YES,NO,NO
RMA_LINE,22,USER_3,nvarchar,160,0,0,YES,NO,NO
RMA_LINE,23,USER_4,nvarchar,160,0,0,YES,NO,NO
RMA_LINE,24,USER_5,nvarchar,160,0,0,YES,NO,NO
RMA_LINE,25,USER_6,nvarchar,160,0,0,YES,NO,NO
RMA_LINE,26,USER_7,nvarchar,160,0,0,YES,NO,NO
RMA_LINE,27,USER_8,nvarchar,160,0,0,YES,NO,NO
RMA_LINE,28,USER_9,nvarchar,160,0,0,YES,NO,NO
RMA_LINE,29,USER_10,nvarchar,160,0,0,YES,NO,NO
RMA_LINE_BINARY,1,ROWID,int,4,10,0,NO,YES,NO
RMA_LINE_BINARY,2,RMA_ID,nvarchar,30,0,0,NO,NO,NO
RMA_LINE_BINARY,3,RMA_LINE_NO,smallint,2,5,0,NO,NO,NO
RMA_LINE_BINARY,4,TYPE,nchar,2,0,0,NO,NO,NO
RMA_LINE_BINARY,5,BITS,image,16,0,0,YES,NO,NO
RMA_LINE_BINARY,6,BITS_LENGTH,int,4,10,0,NO,NO,NO
RMA_LINE_DSL,1,ROWID,int,4,10,0,NO,YES,NO
RMA_LINE_DSL,2,RMA_ID,nvarchar,30,0,0,NO,NO,NO
RMA_LINE_DSL,3,RMA_LINE_NO,smallint,2,5,0,NO,NO,NO
RMA_LINE_DSL,4,DSL_ID,int,4,10,0,NO,NO,NO
RMA_LINE_DSL,5,QTY,decimal,13,20,8,NO,NO,NO
RMA_SYNC,1,ROWID,int,4,10,0,NO,YES,NO
RMA_SYNC,2,EVENT_ID,int,4,10,0,NO,NO,NO
RMA_SYNC,3,TYPE,nchar,2,0,0,NO,NO,NO
RMA_SYNC,4,CREATE_DATE,datetime,8,23,3,NO,NO,NO
RMA_SYNC,5,RMA_ID,nvarchar,60,0,0,NO,NO,NO
RMA_SYNC,6,EXCEPTION,nchar,2,0,0,NO,NO,NO
RMA_SYNC,7,SUBSCRIPTIONS,int,4,10,0,NO,NO,NO
SALES_CODE_ENG,1,ROWID,int,4,10,0,NO,YES,NO
SALES_CODE_ENG,2,SERIES_ID,nvarchar,30,0,0,NO,NO,NO
SALES_CODE_ENG,3,MODEL_ID,nvarchar,30,0,0,NO,NO,NO
SALES_CODE_ENG,4,SALES_CODE,nvarchar,30,0,0,NO,NO,NO
SALES_CODE_ENG,5,PART_ID,nvarchar,60,0,0,NO,NO,NO
SALES_CODE_ENG,6,ENG_ID,nvarchar,6,0,0,NO,NO,NO
SALES_CODE_ENG,7,COPY_SEQ_NO,smallint,2,5,0,NO,NO,NO
SALES_CODE_ENG,8,SITE_ID,nvarchar,30,0,0,NO,NO,NO
SALES_REP,1,ROWID,int,4,10,0,NO,YES,NO
SALES_REP,2,ID,nvarchar,30,0,0,NO,NO,NO
SALES_REP,3,NAME,nvarchar,80,0,0,YES,NO,NO
SALES_REP,4,VENDOR_ID,nvarchar,30,0,0,YES,NO,NO
SALES_REP,5,EMPLOYEE_ID,nvarchar,30,0,0,YES,NO,NO
SALES_REP,6,PAY_METHOD,nchar,2,0,0,NO,NO,NO
SALES_REP,7,DEF_COMMISSION_PCT,decimal,5,6,3,YES,NO,NO
SALES_REP,8,EARNING_CODE_ID,nvarchar,30,0,0,YES,NO,NO
SALES_REP_SHARE,1,ROWID,int,4,10,0,NO,YES,NO
SALES_REP_SHARE,2,SALESREP_ID,nvarchar,30,0,0,NO,NO,NO
SALES_REP_SHARE,3,SHARE_SALESREP_ID,nvarchar,30,0,0,NO,NO,NO
SALES_REP_SHARE,4,SHARE_PERCENT,decimal,5,6,3,YES,NO,NO
SALES_TAX,1,ROWID,int,4,10,0,NO,YES,NO
SALES_TAX,2,ID,nvarchar,30,0,0,NO,NO,NO
SALES_TAX,3,DESCRIPTION,nvarchar,80,0,0,YES,NO,NO
SALES_TAX,4,GL_ACCOUNT_ID,nvarchar,60,0,0,YES,NO,NO
SALES_TAX,5,RTN_GL_ACCT_ID,nvarchar,60,0,0,YES,NO,NO
SALES_TAX,6,VENDOR_ID,nvarchar,30,0,0,YES,NO,NO
SALES_TAX_GROUP,1,ROWID,int,4,10,0,NO,YES,NO
SALES_TAX_GROUP,2,ID,nvarchar,30,0,0,NO,NO,NO
SALES_TAX_GROUP,3,DESCRIPTION,nvarchar,80,0,0,YES,NO,NO
SALES_TAX_GRP_PART,1,ROWID,int,4,10,0,NO,YES,NO
SALES_TAX_GRP_PART,2,PART_ID,nvarchar,60,0,0,NO,NO,NO
SALES_TAX_GRP_PART,3,CUSTOMER_ID,nvarchar,30,0,0,NO,NO,NO
SALES_TAX_GRP_PART,4,ADDR_NO,int,4,10,0,NO,NO,NO
SALES_TAX_GRP_PART,5,SHIPTO_ID,nvarchar,40,0,0,YES,NO,NO
SALES_TAX_GRP_PART,6,DEF_SALES_TAX_GRP_ID,nvarchar,30,0,0,NO,NO,NO
SALES_TAX_PCT,1,ROWID,int,4,10,0,NO,YES,NO
SALES_TAX_PCT,2,SALES_TAX_ID,nvarchar,30,0,0,NO,NO,NO
SALES_TAX_PCT,3,EFFECTIVE_DATE,datetime,8,23,3,NO,NO,NO
SALES_TAX_PCT,4,TAX_PERCENT,decimal,5,6,3,YES,NO,NO
SALES_TAX_PCT,5,TAX_CEILING_AMOUNT,decimal,13,23,8,YES,NO,NO
SCHEDULE,1,ROWID,int,4,10,0,NO,YES,NO
SCHEDULE,2,ID,nvarchar,30,0,0,NO,NO,NO
SCHEDULE,3,DESCRIPTION,nvarchar,120,0,0,YES,NO,NO
SCHEDULE,4,CREATE_DATE,datetime,8,23,3,YES,NO,NO
SCHEDULE,5,GLOBAL_START_DATE,datetime,8,23,3,YES,NO,NO
SCHEDULE,6,GLOBAL_END_DATE,datetime,8,23,3,YES,NO,NO
SCHEDULE,7,GLOBAL_COUNT,int,4,10,0,YES,NO,NO
SCHEDULE,8,SORT_START_DATE,datetime,8,23,3,YES,NO,NO
SCHEDULE,9,SORT_END_DATE,datetime,8,23,3,YES,NO,NO
SCHEDULE,10,SORT_COUNT,int,4,10,0,YES,NO,NO
SCHEDULE,11,OPERATIONS,int,4,10,0,YES,NO,NO
SCHEDULE,12,REQUIREMENTS,int,4,10,0,YES,NO,NO
SCHEDULE,13,WORK_ORDERS,int,4,10,0,YES,NO,NO
SCHEDULE,14,BOTTLENECK_ID,nvarchar,30,0,0,YES,NO,NO
SCHEDULE,15,BOTTLENECK_DELAY,int,4,10,0,YES,NO,NO
SCHEDULE,16,DELAYED_OPERATIONS,int,4,10,0,YES,NO,NO
SCHEDULE,17,INFINITE_CAPACITY,nchar,2,0,0,NO,NO,NO
SCHEDULE,18,MATERIALS_CHECKED,nchar,2,0,0,NO,NO,NO
SCHEDULE,19,ACTIVE,nchar,2,0,0,NO,NO,NO
SCHEDULE,20,AS_OF_DATETIME,datetime,8,23,3,YES,NO,NO
SCHEDULE,21,SERVICES_CHECKED,nchar,2,0,0,NO,NO,NO
SCHEDULE,22,MASTER_SCHEDULE_ID,nvarchar,30,0,0,YES,NO,NO
SCHEDULE,23,HARD_RELEASE_DATE,nchar,2,0,0,YES,NO,NO
SCHEDULE,24,CCR_ID,nvarchar,30,0,0,YES,NO,NO
SCHEDULE,25,SITE_ID,nvarchar,30,0,0,NO,NO,NO
SCHEDULE,26,IN_PROCESS,nchar,2,0,0,NO,NO,NO
SCHEDULE_GROUP,1,ROWID,int,4,10,0,NO,YES,NO
SCHEDULE_GROUP,2,ID,nvarchar,30,0,0,NO,NO,NO
SCHEDULE_GROUP,3,DESCRIPTION,nvarchar,80,0,0,YES,NO,NO
SCHEDULER_RUN_LOG,1,SCHEDULE_ID,nvarchar,30,0,0,NO,NO,NO
SCHEDULER_RUN_LOG,2,COUNT,int,4,10,0,NO,NO,NO
SCHEDULER_RUN_LOG,3,START_DATE,datetime,8,23,3,NO,NO,NO
SCHEDULER_RUN_LOG,4,END_DATE,datetime,8,23,3,NO,NO,NO
SCHEDULER_RUN_LOG,5,WORK_ORDERS,int,4,10,0,NO,NO,NO
SCHEDULER_RUN_LOG,6,OPERATIONS,int,4,10,0,NO,NO,NO
SCHEDULER_RUN_LOG,7,REQUIREMENTS,int,4,10,0,NO,NO,NO
SCHEDULER_RUN_LOG,8,ERROR_COUNT,int,4,10,0,NO,NO,NO
SCHEDULER_RUN_LOG,9,INFINITE_CAPACITY,nchar,2,0,0,NO,NO,NO
SCHEDULER_RUN_LOG,10,MATERIALS_CHECKED,nchar,2,0,0,NO,NO,NO
SCHEDULER_RUN_LOG,11,SERVICES_CHECKED,nchar,2,0,0,NO,NO,NO
SCHEDULER_RUN_LOG,12,RUN_ABORTED,nchar,2,0,0,NO,NO,NO
SCHEDULER_RUN_LOG,13,CREATE_DATE,datetime,8,23,3,NO,NO,NO
SCHEDULER_RUN_LOG,14,USER_ID,nvarchar,40,0,0,NO,NO,NO
SCHEDULER_RUN_LOG,15,HARD_RELEASE_DATE,nchar,2,0,0,YES,NO,NO
SCHEDULER_RUN_LOG,16,CCR_ID,nvarchar,30,0,0,YES,NO,NO
SCREEN_SIZE,1,ROWID,int,4,10,0,NO,YES,NO
SCREEN_SIZE,2,USER_ID,nvarchar,60,0,0,NO,NO,NO
SCREEN_SIZE,3,SECTION,nvarchar,200,0,0,NO,NO,NO
SCREEN_SIZE,4,ENTRY,nvarchar,200,0,0,NO,NO,NO
SCREEN_SIZE,5,VALUE,nvarchar,200,0,0,YES,NO,NO
SCREEN_SIZE,6,MODIFY_DATE,datetime,8,23,3,YES,NO,NO
SECURITY_CLASS,1,ROWID,int,4,10,0,NO,YES,NO
SECURITY_CLASS,2,CODE,nvarchar,30,0,0,NO,NO,NO
SEGMENT,1,ROWID,int,4,10,0,NO,YES,NO
SEGMENT,2,CODE,nvarchar,30,0,0,NO,NO,NO
SEGMENT,3,DESCRIPTION,nvarchar,160,0,0,YES,NO,NO
SEGMENT,4,REV_GL_ACCT_ID,nvarchar,60,0,0,YES,NO,NO
SEGMENT,5,AR_GL_ACCT_ID,nvarchar,60,0,0,YES,NO,NO
SEGMENT,6,DEF_GL_ACCT_ID,nvarchar,60,0,0,YES,NO,NO
SEGMENT,7,LIQ_GL_ACCT_ID,nvarchar,60,0,0,YES,NO,NO
SEGMENT,8,PBC_GL_ACCT_ID,nvarchar,60,0,0,YES,NO,NO
SEGMENT,9,CGS_MAT_GL_ACCT_ID,nvarchar,60,0,0,YES,NO,NO
SEGMENT,10,CGS_LAB_GL_ACCT_ID,nvarchar,60,0,0,YES,NO,NO
SEGMENT,11,CGS_BUR_GL_ACCT_ID,nvarchar,60,0,0,YES,NO,NO
SEGMENT,12,CGS_SER_GL_ACCT_ID,nvarchar,60,0,0,YES,NO,NO
SEGMENT,13,WIP_MAT_GL_ACCT_ID,nvarchar,60,0,0,YES,NO,NO
SEGMENT,14,WIP_LAB_GL_ACCT_ID,nvarchar,60,0,0,YES,NO,NO
SEGMENT,15,WIP_BUR_GL_ACCT_ID,nvarchar,60,0,0,YES,NO,NO
SEGMENT,16,WIP_SER_GL_ACCT_ID,nvarchar,60,0,0,YES,NO,NO
SELECT_OPT_BINARY,1,ROWID,int,4,10,0,NO,YES,NO
SELECT_OPT_BINARY,2,CUST_ORDER_ID,nvarchar,30,0,0,NO,NO,NO
SELECT_OPT_BINARY,3,CUST_ORDER_LINE_NO,int,4,10,0,NO,NO,NO
SELECT_OPT_BINARY,4,TYPE,nchar,2,0,0,NO,NO,NO
SELECT_OPT_BINARY,5,SEQ_NO,int,4,10,0,NO,NO,NO
SELECT_OPT_BINARY,6,BITS_LENGTH,int,4,10,0,NO,NO,NO
SELECT_OPT_BINARY,7,BITS,image,16,0,0,YES,NO,NO
SELECTED_OPTIONS,1,ROWID,int,4,10,0,NO,YES,NO
SELECTED_OPTIONS,2,CUST_ORDER_ID,nvarchar,30,0,0,NO,NO,NO
SELECTED_OPTIONS,3,CUST_ORDER_LINE_NO,smallint,2,5,0,NO,NO,NO
SELECTED_OPTIONS,4,SEQ_NO,smallint,2,5,0,NO,NO,NO
SELECTED_OPTIONS,5,TYPE,nchar,6,0,0,YES,NO,NO
SELECTED_OPTIONS,6,RQD_OPT,nchar,6,0,0,YES,NO,NO
SELECTED_OPTIONS,7,STD_OPT,nchar,6,0,0,YES,NO,NO
SELECTED_OPTIONS,8,SERIES_ID,nvarchar,30,0,0,YES,NO,NO
SELECTED_OPTIONS,9,SERIES_DESCR,nvarchar,80,0,0,YES,NO,NO
SELECTED_OPTIONS,10,MODEL_ID,nvarchar,30,0,0,YES,NO,NO
SELECTED_OPTIONS,11,MODEL_DESCR,nvarchar,80,0,0,YES,NO,NO
SELECTED_OPTIONS,12,SALES_CODE,nvarchar,60,0,0,YES,NO,NO
SELECTED_OPTIONS,13,SALES_CODE_DESCR,nvarchar,80,0,0,YES,NO,NO
SELECTED_OPTIONS,14,CATEGORY_ID,nvarchar,30,0,0,YES,NO,NO
SELECTED_OPTIONS,15,CATEGORY_DESCR,nvarchar,80,0,0,YES,NO,NO
SELECTED_OPTIONS,16,USER_TEXT,nvarchar,160,0,0,YES,NO,NO
SELECTED_OPTIONS,17,DIM_UM_0,nvarchar,30,0,0,YES,NO,NO
SELECTED_OPTIONS,18,DIM_VALUE_0,decimal,13,23,8,YES,NO,NO
SELECTED_OPTIONS,19,DIM_UM_1,nvarchar,30,0,0,YES,NO,NO
SELECTED_OPTIONS,20,DIM_VALUE_1,decimal,13,23,8,YES,NO,NO
SELECTED_OPTIONS,21,DIM_UM_2,nvarchar,30,0,0,YES,NO,NO
SELECTED_OPTIONS,22,DIM_VALUE_2,decimal,13,23,8,YES,NO,NO
SELECTED_OPTIONS,23,DIM_UM_3,nvarchar,30,0,0,YES,NO,NO
SELECTED_OPTIONS,24,DIM_VALUE_3,decimal,13,23,8,YES,NO,NO
SELECTED_OPTIONS,25,QTY,decimal,13,20,8,YES,NO,NO
SELECTED_OPTIONS,26,TRADE_DISCOUNT,decimal,13,23,8,YES,NO,NO
SELECTED_OPTIONS,27,DISCOUNT_TYPE,nchar,2,0,0,YES,NO,NO
SELECTED_OPTIONS,28,PART_ID,nvarchar,60,0,0,YES,NO,NO
SELECTED_OPTIONS,29,ENG_ID,nvarchar,6,0,0,YES,NO,NO
SELECTED_OPTIONS,30,COPY_SEQ_NO,smallint,2,5,0,YES,NO,NO
SELECTED_OPTIONS,31,UNIT_PRICE,decimal,13,22,8,YES,NO,NO
SEMAPHORE,1,ROWID,int,4,10,0,NO,YES,NO
SEMAPHORE,2,ID,nvarchar,30,0,0,NO,NO,NO
SEMAPHORE,3,DESCRIPTION,nvarchar,160,0,0,YES,NO,NO
SEMAPHORE,4,EVENT_NO,int,4,10,0,NO,NO,NO
SER_SIMULATION,1,ROWID,int,4,10,0,NO,YES,NO
SER_SIMULATION,2,SIMULATION_ID,nvarchar,30,0,0,NO,NO,NO
SER_SIMULATION,3,SERVICE_ID,nvarchar,30,0,0,NO,NO,NO
SER_SIMULATION,4,WORKORDER_TYPE,nchar,2,0,0,YES,NO,NO
SER_SIMULATION,5,WORKORDER_BASE_ID,nvarchar,60,0,0,YES,NO,NO
SER_SIMULATION,6,WORKORDER_LOT_ID,nvarchar,6,0,0,YES,NO,NO
SER_SIMULATION,7,WORKORDER_SPLIT_ID,nvarchar,6,0,0,YES,NO,NO
SER_SIMULATION,8,WORKORDER_SUB_ID,nvarchar,6,0,0,YES,NO,NO
SER_SIMULATION,9,PRV_CST_PER_UNIT,decimal,13,22,8,YES,NO,NO
SER_SIMULATION,10,PRV_BASE_CHG_SER,decimal,13,23,8,YES,NO,NO
SER_SIMULATION,11,PRV_MIN_CHG,decimal,13,23,8,YES,NO,NO
SER_SIMULATION,12,SIM_CST_PER_UNIT,decimal,13,22,8,YES,NO,NO
SER_SIMULATION,13,SIM_BASE_CHG_SER,decimal,13,23,8,YES,NO,NO
SER_SIMULATION,14,SIM_MIN_CHG,decimal,13,23,8,YES,NO,NO
SER_SIMULATION,15,PRV_CREATE_DATE,datetime,8,23,3,YES,NO,NO
SER_SIMULATION,16,SIM_CREATE_DATE,datetime,8,23,3,NO,NO,NO
SERIES_MODEL_PART,1,ROWID,int,4,10,0,NO,YES,NO
SERIES_MODEL_PART,2,SERIES_ID,nvarchar,30,0,0,NO,NO,NO
SERIES_MODEL_PART,3,MODEL_ID,nvarchar,30,0,0,NO,NO,NO
SERIES_MODEL_PART,4,PART_ID,nvarchar,60,0,0,YES,NO,NO
SERIES_MODEL_PART,5,ENG_ID,nvarchar,6,0,0,YES,NO,NO
SERIES_MODEL_PART,6,SITE_ID,nvarchar,30,0,0,NO,NO,NO
SERV_CHARGE_BINARY,1,ROWID,int,4,10,0,NO,YES,NO
SERV_CHARGE_BINARY,2,SERVICE_CHARGE_ID,nvarchar,30,0,0,NO,NO,NO
SERV_CHARGE_BINARY,3,TYPE,nchar,2,0,0,NO,NO,NO
SERV_CHARGE_BINARY,4,BITS,image,16,0,0,YES,NO,NO
SERV_CHARGE_BINARY,5,BITS_LENGTH,int,4,10,0,NO,NO,NO
SERV_DISP_BINARY,1,ROWID,int,4,10,0,NO,YES,NO
SERV_DISP_BINARY,2,DISPATCH_ID,nvarchar,30,0,0,NO,NO,NO
SERV_DISP_BINARY,3,TYPE,nchar,2,0,0,NO,NO,NO
SERV_DISP_BINARY,4,BITS,image,16,0,0,YES,NO,NO
SERV_DISP_BINARY,5,BITS_LENGTH,int,4,10,0,NO,NO,NO
SERVICE,1,ROWID,int,4,10,0,NO,YES,NO
SERVICE,2,ID,nvarchar,30,0,0,NO,NO,NO
SERVICE,3,DESCRIPTION,nvarchar,80,0,0,YES,NO,NO
SERVICE,4,VENDOR_ID,nvarchar,30,0,0,YES,NO,NO
SERVICE,8,VAT_CODE,nvarchar,30,0,0,YES,NO,NO
SERVICE,9,SERVICE_PART_ID,nvarchar,60,0,0,YES,NO,NO
SERVICE,10,USAGE_UM,nvarchar,30,0,0,YES,NO,NO
SERVICE,11,PLAN_TRANSIT_DAYS,smallint,2,5,0,YES,NO,NO
SERVICE,12,SCHEDULE_RANK,smallint,2,5,0,YES,NO,NO
SERVICE,13,RUN,decimal,13,20,8,YES,NO,NO
SERVICE,14,RUN_TYPE,nvarchar,30,0,0,YES,NO,NO
SERVICE,15,LOAD_SIZE_QTY,decimal,13,20,8,YES,NO,NO
SERVICE,16,MINIMUM_MOVE_QTY,decimal,13,20,8,YES,NO,NO
SERVICE,17,LONG_DESCRIPTION,image,16,0,0,YES,NO,NO
SERVICE,18,INTRASTAT_INCLUDE,nchar,2,0,0,YES,NO,NO
SERVICE,19,STATUS,nchar,2,0,0,YES,NO,NO
SERVICE,20,STATUS_EFF_DATE,datetime,8,23,3,NO,NO,NO
SERVICE,21,BID_RATE_CATEGORY_ID,nvarchar,30,0,0,YES,NO,NO
SERVICE_BINARY,1,ROWID,int,4,10,0,NO,YES,NO
SERVICE_BINARY,2,SERVICE_ID,nvarchar,30,0,0,NO,NO,NO
SERVICE_BINARY,3,TYPE,nchar,2,0,0,NO,NO,NO
SERVICE_BINARY,4,BITS,image,16,0,0,YES,NO,NO
SERVICE_BINARY,5,BITS_LENGTH,int,4,10,0,NO,NO,NO
SERVICE_CHARGE,1,ROWID,int,4,10,0,NO,YES,NO
SERVICE_CHARGE,2,ID,nvarchar,30,0,0,NO,NO,NO
SERVICE_CHARGE,3,DESCRIPTION,nvarchar,80,0,0,YES,NO,NO
SERVICE_CHARGE,4,TRADE_DISC_PERCENT,decimal,5,6,3,YES,NO,NO
SERVICE_CHARGE,5,COMMISSION_PCT,decimal,5,6,3,YES,NO,NO
SERVICE_CHARGE,6,SALES_TAX_GROUP_ID,nvarchar,30,0,0,YES,NO,NO
SERVICE_CHARGE,7,PRODUCT_CODE,nvarchar,30,0,0,YES,NO,NO
SERVICE_CHARGE,8,COMMODITY_CODE,nvarchar,30,0,0,YES,NO,NO
SERVICE_CHARGE,9,VAT_CODE,nvarchar,30,0,0,YES,NO,NO
SERVICE_CHARGE,10,UNIT_PRICE,decimal,13,22,6,YES,NO,NO
SERVICE_CHARGE,11,GL_REVENUE_ACCT_ID,nvarchar,60,0,0,YES,NO,NO
SERVICE_CHARGE,12,INTRASTAT_INCLUDE,nchar,2,0,0,YES,NO,NO
SERVICE_CHARGE,13,SITE_ID,nvarchar,30,0,0,NO,NO,NO
SERVICE_DISP_LINE,1,ROWID,int,4,10,0,NO,YES,NO
SERVICE_DISP_LINE,2,DISPATCH_ID,nvarchar,30,0,0,NO,NO,NO
SERVICE_DISP_LINE,3,LINE_NO,smallint,2,5,0,NO,NO,NO
SERVICE_DISP_LINE,4,PURC_ORDER_ID,nvarchar,30,0,0,YES,NO,NO
SERVICE_DISP_LINE,5,PURC_ORDER_LINE_NO,smallint,2,5,0,YES,NO,NO
SERVICE_DISP_LINE,6,SERVICE_ID,nvarchar,30,0,0,NO,NO,NO
SERVICE_DISP_LINE,7,SERVICE_PART_ID,nvarchar,60,0,0,YES,NO,NO
SERVICE_DISP_LINE,8,USER_DISPATCH_QTY,decimal,13,20,8,NO,NO,NO
SERVICE_DISP_LINE,9,DISPATCH_QTY,decimal,13,20,8,NO,NO,NO
SERVICE_DISP_LINE,10,RECEIVED_QTY,decimal,13,20,8,NO,NO,NO
SERVICE_DISP_LINE,11,ACT_FREIGHT,decimal,13,23,8,NO,NO,NO
SERVICE_DISP_LINE,12,SHIPPING_WEIGHT,decimal,9,14,4,YES,NO,NO
SERVICE_DISP_LINE,13,WEIGHT_UM,nvarchar,30,0,0,YES,NO,NO
SERVICE_DISP_LINE,14,SHIPPING_UM,nvarchar,30,0,0,YES,NO,NO
SERVICE_DISP_LINE,15,PROMISE_DATE,datetime,8,23,3,YES,NO,NO
SERVICE_DISP_LINE,16,DESIRED_RECV_DATE,datetime,8,23,3,YES,NO,NO
SERVICE_DISP_LINE,17,CALC_RECV_QTY,decimal,13,20,8,YES,NO,NO
SERVICE_DISP_LINE,18,VAT_CODE,nvarchar,30,0,0,YES,NO,NO
SERVICE_DISP_LINE,19,CARTON_COUNT,smallint,2,5,0,YES,NO,NO
SERVICE_DISP_LINE,20,PACKAGE_TYPE,nvarchar,10,0,0,YES,NO,NO
SERVICE_DISP_LINE,21,UNIT_COST,decimal,13,22,8,YES,NO,NO
SERVICE_DISP_LINE,22,DISPATCH_ADDR_ID,nvarchar,40,0,0,YES,NO,NO
SERVICE_DISP_LINE,23,net_ship_weight,decimal,9,14,4,YES,NO,NO
SERVICE_DISP_LINE,24,tare_weight,decimal,9,14,4,YES,NO,NO
SERVICE_DISP_LINE,25,pallet_count,decimal,13,20,8,YES,NO,NO
SERVICE_DISPATCH,1,ROWID,int,4,10,0,NO,YES,NO
SERVICE_DISPATCH,2,ID,nvarchar,30,0,0,NO,NO,NO
SERVICE_DISPATCH,3,PURC_ORDER_ID,nvarchar,30,0,0,YES,NO,NO
SERVICE_DISPATCH,4,VENDOR_ID,nvarchar,30,0,0,NO,NO,NO
SERVICE_DISPATCH,5,DISPATCHED_DATE,datetime,8,23,3,YES,NO,NO
SERVICE_DISPATCH,6,PRINTED_DATE,datetime,8,23,3,YES,NO,NO
SERVICE_DISPATCH,7,SHIP_TO_ADDR_NO,int,4,10,0,YES,NO,NO
SERVICE_DISPATCH,8,SHIP_FROM_ADDR_NO,int,4,10,0,YES,NO,NO
SERVICE_DISPATCH,9,FREE_ON_BOARD,nvarchar,50,0,0,YES,NO,NO
SERVICE_DISPATCH,10,SHIP_VIA,nvarchar,80,0,0,YES,NO,NO
SERVICE_DISPATCH,11,USER_ID,nvarchar,40,0,0,NO,NO,NO
SERVICE_DISPATCH,12,CREATE_DATE,datetime,8,23,3,NO,NO,NO
SERVICE_DISPATCH,13,MARKED_FOR_PURGE,nchar,2,0,0,YES,NO,NO
SERVICE_DISPATCH,14,SHIP_REASON_CD,nvarchar,30,0,0,YES,NO,NO
SERVICE_DISPATCH,15,CARRIER_ID,nvarchar,30,0,0,YES,NO,NO
SERVICE_DISPATCH,16,FREIGHT_TERMS,nchar,2,0,0,YES,NO,NO
SERVICE_DISPATCH,17,DISPATCH_ADDR_ID,nvarchar,40,0,0,YES,NO,NO
SERVICE_DISPATCH,18,TARE_WEIGHT,decimal,9,14,4,YES,NO,NO
SERVICE_DISPATCH,19,TOTAL_NET_WEIGHT,decimal,9,14,4,YES,NO,NO
SERVICE_DISPATCH,20,TOTAL_GROSS_WEIGHT,decimal,9,14,4,YES,NO,NO
SERVICE_DISPATCH,21,SITE_ID,nvarchar,30,0,0,NO,NO,NO
SERVICE_DISPATCHED,1,ROWID,int,4,10,0,NO,YES,NO
SERVICE_DISPATCHED,2,TRANSACTION_ID,int,4,10,0,NO,NO,NO
SERVICE_DISPATCHED,3,WORKORDER_TYPE,nchar,2,0,0,NO,NO,NO
SERVICE_DISPATCHED,4,WORKORDER_BASE_ID,nvarchar,60,0,0,NO,NO,NO
SERVICE_DISPATCHED,5,WORKORDER_LOT_ID,nvarchar,6,0,0,NO,NO,NO
SERVICE_DISPATCHED,6,WORKORDER_SPLIT_ID,nvarchar,6,0,0,NO,NO,NO
SERVICE_DISPATCHED,7,WORKORDER_SUB_ID,nvarchar,6,0,0,NO,NO,NO
SERVICE_DISPATCHED,8,OPERATION_SEQ_NO,smallint,2,5,0,NO,NO,NO
SERVICE_DISPATCHED,9,SERVICE_ID,nvarchar,30,0,0,NO,NO,NO
SERVICE_DISPATCHED,10,PURC_ORDER_ID,nvarchar,30,0,0,YES,NO,NO
SERVICE_DISPATCHED,11,PURC_ORDER_LINE_NO,smallint,2,5,0,YES,NO,NO
SERVICE_DISPATCHED,12,DISPATCH_ID,nvarchar,30,0,0,YES,NO,NO
SERVICE_DISPATCHED,13,DISPATCH_LINE_NO,smallint,2,5,0,YES,NO,NO
SERVICE_DISPATCHED,14,DISPATCHED_QTY,decimal,13,20,8,NO,NO,NO
SERVICE_DISPATCHED,15,USER_ID,nvarchar,40,0,0,NO,NO,NO
SERVICE_DISPATCHED,16,CREATE_DATE,datetime,8,23,3,NO,NO,NO
SERVICE_RCPT_CURR,1,ROWID,int,4,10,0,NO,YES,NO
SERVICE_RCPT_CURR,2,TRANSACTION_ID,int,4,10,0,NO,NO,NO
SERVICE_RCPT_CURR,3,CURRENCY_ID,nvarchar,30,0,0,NO,NO,NO
SERVICE_RCPT_CURR,4,ACT_MATERIAL_COST,decimal,13,23,8,NO,NO,NO
SERVICE_RCPT_CURR,5,ACT_LABOR_COST,decimal,13,23,8,NO,NO,NO
SERVICE_RCPT_CURR,6,ACT_BURDEN_COST,decimal,13,23,8,NO,NO,NO
SERVICE_RCPT_CURR,7,ACT_SERVICE_COST,decimal,13,23,8,NO,NO,NO
SERVICE_RCPT_CURR,8,SELL_RATE,decimal,9,15,8,NO,NO,NO
SERVICE_RCPT_CURR,9,BUY_RATE,decimal,9,15,8,NO,NO,NO
SERVICE_RCVR_DISP,1,ROWID,int,4,10,0,NO,YES,NO
SERVICE_RCVR_DISP,2,RECEIVER_ID,nvarchar,30,0,0,NO,NO,NO
SERVICE_RCVR_DISP,3,RECEIVER_LINE_NO,smallint,2,5,0,NO,NO,NO
SERVICE_RCVR_DISP,4,DISPATCH_ID,nvarchar,30,0,0,NO,NO,NO
SERVICE_RCVR_DISP,5,DISPATCH_LINE_NO,smallint,2,5,0,NO,NO,NO
SERVICE_RCVR_DISP,6,QTY,decimal,13,20,8,NO,NO,NO
SERVICE_RECEIPT,1,ROWID,int,4,10,0,NO,YES,NO
SERVICE_RECEIPT,2,TRANSACTION_ID,int,4,10,0,NO,NO,NO
SERVICE_RECEIPT,3,WORKORDER_TYPE,nchar,2,0,0,NO,NO,NO
SERVICE_RECEIPT,4,WORKORDER_BASE_ID,nvarchar,60,0,0,NO,NO,NO
SERVICE_RECEIPT,5,WORKORDER_LOT_ID,nvarchar,6,0,0,NO,NO,NO
SERVICE_RECEIPT,6,WORKORDER_SPLIT_ID,nvarchar,6,0,0,NO,NO,NO
SERVICE_RECEIPT,7,WORKORDER_SUB_ID,nvarchar,6,0,0,NO,NO,NO
SERVICE_RECEIPT,8,OPERATION_SEQ_NO,smallint,2,5,0,NO,NO,NO
SERVICE_RECEIPT,9,SERVICE_ID,nvarchar,30,0,0,NO,NO,NO
SERVICE_RECEIPT,10,FIXED_COST,decimal,13,23,8,NO,NO,NO
SERVICE_RECEIPT,11,GOOD_QTY,decimal,13,20,8,NO,NO,NO
SERVICE_RECEIPT,12,BAD_QTY,decimal,13,20,8,NO,NO,NO
SERVICE_RECEIPT,13,TRANSACTION_DATE,datetime,8,23,3,NO,NO,NO
SERVICE_RECEIPT,14,DESCRIPTION,nvarchar,160,0,0,YES,NO,NO
SERVICE_RECEIPT,15,USER_ID,nvarchar,40,0,0,YES,NO,NO
SERVICE_RECEIPT,16,PURC_ORDER_ID,nvarchar,30,0,0,YES,NO,NO
SERVICE_RECEIPT,17,PURC_ORDER_LINE_NO,smallint,2,5,0,YES,NO,NO
SERVICE_RECEIPT,18,ACT_SERVICE_COST,decimal,13,23,8,NO,NO,NO
SERVICE_RECEIPT,19,CREATE_DATE,datetime,8,23,3,NO,NO,NO
SERVICE_RECEIPT,20,REJECTED_QTY,decimal,13,20,8,YES,NO,NO
SERVICE_RECEIPT,21,ACT_FREIGHT,decimal,13,23,8,YES,NO,NO
SERVICE_RECEIPT,22,SHIPPING_WEIGHT,decimal,9,14,4,YES,NO,NO
SERVICE_RECEIPT,23,WEIGHT_UM,nvarchar,30,0,0,YES,NO,NO
SERVICE_RECEIPT,24,SERVICE_PART_ID,nvarchar,60,0,0,YES,NO,NO
SERVICE_RECEIPT,25,RECEIVER_ID,nvarchar,30,0,0,YES,NO,NO
SERVICE_RECEIPT,26,RECEIVER_LINE_NO,smallint,2,5,0,YES,NO,NO
SERVICE_RECEIPT,27,VENDOR_ID,nvarchar,30,0,0,YES,NO,NO
SERVICE_RECEIPT,28,UNIT_COST,decimal,13,22,8,YES,NO,NO
SERVICE_RECEIPT,29,PURC_DEL_LINE_NO,smallint,2,5,0,YES,NO,NO
SERVICE_RECEIPT,30,RCVR_DEL_LINE_NO,smallint,2,5,0,YES,NO,NO
SERVICE_RECEIPT,31,ACT_BURDEN_COST,decimal,13,23,8,NO,NO,NO
SERVICE_RECEIPT,32,DEPARTMENT_ID,nvarchar,30,0,0,YES,NO,NO
SERVICE_RECEIPT,33,COST_CATEGORY_ID,nvarchar,30,0,0,YES,NO,NO
SERVICE_RECEIPT,34,USER_GOOD_QTY,decimal,13,20,8,YES,NO,NO
SERVICE_RECEIPT,35,USER_BAD_QTY,decimal,13,20,8,YES,NO,NO
SERVICE_RECEIPT,36,ACT_RATE_ID,nvarchar,30,0,0,YES,NO,NO
SERVICE_RECEIPT,37,ACT_PERIOD_ID,nvarchar,30,0,0,YES,NO,NO
SERVICE_RECEIPT,38,RETRO_RATE_ID,nvarchar,30,0,0,YES,NO,NO
SERVICE_RECEIPT,39,RETRO_PERIOD_ID,nvarchar,30,0,0,YES,NO,NO
SERVICE_RECEIPT,40,RETRO_RATE_CODE,nchar,2,0,0,YES,NO,NO
SERVICE_RECEIPT,41,LAST_RETRO_DATE,datetime,8,23,3,YES,NO,NO
SERVICE_RECEIPT,42,SITE_ID,nvarchar,30,0,0,NO,NO,NO
SERVICE_SHIPPING,1,ROWID,int,4,10,0,NO,YES,NO
SERVICE_SHIPPING,2,VENDOR_ID,nvarchar,30,0,0,NO,NO,NO
SERVICE_SHIPPING,3,DISPATCH_ADDR_ID,nvarchar,40,0,0,NO,NO,NO
SERVICE_SHIPPING,4,SERVICE_ID,nvarchar,30,0,0,NO,NO,NO
SERVICE_SHIPPING,5,SERVICE_PART_ID,nvarchar,60,0,0,NO,NO,NO
SERVICE_SHIPPING,6,CONTAINER_PART_ID,nvarchar,60,0,0,NO,NO,NO
SERVICE_SHIPPING,7,CONTAINER_UM,nvarchar,30,0,0,YES,NO,NO
SERVICE_SHIPPING,8,CONTAINER_WEIGHT,decimal,9,14,4,YES,NO,NO
SERVICE_SHIPPING,9,STD_PCS_CONTAINER,decimal,13,20,8,YES,NO,NO
SERVICE_SHIPPING,10,SKID_PART_ID,nvarchar,60,0,0,YES,NO,NO
SERVICE_SHIPPING,11,SKID_UM,nvarchar,30,0,0,YES,NO,NO
SERVICE_SHIPPING,12,SKID_WEIGHT,decimal,9,14,4,YES,NO,NO
SERVICE_SHIPPING,13,STD_CONTAINER_SKID,decimal,13,20,8,YES,NO,NO
SERVICE_SHIPPING,14,CONTAINER_TYPE,nvarchar,40,0,0,YES,NO,NO
SERVICE_SHIPPING,15,DEFAULT_CONTAINER,nchar,2,0,0,YES,NO,NO
SERVICE_SHIPPING,16,VEND_SERV_PART_ID,nvarchar,60,0,0,YES,NO,NO
SERVICE_SHIPPING,17,PACKAGE_TYPE,nvarchar,10,0,0,YES,NO,NO
SERVICE_SHIPPING,18,CREATE_INV_TRANS,nchar,2,0,0,YES,NO,NO
SERVICE_SHIPPING,19,SERV_PART_WEIGHT,decimal,9,14,4,YES,NO,NO
SERVICE_SHIPPING,20,SERV_PART_WGHT_UM,nvarchar,30,0,0,YES,NO,NO
SERVICE_SHIPPING,21,DOCK_CODE,nvarchar,40,0,0,YES,NO,NO
SERVICE_SITE,1,ROWID,int,4,10,0,NO,YES,NO
SERVICE_SITE,2,SITE_ID,nvarchar,30,0,0,NO,NO,NO
SERVICE_SITE,3,SERVICE_ID,nvarchar,30,0,0,NO,NO,NO
SERVICE_SITE,4,VENDOR_ID,nvarchar,30,0,0,YES,NO,NO
SERVICE_SITE,5,EST_MIN_CHARGE,decimal,13,23,8,NO,NO,NO
SERVICE_SITE,6,EST_BASE_CHARGE,decimal,13,23,8,NO,NO,NO
SERVICE_SITE,7,SERVICE_PART_ID,nvarchar,60,0,0,YES,NO,NO
SERVICE_SITE,8,PLAN_TRANSIT_DAYS,smallint,2,5,0,YES,NO,NO
SERVICE_SITE,9,SCHEDULE_RANK,smallint,2,5,0,YES,NO,NO
SERVICE_SITE,10,RUN,decimal,13,20,8,YES,NO,NO
SERVICE_SITE,11,RUN_TYPE,nvarchar,30,0,0,YES,NO,NO
SERVICE_SITE,12,LOAD_SIZE_QTY,decimal,13,20,8,YES,NO,NO
SERVICE_SITE,13,MINIMUM_MOVE_QTY,decimal,13,20,8,YES,NO,NO
SERVICE_SITE,14,EST_COST_PER_UNIT,decimal,13,22,8,NO,NO,NO
SERVICE_SITE,15,STATUS,nchar,2,0,0,YES,NO,NO
SERVICE_SITE,16,VAT_CODE,nvarchar,30,0,0,YES,NO,NO
SERVICE_SITE,17,INTRASTAT_INCLUDE,nvarchar,2,0,0,YES,NO,NO
SERVICE_SITE,18,STATUS_EFF_DATE,datetime,8,23,3,NO,NO,NO
SERVICE_SITE,19,BID_RATE_CATEGORY_ID,nvarchar,30,0,0,YES,NO,NO
SERVICE_UNIT_CONV,1,ROWID,int,4,10,0,NO,YES,NO
SERVICE_UNIT_CONV,2,SERVICE_ID,nvarchar,30,0,0,NO,NO,NO
SERVICE_UNIT_CONV,3,FROM_UM,nvarchar,30,0,0,NO,NO,NO
SERVICE_UNIT_CONV,4,TO_UM,nvarchar,30,0,0,NO,NO,NO
SERVICE_UNIT_CONV,5,CONVERSION_FACTOR,decimal,9,15,8,NO,NO,NO
SETTINGS,1,ROWID,int,4,10,0,NO,YES,NO
SETTINGS,2,NAME,nvarchar,100,0,0,NO,NO,NO
SETTINGS,3,SETTING_VALUE,nvarchar,500,0,0,YES,NO,NO
SETUP_ATTRIBUTE,1,ROWID,int,4,10,0,NO,YES,NO
SETUP_ATTRIBUTE,2,ID,nvarchar,30,0,0,NO,NO,NO
SETUP_ATTRIBUTE,3,DESCRIPTION,nvarchar,160,0,0,YES,NO,NO
SETUP_ATTRIBUTE,4,DATA_TYPE,nchar,2,0,0,NO,NO,NO
SETUP_TYPE,1,ROWID,int,4,10,0,NO,YES,NO
SETUP_TYPE,2,ID,nvarchar,30,0,0,NO,NO,NO
SETUP_TYPE,3,DESCRIPTION,nvarchar,160,0,0,YES,NO,NO
SETUP_TYPE_ATTRIB,1,ROWID,int,4,10,0,NO,YES,NO
SETUP_TYPE_ATTRIB,2,SETUP_ID,nvarchar,30,0,0,NO,NO,NO
SETUP_TYPE_ATTRIB,3,ATTRIBUTE_ID,nvarchar,30,0,0,NO,NO,NO
SETUP_TYPE_ATTRIB,4,RANK,int,4,10,0,YES,NO,NO
SETUP_TYPE_ATTRIB,5,SORT_KEY,nchar,2,0,0,NO,NO,NO
SETUP_TYPE_ATTRIB,6,SORT_SEQUENCE,nchar,2,0,0,YES,NO,NO
SHIFT,1,ROWID,int,4,10,0,NO,YES,NO
SHIFT,2,ID,nvarchar,30,0,0,NO,NO,NO
SHIFT,3,DESCRIPTION,nvarchar,80,0,0,YES,NO,NO
SHIFT,4,SHIFT_BEG_BEF_WIN,smallint,2,5,0,YES,NO,NO
SHIFT,5,SHIFT_BEG_AFT_WIN,smallint,2,5,0,YES,NO,NO
SHIFT,6,SHIFT_END_BEF_WIN,smallint,2,5,0,YES,NO,NO
SHIFT,7,SHIFT_END_AFT_WIN,smallint,2,5,0,YES,NO,NO
SHIFT,8,BTWN_JOB_LAG_TIME,smallint,2,5,0,YES,NO,NO
SHIFT,9,BREAKS_WINDOW,smallint,2,5,0,YES,NO,NO
SHIFT,10,INDIRECT_ID,nvarchar,30,0,0,YES,NO,NO
SHIFT_DAY,1,ROWID,int,4,10,0,NO,YES,NO
SHIFT_DAY,2,SHIFT_ID,nvarchar,30,0,0,NO,NO,NO
SHIFT_DAY,3,SHIFT_CODE,smallint,2,5,0,NO,NO,NO
SHIFT_DAY,4,DESCRIPTION,nvarchar,80,0,0,YES,NO,NO
SHIFT_DAY,5,SHIFT_START,datetime,8,23,3,YES,NO,NO
SHIFT_DAY,6,SHIFT_END,datetime,8,23,3,YES,NO,NO
SHIFT_DAY,7,MEAL_START,datetime,8,23,3,YES,NO,NO
SHIFT_DAY,8,MEAL_END,datetime,8,23,3,YES,NO,NO
SHIFT_DAY,9,MEAL_TYPE,nchar,2,0,0,NO,NO,NO
SHIFT_DAY,10,MEAL_MANUAL,nchar,2,0,0,NO,NO,NO
SHIFT_DAY,11,BREAK1_START,datetime,8,23,3,YES,NO,NO
SHIFT_DAY,12,BREAK1_END,datetime,8,23,3,YES,NO,NO
SHIFT_DAY,13,BREAK1_TYPE,nchar,2,0,0,NO,NO,NO
SHIFT_DAY,14,BREAK1_MANUAL,nchar,2,0,0,NO,NO,NO
SHIFT_DAY,15,BREAK2_START,datetime,8,23,3,YES,NO,NO
SHIFT_DAY,16,BREAK2_END,datetime,8,23,3,YES,NO,NO
SHIFT_DAY,17,BREAK2_TYPE,nchar,2,0,0,NO,NO,NO
SHIFT_DAY,18,BREAK2_MANUAL,nchar,2,0,0,NO,NO,NO
SHIFT_DAY,19,BREAK3_START,datetime,8,23,3,YES,NO,NO
SHIFT_DAY,20,BREAK3_END,datetime,8,23,3,YES,NO,NO
SHIFT_DAY,21,BREAK3_TYPE,nchar,2,0,0,NO,NO,NO
SHIFT_DAY,22,BREAK3_MANUAL,nchar,2,0,0,NO,NO,NO
SHIFT_DAY,23,PAID_BREAKS,nchar,2,0,0,YES,NO,NO
SHIFT_DAY,24,PERIODS_PER_HOUR,int,4,10,0,YES,NO,NO
SHIP_REASON,1,ROWID,int,4,10,0,NO,YES,NO
SHIP_REASON,2,TYPE,nchar,2,0,0,NO,NO,NO
SHIP_REASON,3,CODE,nvarchar,30,0,0,NO,NO,NO
SHIP_REASON,4,DESCRIPTION,nvarchar,100,0,0,YES,NO,NO
SHIP_REASON,5,GL_ACCT_ID,nvarchar,60,0,0,YES,NO,NO
SHIP_REASON,6,DEFAULT_WHSE_ID,nvarchar,30,0,0,YES,NO,NO
SHIP_VIA,1,ROWID,int,4,10,0,NO,YES,NO
SHIP_VIA,2,CODE,nvarchar,80,0,0,NO,NO,NO
SHIP_VIA,3,DESCRIPTION,nvarchar,160,0,0,YES,NO,NO
SHIP_VIA_SYNC,1,ROWID,int,4,10,0,NO,YES,NO
SHIP_VIA_SYNC,2,EVENT_ID,int,4,10,0,NO,NO,NO
SHIP_VIA_SYNC,3,TYPE,nchar,2,0,0,NO,NO,NO
SHIP_VIA_SYNC,4,CREATE_DATE,datetime,8,23,3,NO,NO,NO
SHIP_VIA_SYNC,5,SHIP_VIA_CODE,nvarchar,80,0,0,NO,NO,NO
SHIP_VIA_SYNC,6,EXCEPTION,nchar,2,0,0,NO,NO,NO
SHIP_VIA_SYNC,7,SUBSCRIPTIONS,int,4,10,0,NO,NO,NO
SHIPMENT_DETAIL,1,ROWID,int,4,10,0,NO,YES,NO
SHIPMENT_DETAIL,2,CUST_ORDER_ID,nvarchar,30,0,0,NO,NO,NO
SHIPMENT_DETAIL,3,DIST_NO,smallint,2,5,0,NO,NO,NO
SHIPMENT_DETAIL,4,TRANSACTION_ID,int,4,10,0,NO,NO,NO
SHIPMENT_DETAIL,5,CUST_ORDER_LINE_NO,smallint,2,5,0,NO,NO,NO
SHIPMENT_DETAIL,6,PART_ID,nvarchar,60,0,0,YES,NO,NO
SHIPMENT_DETAIL,7,PRODUCT_CODE,nvarchar,30,0,0,YES,NO,NO
SHIPMENT_DETAIL,8,ACT_MATERIAL_COST,decimal,13,23,8,YES,NO,NO
SHIPMENT_DETAIL,9,ACT_LABOR_COST,decimal,13,23,8,YES,NO,NO
SHIPMENT_DETAIL,10,ACT_BURDEN_COST,decimal,13,23,8,YES,NO,NO
SHIPMENT_DETAIL,11,ACT_SERVICE_COST,decimal,13,23,8,YES,NO,NO
SHIPMENT_DETAIL,12,REFERENCE,nvarchar,100,0,0,YES,NO,NO
SHIPMENT_DETAIL,13,CURRENCY_ID,nvarchar,30,0,0,NO,NO,NO
SHIPMENT_DETAIL,14,DR_MAT_GL_ACCT_ID,nvarchar,60,0,0,YES,NO,NO
SHIPMENT_DETAIL,15,DR_LAB_GL_ACCT_ID,nvarchar,60,0,0,YES,NO,NO
SHIPMENT_DETAIL,16,DR_BUR_GL_ACCT_ID,nvarchar,60,0,0,YES,NO,NO
SHIPMENT_DETAIL,17,DR_SER_GL_ACCT_ID,nvarchar,60,0,0,YES,NO,NO
SHIPMENT_DETAIL,18,CR_MAT_GL_ACCT_ID,nvarchar,60,0,0,YES,NO,NO
SHIPMENT_DETAIL,19,CR_LAB_GL_ACCT_ID,nvarchar,60,0,0,YES,NO,NO
SHIPMENT_DETAIL,20,CR_BUR_GL_ACCT_ID,nvarchar,60,0,0,YES,NO,NO
SHIPMENT_DETAIL,21,CR_SER_GL_ACCT_ID,nvarchar,60,0,0,YES,NO,NO
SHIPMENT_DIST,1,ROWID,int,4,10,0,NO,YES,NO
SHIPMENT_DIST,2,CUST_ORDER_ID,nvarchar,30,0,0,NO,NO,NO
SHIPMENT_DIST,3,DIST_NO,smallint,2,5,0,NO,NO,NO
SHIPMENT_DIST,4,ENTRY_NO,smallint,2,5,0,NO,NO,NO
SHIPMENT_DIST,5,PART_ID,nvarchar,60,0,0,YES,NO,NO
SHIPMENT_DIST,6,AMOUNT,decimal,13,23,8,NO,NO,NO
SHIPMENT_DIST,7,AMOUNT_TYPE,nchar,4,0,0,NO,NO,NO
SHIPMENT_DIST,8,GL_ACCOUNT_ID,nvarchar,60,0,0,NO,NO,NO
SHIPMENT_DIST,9,SITE_ID,nvarchar,30,0,0,NO,NO,NO
SHIPMENT_DIST,10,POSTING_STATUS,nchar,2,0,0,NO,NO,NO
SHIPMENT_DIST,11,POSTING_DATE,datetime,8,23,3,NO,NO,NO
SHIPMENT_DIST,12,BATCH_ID,nvarchar,30,0,0,YES,NO,NO
SHIPMENT_DIST,13,CREATE_DATE,datetime,8,23,3,NO,NO,NO
SHIPMENT_DIST,14,USER_ID,nvarchar,40,0,0,NO,NO,NO
SHIPMENT_DIST,15,CURRENCY_ID,nvarchar,30,0,0,NO,NO,NO
SHIPMENT_DIST,16,NATIVE,nchar,2,0,0,YES,NO,NO
SHIPPER,1,ROWID,int,4,10,0,NO,YES,NO
SHIPPER,2,PACKLIST_ID,nvarchar,30,0,0,NO,NO,NO
SHIPPER,3,CUST_ORDER_ID,nvarchar,30,0,0,NO,NO,NO
SHIPPER,4,SHIPPED_DATE,datetime,8,23,3,YES,NO,NO
SHIPPER,5,INVOICE_ID,nvarchar,30,0,0,YES,NO,NO
SHIPPER,6,INVOICED_DATE,datetime,8,23,3,YES,NO,NO
SHIPPER,7,CREATE_DATE,datetime,8,23,3,NO,NO,NO
SHIPPER,8,USER_ID,nvarchar,40,0,0,NO,NO,NO
SHIPPER,9,MARKED_FOR_PURGE,nchar,2,0,0,NO,NO,NO
SHIPPER,10,LONG_DESCRIPTION,image,16,0,0,YES,NO,NO
SHIPPER,11,BOL_ID,nvarchar,40,0,0,YES,NO,NO
SHIPPER,12,ASN_ID,nvarchar,40,0,0,YES,NO,NO
SHIPPER,13,PRINTED_DATE,datetime,8,23,3,YES,NO,NO
SHIPPER,14,STATUS,nchar,2,0,0,NO,NO,NO
SHIPPER,15,STATUS_USER_ID,nvarchar,40,0,0,YES,NO,NO
SHIPPER,16,SHIP_TO_ADDR_NO,int,4,10,0,YES,NO,NO
SHIPPER,17,FREE_ON_BOARD,nvarchar,50,0,0,YES,NO,NO
SHIPPER,18,SHIP_VIA,nvarchar,80,0,0,YES,NO,NO
SHIPPER,19,SALES_TAX_GROUP_ID,nvarchar,30,0,0,YES,NO,NO
SHIPPER,20,SITE_ID,nvarchar,30,0,0,NO,NO,NO
SHIPPER,21,ESL_REPORT_NO,int,4,10,0,YES,NO,NO
SHIPPER,22,ESL_FILENAME,nvarchar,30,0,0,YES,NO,NO
SHIPPER,23,SHIP_REASON_CD,nvarchar,30,0,0,YES,NO,NO
SHIPPER,24,CUSTOMS_DOC_ID,nvarchar,30,0,0,YES,NO,NO
SHIPPER,25,POOL_CODE,nvarchar,40,0,0,YES,NO,NO
SHIPPER,26,VEHICLE_NUMBER,nvarchar,40,0,0,YES,NO,NO
SHIPPER,27,INTER_CONSIGNEE,nvarchar,40,0,0,YES,NO,NO
SHIPPER,28,TARE_WEIGHT,decimal,9,14,4,YES,NO,NO
SHIPPER,29,TOTAL_NET_WEIGHT,decimal,9,14,4,YES,NO,NO
SHIPPER,30,TOTAL_GROSS_WEIGHT,decimal,9,14,4,YES,NO,NO
SHIPPER,31,SHIPPED_TIME,datetime,8,23,3,YES,NO,NO
SHIPPER,32,EXPECTED_DEL_DATE,datetime,8,23,3,YES,NO,NO
SHIPPER,33,EXPECTED_DEL_TIME,datetime,8,23,3,YES,NO,NO
SHIPPER,34,WAYBILL_NUMBER,nvarchar,40,0,0,YES,NO,NO
SHIPPER,35,WSA_ID,nvarchar,60,0,0,YES,NO,NO
SHIPPER,36,LOAD_START_DATE,datetime,8,23,3,YES,NO,NO
SHIPPER,37,LOAD_START_TIME,datetime,8,23,3,YES,NO,NO
SHIPPER,38,LOAD_COMPLETE_DATE,datetime,8,23,3,YES,NO,NO
SHIPPER,39,LOAD_COMPLETE_TIME,datetime,8,23,3,YES,NO,NO
SHIPPER,40,LOAD_DURATION,datetime,8,23,3,YES,NO,NO
SHIPPER,41,SALESREP_ID,nvarchar,30,0,0,YES,NO,NO
SHIPPER,42,USER_1,nvarchar,160,0,0,YES,NO,NO
SHIPPER,43,USER_2,nvarchar,160,0,0,YES,NO,NO
SHIPPER,44,USER_3,nvarchar,160,0,0,YES,NO,NO
SHIPPER,45,USER_4,nvarchar,160,0,0,YES,NO,NO
SHIPPER,46,USER_5,nvarchar,160,0,0,YES,NO,NO
SHIPPER,47,USER_6,nvarchar,160,0,0,YES,NO,NO
SHIPPER,48,USER_7,nvarchar,160,0,0,YES,NO,NO
SHIPPER,49,USER_8,nvarchar,160,0,0,YES,NO,NO
SHIPPER,50,USER_9,nvarchar,160,0,0,YES,NO,NO
SHIPPER,51,USER_10,nvarchar,160,0,0,YES,NO,NO
SHIPPER,52,UDF_LAYOUT_ID,nvarchar,30,0,0,YES,NO,NO
SHIPPER,53,STATUS_EFF_DATE,datetime,8,23,3,NO,NO,NO
SHIPPER,54,ACTUAL_DEL_DATE,datetime,8,23,3,YES,NO,NO
SHIPPER,55,DOC_FILE_PATH,nvarchar,510,0,0,YES,NO,NO
SHIPPER,56,DOCUMENT_ID,nvarchar,256,0,0,YES,NO,NO
SHIPPER,57,DISTRIBUTED_DATE,datetime,8,23,3,YES,NO,NO
SHIPPER,58,DOC_TOTAL_AMOUNT,decimal,13,23,8,YES,NO,NO
SHIPPER,59,CUST_SHIP_CHG_ACCT_NO,nvarchar,60,0,0,YES,NO,NO
SHIPPER_INVOICE,1,ROWID,int,4,10,0,NO,YES,NO
SHIPPER_INVOICE,2,PACKLIST_ID,nvarchar,30,0,0,NO,NO,NO
SHIPPER_INVOICE,3,SITE_ID,nvarchar,30,0,0,NO,NO,NO
SHIPPER_INVOICE,4,INVOICE_ID,nvarchar,30,0,0,YES,NO,NO
SHIPPER_INVOICE,5,INVOICED_DATE,datetime,8,23,3,YES,NO,NO
SHIPPER_INVOICE,6,INVOICE_CANDIDATE,nchar,2,0,0,NO,NO,NO
SHIPPER_INVOICE,7,DOC_FILE_PATH,nvarchar,510,0,0,YES,NO,NO
SHIPPER_INVOICE,8,DOCUMENT_ID,nvarchar,256,0,0,YES,NO,NO
SHIPPER_INVOICE,9,DISTRIBUTED_DATE,datetime,8,23,3,YES,NO,NO
SHIPPER_INVOICE,10,DOC_TOTAL_AMOUNT,decimal,13,23,8,YES,NO,NO
SHIPPER_LINE,1,ROWID,int,4,10,0,NO,YES,NO
SHIPPER_LINE,2,PACKLIST_ID,nvarchar,30,0,0,NO,NO,NO
SHIPPER_LINE,3,LINE_NO,smallint,2,5,0,NO,NO,NO
SHIPPER_LINE,4,CUST_ORDER_ID,nvarchar,30,0,0,NO,NO,NO
SHIPPER_LINE,5,CUST_ORDER_LINE_NO,smallint,2,5,0,YES,NO,NO
SHIPPER_LINE,6,USER_SHIPPED_QTY,decimal,13,20,8,NO,NO,NO
SHIPPER_LINE,7,SHIPPED_QTY,decimal,13,20,8,NO,NO,NO
SHIPPER_LINE,8,ACT_FREIGHT,decimal,13,23,8,NO,NO,NO
SHIPPER_LINE,9,SHIPPING_WEIGHT,decimal,9,14,4,YES,NO,NO
SHIPPER_LINE,10,WEIGHT_UM,nvarchar,30,0,0,YES,NO,NO
SHIPPER_LINE,11,CARTON_COUNT,smallint,2,5,0,YES,NO,NO
SHIPPER_LINE,12,TRANSACTION_ID,int,4,10,0,YES,NO,NO
SHIPPER_LINE,13,NMFC_CODE_ID,nvarchar,30,0,0,YES,NO,NO
SHIPPER_LINE,14,PACKAGE_TYPE,nvarchar,10,0,0,YES,NO,NO
SHIPPER_LINE,15,PALLET_COUNT,smallint,2,5,0,YES,NO,NO
SHIPPER_LINE,16,SHIPPING_UM,nvarchar,30,0,0,YES,NO,NO
SHIPPER_LINE,17,UNIT_PRICE,decimal,13,22,8,YES,NO,NO
SHIPPER_LINE,18,TRADE_DISC_PERCENT,decimal,5,6,3,YES,NO,NO
SHIPPER_LINE,19,COMMISSION_PCT,decimal,5,6,3,YES,NO,NO
SHIPPER_LINE,20,SALES_TAX_GROUP_ID,nvarchar,30,0,0,YES,NO,NO
SHIPPER_LINE,21,GL_REVENUE_ACCT_ID,nvarchar,60,0,0,YES,NO,NO
SHIPPER_LINE,22,LONG_DESCRIPTION,image,16,0,0,YES,NO,NO
SHIPPER_LINE,23,PIECE_COUNT,decimal,13,20,8,YES,NO,NO
SHIPPER_LINE,24,LENGTH,decimal,9,14,4,YES,NO,NO
SHIPPER_LINE,25,WIDTH,decimal,9,14,4,YES,NO,NO
SHIPPER_LINE,26,HEIGHT,decimal,9,14,4,YES,NO,NO
SHIPPER_LINE,27,DIMENSIONS_UM,nvarchar,30,0,0,YES,NO,NO
SHIPPER_LINE,28,SHIP_DIMENSIONS,nvarchar,100,0,0,YES,NO,NO
SHIPPER_LINE,29,SERVICE_CHARGE_ID,nvarchar,30,0,0,YES,NO,NO
SHIPPER_LINE,30,MISC_REFERENCE,nvarchar,240,0,0,YES,NO,NO
SHIPPER_LINE,31,VAT_CODE,nvarchar,30,0,0,YES,NO,NO
SHIPPER_LINE,32,RMA_ID,nvarchar,30,0,0,YES,NO,NO
SHIPPER_LINE,33,RMA_LINE_NO,smallint,2,5,0,YES,NO,NO
SHIPPER_LINE,34,HTS_CODE,nvarchar,40,0,0,YES,NO,NO
SHIPPER_LINE,35,ORIG_COUNTRY_ID,nvarchar,100,0,0,YES,NO,NO
SHIPPER_LINE,36,ITA_SPECIAL_CHARGE,nvarchar,2,0,0,YES,NO,NO
SHIPPER_LINE,37,NET_SHIP_WEIGHT,decimal,9,14,4,YES,NO,NO
SHIPPER_LINE,38,TARE_WEIGHT,decimal,9,14,4,YES,NO,NO
SHIPPER_LINE,39,NO_INVOICE,nchar,2,0,0,YES,NO,NO
SHIPPER_LINE,40,REVENUE_STATUS,nchar,2,0,0,YES,NO,NO
SHIPPER_LINE,41,RECEIVABLE_AMOUNT,decimal,13,23,8,YES,NO,NO
SHIPPER_LINE,42,INTRASTAT_AMOUNT,decimal,13,23,8,YES,NO,NO
SHIPPER_LINE,43,USER_1,nvarchar,160,0,0,YES,NO,NO
SHIPPER_LINE,44,USER_2,nvarchar,160,0,0,YES,NO,NO
SHIPPER_LINE,45,USER_3,nvarchar,160,0,0,YES,NO,NO
SHIPPER_LINE,46,USER_4,nvarchar,160,0,0,YES,NO,NO
SHIPPER_LINE,47,USER_5,nvarchar,160,0,0,YES,NO,NO
SHIPPER_LINE,48,USER_6,nvarchar,160,0,0,YES,NO,NO
SHIPPER_LINE,49,USER_7,nvarchar,160,0,0,YES,NO,NO
SHIPPER_LINE,50,USER_8,nvarchar,160,0,0,YES,NO,NO
SHIPPER_LINE,51,USER_9,nvarchar,160,0,0,YES,NO,NO
SHIPPER_LINE,52,USER_10,nvarchar,160,0,0,YES,NO,NO
SHIPPER_LINE,53,UDF_LAYOUT_ID,nvarchar,30,0,0,YES,NO,NO
SHIPPER_LINE,54,DESCRIPTION,nvarchar,240,0,0,YES,NO,NO
SHIPPER_LINE,55,SERVICE_CHG_SITE_ID,nvarchar,30,0,0,YES,NO,NO
SHIPPER_LINE_DEL,1,ROWID,int,4,10,0,NO,YES,NO
SHIPPER_LINE_DEL,2,PACKLIST_ID,nvarchar,30,0,0,NO,NO,NO
SHIPPER_LINE_DEL,3,PACKLIST_LINE_NO,smallint,2,5,0,NO,NO,NO
SHIPPER_LINE_DEL,4,LINE_NO,smallint,2,5,0,NO,NO,NO
SHIPPER_LINE_DEL,5,CUST_ORDER_ID,nvarchar,30,0,0,YES,NO,NO
SHIPPER_LINE_DEL,6,CUST_ORDER_LINE_NO,smallint,2,5,0,YES,NO,NO
SHIPPER_LINE_DEL,7,CUST_DEL_LINE_NO,smallint,2,5,0,YES,NO,NO
SHIPPER_LINE_DEL,8,USER_SHIPPED_QTY,decimal,13,20,8,YES,NO,NO
SHIPPER_LINE_DEL,9,SHIPPED_QTY,decimal,13,20,8,YES,NO,NO
SHIPPER_LINE_DEL,10,USER_1,nvarchar,160,0,0,YES,NO,NO
SHIPPER_LINE_DEL,11,USER_2,nvarchar,160,0,0,YES,NO,NO
SHIPPER_LINE_DEL,12,USER_3,nvarchar,160,0,0,YES,NO,NO
SHIPPER_LINE_DEL,13,USER_4,nvarchar,160,0,0,YES,NO,NO
SHIPPER_LINE_DEL,14,USER_5,nvarchar,160,0,0,YES,NO,NO
SHIPPER_LINE_DEL,15,USER_6,nvarchar,160,0,0,YES,NO,NO
SHIPPER_LINE_DEL,16,USER_7,nvarchar,160,0,0,YES,NO,NO
SHIPPER_LINE_DEL,17,USER_8,nvarchar,160,0,0,YES,NO,NO
SHIPPER_LINE_DEL,18,USER_9,nvarchar,160,0,0,YES,NO,NO
SHIPPER_LINE_DEL,19,USER_10,nvarchar,160,0,0,YES,NO,NO
SHIPPER_LINE_DEL,20,UDF_LAYOUT_ID,nvarchar,30,0,0,YES,NO,NO
SHIPPER_LINE_DEL,21,PIECE_COUNT,decimal,13,20,8,YES,NO,NO
SHIPPER_LINK,1,ROWID,int,4,10,0,NO,YES,NO
SHIPPER_LINK,2,BOL_ID,nvarchar,40,0,0,YES,NO,NO
SHIPPER_LINK,3,TARE_ID,nvarchar,60,0,0,YES,NO,NO
SHIPPER_LINK,4,PALLET_ID,nvarchar,60,0,0,YES,NO,NO
SHIPPER_LINK,5,CARTON_ID,nvarchar,60,0,0,YES,NO,NO
SHIPPER_LINK,6,CARTON_LINE_NO,smallint,2,5,0,YES,NO,NO
SHIPPER_LINK,7,CUST_ORDER_ID,nvarchar,30,0,0,YES,NO,NO
SHIPPER_LINK,8,CUST_ORDER_LINE_NO,smallint,2,5,0,YES,NO,NO
SHIPPER_LINK,9,CUST_ORDER_DEL_NO,smallint,2,5,0,YES,NO,NO
SHIPPER_LINK,10,PACKLIST_ID,nvarchar,30,0,0,YES,NO,NO
SHIPPER_LINK,11,PACKLIST_LINE_NO,smallint,2,5,0,YES,NO,NO
SHIPPER_LINK,12,QTY,decimal,13,20,8,YES,NO,NO
SHIPTO_ADDRESS,1,ROWID,int,4,10,0,NO,YES,NO
SHIPTO_ADDRESS,2,ADDR_NO,int,4,10,0,NO,NO,NO
SHIPTO_ADDRESS,3,NAME,nvarchar,100,0,0,YES,NO,NO
SHIPTO_ADDRESS,4,ADDR_1,nvarchar,100,0,0,YES,NO,NO
SHIPTO_ADDRESS,5,ADDR_2,nvarchar,100,0,0,YES,NO,NO
SHIPTO_ADDRESS,6,ADDR_3,nvarchar,100,0,0,YES,NO,NO
SHIPTO_ADDRESS,7,CITY,nvarchar,60,0,0,YES,NO,NO
SHIPTO_ADDRESS,8,STATE,nvarchar,20,0,0,YES,NO,NO
SHIPTO_ADDRESS,9,ZIPCODE,nvarchar,20,0,0,YES,NO,NO
SHIPTO_ADDRESS,10,COUNTRY,nvarchar,100,0,0,YES,NO,NO
SHIPTO_ADDRESS,11,ARRIVAL_CODE,nvarchar,50,0,0,YES,NO,NO
SHIPTO_ADDRESS,12,TRANS_CODE,nvarchar,50,0,0,YES,NO,NO
SHIPTO_ADDRESS,13,COUNTRY_ID,nvarchar,30,0,0,YES,NO,NO
SHIPTO_ADDRESS,14,NATURE_OF_TRANS,int,4,10,0,YES,NO,NO
SHIPTO_ADDRESS,15,MODE_OF_TRANSPORT,int,4,10,0,YES,NO,NO
SHIPTO_ADDRESS,16,SIRET_NUMBER,decimal,9,14,0,YES,NO,NO
SHIPTO_ADDRESS,17,SHIPTO_ID,nvarchar,40,0,0,YES,NO,NO
SHIPTO_ADDRESS,18,VAT_CODE,nvarchar,30,0,0,YES,NO,NO
SHIPTO_ADDRESS,19,VAT_OVERRIDE_SEQ,nvarchar,2,0,0,YES,NO,NO
SHIPTO_ADDRESS,20,SHIPTO_ADDR_COUNTRY_ID,nvarchar,30,0,0,YES,NO,NO
SHIPTO_ALT_WAREHS,1,CUSTOMER_ID,nvarchar,30,0,0,NO,NO,NO
SHIPTO_ALT_WAREHS,2,SHIPTO_ID,nvarchar,40,0,0,NO,NO,NO
SHIPTO_ALT_WAREHS,3,WAREHOUSE_ID,nvarchar,30,0,0,NO,NO,NO
SHIPTO_ALT_WAREHS,4,RANK,smallint,2,5,0,NO,NO,NO
SHIPTO_ALT_WAREHS,5,ROWID,int,4,10,0,NO,YES,NO
SHIPTO_PRICE_GROUP,1,CODE,nvarchar,30,0,0,NO,NO,NO
SHIPTO_PRICE_GROUP,2,ROWID,int,4,10,0,NO,YES,NO
SHOP_GROUP,1,ROWID,int,4,10,0,NO,YES,NO
SHOP_GROUP,2,GROUP_RESOURCE_ID,nvarchar,30,0,0,NO,NO,NO
SHOP_GROUP,3,SEQ_NO,smallint,2,5,0,NO,NO,NO
SHOP_GROUP,4,SUB_RESOURCE_ID,nvarchar,30,0,0,NO,NO,NO
SHOP_GROUP,5,EFFICIENCY_FACTOR,decimal,9,15,8,YES,NO,NO
SHOP_RESOURCE,1,ROWID,int,4,10,0,NO,YES,NO
SHOP_RESOURCE,2,ID,nvarchar,30,0,0,NO,NO,NO
SHOP_RESOURCE,3,DESCRIPTION,nvarchar,80,0,0,YES,NO,NO
SHOP_RESOURCE,4,SCHEDULE_NORMALLY,nchar,2,0,0,NO,NO,NO
SHOP_RESOURCE,5,AUTO_REPORTING,nchar,2,0,0,NO,NO,NO
SHOP_RESOURCE,6,TYPE,nchar,2,0,0,NO,NO,NO
SHOP_RESOURCE,7,EXCLUSIVITY,nchar,2,0,0,NO,NO,NO
SHOP_RESOURCE,8,SHIFT_1_CAPACITY,smallint,2,5,0,NO,NO,NO
SHOP_RESOURCE,9,SHIFT_2_CAPACITY,smallint,2,5,0,NO,NO,NO
SHOP_RESOURCE,10,SHIFT_3_CAPACITY,smallint,2,5,0,NO,NO,NO
SHOP_RESOURCE,11,SCHEDULE_GROUP_ID,nvarchar,30,0,0,YES,NO,NO
SHOP_RESOURCE,12,STATUS_RANK,smallint,2,5,0,NO,NO,NO
SHOP_RESOURCE,22,GL_ACCT_ID,nvarchar,60,0,0,YES,NO,NO
SHOP_RESOURCE,23,AFC_GL_ACCT_ID,nvarchar,60,0,0,YES,NO,NO
SHOP_RESOURCE,24,AFB_GL_ACCT_ID,nvarchar,60,0,0,YES,NO,NO
SHOP_RESOURCE,25,GRID_ROW,smallint,2,5,0,YES,NO,NO
SHOP_RESOURCE,26,GRID_COLUMN,smallint,2,5,0,YES,NO,NO
SHOP_RESOURCE,27,SCHEDULE_TYPE,smallint,2,5,0,YES,NO,NO
SHOP_RESOURCE,28,MIN_SEGMENT_SIZE,decimal,9,14,2,YES,NO,NO
SHOP_RESOURCE,29,EFFICIENCY_FACTOR,decimal,9,14,2,YES,NO,NO
SHOP_RESOURCE,30,SERVICE_BUFFER,int,4,10,0,YES,NO,NO
SHOP_RESOURCE,31,MONITOR_LOAD,nchar,2,0,0,YES,NO,NO
SHOP_RESOURCE,32,WBS_RESOURCE_TYPE,nchar,2,0,0,YES,NO,NO
SHOP_RESOURCE,33,COST_CATEGORY_ID,nvarchar,30,0,0,YES,NO,NO
SHOP_RESOURCE,34,DEPARTMENT_ID,nvarchar,30,0,0,YES,NO,NO
SHOP_RESOURCE,35,USER_1,nvarchar,160,0,0,YES,NO,NO
SHOP_RESOURCE,36,USER_2,nvarchar,160,0,0,YES,NO,NO
SHOP_RESOURCE,37,USER_3,nvarchar,160,0,0,YES,NO,NO
SHOP_RESOURCE,38,USER_4,nvarchar,160,0,0,YES,NO,NO
SHOP_RESOURCE,39,USER_5,nvarchar,160,0,0,YES,NO,NO
SHOP_RESOURCE,40,USER_6,nvarchar,160,0,0,YES,NO,NO
SHOP_RESOURCE,41,USER_7,nvarchar,160,0,0,YES,NO,NO
SHOP_RESOURCE,42,USER_8,nvarchar,160,0,0,YES,NO,NO
SHOP_RESOURCE,43,USER_9,nvarchar,160,0,0,YES,NO,NO
SHOP_RESOURCE,44,USER_10,nvarchar,160,0,0,YES,NO,NO
SHOP_RESOURCE,45,UDF_LAYOUT_ID,nvarchar,30,0,0,YES,NO,NO
SHOP_RESOURCE,46,STATUS,nchar,2,0,0,YES,NO,NO
SHOP_RESOURCE,47,BID_RATE_CATEGORY_ID,nvarchar,30,0,0,YES,NO,NO
SHOP_RESOURCE_SITE,1,ROWID,int,4,10,0,NO,YES,NO
SHOP_RESOURCE_SITE,2,SITE_ID,nvarchar,30,0,0,NO,NO,NO
SHOP_RESOURCE_SITE,3,RESOURCE_ID,nvarchar,30,0,0,NO,NO,NO
SHOP_RESOURCE_SITE,4,SCHEDULE_NORMALLY,nchar,2,0,0,YES,NO,NO
SHOP_RESOURCE_SITE,5,AUTO_REPORTING,nchar,2,0,0,YES,NO,NO
SHOP_RESOURCE_SITE,6,SHIFT_1_CAPACITY,smallint,2,5,0,YES,NO,NO
SHOP_RESOURCE_SITE,7,SHIFT_2_CAPACITY,smallint,2,5,0,YES,NO,NO
SHOP_RESOURCE_SITE,8,SHIFT_3_CAPACITY,smallint,2,5,0,YES,NO,NO
SHOP_RESOURCE_SITE,9,SETUP_COST_PER_HR,decimal,13,22,8,NO,NO,NO
SHOP_RESOURCE_SITE,10,RUN_COST_PER_HR,decimal,13,22,8,NO,NO,NO
SHOP_RESOURCE_SITE,11,SERVICE_BUFFER,int,4,10,0,YES,NO,NO
SHOP_RESOURCE_SITE,12,BUR_PER_HR_SETUP,decimal,13,22,8,NO,NO,NO
SHOP_RESOURCE_SITE,13,BUR_PER_HR_RUN,decimal,13,22,8,NO,NO,NO
SHOP_RESOURCE_SITE,14,RUN_COST_PER_UNIT,decimal,13,22,8,NO,NO,NO
SHOP_RESOURCE_SITE,15,BUR_PERCENT_SETUP,decimal,5,6,3,NO,NO,NO
SHOP_RESOURCE_SITE,16,BUR_PERCENT_RUN,decimal,5,6,3,NO,NO,NO
SHOP_RESOURCE_SITE,17,BUR_PER_OPERATION,decimal,13,23,8,NO,NO,NO
SHOP_RESOURCE_SITE,18,GL_ACCT_ID,nvarchar,60,0,0,YES,NO,NO
SHOP_RESOURCE_SITE,19,AFC_GL_ACCT_ID,nvarchar,60,0,0,YES,NO,NO
SHOP_RESOURCE_SITE,20,AFB_GL_ACCT_ID,nvarchar,60,0,0,YES,NO,NO
SHOP_RESOURCE_SITE,21,SCHEDULE_TYPE,smallint,2,5,0,YES,NO,NO
SHOP_RESOURCE_SITE,22,MIN_SEGMENT_SIZE,decimal,9,14,2,YES,NO,NO
SHOP_RESOURCE_SITE,23,EFFICIENCY_FACTOR,decimal,9,14,2,YES,NO,NO
SHOP_RESOURCE_SITE,24,BUR_PER_UNIT_RUN,decimal,13,22,8,NO,NO,NO
SHOP_RESOURCE_SITE,25,MONITOR_LOAD,nchar,2,0,0,YES,NO,NO
SHOP_RESOURCE_SITE,26,COST_CATEGORY_ID,nvarchar,30,0,0,YES,NO,NO
SHOP_RESOURCE_SITE,27,DEPARTMENT_ID,nvarchar,30,0,0,YES,NO,NO
SHOP_RESOURCE_SITE,28,STATUS,nchar,2,0,0,YES,NO,NO
SHOP_RESOURCE_SITE,29,UDF_LAYOUT_ID,nvarchar,30,0,0,YES,NO,NO
SHOP_RESOURCE_SITE,30,USER_1,nvarchar,160,0,0,YES,NO,NO
SHOP_RESOURCE_SITE,31,USER_2,nvarchar,160,0,0,YES,NO,NO
SHOP_RESOURCE_SITE,32,USER_3,nvarchar,160,0,0,YES,NO,NO
SHOP_RESOURCE_SITE,33,USER_4,nvarchar,160,0,0,YES,NO,NO
SHOP_RESOURCE_SITE,34,USER_5,nvarchar,160,0,0,YES,NO,NO
SHOP_RESOURCE_SITE,35,USER_6,nvarchar,160,0,0,YES,NO,NO
SHOP_RESOURCE_SITE,36,USER_7,nvarchar,160,0,0,YES,NO,NO
SHOP_RESOURCE_SITE,37,USER_8,nvarchar,160,0,0,YES,NO,NO
SHOP_RESOURCE_SITE,38,USER_9,nvarchar,160,0,0,YES,NO,NO
SHOP_RESOURCE_SITE,39,USER_10,nvarchar,160,0,0,YES,NO,NO
SHOP_RESOURCE_SITE,40,BID_RATE_CATEGORY_ID,nvarchar,30,0,0,YES,NO,NO
SHOP_VIEW,1,ROWID,int,4,10,0,NO,YES,NO
SHOP_VIEW,2,VIEW_ID,nvarchar,40,0,0,NO,NO,NO
SHOP_VIEW,3,SEQ_NO,smallint,2,5,0,NO,NO,NO
SHOP_VIEW,4,RESOURCE_ID,nvarchar,30,0,0,NO,NO,NO
SIC,1,ROWID,int,4,10,0,NO,YES,NO
SIC,2,CODE,nvarchar,30,0,0,NO,NO,NO
SIC,3,DESCRIPTION,nvarchar,160,0,0,YES,NO,NO
SIC_SYNC,1,ROWID,int,4,10,0,NO,YES,NO
SIC_SYNC,2,EVENT_ID,int,4,10,0,NO,NO,NO
SIC_SYNC,3,TYPE,nchar,2,0,0,NO,NO,NO
SIC_SYNC,4,CREATE_DATE,datetime,8,23,3,NO,NO,NO
SIC_SYNC,5,SIC_CODE,nvarchar,30,0,0,NO,NO,NO
SIC_SYNC,6,EXCEPTION,nchar,2,0,0,NO,NO,NO
SIC_SYNC,7,SUBSCRIPTIONS,int,4,10,0,NO,NO,NO
SIMULATION,1,ROWID,int,4,10,0,NO,YES,NO
SIMULATION,2,ID,nvarchar,30,0,0,NO,NO,NO
SIMULATION,3,DESCRIPTION,nvarchar,160,0,0,YES,NO,NO
SIMULATION,4,STATUS,nchar,2,0,0,YES,NO,NO
SIMULATION,5,APPLIED_DATE,datetime,8,23,3,YES,NO,NO
SIMULATION,6,NOTES,nvarchar,500,0,0,YES,NO,NO
SIMULATION,7,BATCH_ID,nvarchar,30,0,0,YES,NO,NO
SIMULATION,8,SITE_ID,nvarchar,30,0,0,NO,NO,NO
SITE,1,ROWID,int,4,10,0,NO,YES,NO
SITE,2,ID,nvarchar,30,0,0,NO,NO,NO
SITE,3,ENTITY_ID,nvarchar,30,0,0,NO,NO,NO
SITE,4,SOFT_ALLOC_DATE,datetime,8,23,3,YES,NO,NO
SITE,5,SITE_NAME,nvarchar,100,0,0,YES,NO,NO
SITE,6,SITE_ADDR_1,nvarchar,100,0,0,YES,NO,NO
SITE,7,SITE_ADDR_2,nvarchar,100,0,0,YES,NO,NO
SITE,8,SITE_ADDR_3,nvarchar,100,0,0,YES,NO,NO
SITE,9,SITE_CITY,nvarchar,60,0,0,YES,NO,NO
SITE,10,SITE_STATE,nvarchar,20,0,0,YES,NO,NO
SITE,11,SITE_ZIPCODE,nvarchar,20,0,0,YES,NO,NO
SITE,12,SITE_COUNTRY,nvarchar,100,0,0,YES,NO,NO
SITE,13,STATUS,nchar,2,0,0,YES,NO,NO
SITE,14,DEF_SHIPPER_STATUS,nchar,2,0,0,NO,NO,NO
SITE,15,DEMAND_FENCE_1,int,4,10,0,YES,NO,NO
SITE,16,DEMAND_FENCE_2,int,4,10,0,YES,NO,NO
SITE,17,USE_MRP_DMND_FENCE,nchar,2,0,0,YES,NO,NO
SITE,18,SHOW_LOC_MESSAGE,nchar,2,0,0,YES,NO,NO
SITE,19,SHOW_WHS_MESSAGE,nchar,2,0,0,YES,NO,NO
SITE,20,ADD_LOC_ON_FLY,nchar,2,0,0,NO,NO,NO
SITE,21,ALLOC_TO_LATER_DEM,nchar,2,0,0,NO,NO,NO
SITE,22,SCH_NOTCH_SIZE,smallint,2,5,0,YES,NO,NO
SITE,23,USE_CAL_RLS_CALC,nchar,2,0,0,YES,NO,NO
SITE,24,USE_CAL_LT_CALC,nchar,2,0,0,YES,NO,NO
SITE,25,HARD_RELEASE_DATE,nchar,2,0,0,YES,NO,NO
SITE,26,USE_SUPPLY_BEF_LT,nchar,2,0,0,YES,NO,NO
SITE,27,DBR_CAN_DELETE_WO,nchar,2,0,0,YES,NO,NO
SITE,28,FLAG_RES_CCR_PCT,int,4,10,0,YES,NO,NO
SITE,29,FREE_WO_SHIP_BUF,int,4,10,0,NO,NO,NO
SITE,30,ALLOCATE_NEGATIVE,nchar,2,0,0,YES,NO,NO
SITE,31,ISSUE_NEGATIVE,nchar,2,0,0,YES,NO,NO
SITE,32,ISSNEG_LOCATION,nchar,2,0,0,YES,NO,NO
SITE,33,SHIP_TRK_ENABLED,nchar,2,0,0,YES,NO,NO
SITE,34,DEF_LBL_FORMAT_ID,nvarchar,60,0,0,YES,NO,NO
SITE,35,PARTIAL_SHIP_PREPAY_BAL,nchar,2,0,0,YES,NO,NO
SITE,36,SHP_REASON_CD_REQ,nchar,2,0,0,YES,NO,NO
SITE,37,ECN_CHANGE_ON_HOLD,nchar,2,0,0,YES,NO,NO
SITE,38,ECN_CMNT_PWD_REQ,nchar,2,0,0,YES,NO,NO
SITE,39,ECN_GEN_ALL_TASKS,nchar,2,0,0,YES,NO,NO
SITE,40,ECN_REVISE_ITEMS,nchar,2,0,0,YES,NO,NO
SITE,41,ONE_ECN_PER_PART,nchar,2,0,0,YES,NO,NO
SITE,42,ONE_ECN_PER_DOC,nchar,2,0,0,YES,NO,NO
SITE,43,ONE_ECN_PER_WO,nchar,2,0,0,YES,NO,NO
SITE,44,ONE_ECN_PER_MSTR,nchar,2,0,0,YES,NO,NO
SITE,45,ONE_ECN_PER_PRJ,nchar,2,0,0,YES,NO,NO
SITE,46,ECN_AUTH_LABEL,nvarchar,20,0,0,YES,NO,NO
SITE,47,ECN_IMPL_LABEL,nvarchar,20,0,0,YES,NO,NO
SITE,48,ECN_APRV_LABEL,nvarchar,20,0,0,YES,NO,NO
SITE,49,ECN_DIST_LABEL,nvarchar,20,0,0,YES,NO,NO
SITE,50,APPLY_ECN_INPROCESS_WO,nchar,2,0,0,YES,NO,NO
SITE,51,ECN_REQ_FOR_UPDATE,nchar,2,0,0,YES,NO,NO
SITE,52,LOCK_ECNS,nchar,2,0,0,YES,NO,NO
SITE,53,AUTOGEN_LAB_ON_REC,nchar,2,0,0,YES,NO,NO
SITE,54,ISS_REAS_REQ_ISS,nchar,2,0,0,YES,NO,NO
SITE,55,ISS_REAS_REQ_ISSRTN,nchar,2,0,0,YES,NO,NO
SITE,56,ADJ_REAS_REQ_ADJIN,nchar,2,0,0,YES,NO,NO
SITE,57,ADJ_REAS_REQ_ADJOUT,nchar,2,0,0,YES,NO,NO
SITE,58,DEVIATION_REQUIRED,nchar,2,0,0,YES,NO,NO
SITE,59,DEF_WAREHOUSE_ID,nvarchar,30,0,0,YES,NO,NO
SITE,60,BACKFLUSH_LABTICK,nchar,2,0,0,YES,NO,NO
SITE,61,BACKFLUSH_LABCOST,nchar,2,0,0,YES,NO,NO
SITE,62,BACKFLUSH_SUB_IDS,nchar,2,0,0,NO,NO,NO
SITE,63,DEFAULT_EMPLOYEE,nvarchar,30,0,0,YES,NO,NO
SITE,64,TRANSFER_REASON_REQ,nchar,2,0,0,YES,NO,NO
SITE,65,LAB_TIC_REQ_INSP,nchar,2,0,0,YES,NO,NO
SITE,66,PURC_RECV_REQ_INSP,nchar,2,0,0,YES,NO,NO
SITE,67,APS_DEF_LOC_ID,nvarchar,30,0,0,YES,NO,NO
SITE,68,APS_DEF_SERVICE_ID,nvarchar,30,0,0,YES,NO,NO
SITE,69,APS_DEF_WHSE_ID,nvarchar,30,0,0,YES,NO,NO
SITE,70,APS_DEFAULT_CUST,nvarchar,30,0,0,YES,NO,NO
SITE,71,APS_DEFAULT_EMPL,nvarchar,30,0,0,YES,NO,NO
SITE,72,APS_DEFAULT_VENDOR,nvarchar,30,0,0,YES,NO,NO
SITE,73,APS_IMPLIED_DEC,nchar,2,0,0,YES,NO,NO
SITE,74,APS_TRIM_STRINGS,nchar,2,0,0,YES,NO,NO
SITE,75,CAL_EXC_DATA_PATH,nvarchar,256,0,0,YES,NO,NO
SITE,76,CUST_ORD_DATA_PATH,nvarchar,256,0,0,YES,NO,NO
SITE,77,FROZE_OP_DATA_PATH,nvarchar,256,0,0,YES,NO,NO
SITE,78,INV_DATA_PATH,nvarchar,256,0,0,YES,NO,NO
SITE,79,LABOR_DATA_PATH,nvarchar,256,0,0,YES,NO,NO
SITE,80,MAST_SCH_DATA_PATH,nvarchar,256,0,0,YES,NO,NO
SITE,81,PART_DATA_PATH,nvarchar,256,0,0,YES,NO,NO
SITE,82,PLANNING_DATA_PATH,nvarchar,256,0,0,YES,NO,NO
SITE,83,PURC_ORD_DATA_PATH,nvarchar,256,0,0,YES,NO,NO
SITE,84,SCHED_DATA_PATH,nvarchar,256,0,0,YES,NO,NO
SITE,85,SHOP_DATA_PATH,nvarchar,256,0,0,YES,NO,NO
SITE,86,WORK_ORD_DATA_PATH,nvarchar,256,0,0,YES,NO,NO
SITE,87,FIELD_DELIMITER,nchar,2,0,0,YES,NO,NO
SITE,88,RECORD_DELIMITER,nchar,2,0,0,YES,NO,NO
SITE,89,QUOTED_STRING,nvarchar,2,0,0,YES,NO,NO
SITE,90,STANDARD_SCHED_ID,nvarchar,30,0,0,YES,NO,NO
SITE,91,UPS_ACCOUNT_ID,nvarchar,30,0,0,YES,NO,NO
SITE,92,RLS_NEAR_DAYS,smallint,2,5,0,YES,NO,NO
SITE,93,SUGG_RLS_NEAR_DAYS,smallint,2,5,0,YES,NO,NO
SITE,94,ENABLED_PRODUCTS,nvarchar,16,0,0,YES,NO,NO
SITE,95,PERIODS_PER_YEAR,smallint,2,5,0,NO,NO,NO
SITE,96,PERIOD_TYPE,nchar,2,0,0,NO,NO,NO
SITE,97,MULT_AP_INV_RCVR,nchar,2,0,0,YES,NO,NO
SITE,98,DUP_AP_CHECK_NO,nchar,2,0,0,YES,NO,NO
SITE,99,PART_UDF_LABELS,nvarchar,500,0,0,YES,NO,NO
SITE,100,PROJ_UDF_LABELS,nvarchar,500,0,0,YES,NO,NO
SITE,101,SHOP_UDF_LABELS,nvarchar,500,0,0,YES,NO,NO
SITE,102,VQ_ENABLED,nchar,2,0,0,YES,NO,NO
SITE,103,VQ_QUERY_USE,nchar,2,0,0,YES,NO,NO
SITE,104,VQ_DIRECTORY,nvarchar,256,0,0,YES,NO,NO
SITE,105,VQ_DBNAME,nvarchar,160,0,0,YES,NO,NO
SITE,106,DEL_PACK_CLS_PRD,nchar,2,0,0,YES,NO,NO
SITE,107,INTERNAL_CUST_ID,nvarchar,30,0,0,YES,NO,NO
SITE,108,PLAN_BY_WAREHOUSE,nchar,2,0,0,YES,NO,NO
SITE,109,VENDOR_EXCLUSION,nchar,2,0,0,NO,NO,NO
SITE,110,PLM_URL,nvarchar,4000,0,0,YES,NO,NO
SITE,111,PLM_ENABLED,nchar,2,0,0,NO,NO,NO
SITE,112,PREVENT_NEGATIVE,nchar,2,0,0,YES,NO,NO
SITE,113,SITE_COUNTRY_ID,nvarchar,30,0,0,YES,NO,NO
SITE,114,MRP_IN_PROCESS,nchar,2,0,0,NO,NO,NO
SITE,115,PERCENT_COMPL,nvarchar,2,0,0,YES,NO,NO
SITE,116,QTY_COMPL_BY_HRS,nvarchar,2,0,0,YES,NO,NO
SITE,117,MAX_QTY_COMPLETE,decimal,13,20,8,YES,NO,NO
SITE,118,AUTO_ISSUE_METHOD,nchar,2,0,0,NO,NO,NO
SITE_SETTINGS,1,ROWID,int,4,10,0,NO,YES,NO
SITE_SETTINGS,2,SITE_ID,nvarchar,30,0,0,NO,NO,NO
SITE_SETTINGS,3,NAME,nvarchar,100,0,0,NO,NO,NO
SITE_SETTINGS,4,SETTING_VALUE,nvarchar,500,0,0,YES,NO,NO
SIZING,1,USER_ID,nvarchar,40,0,0,NO,NO,NO
SIZING,2,PROGRAM_ID,nvarchar,160,0,0,NO,NO,NO
SIZING,3,SECTION,nvarchar,240,0,0,NO,NO,NO
SIZING,4,ENTRY,nvarchar,200,0,0,NO,NO,NO
SIZING,5,VALUE,nvarchar,200,0,0,NO,NO,NO
SIZING,6,MODIFY_DATE,datetime,8,23,3,NO,NO,NO
SIZING,7,ROWID,int,4,10,0,NO,YES,NO
SLS_TAX_GRP_TAX,1,ROWID,int,4,10,0,NO,YES,NO
SLS_TAX_GRP_TAX,2,SALES_TAX_GROUP_ID,nvarchar,30,0,0,NO,NO,NO
SLS_TAX_GRP_TAX,3,SALES_TAX_ID,nvarchar,30,0,0,NO,NO,NO
SOA_CODE_LIST,1,LIST_ID,nvarchar,200,0,0,NO,NO,NO
SOA_CODE_LIST,2,AGENCY_ID,nvarchar,20,0,0,NO,NO,NO
SOA_CODE_LIST,3,CODE,nvarchar,200,0,0,NO,NO,NO
SOA_CODE_LIST,4,CODE_NAME,nvarchar,128,0,0,YES,NO,NO
SOA_CODE_LIST,5,CODE_DESC,nvarchar,500,0,0,YES,NO,NO
SOA_CODE_LIST,6,STATUS,nvarchar,30,0,0,NO,NO,NO
SOA_CODE_LIST,7,EFFECTIVE_DATE,datetime,8,23,3,YES,NO,NO
SOA_CODE_LIST,8,EXPIRATION_DATE,datetime,8,23,3,YES,NO,NO
SOA_CODE_LIST,9,READ_ONLY,nchar,2,0,0,NO,NO,NO
SOA_CODE_LIST,10,CREATE_DATE,datetime,8,23,3,NO,NO,NO
SOA_CODE_LIST,11,ROWID,int,4,10,0,NO,YES,NO
SOA_CODE_MAP,1,LIST_ID,nvarchar,200,0,0,NO,NO,NO
SOA_CODE_MAP,2,AGENCY_ID,nvarchar,20,0,0,NO,NO,NO
SOA_CODE_MAP,3,SOA_CODE,nvarchar,200,0,0,NO,NO,NO
SOA_CODE_MAP,4,VE_CODE,nvarchar,100,0,0,NO,NO,NO
SOA_CODE_MAP,5,VE_CODE_DESC,nvarchar,500,0,0,YES,NO,NO
SOA_CODE_MAP,6,ROWID,int,4,10,0,NO,YES,NO
SOA_DIMENSION,1,ID,nvarchar,200,0,0,NO,NO,NO
SOA_DIMENSION,2,AGENCY_ID,nvarchar,20,0,0,NO,NO,NO
SOA_DIMENSION,3,TYPE,nchar,2,0,0,NO,NO,NO
SOA_DIMENSION,4,NAME,nvarchar,128,0,0,YES,NO,NO
SOA_DIMENSION,5,DESCRIPTION,nvarchar,500,0,0,YES,NO,NO
SOA_DIMENSION,6,STATUS,nvarchar,30,0,0,NO,NO,NO
SOA_DIMENSION,7,EFFECTIVE_DATE,datetime,8,23,3,YES,NO,NO
SOA_DIMENSION,8,EXPIRATION_DATE,datetime,8,23,3,YES,NO,NO
SOA_DIMENSION,9,READ_ONLY,nchar,2,0,0,NO,NO,NO
SOA_DIMENSION,10,SEQUENCE_NO,int,4,10,0,YES,NO,NO
SOA_DIMENSION,11,CREATE_DATE,datetime,8,23,3,NO,NO,NO
SOA_DIMENSION,12,ROWID,int,4,10,0,NO,YES,NO
SOA_DOC_SYNC,1,ROWID,int,4,10,0,NO,YES,NO
SOA_DOC_SYNC,2,EVENT_ID,int,4,10,0,NO,NO,NO
SOA_DOC_SYNC,3,PROC_TYPE,nvarchar,30,0,0,NO,NO,NO
SOA_DOC_SYNC,4,TABLE_NAME,nvarchar,60,0,0,NO,NO,NO
SOA_DOC_SYNC,5,KEY_VALUES,nvarchar,500,0,0,NO,NO,NO
SOA_DOC_SYNC,6,ACTION_CODE,nvarchar,6,0,0,NO,NO,NO
SOA_DOC_SYNC,7,STATUS,nvarchar,6,0,0,NO,NO,NO
SOA_DOC_SYNC,8,CREATE_DATE,datetime,8,23,3,NO,NO,NO
SOA_ID_MAP,1,NOUN_ID,nvarchar,100,0,0,NO,NO,NO
SOA_ID_MAP,2,SYS_KEY_ID,nvarchar,160,0,0,NO,NO,NO
SOA_ID_MAP,3,SYS_ENTITY_ID,nvarchar,44,0,0,NO,NO,NO
SOA_ID_MAP,4,SYS_AGENCY_ID,nvarchar,128,0,0,NO,NO,NO
SOA_ID_MAP,5,SYS_SCHEME_NAME,nvarchar,128,0,0,YES,NO,NO
SOA_ID_MAP,6,SYS_AGENCY_NAME,nvarchar,128,0,0,YES,NO,NO
SOA_ID_MAP,7,SYS_LOC_ID,nvarchar,44,0,0,YES,NO,NO
SOA_ID_MAP,8,SYS_VARIATION,nvarchar,44,0,0,YES,NO,NO
SOA_ID_MAP,9,SOR_KEY_ID,nvarchar,160,0,0,YES,NO,NO
SOA_ID_MAP,10,SOR_ENTITY_ID,nvarchar,44,0,0,YES,NO,NO
SOA_ID_MAP,11,SOR_LID,nvarchar,128,0,0,YES,NO,NO
SOA_ID_MAP,12,SOR_SCHEME_NAME,nvarchar,128,0,0,YES,NO,NO
SOA_ID_MAP,13,SOR_AGENCY_NAME,nvarchar,128,0,0,YES,NO,NO
SOA_ID_MAP,14,SOR_LOC_ID,nvarchar,44,0,0,YES,NO,NO
SOA_ID_MAP,15,SOR_VARIATION,nvarchar,44,0,0,YES,NO,NO
SOA_ID_MAP,16,DID,nvarchar,510,0,0,YES,NO,NO
SOA_ID_MAP,17,SITE,nvarchar,30,0,0,YES,NO,NO
SOA_ID_MAP,18,CREATE_DATE,datetime,8,23,3,NO,NO,NO
SOA_ID_MAP,19,ROWID,int,4,10,0,NO,YES,NO
SOA_NOUN,1,ID,nvarchar,100,0,0,NO,NO,NO
SOA_NOUN,2,NAME,nvarchar,100,0,0,NO,NO,NO
SOA_NOUN,3,SOR,nchar,2,0,0,NO,NO,NO
SOA_NOUN,4,SYNC_IO,nchar,2,0,0,NO,NO,NO
SOA_NOUN,5,PROCESS_IO,nchar,2,0,0,NO,NO,NO
SOA_NOUN,6,GET_IO,nchar,2,0,0,NO,NO,NO
SOA_NOUN,7,LOAD_IO,nchar,2,0,0,NO,NO,NO
SOA_NOUN,8,NOUN_TYPE,nvarchar,6,0,0,YES,NO,NO
SOA_NOUN,9,ID_GRANULARITY,nchar,2,0,0,YES,NO,NO
SOA_NOUN,10,USE_GEN_SERVICE,nchar,2,0,0,NO,NO,NO
SOA_NOUN,11,OPTIONS,nvarchar,500,0,0,YES,NO,NO
SOA_NOUN,12,SETTINGS,nvarchar,500,0,0,YES,NO,NO
SOA_NOUN,13,ROWID,int,4,10,0,NO,YES,NO
SPLIT_TRANS,1,ROWID,int,4,10,0,NO,YES,NO
SPLIT_TRANS,2,TRANSACTION_ID,int,4,10,0,NO,NO,NO
SPLIT_TRANS,3,FROM_WO_TYPE,nchar,2,0,0,NO,NO,NO
SPLIT_TRANS,4,FROM_WO_BASE_ID,nvarchar,60,0,0,NO,NO,NO
SPLIT_TRANS,5,FROM_WO_LOT_ID,nvarchar,6,0,0,NO,NO,NO
SPLIT_TRANS,6,FROM_WO_SPLIT_ID,nvarchar,6,0,0,NO,NO,NO
SPLIT_TRANS,7,FROM_WO_SUB_ID,nvarchar,6,0,0,NO,NO,NO
SPLIT_TRANS,8,FROM_WO_SEQ_NO,smallint,2,5,0,NO,NO,NO
SPLIT_TRANS,9,TO_WO_TYPE,nchar,2,0,0,NO,NO,NO
SPLIT_TRANS,10,TO_WO_BASE_ID,nvarchar,60,0,0,NO,NO,NO
SPLIT_TRANS,11,TO_WO_LOT_ID,nvarchar,6,0,0,NO,NO,NO
SPLIT_TRANS,12,TO_WO_SPLIT_ID,nvarchar,6,0,0,NO,NO,NO
SPLIT_TRANS,13,TO_WO_SUB_ID,nvarchar,6,0,0,NO,NO,NO
SPLIT_TRANS,14,TO_WO_SEQ_NO,smallint,2,5,0,NO,NO,NO
SPLIT_TRANS,15,QTY,decimal,13,20,8,NO,NO,NO
SPLIT_TRANS,16,OPER_QTY,decimal,13,20,8,NO,NO,NO
SPLIT_TRANS,17,TRANSACTION_DATE,datetime,8,23,3,NO,NO,NO
SPLIT_TRANS,18,CREATE_DATE,datetime,8,23,3,NO,NO,NO
SPLIT_TRANS,19,USER_ID,nvarchar,40,0,0,NO,NO,NO
SPLIT_TRANS,20,COMMENTS,nvarchar,160,0,0,YES,NO,NO
SPLIT_TRANS,21,EST_MATERIAL_COST,decimal,13,23,8,NO,NO,NO
SPLIT_TRANS,22,EST_LABOR_COST,decimal,13,23,8,NO,NO,NO
SPLIT_TRANS,23,EST_BURDEN_COST,decimal,13,23,8,NO,NO,NO
SPLIT_TRANS,24,EST_SERVICE_COST,decimal,13,23,8,NO,NO,NO
SPLIT_TRANS,25,ACT_MATERIAL_COST,decimal,13,23,8,NO,NO,NO
SPLIT_TRANS,26,ACT_LABOR_COST,decimal,13,23,8,NO,NO,NO
SPLIT_TRANS,27,ACT_BURDEN_COST,decimal,13,23,8,NO,NO,NO
SPLIT_TRANS,28,ACT_SERVICE_COST,decimal,13,23,8,NO,NO,NO
SPLIT_TRANS,29,REM_MATERIAL_COST,decimal,13,23,8,NO,NO,NO
SPLIT_TRANS,30,REM_LABOR_COST,decimal,13,23,8,NO,NO,NO
SPLIT_TRANS,31,REM_BURDEN_COST,decimal,13,23,8,NO,NO,NO
SPLIT_TRANS,32,REM_SERVICE_COST,decimal,13,23,8,NO,NO,NO
SPLIT_TRANS_CURR,1,ROWID,int,4,10,0,NO,YES,NO
SPLIT_TRANS_CURR,2,TRANSACTION_ID,int,4,10,0,NO,NO,NO
SPLIT_TRANS_CURR,3,CURRENCY_ID,nvarchar,30,0,0,NO,NO,NO
SPLIT_TRANS_CURR,4,ACT_MATERIAL_COST,decimal,13,23,8,NO,NO,NO
SPLIT_TRANS_CURR,5,ACT_LABOR_COST,decimal,13,23,8,NO,NO,NO
SPLIT_TRANS_CURR,6,ACT_BURDEN_COST,decimal,13,23,8,NO,NO,NO
SPLIT_TRANS_CURR,7,ACT_SERVICE_COST,decimal,13,23,8,NO,NO,NO
SPLIT_TRANS_CURR,8,SELL_RATE,decimal,9,15,8,NO,NO,NO
SPLIT_TRANS_CURR,9,BUY_RATE,decimal,9,15,8,NO,NO,NO
SPREAD_PROFILE,1,ROWID,int,4,10,0,NO,YES,NO
SPREAD_PROFILE,2,id,nvarchar,30,0,0,NO,NO,NO
SPREAD_PROFILE,3,description,nvarchar,80,0,0,YES,NO,NO
SPREAD_PROFILE,4,type,nvarchar,2,0,0,NO,NO,NO
SPREAD_PROFILE,5,acct_period,decimal,5,2,0,NO,NO,NO
SPREAD_PROFILE,6,profile_amount,decimal,13,23,8,YES,NO,NO
STAGE,1,ROWID,int,4,10,0,NO,YES,NO
STAGE,2,ID,nvarchar,30,0,0,NO,NO,NO
STAGE,3,DESCRIPTION,nvarchar,160,0,0,YES,NO,NO
STAGE,4,PROFILE,nchar,2,0,0,YES,NO,NO
STAGE,5,ALPHA_PREFIX,nvarchar,16,0,0,YES,NO,NO
STAGE,6,STARTING_NUMBER,int,4,10,0,YES,NO,NO
STAGE,7,ENDING_NUMBER,int,4,10,0,YES,NO,NO
STAGE,8,ALPHA_SUFFIX,nvarchar,16,0,0,YES,NO,NO
STAGE,9,LEADING_ZEROS,nchar,2,0,0,YES,NO,NO
STAGE,10,DECIMAL_PLACES,smallint,2,5,0,YES,NO,NO
STAGE,11,OMIT_LETTERS,nvarchar,100,0,0,YES,NO,NO
STATE_PROVINCE,1,ROWID,int,4,10,0,NO,YES,NO
STATE_PROVINCE,2,CODE,nvarchar,20,0,0,NO,NO,NO
STATE_PROVINCE,3,NAME,nvarchar,80,0,0,YES,NO,NO
SUMMARY_CODE,1,ROWID,int,4,10,0,NO,YES,NO
SUMMARY_CODE,2,CODE,nvarchar,30,0,0,NO,NO,NO
SUMMARY_TABLE,1,ROWID,int,4,10,0,NO,YES,NO
SUMMARY_TABLE,2,ID,int,4,10,0,NO,NO,NO
SUMMARY_TABLE,3,DESCRIPTION,nvarchar,100,0,0,YES,NO,NO
SUMMARY_TABLE,4,TOTAL_AMOUNT,decimal,13,23,8,NO,NO,NO
SUPPLIER_PREFERENCES,1,ROWID,int,4,10,0,NO,YES,NO
SUPPLIER_PREFERENCES,2,ID,nvarchar,30,0,0,NO,NO,NO
SUPPLIER_PREFERENCES,3,SITE_ID,nvarchar,30,0,0,NO,NO,NO
SUPPLIER_PREFERENCES,4,FROM_LATE_1,smallint,2,5,0,YES,NO,NO
SUPPLIER_PREFERENCES,5,TO_LATE_1,smallint,2,5,0,YES,NO,NO
SUPPLIER_PREFERENCES,6,RATING_LATE_1,smallint,2,5,0,YES,NO,NO
SUPPLIER_PREFERENCES,7,FROM_LATE_2,smallint,2,5,0,YES,NO,NO
SUPPLIER_PREFERENCES,8,TO_LATE_2,smallint,2,5,0,YES,NO,NO
SUPPLIER_PREFERENCES,9,RATING_LATE_2,smallint,2,5,0,YES,NO,NO
SUPPLIER_PREFERENCES,10,FROM_LATE_3,smallint,2,5,0,YES,NO,NO
SUPPLIER_PREFERENCES,11,TO_LATE_3,smallint,2,5,0,YES,NO,NO
SUPPLIER_PREFERENCES,12,RATING_LATE_3,smallint,2,5,0,YES,NO,NO
SUPPLIER_PREFERENCES,13,FROM_LATE_4,smallint,2,5,0,YES,NO,NO
SUPPLIER_PREFERENCES,14,TO_LATE_4,smallint,2,5,0,YES,NO,NO
SUPPLIER_PREFERENCES,15,RATING_LATE_4,smallint,2,5,0,YES,NO,NO
SUPPLIER_PREFERENCES,16,NCM_QTY,decimal,13,20,8,NO,NO,NO
SUPPLIER_PREFERENCES,17,RATING_NCM_QTY,smallint,2,5,0,YES,NO,NO
SUPPLIER_PREFERENCES,18,QTY_PERCENT,decimal,9,14,4,NO,NO,NO
SUPPLIER_PREFERENCES,19,RATING_PERCENT,smallint,2,5,0,YES,NO,NO
SUPPLIER_PREFERENCES,20,LOWEST_PRICE,smallint,2,5,0,YES,NO,NO
SUPPLIER_PREFERENCES,21,RATING_LOWEST_PRICE,smallint,2,5,0,YES,NO,NO
SUPPLIER_PREFERENCES,22,SHORTEST_LEADTIME,smallint,2,5,0,YES,NO,NO
SUPPLIER_PREFERENCES,23,RATING_SHORTEST_LEADTIME,smallint,2,5,0,YES,NO,NO
SUPPLIER_PREFERENCES,24,TOTAL_RATING,smallint,2,5,0,YES,NO,NO
SUPPLIER_PREFERENCES,25,OLDEST_PO_DATE,datetime,8,23,3,NO,NO,NO
SUPPLIER_PREFERENCES,26,NUMBER_OF_SUPPLIERS,smallint,2,5,0,YES,NO,NO
SUPPLIER_PREFERENCES,27,USER_ID,nvarchar,40,0,0,YES,NO,NO
SUPPLIER_PREFERENCES,28,LAST_MOD_DATE,datetime,8,23,3,NO,NO,NO
SUPPLIER_PREFERENCES,29,CREATE_DATE,datetime,8,23,3,NO,NO,NO
T_NORMAL_DIST,1,ROWID,int,4,10,0,NO,YES,NO
T_NORMAL_DIST,2,T,decimal,5,3,1,NO,NO,NO
T_NORMAL_DIST,3,OUTSIDE_OF_LIM,decimal,5,6,4,NO,NO,NO
T_SEC_APPROX_K1,1,ROWID,int,4,10,0,NO,YES,NO
T_SEC_APPROX_K1,2,T,decimal,5,3,1,NO,NO,NO
T_SEC_APPROX_K1,3,OUTSIDE_LIM1,decimal,5,6,4,NO,NO,NO
T_SEC_APPROX_K1,4,OUTSIDE_LIM2,decimal,5,6,4,NO,NO,NO
TABLE_LIST,1,ROWID,int,4,10,0,NO,YES,NO
TABLE_LIST,2,TABLE_NAME,nvarchar,200,0,0,NO,NO,NO
TABLE_LIST,3,LAST_MOD_DATE,datetime,8,23,3,NO,NO,NO
TABLE_LIST,4,CREATE_DATE,datetime,8,23,3,NO,NO,NO
TARE,1,ROWID,int,4,10,0,NO,YES,NO
TARE,2,ID,nvarchar,60,0,0,NO,NO,NO
TARE,3,BOL_ID,nvarchar,40,0,0,YES,NO,NO
TARIFF,1,ROWID,int,4,10,0,NO,YES,NO
TARIFF,2,CODE,nvarchar,30,0,0,NO,NO,NO
TARIFF,3,DESCRIPTION,nvarchar,100,0,0,YES,NO,NO
TASK,1,ROWID,int,4,10,0,NO,YES,NO
TASK,2,TYPE,nvarchar,30,0,0,NO,NO,NO
TASK,3,TASK_NO,int,4,10,0,NO,NO,NO
TASK,4,SEQ_NO,int,4,10,0,NO,NO,NO
TASK,5,USER_ID,nvarchar,40,0,0,NO,NO,NO
TASK,6,SUB_TYPE,nvarchar,30,0,0,NO,NO,NO
TASK,7,EC_ID,nvarchar,256,0,0,YES,NO,NO
TASK,8,STATUS,nvarchar,10,0,0,NO,NO,NO
TASK,9,REJECT_CODE,nvarchar,30,0,0,YES,NO,NO
TASK,10,REJ_TASK_NO,int,4,10,0,YES,NO,NO
TASK,11,REJ_SEQ_NO,int,4,10,0,YES,NO,NO
TASK,12,COMPLETED_DATE,datetime,8,23,3,YES,NO,NO
TASK,13,CREATE_DATE,datetime,8,23,3,NO,NO,NO
TASK,14,ol_entry_id,nvarchar,500,0,0,YES,NO,NO
TASK,15,STATUS_EFF_DATE,datetime,8,23,3,NO,NO,NO
TASK_BINARY,1,ROWID,int,4,10,0,NO,YES,NO
TASK_BINARY,2,TASK_TYPE,nvarchar,30,0,0,NO,NO,NO
TASK_BINARY,3,TASK_NO,int,4,10,0,NO,NO,NO
TASK_BINARY,4,SEQ_NO,int,4,10,0,NO,NO,NO
TASK_BINARY,5,TYPE,nchar,2,0,0,NO,NO,NO
TASK_BINARY,6,BITS,image,16,0,0,YES,NO,NO
TASK_BINARY,7,BITS_LENGTH,int,4,10,0,NO,NO,NO
TASK_REJ_CODES,1,ROWID,int,4,10,0,NO,YES,NO
TASK_REJ_CODES,2,CODE,nvarchar,30,0,0,NO,NO,NO
TASK_REJ_CODES,3,DESCRIPTION,nvarchar,160,0,0,YES,NO,NO
TASK_REJ_CODES,4,CREATE_DATE,datetime,8,23,3,NO,NO,NO
TC_MASTER,1,ROWID,int,4,10,0,NO,YES,NO
TC_MASTER,2,ID,nvarchar,30,0,0,NO,NO,NO
TC_MASTER,3,DESCRIPTION,nvarchar,160,0,0,YES,NO,NO
TC_MASTER,4,PRINT_TYPE,nchar,2,0,0,YES,NO,NO
TC_PROJECT,1,ROWID,int,4,10,0,NO,YES,NO
TC_PROJECT,2,TC_ID,nvarchar,30,0,0,NO,NO,NO
TC_PROJECT,3,PROJECT_ID,nvarchar,30,0,0,NO,NO,NO
TERMS,1,ROWID,int,4,10,0,NO,YES,NO
TERMS,2,ID,nvarchar,30,0,0,NO,NO,NO
TERMS,3,DESCRIPTION,nvarchar,160,0,0,YES,NO,NO
TERMS,4,NET_TYPE,nchar,2,0,0,NO,NO,NO
TERMS,5,NET_DAYS,smallint,2,5,0,YES,NO,NO
TERMS,6,NET_DATE,datetime,8,23,3,YES,NO,NO
TERMS,7,DISC_TYPE,nchar,2,0,0,NO,NO,NO
TERMS,8,DISC_DAYS,smallint,2,5,0,YES,NO,NO
TERMS,9,DISC_DATE,datetime,8,23,3,YES,NO,NO
TERMS,10,DISC_PERCENT,decimal,5,5,3,YES,NO,NO
TERMS,11,FREIGHT_TERMS,nchar,2,0,0,YES,NO,NO
TERMS,12,END_OF_MONTH,nchar,2,0,0,YES,NO,NO
TERMS,13,VAT_ON_FIRST_INST,nchar,2,0,0,YES,NO,NO
TERMS,14,PERIOD_TYPE,nchar,2,0,0,YES,NO,NO
TERMS,15,DISC_BASIS,nvarchar,64,0,0,YES,NO,NO
TERMS,16,ACTIVE_FLAG,nchar,2,0,0,YES,NO,NO
TERMS_INST,1,ROWID,int,4,10,0,NO,YES,NO
TERMS_INST,2,TERMS_ID,nvarchar,30,0,0,NO,NO,NO
TERMS_INST,3,INST_NO,smallint,2,5,0,NO,NO,NO
TERMS_INST,4,INST_PERCENT,decimal,5,6,3,NO,NO,NO
TERMS_INST,5,PERIOD,smallint,2,5,0,NO,NO,NO
TERRITORY,1,ROWID,int,4,10,0,NO,YES,NO
TERRITORY,2,CODE,nvarchar,30,0,0,NO,NO,NO
TERRITORY,3,DESCRIPTION,nvarchar,160,0,0,YES,NO,NO
TERRITORY_SYNC,1,ROWID,int,4,10,0,NO,YES,NO
TERRITORY_SYNC,2,EVENT_ID,int,4,10,0,NO,NO,NO
TERRITORY_SYNC,3,TYPE,nchar,2,0,0,NO,NO,NO
TERRITORY_SYNC,4,CREATE_DATE,datetime,8,23,3,NO,NO,NO
TERRITORY_SYNC,5,TERRITORY_CODE,nvarchar,30,0,0,NO,NO,NO
TERRITORY_SYNC,6,EXCEPTION,nchar,2,0,0,NO,NO,NO
TERRITORY_SYNC,7,SUBSCRIPTIONS,int,4,10,0,NO,NO,NO
TEST,1,ROWID,int,4,10,0,NO,YES,NO
TEST,2,ID,nvarchar,30,0,0,NO,NO,NO
TEST,3,DESCRIPTION,nvarchar,80,0,0,YES,NO,NO
TEST,4,STATUS,nchar,2,0,0,NO,NO,NO
TEST,5,CREATE_DATE,datetime,8,23,3,NO,NO,NO
TEST,6,LAST_UPDATE,datetime,8,23,3,NO,NO,NO
TEST,7,QTY_REPORTED,int,4,10,0,NO,NO,NO
TEST,8,HOURS_REPORTED,decimal,9,14,6,NO,NO,NO
TEST_BINARY,1,ROWID,int,4,10,0,NO,YES,NO
TEST_BINARY,2,TEST_ID,nvarchar,30,0,0,NO,NO,NO
TEST_BINARY,3,TYPE,nchar,2,0,0,NO,NO,NO
TEST_BINARY,4,BITS,image,16,0,0,YES,NO,NO
TEST_BINARY,5,BITS_LENGTH,int,4,10,0,NO,NO,NO
TEST_RESULT,1,ROWID,int,4,10,0,NO,YES,NO
TEST_RESULT,2,TEST_ID,nvarchar,30,0,0,NO,NO,NO
TEST_RESULT,3,STEP_NO,int,4,10,0,NO,NO,NO
TEST_RESULT,4,SUBGROUP_NO,smallint,2,5,0,NO,NO,NO
TEST_RESULT,5,COUNT_NO,smallint,2,5,0,NO,NO,NO
TEST_RESULT,6,STATUS,nchar,2,0,0,NO,NO,NO
TEST_RESULT,7,RESULT,decimal,13,23,8,YES,NO,NO
TEST_RESULT,8,RESULT_DATETIME,datetime,8,23,3,YES,NO,NO
TEST_RESULT,9,RESULT_NOTES,image,16,0,0,YES,NO,NO
TEST_RESULT,10,TESTER,nvarchar,30,0,0,YES,NO,NO
TEST_RESULT,11,PART_ID,nvarchar,60,0,0,YES,NO,NO
TEST_RESULT,12,TYPE,nchar,2,0,0,YES,NO,NO
TEST_RESULT,13,BASE_ID,nvarchar,60,0,0,YES,NO,NO
TEST_RESULT,14,LOT_ID,nvarchar,6,0,0,YES,NO,NO
TEST_RESULT,15,SPLIT_ID,nvarchar,6,0,0,YES,NO,NO
TEST_RESULT,16,SUB_ID,nvarchar,6,0,0,YES,NO,NO
TEST_RESULT,17,OP_SEQ_NO,int,4,10,0,YES,NO,NO
TEST_RESULT,18,RUN_ID,nvarchar,30,0,0,YES,NO,NO
TEST_RESULT,19,EMPLOYEE_ID,nvarchar,30,0,0,YES,NO,NO
TEST_RESULT,20,GAGE_ID,nvarchar,30,0,0,YES,NO,NO
TEST_RESULT,21,SERIAL_ID,nvarchar,60,0,0,YES,NO,NO
TEST_STEP,1,ROWID,int,4,10,0,NO,YES,NO
TEST_STEP,2,TEST_ID,nvarchar,30,0,0,NO,NO,NO
TEST_STEP,3,STEP_NO,int,4,10,0,NO,NO,NO
TEST_STEP,4,SEQ_NO,int,4,10,0,NO,NO,NO
TEST_STEP,5,TYPE,nvarchar,8,0,0,NO,NO,NO
TEST_STEP,6,DESCRIPTION,nvarchar,80,0,0,YES,NO,NO
TEST_STEP,7,DECISION_ID,int,4,10,0,NO,NO,NO
TEST_STEP,8,STATUS,nchar,2,0,0,NO,NO,NO
TEST_STEP,9,SAMPLE_SIZE,int,4,10,0,NO,NO,NO
TEST_STEP,10,SUBGROUP_SIZE,int,4,10,0,NO,NO,NO
TEST_STEP,11,NEXT_SUBGROUP_NO,int,4,10,0,NO,NO,NO
TEST_STEP,12,DIMENSION_TYPE,nvarchar,80,0,0,YES,NO,NO
TEST_STEP,13,DIMENSION_DESC,nvarchar,80,0,0,YES,NO,NO
TEST_STEP,14,CURR_LIMIT_ID,nvarchar,30,0,0,NO,NO,NO
TEST_STEP,15,GAGE_ID,nvarchar,30,0,0,NO,NO,NO
TEST_STEP,16,FREQUENCY_CODE,nvarchar,40,0,0,YES,NO,NO
TEST_STEP,17,DEFECT_CLASS_CODE,nvarchar,30,0,0,YES,NO,NO
TEST_STEP,18,SPEC_AIM,decimal,9,14,6,YES,NO,NO
TEST_STEP,19,SPEC_LOWER_LIMIT,decimal,9,14,6,YES,NO,NO
TEST_STEP,20,SPEC_UPPER_LIMIT,decimal,9,14,6,YES,NO,NO
TEST_STEP,21,CONTROL_DIMENSION,nchar,8,0,0,YES,NO,NO
TEST_STEP,22,SOLO_DIMENSION,nchar,2,0,0,NO,NO,NO
TEST_STEP,23,CREATE_DATE,datetime,8,23,3,NO,NO,NO
TEST_STEP,24,LAST_UPDATE,datetime,8,23,3,NO,NO,NO
TEST_STEP_BINARY,1,ROWID,int,4,10,0,NO,YES,NO
TEST_STEP_BINARY,2,TEST_ID,nvarchar,30,0,0,NO,NO,NO
TEST_STEP_BINARY,3,STEP_NO,int,4,10,0,NO,NO,NO
TEST_STEP_BINARY,4,TYPE,nchar,2,0,0,NO,NO,NO
TEST_STEP_BINARY,5,BITS,image,16,0,0,YES,NO,NO
TEST_STEP_BINARY,6,BITS_LENGTH,int,4,10,0,NO,NO,NO
TMP_KREI_2219,1,tmp_part_id,varchar,30,0,0,YES,NO,NO
TMP_KREI_2219,2,tmp_eng_id,varchar,3,0,0,YES,NO,NO
TMP_KREI_3912,1,tmp_part_id,varchar,30,0,0,YES,NO,NO
TMP_KREI_3912,2,tmp_eng_id,varchar,3,0,0,YES,NO,NO
TOOLBAR,1,ROWID,int,4,10,0,NO,YES,NO
TOOLBAR,2,USER_ID,nvarchar,40,0,0,NO,NO,NO
TOOLBAR,3,PROGRAM_ID,nvarchar,30,0,0,NO,NO,NO
TOOLBAR,4,ID,nvarchar,30,0,0,NO,NO,NO
TOOLBAR,5,BITMAP,nvarchar,500,0,0,YES,NO,NO
TOOLBAR,6,POSITION,int,4,10,0,YES,NO,NO
TOOLBAR,7,TOOLTIP,nvarchar,80,0,0,YES,NO,NO
TOOLBAR,8,EXECUTE_COMMAND,nvarchar,500,0,0,YES,NO,NO
TOOLBAR,9,USE_KEY_IN_CMD_LINE,nchar,2,0,0,YES,NO,NO
TOOLBAR,10,ADD_ENTRY_TO_TOOLBAR,nchar,2,0,0,YES,NO,NO
TOOLBAR,11,TOOLBAR_TYPE,nvarchar,20,0,0,YES,NO,NO
TRACE,1,ROWID,int,4,10,0,NO,YES,NO
TRACE,2,PART_ID,nvarchar,60,0,0,NO,NO,NO
TRACE,3,ID,nvarchar,60,0,0,NO,NO,NO
TRACE,4,NUMBERING_ID,nvarchar,60,0,0,YES,NO,NO
TRACE,5,OUT_QTY,decimal,13,20,8,NO,NO,NO
TRACE,6,IN_QTY,decimal,13,20,8,NO,NO,NO
TRACE,7,REPORTED_QTY,decimal,13,20,8,NO,NO,NO
TRACE,8,ASSIGNED_QTY,decimal,13,20,8,NO,NO,NO
TRACE,9,APROPERTY_1,nvarchar,160,0,0,YES,NO,NO
TRACE,10,APROPERTY_2,nvarchar,160,0,0,YES,NO,NO
TRACE,11,APROPERTY_3,nvarchar,160,0,0,YES,NO,NO
TRACE,12,APROPERTY_4,nvarchar,160,0,0,YES,NO,NO
TRACE,13,APROPERTY_5,nvarchar,160,0,0,YES,NO,NO
TRACE,14,NPROPERTY_1,decimal,9,15,6,YES,NO,NO
TRACE,15,NPROPERTY_2,decimal,9,15,6,YES,NO,NO
TRACE,16,NPROPERTY_3,decimal,9,15,6,YES,NO,NO
TRACE,17,NPROPERTY_4,decimal,9,15,6,YES,NO,NO
TRACE,18,NPROPERTY_5,decimal,9,15,6,YES,NO,NO
TRACE,19,COMMENTS,nvarchar,500,0,0,YES,NO,NO
TRACE,20,EXPIRATION_DATE,datetime,8,23,3,YES,NO,NO
TRACE,21,CREATE_DATE,datetime,8,23,3,NO,NO,NO
TRACE,22,DISP_IN_QTY,decimal,13,20,8,NO,NO,NO
TRACE,23,DISP_OUT_QTY,decimal,13,20,8,NO,NO,NO
TRACE,24,UNAVAILABLE_QTY,decimal,13,20,8,NO,NO,NO
TRACE,25,OWNER_ID,nvarchar,30,0,0,YES,NO,NO
TRACE,26,LOT_ID,nvarchar,60,0,0,YES,NO,NO
TRACE,27,SERIAL_ID,nvarchar,60,0,0,YES,NO,NO
TRACE,28,COMMITTED_QTY,decimal,13,20,8,YES,NO,NO
TRACE,29,PRODUCTION_DATE,datetime,8,23,3,YES,NO,NO
TRACE,30,RECEIVE_BY_DATE,datetime,8,23,3,YES,NO,NO
TRACE,31,AVAILABLE_DATE,datetime,8,23,3,YES,NO,NO
TRACE,32,SHIP_BY_DATE,datetime,8,23,3,YES,NO,NO
TRACE,33,SITE_ID,nvarchar,30,0,0,YES,NO,NO
TRACE_DATE,1,ROWID,int,4,10,0,NO,YES,NO
TRACE_DATE,2,PART_ID,nvarchar,60,0,0,NO,NO,NO
TRACE_DATE,3,DATE_NAME,nvarchar,40,0,0,NO,NO,NO
TRACE_DATE,4,TRACE_DAYS,int,4,10,0,YES,NO,NO
TRACE_DATE,5,FROM_DATE_NAME,nvarchar,40,0,0,YES,NO,NO
TRACE_DATE,6,CLASS_ID,nchar,2,0,0,YES,NO,NO
TRACE_DATE,7,SITE_ID,nvarchar,30,0,0,YES,NO,NO
TRACE_DOCUMENTS,1,ROWID,int,4,10,0,NO,YES,NO
TRACE_DOCUMENTS,2,TRACE_ID,nvarchar,60,0,0,NO,NO,NO
TRACE_DOCUMENTS,3,REFERENCE,nvarchar,80,0,0,NO,NO,NO
TRACE_DOCUMENTS,4,CERT_FILE_PATH,nvarchar,160,0,0,YES,NO,NO
TRACE_DOCUMENTS,5,CERT_DOC_ID,nvarchar,160,0,0,YES,NO,NO
TRACE_HISTORY,1,ROWID,int,4,10,0,NO,YES,NO
TRACE_HISTORY,2,PART_ID,nvarchar,60,0,0,NO,NO,NO
TRACE_HISTORY,3,TRACE_ID,nvarchar,60,0,0,NO,NO,NO
TRACE_HISTORY,4,ORIG_TRACE_ID,nvarchar,60,0,0,NO,NO,NO
TRACE_HISTORY,5,APROPERTY_1,nvarchar,160,0,0,YES,NO,NO
TRACE_HISTORY,6,APROPERTY_2,nvarchar,160,0,0,YES,NO,NO
TRACE_HISTORY,7,APROPERTY_3,nvarchar,160,0,0,YES,NO,NO
TRACE_HISTORY,8,APROPERTY_4,nvarchar,160,0,0,YES,NO,NO
TRACE_HISTORY,9,APROPERTY_5,nvarchar,160,0,0,YES,NO,NO
TRACE_HISTORY,10,NPROPERTY_1,decimal,9,15,6,YES,NO,NO
TRACE_HISTORY,11,NPROPERTY_2,decimal,9,15,6,YES,NO,NO
TRACE_HISTORY,12,NPROPERTY_3,decimal,9,15,6,YES,NO,NO
TRACE_HISTORY,13,NPROPERTY_4,decimal,9,15,6,YES,NO,NO
TRACE_HISTORY,14,NPROPERTY_5,decimal,9,15,6,YES,NO,NO
TRACE_HISTORY,15,NUMBERING_ID,nvarchar,60,0,0,YES,NO,NO
TRACE_HISTORY,16,REPORTED_QTY,decimal,13,20,8,YES,NO,NO
TRACE_HISTORY,17,ASSIGNED_QTY,decimal,13,20,8,YES,NO,NO
TRACE_HISTORY,18,COMMENTS,nvarchar,500,0,0,YES,NO,NO
TRACE_HISTORY,19,EXPIRATION_DATE,datetime,8,23,3,YES,NO,NO
TRACE_HISTORY,20,HIST_COMMENTS,nvarchar,500,0,0,YES,NO,NO
TRACE_HISTORY,21,CREATE_DATE,datetime,8,23,3,NO,NO,NO
TRACE_HISTORY,22,USER_ID,nvarchar,40,0,0,YES,NO,NO
TRACE_HISTORY,23,OWNER_ID,nvarchar,30,0,0,YES,NO,NO
TRACE_HISTORY,24,LOT_ID,nvarchar,60,0,0,YES,NO,NO
TRACE_HISTORY,25,SERIAL_ID,nvarchar,60,0,0,YES,NO,NO
TRACE_HISTORY,26,COMMITTED_QTY,decimal,13,20,8,YES,NO,NO
TRACE_HISTORY,27,PRODUCTION_DATE,datetime,8,23,3,YES,NO,NO
TRACE_HISTORY,28,RECEIVE_BY_DATE,datetime,8,23,3,YES,NO,NO
TRACE_HISTORY,29,AVAILABLE_DATE,datetime,8,23,3,YES,NO,NO
TRACE_HISTORY,30,SHIP_BY_DATE,datetime,8,23,3,YES,NO,NO
TRACE_INV_TRANS,1,ROWID,int,4,10,0,NO,YES,NO
TRACE_INV_TRANS,2,PART_ID,nvarchar,60,0,0,NO,NO,NO
TRACE_INV_TRANS,3,TRACE_ID,nvarchar,60,0,0,NO,NO,NO
TRACE_INV_TRANS,4,TRANSACTION_ID,int,4,10,0,NO,NO,NO
TRACE_INV_TRANS,5,QTY,decimal,13,20,8,NO,NO,NO
TRACE_INV_TRANS,6,CREATE_DATE,datetime,8,23,3,NO,NO,NO
TRACE_INV_TRANS,7,COSTED_QTY,decimal,13,20,8,NO,NO,NO
TRACE_LABOR_TRANS,1,ROWID,int,4,10,0,NO,YES,NO
TRACE_LABOR_TRANS,2,PART_ID,nvarchar,60,0,0,NO,NO,NO
TRACE_LABOR_TRANS,3,TRACE_ID,nvarchar,60,0,0,NO,NO,NO
TRACE_LABOR_TRANS,4,TRANSACTION_ID,int,4,10,0,NO,NO,NO
TRACE_LABOR_TRANS,5,QTY,decimal,13,20,8,NO,NO,NO
TRACE_LABOR_TRANS,6,CREATE_DATE,datetime,8,23,3,NO,NO,NO
TRACE_NUMBERING,1,ROWID,int,4,10,0,NO,YES,NO
TRACE_NUMBERING,2,ID,nvarchar,60,0,0,NO,NO,NO
TRACE_NUMBERING,3,NEXT_NUMBER,decimal,9,15,0,YES,NO,NO
TRACE_NUMBERING,4,ALPHA_PREFIX,nvarchar,8,0,0,YES,NO,NO
TRACE_NUMBERING,5,ALPHA_SUFFIX,nvarchar,8,0,0,YES,NO,NO
TRACE_NUMBERING,6,DECIMAL_PLACES,smallint,2,5,0,YES,NO,NO
TRACE_NUMBERING,7,LEADING_ZEROS,nchar,2,0,0,YES,NO,NO
TRACE_PROFILE,1,ROWID,int,4,10,0,NO,YES,NO
TRACE_PROFILE,2,PART_ID,nvarchar,60,0,0,NO,NO,NO
TRACE_PROFILE,3,NUMBERING_ID,nvarchar,60,0,0,YES,NO,NO
TRACE_PROFILE,4,APPLY_TO_REC,nchar,2,0,0,NO,NO,NO
TRACE_PROFILE,5,APPLY_TO_ISSUE,nchar,2,0,0,NO,NO,NO
TRACE_PROFILE,6,APPLY_TO_ADJ,nchar,2,0,0,YES,NO,NO
TRACE_PROFILE,7,APPLY_TO_LABOR,nchar,2,0,0,NO,NO,NO
TRACE_PROFILE,8,PRE_ASSIGN,nchar,2,0,0,NO,NO,NO
TRACE_PROFILE,9,ASSIGN_METHOD,nchar,2,0,0,NO,NO,NO
TRACE_PROFILE,10,TRACE_ID_LABEL,nvarchar,60,0,0,YES,NO,NO
TRACE_PROFILE,11,APROPERTY_LABEL_1,nvarchar,60,0,0,YES,NO,NO
TRACE_PROFILE,12,APROPERTY_LABEL_2,nvarchar,60,0,0,YES,NO,NO
TRACE_PROFILE,13,APROPERTY_LABEL_3,nvarchar,60,0,0,YES,NO,NO
TRACE_PROFILE,14,APROPERTY_LABEL_4,nvarchar,60,0,0,YES,NO,NO
TRACE_PROFILE,15,APROPERTY_LABEL_5,nvarchar,60,0,0,YES,NO,NO
TRACE_PROFILE,16,APROPERTY_1_REQD,nchar,2,0,0,NO,NO,NO
TRACE_PROFILE,17,APROPERTY_2_REQD,nchar,2,0,0,NO,NO,NO
TRACE_PROFILE,18,APROPERTY_3_REQD,nchar,2,0,0,NO,NO,NO
TRACE_PROFILE,19,APROPERTY_4_REQD,nchar,2,0,0,NO,NO,NO
TRACE_PROFILE,20,APROPERTY_5_REQD,nchar,2,0,0,NO,NO,NO
TRACE_PROFILE,21,NPROPERTY_LABEL_1,nvarchar,60,0,0,YES,NO,NO
TRACE_PROFILE,22,NPROPERTY_LABEL_2,nvarchar,60,0,0,YES,NO,NO
TRACE_PROFILE,23,NPROPERTY_LABEL_3,nvarchar,60,0,0,YES,NO,NO
TRACE_PROFILE,24,NPROPERTY_LABEL_4,nvarchar,60,0,0,YES,NO,NO
TRACE_PROFILE,25,NPROPERTY_LABEL_5,nvarchar,60,0,0,YES,NO,NO
TRACE_PROFILE,26,NPROPERTY_1_REQD,nchar,2,0,0,NO,NO,NO
TRACE_PROFILE,27,NPROPERTY_2_REQD,nchar,2,0,0,NO,NO,NO
TRACE_PROFILE,28,NPROPERTY_3_REQD,nchar,2,0,0,NO,NO,NO
TRACE_PROFILE,29,NPROPERTY_4_REQD,nchar,2,0,0,NO,NO,NO
TRACE_PROFILE,30,NPROPERTY_5_REQD,nchar,2,0,0,NO,NO,NO
TRACE_PROFILE,31,MAX_LOT_QTY,decimal,13,20,8,YES,NO,NO
TRACE_PROFILE,32,SHELF_LIFE,smallint,2,5,0,YES,NO,NO
TRACE_PROFILE,33,COMMENTS,nvarchar,500,0,0,YES,NO,NO
TRACE_PROFILE,34,DEF_LBL_FORMAT_ID,nvarchar,60,0,0,YES,NO,NO
TRACE_PROFILE,35,APROPERTY_1_EDIT,nchar,2,0,0,NO,NO,NO
TRACE_PROFILE,36,APROPERTY_2_EDIT,nchar,2,0,0,NO,NO,NO
TRACE_PROFILE,37,APROPERTY_3_EDIT,nchar,2,0,0,NO,NO,NO
TRACE_PROFILE,38,APROPERTY_4_EDIT,nchar,2,0,0,NO,NO,NO
TRACE_PROFILE,39,APROPERTY_5_EDIT,nchar,2,0,0,NO,NO,NO
TRACE_PROFILE,40,NPROPERTY_1_EDIT,nchar,2,0,0,NO,NO,NO
TRACE_PROFILE,41,NPROPERTY_2_EDIT,nchar,2,0,0,NO,NO,NO
TRACE_PROFILE,42,NPROPERTY_3_EDIT,nchar,2,0,0,NO,NO,NO
TRACE_PROFILE,43,NPROPERTY_4_EDIT,nchar,2,0,0,NO,NO,NO
TRACE_PROFILE,44,NPROPERTY_5_EDIT,nchar,2,0,0,NO,NO,NO
TRACE_PROFILE,45,APROPERTY_1_VIS,nchar,2,0,0,NO,NO,NO
TRACE_PROFILE,46,APROPERTY_2_VIS,nchar,2,0,0,NO,NO,NO
TRACE_PROFILE,47,APROPERTY_3_VIS,nchar,2,0,0,NO,NO,NO
TRACE_PROFILE,48,APROPERTY_4_VIS,nchar,2,0,0,NO,NO,NO
TRACE_PROFILE,49,APROPERTY_5_VIS,nchar,2,0,0,NO,NO,NO
TRACE_PROFILE,50,NPROPERTY_1_VIS,nchar,2,0,0,NO,NO,NO
TRACE_PROFILE,51,NPROPERTY_2_VIS,nchar,2,0,0,NO,NO,NO
TRACE_PROFILE,52,NPROPERTY_3_VIS,nchar,2,0,0,NO,NO,NO
TRACE_PROFILE,53,NPROPERTY_4_VIS,nchar,2,0,0,NO,NO,NO
TRACE_PROFILE,54,NPROPERTY_5_VIS,nchar,2,0,0,NO,NO,NO
TRACE_PROFILE,55,EDIT_EXP_DATE,nchar,2,0,0,NO,NO,NO
TRACE_PROFILE,56,AUTO_FILL_TRACE,nchar,2,0,0,YES,NO,NO
TRACE_PROFILE,57,APPLY_TO_SERVDISP,nchar,2,0,0,NO,NO,NO
TRACE_PROFILE,58,APPLY_TO_SERVREC,nchar,2,0,0,NO,NO,NO
TRACE_PROFILE,59,OWNERSHIP,nchar,2,0,0,NO,NO,NO
TRACE_PROFILE,60,LOT,nchar,2,0,0,NO,NO,NO
TRACE_PROFILE,61,SERIAL,nchar,2,0,0,NO,NO,NO
TRACE_PROFILE,62,COLOCATE_OWNERS,nchar,2,0,0,NO,NO,NO
TRACE_PROFILE,63,COLOCATE_LOTS,nchar,2,0,0,NO,NO,NO
TRACE_PROFILE,64,EXPIRATION,nchar,2,0,0,NO,NO,NO
TRACE_PROFILE,65,COLOCATE_ALPHAS,nchar,2,0,0,NO,NO,NO
TRACE_PROFILE,66,COLOCATE_NUMERICS,nchar,2,0,0,NO,NO,NO
TRACE_PROFILE,67,ACCEPT_EXPIRED_RCV,nchar,2,0,0,NO,NO,NO
TRACE_PROFILE,68,OWNERSHIP_KNOWN,nchar,2,0,0,NO,NO,NO
TRACE_PROFILE,69,LOT_KNOWN,nchar,2,0,0,NO,NO,NO
TRACE_PROFILE,70,SERIAL_KNOWN,nchar,2,0,0,NO,NO,NO
TRACE_PROFILE,71,EXPIRATION_KNOWN,nchar,2,0,0,NO,NO,NO
TRACE_PROFILE,72,APROPERTY_1_KNOWN,nchar,2,0,0,NO,NO,NO
TRACE_PROFILE,73,APROPERTY_2_KNOWN,nchar,2,0,0,NO,NO,NO
TRACE_PROFILE,74,APROPERTY_3_KNOWN,nchar,2,0,0,NO,NO,NO
TRACE_PROFILE,75,APROPERTY_4_KNOWN,nchar,2,0,0,NO,NO,NO
TRACE_PROFILE,76,APROPERTY_5_KNOWN,nchar,2,0,0,NO,NO,NO
TRACE_PROFILE,77,NPROPERTY_1_KNOWN,nchar,2,0,0,NO,NO,NO
TRACE_PROFILE,78,NPROPERTY_2_KNOWN,nchar,2,0,0,NO,NO,NO
TRACE_PROFILE,79,NPROPERTY_3_KNOWN,nchar,2,0,0,NO,NO,NO
TRACE_PROFILE,80,NPROPERTY_4_KNOWN,nchar,2,0,0,NO,NO,NO
TRACE_PROFILE,81,NPROPERTY_5_KNOWN,nchar,2,0,0,NO,NO,NO
TRACE_PROFILE,82,COUNT_DETAIL,nchar,2,0,0,NO,NO,NO
TRACE_PROFILE,83,PRODUCTION,nchar,2,0,0,NO,NO,NO
TRACE_PROFILE,84,PRODUCTION_KNOWN,nchar,2,0,0,NO,NO,NO
TRACE_PROFILE,85,COLOCATE_PROD,nchar,2,0,0,NO,NO,NO
TRACE_PROFILE,86,RECEIVE_BY,nchar,2,0,0,NO,NO,NO
TRACE_PROFILE,87,RECEIVE_BY_KNOWN,nchar,2,0,0,NO,NO,NO
TRACE_PROFILE,88,COLOCATE_REC_BY,nchar,2,0,0,NO,NO,NO
TRACE_PROFILE,89,AVAILABLE,nchar,2,0,0,NO,NO,NO
TRACE_PROFILE,90,AVAILABLE_KNOWN,nchar,2,0,0,NO,NO,NO
TRACE_PROFILE,91,COLOCATE_AVAILABLE,nchar,2,0,0,NO,NO,NO
TRACE_PROFILE,92,SHIP_BY,nchar,2,0,0,NO,NO,NO
TRACE_PROFILE,93,SHIP_BY_KNOWN,nchar,2,0,0,NO,NO,NO
TRACE_PROFILE,94,COLOCATE_SHIP_BY,nchar,2,0,0,NO,NO,NO
TRACE_PROFILE,95,SITE_ID,nvarchar,30,0,0,NO,NO,NO
TRACE_SERV_DISP,1,ROWID,int,4,10,0,NO,YES,NO
TRACE_SERV_DISP,2,PART_ID,nvarchar,60,0,0,NO,NO,NO
TRACE_SERV_DISP,3,TRACE_ID,nvarchar,60,0,0,NO,NO,NO
TRACE_SERV_DISP,4,DISPATCH_ID,nvarchar,30,0,0,NO,NO,NO
TRACE_SERV_DISP,5,DISP_LINE_NO,smallint,2,5,0,NO,NO,NO
TRACE_SERV_DISP,6,DISPATCH_QTY,decimal,13,20,8,NO,NO,NO
TRACE_SERV_DISP,7,CREATE_DATE,datetime,8,23,3,NO,NO,NO
TRACE_SERV_TRANS,1,ROWID,int,4,10,0,NO,YES,NO
TRACE_SERV_TRANS,2,PART_ID,nvarchar,60,0,0,NO,NO,NO
TRACE_SERV_TRANS,3,TRACE_ID,nvarchar,60,0,0,NO,NO,NO
TRACE_SERV_TRANS,4,TRANSACTION_ID,int,4,10,0,NO,NO,NO
TRACE_SERV_TRANS,5,QTY,decimal,13,20,8,NO,NO,NO
TRACE_SERV_TRANS,6,CREATE_DATE,datetime,8,23,3,NO,NO,NO
TRANS_CATEGORY,1,ROWID,int,4,10,0,NO,YES,NO
TRANS_CATEGORY,2,ID,nvarchar,30,0,0,NO,NO,NO
TRANS_CATEGORY,3,DESCRIPTION,nvarchar,160,0,0,YES,NO,NO
TRANSIT_TIME,1,ROWID,int,4,10,0,NO,YES,NO
TRANSIT_TIME,2,FROM_WAREHOUSE_ID,nvarchar,30,0,0,NO,NO,NO
TRANSIT_TIME,3,TO_WAREHOUSE_ID,nvarchar,30,0,0,NO,NO,NO
TRANSIT_TIME,4,DAYS,decimal,9,14,4,NO,NO,NO
UDF_LAYOUT,1,ROWID,int,4,10,0,NO,YES,NO
UDF_LAYOUT,2,ID,nvarchar,30,0,0,NO,NO,NO
UDF_LAYOUT,3,UDF_LABELS,nvarchar,500,0,0,NO,NO,NO
UNITS,1,ROWID,int,4,10,0,NO,YES,NO
UNITS,2,UNIT_OF_MEASURE,nvarchar,30,0,0,NO,NO,NO
UNITS,3,DESCRIPTION,nvarchar,80,0,0,YES,NO,NO
UNITS,4,SCALE,smallint,2,5,0,NO,NO,NO
UNITS,5,CATEGORY,nvarchar,128,0,0,YES,NO,NO
UNITS,6,USER_DEFINED_UOM,nchar,2,0,0,YES,NO,NO
UNITS_CONVERSION,1,ROWID,int,4,10,0,NO,YES,NO
UNITS_CONVERSION,2,FROM_UM,nvarchar,30,0,0,NO,NO,NO
UNITS_CONVERSION,3,TO_UM,nvarchar,30,0,0,NO,NO,NO
UNITS_CONVERSION,4,CONVERSION_FACTOR,decimal,9,15,8,NO,NO,NO
UNP_MNT_BINARY,1,ROWID,int,4,10,0,NO,YES,NO
UNP_MNT_BINARY,2,CALL_ID,nvarchar,30,0,0,NO,NO,NO
UNP_MNT_BINARY,3,TYPE,nchar,2,0,0,NO,NO,NO
UNP_MNT_BINARY,4,BITS,image,16,0,0,YES,NO,NO
UNP_MNT_BINARY,5,BITS_LENGTH,int,4,10,0,NO,NO,NO
UNP_MNT_CALLS,1,ROWID,int,4,10,0,NO,YES,NO
UNP_MNT_CALLS,2,call_id,nvarchar,30,0,0,NO,NO,NO
UNP_MNT_CALLS,3,equip_id,nvarchar,30,0,0,NO,NO,NO
UNP_MNT_CALLS,4,customer_id,nvarchar,30,0,0,NO,NO,NO
UNP_MNT_CALLS,5,status,nvarchar,6,0,0,NO,NO,NO
UNP_MNT_CALLS,6,fault_type,nvarchar,30,0,0,NO,NO,NO
UNP_MNT_CALLS,7,fault_code,nvarchar,30,0,0,YES,NO,NO
UNP_MNT_CALLS,8,remedy_type,nvarchar,30,0,0,YES,NO,NO
UNP_MNT_CALLS,9,remedy_code,nvarchar,30,0,0,YES,NO,NO
UNP_MNT_CALLS,10,date_opened,datetime,8,23,3,YES,NO,NO
UNP_MNT_CALLS,11,date_closed,datetime,8,23,3,YES,NO,NO
UNP_MNT_CALLS,12,RESOURCE_SELECTED,nvarchar,30,0,0,YES,NO,NO
UNP_MNT_CALLS,13,workorder_base_id,nvarchar,60,0,0,YES,NO,NO
UNP_MNT_CALLS,14,workorder_lot_id,nvarchar,6,0,0,YES,NO,NO
UNP_MNT_CALLS,15,workorder_split_id,nvarchar,6,0,0,YES,NO,NO
UNP_MNT_CALLS,16,workorder_sub_id,nvarchar,6,0,0,YES,NO,NO
UNP_MNT_CALLS,17,workorder_type,nvarchar,2,0,0,YES,NO,NO
UNP_MNT_CALLS,18,std_repair_part_id,nvarchar,60,0,0,YES,NO,NO
UNP_MNT_CALLS,19,std_repair_lot_id,nvarchar,6,0,0,YES,NO,NO
UNP_MNT_CALLS,20,urgency,nvarchar,30,0,0,YES,NO,NO
UNP_MNT_CALLS,21,escalation,nvarchar,30,0,0,YES,NO,NO
UNP_MNT_CALLS,22,task_time,int,4,10,0,YES,NO,NO
UNP_MNT_CALLS,23,travel_time,int,4,10,0,YES,NO,NO
UNP_MNT_CALLS,24,requested_date,datetime,8,23,3,YES,NO,NO
UNP_MNT_CALLS,25,confirmed_date,datetime,8,23,3,YES,NO,NO
UNP_MNT_CALLS,26,contact_fax,nvarchar,40,0,0,YES,NO,NO
UNP_MNT_CALLS,27,contact_first_name,nvarchar,60,0,0,YES,NO,NO
UNP_MNT_CALLS,28,contact_honorific,nvarchar,30,0,0,YES,NO,NO
UNP_MNT_CALLS,29,contact_initial,nvarchar,4,0,0,YES,NO,NO
UNP_MNT_CALLS,30,contact_last_name,nvarchar,60,0,0,YES,NO,NO
UNP_MNT_CALLS,31,contact_phone,nvarchar,40,0,0,YES,NO,NO
UNP_MNT_CALLS,32,contact_position,nvarchar,100,0,0,YES,NO,NO
UNP_MNT_CALLS,33,contact_salutation,nvarchar,120,0,0,YES,NO,NO
UNP_MNT_CALLS,34,contact_mobile,nvarchar,40,0,0,YES,NO,NO
UNP_MNT_CALLS,35,contact_email,nvarchar,100,0,0,YES,NO,NO
UNP_MNT_CALLS,36,ship_to_addr_no,int,4,10,0,YES,NO,NO
UNP_MNT_CALLS,37,user_1,nvarchar,160,0,0,YES,NO,NO
UNP_MNT_CALLS,38,user_2,nvarchar,160,0,0,YES,NO,NO
UNP_MNT_CALLS,39,user_3,nvarchar,160,0,0,YES,NO,NO
UNP_MNT_CALLS,40,user_4,nvarchar,160,0,0,YES,NO,NO
UNP_MNT_CALLS,41,user_5,nvarchar,160,0,0,YES,NO,NO
UNP_MNT_CALLS,42,user_6,nvarchar,160,0,0,YES,NO,NO
UNP_MNT_CALLS,43,user_7,nvarchar,160,0,0,YES,NO,NO
UNP_MNT_CALLS,44,user_8,nvarchar,160,0,0,YES,NO,NO
UNP_MNT_CALLS,45,user_9,nvarchar,160,0,0,YES,NO,NO
UNP_MNT_CALLS,46,user_10,nvarchar,160,0,0,YES,NO,NO
UNP_MNT_CALLS,47,UDF_LAYOUT_ID,nvarchar,30,0,0,YES,NO,NO
UNP_MNT_CALLS,48,CUST_ORDER_ID,nvarchar,30,0,0,YES,NO,NO
UNP_MNT_CALLS,49,CUST_ORDER_LINE_NO,smallint,2,5,0,YES,NO,NO
UNP_MNT_CALLS,50,INVOICE_ID,nvarchar,30,0,0,YES,NO,NO
UNP_MNT_CALLS,51,INVOICE_FLAG,nvarchar,2,0,0,YES,NO,NO
UNP_MNT_CALLS,52,USER_ID,nvarchar,40,0,0,YES,NO,NO
UNP_MNT_CALLS,53,SITE_ID,nvarchar,30,0,0,NO,NO,NO
UNP_MNT_CALLS,54,CONTACT_ID,nvarchar,50,0,0,YES,NO,NO
UNP_MNT_CALLS,55,CONTACT_PHONE_EXT,nvarchar,20,0,0,YES,NO,NO
UNP_MNT_ENGINEER,1,ROWID,int,4,10,0,NO,YES,NO
UNP_MNT_ENGINEER,2,resource_id,nvarchar,30,0,0,NO,NO,NO
UNP_MNT_ENGINEER,3,all_flag,nvarchar,2,0,0,YES,NO,NO
UNP_MNT_ENGINEER,4,key1_id,nvarchar,30,0,0,NO,NO,NO
UNP_MNT_ENGINEER,5,key2_id,nvarchar,30,0,0,NO,NO,NO
UNP_MNT_ENGINEER,6,key_type,nvarchar,2,0,0,NO,NO,NO
UNP_MNT_ESCALATION,1,ROWID,int,4,10,0,NO,YES,NO
UNP_MNT_ESCALATION,2,id,nvarchar,30,0,0,NO,NO,NO
UNP_MNT_ESCALATION,3,description,nvarchar,80,0,0,YES,NO,NO
UNP_MNT_FAULT_CODE,1,ROWID,int,4,10,0,NO,YES,NO
UNP_MNT_FAULT_CODE,2,id,nvarchar,30,0,0,NO,NO,NO
UNP_MNT_FAULT_CODE,3,type_id,nvarchar,30,0,0,NO,NO,NO
UNP_MNT_FAULT_CODE,4,description,nvarchar,80,0,0,YES,NO,NO
UNP_MNT_FAULT_TYPE,1,ROWID,int,4,10,0,NO,YES,NO
UNP_MNT_FAULT_TYPE,2,id,nvarchar,30,0,0,NO,NO,NO
UNP_MNT_FAULT_TYPE,3,description,nvarchar,80,0,0,YES,NO,NO
UNP_MNT_REM_CODE,1,ROWID,int,4,10,0,NO,YES,NO
UNP_MNT_REM_CODE,2,id,nvarchar,30,0,0,NO,NO,NO
UNP_MNT_REM_CODE,3,type_id,nvarchar,30,0,0,NO,NO,NO
UNP_MNT_REM_CODE,4,description,nvarchar,80,0,0,YES,NO,NO
UNP_MNT_REM_TYPE,1,ROWID,int,4,10,0,NO,YES,NO
UNP_MNT_REM_TYPE,2,id,nvarchar,30,0,0,NO,NO,NO
UNP_MNT_REM_TYPE,3,description,nvarchar,80,0,0,YES,NO,NO
UNP_MNT_STD_REPAIR,1,ROWID,int,4,10,0,NO,YES,NO
UNP_MNT_STD_REPAIR,2,equipment_type,nvarchar,30,0,0,NO,NO,NO
UNP_MNT_STD_REPAIR,3,equipment_model,nvarchar,30,0,0,NO,NO,NO
UNP_MNT_STD_REPAIR,4,fault_type,nvarchar,30,0,0,NO,NO,NO
UNP_MNT_STD_REPAIR,5,fault_code,nvarchar,30,0,0,NO,NO,NO
UNP_MNT_STD_REPAIR,6,part_id,nvarchar,60,0,0,NO,NO,NO
UNP_MNT_STD_REPAIR,7,engineer_master,nvarchar,6,0,0,NO,NO,NO
UNP_MNT_STD_REPAIR,8,SITE_ID,nvarchar,30,0,0,NO,NO,NO
UNP_MNT_URGENCY,1,ROWID,int,4,10,0,NO,YES,NO
UNP_MNT_URGENCY,2,id,nvarchar,30,0,0,NO,NO,NO
UNP_MNT_URGENCY,3,description,nvarchar,80,0,0,YES,NO,NO
UOM_CATEGORY,1,CODE,nvarchar,128,0,0,NO,NO,NO
UOM_CATEGORY,2,ROWID,int,4,10,0,NO,YES,NO
USAGE_ANALYSIS,1,ROWID,int,4,10,0,NO,YES,NO
USAGE_ANALYSIS,2,PART_ID,nvarchar,60,0,0,NO,NO,NO
USAGE_ANALYSIS,3,CALC_VALUE,decimal,13,23,8,NO,NO,NO
USAGE_ANALYSIS,4,SITE_ID,nvarchar,30,0,0,NO,NO,NO
USER_DEF_FIELDS,1,PROGRAM_ID,nvarchar,60,0,0,NO,NO,NO
USER_DEF_FIELDS,2,ID,nvarchar,60,0,0,NO,NO,NO
USER_DEF_FIELDS,3,DOCUMENT_ID,nvarchar,508,0,0,YES,NO,NO
USER_DEF_FIELDS,4,LINE_NO,int,4,10,0,YES,NO,NO
USER_DEF_FIELDS,5,DEL_LINE_NO,int,4,10,0,YES,NO,NO
USER_DEF_FIELDS,6,LABEL,nvarchar,508,0,0,YES,NO,NO
USER_DEF_FIELDS,7,DATA_TYPE,int,4,10,0,YES,NO,NO
USER_DEF_FIELDS,8,DISPLAY_FORMAT,nvarchar,60,0,0,YES,NO,NO
USER_DEF_FIELDS,9,TAB_OR_TABLE,int,4,10,0,YES,NO,NO
USER_DEF_FIELDS,10,TAB_ID,nvarchar,60,0,0,YES,NO,NO
USER_DEF_FIELDS,11,TABLE_ID,nvarchar,60,0,0,YES,NO,NO
USER_DEF_FIELDS,12,SEQUENCE_NO,int,4,10,0,YES,NO,NO
USER_DEF_FIELDS,13,UDF_REQUIRED,int,4,10,0,YES,NO,NO
USER_DEF_FIELDS,14,STRING_VAL,nvarchar,508,0,0,YES,NO,NO
USER_DEF_FIELDS,15,NUMBER_VAL,decimal,13,23,8,YES,NO,NO
USER_DEF_FIELDS,16,BOOL_VAL,int,4,10,0,YES,NO,NO
USER_DEF_FIELDS,17,DATE_VAL,datetime,8,23,3,YES,NO,NO
USER_DEF_FIELDS,18,ROWID,int,4,10,0,NO,YES,NO
USER_DIM_MAPPING,1,ROWID,int,4,10,0,NO,YES,NO
USER_DIM_MAPPING,2,OWNER_TABLE,nvarchar,50,0,0,NO,NO,NO
USER_DIM_MAPPING,3,OWNER_ID,nvarchar,30,0,0,NO,NO,NO
USER_DIM_MAPPING,4,DIMENSION,smallint,2,5,0,NO,NO,NO
USER_DIM_MAPPING,5,PROCESS_TYPE,nvarchar,10,0,0,NO,NO,NO
USER_DIM_MAPPING,6,EFFECTIVE_DATE,datetime,8,23,3,NO,NO,NO
USER_DIM_MAPPING,7,DEBIT_USER_DIM,nvarchar,30,0,0,YES,NO,NO
USER_DIM_MAPPING,8,CREDIT_USER_DIM,nvarchar,30,0,0,YES,NO,NO
USER_DIM_PROC_PRI,1,ROWID,int,4,10,0,NO,YES,NO
USER_DIM_PROC_PRI,2,DIMENSION,smallint,2,5,0,NO,NO,NO
USER_DIM_PROC_PRI,3,PROCESS_TYPE,nvarchar,10,0,0,NO,NO,NO
USER_DIM_PROC_PRI,4,SOURCE_TYPE,nvarchar,30,0,0,NO,NO,NO
USER_DIM_PROC_PRI,5,DR_PROCESS_ORDER,smallint,2,5,0,YES,NO,NO
USER_DIM_PROC_PRI,6,CR_PROCESS_ORDER,smallint,2,5,0,YES,NO,NO
USER_DIMENSION,1,ROWID,int,4,10,0,NO,YES,NO
USER_DIMENSION,2,DIMENSION,smallint,2,5,0,NO,NO,NO
USER_DIMENSION,3,ID,nvarchar,30,0,0,NO,NO,NO
USER_DIMENSION,4,DESCRIPTION,nvarchar,100,0,0,YES,NO,NO
USER_DIMENSION,5,IS_SUMMARY,nchar,2,0,0,NO,NO,NO
USER_DIMENSION,6,IS_RESERVED,nchar,2,0,0,NO,NO,NO
USER_DIMENSION,7,PARENT_DIMENSION,nvarchar,30,0,0,YES,NO,NO
USER_DIMENSION_SETUP,1,ROWID,int,4,10,0,NO,YES,NO
USER_DIMENSION_SETUP,2,DIMENSION,smallint,2,5,0,NO,NO,NO
USER_DIMENSION_SETUP,3,DIMENSION_LABEL,nvarchar,50,0,0,YES,NO,NO
USER_FLD_AUTHORITY,1,ROWID,int,4,10,0,NO,YES,NO
USER_FLD_AUTHORITY,2,USER_ID,nvarchar,40,0,0,NO,NO,NO
USER_FLD_AUTHORITY,3,PROGRAM_ID,nvarchar,160,0,0,NO,NO,NO
USER_FLD_AUTHORITY,4,PROGRAM_FIELD,nvarchar,60,0,0,NO,NO,NO
USER_FLD_AUTHORITY,5,PERMISSION,nchar,2,0,0,NO,NO,NO
USER_MNU_AUTHORITY,1,ROWID,int,4,10,0,NO,YES,NO
USER_MNU_AUTHORITY,2,USER_ID,nvarchar,40,0,0,NO,NO,NO
USER_MNU_AUTHORITY,3,GROUP_ID,nvarchar,40,0,0,NO,NO,NO
USER_MNU_AUTHORITY,4,LANGUAGE_ID,nvarchar,6,0,0,NO,NO,NO
USER_MNU_AUTHORITY,5,PERMISSION,nchar,2,0,0,YES,NO,NO
USER_PGM_AUTHORITY,1,ROWID,int,4,10,0,NO,YES,NO
USER_PGM_AUTHORITY,2,USER_ID,nvarchar,40,0,0,NO,NO,NO
USER_PGM_AUTHORITY,3,PROGRAM_ID,nvarchar,16,0,0,NO,NO,NO
USER_PGM_AUTHORITY,4,PROGRAM_COMPONENT,nvarchar,16,0,0,NO,NO,NO
USER_PGM_AUTHORITY,5,PERMISSION,nchar,2,0,0,NO,NO,NO
USER_PGM_AUTHORITY,6,PROFILE_STRING,nvarchar,160,0,0,YES,NO,NO
USER_PROFILE,1,ROWID,int,4,10,0,NO,YES,NO
USER_PROFILE,2,USER_ID,nvarchar,40,0,0,NO,NO,NO
USER_PROFILE,3,PROFILE_ID,nvarchar,30,0,0,NO,NO,NO
USER_SITE,1,ROWID,int,4,10,0,NO,YES,NO
USER_SITE,2,SITE_ID,nvarchar,30,0,0,NO,NO,NO
USER_SITE,3,USER_ID,nvarchar,40,0,0,NO,NO,NO
USER_SITE,4,VIEWABLE_SITES,nchar,2,0,0,YES,NO,NO
USER_SITE,5,DEFAULT_SITE,nchar,2,0,0,YES,NO,NO
V_ACCOUNT,1,ID,nvarchar,30,0,0,NO,NO,NO
V_ACCOUNT,2,ACCEPT_EARLY,smallint,2,5,0,NO,NO,NO
V_ACCOUNT,3,ADDR_1,nvarchar,100,0,0,YES,NO,NO
V_ACCOUNT,4,ADDR_2,nvarchar,100,0,0,YES,NO,NO
V_ACCOUNT,5,ADDR_3,nvarchar,100,0,0,YES,NO,NO
V_ACCOUNT,7,ANN_SALES,nchar,2,0,0,YES,NO,NO
V_ACCOUNT,8,AREA_ID,nvarchar,30,0,0,YES,NO,NO
V_ACCOUNT,9,BACKORDER,smallint,2,5,0,NO,NO,NO
V_ACCOUNT,10,BILL_LANGUAGE_ID,nvarchar,4,0,0,YES,NO,NO
V_ACCOUNT,11,BILL_TO_ADDR_1,nvarchar,100,0,0,YES,NO,NO
V_ACCOUNT,12,BILL_TO_ADDR_2,nvarchar,100,0,0,YES,NO,NO
V_ACCOUNT,13,BILL_TO_ADDR_3,nvarchar,100,0,0,YES,NO,NO
V_ACCOUNT,14,BILL_TO_CITY,nvarchar,60,0,0,YES,NO,NO
V_ACCOUNT,15,BILL_TO_COUNTRY,nvarchar,100,0,0,YES,NO,NO
V_ACCOUNT,16,BILL_TO_NAME,nvarchar,100,0,0,YES,NO,NO
V_ACCOUNT,17,BILL_TO_STATE,nvarchar,20,0,0,YES,NO,NO
V_ACCOUNT,18,BILL_TO_ZIPCODE,nvarchar,20,0,0,YES,NO,NO
V_ACCOUNT,19,BRANCH_ID,nvarchar,30,0,0,YES,NO,NO
V_ACCOUNT,20,BUS_PHONE,nvarchar,40,0,0,YES,NO,NO
V_ACCOUNT,21,BUS_TYPE,nvarchar,60,0,0,YES,NO,NO
V_ACCOUNT,22,BUS_UNIT_ID,nvarchar,30,0,0,YES,NO,NO
V_ACCOUNT,23,CARRIER_ID,nvarchar,30,0,0,YES,NO,NO
V_ACCOUNT,24,CITY,nvarchar,60,0,0,YES,NO,NO
V_ACCOUNT,25,CONTACT_BUSINESS,nvarchar,40,0,0,YES,NO,NO
V_ACCOUNT,26,CONTACT_EMAIL,nvarchar,100,0,0,YES,NO,NO
V_ACCOUNT,27,CONTACT_FAX,nvarchar,40,0,0,YES,NO,NO
V_ACCOUNT,28,CONTACT_FIRST_NAME,nvarchar,60,0,0,YES,NO,NO
V_ACCOUNT,29,CONTACT_HOME,nvarchar,40,0,0,YES,NO,NO
V_ACCOUNT,30,CONTACT_HONORIFIC,nvarchar,30,0,0,YES,NO,NO
V_ACCOUNT,31,CONTACT_ID,nvarchar,50,0,0,YES,NO,NO
V_ACCOUNT,32,CONTACT_INITIAL,nvarchar,4,0,0,YES,NO,NO
V_ACCOUNT,33,CONTACT_LAST_NAME,nvarchar,60,0,0,YES,NO,NO
V_ACCOUNT,34,CONTACT_MOBILE,nvarchar,40,0,0,YES,NO,NO
V_ACCOUNT,35,CONTACT_OTHER,nvarchar,40,0,0,YES,NO,NO
V_ACCOUNT,36,CONTACT_POSITION,nvarchar,100,0,0,YES,NO,NO
V_ACCOUNT,37,CONTACT_SALUTATION,nvarchar,120,0,0,YES,NO,NO
V_ACCOUNT,38,COUNTRY,nvarchar,100,0,0,YES,NO,NO
V_ACCOUNT,39,COUNTRY_ID,nvarchar,30,0,0,YES,NO,NO
V_ACCOUNT,40,COUNTY_NAME,nvarchar,40,0,0,YES,NO,NO
V_ACCOUNT,41,CREATOR,nvarchar,40,0,0,YES,NO,NO
V_ACCOUNT,45,CURRENCY_ID,nvarchar,30,0,0,NO,NO,NO
V_ACCOUNT,46,CUST_ID,nvarchar,30,0,0,YES,NO,NO
V_ACCOUNT,48,DAYS_EARLY,smallint,2,5,0,YES,NO,NO
V_ACCOUNT,49,DEF_ACK_ID,nvarchar,30,0,0,YES,NO,NO
V_ACCOUNT,50,DEF_SLS_TAX_GRP_ID,nvarchar,30,0,0,YES,NO,NO
V_ACCOUNT,51,DEF_TRANS_CURRENCY,nvarchar,30,0,0,YES,NO,NO
V_ACCOUNT,52,DESCRIPTION,nvarchar,100,0,0,YES,NO,NO
V_ACCOUNT,53,DISCOUNT_CODE,nvarchar,30,0,0,YES,NO,NO
V_ACCOUNT,54,DIVISION_ID,nvarchar,30,0,0,YES,NO,NO
V_ACCOUNT,55,DUNNING_LETTERS,smallint,2,5,0,NO,NO,NO
V_ACCOUNT,58,FAX_PHONE,nvarchar,40,0,0,YES,NO,NO
V_ACCOUNT,59,FINANCE_CHARGE,decimal,13,23,8,YES,NO,NO
V_ACCOUNT,60,FOLLOW_UP,smallint,2,5,0,NO,NO,NO
V_ACCOUNT,61,FOLLOW_UP_DATE,datetime,8,23,3,YES,NO,NO
V_ACCOUNT,62,FOLLOW_UP_TYPE,nvarchar,2,0,0,YES,NO,NO
V_ACCOUNT,63,FREE_ON_BOARD,nvarchar,50,0,0,YES,NO,NO
V_ACCOUNT,64,FRT_TERMS,nchar,2,0,0,YES,NO,NO
V_ACCOUNT,65,IND_CODE,nvarchar,30,0,0,YES,NO,NO
V_ACCOUNT,66,LAST_ORDER_DATE,datetime,8,23,3,YES,NO,NO
V_ACCOUNT,67,LBL_FORMAT_ID,nvarchar,60,0,0,YES,NO,NO
V_ACCOUNT,68,MODE_OF_TRANSPORT,int,4,10,0,YES,NO,NO
V_ACCOUNT,69,NAME,nvarchar,100,0,0,YES,NO,NO
V_ACCOUNT,70,NO_EMPS,int,4,10,0,YES,NO,NO
V_ACCOUNT,71,OPEN_DATE,datetime,8,23,3,NO,NO,NO
V_ACCOUNT,75,OWNER,nvarchar,40,0,0,YES,NO,NO
V_ACCOUNT,76,PARENT_ACCT_ID,nvarchar,30,0,0,YES,NO,NO
V_ACCOUNT,77,PRIORITY,smallint,2,5,0,YES,NO,NO
V_ACCOUNT,78,PRODUCT,nvarchar,508,0,0,YES,NO,NO
V_ACCOUNT,79,PLANT_SQFT,decimal,9,15,2,YES,NO,NO
V_ACCOUNT,81,RECV_ACCT_ID,nvarchar,30,0,0,YES,NO,NO
V_ACCOUNT,83,RMA_REQUIRED,smallint,2,5,0,NO,NO,NO
V_ACCOUNT,84,SALESREP_ID,nvarchar,30,0,0,YES,NO,NO
V_ACCOUNT,85,SHIPTO_ID,nvarchar,40,0,0,YES,NO,NO
V_ACCOUNT,86,SHIP_VIA,nvarchar,80,0,0,YES,NO,NO
V_ACCOUNT,87,SIC_CODE,nvarchar,30,0,0,YES,NO,NO
V_ACCOUNT,88,SIC_ALT_1,nvarchar,30,0,0,YES,NO,NO
V_ACCOUNT,89,SIC_ALT_2,nvarchar,30,0,0,YES,NO,NO
V_ACCOUNT,90,SIC_ALT_3,nvarchar,30,0,0,YES,NO,NO
V_ACCOUNT,91,STATE,nvarchar,20,0,0,YES,NO,NO
V_ACCOUNT,92,SUB_AREA_ID,nvarchar,30,0,0,YES,NO,NO
V_ACCOUNT,93,SUPPLIER_ID,nvarchar,30,0,0,YES,NO,NO
V_ACCOUNT,94,TAX_EXEMPT,smallint,2,5,0,NO,NO,NO
V_ACCOUNT,95,TAX_ID_NBR,nvarchar,50,0,0,YES,NO,NO
V_ACCOUNT,96,TAX_ON_WHOLESALE,smallint,2,5,0,NO,NO,NO
V_ACCOUNT,97,TERMS_DESCRIPTION,nvarchar,160,0,0,YES,NO,NO
V_ACCOUNT,98,TERMS_DISC_DATE,datetime,8,23,3,YES,NO,NO
V_ACCOUNT,99,TERMS_DISC_DAYS,smallint,2,5,0,YES,NO,NO
V_ACCOUNT,100,TERMS_DISC_PERCENT,decimal,5,6,3,YES,NO,NO
V_ACCOUNT,101,TERMS_DISC_TYPE,nchar,2,0,0,YES,NO,NO
V_ACCOUNT,102,TERMS_NET_DATE,datetime,8,23,3,YES,NO,NO
V_ACCOUNT,103,TERMS_NET_DAYS,smallint,2,5,0,YES,NO,NO
V_ACCOUNT,104,TERMS_NET_TYPE,nchar,2,0,0,YES,NO,NO
V_ACCOUNT,105,TERRITORY,nvarchar,30,0,0,YES,NO,NO
V_ACCOUNT,108,URL,nvarchar,510,0,0,YES,NO,NO
V_ACCOUNT,109,USER_1,nvarchar,160,0,0,YES,NO,NO
V_ACCOUNT,110,USER_2,nvarchar,160,0,0,YES,NO,NO
V_ACCOUNT,111,USER_3,nvarchar,160,0,0,YES,NO,NO
V_ACCOUNT,112,USER_4,nvarchar,160,0,0,YES,NO,NO
V_ACCOUNT,113,USER_5,nvarchar,160,0,0,YES,NO,NO
V_ACCOUNT,114,USER_6,nvarchar,160,0,0,YES,NO,NO
V_ACCOUNT,115,USER_7,nvarchar,160,0,0,YES,NO,NO
V_ACCOUNT,116,USER_8,nvarchar,160,0,0,YES,NO,NO
V_ACCOUNT,117,USER_9,nvarchar,160,0,0,YES,NO,NO
V_ACCOUNT,118,USER_10,nvarchar,160,0,0,YES,NO,NO
V_ACCOUNT,119,USER_T1,nvarchar,160,0,0,YES,NO,NO
V_ACCOUNT,120,USER_T2,nvarchar,160,0,0,YES,NO,NO
V_ACCOUNT,121,USER_T3,nvarchar,160,0,0,YES,NO,NO
V_ACCOUNT,122,USER_T4,nvarchar,160,0,0,YES,NO,NO
V_ACCOUNT,123,USER_T5,nvarchar,160,0,0,YES,NO,NO
V_ACCOUNT,124,USER_D1,datetime,8,23,3,YES,NO,NO
V_ACCOUNT,125,USER_D2,datetime,8,23,3,YES,NO,NO
V_ACCOUNT,126,USER_D3,datetime,8,23,3,YES,NO,NO
V_ACCOUNT,127,WEB_USER_ID,nvarchar,40,0,0,YES,NO,NO
V_ACCOUNT,128,WEB_PASSWORD,nvarchar,40,0,0,YES,NO,NO
V_ACCOUNT,129,YR_ESTABLISHED,nvarchar,8,0,0,YES,NO,NO
V_ACCOUNT,130,ZIPCODE,nvarchar,20,0,0,YES,NO,NO
V_ACCOUNT,131,COMMENTS,nvarchar,508,0,0,YES,NO,NO
V_ACCOUNT,132,LAST_MODIFIED,datetime,8,23,3,YES,NO,NO
V_ACCOUNT,133,LAST_USER,nvarchar,40,0,0,YES,NO,NO
V_ACCOUNT,134,USER_N1,decimal,13,23,8,YES,NO,NO
V_ACCOUNT,135,USER_N2,decimal,13,23,8,YES,NO,NO
V_ACCOUNT,136,USER_N3,decimal,13,23,8,YES,NO,NO
V_ACCOUNT,137,USER_N4,decimal,13,23,8,YES,NO,NO
V_ACCOUNT,138,USER_N5,decimal,13,23,8,YES,NO,NO
V_ACCOUNT,139,ACCT_TYPE,nvarchar,30,0,0,YES,NO,NO
V_ACCOUNT,140,ALT_PHONE,nvarchar,40,0,0,YES,NO,NO
V_ACCOUNT,141,ACCT_CATEGORY,nchar,2,0,0,NO,NO,NO
V_ACCOUNT,142,USER_T6,nvarchar,160,0,0,YES,NO,NO
V_ACCOUNT,143,USER_T7,nvarchar,160,0,0,YES,NO,NO
V_ACCOUNT,144,USER_T8,nvarchar,160,0,0,YES,NO,NO
V_ACCOUNT,145,USER_T9,nvarchar,160,0,0,YES,NO,NO
V_ACCOUNT,146,USER_T10,nvarchar,160,0,0,YES,NO,NO
V_ACCOUNT,147,USER_T11,nvarchar,160,0,0,YES,NO,NO
V_ACCOUNT,148,USER_T12,nvarchar,160,0,0,YES,NO,NO
V_ACCOUNT,149,USER_T13,nvarchar,160,0,0,YES,NO,NO
V_ACCOUNT,150,USER_T14,nvarchar,160,0,0,YES,NO,NO
V_ACCOUNT,151,USER_T15,nvarchar,160,0,0,YES,NO,NO
V_ACCOUNT,152,USER_T16,nvarchar,160,0,0,YES,NO,NO
V_ACCOUNT,153,USER_T17,nvarchar,160,0,0,YES,NO,NO
V_ACCOUNT,154,USER_T18,nvarchar,160,0,0,YES,NO,NO
V_ACCOUNT,155,USER_T19,nvarchar,160,0,0,YES,NO,NO
V_ACCOUNT,156,USER_T20,nvarchar,160,0,0,YES,NO,NO
V_ACCOUNT,157,USER_T21,nvarchar,160,0,0,YES,NO,NO
V_ACCOUNT,158,USER_T22,nvarchar,160,0,0,YES,NO,NO
V_ACCOUNT,159,USER_T23,nvarchar,160,0,0,YES,NO,NO
V_ACCOUNT,160,USER_T24,nvarchar,160,0,0,YES,NO,NO
V_ACCOUNT,161,USER_T25,nvarchar,160,0,0,YES,NO,NO
V_ACCOUNT,162,USER_T26,nvarchar,160,0,0,YES,NO,NO
V_ACCOUNT,163,USER_T27,nvarchar,160,0,0,YES,NO,NO
V_ACCOUNT,164,USER_T28,nvarchar,160,0,0,YES,NO,NO
V_ACCOUNT,165,USER_T29,nvarchar,160,0,0,YES,NO,NO
V_ACCOUNT,166,USER_T30,nvarchar,160,0,0,YES,NO,NO
V_ACCOUNT,167,USER_N6,decimal,13,23,8,YES,NO,NO
V_ACCOUNT,168,USER_N7,decimal,13,23,8,YES,NO,NO
V_ACCOUNT,169,USER_N8,decimal,13,23,8,YES,NO,NO
V_ACCOUNT,170,USER_N9,decimal,13,23,8,YES,NO,NO
V_ACCOUNT,171,USER_N10,decimal,13,23,8,YES,NO,NO
V_ACCOUNT,172,USER_N11,decimal,13,23,8,YES,NO,NO
V_ACCOUNT,173,USER_N12,decimal,13,23,8,YES,NO,NO
V_ACCOUNT,174,USER_N13,decimal,13,23,8,YES,NO,NO
V_ACCOUNT,175,USER_N14,decimal,13,23,8,YES,NO,NO
V_ACCOUNT,176,USER_N15,decimal,13,23,8,YES,NO,NO
V_ACCOUNT,177,USER_D4,datetime,8,23,3,YES,NO,NO
V_ACCOUNT,178,USER_D5,datetime,8,23,3,YES,NO,NO
V_ACCOUNT,179,INACTIVE_ACCOUNT,smallint,2,5,0,YES,NO,NO
V_ACCOUNT,180,ACCT_MANAGER,nvarchar,30,0,0,YES,NO,NO
V_ACCOUNT,181,RATING,smallint,2,5,0,YES,NO,NO
V_ACCOUNT,182,RATING_COMMENTS,nvarchar,508,0,0,YES,NO,NO
V_ACCOUNT,183,CREATE_DATE,datetime,8,23,3,YES,NO,NO
V_ACCOUNT,185,DO_NOT_CONTACT,datetime,8,23,3,YES,NO,NO
V_ACCOUNT,186,DO_NOT_EMAIL,datetime,8,23,3,YES,NO,NO
V_ACCOUNT,187,DO_NOT_PHONE,datetime,8,23,3,YES,NO,NO
V_ACCOUNT,188,DO_NOT_MAIL,datetime,8,23,3,YES,NO,NO
V_ACCOUNT,189,DO_NOT_FAX,datetime,8,23,3,YES,NO,NO
V_ACCOUNT,190,DEF_LBL_FORMAT_ID,nvarchar,60,0,0,YES,NO,NO
V_ACCOUNT,191,MARKET_ID,nvarchar,30,0,0,YES,NO,NO
V_ACCOUNT,192,DEF_RECV_ACCT_ID,nvarchar,60,0,0,YES,NO,NO
V_ACCOUNT,197,FILL_RATE,decimal,5,5,2,YES,NO,NO
V_ACCOUNT,201,PRIMARILY_EDI,smallint,2,5,0,YES,NO,NO
V_ACCOUNT,202,INTER_CONSIGNEE,nvarchar,40,0,0,YES,NO,NO
V_ACCOUNT,203,POOL_CODE,nvarchar,40,0,0,YES,NO,NO
V_ACCOUNT,204,GENERATE_ASN,smallint,2,5,0,YES,NO,NO
V_ACCOUNT,205,HOLD_TRANSFER_ASN,smallint,2,5,0,YES,NO,NO
V_ACCOUNT,206,ACCEPT_830,smallint,2,5,0,YES,NO,NO
V_ACCOUNT,207,ACCEPT_862,smallint,2,5,0,YES,NO,NO
V_ACCOUNT,208,CONSOL_SHIP_LINE,smallint,2,5,0,YES,NO,NO
V_ACCOUNT,209,TAKE_DISC_DAYS,decimal,9,15,2,YES,NO,NO
V_ACCOUNT,210,LANGUAGE_ID,nvarchar,4,0,0,YES,NO,NO
V_ACCOUNT,211,CUSTOMS_DOC_PRINT,nchar,2,0,0,YES,NO,NO
V_ACCOUNT,212,COMMENTS_BIN,ntext,16,0,0,YES,NO,NO
V_ACCOUNT,213,VAT_ON_FIRST_INST,nchar,2,0,0,YES,NO,NO
V_ACCOUNT,214,EOM_DUE_DATE,nchar,2,0,0,YES,NO,NO
V_ACCOUNT,215,INST_PERIOD_TYPE,nchar,2,0,0,YES,NO,NO
V_ACCOUNT,216,VAT_ALWAYS_DISC,smallint,2,5,0,YES,NO,NO
V_ACCOUNT,217,VAT_BOOK_CODE_I,nvarchar,10,0,0,YES,NO,NO
V_ACCOUNT,218,VAT_BOOK_CODE_M,nvarchar,10,0,0,YES,NO,NO
V_ACCOUNT,219,VAT_CODE,nvarchar,30,0,0,YES,NO,NO
V_ACCOUNT,220,VAT_DISCOUNTED,smallint,2,5,0,YES,NO,NO
V_ACCOUNT,221,VAT_EXEMPT,smallint,2,5,0,YES,NO,NO
V_ACCOUNT,222,VAT_OVERRIDE_SEQ,nvarchar,2,0,0,YES,NO,NO
V_ACCOUNT,223,VAT_REGISTRATION,nvarchar,50,0,0,YES,NO,NO
V_ACCOUNT,224,ARRIVAL_CODE,nvarchar,50,0,0,YES,NO,NO
V_ACCOUNT,225,TRANS_CODE,nvarchar,50,0,0,YES,NO,NO
V_ACCOUNT,226,NATURE_OF_TRANS,int,4,10,0,YES,NO,NO
V_ACCOUNT,227,RETURN_TRANS,int,4,10,0,YES,NO,NO
V_ACCOUNT,228,SIRET_NUMBER,decimal,9,14,0,YES,NO,NO
V_ACCOUNT,229,CALL_BILLING_ID,nvarchar,30,0,0,YES,NO,NO
V_ACCOUNT,230,IS_LEAD,smallint,2,5,0,YES,NO,NO
V_ACCOUNT,231,LEAD_TO_ACCT,datetime,8,23,3,YES,NO,NO
V_ACCOUNT,232,ACCT_TO_CUST,datetime,8,23,3,YES,NO,NO
V_ACCOUNT,233,DEF_TERMS_ID,nvarchar,30,0,0,YES,NO,NO
V_ACCOUNT,234,CUSTOMER_COUNTRY_ID,nvarchar,30,0,0,YES,NO,NO
V_ACCOUNT,235,BILL_TO_COUNTRY_ID,nvarchar,30,0,0,YES,NO,NO
V_ACCT_BINARY,1,ACCT_ID,nvarchar,30,0,0,NO,NO,NO
V_ACCT_BINARY,2,BITS_LENGTH,int,4,10,0,NO,NO,NO
V_ACCT_BINARY,3,TYPE,nvarchar,6,0,0,NO,NO,NO
V_ACCT_BINARY,4,LAST_MODIFIED,datetime,8,23,3,YES,NO,NO
V_ACCT_BINARY,5,LAST_USER,nvarchar,40,0,0,YES,NO,NO
V_ACCT_BINARY,6,BITS,image,16,0,0,YES,NO,NO
V_ACCT_BINARY,7,CREATE_DATE,datetime,8,23,3,YES,NO,NO
V_ACCT_CONTACT,1,ACCT_ID,nvarchar,30,0,0,NO,NO,NO
V_ACCT_CONTACT,2,CONT_ID,nvarchar,50,0,0,NO,NO,NO
V_ACCT_CONTACT,3,CUST_ID,nvarchar,30,0,0,YES,NO,NO
V_ACCT_CONTACT,4,CONTACT_NO,smallint,2,5,0,YES,NO,NO
V_ACCT_CONTACT,5,VE_CONT_ID,nvarchar,50,0,0,YES,NO,NO
V_ACCT_CONTACT,6,PRIMARY_CONTACT,smallint,2,5,0,YES,NO,NO
V_ACCT_CONTACT,7,LAST_MODIFIED,datetime,8,23,3,YES,NO,NO
V_ACCT_CONTACT,8,LAST_USER,nvarchar,40,0,0,YES,NO,NO
V_ACCT_CONTACT,9,CREATE_DATE,datetime,8,23,3,YES,NO,NO
V_ACCT_ENTITY,1,ENTITY_ID,nvarchar,30,0,0,NO,NO,NO
V_ACCT_ENTITY,2,ACCT_ID,nvarchar,30,0,0,NO,NO,NO
V_ACCT_ENTITY,3,CREDIT_STATUS,nchar,2,0,0,NO,NO,NO
V_ACCT_ENTITY,4,CREDIT_LIMIT_CTL,nchar,2,0,0,NO,NO,NO
V_ACCT_ENTITY,5,CREDIT_LIMIT,decimal,13,23,8,YES,NO,NO
V_ACCT_ENTITY,6,RECV_AGE_LIMIT,smallint,2,5,0,YES,NO,NO
V_ACCT_ENTITY,7,TOTAL_OPEN_ORDERS,decimal,13,23,8,NO,NO,NO
V_ACCT_ENTITY,8,TOTAL_OPEN_RECV,decimal,13,23,8,NO,NO,NO
V_ACCT_ENTITY,9,OPEN_ORDER_COUNT,int,4,10,0,NO,NO,NO
V_ACCT_ENTITY,10,OPEN_RECV_COUNT,int,4,10,0,NO,NO,NO
V_ACCT_ENTITY,11,LAST_MODIFIED,datetime,8,23,3,YES,NO,NO
V_ACCT_ENTITY,12,LAST_USER,nvarchar,40,0,0,YES,NO,NO
V_ACCT_ENTITY,13,CREATE_DATE,datetime,8,23,3,YES,NO,NO
V_ACCT_SALESREP,1,ACCT_ID,nvarchar,30,0,0,NO,NO,NO
V_ACCT_SALESREP,2,COMMISSION_PCT,decimal,5,6,3,YES,NO,NO
V_ACCT_SALESREP,3,SALESREP_ID,nvarchar,30,0,0,NO,NO,NO
V_ACCT_SALESREP,4,SALESREP_ROLE,nvarchar,100,0,0,YES,NO,NO
V_ACCT_SALESREP,5,LAST_MODIFIED,datetime,8,23,3,YES,NO,NO
V_ACCT_SALESREP,6,LAST_USER,nvarchar,40,0,0,YES,NO,NO
V_ACCT_SALESREP,7,CREATE_DATE,datetime,8,23,3,YES,NO,NO
V_ACCT_SITE,1,ACCT_ID,nvarchar,30,0,0,NO,NO,NO
V_ACCT_SITE,2,SITE_ID,nvarchar,30,0,0,NO,NO,NO
V_ACCT_SITE,3,PRIORITY_CODE,nvarchar,30,0,0,YES,NO,NO
V_ACCT_SITE,4,WAREHOUSE_ID,nvarchar,30,0,0,YES,NO,NO
V_ACCT_SITE,5,CUST_TYPE,nvarchar,40,0,0,YES,NO,NO
V_ACCT_SITE,6,ORDER_FILL_RATE,decimal,5,5,2,NO,NO,NO
V_ACCT_SITE,7,FILL_RATE_TYPE,nchar,2,0,0,YES,NO,NO
V_ACCT_SITE,8,ALLOCATION_FENCE,int,4,10,0,YES,NO,NO
V_ACCT_SITE,9,CO_ALLOC_LEVEL,nchar,2,0,0,YES,NO,NO
V_ACCT_SITE,10,REALLOCATE,smallint,2,5,0,YES,NO,NO
V_ACCT_SITE,11,CONSOLIDATE_ORDERS,smallint,2,5,0,YES,NO,NO
V_ACCT_SITE,12,COMPLIANCE_LABEL,smallint,2,5,0,YES,NO,NO
V_ACCT_SITE,13,AUTO_ALLOCATE,smallint,2,5,0,YES,NO,NO
V_ACCT_SITE,14,LAST_MODIFIED,datetime,8,23,3,YES,NO,NO
V_ACCT_SITE,15,LAST_USER,nvarchar,40,0,0,YES,NO,NO
V_ACCT_SITE,16,CREATE_DATE,datetime,8,23,3,YES,NO,NO
V_ACCT_TYPE,1,ID,nvarchar,30,0,0,NO,NO,NO
V_ACCT_TYPE,2,DESCRIPTION,nvarchar,100,0,0,YES,NO,NO
V_ACCT_TYPE,3,LAST_MODIFIED,datetime,8,23,3,YES,NO,NO
V_ACCT_TYPE,4,LAST_USER,nvarchar,40,0,0,YES,NO,NO
V_ACCT_TYPE,5,CREATE_DATE,datetime,8,23,3,YES,NO,NO
V_ADDRESS,1,ID,nvarchar,30,0,0,NO,NO,NO
V_ADDRESS,2,ACCT_ID,nvarchar,30,0,0,YES,NO,NO
V_ADDRESS,3,ADDR_1,nvarchar,100,0,0,YES,NO,NO
V_ADDRESS,4,ADDR_2,nvarchar,100,0,0,YES,NO,NO
V_ADDRESS,5,ADDR_3,nvarchar,100,0,0,YES,NO,NO
V_ADDRESS,6,ADDR_NO,int,4,10,0,YES,NO,NO
V_ADDRESS,7,AREA_ID,nvarchar,30,0,0,YES,NO,NO
V_ADDRESS,8,CARRIER_ID,nvarchar,30,0,0,YES,NO,NO
V_ADDRESS,9,CITY,nvarchar,60,0,0,YES,NO,NO
V_ADDRESS,10,CONTACT_ID,nvarchar,50,0,0,YES,NO,NO
V_ADDRESS,11,COUNTRY,nvarchar,100,0,0,YES,NO,NO
V_ADDRESS,12,COUNTRY_ID,nvarchar,30,0,0,YES,NO,NO
V_ADDRESS,13,COUNTY_NAME,nvarchar,40,0,0,YES,NO,NO
V_ADDRESS,14,CUST_ID,nvarchar,30,0,0,YES,NO,NO
V_ADDRESS,15,CREATOR,nvarchar,40,0,0,YES,NO,NO
V_ADDRESS,16,DEF_SALESREP_ID,nvarchar,30,0,0,YES,NO,NO
V_ADDRESS,17,DEF_SLS_TAX_GRP_ID,nvarchar,30,0,0,YES,NO,NO
V_ADDRESS,18,DESCRIPTION,nvarchar,100,0,0,YES,NO,NO
V_ADDRESS,19,DISCOUNT_CODE,nvarchar,30,0,0,YES,NO,NO
V_ADDRESS,20,SITE_ID,nvarchar,30,0,0,YES,NO,NO
V_ADDRESS,21,FREE_ON_BOARD,nvarchar,50,0,0,YES,NO,NO
V_ADDRESS,22,NAME,nvarchar,100,0,0,YES,NO,NO
V_ADDRESS,23,OWNER,nvarchar,40,0,0,YES,NO,NO
V_ADDRESS,24,SHIP_VIA,nvarchar,80,0,0,YES,NO,NO
V_ADDRESS,25,STATE,nvarchar,20,0,0,YES,NO,NO
V_ADDRESS,26,SUB_AREA_ID,nvarchar,30,0,0,YES,NO,NO
V_ADDRESS,27,TAX_EXEMPT,smallint,2,5,0,NO,NO,NO
V_ADDRESS,28,TAX_ID_NBR,nvarchar,50,0,0,YES,NO,NO
V_ADDRESS,29,TERRITORY,nvarchar,30,0,0,YES,NO,NO
V_ADDRESS,30,TYPE,nvarchar,30,0,0,YES,NO,NO
V_ADDRESS,31,WAREHOUSE_ID,nvarchar,30,0,0,YES,NO,NO
V_ADDRESS,32,ZIPCODE,nvarchar,20,0,0,YES,NO,NO
V_ADDRESS,33,COMMENTS,nvarchar,508,0,0,YES,NO,NO
V_ADDRESS,34,LAST_MODIFIED,datetime,8,23,3,YES,NO,NO
V_ADDRESS,35,LAST_USER,nvarchar,40,0,0,YES,NO,NO
V_ADDRESS,36,USER_D1,datetime,8,23,3,YES,NO,NO
V_ADDRESS,37,USER_D2,datetime,8,23,3,YES,NO,NO
V_ADDRESS,38,USER_D3,datetime,8,23,3,YES,NO,NO
V_ADDRESS,39,USER_N1,decimal,13,23,8,YES,NO,NO
V_ADDRESS,40,USER_N2,decimal,13,23,8,YES,NO,NO
V_ADDRESS,41,USER_N3,decimal,13,23,8,YES,NO,NO
V_ADDRESS,42,USER_N4,decimal,13,23,8,YES,NO,NO
V_ADDRESS,43,USER_N5,decimal,13,23,8,YES,NO,NO
V_ADDRESS,44,USER_T1,nvarchar,160,0,0,YES,NO,NO
V_ADDRESS,45,USER_T2,nvarchar,160,0,0,YES,NO,NO
V_ADDRESS,46,USER_T3,nvarchar,160,0,0,YES,NO,NO
V_ADDRESS,47,USER_T4,nvarchar,160,0,0,YES,NO,NO
V_ADDRESS,48,USER_T5,nvarchar,160,0,0,YES,NO,NO
V_ADDRESS,49,CREATE_DATE,datetime,8,23,3,YES,NO,NO
V_ADDRESS,50,SHIPTO_ID,nvarchar,40,0,0,YES,NO,NO
V_ADDRESS,52,COMMENTS_BIN,ntext,16,0,0,YES,NO,NO
V_ADDRESS,53,VAT_CODE,nvarchar,30,0,0,YES,NO,NO
V_ADDRESS,54,VAT_OVERRIDE_SEQ,nvarchar,2,0,0,YES,NO,NO
V_ADDRESS,55,VAT_REGISTRATION,nvarchar,50,0,0,YES,NO,NO
V_ADDRESS,56,ARRIVAL_CODE,nvarchar,50,0,0,YES,NO,NO
V_ADDRESS,57,TRANS_CODE,nvarchar,50,0,0,YES,NO,NO
V_ADDRESS,58,NATURE_OF_TRANS,int,4,10,0,YES,NO,NO
V_ADDRESS,59,MODE_OF_TRANSPORT,int,4,10,0,YES,NO,NO
V_ADDRESS,60,SIRET_NUMBER,decimal,9,14,0,YES,NO,NO
V_ADDRESS,61,LANGUAGE_ID,nvarchar,4,0,0,YES,NO,NO
V_ADDRESS,62,INACTIVE_ADDRESS,smallint,2,5,0,YES,NO,NO
V_ADDRESS,63,CUST_ADDR_COUNTRY_ID,nvarchar,30,0,0,YES,NO,NO
V_ADMIN,1,ID,nvarchar,30,0,0,NO,NO,NO
V_ADMIN,2,DESCRIPTION,nvarchar,100,0,0,YES,NO,NO
V_ADMIN,3,SETTING,nvarchar,160,0,0,YES,NO,NO
V_ADMIN,4,LAST_MODIFIED,datetime,8,23,3,YES,NO,NO
V_ADMIN,5,LAST_USER,nvarchar,40,0,0,YES,NO,NO
V_ADMIN,6,CREATE_DATE,datetime,8,23,3,YES,NO,NO
V_ANNUAL_SALES,1,ID,nvarchar,30,0,0,NO,NO,NO
V_ANNUAL_SALES,2,ANN_SALES,nvarchar,100,0,0,YES,NO,NO
V_ANNUAL_SALES,3,LAST_USER,nvarchar,40,0,0,YES,NO,NO
V_ANNUAL_SALES,4,LAST_MODIFIED,datetime,8,23,3,YES,NO,NO
V_AREA,1,ID,nvarchar,30,0,0,NO,NO,NO
V_AREA,2,DESCRIPTION,nvarchar,100,0,0,YES,NO,NO
V_AREA,3,LAST_MODIFIED,datetime,8,23,3,YES,NO,NO
V_AREA,4,LAST_USER,nvarchar,40,0,0,YES,NO,NO
V_AREA,5,CREATE_DATE,datetime,8,23,3,YES,NO,NO
V_BRANCH,1,ID,nvarchar,30,0,0,NO,NO,NO
V_BRANCH,2,DESCRIPTION,nvarchar,100,0,0,YES,NO,NO
V_BRANCH,3,LAST_MODIFIED,datetime,8,23,3,YES,NO,NO
V_BRANCH,4,LAST_USER,nvarchar,40,0,0,YES,NO,NO
V_BRANCH,5,CREATE_DATE,datetime,8,23,3,YES,NO,NO
V_BUSINESS_UNIT,1,ID,nvarchar,30,0,0,NO,NO,NO
V_BUSINESS_UNIT,2,DESCRIPTION,nvarchar,100,0,0,YES,NO,NO
V_BUSINESS_UNIT,3,LAST_MODIFIED,datetime,8,23,3,YES,NO,NO
V_BUSINESS_UNIT,4,LAST_USER,nvarchar,40,0,0,YES,NO,NO
V_BUSINESS_UNIT,5,CREATE_DATE,datetime,8,23,3,YES,NO,NO
V_CAL_BINARY,1,CAL_ID,nvarchar,30,0,0,NO,NO,NO
V_CAL_BINARY,2,BITS_LENGTH,int,4,10,0,NO,NO,NO
V_CAL_BINARY,3,TYPE,nvarchar,6,0,0,NO,NO,NO
V_CAL_BINARY,4,LAST_MODIFIED,datetime,8,23,3,YES,NO,NO
V_CAL_BINARY,5,LAST_USER,nvarchar,40,0,0,YES,NO,NO
V_CAL_BINARY,6,BITS,image,16,0,0,YES,NO,NO
V_CAL_BINARY,7,CREATE_DATE,datetime,8,23,3,YES,NO,NO
V_CAL_CONTACT,1,CAL_ID,nvarchar,30,0,0,NO,NO,NO
V_CAL_CONTACT,2,CONTACT_ID,nvarchar,50,0,0,NO,NO,NO
V_CAL_CONTACT,3,LAST_MODIFIED,datetime,8,23,3,YES,NO,NO
V_CAL_CONTACT,4,LAST_USER,nvarchar,40,0,0,YES,NO,NO
V_CAL_CONTACT,5,PRIMARY_CONTACT,smallint,2,5,0,YES,NO,NO
V_CAL_CONTACT,6,CREATE_DATE,datetime,8,23,3,YES,NO,NO
V_CALENDAR,1,ID,nvarchar,30,0,0,NO,NO,NO
V_CALENDAR,2,ACCT_ID,nvarchar,30,0,0,YES,NO,NO
V_CALENDAR,3,SUBJECT,nvarchar,508,0,0,YES,NO,NO
V_CALENDAR,4,CREATE_DATE,datetime,8,23,3,NO,NO,NO
V_CALENDAR,5,CREATOR,nvarchar,40,0,0,YES,NO,NO
V_CALENDAR,6,LAST_MODIFIED,datetime,8,23,3,YES,NO,NO
V_CALENDAR,7,LAST_USER,nvarchar,40,0,0,YES,NO,NO
V_CALENDAR,8,OWNER,nvarchar,40,0,0,YES,NO,NO
V_CALENDAR,9,STATUS,nvarchar,30,0,0,YES,NO,NO
V_CALENDAR,10,USER_D1,datetime,8,23,3,YES,NO,NO
V_CALENDAR,11,USER_D2,datetime,8,23,3,YES,NO,NO
V_CALENDAR,12,USER_D3,datetime,8,23,3,YES,NO,NO
V_CALENDAR,13,USER_N1,decimal,13,23,8,YES,NO,NO
V_CALENDAR,14,USER_N2,decimal,13,23,8,YES,NO,NO
V_CALENDAR,15,USER_N3,decimal,13,23,8,YES,NO,NO
V_CALENDAR,16,USER_N4,decimal,13,23,8,YES,NO,NO
V_CALENDAR,17,USER_N5,decimal,13,23,8,YES,NO,NO
V_CALENDAR,18,USER_T1,nvarchar,160,0,0,YES,NO,NO
V_CALENDAR,19,USER_T2,nvarchar,160,0,0,YES,NO,NO
V_CALENDAR,20,USER_T3,nvarchar,160,0,0,YES,NO,NO
V_CALENDAR,21,USER_T4,nvarchar,160,0,0,YES,NO,NO
V_CALENDAR,22,USER_T5,nvarchar,160,0,0,YES,NO,NO
V_CALENDAR,23,LOCATION,nvarchar,100,0,0,YES,NO,NO
V_CALENDAR,24,START_DATE,datetime,8,23,3,YES,NO,NO
V_CALENDAR,25,END_DATE,datetime,8,23,3,YES,NO,NO
V_CALENDAR,28,REMINDER,smallint,2,5,0,NO,NO,NO
V_CALENDAR,29,PRIVATE,smallint,2,5,0,NO,NO,NO
V_CALENDAR,30,CATEGORY_ID,nvarchar,30,0,0,YES,NO,NO
V_CALENDAR,31,TENTATIVE,smallint,2,5,0,NO,NO,NO
V_CALENDAR,32,C_ORIG_TIME_ZONE,nvarchar,50,0,0,YES,NO,NO
V_CALENDAR,33,N_ORIG_TIME_ZONE,int,4,10,0,YES,NO,NO
V_CALENDAR,34,CONTACT_ID,nvarchar,50,0,0,YES,NO,NO
V_CALENDAR,35,COMMENTS,nvarchar,508,0,0,YES,NO,NO
V_CALENDAR,36,REMINDER_TIME,datetime,8,23,3,YES,NO,NO
V_CALENDAR,37,SNOOZE_INTERVAL,nvarchar,30,0,0,YES,NO,NO
V_CALENDAR,38,REMINDER_INTERVAL,nvarchar,30,0,0,YES,NO,NO
V_CALENDAR,40,COMMENTS_BIN,ntext,16,0,0,YES,NO,NO
V_CALENDAR,41,ADDR_ID,nvarchar,30,0,0,YES,NO,NO
V_CALENDAR,42,ALL_DAY_EVENT,smallint,2,5,0,YES,NO,NO
V_CALENDAR,43,SITE_ID,nvarchar,30,0,0,YES,NO,NO
V_CALL,1,ID,nvarchar,30,0,0,NO,NO,NO
V_CALL,2,ACCT_ID,nvarchar,30,0,0,YES,NO,NO
V_CALL,3,CALLER_ID,nvarchar,50,0,0,NO,NO,NO
V_CALL,4,CLOSED_DATE,datetime,8,23,3,YES,NO,NO
V_CALL,5,CONTR_ID,nvarchar,30,0,0,YES,NO,NO
V_CALL,6,CREATOR,nvarchar,40,0,0,YES,NO,NO
V_CALL,7,SITE_ID,nvarchar,30,0,0,NO,NO,NO
V_CALL,8,FOLLOW_UP,smallint,2,5,0,NO,NO,NO
V_CALL,9,FOLLOW_UP_DATE,datetime,8,23,3,YES,NO,NO
V_CALL,10,FOLLOW_UP_TYPE,nvarchar,30,0,0,YES,NO,NO
V_CALL,11,INVOICED,smallint,2,5,0,YES,NO,NO
V_CALL,12,OPEN_DATE,datetime,8,23,3,YES,NO,NO
V_CALL,13,OWNER,nvarchar,40,0,0,YES,NO,NO
V_CALL,14,PART_ID,nvarchar,60,0,0,YES,NO,NO
V_CALL,16,STATUS,nvarchar,30,0,0,NO,NO,NO
V_CALL,17,TRACE_ID,nvarchar,30,0,0,YES,NO,NO
V_CALL,18,USER_T1,nvarchar,160,0,0,YES,NO,NO
V_CALL,19,USER_T2,nvarchar,160,0,0,YES,NO,NO
V_CALL,20,USER_T3,nvarchar,160,0,0,YES,NO,NO
V_CALL,21,USER_T4,nvarchar,160,0,0,YES,NO,NO
V_CALL,22,USER_T5,nvarchar,160,0,0,YES,NO,NO
V_CALL,23,POSTING_CANDIDATE,smallint,2,5,0,NO,NO,NO
V_CALL,24,USER_D1,datetime,8,23,3,YES,NO,NO
V_CALL,25,USER_D2,datetime,8,23,3,YES,NO,NO
V_CALL,26,USER_D3,datetime,8,23,3,YES,NO,NO
V_CALL,27,LAST_MODIFIED,datetime,8,23,3,YES,NO,NO
V_CALL,28,LAST_USER,nvarchar,40,0,0,YES,NO,NO
V_CALL,29,COMMENTS,nvarchar,508,0,0,YES,NO,NO
V_CALL,30,USER_N1,decimal,13,23,8,YES,NO,NO
V_CALL,31,USER_N2,decimal,13,23,8,YES,NO,NO
V_CALL,32,USER_N3,decimal,13,23,8,YES,NO,NO
V_CALL,33,USER_N4,decimal,13,23,8,YES,NO,NO
V_CALL,34,USER_N5,decimal,13,23,8,YES,NO,NO
V_CALL,35,LOCKED,smallint,2,5,0,YES,NO,NO
V_CALL,36,CREATE_DATE,datetime,8,23,3,YES,NO,NO
V_CALL,37,CONTR_ITEM_NO,smallint,2,5,0,YES,NO,NO
V_CALL,38,LOOKUP_TYPE,nvarchar,30,0,0,YES,NO,NO
V_CALL,39,USER_T6,nvarchar,160,0,0,YES,NO,NO
V_CALL,40,USER_T7,nvarchar,160,0,0,YES,NO,NO
V_CALL,41,USER_T8,nvarchar,160,0,0,YES,NO,NO
V_CALL,42,USER_T9,nvarchar,160,0,0,YES,NO,NO
V_CALL,43,USER_T10,nvarchar,160,0,0,YES,NO,NO
V_CALL,44,USER_T11,nvarchar,160,0,0,YES,NO,NO
V_CALL,45,USER_T12,nvarchar,160,0,0,YES,NO,NO
V_CALL,46,USER_T13,nvarchar,160,0,0,YES,NO,NO
V_CALL,47,USER_T14,nvarchar,160,0,0,YES,NO,NO
V_CALL,48,USER_T15,nvarchar,160,0,0,YES,NO,NO
V_CALL,49,USER_T16,nvarchar,160,0,0,YES,NO,NO
V_CALL,50,USER_T17,nvarchar,160,0,0,YES,NO,NO
V_CALL,51,USER_T18,nvarchar,160,0,0,YES,NO,NO
V_CALL,52,USER_T19,nvarchar,160,0,0,YES,NO,NO
V_CALL,53,USER_T20,nvarchar,160,0,0,YES,NO,NO
V_CALL,54,USER_T21,nvarchar,160,0,0,YES,NO,NO
V_CALL,55,USER_T22,nvarchar,160,0,0,YES,NO,NO
V_CALL,56,USER_T23,nvarchar,160,0,0,YES,NO,NO
V_CALL,57,USER_T24,nvarchar,160,0,0,YES,NO,NO
V_CALL,58,USER_T25,nvarchar,160,0,0,YES,NO,NO
V_CALL,59,USER_T26,nvarchar,160,0,0,YES,NO,NO
V_CALL,60,USER_T27,nvarchar,160,0,0,YES,NO,NO
V_CALL,61,USER_T28,nvarchar,160,0,0,YES,NO,NO
V_CALL,62,USER_T29,nvarchar,160,0,0,YES,NO,NO
V_CALL,63,USER_T30,nvarchar,160,0,0,YES,NO,NO
V_CALL,64,USER_N6,decimal,13,23,8,YES,NO,NO
V_CALL,65,USER_N7,decimal,13,23,8,YES,NO,NO
V_CALL,66,USER_N8,decimal,13,23,8,YES,NO,NO
V_CALL,67,USER_N9,decimal,13,23,8,YES,NO,NO
V_CALL,68,USER_N10,decimal,13,23,8,YES,NO,NO
V_CALL,69,USER_N11,decimal,13,23,8,YES,NO,NO
V_CALL,70,USER_N12,decimal,13,23,8,YES,NO,NO
V_CALL,71,USER_N13,decimal,13,23,8,YES,NO,NO
V_CALL,72,USER_N14,decimal,13,23,8,YES,NO,NO
V_CALL,73,USER_N15,decimal,13,23,8,YES,NO,NO
V_CALL,74,USER_D4,datetime,8,23,3,YES,NO,NO
V_CALL,75,USER_D5,datetime,8,23,3,YES,NO,NO
V_CALL,76,FOLLOW_UP_EMP_ID,nvarchar,30,0,0,YES,NO,NO
V_CALL,77,FOLLOW_UP_DAYS,smallint,2,5,0,YES,NO,NO
V_CALL,78,FOLLOW_UP_AUTO_GEN,smallint,2,5,0,YES,NO,NO
V_CALL,79,CALL_BILLING_ID,nvarchar,30,0,0,YES,NO,NO
V_CALL,80,CURRENCY_ID,nvarchar,30,0,0,YES,NO,NO
V_CALL,81,REV_GL_ACCT_ID,nvarchar,60,0,0,YES,NO,NO
V_CALL,82,TERMS_DESCRIPTION,nvarchar,160,0,0,YES,NO,NO
V_CALL,83,TERMS_DISC_DATE,datetime,8,23,3,YES,NO,NO
V_CALL,84,TERMS_DISC_DAYS,smallint,2,5,0,YES,NO,NO
V_CALL,85,TERMS_DISC_TYPE,nvarchar,2,0,0,YES,NO,NO
V_CALL,86,TERMS_NET_DATE,datetime,8,23,3,YES,NO,NO
V_CALL,87,TERMS_NET_DAYS,smallint,2,5,0,YES,NO,NO
V_CALL,88,TERMS_NET_TYPE,nvarchar,2,0,0,YES,NO,NO
V_CALL,89,FREIGHT_TERMS,nvarchar,2,0,0,YES,NO,NO
V_CALL,90,FREE_ON_BOARD,nvarchar,50,0,0,YES,NO,NO
V_CALL,91,VAT_ON_FIRST_INST,nvarchar,2,0,0,YES,NO,NO
V_CALL,92,EOM_DUE_DATE,nvarchar,2,0,0,YES,NO,NO
V_CALL,93,TERMS_DISC_PERCENT,decimal,5,6,3,YES,NO,NO
V_CALL,94,INST_PERIOD_TYPE,nvarchar,2,0,0,YES,NO,NO
V_CALL,95,SALESREP_ID,nvarchar,30,0,0,YES,NO,NO
V_CALL,96,DISCOUNT_CODE,nvarchar,30,0,0,YES,NO,NO
V_CALL,97,COMMISSION_PERCENT,decimal,5,6,3,YES,NO,NO
V_CALL,98,SLS_TAX_GRP_ID,nvarchar,30,0,0,YES,NO,NO
V_CALL,99,VAT_CODE,nvarchar,30,0,0,YES,NO,NO
V_CALL,100,ADDR_ID,nvarchar,30,0,0,YES,NO,NO
V_CALL,101,TERMS_ID,nvarchar,30,0,0,YES,NO,NO
V_CALL_BILL_RATE,1,ID,nvarchar,30,0,0,NO,NO,NO
V_CALL_BILL_RATE,2,DESCRIPTION,nvarchar,160,0,0,YES,NO,NO
V_CALL_BILL_RATE,3,BILLING_RATE,decimal,13,22,8,YES,NO,NO
V_CALL_BILL_RATE,4,REV_GL_ACCT_ID,nvarchar,60,0,0,YES,NO,NO
V_CALL_BILL_RATE,5,SLS_TAX_GRP_ID,nvarchar,30,0,0,YES,NO,NO
V_CALL_BILL_RATE,6,VAT_CODE,nvarchar,30,0,0,YES,NO,NO
V_CALL_BILL_RATE,7,LAST_USER,nvarchar,40,0,0,YES,NO,NO
V_CALL_BILL_RATE,8,LAST_MODIFIED,datetime,8,23,3,YES,NO,NO
V_CALL_BINARY,1,CALL_ID,nvarchar,30,0,0,NO,NO,NO
V_CALL_BINARY,2,TYPE,nvarchar,6,0,0,NO,NO,NO
V_CALL_BINARY,3,BITS_LENGTH,int,4,10,0,NO,NO,NO
V_CALL_BINARY,4,LAST_MODIFIED,datetime,8,23,3,YES,NO,NO
V_CALL_BINARY,5,LAST_USER,nvarchar,40,0,0,YES,NO,NO
V_CALL_BINARY,6,BITS,image,16,0,0,YES,NO,NO
V_CALL_BINARY,7,CREATE_DATE,datetime,8,23,3,YES,NO,NO
V_CALL_ISS_BINARY,1,CALL_ID,nvarchar,30,0,0,NO,NO,NO
V_CALL_ISS_BINARY,2,ISSUE_NO,smallint,2,5,0,NO,NO,NO
V_CALL_ISS_BINARY,3,TYPE,nvarchar,6,0,0,NO,NO,NO
V_CALL_ISS_BINARY,4,BITS_LENGTH,int,4,10,0,NO,NO,NO
V_CALL_ISS_BINARY,5,LAST_MODIFIED,datetime,8,23,3,YES,NO,NO
V_CALL_ISS_BINARY,6,LAST_USER,nvarchar,40,0,0,YES,NO,NO
V_CALL_ISS_BINARY,7,BITS,image,16,0,0,YES,NO,NO
V_CALL_ISS_BINARY,8,CREATE_DATE,datetime,8,23,3,YES,NO,NO
V_CALL_ISS_KEY,1,CALL_ID,nvarchar,30,0,0,NO,NO,NO
V_CALL_ISS_KEY,2,ISSUE_NO,smallint,2,5,0,NO,NO,NO
V_CALL_ISS_KEY,3,KEY_NO,smallint,2,5,0,NO,NO,NO
V_CALL_ISS_KEY,4,DESCRIPTION,nvarchar,100,0,0,YES,NO,NO
V_CALL_ISS_KEY,5,KEYWORD_ID,nvarchar,30,0,0,YES,NO,NO
V_CALL_ISS_KEY,6,LAST_MODIFIED,datetime,8,23,3,YES,NO,NO
V_CALL_ISS_KEY,7,LAST_USER,nvarchar,40,0,0,YES,NO,NO
V_CALL_ISS_KEY,8,CREATE_DATE,datetime,8,23,3,YES,NO,NO
V_CALL_ISSUE,1,CALL_ID,nvarchar,30,0,0,NO,NO,NO
V_CALL_ISSUE,2,LINE_NO,smallint,2,5,0,NO,NO,NO
V_CALL_ISSUE,3,ASSIGNED_TO_ID,nvarchar,30,0,0,YES,NO,NO
V_CALL_ISSUE,4,PRIORITY_ID,nvarchar,30,0,0,NO,NO,NO
V_CALL_ISSUE,5,RESOURCE_ID,nvarchar,30,0,0,YES,NO,NO
V_CALL_ISSUE,6,LAST_MODIFIED,datetime,8,23,3,YES,NO,NO
V_CALL_ISSUE,7,LAST_USER,nvarchar,40,0,0,YES,NO,NO
V_CALL_ISSUE,8,ISSUE_HDR,nvarchar,508,0,0,YES,NO,NO
V_CALL_ISSUE,10,STATUS,nvarchar,30,0,0,YES,NO,NO
V_CALL_ISSUE,11,CATEGORY_ID,nvarchar,30,0,0,YES,NO,NO
V_CALL_ISSUE,12,KEYWORD_ID,nvarchar,30,0,0,YES,NO,NO
V_CALL_ISSUE,13,PROMISE_DATE,datetime,8,23,3,YES,NO,NO
V_CALL_ISSUE,14,CREATOR,nvarchar,40,0,0,YES,NO,NO
V_CALL_ISSUE,15,CREATE_DATE,datetime,8,23,3,YES,NO,NO
V_CALL_ISSUE,16,USER_T1,nvarchar,160,0,0,YES,NO,NO
V_CALL_ISSUE,17,USER_T2,nvarchar,160,0,0,YES,NO,NO
V_CALL_ISSUE,18,USER_T3,nvarchar,160,0,0,YES,NO,NO
V_CALL_ISSUE,19,USER_T4,nvarchar,160,0,0,YES,NO,NO
V_CALL_ISSUE,20,USER_T5,nvarchar,160,0,0,YES,NO,NO
V_CALL_ISSUE,21,USER_D1,datetime,8,23,3,YES,NO,NO
V_CALL_ISSUE,22,USER_D2,datetime,8,23,3,YES,NO,NO
V_CALL_ISSUE,23,USER_D3,datetime,8,23,3,YES,NO,NO
V_CALL_ISSUE,24,USER_N1,decimal,13,23,8,YES,NO,NO
V_CALL_ISSUE,25,USER_N2,decimal,13,23,8,YES,NO,NO
V_CALL_ISSUE,26,USER_N3,decimal,13,23,8,YES,NO,NO
V_CALL_ISSUE,27,USER_N4,decimal,13,23,8,YES,NO,NO
V_CALL_ISSUE,28,USER_N5,decimal,13,23,8,YES,NO,NO
V_CALL_ISSUE,29,USER_T6,nvarchar,160,0,0,YES,NO,NO
V_CALL_ISSUE,30,USER_T7,nvarchar,160,0,0,YES,NO,NO
V_CALL_ISSUE,31,USER_T8,nvarchar,160,0,0,YES,NO,NO
V_CALL_ISSUE,32,USER_T9,nvarchar,160,0,0,YES,NO,NO
V_CALL_ISSUE,33,USER_T10,nvarchar,160,0,0,YES,NO,NO
V_CALL_ISSUE,34,USER_T11,nvarchar,160,0,0,YES,NO,NO
V_CALL_ISSUE,35,USER_T12,nvarchar,160,0,0,YES,NO,NO
V_CALL_ISSUE,36,USER_T13,nvarchar,160,0,0,YES,NO,NO
V_CALL_ISSUE,37,USER_T14,nvarchar,160,0,0,YES,NO,NO
V_CALL_ISSUE,38,USER_T15,nvarchar,160,0,0,YES,NO,NO
V_CALL_ISSUE,39,USER_T16,nvarchar,160,0,0,YES,NO,NO
V_CALL_ISSUE,40,USER_T17,nvarchar,160,0,0,YES,NO,NO
V_CALL_ISSUE,41,USER_T18,nvarchar,160,0,0,YES,NO,NO
V_CALL_ISSUE,42,USER_T19,nvarchar,160,0,0,YES,NO,NO
V_CALL_ISSUE,43,USER_T20,nvarchar,160,0,0,YES,NO,NO
V_CALL_ISSUE,44,USER_T21,nvarchar,160,0,0,YES,NO,NO
V_CALL_ISSUE,45,USER_T22,nvarchar,160,0,0,YES,NO,NO
V_CALL_ISSUE,46,USER_T23,nvarchar,160,0,0,YES,NO,NO
V_CALL_ISSUE,47,USER_T24,nvarchar,160,0,0,YES,NO,NO
V_CALL_ISSUE,48,USER_T25,nvarchar,160,0,0,YES,NO,NO
V_CALL_ISSUE,49,USER_T26,nvarchar,160,0,0,YES,NO,NO
V_CALL_ISSUE,50,USER_T27,nvarchar,160,0,0,YES,NO,NO
V_CALL_ISSUE,51,USER_T28,nvarchar,160,0,0,YES,NO,NO
V_CALL_ISSUE,52,USER_T29,nvarchar,160,0,0,YES,NO,NO
V_CALL_ISSUE,53,USER_T30,nvarchar,160,0,0,YES,NO,NO
V_CALL_ISSUE,54,USER_N6,decimal,13,23,8,YES,NO,NO
V_CALL_ISSUE,55,USER_N7,decimal,13,23,8,YES,NO,NO
V_CALL_ISSUE,56,USER_N8,decimal,13,23,8,YES,NO,NO
V_CALL_ISSUE,57,USER_N9,decimal,13,23,8,YES,NO,NO
V_CALL_ISSUE,58,USER_N10,decimal,13,23,8,YES,NO,NO
V_CALL_ISSUE,59,USER_N11,decimal,13,23,8,YES,NO,NO
V_CALL_ISSUE,60,USER_N12,decimal,13,23,8,YES,NO,NO
V_CALL_ISSUE,61,USER_N13,decimal,13,23,8,YES,NO,NO
V_CALL_ISSUE,62,USER_N14,decimal,13,23,8,YES,NO,NO
V_CALL_ISSUE,63,USER_N15,decimal,13,23,8,YES,NO,NO
V_CALL_ISSUE,64,USER_D4,datetime,8,23,3,YES,NO,NO
V_CALL_ISSUE,65,USER_D5,datetime,8,23,3,YES,NO,NO
V_CALL_ISSUE,66,ISSUE,ntext,16,0,0,YES,NO,NO
V_CALL_ISSUE,67,OWNER,nvarchar,40,0,0,YES,NO,NO
V_CALL_RES_BINARY,1,CALL_ID,nvarchar,30,0,0,NO,NO,NO
V_CALL_RES_BINARY,2,ISSUE_NO,smallint,2,5,0,NO,NO,NO
V_CALL_RES_BINARY,3,RESOLUTION_NO,smallint,2,5,0,NO,NO,NO
V_CALL_RES_BINARY,4,TYPE,nvarchar,6,0,0,NO,NO,NO
V_CALL_RES_BINARY,5,BITS_LENGTH,int,4,10,0,NO,NO,NO
V_CALL_RES_BINARY,6,LAST_MODIFIED,datetime,8,23,3,YES,NO,NO
V_CALL_RES_BINARY,7,LAST_USER,nvarchar,40,0,0,YES,NO,NO
V_CALL_RES_BINARY,8,BITS,image,16,0,0,YES,NO,NO
V_CALL_RES_BINARY,9,CREATE_DATE,datetime,8,23,3,YES,NO,NO
V_CALL_RES_KEYS,1,CALL_ID,nvarchar,30,0,0,NO,NO,NO
V_CALL_RES_KEYS,2,ISSUE_NO,smallint,2,5,0,NO,NO,NO
V_CALL_RES_KEYS,3,RESOLUTION_NO,smallint,2,5,0,NO,NO,NO
V_CALL_RES_KEYS,4,KEY_NO,smallint,2,5,0,NO,NO,NO
V_CALL_RES_KEYS,5,DESCRIPTION,nvarchar,100,0,0,YES,NO,NO
V_CALL_RES_KEYS,6,KEYWORD_ID,nvarchar,30,0,0,YES,NO,NO
V_CALL_RES_KEYS,7,LAST_MODIFIED,datetime,8,23,3,YES,NO,NO
V_CALL_RES_KEYS,8,LAST_USER,nvarchar,40,0,0,YES,NO,NO
V_CALL_RES_KEYS,9,CREATE_DATE,datetime,8,23,3,YES,NO,NO
V_CALL_RESOLUTION,1,CALL_ID,nvarchar,30,0,0,NO,NO,NO
V_CALL_RESOLUTION,2,ISSUE_NO,smallint,2,5,0,NO,NO,NO
V_CALL_RESOLUTION,3,LINE_NO,smallint,2,5,0,NO,NO,NO
V_CALL_RESOLUTION,4,BILL,smallint,2,5,0,NO,NO,NO
V_CALL_RESOLUTION,5,BILLING_RATE,decimal,13,22,8,NO,NO,NO
V_CALL_RESOLUTION,6,RESOLUTION_HDR,nvarchar,160,0,0,YES,NO,NO
V_CALL_RESOLUTION,7,END_DATE,datetime,8,23,3,YES,NO,NO
V_CALL_RESOLUTION,8,HRS_WORKED,decimal,9,14,4,NO,NO,NO
V_CALL_RESOLUTION,9,START_DATE,datetime,8,23,3,YES,NO,NO
V_CALL_RESOLUTION,10,LAST_MODIFIED,datetime,8,23,3,YES,NO,NO
V_CALL_RESOLUTION,11,LAST_USER,nvarchar,40,0,0,YES,NO,NO
V_CALL_RESOLUTION,13,CREATOR,nvarchar,40,0,0,YES,NO,NO
V_CALL_RESOLUTION,14,CREATE_DATE,datetime,8,23,3,YES,NO,NO
V_CALL_RESOLUTION,15,USER_T1,nvarchar,160,0,0,YES,NO,NO
V_CALL_RESOLUTION,16,USER_T2,nvarchar,160,0,0,YES,NO,NO
V_CALL_RESOLUTION,17,USER_T3,nvarchar,160,0,0,YES,NO,NO
V_CALL_RESOLUTION,18,USER_T4,nvarchar,160,0,0,YES,NO,NO
V_CALL_RESOLUTION,19,USER_T5,nvarchar,160,0,0,YES,NO,NO
V_CALL_RESOLUTION,20,USER_D1,datetime,8,23,3,YES,NO,NO
V_CALL_RESOLUTION,21,USER_D2,datetime,8,23,3,YES,NO,NO
V_CALL_RESOLUTION,22,USER_D3,datetime,8,23,3,YES,NO,NO
V_CALL_RESOLUTION,23,USER_N1,decimal,13,23,8,YES,NO,NO
V_CALL_RESOLUTION,24,USER_N2,decimal,13,23,8,YES,NO,NO
V_CALL_RESOLUTION,25,USER_N3,decimal,13,23,8,YES,NO,NO
V_CALL_RESOLUTION,26,USER_N4,decimal,13,23,8,YES,NO,NO
V_CALL_RESOLUTION,27,USER_N5,decimal,13,23,8,YES,NO,NO
V_CALL_RESOLUTION,28,RESOLUTION,ntext,16,0,0,YES,NO,NO
V_CALL_RESOLUTION,29,SLS_TAX_GRP_ID,nvarchar,30,0,0,YES,NO,NO
V_CALL_RESOLUTION,30,VAT_CODE,nvarchar,30,0,0,YES,NO,NO
V_CALL_RESOLUTION,31,INVOICED,smallint,2,5,0,YES,NO,NO
V_CALL_RESOLUTION,32,INVOICED_DATE,datetime,8,23,3,YES,NO,NO
V_CALL_RESOLUTION,33,INVOICE_ID,nvarchar,30,0,0,YES,NO,NO
V_CALL_RESOLUTION,34,CALL_BILLING_ID,nvarchar,30,0,0,YES,NO,NO
V_CALL_RESOLUTION,35,RECEIVABLE_ID,nvarchar,30,0,0,YES,NO,NO
V_CALL_RESOLUTION,36,EVENT_DATE,datetime,8,23,3,YES,NO,NO
V_CALL_RESOLUTION,37,COMMISSION_PERCENT,decimal,5,6,3,YES,NO,NO
V_CALL_RESOLUTION,38,DISCOUNT_PERCENT,decimal,5,6,3,YES,NO,NO
V_CALL_RESOLUTION,39,ACT_AMOUNT,decimal,13,23,8,YES,NO,NO
V_CATEGORY,1,ID,nvarchar,30,0,0,NO,NO,NO
V_CATEGORY,2,KEYWORD_ID,nvarchar,30,0,0,NO,NO,NO
V_CATEGORY,3,LAST_MODIFIED,datetime,8,23,3,YES,NO,NO
V_CATEGORY,4,LAST_USER,nvarchar,40,0,0,YES,NO,NO
V_CATEGORY,5,DETAILS,nvarchar,200,0,0,YES,NO,NO
V_CATEGORY,6,COLOR,int,4,10,0,YES,NO,NO
V_CATEGORY,7,CREATE_DATE,datetime,8,23,3,YES,NO,NO
V_COMMENTS_BACKUP,1,TYPE,nvarchar,40,0,0,YES,NO,NO
V_COMMENTS_BACKUP,2,ID,nvarchar,30,0,0,YES,NO,NO
V_COMMENTS_BACKUP,3,ID2_N,smallint,2,5,0,YES,NO,NO
V_COMMENTS_BACKUP,4,ID3_N,smallint,2,5,0,YES,NO,NO
V_COMMENTS_BACKUP,5,DATA1,image,16,0,0,YES,NO,NO
V_COMMIS_SHARE,1,ID,nvarchar,30,0,0,NO,NO,NO
V_COMMIS_SHARE,2,SALESREP_ID,nvarchar,30,0,0,NO,NO,NO
V_COMMIS_SHARE,3,TYPE,nvarchar,30,0,0,NO,NO,NO
V_COMMIS_SHARE,4,TYPE_ID,nvarchar,30,0,0,NO,NO,NO
V_COMMIS_SHARE,5,SHARE_PCT,decimal,5,6,3,NO,NO,NO
V_COMMIS_SHARE,6,LAST_MODIFIED,datetime,8,23,3,YES,NO,NO
V_COMMIS_SHARE,7,LAST_USER,nvarchar,40,0,0,YES,NO,NO
V_COMMIS_SHARE,8,CREATE_DATE,datetime,8,23,3,YES,NO,NO
V_CONTACT,1,ID,nvarchar,50,0,0,NO,NO,NO
V_CONTACT,2,ACCT_ID,nvarchar,30,0,0,YES,NO,NO
V_CONTACT,3,ADDR_1,nvarchar,100,0,0,YES,NO,NO
V_CONTACT,4,ADDR_2,nvarchar,100,0,0,YES,NO,NO
V_CONTACT,5,ADDR_3,nvarchar,100,0,0,YES,NO,NO
V_CONTACT,6,ADDR_NAME,nvarchar,100,0,0,YES,NO,NO
V_CONTACT,7,ALT_NAME,nvarchar,100,0,0,YES,NO,NO
V_CONTACT,8,ALT_ADDR_1,nvarchar,100,0,0,YES,NO,NO
V_CONTACT,9,ALT_ADDR_2,nvarchar,100,0,0,YES,NO,NO
V_CONTACT,10,ALT_ADDR_3,nvarchar,100,0,0,YES,NO,NO
V_CONTACT,11,ALT_COUNTRY,nvarchar,100,0,0,YES,NO,NO
V_CONTACT,12,ALT_CITY,nvarchar,60,0,0,YES,NO,NO
V_CONTACT,13,ALT_STATE,nvarchar,20,0,0,YES,NO,NO
V_CONTACT,14,ALT_ZIPCODE,nvarchar,30,0,0,YES,NO,NO
V_CONTACT,15,BIRTH_DATE,datetime,8,23,3,YES,NO,NO
V_CONTACT,16,BUS_PHONE,nvarchar,40,0,0,YES,NO,NO
V_CONTACT,17,CITY,nvarchar,60,0,0,YES,NO,NO
V_CONTACT,18,CONTACT_NO,smallint,2,5,0,YES,NO,NO
V_CONTACT,19,COUNTRY,nvarchar,100,0,0,YES,NO,NO
V_CONTACT,20,CREATE_DATE,datetime,8,23,3,NO,NO,NO
V_CONTACT,21,CREATOR,nvarchar,40,0,0,YES,NO,NO
V_CONTACT,22,CUST_ID,nvarchar,30,0,0,YES,NO,NO
V_CONTACT,23,EMAIL_ADDR,nvarchar,100,0,0,YES,NO,NO
V_CONTACT,24,FAX_PHONE,nvarchar,40,0,0,YES,NO,NO
V_CONTACT,25,FIRST_NAME,nvarchar,60,0,0,YES,NO,NO
V_CONTACT,26,FOLLOW_UP,smallint,2,5,0,NO,NO,NO
V_CONTACT,27,FOLLOW_UP_DATE,datetime,8,23,3,YES,NO,NO
V_CONTACT,28,FOLLOW_UP_TYPE,nvarchar,2,0,0,YES,NO,NO
V_CONTACT,29,GENDER,nvarchar,2,0,0,YES,NO,NO
V_CONTACT,30,HOME_PHONE,nvarchar,40,0,0,YES,NO,NO
V_CONTACT,31,HONORIFIC,nvarchar,30,0,0,YES,NO,NO
V_CONTACT,32,MIDDLE_INITIAL,nvarchar,4,0,0,YES,NO,NO
V_CONTACT,33,LAST_NAME,nvarchar,60,0,0,YES,NO,NO
V_CONTACT,34,MOBILE_PHONE,nvarchar,40,0,0,YES,NO,NO
V_CONTACT,35,NICK_NAME,nvarchar,100,0,0,YES,NO,NO
V_CONTACT,36,OTHER_PHONE,nvarchar,40,0,0,YES,NO,NO
V_CONTACT,37,OWNER,nvarchar,40,0,0,YES,NO,NO
V_CONTACT,38,REPORTS_TO_ID,nvarchar,50,0,0,YES,NO,NO
V_CONTACT,39,SEMINAR_INVITE,smallint,2,5,0,NO,NO,NO
V_CONTACT,40,SEND_NEWS,smallint,2,5,0,NO,NO,NO
V_CONTACT,41,SEND_PROMO,smallint,2,5,0,NO,NO,NO
V_CONTACT,42,SOC_SEC_NBR,nvarchar,22,0,0,YES,NO,NO
V_CONTACT,43,STATE,nvarchar,20,0,0,YES,NO,NO
V_CONTACT,44,TIME_ZONE,nvarchar,20,0,0,YES,NO,NO
V_CONTACT,45,TITLE,nvarchar,100,0,0,YES,NO,NO
V_CONTACT,46,URL,nvarchar,510,0,0,YES,NO,NO
V_CONTACT,47,USER_T1,nvarchar,160,0,0,YES,NO,NO
V_CONTACT,48,USER_T2,nvarchar,160,0,0,YES,NO,NO
V_CONTACT,49,USER_T3,nvarchar,160,0,0,YES,NO,NO
V_CONTACT,50,USER_T4,nvarchar,160,0,0,YES,NO,NO
V_CONTACT,51,USER_T5,nvarchar,160,0,0,YES,NO,NO
V_CONTACT,52,USER_D1,datetime,8,23,3,YES,NO,NO
V_CONTACT,53,USER_D2,datetime,8,23,3,YES,NO,NO
V_CONTACT,54,USER_D3,datetime,8,23,3,YES,NO,NO
V_CONTACT,55,VENDOR_ID,nvarchar,30,0,0,YES,NO,NO
V_CONTACT,56,WEB_PASSWORD,nvarchar,40,0,0,YES,NO,NO
V_CONTACT,57,WEB_USER_ID,nvarchar,40,0,0,YES,NO,NO
V_CONTACT,58,ZIPCODE,nvarchar,20,0,0,YES,NO,NO
V_CONTACT,59,COMMENTS,nvarchar,508,0,0,YES,NO,NO
V_CONTACT,60,LAST_MODIFIED,datetime,8,23,3,YES,NO,NO
V_CONTACT,61,LAST_USER,nvarchar,40,0,0,YES,NO,NO
V_CONTACT,62,USER_N1,decimal,13,23,8,YES,NO,NO
V_CONTACT,63,USER_N2,decimal,13,23,8,YES,NO,NO
V_CONTACT,64,USER_N3,decimal,13,23,8,YES,NO,NO
V_CONTACT,65,USER_N4,decimal,13,23,8,YES,NO,NO
V_CONTACT,66,USER_N5,decimal,13,23,8,YES,NO,NO
V_CONTACT,67,INACTIVE_CONTACT,smallint,2,5,0,YES,NO,NO
V_CONTACT,68,ACCT_PRIMARY,smallint,2,5,0,YES,NO,NO
V_CONTACT,69,PROPER_NAME,nvarchar,120,0,0,YES,NO,NO
V_CONTACT,70,USER_T6,nvarchar,160,0,0,YES,NO,NO
V_CONTACT,71,USER_T7,nvarchar,160,0,0,YES,NO,NO
V_CONTACT,72,USER_T8,nvarchar,160,0,0,YES,NO,NO
V_CONTACT,73,USER_T9,nvarchar,160,0,0,YES,NO,NO
V_CONTACT,74,USER_T10,nvarchar,160,0,0,YES,NO,NO
V_CONTACT,75,USER_T11,nvarchar,160,0,0,YES,NO,NO
V_CONTACT,76,USER_T12,nvarchar,160,0,0,YES,NO,NO
V_CONTACT,77,USER_T13,nvarchar,160,0,0,YES,NO,NO
V_CONTACT,78,USER_T14,nvarchar,160,0,0,YES,NO,NO
V_CONTACT,79,USER_T15,nvarchar,160,0,0,YES,NO,NO
V_CONTACT,80,USER_T16,nvarchar,160,0,0,YES,NO,NO
V_CONTACT,81,USER_T17,nvarchar,160,0,0,YES,NO,NO
V_CONTACT,82,USER_T18,nvarchar,160,0,0,YES,NO,NO
V_CONTACT,83,USER_T19,nvarchar,160,0,0,YES,NO,NO
V_CONTACT,84,USER_T20,nvarchar,160,0,0,YES,NO,NO
V_CONTACT,85,USER_T21,nvarchar,160,0,0,YES,NO,NO
V_CONTACT,86,USER_T22,nvarchar,160,0,0,YES,NO,NO
V_CONTACT,87,USER_T23,nvarchar,160,0,0,YES,NO,NO
V_CONTACT,88,USER_T24,nvarchar,160,0,0,YES,NO,NO
V_CONTACT,89,USER_T25,nvarchar,160,0,0,YES,NO,NO
V_CONTACT,90,USER_T26,nvarchar,160,0,0,YES,NO,NO
V_CONTACT,91,USER_T27,nvarchar,160,0,0,YES,NO,NO
V_CONTACT,92,USER_T28,nvarchar,160,0,0,YES,NO,NO
V_CONTACT,93,USER_T29,nvarchar,160,0,0,YES,NO,NO
V_CONTACT,94,USER_T30,nvarchar,160,0,0,YES,NO,NO
V_CONTACT,95,USER_N6,decimal,13,23,8,YES,NO,NO
V_CONTACT,96,USER_N7,decimal,13,23,8,YES,NO,NO
V_CONTACT,97,USER_N8,decimal,13,23,8,YES,NO,NO
V_CONTACT,98,USER_N9,decimal,13,23,8,YES,NO,NO
V_CONTACT,99,USER_N10,decimal,13,23,8,YES,NO,NO
V_CONTACT,100,USER_N11,decimal,13,23,8,YES,NO,NO
V_CONTACT,101,USER_N12,decimal,13,23,8,YES,NO,NO
V_CONTACT,102,USER_N13,decimal,13,23,8,YES,NO,NO
V_CONTACT,103,USER_N14,decimal,13,23,8,YES,NO,NO
V_CONTACT,104,USER_N15,decimal,13,23,8,YES,NO,NO
V_CONTACT,105,USER_D4,datetime,8,23,3,YES,NO,NO
V_CONTACT,106,USER_D5,datetime,8,23,3,YES,NO,NO
V_CONTACT,107,AREA_ID,nvarchar,30,0,0,YES,NO,NO
V_CONTACT,108,BRANCH_ID,nvarchar,30,0,0,YES,NO,NO
V_CONTACT,109,BUS_UNIT_ID,nvarchar,30,0,0,YES,NO,NO
V_CONTACT,110,DIVISION_ID,nvarchar,30,0,0,YES,NO,NO
V_CONTACT,111,RATING,smallint,2,5,0,YES,NO,NO
V_CONTACT,112,RATING_COMMENTS,nvarchar,508,0,0,YES,NO,NO
V_CONTACT,113,SALESREP_ID,nvarchar,30,0,0,YES,NO,NO
V_CONTACT,114,SUB_AREA_ID,nvarchar,30,0,0,YES,NO,NO
V_CONTACT,115,TERRITORY,nvarchar,30,0,0,YES,NO,NO
V_CONTACT,116,TYPE,nvarchar,30,0,0,YES,NO,NO
V_CONTACT,118,DO_NOT_CONTACT,datetime,8,23,3,YES,NO,NO
V_CONTACT,119,DO_NOT_EMAIL,datetime,8,23,3,YES,NO,NO
V_CONTACT,120,DO_NOT_PHONE,datetime,8,23,3,YES,NO,NO
V_CONTACT,121,DO_NOT_MAIL,datetime,8,23,3,YES,NO,NO
V_CONTACT,122,DO_NOT_FAX,datetime,8,23,3,YES,NO,NO
V_CONTACT,123,COMMENTS_BIN,ntext,16,0,0,YES,NO,NO
V_CONTACT,124,PREF_CONTACT,nvarchar,30,0,0,YES,NO,NO
V_CONTACT,125,SALUTATION,nvarchar,120,0,0,YES,NO,NO
V_CONTACT,126,VE_CONT_ID,nvarchar,50,0,0,YES,NO,NO
V_CONTACT,127,USER_1,nvarchar,160,0,0,YES,NO,NO
V_CONTACT,128,USER_2,nvarchar,160,0,0,YES,NO,NO
V_CONTACT,129,USER_3,nvarchar,160,0,0,YES,NO,NO
V_CONTACT,130,USER_4,nvarchar,160,0,0,YES,NO,NO
V_CONTACT,131,USER_5,nvarchar,160,0,0,YES,NO,NO
V_CONTACT,132,USER_6,nvarchar,160,0,0,YES,NO,NO
V_CONTACT,133,USER_7,nvarchar,160,0,0,YES,NO,NO
V_CONTACT,134,USER_8,nvarchar,160,0,0,YES,NO,NO
V_CONTACT,135,USER_9,nvarchar,160,0,0,YES,NO,NO
V_CONTACT,136,USER_10,nvarchar,160,0,0,YES,NO,NO
V_CONTACT,137,COUNTRY_DIAL_CODE,nvarchar,20,0,0,YES,NO,NO
V_CONTACT,138,MIDDLE_NAME,nvarchar,60,0,0,YES,NO,NO
V_CONTACT,139,PHONE_EXT,nvarchar,20,0,0,YES,NO,NO
V_CONTACT,140,CONTACT_COUNTRY_ID,nvarchar,30,0,0,YES,NO,NO
V_CONTACT_BINARY,1,CONTACT_ID,nvarchar,50,0,0,NO,NO,NO
V_CONTACT_BINARY,2,BITS_LENGTH,int,4,10,0,NO,NO,NO
V_CONTACT_BINARY,3,TYPE,nvarchar,6,0,0,NO,NO,NO
V_CONTACT_BINARY,4,LAST_MODIFIED,datetime,8,23,3,YES,NO,NO
V_CONTACT_BINARY,5,LAST_USER,nvarchar,40,0,0,YES,NO,NO
V_CONTACT_BINARY,6,BITS,image,16,0,0,YES,NO,NO
V_CONTACT_BINARY,7,CREATE_DATE,datetime,8,23,3,YES,NO,NO
V_CONTACT_PREF,1,ID,nvarchar,30,0,0,NO,NO,NO
V_CONTACT_PREF,2,DESCRIPTION,nvarchar,100,0,0,YES,NO,NO
V_CONTACT_PREF,3,LAST_MODIFIED,datetime,8,23,3,YES,NO,NO
V_CONTACT_PREF,4,LAST_USER,nvarchar,40,0,0,YES,NO,NO
V_CONTACT_PREF,5,CREATE_DATE,datetime,8,23,3,YES,NO,NO
V_CONTACT_PREF,6,CREATOR,nvarchar,40,0,0,YES,NO,NO
V_CONTR_ADDR,1,ADDR_ID,nvarchar,30,0,0,NO,NO,NO
V_CONTR_ADDR,2,CONTR_ID,nvarchar,30,0,0,NO,NO,NO
V_CONTR_ADDR,3,LAST_MODIFIED,datetime,8,23,3,YES,NO,NO
V_CONTR_ADDR,4,LAST_USER,nvarchar,40,0,0,YES,NO,NO
V_CONTR_ADDR,5,CREATE_DATE,datetime,8,23,3,YES,NO,NO
V_CONTR_BILLING,1,CONTR_ID,nvarchar,30,0,0,NO,NO,NO
V_CONTR_BILLING,2,EVENT_SEQ_NO,smallint,2,5,0,NO,NO,NO
V_CONTR_BILLING,3,DESCRIPTION,nvarchar,160,0,0,YES,NO,NO
V_CONTR_BILLING,4,BILL_AMOUNT,decimal,13,23,8,YES,NO,NO
V_CONTR_BILLING,5,BILL_PERCENT,decimal,5,6,3,YES,NO,NO
V_CONTR_BILLING,6,EVENT_DATE,datetime,8,23,3,YES,NO,NO
V_CONTR_BILLING,7,REV_GL_ACCT_ID,nvarchar,60,0,0,YES,NO,NO
V_CONTR_BILLING,8,SLS_TAX_GRP_ID,nvarchar,30,0,0,YES,NO,NO
V_CONTR_BILLING,9,VAT_CODE,nvarchar,30,0,0,YES,NO,NO
V_CONTR_BILLING,10,COMMISSION_PERCENT,decimal,5,6,3,YES,NO,NO
V_CONTR_BILLING,11,DISCOUNT_PERCENT,decimal,5,6,3,YES,NO,NO
V_CONTR_BILLING,12,ACT_AMOUNT,decimal,13,23,8,YES,NO,NO
V_CONTR_BILLING,13,TRIGGERED_FLAG,smallint,2,5,0,YES,NO,NO
V_CONTR_BILLING,14,TRIGGERED_DATE,datetime,8,23,3,YES,NO,NO
V_CONTR_BILLING,15,CREATE_DATE,datetime,8,23,3,YES,NO,NO
V_CONTR_BILLING,16,CREATOR,nvarchar,40,0,0,YES,NO,NO
V_CONTR_BILLING,17,LAST_USER,nvarchar,40,0,0,YES,NO,NO
V_CONTR_BILLING,18,LAST_MODIFIED,datetime,8,23,3,YES,NO,NO
V_CONTR_BILLING,19,INVOICE_ID,nvarchar,30,0,0,YES,NO,NO
V_CONTR_BILLING,20,RECEIVABLE_ID,nvarchar,30,0,0,YES,NO,NO
V_CONTR_BILLING,21,BILLING_BASIS,nvarchar,2,0,0,YES,NO,NO
V_CONTR_BILLING,22,REVENUE_STATUS,nvarchar,2,0,0,YES,NO,NO
V_CONTR_BINARY,1,CONTR_ID,nvarchar,30,0,0,NO,NO,NO
V_CONTR_BINARY,2,TYPE,nvarchar,6,0,0,NO,NO,NO
V_CONTR_BINARY,3,BITS_LENGTH,int,4,10,0,NO,NO,NO
V_CONTR_BINARY,4,LAST_MODIFIED,datetime,8,23,3,YES,NO,NO
V_CONTR_BINARY,5,LAST_USER,nvarchar,40,0,0,YES,NO,NO
V_CONTR_BINARY,6,BITS,image,16,0,0,YES,NO,NO
V_CONTR_BINARY,7,CREATE_DATE,datetime,8,23,3,YES,NO,NO
V_CONTR_CHARGE,1,ID,nvarchar,30,0,0,NO,NO,NO
V_CONTR_CHARGE,2,CONTRACT_ID,nvarchar,30,0,0,NO,NO,NO
V_CONTR_CHARGE,3,ITEM_TYPE,nchar,2,0,0,NO,NO,NO
V_CONTR_CHARGE,4,ITEM_ID,nvarchar,30,0,0,NO,NO,NO
V_CONTR_CHARGE,5,SUB_TYPE,nvarchar,30,0,0,NO,NO,NO
V_CONTR_CHARGE,6,SUB_ID,smallint,2,5,0,NO,NO,NO
V_CONTR_CHARGE,7,DIST_NBR,nvarchar,30,0,0,NO,NO,NO
V_CONTR_CHARGE,8,AMOUNT,decimal,13,23,8,YES,NO,NO
V_CONTR_CHARGE,9,CREATE_DATE,datetime,8,23,3,YES,NO,NO
V_CONTR_CHARGE,10,INVOICE_ID,nvarchar,30,0,0,NO,NO,NO
V_CONTR_CHARGE,11,POSTING_CANDIDATE,smallint,2,5,0,YES,NO,NO
V_CONTR_CHARGE,12,LAST_USER,nvarchar,40,0,0,YES,NO,NO
V_CONTR_CHARGE,13,LAST_MODIFIED,datetime,8,23,3,YES,NO,NO
V_CONTR_CONT,1,CONTR_ID,nvarchar,30,0,0,NO,NO,NO
V_CONTR_CONT,2,CONTACT_ID,nvarchar,50,0,0,NO,NO,NO
V_CONTR_CONT,3,LAST_MODIFIED,datetime,8,23,3,YES,NO,NO
V_CONTR_CONT,4,LAST_USER,nvarchar,40,0,0,YES,NO,NO
V_CONTR_CONT,5,PRIMARY_CONTACT,smallint,2,5,0,YES,NO,NO
V_CONTR_CONT,6,CREATE_DATE,datetime,8,23,3,YES,NO,NO
V_CONTR_ITEM,1,CONTR_ID,nvarchar,30,0,0,NO,NO,NO
V_CONTR_ITEM,2,ITEM_NO,smallint,2,5,0,NO,NO,NO
V_CONTR_ITEM,3,AUTO_GENERATE,smallint,2,5,0,NO,NO,NO
V_CONTR_ITEM,4,DESCRIPTION,nvarchar,100,0,0,YES,NO,NO
V_CONTR_ITEM,5,EXCLUDED,smallint,2,5,0,NO,NO,NO
V_CONTR_ITEM,6,PART_ID,nvarchar,60,0,0,YES,NO,NO
V_CONTR_ITEM,7,QTY,decimal,13,20,8,NO,NO,NO
V_CONTR_ITEM,8,RESOURCE_ID,nvarchar,30,0,0,YES,NO,NO
V_CONTR_ITEM,9,SRVC_CHARGE_ID,nvarchar,30,0,0,YES,NO,NO
V_CONTR_ITEM,10,SRVC_UM,nvarchar,30,0,0,YES,NO,NO
V_CONTR_ITEM,11,TRACE_ID,nvarchar,60,0,0,YES,NO,NO
V_CONTR_ITEM,12,WORKORDER_BASE_ID,nvarchar,60,0,0,YES,NO,NO
V_CONTR_ITEM,13,WORKORDER_LOT_ID,nvarchar,6,0,0,YES,NO,NO
V_CONTR_ITEM,14,WORKORDER_SPLIT_ID,nvarchar,6,0,0,YES,NO,NO
V_CONTR_ITEM,15,WORKORDER_SUB_ID,nvarchar,6,0,0,YES,NO,NO
V_CONTR_ITEM,16,WORKORDER_TYPE,nchar,2,0,0,YES,NO,NO
V_CONTR_ITEM,17,LAST_MODIFIED,datetime,8,23,3,YES,NO,NO
V_CONTR_ITEM,18,LAST_USER,nvarchar,40,0,0,YES,NO,NO
V_CONTR_ITEM,19,SRVC_CODE,nvarchar,30,0,0,YES,NO,NO
V_CONTR_ITEM,20,SRVC_TYPE,nvarchar,30,0,0,YES,NO,NO
V_CONTR_ITEM,21,CREATOR,nvarchar,40,0,0,YES,NO,NO
V_CONTR_ITEM,22,CREATE_DATE,datetime,8,23,3,YES,NO,NO
V_CONTR_ITEM,23,START_DATE,datetime,8,23,3,YES,NO,NO
V_CONTR_ITEM,24,END_DATE,datetime,8,23,3,YES,NO,NO
V_CONTR_ITEM,25,STATUS,nvarchar,30,0,0,YES,NO,NO
V_CONTR_ITEM,26,USER_T1,nvarchar,160,0,0,YES,NO,NO
V_CONTR_ITEM,27,USER_T2,nvarchar,160,0,0,YES,NO,NO
V_CONTR_ITEM,28,USER_T3,nvarchar,160,0,0,YES,NO,NO
V_CONTR_ITEM,29,USER_T4,nvarchar,160,0,0,YES,NO,NO
V_CONTR_ITEM,30,USER_T5,nvarchar,160,0,0,YES,NO,NO
V_CONTR_ITEM,31,USER_T6,nvarchar,160,0,0,YES,NO,NO
V_CONTR_ITEM,32,USER_T7,nvarchar,160,0,0,YES,NO,NO
V_CONTR_ITEM,33,USER_T8,nvarchar,160,0,0,YES,NO,NO
V_CONTR_ITEM,34,USER_T9,nvarchar,160,0,0,YES,NO,NO
V_CONTR_ITEM,35,USER_T10,nvarchar,160,0,0,YES,NO,NO
V_CONTR_ITEM,36,USER_T11,nvarchar,160,0,0,YES,NO,NO
V_CONTR_ITEM,37,USER_T12,nvarchar,160,0,0,YES,NO,NO
V_CONTR_ITEM,38,USER_T13,nvarchar,160,0,0,YES,NO,NO
V_CONTR_ITEM,39,USER_T14,nvarchar,160,0,0,YES,NO,NO
V_CONTR_ITEM,40,USER_T15,nvarchar,160,0,0,YES,NO,NO
V_CONTR_ITEM,41,USER_T16,nvarchar,160,0,0,YES,NO,NO
V_CONTR_ITEM,42,USER_T17,nvarchar,160,0,0,YES,NO,NO
V_CONTR_ITEM,43,USER_T18,nvarchar,160,0,0,YES,NO,NO
V_CONTR_ITEM,44,USER_T19,nvarchar,160,0,0,YES,NO,NO
V_CONTR_ITEM,45,USER_T20,nvarchar,160,0,0,YES,NO,NO
V_CONTR_ITEM,46,USER_T21,nvarchar,160,0,0,YES,NO,NO
V_CONTR_ITEM,47,USER_T22,nvarchar,160,0,0,YES,NO,NO
V_CONTR_ITEM,48,USER_T23,nvarchar,160,0,0,YES,NO,NO
V_CONTR_ITEM,49,USER_T24,nvarchar,160,0,0,YES,NO,NO
V_CONTR_ITEM,50,USER_T25,nvarchar,160,0,0,YES,NO,NO
V_CONTR_ITEM,51,USER_T26,nvarchar,160,0,0,YES,NO,NO
V_CONTR_ITEM,52,USER_T27,nvarchar,160,0,0,YES,NO,NO
V_CONTR_ITEM,53,USER_T28,nvarchar,160,0,0,YES,NO,NO
V_CONTR_ITEM,54,USER_T29,nvarchar,160,0,0,YES,NO,NO
V_CONTR_ITEM,55,USER_T30,nvarchar,160,0,0,YES,NO,NO
V_CONTR_ITEM,56,USER_N1,decimal,13,23,8,YES,NO,NO
V_CONTR_ITEM,57,USER_N2,decimal,13,23,8,YES,NO,NO
V_CONTR_ITEM,58,USER_N3,decimal,13,23,8,YES,NO,NO
V_CONTR_ITEM,59,USER_N4,decimal,13,23,8,YES,NO,NO
V_CONTR_ITEM,60,USER_N5,decimal,13,23,8,YES,NO,NO
V_CONTR_ITEM,61,USER_N6,decimal,13,23,8,YES,NO,NO
V_CONTR_ITEM,62,USER_N7,decimal,13,23,8,YES,NO,NO
V_CONTR_ITEM,63,USER_N8,decimal,13,23,8,YES,NO,NO
V_CONTR_ITEM,64,USER_N9,decimal,13,23,8,YES,NO,NO
V_CONTR_ITEM,65,USER_N10,decimal,13,23,8,YES,NO,NO
V_CONTR_ITEM,66,USER_N11,decimal,13,23,8,YES,NO,NO
V_CONTR_ITEM,67,USER_N12,decimal,13,23,8,YES,NO,NO
V_CONTR_ITEM,68,USER_N13,decimal,13,23,8,YES,NO,NO
V_CONTR_ITEM,69,USER_N14,decimal,13,23,8,YES,NO,NO
V_CONTR_ITEM,70,USER_N15,decimal,13,23,8,YES,NO,NO
V_CONTR_ITEM,71,USER_D1,datetime,8,23,3,YES,NO,NO
V_CONTR_ITEM,72,USER_D2,datetime,8,23,3,YES,NO,NO
V_CONTR_ITEM,73,USER_D3,datetime,8,23,3,YES,NO,NO
V_CONTR_ITEM,74,USER_D4,datetime,8,23,3,YES,NO,NO
V_CONTR_ITEM,75,USER_D5,datetime,8,23,3,YES,NO,NO
V_CONTR_ITEM,76,SITE_ID,nvarchar,30,0,0,NO,NO,NO
V_CONTR_ITEM_BIN,1,CONTR_ID,nvarchar,30,0,0,NO,NO,NO
V_CONTR_ITEM_BIN,2,ITEM_TYPE,nvarchar,6,0,0,NO,NO,NO
V_CONTR_ITEM_BIN,3,LINE_NO,smallint,2,5,0,NO,NO,NO
V_CONTR_ITEM_BIN,4,TYPE,nvarchar,6,0,0,NO,NO,NO
V_CONTR_ITEM_BIN,5,BITS_LENGTH,int,4,10,0,NO,NO,NO
V_CONTR_ITEM_BIN,6,LAST_MODIFIED,datetime,8,23,3,YES,NO,NO
V_CONTR_ITEM_BIN,7,LAST_USER,nvarchar,40,0,0,YES,NO,NO
V_CONTR_ITEM_BIN,8,BITS,image,16,0,0,YES,NO,NO
V_CONTR_ITEM_BIN,9,CREATE_DATE,datetime,8,23,3,YES,NO,NO
V_CONTR_PMT,1,CONTR_ID,nvarchar,30,0,0,NO,NO,NO
V_CONTR_PMT,2,ID,nvarchar,30,0,0,NO,NO,NO
V_CONTR_PMT,3,DUE_DATE,datetime,8,23,3,YES,NO,NO
V_CONTR_PMT,4,AMOUNT,decimal,13,23,8,YES,NO,NO
V_CONTR_PMT,5,INVOICE_ID,nvarchar,30,0,0,NO,NO,NO
V_CONTR_PMT,6,POSTING_CANDIDATE,smallint,2,5,0,YES,NO,NO
V_CONTR_PMT,7,LAST_USER,nvarchar,40,0,0,YES,NO,NO
V_CONTR_PMT,8,LAST_MODIFIED,datetime,8,23,3,YES,NO,NO
V_CONTR_PMT,9,CREATOR,nvarchar,40,0,0,YES,NO,NO
V_CONTR_PMT,10,CREATE_DATE,datetime,8,23,3,YES,NO,NO
V_CONTR_TYPE,1,ID,nvarchar,30,0,0,NO,NO,NO
V_CONTR_TYPE,2,AUTO_GEN_DAY,nvarchar,30,0,0,YES,NO,NO
V_CONTR_TYPE,3,AUTO_GEN_MONTH,nvarchar,30,0,0,YES,NO,NO
V_CONTR_TYPE,4,AUTO_GENERATE,smallint,2,5,0,YES,NO,NO
V_CONTR_TYPE,5,AUTO_RENEW,smallint,2,5,0,YES,NO,NO
V_CONTR_TYPE,7,DESCRIPTION,nvarchar,100,0,0,NO,NO,NO
V_CONTR_TYPE,8,SITE_ID,nvarchar,30,0,0,NO,NO,NO
V_CONTR_TYPE,9,EXP_MKUP_AMOUNT,decimal,13,23,8,YES,NO,NO
V_CONTR_TYPE,10,EXP_MKUP_PERCENT,decimal,5,6,3,YES,NO,NO
V_CONTR_TYPE,11,EXPENSE,smallint,2,5,0,YES,NO,NO
V_CONTR_TYPE,12,FENCE_MINUS,smallint,2,5,0,YES,NO,NO
V_CONTR_TYPE,13,FENCE_PLUS,smallint,2,5,0,YES,NO,NO
V_CONTR_TYPE,14,FREQUENCY_TYPE,nvarchar,30,0,0,YES,NO,NO
V_CONTR_TYPE,15,LABOR,smallint,2,5,0,YES,NO,NO
V_CONTR_TYPE,16,LBR_RATE_GROUP,nvarchar,30,0,0,YES,NO,NO
V_CONTR_TYPE,17,MATERIALS,smallint,2,5,0,YES,NO,NO
V_CONTR_TYPE,18,MAX_ORDERS,smallint,2,5,0,YES,NO,NO
V_CONTR_TYPE,19,MTL_MKUP_AMOUNT,decimal,13,23,8,YES,NO,NO
V_CONTR_TYPE,20,MTL_MKUP_PERCENT,decimal,5,6,3,YES,NO,NO
V_CONTR_TYPE,22,REV_EXP_ACCT_ID,nvarchar,60,0,0,YES,NO,NO
V_CONTR_TYPE,23,SLS_TAX_GRP_ID,nvarchar,30,0,0,YES,NO,NO
V_CONTR_TYPE,24,LAST_MODIFIED,datetime,8,23,3,YES,NO,NO
V_CONTR_TYPE,25,LAST_USER,nvarchar,40,0,0,YES,NO,NO
V_CONTR_TYPE,26,DURATION,int,4,10,0,YES,NO,NO
V_CONTR_TYPE,27,ACCT_MGR_ID,nvarchar,30,0,0,YES,NO,NO
V_CONTR_TYPE,28,DEPOSIT_AMOUNT,decimal,13,23,8,YES,NO,NO
V_CONTR_TYPE,29,PMT_AMOUNT,decimal,13,23,8,YES,NO,NO
V_CONTR_TYPE,30,PMT_FREQ,smallint,2,5,0,YES,NO,NO
V_CONTR_TYPE,31,PMT_PERIOD,nvarchar,30,0,0,YES,NO,NO
V_CONTR_TYPE,32,PRODUCT_CODE,nvarchar,30,0,0,YES,NO,NO
V_CONTR_TYPE,33,STATUS,nvarchar,30,0,0,YES,NO,NO
V_CONTR_TYPE,34,TERMS_DESCRIPTION,nvarchar,160,0,0,YES,NO,NO
V_CONTR_TYPE,35,TERMS_DISC_DATE,datetime,8,23,3,YES,NO,NO
V_CONTR_TYPE,36,TERMS_DISC_DAYS,smallint,2,5,0,YES,NO,NO
V_CONTR_TYPE,37,TERMS_DISC_PERCENT,decimal,5,6,3,YES,NO,NO
V_CONTR_TYPE,38,TERMS_DISC_TYPE,nchar,2,0,0,YES,NO,NO
V_CONTR_TYPE,39,TERMS_NET_DATE,datetime,8,23,3,YES,NO,NO
V_CONTR_TYPE,40,TERMS_NET_DAYS,smallint,2,5,0,YES,NO,NO
V_CONTR_TYPE,41,TERMS_NET_TYPE,nchar,2,0,0,YES,NO,NO
V_CONTR_TYPE,42,AMOUNT,decimal,13,23,8,YES,NO,NO
V_CONTR_TYPE,43,COMMISSION_PERCENT,decimal,5,6,4,YES,NO,NO
V_CONTR_TYPE,44,CREATOR,nvarchar,40,0,0,YES,NO,NO
V_CONTR_TYPE,45,CURRENCY_ID,nvarchar,30,0,0,YES,NO,NO
V_CONTR_TYPE,46,DURATION_TYPE,nvarchar,30,0,0,YES,NO,NO
V_CONTR_TYPE,47,REV_LBR_ACCT_ID,nvarchar,60,0,0,YES,NO,NO
V_CONTR_TYPE,48,REV_MTL_ACCT_ID,nvarchar,60,0,0,YES,NO,NO
V_CONTR_TYPE,49,SALESREP_ID,nvarchar,30,0,0,YES,NO,NO
V_CONTR_TYPE,50,USER_D1,datetime,8,23,3,YES,NO,NO
V_CONTR_TYPE,51,USER_D2,datetime,8,23,3,YES,NO,NO
V_CONTR_TYPE,52,USER_D3,datetime,8,23,3,YES,NO,NO
V_CONTR_TYPE,53,USER_N1,decimal,13,23,8,YES,NO,NO
V_CONTR_TYPE,54,USER_N2,decimal,13,23,8,YES,NO,NO
V_CONTR_TYPE,55,USER_N3,decimal,13,23,8,YES,NO,NO
V_CONTR_TYPE,56,USER_N4,decimal,13,23,8,YES,NO,NO
V_CONTR_TYPE,57,USER_N5,decimal,13,23,8,YES,NO,NO
V_CONTR_TYPE,58,USER_T1,nvarchar,160,0,0,YES,NO,NO
V_CONTR_TYPE,59,USER_T2,nvarchar,160,0,0,YES,NO,NO
V_CONTR_TYPE,60,USER_T3,nvarchar,160,0,0,YES,NO,NO
V_CONTR_TYPE,61,USER_T4,nvarchar,160,0,0,YES,NO,NO
V_CONTR_TYPE,62,USER_T5,nvarchar,160,0,0,YES,NO,NO
V_CONTR_TYPE,63,BUS_UNIT_ID,nvarchar,30,0,0,YES,NO,NO
V_CONTR_TYPE,64,DIVISION_ID,nvarchar,30,0,0,YES,NO,NO
V_CONTR_TYPE,65,BRANCH_ID,nvarchar,30,0,0,YES,NO,NO
V_CONTR_TYPE,66,STATUS_CTL,nchar,2,0,0,YES,NO,NO
V_CONTR_TYPE,67,CREATE_DATE,datetime,8,23,3,YES,NO,NO
V_CONTR_TYPE,68,USER_T6,nvarchar,160,0,0,YES,NO,NO
V_CONTR_TYPE,69,USER_T7,nvarchar,160,0,0,YES,NO,NO
V_CONTR_TYPE,70,USER_T8,nvarchar,160,0,0,YES,NO,NO
V_CONTR_TYPE,71,USER_T9,nvarchar,160,0,0,YES,NO,NO
V_CONTR_TYPE,72,USER_T10,nvarchar,160,0,0,YES,NO,NO
V_CONTR_TYPE,73,USER_T11,nvarchar,160,0,0,YES,NO,NO
V_CONTR_TYPE,74,USER_T12,nvarchar,160,0,0,YES,NO,NO
V_CONTR_TYPE,75,USER_T13,nvarchar,160,0,0,YES,NO,NO
V_CONTR_TYPE,76,USER_T14,nvarchar,160,0,0,YES,NO,NO
V_CONTR_TYPE,77,USER_T15,nvarchar,160,0,0,YES,NO,NO
V_CONTR_TYPE,78,USER_T16,nvarchar,160,0,0,YES,NO,NO
V_CONTR_TYPE,79,USER_T17,nvarchar,160,0,0,YES,NO,NO
V_CONTR_TYPE,80,USER_T18,nvarchar,160,0,0,YES,NO,NO
V_CONTR_TYPE,81,USER_T19,nvarchar,160,0,0,YES,NO,NO
V_CONTR_TYPE,82,USER_T20,nvarchar,160,0,0,YES,NO,NO
V_CONTR_TYPE,83,USER_T21,nvarchar,160,0,0,YES,NO,NO
V_CONTR_TYPE,84,USER_T22,nvarchar,160,0,0,YES,NO,NO
V_CONTR_TYPE,85,USER_T23,nvarchar,160,0,0,YES,NO,NO
V_CONTR_TYPE,86,USER_T24,nvarchar,160,0,0,YES,NO,NO
V_CONTR_TYPE,87,USER_T25,nvarchar,160,0,0,YES,NO,NO
V_CONTR_TYPE,88,USER_T26,nvarchar,160,0,0,YES,NO,NO
V_CONTR_TYPE,89,USER_T27,nvarchar,160,0,0,YES,NO,NO
V_CONTR_TYPE,90,USER_T28,nvarchar,160,0,0,YES,NO,NO
V_CONTR_TYPE,91,USER_T29,nvarchar,160,0,0,YES,NO,NO
V_CONTR_TYPE,92,USER_T30,nvarchar,160,0,0,YES,NO,NO
V_CONTR_TYPE,93,USER_N6,decimal,13,23,8,YES,NO,NO
V_CONTR_TYPE,94,USER_N7,decimal,13,23,8,YES,NO,NO
V_CONTR_TYPE,95,USER_N8,decimal,13,23,8,YES,NO,NO
V_CONTR_TYPE,96,USER_N9,decimal,13,23,8,YES,NO,NO
V_CONTR_TYPE,97,USER_N10,decimal,13,23,8,YES,NO,NO
V_CONTR_TYPE,98,USER_N11,decimal,13,23,8,YES,NO,NO
V_CONTR_TYPE,99,USER_N12,decimal,13,23,8,YES,NO,NO
V_CONTR_TYPE,100,USER_N13,decimal,13,23,8,YES,NO,NO
V_CONTR_TYPE,101,USER_N14,decimal,13,23,8,YES,NO,NO
V_CONTR_TYPE,102,USER_N15,decimal,13,23,8,YES,NO,NO
V_CONTR_TYPE,103,USER_D4,datetime,8,23,3,YES,NO,NO
V_CONTR_TYPE,104,USER_D5,datetime,8,23,3,YES,NO,NO
V_CONTR_TYPE,105,VAT_ON_FIRST_INST,nchar,2,0,0,YES,NO,NO
V_CONTR_TYPE,106,EOM_DUE_DATE,nchar,2,0,0,YES,NO,NO
V_CONTR_TYPE,107,INST_PERIOD_TYPE,nchar,2,0,0,YES,NO,NO
V_CONTR_TYPE,108,FREIGHT_TERMS,nchar,2,0,0,YES,NO,NO
V_CONTR_TYPE,109,REV_CTR_ACCT_ID,nvarchar,60,0,0,YES,NO,NO
V_CONTR_TYPE,110,DISCOUNT_CODE,nvarchar,30,0,0,YES,NO,NO
V_CONTR_TYPE,111,TERMS_ID,nvarchar,30,0,0,YES,NO,NO
V_CONTRACT,1,ID,nvarchar,30,0,0,NO,NO,NO
V_CONTRACT,2,ACCT_ID,nvarchar,30,0,0,NO,NO,NO
V_CONTRACT,3,ACCT_MGR_ID,nvarchar,30,0,0,YES,NO,NO
V_CONTRACT,4,AMOUNT,decimal,13,23,8,NO,NO,NO
V_CONTRACT,5,AUTO_GEN_DAY,nvarchar,30,0,0,YES,NO,NO
V_CONTRACT,6,AUTO_GEN_MONTH,nvarchar,30,0,0,YES,NO,NO
V_CONTRACT,7,AUTO_GENERATE,smallint,2,5,0,NO,NO,NO
V_CONTRACT,8,AUTO_RENEW,smallint,2,5,0,NO,NO,NO
V_CONTRACT,9,BILL_TO_ACCT_ID,nvarchar,30,0,0,YES,NO,NO
V_CONTRACT,10,CONTR_TYPE,nvarchar,30,0,0,YES,NO,NO
V_CONTRACT,11,CREATOR,nvarchar,40,0,0,YES,NO,NO
V_CONTRACT,12,CUST_PO,nvarchar,60,0,0,YES,NO,NO
V_CONTRACT,13,DEPOSIT_AMOUNT,decimal,13,23,8,NO,NO,NO
V_CONTRACT,14,DESCRIPTION,nvarchar,100,0,0,YES,NO,NO
V_CONTRACT,15,END_DATE,datetime,8,23,3,NO,NO,NO
V_CONTRACT,16,SITE_ID,nvarchar,30,0,0,NO,NO,NO
V_CONTRACT,17,EXP_MKUP_AMOUNT,decimal,13,23,8,NO,NO,NO
V_CONTRACT,18,EXP_MKUP_PERCENT,decimal,5,6,3,NO,NO,NO
V_CONTRACT,19,EXPENSE,smallint,2,5,0,NO,NO,NO
V_CONTRACT,20,FENCE_MINUS,smallint,2,5,0,YES,NO,NO
V_CONTRACT,21,FENCE_PLUS,smallint,2,5,0,YES,NO,NO
V_CONTRACT,22,FREQUENCY_TYPE,nvarchar,30,0,0,YES,NO,NO
V_CONTRACT,23,LABOR,smallint,2,5,0,NO,NO,NO
V_CONTRACT,24,LBR_RATE_GROUP,nvarchar,30,0,0,YES,NO,NO
V_CONTRACT,25,MATERIALS,smallint,2,5,0,NO,NO,NO
V_CONTRACT,26,MAX_ORDERS,smallint,2,5,0,YES,NO,NO
V_CONTRACT,27,MTL_MKUP_AMOUNT,decimal,13,23,8,NO,NO,NO
V_CONTRACT,28,MTL_MKUP_PERCENT,decimal,5,6,3,NO,NO,NO
V_CONTRACT,29,OWNER,nvarchar,40,0,0,YES,NO,NO
V_CONTRACT,30,PMT_AMOUNT,decimal,13,23,8,NO,NO,NO
V_CONTRACT,31,PMT_FREQ,smallint,2,5,0,NO,NO,NO
V_CONTRACT,32,PMT_PERIOD,nvarchar,30,0,0,YES,NO,NO
V_CONTRACT,34,REV_EXP_ACCT_ID,nvarchar,60,0,0,YES,NO,NO
V_CONTRACT,35,SALESREP_ID,nvarchar,30,0,0,YES,NO,NO
V_CONTRACT,36,SLS_TAX_GRP_ID,nvarchar,30,0,0,YES,NO,NO
V_CONTRACT,37,START_DATE,datetime,8,23,3,NO,NO,NO
V_CONTRACT,38,STATUS,nvarchar,30,0,0,YES,NO,NO
V_CONTRACT,39,TERMS_DESCRIPTION,nvarchar,160,0,0,YES,NO,NO
V_CONTRACT,40,TERMS_DISC_DATE,datetime,8,23,3,YES,NO,NO
V_CONTRACT,41,TERMS_DISC_DAYS,smallint,2,5,0,YES,NO,NO
V_CONTRACT,42,TERMS_DISC_PERCENT,decimal,5,6,3,YES,NO,NO
V_CONTRACT,43,TERMS_DISC_TYPE,nchar,2,0,0,YES,NO,NO
V_CONTRACT,44,TERMS_NET_DATE,datetime,8,23,3,YES,NO,NO
V_CONTRACT,45,TERMS_NET_DAYS,smallint,2,5,0,YES,NO,NO
V_CONTRACT,46,TERMS_NET_TYPE,nchar,2,0,0,YES,NO,NO
V_CONTRACT,47,USER_T1,nvarchar,160,0,0,YES,NO,NO
V_CONTRACT,48,USER_T2,nvarchar,160,0,0,YES,NO,NO
V_CONTRACT,49,USER_T3,nvarchar,160,0,0,YES,NO,NO
V_CONTRACT,50,USER_T4,nvarchar,160,0,0,YES,NO,NO
V_CONTRACT,51,USER_T5,nvarchar,160,0,0,YES,NO,NO
V_CONTRACT,52,USER_D1,datetime,8,23,3,YES,NO,NO
V_CONTRACT,53,USER_D2,datetime,8,23,3,YES,NO,NO
V_CONTRACT,54,USER_D3,datetime,8,23,3,YES,NO,NO
V_CONTRACT,55,LAST_MODIFIED,datetime,8,23,3,YES,NO,NO
V_CONTRACT,56,LAST_USER,nvarchar,40,0,0,YES,NO,NO
V_CONTRACT,57,POSTING_CANDIDATE,smallint,2,5,0,NO,NO,NO
V_CONTRACT,58,FOLLOW_UP,smallint,2,5,0,NO,NO,NO
V_CONTRACT,59,FOLLOW_UP_DATE,datetime,8,23,3,YES,NO,NO
V_CONTRACT,60,FOLLOW_UP_TYPE,nvarchar,30,0,0,YES,NO,NO
V_CONTRACT,61,USER_N1,decimal,13,23,8,YES,NO,NO
V_CONTRACT,62,USER_N2,decimal,13,23,8,YES,NO,NO
V_CONTRACT,63,USER_N3,decimal,13,23,8,YES,NO,NO
V_CONTRACT,64,USER_N4,decimal,13,23,8,YES,NO,NO
V_CONTRACT,65,USER_N5,decimal,13,23,8,YES,NO,NO
V_CONTRACT,66,LOCKED,smallint,2,5,0,YES,NO,NO
V_CONTRACT,67,BALANCE_AMT,decimal,13,23,8,YES,NO,NO
V_CONTRACT,68,AVAILABLE_AMT,decimal,13,23,8,YES,NO,NO
V_CONTRACT,69,CONTACT_ID,nvarchar,50,0,0,YES,NO,NO
V_CONTRACT,70,PRODUCT_CODE,nvarchar,30,0,0,YES,NO,NO
V_CONTRACT,71,CURRENCY_ID,nvarchar,30,0,0,YES,NO,NO
V_CONTRACT,72,COMMISION_PERCENT,decimal,5,6,3,YES,NO,NO
V_CONTRACT,73,DEPOSIT_REMAIN,decimal,13,23,8,YES,NO,NO
V_CONTRACT,74,BUS_UNIT_ID,nvarchar,30,0,0,YES,NO,NO
V_CONTRACT,75,DIVISION_ID,nvarchar,30,0,0,YES,NO,NO
V_CONTRACT,76,BRANCH_ID,nvarchar,30,0,0,YES,NO,NO
V_CONTRACT,77,REV_LBR_ACCT_ID,nvarchar,60,0,0,YES,NO,NO
V_CONTRACT,78,REV_MTL_ACCT_ID,nvarchar,60,0,0,YES,NO,NO
V_CONTRACT,79,CREATE_DATE,datetime,8,23,3,YES,NO,NO
V_CONTRACT,80,STATUS_CTL,nchar,2,0,0,YES,NO,NO
V_CONTRACT,81,USER_T6,nvarchar,160,0,0,YES,NO,NO
V_CONTRACT,82,USER_T7,nvarchar,160,0,0,YES,NO,NO
V_CONTRACT,83,USER_T8,nvarchar,160,0,0,YES,NO,NO
V_CONTRACT,84,USER_T9,nvarchar,160,0,0,YES,NO,NO
V_CONTRACT,85,USER_T10,nvarchar,160,0,0,YES,NO,NO
V_CONTRACT,86,USER_T11,nvarchar,160,0,0,YES,NO,NO
V_CONTRACT,87,USER_T12,nvarchar,160,0,0,YES,NO,NO
V_CONTRACT,88,USER_T13,nvarchar,160,0,0,YES,NO,NO
V_CONTRACT,89,USER_T14,nvarchar,160,0,0,YES,NO,NO
V_CONTRACT,90,USER_T15,nvarchar,160,0,0,YES,NO,NO
V_CONTRACT,91,USER_T16,nvarchar,160,0,0,YES,NO,NO
V_CONTRACT,92,USER_T17,nvarchar,160,0,0,YES,NO,NO
V_CONTRACT,93,USER_T18,nvarchar,160,0,0,YES,NO,NO
V_CONTRACT,94,USER_T19,nvarchar,160,0,0,YES,NO,NO
V_CONTRACT,95,USER_T20,nvarchar,160,0,0,YES,NO,NO
V_CONTRACT,96,USER_T21,nvarchar,160,0,0,YES,NO,NO
V_CONTRACT,97,USER_T22,nvarchar,160,0,0,YES,NO,NO
V_CONTRACT,98,USER_T23,nvarchar,160,0,0,YES,NO,NO
V_CONTRACT,99,USER_T24,nvarchar,160,0,0,YES,NO,NO
V_CONTRACT,100,USER_T25,nvarchar,160,0,0,YES,NO,NO
V_CONTRACT,101,USER_T26,nvarchar,160,0,0,YES,NO,NO
V_CONTRACT,102,USER_T27,nvarchar,160,0,0,YES,NO,NO
V_CONTRACT,103,USER_T28,nvarchar,160,0,0,YES,NO,NO
V_CONTRACT,104,USER_T29,nvarchar,160,0,0,YES,NO,NO
V_CONTRACT,105,USER_T30,nvarchar,160,0,0,YES,NO,NO
V_CONTRACT,106,USER_N6,decimal,13,23,8,YES,NO,NO
V_CONTRACT,107,USER_N7,decimal,13,23,8,YES,NO,NO
V_CONTRACT,108,USER_N8,decimal,13,23,8,YES,NO,NO
V_CONTRACT,109,USER_N9,decimal,13,23,8,YES,NO,NO
V_CONTRACT,110,USER_N10,decimal,13,23,8,YES,NO,NO
V_CONTRACT,111,USER_N11,decimal,13,23,8,YES,NO,NO
V_CONTRACT,112,USER_N12,decimal,13,23,8,YES,NO,NO
V_CONTRACT,113,USER_N13,decimal,13,23,8,YES,NO,NO
V_CONTRACT,114,USER_N14,decimal,13,23,8,YES,NO,NO
V_CONTRACT,115,USER_N15,decimal,13,23,8,YES,NO,NO
V_CONTRACT,116,USER_D4,datetime,8,23,3,YES,NO,NO
V_CONTRACT,117,USER_D5,datetime,8,23,3,YES,NO,NO
V_CONTRACT,118,VAT_ON_FIRST_INST,nchar,2,0,0,YES,NO,NO
V_CONTRACT,119,EOM_DUE_DATE,nchar,2,0,0,YES,NO,NO
V_CONTRACT,120,INST_PERIOD_TYPE,nchar,2,0,0,YES,NO,NO
V_CONTRACT,121,FREIGHT_TERMS,nchar,2,0,0,YES,NO,NO
V_CONTRACT,122,REV_CTR_ACCT_ID,nvarchar,60,0,0,YES,NO,NO
V_CONTRACT,123,DISCOUNT_CODE,nvarchar,30,0,0,YES,NO,NO
V_CONTRACT,124,COMMISSION_PERCENT,decimal,5,6,3,YES,NO,NO
V_CONTRACT,125,ADDR_ID,nvarchar,30,0,0,YES,NO,NO
V_CONTRACT,126,TERMS_ID,nvarchar,30,0,0,YES,NO,NO
V_COUNTY_CODE,1,COUNTY_NAME,nvarchar,40,0,0,NO,NO,NO
V_COUNTY_CODE,2,STATE,nvarchar,20,0,0,NO,NO,NO
V_COUNTY_CODE,3,CODE,nvarchar,6,0,0,NO,NO,NO
V_COUNTY_CODE,4,LAST_MODIFIED,datetime,8,23,3,YES,NO,NO
V_COUNTY_CODE,5,LAST_USER,nvarchar,40,0,0,YES,NO,NO
V_COUNTY_CODE,6,CREATE_DATE,datetime,8,23,3,YES,NO,NO
V_CRM_SYNCH,1,CUSTOMER_ID,nvarchar,30,0,0,NO,NO,NO
V_CRM_SYNCH,2,TRX_TYPE,nchar,2,0,0,NO,NO,NO
V_CRM_SYNCH,3,TABLE_NAME,nvarchar,40,0,0,NO,NO,NO
V_CRM_SYNCH,4,REF_NO,smallint,2,5,0,YES,NO,NO
V_CRM_SYNCH,5,VFO_USER_ID,nvarchar,40,0,0,YES,NO,NO
V_CUSTOM,1,ID,nvarchar,30,0,0,NO,NO,NO
V_CUSTOM,2,BUS_TYPE,smallint,2,5,0,NO,NO,NO
V_CUSTOM,3,DESCRIPTION,nvarchar,100,0,0,YES,NO,NO
V_CUSTOM,4,COMMENTS,nvarchar,508,0,0,YES,NO,NO
V_CUSTOM,5,ACCT_ID,nvarchar,30,0,0,YES,NO,NO
V_CUSTOM,6,CONTACT_ID,nvarchar,50,0,0,YES,NO,NO
V_CUSTOM,7,TASK_ID,nvarchar,30,0,0,YES,NO,NO
V_CUSTOM,8,CAL_ID,nvarchar,30,0,0,YES,NO,NO
V_CUSTOM,9,OPTY_ID,nvarchar,30,0,0,YES,NO,NO
V_CUSTOM,10,QUOTE_ID,nvarchar,30,0,0,YES,NO,NO
V_CUSTOM,11,EST_ID,nvarchar,30,0,0,YES,NO,NO
V_CUSTOM,12,CUST_ORDER_ID,nvarchar,30,0,0,YES,NO,NO
V_CUSTOM,13,CALL_ID,nvarchar,30,0,0,YES,NO,NO
V_CUSTOM,14,CONTR_ID,nvarchar,30,0,0,YES,NO,NO
V_CUSTOM,15,SRVC_ORDER_ID,nvarchar,30,0,0,YES,NO,NO
V_CUSTOM,16,CUSTOM_ID,nvarchar,30,0,0,YES,NO,NO
V_CUSTOM,17,ADDR_ID,nvarchar,30,0,0,YES,NO,NO
V_CUSTOM,18,COMPET_ID,nvarchar,30,0,0,YES,NO,NO
V_CUSTOM,19,USER_T1,nvarchar,160,0,0,YES,NO,NO
V_CUSTOM,20,USER_T2,nvarchar,160,0,0,YES,NO,NO
V_CUSTOM,21,USER_T3,nvarchar,160,0,0,YES,NO,NO
V_CUSTOM,22,USER_T4,nvarchar,160,0,0,YES,NO,NO
V_CUSTOM,23,USER_T5,nvarchar,160,0,0,YES,NO,NO
V_CUSTOM,24,USER_T6,nvarchar,160,0,0,YES,NO,NO
V_CUSTOM,25,USER_T7,nvarchar,160,0,0,YES,NO,NO
V_CUSTOM,26,USER_T8,nvarchar,160,0,0,YES,NO,NO
V_CUSTOM,27,USER_T9,nvarchar,160,0,0,YES,NO,NO
V_CUSTOM,28,USER_T10,nvarchar,160,0,0,YES,NO,NO
V_CUSTOM,29,USER_T11,nvarchar,160,0,0,YES,NO,NO
V_CUSTOM,30,USER_T12,nvarchar,160,0,0,YES,NO,NO
V_CUSTOM,31,USER_T13,nvarchar,160,0,0,YES,NO,NO
V_CUSTOM,32,USER_T14,nvarchar,160,0,0,YES,NO,NO
V_CUSTOM,33,USER_T15,nvarchar,160,0,0,YES,NO,NO
V_CUSTOM,34,USER_T16,nvarchar,160,0,0,YES,NO,NO
V_CUSTOM,35,USER_T17,nvarchar,160,0,0,YES,NO,NO
V_CUSTOM,36,USER_T18,nvarchar,160,0,0,YES,NO,NO
V_CUSTOM,37,USER_T19,nvarchar,160,0,0,YES,NO,NO
V_CUSTOM,38,USER_T20,nvarchar,160,0,0,YES,NO,NO
V_CUSTOM,39,USER_T21,nvarchar,160,0,0,YES,NO,NO
V_CUSTOM,40,USER_T22,nvarchar,160,0,0,YES,NO,NO
V_CUSTOM,41,USER_T23,nvarchar,160,0,0,YES,NO,NO
V_CUSTOM,42,USER_T24,nvarchar,160,0,0,YES,NO,NO
V_CUSTOM,43,USER_T25,nvarchar,160,0,0,YES,NO,NO
V_CUSTOM,44,USER_T26,nvarchar,160,0,0,YES,NO,NO
V_CUSTOM,45,USER_T27,nvarchar,160,0,0,YES,NO,NO
V_CUSTOM,46,USER_T28,nvarchar,160,0,0,YES,NO,NO
V_CUSTOM,47,USER_T29,nvarchar,160,0,0,YES,NO,NO
V_CUSTOM,48,USER_T30,nvarchar,160,0,0,YES,NO,NO
V_CUSTOM,49,USER_N1,decimal,13,23,8,YES,NO,NO
V_CUSTOM,50,USER_N2,decimal,13,23,8,YES,NO,NO
V_CUSTOM,51,USER_N3,decimal,13,23,8,YES,NO,NO
V_CUSTOM,52,USER_N4,decimal,13,23,8,YES,NO,NO
V_CUSTOM,53,USER_N5,decimal,13,23,8,YES,NO,NO
V_CUSTOM,54,USER_N6,decimal,13,23,8,YES,NO,NO
V_CUSTOM,55,USER_N7,decimal,13,23,8,YES,NO,NO
V_CUSTOM,56,USER_N8,decimal,13,23,8,YES,NO,NO
V_CUSTOM,57,USER_N9,decimal,13,23,8,YES,NO,NO
V_CUSTOM,58,USER_N10,decimal,13,23,8,YES,NO,NO
V_CUSTOM,59,USER_N11,decimal,13,23,8,YES,NO,NO
V_CUSTOM,60,USER_N12,decimal,13,23,8,YES,NO,NO
V_CUSTOM,61,USER_N13,decimal,13,23,8,YES,NO,NO
V_CUSTOM,62,USER_N14,decimal,13,23,8,YES,NO,NO
V_CUSTOM,63,USER_N15,decimal,13,23,8,YES,NO,NO
V_CUSTOM,64,USER_D1,datetime,8,23,3,YES,NO,NO
V_CUSTOM,65,USER_D2,datetime,8,23,3,YES,NO,NO
V_CUSTOM,66,USER_D3,datetime,8,23,3,YES,NO,NO
V_CUSTOM,67,USER_D4,datetime,8,23,3,YES,NO,NO
V_CUSTOM,68,USER_D5,datetime,8,23,3,YES,NO,NO
V_CUSTOM,69,CREATOR,nvarchar,40,0,0,YES,NO,NO
V_CUSTOM,70,OWNER,nvarchar,40,0,0,YES,NO,NO
V_CUSTOM,71,LAST_MODIFIED,datetime,8,23,3,YES,NO,NO
V_CUSTOM,72,LAST_USER,nvarchar,40,0,0,YES,NO,NO
V_CUSTOM,73,CREATE_DATE,datetime,8,23,3,YES,NO,NO
V_CUSTOM,74,PART_ID,nvarchar,60,0,0,YES,NO,NO
V_CUSTOM,76,COMMENTS_BIN,ntext,16,0,0,YES,NO,NO
V_CUSTOM,77,PACKLIST_ID,nvarchar,30,0,0,YES,NO,NO
V_CUSTOM_BINARY,1,BUS_TYPE,smallint,2,5,0,NO,NO,NO
V_CUSTOM_BINARY,2,CUSTOM_ID,nvarchar,30,0,0,NO,NO,NO
V_CUSTOM_BINARY,3,TYPE,nvarchar,4,0,0,NO,NO,NO
V_CUSTOM_BINARY,4,BITS_LENGTH,int,4,10,0,YES,NO,NO
V_CUSTOM_BINARY,5,LAST_MODIFIED,datetime,8,23,3,YES,NO,NO
V_CUSTOM_BINARY,6,LAST_USER,nvarchar,40,0,0,YES,NO,NO
V_CUSTOM_BINARY,7,BITS,image,16,0,0,YES,NO,NO
V_CUSTOM_BINARY,8,CREATE_DATE,datetime,8,23,3,YES,NO,NO
V_CUSTOM_DEF,1,BUS_TYPE,smallint,2,5,0,NO,NO,NO
V_CUSTOM_DEF,2,NAME,nvarchar,100,0,0,YES,NO,NO
V_CUSTOM_DEF,3,PLURAL_NAME,nvarchar,100,0,0,YES,NO,NO
V_CUSTOM_DEF,4,SEQ_NO,smallint,2,5,0,YES,NO,NO
V_CUSTOM_DEF,5,LAST_MODIFIED,datetime,8,23,3,YES,NO,NO
V_CUSTOM_DEF,6,LAST_USER,nvarchar,40,0,0,YES,NO,NO
V_CUSTOM_DEF,7,CREATE_DATE,datetime,8,23,3,YES,NO,NO
V_CUSTOM_JUNC,1,ID_1,nvarchar,30,0,0,NO,NO,NO
V_CUSTOM_JUNC,2,BUS_TYPE_1,smallint,2,5,0,NO,NO,NO
V_CUSTOM_JUNC,3,ID_2,nvarchar,30,0,0,NO,NO,NO
V_CUSTOM_JUNC,4,BUS_TYPE_2,smallint,2,5,0,NO,NO,NO
V_CUSTOM_JUNC,5,USER_T1,nvarchar,160,0,0,YES,NO,NO
V_CUSTOM_JUNC,6,USER_T2,nvarchar,160,0,0,YES,NO,NO
V_CUSTOM_JUNC,7,USER_T3,nvarchar,160,0,0,YES,NO,NO
V_CUSTOM_JUNC,8,USER_T4,nvarchar,160,0,0,YES,NO,NO
V_CUSTOM_JUNC,9,USER_T5,nvarchar,160,0,0,YES,NO,NO
V_CUSTOM_JUNC,10,USER_T6,nvarchar,160,0,0,YES,NO,NO
V_CUSTOM_JUNC,11,USER_T7,nvarchar,160,0,0,YES,NO,NO
V_CUSTOM_JUNC,12,USER_T8,nvarchar,160,0,0,YES,NO,NO
V_CUSTOM_JUNC,13,USER_T9,nvarchar,160,0,0,YES,NO,NO
V_CUSTOM_JUNC,14,USER_T10,nvarchar,160,0,0,YES,NO,NO
V_CUSTOM_JUNC,15,USER_T11,nvarchar,160,0,0,YES,NO,NO
V_CUSTOM_JUNC,16,USER_T12,nvarchar,160,0,0,YES,NO,NO
V_CUSTOM_JUNC,17,USER_T13,nvarchar,160,0,0,YES,NO,NO
V_CUSTOM_JUNC,18,USER_T14,nvarchar,160,0,0,YES,NO,NO
V_CUSTOM_JUNC,19,USER_T15,nvarchar,160,0,0,YES,NO,NO
V_CUSTOM_JUNC,20,USER_N1,decimal,13,23,8,YES,NO,NO
V_CUSTOM_JUNC,21,USER_N2,decimal,13,23,8,YES,NO,NO
V_CUSTOM_JUNC,22,USER_N3,decimal,13,23,8,YES,NO,NO
V_CUSTOM_JUNC,23,USER_N4,decimal,13,23,8,YES,NO,NO
V_CUSTOM_JUNC,24,USER_N5,decimal,13,23,8,YES,NO,NO
V_CUSTOM_JUNC,25,USER_D1,datetime,8,23,3,YES,NO,NO
V_CUSTOM_JUNC,26,USER_D2,datetime,8,23,3,YES,NO,NO
V_CUSTOM_JUNC,27,USER_D3,datetime,8,23,3,YES,NO,NO
V_CUSTOM_JUNC,28,LAST_MODIFIED,datetime,8,23,3,YES,NO,NO
V_CUSTOM_JUNC,29,LAST_USER,nvarchar,40,0,0,YES,NO,NO
V_CUSTOM_JUNC,30,CREATE_DATE,datetime,8,23,3,YES,NO,NO
V_CUSTOM_REL,1,BUS_TYPE,smallint,2,5,0,NO,NO,NO
V_CUSTOM_REL,2,REL_BUS_TYPE,smallint,2,5,0,NO,NO,NO
V_CUSTOM_REL,3,REL_TYPE,nvarchar,6,0,0,YES,NO,NO
V_CUSTOM_REL,4,LAST_MODIFIED,datetime,8,23,3,YES,NO,NO
V_CUSTOM_REL,5,LAST_USER,nvarchar,40,0,0,YES,NO,NO
V_CUSTOM_REL,6,CREATE_DATE,datetime,8,23,3,YES,NO,NO
V_DIVISION,1,ID,nvarchar,30,0,0,NO,NO,NO
V_DIVISION,2,DESCRIPTION,nvarchar,100,0,0,YES,NO,NO
V_DIVISION,3,LAST_MODIFIED,datetime,8,23,3,YES,NO,NO
V_DIVISION,4,LAST_USER,nvarchar,40,0,0,YES,NO,NO
V_DIVISION,5,CREATE_DATE,datetime,8,23,3,YES,NO,NO
V_DOC_CATALOG,1,ID,nvarchar,30,0,0,NO,NO,NO
V_DOC_CATALOG,2,DESCRIPTION,nvarchar,100,0,0,YES,NO,NO
V_DOC_CATALOG,3,CATEGORY_ID,nvarchar,30,0,0,YES,NO,NO
V_DOC_CATALOG,4,TYPE_ID,nvarchar,30,0,0,YES,NO,NO
V_DOC_CATALOG,5,ELECTRONIC,smallint,2,5,0,YES,NO,NO
V_DOC_CATALOG,6,LAST_USER,nvarchar,40,0,0,YES,NO,NO
V_DOC_CATALOG,7,LAST_MODIFIED,datetime,8,23,3,YES,NO,NO
V_DOC_CATALOG,8,COMMENTS,image,16,0,0,YES,NO,NO
V_DOC_CATALOG,9,BIN_HDR,nvarchar,508,0,0,YES,NO,NO
V_DOC_CATALOG,10,CREATOR,nvarchar,40,0,0,YES,NO,NO
V_DOC_CATALOG,11,ORIG_FILENAME,nvarchar,508,0,0,YES,NO,NO
V_DOC_CATALOG,12,CREATE_DATE,datetime,8,23,3,YES,NO,NO
V_DOC_CATALOG,13,TEMPLATE,smallint,2,5,0,YES,NO,NO
V_DOC_CATEGORY,1,ID,nvarchar,30,0,0,NO,NO,NO
V_DOC_CATEGORY,2,LAST_MODIFIED,datetime,8,23,3,YES,NO,NO
V_DOC_CATEGORY,3,LAST_USER,nvarchar,40,0,0,YES,NO,NO
V_DOC_CATEGORY,4,DETAILS,nvarchar,200,0,0,YES,NO,NO
V_DOC_CATEGORY,5,CREATE_DATE,datetime,8,23,3,YES,NO,NO
V_DOC_SENT,1,ID,nvarchar,30,0,0,NO,NO,NO
V_DOC_SENT,2,DOC_CATLG_ID,nvarchar,30,0,0,NO,NO,NO
V_DOC_SENT,3,ACCT_ID,nvarchar,30,0,0,YES,NO,NO
V_DOC_SENT,4,CONTACT_ID,nvarchar,50,0,0,YES,NO,NO
V_DOC_SENT,5,CREATE_DATE,datetime,8,23,3,YES,NO,NO
V_DOC_SENT,6,CREATOR,nvarchar,40,0,0,YES,NO,NO
V_DOC_SENT,7,DATE_SENT,datetime,8,23,3,YES,NO,NO
V_DOC_SENT,8,SENT_BY,nvarchar,30,0,0,YES,NO,NO
V_DOC_SENT,9,LAST_USER,nvarchar,40,0,0,YES,NO,NO
V_DOC_SENT,10,LAST_MODIFIED,datetime,8,23,3,YES,NO,NO
V_DOC_SENT,11,QTY,int,4,10,0,YES,NO,NO
V_DOC_TYPE,1,ID,nvarchar,30,0,0,NO,NO,NO
V_DOC_TYPE,2,DOC_CATGRY_ID,nvarchar,30,0,0,NO,NO,NO
V_DOC_TYPE,3,LAST_MODIFIED,datetime,8,23,3,YES,NO,NO
V_DOC_TYPE,4,LAST_USER,nvarchar,40,0,0,YES,NO,NO
V_DOC_TYPE,5,DESCRIPTION,nvarchar,200,0,0,YES,NO,NO
V_DOC_TYPE,6,CREATE_DATE,datetime,8,23,3,YES,NO,NO
V_DUPLICATES,1,ID,nvarchar,30,0,0,NO,NO,NO
V_DUPLICATES,2,TYPE,nvarchar,30,0,0,NO,NO,NO
V_DUPLICATES,3,TYPE_ID,nvarchar,30,0,0,NO,NO,NO
V_DUPLICATES,4,LONG_DESC,nvarchar,508,0,0,YES,NO,NO
V_DUPLICATES,5,REVIEWED,smallint,2,5,0,YES,NO,NO
V_DUPLICATES,6,STATUS,nvarchar,30,0,0,YES,NO,NO
V_EMP_MATRIX,1,EMP_ID,nvarchar,30,0,0,NO,NO,NO
V_EMP_MATRIX,2,RATING,nvarchar,30,0,0,NO,NO,NO
V_EMP_MATRIX,3,RESOURCE_ID,nvarchar,30,0,0,NO,NO,NO
V_EMP_MATRIX,4,BILLING_RATE,decimal,13,22,8,NO,NO,NO
V_EMP_MATRIX,5,COMMENTS,nvarchar,508,0,0,YES,NO,NO
V_EMP_MATRIX,6,USER_T1,nvarchar,160,0,0,YES,NO,NO
V_EMP_MATRIX,7,USER_T2,nvarchar,160,0,0,YES,NO,NO
V_EMP_MATRIX,8,USER_T3,nvarchar,160,0,0,YES,NO,NO
V_EMP_MATRIX,9,USER_T4,nvarchar,160,0,0,YES,NO,NO
V_EMP_MATRIX,10,USER_T5,nvarchar,160,0,0,YES,NO,NO
V_EMP_MATRIX,11,USER_D1,datetime,8,23,3,YES,NO,NO
V_EMP_MATRIX,12,USER_D2,datetime,8,23,3,YES,NO,NO
V_EMP_MATRIX,13,USER_D3,datetime,8,23,3,YES,NO,NO
V_EMP_MATRIX,14,LAST_MODIFIED,datetime,8,23,3,YES,NO,NO
V_EMP_MATRIX,15,LAST_USER,nvarchar,40,0,0,YES,NO,NO
V_EMP_MATRIX,16,USER_N1,decimal,13,23,8,YES,NO,NO
V_EMP_MATRIX,17,USER_N2,decimal,13,23,8,YES,NO,NO
V_EMP_MATRIX,18,USER_N3,decimal,13,23,8,YES,NO,NO
V_EMP_MATRIX,19,USER_N4,decimal,13,23,8,YES,NO,NO
V_EMP_MATRIX,20,USER_N5,decimal,13,23,8,YES,NO,NO
V_EMP_MATRIX,21,PRIMARY_RESOURCE,smallint,2,5,0,YES,NO,NO
V_EMP_MATRIX,22,CREATE_DATE,datetime,8,23,3,YES,NO,NO
V_EMP_MATRIX,23,SITE_ID,nvarchar,30,0,0,YES,NO,NO
V_EMPLOYEE,1,ID,nvarchar,30,0,0,NO,NO,NO
V_EMPLOYEE,2,ACCT_MANAGER,smallint,2,5,0,NO,NO,NO
V_EMPLOYEE,5,SRVC_AREA_ID,nvarchar,30,0,0,YES,NO,NO
V_EMPLOYEE,6,SRVC_SUB_AREA_ID,nvarchar,30,0,0,YES,NO,NO
V_EMPLOYEE,7,EMAIL_ADDR,nvarchar,100,0,0,YES,NO,NO
V_EMPLOYEE,8,LAST_MODIFIED,datetime,8,23,3,YES,NO,NO
V_EMPLOYEE,9,LAST_USER,nvarchar,40,0,0,YES,NO,NO
V_EMPLOYEE,10,VENDOR_ID,nvarchar,30,0,0,YES,NO,NO
V_EMPLOYEE,11,CREATOR,nvarchar,40,0,0,YES,NO,NO
V_EMPLOYEE,12,CREATE_DATE,datetime,8,23,3,YES,NO,NO
V_EMPLOYEE,13,USER_T1,nvarchar,160,0,0,YES,NO,NO
V_EMPLOYEE,14,USER_T2,nvarchar,160,0,0,YES,NO,NO
V_EMPLOYEE,15,USER_T3,nvarchar,160,0,0,YES,NO,NO
V_EMPLOYEE,16,USER_T4,nvarchar,160,0,0,YES,NO,NO
V_EMPLOYEE,17,USER_T5,nvarchar,160,0,0,YES,NO,NO
V_EMPLOYEE,18,USER_D1,datetime,8,23,3,YES,NO,NO
V_EMPLOYEE,19,USER_D2,datetime,8,23,3,YES,NO,NO
V_EMPLOYEE,20,USER_D3,datetime,8,23,3,YES,NO,NO
V_EMPLOYEE,21,USER_N1,decimal,13,23,8,YES,NO,NO
V_EMPLOYEE,22,USER_N2,decimal,13,23,8,YES,NO,NO
V_EMPLOYEE,23,USER_N3,decimal,13,23,8,YES,NO,NO
V_EMPLOYEE,24,USER_N4,decimal,13,23,8,YES,NO,NO
V_EMPLOYEE,25,USER_N5,decimal,13,23,8,YES,NO,NO
V_EMPLOYEE,26,EMPLOYEE_COUNTRY_ID,nvarchar,30,0,0,YES,NO,NO
V_EVENT,1,ID,nvarchar,30,0,0,NO,NO,NO
V_EVENT,2,STATUS,nvarchar,30,0,0,YES,NO,NO
V_EVENT,3,KEYWORD_ID,nvarchar,30,0,0,YES,NO,NO
V_EVENT,4,CATEGORY_ID,nvarchar,30,0,0,YES,NO,NO
V_EVENT,6,START_DATE,datetime,8,23,3,YES,NO,NO
V_EVENT,7,END_DATE,datetime,8,23,3,YES,NO,NO
V_EVENT,9,URL,nvarchar,510,0,0,YES,NO,NO
V_EVENT,10,OWNER,nvarchar,40,0,0,YES,NO,NO
V_EVENT,11,LAST_MODIFIED,datetime,8,23,3,YES,NO,NO
V_EVENT,12,LAST_USER,nvarchar,40,0,0,YES,NO,NO
V_EVENT,13,CREATE_DATE,datetime,8,23,3,YES,NO,NO
V_EVENT,14,CREATOR,nvarchar,40,0,0,YES,NO,NO
V_EVENT,15,USER_T1,nvarchar,160,0,0,YES,NO,NO
V_EVENT,16,USER_T2,nvarchar,160,0,0,YES,NO,NO
V_EVENT,17,USER_T3,nvarchar,160,0,0,YES,NO,NO
V_EVENT,18,USER_T4,nvarchar,160,0,0,YES,NO,NO
V_EVENT,19,USER_T5,nvarchar,160,0,0,YES,NO,NO
V_EVENT,20,USER_T6,nvarchar,160,0,0,YES,NO,NO
V_EVENT,21,USER_T7,nvarchar,160,0,0,YES,NO,NO
V_EVENT,22,USER_T8,nvarchar,160,0,0,YES,NO,NO
V_EVENT,23,USER_T9,nvarchar,160,0,0,YES,NO,NO
V_EVENT,24,USER_T10,nvarchar,160,0,0,YES,NO,NO
V_EVENT,25,USER_T11,nvarchar,160,0,0,YES,NO,NO
V_EVENT,26,USER_T12,nvarchar,160,0,0,YES,NO,NO
V_EVENT,27,USER_T13,nvarchar,160,0,0,YES,NO,NO
V_EVENT,28,USER_T14,nvarchar,160,0,0,YES,NO,NO
V_EVENT,29,USER_T15,nvarchar,160,0,0,YES,NO,NO
V_EVENT,30,USER_T16,nvarchar,160,0,0,YES,NO,NO
V_EVENT,31,USER_T17,nvarchar,160,0,0,YES,NO,NO
V_EVENT,32,USER_T18,nvarchar,160,0,0,YES,NO,NO
V_EVENT,33,USER_T19,nvarchar,160,0,0,YES,NO,NO
V_EVENT,34,USER_T20,nvarchar,160,0,0,YES,NO,NO
V_EVENT,35,USER_T21,nvarchar,160,0,0,YES,NO,NO
V_EVENT,36,USER_T22,nvarchar,160,0,0,YES,NO,NO
V_EVENT,37,USER_T23,nvarchar,160,0,0,YES,NO,NO
V_EVENT,38,USER_T24,nvarchar,160,0,0,YES,NO,NO
V_EVENT,39,USER_T25,nvarchar,160,0,0,YES,NO,NO
V_EVENT,40,USER_T26,nvarchar,160,0,0,YES,NO,NO
V_EVENT,41,USER_T27,nvarchar,160,0,0,YES,NO,NO
V_EVENT,42,USER_T28,nvarchar,160,0,0,YES,NO,NO
V_EVENT,43,USER_T29,nvarchar,160,0,0,YES,NO,NO
V_EVENT,44,USER_T30,nvarchar,160,0,0,YES,NO,NO
V_EVENT,45,USER_N1,decimal,13,23,8,YES,NO,NO
V_EVENT,46,USER_N2,decimal,13,23,8,YES,NO,NO
V_EVENT,47,USER_N3,decimal,13,23,8,YES,NO,NO
V_EVENT,48,USER_N4,decimal,13,23,8,YES,NO,NO
V_EVENT,49,USER_N5,decimal,13,23,8,YES,NO,NO
V_EVENT,50,USER_N6,decimal,13,23,8,YES,NO,NO
V_EVENT,51,USER_N7,decimal,13,23,8,YES,NO,NO
V_EVENT,52,USER_N8,decimal,13,23,8,YES,NO,NO
V_EVENT,53,USER_N9,decimal,13,23,8,YES,NO,NO
V_EVENT,54,USER_N10,decimal,13,23,8,YES,NO,NO
V_EVENT,55,USER_N11,decimal,13,23,8,YES,NO,NO
V_EVENT,56,USER_N12,decimal,13,23,8,YES,NO,NO
V_EVENT,57,USER_N13,decimal,13,23,8,YES,NO,NO
V_EVENT,58,USER_N14,decimal,13,23,8,YES,NO,NO
V_EVENT,59,USER_N15,decimal,13,23,8,YES,NO,NO
V_EVENT,60,USER_D1,datetime,8,23,3,YES,NO,NO
V_EVENT,61,USER_D2,datetime,8,23,3,YES,NO,NO
V_EVENT,62,USER_D3,datetime,8,23,3,YES,NO,NO
V_EVENT,63,USER_D4,datetime,8,23,3,YES,NO,NO
V_EVENT,64,USER_D5,datetime,8,23,3,YES,NO,NO
V_EVENT,65,COMMENTS_BIN,ntext,16,0,0,YES,NO,NO
V_EVENT,66,COMMENTS,nvarchar,508,0,0,YES,NO,NO
V_EVENT,67,DESCRIPTION,nvarchar,100,0,0,YES,NO,NO
V_EVENT_ATTENDEE,1,ID,nvarchar,30,0,0,NO,NO,NO
V_EVENT_ATTENDEE,2,EVENT_ID,nvarchar,30,0,0,NO,NO,NO
V_EVENT_ATTENDEE,3,CONTACT_ID,nvarchar,50,0,0,NO,NO,NO
V_EVENT_ATTENDEE,4,ACCT_ID,nvarchar,30,0,0,YES,NO,NO
V_EVENT_ATTENDEE,6,STAGE_ID,nvarchar,30,0,0,YES,NO,NO
V_EVENT_ATTENDEE,7,STAGE_DATE,datetime,8,23,3,YES,NO,NO
V_EVENT_ATTENDEE,8,OWNER,nvarchar,40,0,0,YES,NO,NO
V_EVENT_ATTENDEE,9,LAST_MODIFIED,datetime,8,23,3,YES,NO,NO
V_EVENT_ATTENDEE,10,LAST_USER,nvarchar,40,0,0,YES,NO,NO
V_EVENT_ATTENDEE,11,CREATE_DATE,datetime,8,23,3,YES,NO,NO
V_EVENT_ATTENDEE,12,CREATOR,nvarchar,40,0,0,YES,NO,NO
V_EVENT_ATTENDEE,13,USER_T1,nvarchar,160,0,0,YES,NO,NO
V_EVENT_ATTENDEE,14,USER_T2,nvarchar,160,0,0,YES,NO,NO
V_EVENT_ATTENDEE,15,USER_T3,nvarchar,160,0,0,YES,NO,NO
V_EVENT_ATTENDEE,16,USER_T4,nvarchar,160,0,0,YES,NO,NO
V_EVENT_ATTENDEE,17,USER_T5,nvarchar,160,0,0,YES,NO,NO
V_EVENT_ATTENDEE,18,USER_T6,nvarchar,160,0,0,YES,NO,NO
V_EVENT_ATTENDEE,19,USER_T7,nvarchar,160,0,0,YES,NO,NO
V_EVENT_ATTENDEE,20,USER_T8,nvarchar,160,0,0,YES,NO,NO
V_EVENT_ATTENDEE,21,USER_T9,nvarchar,160,0,0,YES,NO,NO
V_EVENT_ATTENDEE,22,USER_T10,nvarchar,160,0,0,YES,NO,NO
V_EVENT_ATTENDEE,23,USER_T11,nvarchar,160,0,0,YES,NO,NO
V_EVENT_ATTENDEE,24,USER_T12,nvarchar,160,0,0,YES,NO,NO
V_EVENT_ATTENDEE,25,USER_T13,nvarchar,160,0,0,YES,NO,NO
V_EVENT_ATTENDEE,26,USER_T14,nvarchar,160,0,0,YES,NO,NO
V_EVENT_ATTENDEE,27,USER_T15,nvarchar,160,0,0,YES,NO,NO
V_EVENT_ATTENDEE,28,USER_T16,nvarchar,160,0,0,YES,NO,NO
V_EVENT_ATTENDEE,29,USER_T17,nvarchar,160,0,0,YES,NO,NO
V_EVENT_ATTENDEE,30,USER_T18,nvarchar,160,0,0,YES,NO,NO
V_EVENT_ATTENDEE,31,USER_T19,nvarchar,160,0,0,YES,NO,NO
V_EVENT_ATTENDEE,32,USER_T20,nvarchar,160,0,0,YES,NO,NO
V_EVENT_ATTENDEE,33,USER_T21,nvarchar,160,0,0,YES,NO,NO
V_EVENT_ATTENDEE,34,USER_T22,nvarchar,160,0,0,YES,NO,NO
V_EVENT_ATTENDEE,35,USER_T23,nvarchar,160,0,0,YES,NO,NO
V_EVENT_ATTENDEE,36,USER_T24,nvarchar,160,0,0,YES,NO,NO
V_EVENT_ATTENDEE,37,USER_T25,nvarchar,160,0,0,YES,NO,NO
V_EVENT_ATTENDEE,38,USER_T26,nvarchar,160,0,0,YES,NO,NO
V_EVENT_ATTENDEE,39,USER_T27,nvarchar,160,0,0,YES,NO,NO
V_EVENT_ATTENDEE,40,USER_T28,nvarchar,160,0,0,YES,NO,NO
V_EVENT_ATTENDEE,41,USER_T29,nvarchar,160,0,0,YES,NO,NO
V_EVENT_ATTENDEE,42,USER_T30,nvarchar,160,0,0,YES,NO,NO
V_EVENT_ATTENDEE,43,USER_N1,decimal,13,23,8,YES,NO,NO
V_EVENT_ATTENDEE,44,USER_N2,decimal,13,23,8,YES,NO,NO
V_EVENT_ATTENDEE,45,USER_N3,decimal,13,23,8,YES,NO,NO
V_EVENT_ATTENDEE,46,USER_N4,decimal,13,23,8,YES,NO,NO
V_EVENT_ATTENDEE,47,USER_N5,decimal,13,23,8,YES,NO,NO
V_EVENT_ATTENDEE,48,USER_N6,decimal,13,23,8,YES,NO,NO
V_EVENT_ATTENDEE,49,USER_N7,decimal,13,23,8,YES,NO,NO
V_EVENT_ATTENDEE,50,USER_N8,decimal,13,23,8,YES,NO,NO
V_EVENT_ATTENDEE,51,USER_N9,decimal,13,23,8,YES,NO,NO
V_EVENT_ATTENDEE,52,USER_N10,decimal,13,23,8,YES,NO,NO
V_EVENT_ATTENDEE,53,USER_N11,decimal,13,23,8,YES,NO,NO
V_EVENT_ATTENDEE,54,USER_N12,decimal,13,23,8,YES,NO,NO
V_EVENT_ATTENDEE,55,USER_N13,decimal,13,23,8,YES,NO,NO
V_EVENT_ATTENDEE,56,USER_N14,decimal,13,23,8,YES,NO,NO
V_EVENT_ATTENDEE,57,USER_N15,decimal,13,23,8,YES,NO,NO
V_EVENT_ATTENDEE,58,USER_D1,datetime,8,23,3,YES,NO,NO
V_EVENT_ATTENDEE,59,USER_D2,datetime,8,23,3,YES,NO,NO
V_EVENT_ATTENDEE,60,USER_D3,datetime,8,23,3,YES,NO,NO
V_EVENT_ATTENDEE,61,USER_D4,datetime,8,23,3,YES,NO,NO
V_EVENT_ATTENDEE,62,USER_D5,datetime,8,23,3,YES,NO,NO
V_EVENT_ATTENDEE,63,COMMENTS_BIN,ntext,16,0,0,YES,NO,NO
V_EVENT_ATTENDEE,64,COMMENTS,nvarchar,508,0,0,YES,NO,NO
V_EVENT_STAGE,1,ID,nvarchar,30,0,0,NO,NO,NO
V_EVENT_STAGE,2,DESCRIPTION,nvarchar,100,0,0,YES,NO,NO
V_EVENT_STAGE,3,CREATE_DATE,datetime,8,23,3,YES,NO,NO
V_EVENT_STAGE,4,CREATOR,nvarchar,40,0,0,YES,NO,NO
V_EVENT_STAGE,5,LAST_MODIFIED,datetime,8,23,3,YES,NO,NO
V_EVENT_STAGE,6,LAST_USER,nvarchar,40,0,0,YES,NO,NO
V_EVENT_STAGE,7,RECORDHISTORY,smallint,2,5,0,YES,NO,NO
V_EXP_CODE,1,ID,nvarchar,30,0,0,NO,NO,NO
V_EXP_CODE,2,DESCRIPTION,nvarchar,100,0,0,YES,NO,NO
V_EXP_CODE,3,LAST_MODIFIED,datetime,8,23,3,YES,NO,NO
V_EXP_CODE,4,LAST_USER,nvarchar,40,0,0,YES,NO,NO
V_EXP_CODE,5,EXP_GL_ACCT_ID,nvarchar,60,0,0,YES,NO,NO
V_EXP_CODE,6,COST_CATEGORY,nchar,2,0,0,YES,NO,NO
V_EXP_CODE,7,CREATE_DATE,datetime,8,23,3,YES,NO,NO
V_EXP_CODE,8,UNIT_PRICE,decimal,13,22,8,YES,NO,NO
V_EXP_CODE,9,FIXED_MKUP,decimal,13,23,8,YES,NO,NO
V_EXP_CODE,10,MKUP_PERCENT,decimal,5,6,3,YES,NO,NO
V_FILTER,1,ID,nvarchar,30,0,0,NO,NO,NO
V_FILTER,2,BUS_OBJ_TYPE,smallint,2,5,0,NO,NO,NO
V_FILTER,3,DEFAULT_FILTER,smallint,2,5,0,NO,NO,NO
V_FILTER,4,NAME,nvarchar,100,0,0,NO,NO,NO
V_FILTER,5,OWNER,nvarchar,40,0,0,YES,NO,NO
V_FILTER,6,SCOPE,nchar,2,0,0,YES,NO,NO
V_FILTER,7,BITS_LENGTH,int,4,10,0,NO,NO,NO
V_FILTER,8,LAST_MODIFIED,datetime,8,23,3,YES,NO,NO
V_FILTER,9,LAST_USER,nvarchar,40,0,0,YES,NO,NO
V_FILTER,10,BITS,image,16,0,0,YES,NO,NO
V_FILTER,11,CREATOR,nvarchar,40,0,0,YES,NO,NO
V_FILTER,12,CREATE_DATE,datetime,8,23,3,YES,NO,NO
V_GRID_LAYOUT,1,BUS_TYPE,smallint,2,5,0,NO,NO,NO
V_GRID_LAYOUT,2,FIELD_NAME,nvarchar,80,0,0,NO,NO,NO
V_GRID_LAYOUT,3,TABLE_NAME,nvarchar,36,0,0,NO,NO,NO
V_GRID_LAYOUT,4,CAPTION,nvarchar,50,0,0,YES,NO,NO
V_GRID_LAYOUT,5,DATATYPE,smallint,2,5,0,YES,NO,NO
V_GRID_LAYOUT,6,FORMAT,nvarchar,50,0,0,YES,NO,NO
V_GRID_LAYOUT,7,HIDE,smallint,2,5,0,YES,NO,NO
V_GRID_LAYOUT,8,FIELD_LENGTH,int,4,10,0,YES,NO,NO
V_GRID_LAYOUT,9,LOCKED,smallint,2,5,0,YES,NO,NO
V_GRID_LAYOUT,10,FIELD_POSITION,smallint,2,5,0,YES,NO,NO
V_GRID_LAYOUT,11,REQUIRED,smallint,2,5,0,YES,NO,NO
V_GRID_LAYOUT,12,UDF_ENABLE,smallint,2,5,0,YES,NO,NO
V_GRID_LAYOUT,13,USER_REQUIRED,smallint,2,5,0,YES,NO,NO
V_GRID_LAYOUT,14,WIDTH,int,4,10,0,YES,NO,NO
V_GRID_LAYOUT,15,LAST_MODIFIED,datetime,8,23,3,YES,NO,NO
V_GRID_LAYOUT,16,LAST_USER,nvarchar,40,0,0,YES,NO,NO
V_GRID_LAYOUT,17,CREATOR,nvarchar,40,0,0,YES,NO,NO
V_GRID_LAYOUT,18,CREATE_DATE,datetime,8,23,3,YES,NO,NO
V_HIST_DATA,1,BUS_TYPE,smallint,2,5,0,YES,NO,NO
V_HIST_DATA,2,USER_ID,nvarchar,40,0,0,NO,NO,NO
V_HIST_DATA,3,TABLE_NAME,nvarchar,100,0,0,NO,NO,NO
V_HIST_DATA,4,FIELD_NAME,nvarchar,100,0,0,NO,NO,NO
V_HIST_DATA,5,CREATE_DATE,datetime,8,23,3,NO,NO,NO
V_HIST_DATA,6,LAST_MODIFIED,datetime,8,23,3,YES,NO,NO
V_HIST_DATA,7,LAST_USER,nvarchar,40,0,0,YES,NO,NO
V_HIST_DATA,8,PRIMARY_KEY,nvarchar,508,0,0,YES,NO,NO
V_HIST_DATA,9,ACTION,nvarchar,30,0,0,YES,NO,NO
V_HIST_DATA,10,OLD_VALUE,nvarchar,508,0,0,YES,NO,NO
V_HIST_DATA,11,NEW_VALUE,nvarchar,508,0,0,YES,NO,NO
V_HISTORY,1,ID,nvarchar,30,0,0,NO,NO,NO
V_HISTORY,2,ACCT_ID,nvarchar,30,0,0,YES,NO,NO
V_HISTORY,3,CONTACT_ID,nvarchar,30,0,0,YES,NO,NO
V_HISTORY,4,LAST_MODIFIED,datetime,8,23,3,YES,NO,NO
V_HISTORY,5,LAST_USER,nvarchar,40,0,0,YES,NO,NO
V_HISTORY,6,REL_ID,nvarchar,30,0,0,YES,NO,NO
V_HISTORY,7,LINE_NO,smallint,2,5,0,YES,NO,NO
V_HISTORY,8,REL_TYPE,nvarchar,30,0,0,NO,NO,NO
V_HISTORY,9,AUTO_NOTE,smallint,2,5,0,NO,NO,NO
V_HISTORY,10,BIN_HDR,nvarchar,508,0,0,YES,NO,NO
V_HISTORY,11,SENT_TO,nvarchar,508,0,0,YES,NO,NO
V_HISTORY,12,SENT_FROM,nvarchar,508,0,0,YES,NO,NO
V_HISTORY,13,SENT_CC,nvarchar,508,0,0,YES,NO,NO
V_HISTORY,14,SUMMARY,nvarchar,508,0,0,YES,NO,NO
V_HISTORY,15,ATTACHMENT,nvarchar,508,0,0,YES,NO,NO
V_HISTORY,16,TYPE,nvarchar,30,0,0,YES,NO,NO
V_HISTORY,18,CATEGORY_ID,nvarchar,30,0,0,YES,NO,NO
V_HISTORY,19,CREATOR,nvarchar,40,0,0,YES,NO,NO
V_HISTORY,20,CREATE_DATE,datetime,8,23,3,YES,NO,NO
V_HISTORY,21,NOTE_DATE,datetime,8,23,3,YES,NO,NO
V_HISTORY,22,USER_T1,nvarchar,160,0,0,YES,NO,NO
V_HISTORY,23,USER_T2,nvarchar,160,0,0,YES,NO,NO
V_HISTORY,24,USER_T3,nvarchar,160,0,0,YES,NO,NO
V_HISTORY,25,USER_T4,nvarchar,160,0,0,YES,NO,NO
V_HISTORY,26,USER_T5,nvarchar,160,0,0,YES,NO,NO
V_HISTORY,27,USER_D1,datetime,8,23,3,YES,NO,NO
V_HISTORY,28,USER_D2,datetime,8,23,3,YES,NO,NO
V_HISTORY,29,USER_D3,datetime,8,23,3,YES,NO,NO
V_HISTORY,30,USER_N1,decimal,13,23,8,YES,NO,NO
V_HISTORY,31,USER_N2,decimal,13,23,8,YES,NO,NO
V_HISTORY,32,USER_N3,decimal,13,23,8,YES,NO,NO
V_HISTORY,33,USER_N4,decimal,13,23,8,YES,NO,NO
V_HISTORY,34,USER_N5,decimal,13,23,8,YES,NO,NO
V_HISTORY,35,EMAIL_ID,nvarchar,4000,0,0,YES,NO,NO
V_HISTORY,36,PRIVATE,smallint,2,5,0,NO,NO,NO
V_HISTORY,37,USER_T6,nvarchar,160,0,0,YES,NO,NO
V_HISTORY,38,USER_T7,nvarchar,160,0,0,YES,NO,NO
V_HISTORY,39,USER_T8,nvarchar,160,0,0,YES,NO,NO
V_HISTORY,40,USER_T9,nvarchar,160,0,0,YES,NO,NO
V_HISTORY,41,USER_T10,nvarchar,160,0,0,YES,NO,NO
V_HISTORY,42,USER_T11,nvarchar,160,0,0,YES,NO,NO
V_HISTORY,43,USER_T12,nvarchar,160,0,0,YES,NO,NO
V_HISTORY,44,USER_T13,nvarchar,160,0,0,YES,NO,NO
V_HISTORY,45,USER_T14,nvarchar,160,0,0,YES,NO,NO
V_HISTORY,46,USER_T15,nvarchar,160,0,0,YES,NO,NO
V_HISTORY,47,USER_T16,nvarchar,160,0,0,YES,NO,NO
V_HISTORY,48,USER_T17,nvarchar,160,0,0,YES,NO,NO
V_HISTORY,49,USER_T18,nvarchar,160,0,0,YES,NO,NO
V_HISTORY,50,USER_T19,nvarchar,160,0,0,YES,NO,NO
V_HISTORY,51,USER_T20,nvarchar,160,0,0,YES,NO,NO
V_HISTORY,52,USER_T21,nvarchar,160,0,0,YES,NO,NO
V_HISTORY,53,USER_T22,nvarchar,160,0,0,YES,NO,NO
V_HISTORY,54,USER_T23,nvarchar,160,0,0,YES,NO,NO
V_HISTORY,55,USER_T24,nvarchar,160,0,0,YES,NO,NO
V_HISTORY,56,USER_T25,nvarchar,160,0,0,YES,NO,NO
V_HISTORY,57,USER_T26,nvarchar,160,0,0,YES,NO,NO
V_HISTORY,58,USER_T27,nvarchar,160,0,0,YES,NO,NO
V_HISTORY,59,USER_T28,nvarchar,160,0,0,YES,NO,NO
V_HISTORY,60,USER_T29,nvarchar,160,0,0,YES,NO,NO
V_HISTORY,61,USER_T30,nvarchar,160,0,0,YES,NO,NO
V_HISTORY,62,USER_N6,decimal,13,23,8,YES,NO,NO
V_HISTORY,63,USER_N7,decimal,13,23,8,YES,NO,NO
V_HISTORY,64,USER_N8,decimal,13,23,8,YES,NO,NO
V_HISTORY,65,USER_N9,decimal,13,23,8,YES,NO,NO
V_HISTORY,66,USER_N10,decimal,13,23,8,YES,NO,NO
V_HISTORY,67,USER_N11,decimal,13,23,8,YES,NO,NO
V_HISTORY,68,USER_N12,decimal,13,23,8,YES,NO,NO
V_HISTORY,69,USER_N13,decimal,13,23,8,YES,NO,NO
V_HISTORY,70,USER_N14,decimal,13,23,8,YES,NO,NO
V_HISTORY,71,USER_N15,decimal,13,23,8,YES,NO,NO
V_HISTORY,72,USER_D4,datetime,8,23,3,YES,NO,NO
V_HISTORY,73,USER_D5,datetime,8,23,3,YES,NO,NO
V_HISTORY,74,EVENT_ID,nvarchar,30,0,0,YES,NO,NO
V_HISTORY,75,NOTE,ntext,16,0,0,YES,NO,NO
V_HISTORY,76,CONTACT_FIRST_NAME,nvarchar,60,0,0,YES,NO,NO
V_HISTORY,77,CONTACT_LAST_NAME,nvarchar,60,0,0,YES,NO,NO
V_HISTORY,78,CONTACT_EMAIL,nvarchar,100,0,0,YES,NO,NO
V_HISTORY,79,EMAIL_STORE_1,nvarchar,4000,0,0,YES,NO,NO
V_HISTORY,80,EMAIL_STORE_2,nvarchar,4000,0,0,YES,NO,NO
V_HISTORY,81,ROWID,int,4,10,0,NO,YES,NO
V_HISTORY_CATEGORY,1,ID,nvarchar,30,0,0,NO,NO,NO
V_HISTORY_CATEGORY,2,DESCRIPTION,nvarchar,100,0,0,YES,NO,NO
V_HISTORY_CATEGORY,3,KEYWORD_ID,nvarchar,30,0,0,YES,NO,NO
V_HISTORY_CATEGORY,4,LAST_MODIFIED,datetime,8,23,3,YES,NO,NO
V_HISTORY_CATEGORY,5,LAST_USER,nvarchar,40,0,0,YES,NO,NO
V_HISTORY_CATEGORY,6,ROWID,int,4,10,0,NO,YES,NO
V_HISTORY_TYPE,1,ID,nvarchar,30,0,0,NO,NO,NO
V_HISTORY_TYPE,2,DESCRIPTION,nvarchar,100,0,0,YES,NO,NO
V_HISTORY_TYPE,3,LAST_MODIFIED,datetime,8,23,3,NO,NO,NO
V_HISTORY_TYPE,4,LAST_USER,nvarchar,40,0,0,YES,NO,NO
V_HISTORY_TYPE,5,CREATE_DATE,datetime,8,23,3,NO,NO,NO
V_HISTORY_TYPE,6,CREATOR,nvarchar,40,0,0,YES,NO,NO
V_HISTORY_TYPE,7,ROWID,int,4,10,0,NO,YES,NO
V_INDUSTRY_CODES,1,ID,nvarchar,30,0,0,NO,NO,NO
V_INDUSTRY_CODES,2,TYPE,nvarchar,30,0,0,NO,NO,NO
V_INDUSTRY_CODES,3,LONG_DESC,nvarchar,508,0,0,YES,NO,NO
V_INDUSTRY_CODES,4,LAST_USER,nvarchar,40,0,0,YES,NO,NO
V_INDUSTRY_CODES,5,LAST_MODIFIED,datetime,8,23,3,YES,NO,NO
V_INST,1,ID,nvarchar,30,0,0,NO,NO,NO
V_INST,2,INST_TYPE,nvarchar,4,0,0,NO,NO,NO
V_INST,3,END_OF_MONTH,nchar,2,0,0,YES,NO,NO
V_INST,4,VAT_ON_FIRST_INST,nchar,2,0,0,YES,NO,NO
V_INST,5,PERIOD_TYPE,nchar,2,0,0,NO,NO,NO
V_INST,6,LAST_USER,nvarchar,40,0,0,YES,NO,NO
V_INST,7,LAST_MODIFIED,datetime,8,23,3,YES,NO,NO
V_INST_LINE,1,INSTALLMENT_ID,nvarchar,30,0,0,NO,NO,NO
V_INST_LINE,2,INST_TYPE,nvarchar,4,0,0,NO,NO,NO
V_INST_LINE,3,INST_NO,smallint,2,5,0,NO,NO,NO
V_INST_LINE,4,INST_PERCENT,decimal,5,6,3,NO,NO,NO
V_INST_LINE,5,PERIOD,smallint,2,5,0,NO,NO,NO
V_INST_LINE,6,LAST_USER,nvarchar,40,0,0,YES,NO,NO
V_INST_LINE,7,LAST_MODIFIED,datetime,8,23,3,YES,NO,NO
V_INV_BINARY,1,INVOICE_ID,nvarchar,30,0,0,NO,NO,NO
V_INV_BINARY,2,TYPE,nvarchar,6,0,0,NO,NO,NO
V_INV_BINARY,3,BITS_LENGTH,int,4,10,0,NO,NO,NO
V_INV_BINARY,4,LAST_MODIFIED,datetime,8,23,3,YES,NO,NO
V_INV_BINARY,5,LAST_USER,nvarchar,40,0,0,YES,NO,NO
V_INV_BINARY,6,BITS,image,16,0,0,YES,NO,NO
V_INV_BINARY,7,CREATE_DATE,datetime,8,23,3,YES,NO,NO
V_INV_LN_BINARY,1,INVOICE_ID,nvarchar,30,0,0,NO,NO,NO
V_INV_LN_BINARY,2,LINE_NO,smallint,2,5,0,NO,NO,NO
V_INV_LN_BINARY,3,TYPE,nvarchar,6,0,0,NO,NO,NO
V_INV_LN_BINARY,4,BITS_LENGTH,int,4,10,0,NO,NO,NO
V_INV_LN_BINARY,5,LAST_MODIFIED,datetime,8,23,3,YES,NO,NO
V_INV_LN_BINARY,6,LAST_USER,nvarchar,40,0,0,YES,NO,NO
V_INV_LN_BINARY,7,BITS,image,16,0,0,YES,NO,NO
V_INV_LN_BINARY,8,CREATE_DATE,datetime,8,23,3,YES,NO,NO
V_INV_LN_BINARY,9,CREATOR,nvarchar,40,0,0,YES,NO,NO
V_INVOICE,1,ID,nvarchar,30,0,0,NO,NO,NO
V_INVOICE,2,RECEIVABLE_ID,nvarchar,30,0,0,YES,NO,NO
V_INVOICE,3,INVOICE_DATE,datetime,8,23,3,YES,NO,NO
V_INVOICE,4,STATUS,nchar,2,0,0,YES,NO,NO
V_INVOICE,5,TEMPLATE_ID,nvarchar,30,0,0,YES,NO,NO
V_INVOICE,6,TYPE,nvarchar,30,0,0,YES,NO,NO
V_INVOICE,7,TOTAL_AMT,decimal,13,23,8,YES,NO,NO
V_INVOICE,8,BATCH_ID,nvarchar,30,0,0,YES,NO,NO
V_INVOICE,9,DIST_ID,nvarchar,30,0,0,YES,NO,NO
V_INVOICE,10,BUY_RATE,decimal,9,15,8,YES,NO,NO
V_INVOICE,11,CURRENCY_ID,nvarchar,30,0,0,YES,NO,NO
V_INVOICE,12,DISC_GIVEN,decimal,13,23,8,YES,NO,NO
V_INVOICE,13,FREIGHT_TERMS,nchar,2,0,0,YES,NO,NO
V_INVOICE,14,MARKED_FOR_PURGE,nchar,2,0,0,YES,NO,NO
V_INVOICE,15,PAID_AMT,decimal,13,23,8,YES,NO,NO
V_INVOICE,16,POSTING_DATE,datetime,8,23,3,YES,NO,NO
V_INVOICE,17,PRINTED_DATE,datetime,8,23,3,YES,NO,NO
V_INVOICE,18,RECV_GL_ACCT_ID,nvarchar,60,0,0,YES,NO,NO
V_INVOICE,19,SELL_RATE,decimal,9,15,8,YES,NO,NO
V_INVOICE,20,TERMS_NET_TYPE,nchar,2,0,0,NO,NO,NO
V_INVOICE,21,TERMS_NET_DAYS,smallint,2,5,0,YES,NO,NO
V_INVOICE,22,TERMS_NET_DATE,datetime,8,23,3,YES,NO,NO
V_INVOICE,23,TERMS_DISC_TYPE,nchar,2,0,0,NO,NO,NO
V_INVOICE,24,TERMS_DISC_DAYS,smallint,2,5,0,YES,NO,NO
V_INVOICE,25,TERMS_DISC_DATE,datetime,8,23,3,YES,NO,NO
V_INVOICE,26,TERMS_DISC_PERCENT,decimal,5,6,3,YES,NO,NO
V_INVOICE,27,TERMS_DESCRIPTION,nvarchar,160,0,0,YES,NO,NO
V_INVOICE,28,USER_EXCH_RATE,nchar,2,0,0,YES,NO,NO
V_INVOICE,29,ACCT_ID,nvarchar,30,0,0,YES,NO,NO
V_INVOICE,30,LAST_MODIFIED,datetime,8,23,3,YES,NO,NO
V_INVOICE,31,LAST_USER,nvarchar,40,0,0,YES,NO,NO
V_INVOICE,32,CUST_ID,nvarchar,30,0,0,YES,NO,NO
V_INVOICE,33,SITE_ID,nvarchar,30,0,0,NO,NO,NO
V_INVOICE,34,CREATOR,nvarchar,40,0,0,YES,NO,NO
V_INVOICE,35,CREATE_DATE,datetime,8,23,3,YES,NO,NO
V_INVOICE,36,SALESREP_ID,nvarchar,30,0,0,YES,NO,NO
V_INVOICE,37,SRVC_ORDER_ID,nvarchar,30,0,0,YES,NO,NO
V_INVOICE,38,VAT_ON_FIRST_INST,nchar,2,0,0,YES,NO,NO
V_INVOICE,39,EOM_DUE_DATE,nchar,2,0,0,YES,NO,NO
V_INVOICE,40,INST_PERIOD_TYPE,nchar,2,0,0,YES,NO,NO
V_INVOICE,41,VAT_BOOK_CODE,nvarchar,10,0,0,YES,NO,NO
V_INVOICE,42,VAT_FILENAME,nvarchar,30,0,0,YES,NO,NO
V_INVOICE,43,VAT_REPORT_NO,int,4,10,0,YES,NO,NO
V_INVOICE,44,CALL_ID,nvarchar,30,0,0,YES,NO,NO
V_INVOICE,45,CONTRACT_ID,nvarchar,30,0,0,YES,NO,NO
V_INVOICE,46,TERMS_ID,nvarchar,30,0,0,YES,NO,NO
V_INVOICE_LINE,1,INVOICE_ID,nvarchar,30,0,0,NO,NO,NO
V_INVOICE_LINE,2,LINE_NO,smallint,2,5,0,NO,NO,NO
V_INVOICE_LINE,3,AMOUNT,decimal,13,23,8,YES,NO,NO
V_INVOICE_LINE,4,BILL,smallint,2,5,0,NO,NO,NO
V_INVOICE_LINE,5,COMMISSION_PCT,decimal,5,6,3,YES,NO,NO
V_INVOICE_LINE,6,CREATE_DATE,datetime,8,23,3,YES,NO,NO
V_INVOICE_LINE,7,CREATOR,nvarchar,40,0,0,YES,NO,NO
V_INVOICE_LINE,8,DESCRIPTION,nvarchar,240,0,0,YES,NO,NO
V_INVOICE_LINE,9,DISCOUNT_AMT,decimal,13,23,8,NO,NO,NO
V_INVOICE_LINE,10,GL_ACCOUNT_ID,nvarchar,60,0,0,YES,NO,NO
V_INVOICE_LINE,11,LAST_MODIFIED,datetime,8,23,3,YES,NO,NO
V_INVOICE_LINE,12,LAST_USER,nvarchar,40,0,0,YES,NO,NO
V_INVOICE_LINE,13,QTY,decimal,13,20,8,NO,NO,NO
V_INVOICE_LINE,14,SERVICE_DATE,datetime,8,23,3,NO,NO,NO
V_INVOICE_LINE,15,SUB_TYPE,nvarchar,30,0,0,YES,NO,NO
V_INVOICE_LINE,16,SUB_TYPE_ID,smallint,2,5,0,YES,NO,NO
V_INVOICE_LINE,17,TYPE,nvarchar,30,0,0,NO,NO,NO
V_INVOICE_LINE,18,TYPE_ID,nvarchar,30,0,0,NO,NO,NO
V_INVOICE_LINE,19,UNIT_PRICE,decimal,13,22,8,NO,NO,NO
V_INVOICE_LINE,20,VAT_AMOUNT,decimal,13,23,8,YES,NO,NO
V_INVOICE_LINE,21,VAT_CATEGORY,nvarchar,30,0,0,YES,NO,NO
V_INVOICE_LINE,22,VAT_CODE,nvarchar,30,0,0,YES,NO,NO
V_INVOICE_LINE,23,VAT_GL_ACCT_ID,nvarchar,60,0,0,YES,NO,NO
V_INVOICE_LINE,24,VAT_PERCENT,decimal,5,6,3,YES,NO,NO
V_INVOICE_LINE,25,ISSUE_NO,smallint,2,5,0,YES,NO,NO
V_KEYWORD,1,ID,nvarchar,30,0,0,NO,NO,NO
V_KEYWORD,2,PARENT_ID,nvarchar,30,0,0,YES,NO,NO
V_KEYWORD,3,LAST_MODIFIED,datetime,8,23,3,YES,NO,NO
V_KEYWORD,4,LAST_USER,nvarchar,40,0,0,YES,NO,NO
V_KEYWORD,5,DETAILS,nvarchar,200,0,0,YES,NO,NO
V_KEYWORD,6,CREATE_DATE,datetime,8,23,3,YES,NO,NO
V_LBR_GROUP,1,ID,nvarchar,30,0,0,NO,NO,NO
V_LBR_GROUP,2,DESCRIPTION,nvarchar,100,0,0,YES,NO,NO
V_LBR_GROUP,3,LAST_USER,nvarchar,40,0,0,YES,NO,NO
V_LBR_GROUP,4,LAST_MODIFIED,datetime,8,23,3,YES,NO,NO
V_LBR_GROUP,5,CREATE_DATE,datetime,8,23,3,YES,NO,NO
V_LBR_GRP_RATE,1,GROUP_ID,nvarchar,30,0,0,NO,NO,NO
V_LBR_GRP_RATE,2,RESOURCE_ID,nvarchar,30,0,0,NO,NO,NO
V_LBR_GRP_RATE,3,EFF_DATE,datetime,8,23,3,NO,NO,NO
V_LBR_GRP_RATE,4,BILL_RATE,decimal,13,22,8,YES,NO,NO
V_LBR_GRP_RATE,5,USER_RATE,decimal,13,22,8,YES,NO,NO
V_LBR_GRP_RATE,6,RATE_PERCENT,decimal,5,6,3,YES,NO,NO
V_LBR_GRP_RATE,7,LAST_USER,nvarchar,40,0,0,YES,NO,NO
V_LBR_GRP_RATE,8,LAST_MODIFIED,datetime,8,23,3,YES,NO,NO
V_LBR_GRP_RATE,9,CREATE_DATE,datetime,8,23,3,YES,NO,NO
V_LEAD_SOURCE,1,ID,nvarchar,30,0,0,NO,NO,NO
V_LEAD_SOURCE,2,DESCRIPTION,nvarchar,100,0,0,YES,NO,NO
V_LEAD_SOURCE,3,LAST_MODIFIED,datetime,8,23,3,YES,NO,NO
V_LEAD_SOURCE,4,LAST_USER,nvarchar,40,0,0,YES,NO,NO
V_LEAD_SOURCE,5,CREATE_DATE,datetime,8,23,3,YES,NO,NO
V_LEASE_TYPE,1,ID,nvarchar,30,0,0,NO,NO,NO
V_LEASE_TYPE,2,DESCRIPTION,nvarchar,100,0,0,YES,NO,NO
V_LEASE_TYPE,3,LEASE_REV_ACCT,nvarchar,60,0,0,YES,NO,NO
V_LEASE_TYPE,4,LEASE_INT_ACCT,nvarchar,60,0,0,YES,NO,NO
V_LEASE_TYPE,5,LAST_MODIFIED,datetime,8,23,3,YES,NO,NO
V_LEASE_TYPE,6,LAST_USER,nvarchar,40,0,0,YES,NO,NO
V_LEASE_TYPE,7,CREATE_DATE,datetime,8,23,3,YES,NO,NO
V_LOG,1,TBNAME,nvarchar,40,0,0,YES,NO,NO
V_LOG,2,COLNAME,nvarchar,40,0,0,YES,NO,NO
V_LOG,3,SPNAME,nvarchar,40,0,0,YES,NO,NO
V_LOG,4,TIME,datetime,8,23,3,YES,NO,NO
V_LOG,5,VALUE_PREV,nvarchar,508,0,0,YES,NO,NO
V_LOG,6,VALUE_CURR,nvarchar,508,0,0,YES,NO,NO
V_LOG,7,COMMENTS,nvarchar,508,0,0,YES,NO,NO
V_MAIL_NAVBAR,1,ID,nvarchar,508,0,0,NO,NO,NO
V_MAIL_NAVBAR,2,PARENT_NAVBAR_ID,nvarchar,508,0,0,YES,NO,NO
V_MAIL_NAVBAR,3,POSITION,smallint,2,5,0,YES,NO,NO
V_MAIL_NAVBAR,4,TYPE,nvarchar,30,0,0,YES,NO,NO
V_MAIL_NAVBAR,5,USER_ID,nvarchar,40,0,0,NO,NO,NO
V_MAIL_NAVBAR,6,ENABLED,smallint,2,5,0,YES,NO,NO
V_MAIL_NAVBAR,7,VISIBLE,smallint,2,5,0,YES,NO,NO
V_MAIL_NAVBAR,8,LOCKED,smallint,2,5,0,YES,NO,NO
V_MAIL_NAVBAR,9,LONG_DESC,nvarchar,508,0,0,YES,NO,NO
V_MAIL_NAVBAR,10,ACTION,nvarchar,508,0,0,YES,NO,NO
V_MAIL_NAVBAR,11,LAST_USER,nvarchar,40,0,0,YES,NO,NO
V_MAIL_NAVBAR,12,LAST_MODIFIED,datetime,8,23,3,YES,NO,NO
V_MAIL_NAVBAR,13,CREATE_DATE,datetime,8,23,3,YES,NO,NO
V_MERGE_DOCS,1,ID,nvarchar,30,0,0,NO,NO,NO
V_MERGE_DOCS,2,LONG_DESC,nvarchar,508,0,0,YES,NO,NO
V_MERGE_DOCS,3,FILE_NAME,nvarchar,508,0,0,YES,NO,NO
V_MERGE_DOCS,4,CONTEXT,nvarchar,100,0,0,YES,NO,NO
V_MERGE_DOCS,5,DEFAULT_DOC,smallint,2,5,0,YES,NO,NO
V_MERGE_DOCS,6,USER_ID,nvarchar,40,0,0,YES,NO,NO
V_MERGE_DOCS,7,SQL_SELECT,nvarchar,508,0,0,YES,NO,NO
V_MERGE_DOCS,8,SQL_WHERE,nvarchar,508,0,0,YES,NO,NO
V_MERGE_DOCS,9,LAST_USER,nvarchar,40,0,0,YES,NO,NO
V_MERGE_DOCS,10,LAST_MODIFIED,datetime,8,23,3,YES,NO,NO
V_MERGE_DOCS,11,ALL_USERS,smallint,2,5,0,YES,NO,NO
V_MERGE_DOCS,12,COMMENTS_BIN,ntext,16,0,0,YES,NO,NO
V_MISC_FIELDS,1,IS_DELETED,smallint,2,5,0,NO,NO,NO
V_MISC_FIELDS,2,EDIT_FROM_DETAIL,smallint,2,5,0,NO,NO,NO
V_MISC_FIELDS,3,BINARY_CHANGED,smallint,2,5,0,NO,NO,NO
V_MISC_FIELDS,4,IS_DIRTY,smallint,2,5,0,NO,NO,NO
V_MISC_FIELDS,5,CREATE_DATE,datetime,8,23,3,YES,NO,NO
V_NAVBAR,1,ID,nvarchar,100,0,0,NO,NO,NO
V_NAVBAR,2,PARENT_NAVBAR_ID,nvarchar,100,0,0,YES,NO,NO
V_NAVBAR,3,POSITION,smallint,2,5,0,YES,NO,NO
V_NAVBAR,4,TYPE,nvarchar,30,0,0,YES,NO,NO
V_NAVBAR,5,USER_ID,nvarchar,40,0,0,YES,NO,NO
V_NAVBAR,6,ENABLED,smallint,2,5,0,YES,NO,NO
V_NAVBAR,7,VISIBLE,smallint,2,5,0,YES,NO,NO
V_NAVBAR,8,LOCKED,smallint,2,5,0,YES,NO,NO
V_NAVBAR,9,LONG_DESC,nvarchar,508,0,0,YES,NO,NO
V_NAVBAR,10,ACTION,nvarchar,508,0,0,YES,NO,NO
V_NAVBAR,11,LAST_USER,nvarchar,40,0,0,YES,NO,NO
V_NAVBAR,12,LAST_MODIFIED,datetime,8,23,3,YES,NO,NO
V_NAVBAR,13,CREATE_DATE,datetime,8,23,3,YES,NO,NO
V_OPPORTUNITY,1,ID,nvarchar,30,0,0,NO,NO,NO
V_OPPORTUNITY,2,ACCT_ID,nvarchar,30,0,0,NO,NO,NO
V_OPPORTUNITY,3,OPTY_TYPE_ID,nvarchar,30,0,0,YES,NO,NO
V_OPPORTUNITY,4,DESCRIPTION,nvarchar,100,0,0,YES,NO,NO
V_OPPORTUNITY,5,OPEN_DATE,datetime,8,23,3,YES,NO,NO
V_OPPORTUNITY,6,CLOSE_DATE,datetime,8,23,3,YES,NO,NO
V_OPPORTUNITY,7,CUR_STAGE_ID,nvarchar,30,0,0,YES,NO,NO
V_OPPORTUNITY,8,PROBABILITY,decimal,9,14,4,YES,NO,NO
V_OPPORTUNITY,9,OPTY_AMOUNT,decimal,13,23,8,YES,NO,NO
V_OPPORTUNITY,10,WON_AMOUNT,decimal,13,23,8,YES,NO,NO
V_OPPORTUNITY,11,WON_REASON,nvarchar,30,0,0,YES,NO,NO
V_OPPORTUNITY,12,LOST_AMOUNT,decimal,13,23,8,YES,NO,NO
V_OPPORTUNITY,13,LOST_REASON,nvarchar,30,0,0,YES,NO,NO
V_OPPORTUNITY,14,COMPETITOR,nvarchar,30,0,0,YES,NO,NO
V_OPPORTUNITY,15,INACT_AMOUNT,decimal,13,23,8,YES,NO,NO
V_OPPORTUNITY,16,INACT_REASON,nvarchar,30,0,0,YES,NO,NO
V_OPPORTUNITY,17,DIVISION_ID,nvarchar,30,0,0,YES,NO,NO
V_OPPORTUNITY,18,BUS_UNIT_ID,nvarchar,30,0,0,YES,NO,NO
V_OPPORTUNITY,19,SITE_ID,nvarchar,30,0,0,NO,NO,NO
V_OPPORTUNITY,20,TERRITORY,nvarchar,30,0,0,YES,NO,NO
V_OPPORTUNITY,21,AREA_ID,nvarchar,30,0,0,YES,NO,NO
V_OPPORTUNITY,22,SALESREP_ID,nvarchar,30,0,0,YES,NO,NO
V_OPPORTUNITY,23,BRANCH_ID,nvarchar,30,0,0,YES,NO,NO
V_OPPORTUNITY,24,USER_T1,nvarchar,160,0,0,YES,NO,NO
V_OPPORTUNITY,25,USER_T2,nvarchar,160,0,0,YES,NO,NO
V_OPPORTUNITY,26,USER_T3,nvarchar,160,0,0,YES,NO,NO
V_OPPORTUNITY,27,USER_T4,nvarchar,160,0,0,YES,NO,NO
V_OPPORTUNITY,28,USER_T5,nvarchar,160,0,0,YES,NO,NO
V_OPPORTUNITY,29,USER_D1,datetime,8,23,3,YES,NO,NO
V_OPPORTUNITY,30,USER_D2,datetime,8,23,3,YES,NO,NO
V_OPPORTUNITY,31,USER_D3,datetime,8,23,3,YES,NO,NO
V_OPPORTUNITY,32,LAST_MODIFIED,datetime,8,23,3,YES,NO,NO
V_OPPORTUNITY,33,LAST_USER,nvarchar,40,0,0,YES,NO,NO
V_OPPORTUNITY,34,PRODUCT_TYPE,nvarchar,50,0,0,YES,NO,NO
V_OPPORTUNITY,35,LEAD_SOURCE,nvarchar,30,0,0,YES,NO,NO
V_OPPORTUNITY,36,FORECAST,smallint,2,5,0,YES,NO,NO
V_OPPORTUNITY,37,SALES_PLAN,nvarchar,30,0,0,YES,NO,NO
V_OPPORTUNITY,38,EST_CLOSE_DATE,datetime,8,23,3,YES,NO,NO
V_OPPORTUNITY,39,FOLLOW_UP,smallint,2,5,0,NO,NO,NO
V_OPPORTUNITY,40,FOLLOW_UP_DATE,datetime,8,23,3,YES,NO,NO
V_OPPORTUNITY,41,FOLLOW_UP_TYPE,nvarchar,2,0,0,YES,NO,NO
V_OPPORTUNITY,42,CREATOR,nvarchar,40,0,0,YES,NO,NO
V_OPPORTUNITY,43,OWNER,nvarchar,40,0,0,YES,NO,NO
V_OPPORTUNITY,44,RESULTS_COMMENTS,nvarchar,508,0,0,YES,NO,NO
V_OPPORTUNITY,45,COMMENTS,nvarchar,508,0,0,YES,NO,NO
V_OPPORTUNITY,46,USER_N1,decimal,13,23,8,YES,NO,NO
V_OPPORTUNITY,47,USER_N2,decimal,13,23,8,YES,NO,NO
V_OPPORTUNITY,48,USER_N3,decimal,13,23,8,YES,NO,NO
V_OPPORTUNITY,49,USER_N4,decimal,13,23,8,YES,NO,NO
V_OPPORTUNITY,50,USER_N5,decimal,13,23,8,YES,NO,NO
V_OPPORTUNITY,51,QTY,int,4,10,0,YES,NO,NO
V_OPPORTUNITY,52,OPTY_VERSION,nvarchar,20,0,0,YES,NO,NO
V_OPPORTUNITY,53,CONTACT_ID,nvarchar,50,0,0,YES,NO,NO
V_OPPORTUNITY,54,CREATE_DATE,datetime,8,23,3,YES,NO,NO
V_OPPORTUNITY,55,STATUS,nvarchar,30,0,0,YES,NO,NO
V_OPPORTUNITY,56,USER_T6,nvarchar,160,0,0,YES,NO,NO
V_OPPORTUNITY,57,USER_T7,nvarchar,160,0,0,YES,NO,NO
V_OPPORTUNITY,58,USER_T8,nvarchar,160,0,0,YES,NO,NO
V_OPPORTUNITY,59,USER_T9,nvarchar,160,0,0,YES,NO,NO
V_OPPORTUNITY,60,USER_T10,nvarchar,160,0,0,YES,NO,NO
V_OPPORTUNITY,61,USER_T11,nvarchar,160,0,0,YES,NO,NO
V_OPPORTUNITY,62,USER_T12,nvarchar,160,0,0,YES,NO,NO
V_OPPORTUNITY,63,USER_T13,nvarchar,160,0,0,YES,NO,NO
V_OPPORTUNITY,64,USER_T14,nvarchar,160,0,0,YES,NO,NO
V_OPPORTUNITY,65,USER_T15,nvarchar,160,0,0,YES,NO,NO
V_OPPORTUNITY,66,USER_T16,nvarchar,160,0,0,YES,NO,NO
V_OPPORTUNITY,67,USER_T17,nvarchar,160,0,0,YES,NO,NO
V_OPPORTUNITY,68,USER_T18,nvarchar,160,0,0,YES,NO,NO
V_OPPORTUNITY,69,USER_T19,nvarchar,160,0,0,YES,NO,NO
V_OPPORTUNITY,70,USER_T20,nvarchar,160,0,0,YES,NO,NO
V_OPPORTUNITY,71,USER_T21,nvarchar,160,0,0,YES,NO,NO
V_OPPORTUNITY,72,USER_T22,nvarchar,160,0,0,YES,NO,NO
V_OPPORTUNITY,73,USER_T23,nvarchar,160,0,0,YES,NO,NO
V_OPPORTUNITY,74,USER_T24,nvarchar,160,0,0,YES,NO,NO
V_OPPORTUNITY,75,USER_T25,nvarchar,160,0,0,YES,NO,NO
V_OPPORTUNITY,76,USER_T26,nvarchar,160,0,0,YES,NO,NO
V_OPPORTUNITY,77,USER_T27,nvarchar,160,0,0,YES,NO,NO
V_OPPORTUNITY,78,USER_T28,nvarchar,160,0,0,YES,NO,NO
V_OPPORTUNITY,79,USER_T29,nvarchar,160,0,0,YES,NO,NO
V_OPPORTUNITY,80,USER_T30,nvarchar,160,0,0,YES,NO,NO
V_OPPORTUNITY,81,USER_N6,decimal,13,23,8,YES,NO,NO
V_OPPORTUNITY,82,USER_N7,decimal,13,23,8,YES,NO,NO
V_OPPORTUNITY,83,USER_N8,decimal,13,23,8,YES,NO,NO
V_OPPORTUNITY,84,USER_N9,decimal,13,23,8,YES,NO,NO
V_OPPORTUNITY,85,USER_N10,decimal,13,23,8,YES,NO,NO
V_OPPORTUNITY,86,USER_N11,decimal,13,23,8,YES,NO,NO
V_OPPORTUNITY,87,USER_N12,decimal,13,23,8,YES,NO,NO
V_OPPORTUNITY,88,USER_N13,decimal,13,23,8,YES,NO,NO
V_OPPORTUNITY,89,USER_N14,decimal,13,23,8,YES,NO,NO
V_OPPORTUNITY,90,USER_N15,decimal,13,23,8,YES,NO,NO
V_OPPORTUNITY,91,USER_D4,datetime,8,23,3,YES,NO,NO
V_OPPORTUNITY,92,USER_D5,datetime,8,23,3,YES,NO,NO
V_OPPORTUNITY,93,CURRENCY_ID,nvarchar,30,0,0,YES,NO,NO
V_OPPORTUNITY,94,UNIT_PRICE,decimal,13,22,8,YES,NO,NO
V_OPPORTUNITY,96,COMMENTS_BIN,ntext,16,0,0,YES,NO,NO
V_OPPORTUNITY,97,SALES_LEAD,smallint,2,5,0,YES,NO,NO
V_OPTY_BINARY,1,OPTY_ID,nvarchar,30,0,0,NO,NO,NO
V_OPTY_BINARY,2,TYPE,nvarchar,6,0,0,NO,NO,NO
V_OPTY_BINARY,3,BITS_LENGTH,int,4,10,0,NO,NO,NO
V_OPTY_BINARY,4,LAST_MODIFIED,datetime,8,23,3,YES,NO,NO
V_OPTY_BINARY,5,LAST_USER,nvarchar,40,0,0,YES,NO,NO
V_OPTY_BINARY,6,BITS,image,16,0,0,YES,NO,NO
V_OPTY_BINARY,7,CREATE_DATE,datetime,8,23,3,YES,NO,NO
V_OPTY_COMPET,1,OPTY_ID,nvarchar,30,0,0,NO,NO,NO
V_OPTY_COMPET,2,ACCT_ID,nvarchar,30,0,0,NO,NO,NO
V_OPTY_COMPET,3,COMMENTS,nvarchar,508,0,0,YES,NO,NO
V_OPTY_COMPET,4,LAST_MODIFIED,datetime,8,23,3,YES,NO,NO
V_OPTY_COMPET,5,LAST_USER,nvarchar,40,0,0,YES,NO,NO
V_OPTY_COMPET,6,CREATE_DATE,datetime,8,23,3,YES,NO,NO
V_OPTY_CONTACT,1,OPTY_ID,nvarchar,30,0,0,NO,NO,NO
V_OPTY_CONTACT,2,CONTACT_ID,nvarchar,50,0,0,NO,NO,NO
V_OPTY_CONTACT,3,LAST_MODIFIED,datetime,8,23,3,YES,NO,NO
V_OPTY_CONTACT,4,LAST_USER,nvarchar,40,0,0,YES,NO,NO
V_OPTY_CONTACT,5,PRIMARY_CONTACT,smallint,2,5,0,YES,NO,NO
V_OPTY_CONTACT,6,CREATE_DATE,datetime,8,23,3,YES,NO,NO
V_OPTY_CURR,1,ID,nvarchar,30,0,0,NO,NO,NO
V_OPTY_CURR,2,CURRENCY_ID,nvarchar,30,0,0,NO,NO,NO
V_OPTY_CURR,3,AMOUNT,decimal,13,23,8,NO,NO,NO
V_OPTY_CURR,4,BUY_RATE,decimal,9,15,8,NO,NO,NO
V_OPTY_CURR,5,SELL_RATE,decimal,9,15,8,NO,NO,NO
V_OPTY_CURR,6,CREATE_DATE,datetime,8,23,3,NO,NO,NO
V_OPTY_CURR,7,CREATOR,nvarchar,40,0,0,YES,NO,NO
V_OPTY_CURR,8,LAST_MODIFIED,datetime,8,23,3,YES,NO,NO
V_OPTY_CURR,9,LAST_USER,nvarchar,40,0,0,YES,NO,NO
V_OPTY_ESTIMATE,1,EST_ID,nvarchar,30,0,0,NO,NO,NO
V_OPTY_ESTIMATE,2,OPTY_ID,nvarchar,30,0,0,NO,NO,NO
V_OPTY_ESTIMATE,3,LAST_USER,nvarchar,40,0,0,YES,NO,NO
V_OPTY_ESTIMATE,4,LAST_MODIFIED,datetime,8,23,3,YES,NO,NO
V_OPTY_ESTIMATE,5,CREATE_DATE,datetime,8,23,3,YES,NO,NO
V_OPTY_ORDER,1,OPTY_ID,nvarchar,30,0,0,NO,NO,NO
V_OPTY_ORDER,2,CUST_ORDER_ID,nvarchar,30,0,0,NO,NO,NO
V_OPTY_ORDER,3,CREATE_DATE,datetime,8,23,3,YES,NO,NO
V_OPTY_ORDER,4,LAST_USER,nvarchar,40,0,0,YES,NO,NO
V_OPTY_ORDER,5,LAST_MODIFIED,datetime,8,23,3,YES,NO,NO
V_OPTY_PLAN,1,OPTY_ID,nvarchar,30,0,0,NO,NO,NO
V_OPTY_PLAN,2,STAGE_ID,nvarchar,30,0,0,NO,NO,NO
V_OPTY_PLAN,3,LINE_NO,int,4,10,0,NO,NO,NO
V_OPTY_PLAN,4,SCHED_COMP_DATE,datetime,8,23,3,YES,NO,NO
V_OPTY_PLAN,5,START_DATE,datetime,8,23,3,YES,NO,NO
V_OPTY_PLAN,6,ACTUAL_COMP_DATE,datetime,8,23,3,YES,NO,NO
V_OPTY_PLAN,7,COMMENTS,nvarchar,508,0,0,YES,NO,NO
V_OPTY_PLAN,8,LAST_MODIFIED,datetime,8,23,3,YES,NO,NO
V_OPTY_PLAN,9,LAST_USER,nvarchar,40,0,0,YES,NO,NO
V_OPTY_PLAN,10,DESCRIPTION,nvarchar,100,0,0,YES,NO,NO
V_OPTY_PLAN,11,TASK_ID,nvarchar,30,0,0,YES,NO,NO
V_OPTY_PLAN,12,CREATE_DATE,datetime,8,23,3,YES,NO,NO
V_OPTY_TYPE,1,ID,nvarchar,30,0,0,NO,NO,NO
V_OPTY_TYPE,2,DESCRIPTION,nvarchar,100,0,0,YES,NO,NO
V_OPTY_TYPE,3,LAST_MODIFIED,datetime,8,23,3,YES,NO,NO
V_OPTY_TYPE,4,LAST_USER,nvarchar,40,0,0,YES,NO,NO
V_OPTY_TYPE,5,CREATE_DATE,datetime,8,23,3,YES,NO,NO
V_PAYABLE_DIST,1,ID,nvarchar,30,0,0,NO,NO,NO
V_PAYABLE_DIST,2,DIST_NO,smallint,2,5,0,NO,NO,NO
V_PAYABLE_DIST,3,ENTRY_NO,smallint,2,5,0,NO,NO,NO
V_PAYABLE_DIST,4,ITEM_TYPE,nvarchar,30,0,0,NO,NO,NO
V_PAYABLE_DIST,5,ITEM_TYPE_ID,nvarchar,30,0,0,NO,NO,NO
V_PAYABLE_DIST,6,ITEM_TYPE_LN_NBR,int,4,10,0,YES,NO,NO
V_PAYABLE_DIST,7,AMOUNT,decimal,13,23,8,NO,NO,NO
V_PAYABLE_DIST,8,AMOUNT_TYPE,nchar,4,0,0,NO,NO,NO
V_PAYABLE_DIST,9,GL_ACCOUNT_ID,nvarchar,60,0,0,NO,NO,NO
V_PAYABLE_DIST,10,NATIVE_AMOUNT,decimal,13,23,8,NO,NO,NO
V_PAYABLE_DIST,11,VOUCHER_ID,nvarchar,30,0,0,YES,NO,NO
V_PAYABLE_DIST,12,POSTING_DATE,datetime,8,23,3,YES,NO,NO
V_PAYABLE_DIST,13,POSTING_STATUS,smallint,2,5,0,NO,NO,NO
V_PAYABLE_DIST,14,BATCH_ID,nvarchar,30,0,0,NO,NO,NO
V_PAYABLE_DIST,15,CREATE_DATE,datetime,8,23,3,NO,NO,NO
V_PAYABLE_DIST,16,SITE_ID,nvarchar,30,0,0,NO,NO,NO
V_PAYABLE_DIST,17,CURRENCY_ID,nvarchar,30,0,0,NO,NO,NO
V_PAYABLE_DIST,18,NATIVE,nchar,2,0,0,YES,NO,NO
V_PAYABLE_DIST,19,LAST_USER,nvarchar,30,0,0,YES,NO,NO
V_PAYABLE_DIST,20,LAST_MODIFIED,datetime,8,23,3,YES,NO,NO
V_POSITION,1,ID,nvarchar,40,0,0,NO,NO,NO
V_POSITION,2,NAME,nvarchar,40,0,0,YES,NO,NO
V_POSITION,3,LAST_USER,nvarchar,40,0,0,YES,NO,NO
V_POSITION,4,LAST_MODIFIED,datetime,8,23,3,YES,NO,NO
V_PRIORITY,1,ID,nvarchar,30,0,0,NO,NO,NO
V_PRIORITY,2,DESCRIPTION,nvarchar,100,0,0,YES,NO,NO
V_PRIORITY,3,LAST_MODIFIED,datetime,8,23,3,YES,NO,NO
V_PRIORITY,4,LAST_USER,nvarchar,40,0,0,YES,NO,NO
V_PRIORITY,5,CREATE_DATE,datetime,8,23,3,YES,NO,NO
V_PROBABILITY,1,ID,nvarchar,30,0,0,NO,NO,NO
V_PROBABILITY,2,PROBABILITY,decimal,9,14,4,YES,NO,NO
V_PROBABILITY,3,LAST_USER,nvarchar,40,0,0,YES,NO,NO
V_PROBABILITY,4,LAST_MODIFIED,datetime,8,23,3,YES,NO,NO
V_QTE_LINE_BINARY,1,QUOTE_ID,nvarchar,30,0,0,NO,NO,NO
V_QTE_LINE_BINARY,2,LINE_NO,smallint,2,5,0,NO,NO,NO
V_QTE_LINE_BINARY,3,TYPE,nvarchar,6,0,0,NO,NO,NO
V_QTE_LINE_BINARY,4,BITS_LENGTH,int,4,10,0,NO,NO,NO
V_QTE_LINE_BINARY,5,LAST_MODIFIED,datetime,8,23,3,YES,NO,NO
V_QTE_LINE_BINARY,6,LAST_USER,nvarchar,40,0,0,YES,NO,NO
V_QTE_LINE_BINARY,7,BITS,image,16,0,0,YES,NO,NO
V_QTE_LINE_BINARY,8,CREATE_DATE,datetime,8,23,3,YES,NO,NO
V_QUOTA,1,REPORTING_TYPE,nvarchar,2,0,0,NO,NO,NO
V_QUOTA,2,REPORTING_ID,nvarchar,30,0,0,NO,NO,NO
V_QUOTA,3,STAGE_ID,nvarchar,30,0,0,NO,NO,NO
V_QUOTA,4,YEAR,int,4,10,0,NO,NO,NO
V_QUOTA,5,MONTH,int,4,10,0,NO,NO,NO
V_QUOTA,6,QUOTA_AMOUNT,decimal,13,23,8,YES,NO,NO
V_QUOTA,7,LAST_MODIFIED,datetime,8,23,3,YES,NO,NO
V_QUOTA,8,LAST_USER,nvarchar,40,0,0,YES,NO,NO
V_QUOTA,9,CREATOR,nvarchar,40,0,0,YES,NO,NO
V_QUOTA,10,CREATE_DATE,datetime,8,23,3,YES,NO,NO
V_QUOTE,1,ID,nvarchar,30,0,0,NO,NO,NO
V_QUOTE,2,DESCRIPTION,nvarchar,100,0,0,YES,NO,NO
V_QUOTE,3,OPTY_ID,nvarchar,30,0,0,YES,NO,NO
V_QUOTE,4,QUOTE_TYPE_ID,nvarchar,30,0,0,YES,NO,NO
V_QUOTE,5,STATUS,nvarchar,30,0,0,YES,NO,NO
V_QUOTE,6,FREE_ON_BOARD,nvarchar,50,0,0,YES,NO,NO
V_QUOTE,7,EFFECTIVE_DATE,datetime,8,23,3,YES,NO,NO
V_QUOTE,8,EXPIRATION_DATE,datetime,8,23,3,YES,NO,NO
V_QUOTE,9,COMMENTS,nvarchar,508,0,0,YES,NO,NO
V_QUOTE,10,PREPARED_BY,nvarchar,50,0,0,YES,NO,NO
V_QUOTE,11,ACCT_ID,nvarchar,30,0,0,NO,NO,NO
V_QUOTE,12,ACCT_NAME,nvarchar,100,0,0,YES,NO,NO
V_QUOTE,13,ADDR_1,nvarchar,100,0,0,YES,NO,NO
V_QUOTE,14,ADDR_2,nvarchar,100,0,0,YES,NO,NO
V_QUOTE,15,ADDR_3,nvarchar,100,0,0,YES,NO,NO
V_QUOTE,16,CITY,nvarchar,60,0,0,YES,NO,NO
V_QUOTE,17,STATE,nvarchar,20,0,0,YES,NO,NO
V_QUOTE,18,ZIPCODE,nvarchar,20,0,0,YES,NO,NO
V_QUOTE,19,COUNTRY,nvarchar,100,0,0,YES,NO,NO
V_QUOTE,21,SHIP_TO_NAME,nvarchar,100,0,0,YES,NO,NO
V_QUOTE,22,SHIP_TO_ADDR_1,nvarchar,100,0,0,YES,NO,NO
V_QUOTE,23,SHIP_TO_ADDR_2,nvarchar,100,0,0,YES,NO,NO
V_QUOTE,24,SHIP_TO_ADDR_3,nvarchar,100,0,0,YES,NO,NO
V_QUOTE,25,SHIP_TO_CITY,nvarchar,60,0,0,YES,NO,NO
V_QUOTE,26,SHIP_TO_STATE,nvarchar,20,0,0,YES,NO,NO
V_QUOTE,27,SHIP_TO_ZIPCODE,nvarchar,20,0,0,YES,NO,NO
V_QUOTE,28,SHIP_TO_COUNTRY,nvarchar,100,0,0,YES,NO,NO
V_QUOTE,29,SLS_TAX_GRP_ID,nvarchar,30,0,0,YES,NO,NO
V_QUOTE,30,DIVISION_ID,nvarchar,30,0,0,YES,NO,NO
V_QUOTE,31,BUS_UNIT_ID,nvarchar,30,0,0,YES,NO,NO
V_QUOTE,32,SITE_ID,nvarchar,30,0,0,NO,NO,NO
V_QUOTE,33,SALESREP_ID,nvarchar,30,0,0,YES,NO,NO
V_QUOTE,34,TERRITORY,nvarchar,30,0,0,YES,NO,NO
V_QUOTE,35,AREA_ID,nvarchar,30,0,0,YES,NO,NO
V_QUOTE,36,BRANCH_ID,nvarchar,30,0,0,YES,NO,NO
V_QUOTE,37,USER_T1,nvarchar,160,0,0,YES,NO,NO
V_QUOTE,38,USER_T2,nvarchar,160,0,0,YES,NO,NO
V_QUOTE,39,USER_T3,nvarchar,160,0,0,YES,NO,NO
V_QUOTE,40,USER_T4,nvarchar,160,0,0,YES,NO,NO
V_QUOTE,41,USER_T5,nvarchar,160,0,0,YES,NO,NO
V_QUOTE,42,USER_D1,datetime,8,23,3,YES,NO,NO
V_QUOTE,43,USER_D2,datetime,8,23,3,YES,NO,NO
V_QUOTE,44,USER_D3,datetime,8,23,3,YES,NO,NO
V_QUOTE,45,FOLLOW_UP,smallint,2,5,0,NO,NO,NO
V_QUOTE,46,FOLLOW_UP_DATE,datetime,8,23,3,YES,NO,NO
V_QUOTE,47,FOLLOW_UP_TYPE,nvarchar,30,0,0,YES,NO,NO
V_QUOTE,48,LAST_MODIFIED,datetime,8,23,3,YES,NO,NO
V_QUOTE,49,LAST_USER,nvarchar,40,0,0,YES,NO,NO
V_QUOTE,50,SHIP_VIA,nvarchar,80,0,0,YES,NO,NO
V_QUOTE,51,TERMS_NET_TYPE,nchar,2,0,0,YES,NO,NO
V_QUOTE,52,TERMS_NET_DAYS,smallint,2,5,0,YES,NO,NO
V_QUOTE,53,TERMS_NET_DATE,datetime,8,23,3,YES,NO,NO
V_QUOTE,54,TERMS_DISC_DAYS,smallint,2,5,0,YES,NO,NO
V_QUOTE,55,TERMS_DISC_TYPE,nchar,2,0,0,YES,NO,NO
V_QUOTE,56,TERMS_DISC_DATE,datetime,8,23,3,YES,NO,NO
V_QUOTE,57,TERMS_DISC_PERCENT,decimal,5,6,3,YES,NO,NO
V_QUOTE,58,TERMS_DESCRIPTION,nvarchar,160,0,0,YES,NO,NO
V_QUOTE,59,FRT_TERMS,nchar,2,0,0,YES,NO,NO
V_QUOTE,60,CREATE_DATE,datetime,8,23,3,YES,NO,NO
V_QUOTE,61,QUOTED_LEADTIME,smallint,2,5,0,YES,NO,NO
V_QUOTE,62,CURRENCY_ID,nvarchar,30,0,0,NO,NO,NO
V_QUOTE,63,DISCOUNT_CODE,nvarchar,30,0,0,YES,NO,NO
V_QUOTE,65,OWNER,nvarchar,40,0,0,YES,NO,NO
V_QUOTE,66,CREATOR,nvarchar,40,0,0,YES,NO,NO
V_QUOTE,67,USER_N1,decimal,13,23,8,YES,NO,NO
V_QUOTE,68,USER_N2,decimal,13,23,8,YES,NO,NO
V_QUOTE,69,USER_N3,decimal,13,23,8,YES,NO,NO
V_QUOTE,70,USER_N4,decimal,13,23,8,YES,NO,NO
V_QUOTE,71,USER_N5,decimal,13,23,8,YES,NO,NO
V_QUOTE,73,SALES_TAX,decimal,13,23,8,YES,NO,NO
V_QUOTE,74,FREIGHT,decimal,13,23,8,YES,NO,NO
V_QUOTE,75,GROSS_MARGIN_PCT,decimal,5,6,3,YES,NO,NO
V_QUOTE,76,GROSS_MARGIN_AMT,decimal,13,23,8,YES,NO,NO
V_QUOTE,77,CARRIER_ID,nvarchar,30,0,0,YES,NO,NO
V_QUOTE,78,PROMISE_DATE,datetime,8,23,3,YES,NO,NO
V_QUOTE,79,DESIRED_SHIP_DATE,datetime,8,23,3,YES,NO,NO
V_QUOTE,80,CONTACT_ID,nvarchar,50,0,0,YES,NO,NO
V_QUOTE,81,COMMISSION_PERCENT,decimal,5,6,3,YES,NO,NO
V_QUOTE,82,USER_T6,nvarchar,160,0,0,YES,NO,NO
V_QUOTE,83,USER_T7,nvarchar,160,0,0,YES,NO,NO
V_QUOTE,84,USER_T8,nvarchar,160,0,0,YES,NO,NO
V_QUOTE,85,USER_T9,nvarchar,160,0,0,YES,NO,NO
V_QUOTE,86,USER_T10,nvarchar,160,0,0,YES,NO,NO
V_QUOTE,87,USER_T11,nvarchar,160,0,0,YES,NO,NO
V_QUOTE,88,USER_T12,nvarchar,160,0,0,YES,NO,NO
V_QUOTE,89,USER_T13,nvarchar,160,0,0,YES,NO,NO
V_QUOTE,90,USER_T14,nvarchar,160,0,0,YES,NO,NO
V_QUOTE,91,USER_T15,nvarchar,160,0,0,YES,NO,NO
V_QUOTE,92,USER_T16,nvarchar,160,0,0,YES,NO,NO
V_QUOTE,93,USER_T17,nvarchar,160,0,0,YES,NO,NO
V_QUOTE,94,USER_T18,nvarchar,160,0,0,YES,NO,NO
V_QUOTE,95,USER_T19,nvarchar,160,0,0,YES,NO,NO
V_QUOTE,96,USER_T20,nvarchar,160,0,0,YES,NO,NO
V_QUOTE,97,USER_T21,nvarchar,160,0,0,YES,NO,NO
V_QUOTE,98,USER_T22,nvarchar,160,0,0,YES,NO,NO
V_QUOTE,99,USER_T23,nvarchar,160,0,0,YES,NO,NO
V_QUOTE,100,USER_T24,nvarchar,160,0,0,YES,NO,NO
V_QUOTE,101,USER_T25,nvarchar,160,0,0,YES,NO,NO
V_QUOTE,102,USER_T26,nvarchar,160,0,0,YES,NO,NO
V_QUOTE,103,USER_T27,nvarchar,160,0,0,YES,NO,NO
V_QUOTE,104,USER_T28,nvarchar,160,0,0,YES,NO,NO
V_QUOTE,105,USER_T29,nvarchar,160,0,0,YES,NO,NO
V_QUOTE,106,USER_T30,nvarchar,160,0,0,YES,NO,NO
V_QUOTE,107,USER_N6,decimal,13,23,8,YES,NO,NO
V_QUOTE,108,USER_N7,decimal,13,23,8,YES,NO,NO
V_QUOTE,109,USER_N8,decimal,13,23,8,YES,NO,NO
V_QUOTE,110,USER_N9,decimal,13,23,8,YES,NO,NO
V_QUOTE,111,USER_N10,decimal,13,23,8,YES,NO,NO
V_QUOTE,112,USER_N11,decimal,13,23,8,YES,NO,NO
V_QUOTE,113,USER_N12,decimal,13,23,8,YES,NO,NO
V_QUOTE,114,USER_N13,decimal,13,23,8,YES,NO,NO
V_QUOTE,115,USER_N14,decimal,13,23,8,YES,NO,NO
V_QUOTE,116,USER_N15,decimal,13,23,8,YES,NO,NO
V_QUOTE,117,USER_D4,datetime,8,23,3,YES,NO,NO
V_QUOTE,118,USER_D5,datetime,8,23,3,YES,NO,NO
V_QUOTE,119,SHIPTO_ID,nvarchar,40,0,0,YES,NO,NO
V_QUOTE,120,SHIP_TO_ADDR_NO,smallint,2,5,0,YES,NO,NO
V_QUOTE,124,CUST_PRICE,decimal,13,23,8,YES,NO,NO
V_QUOTE,125,TOTAL_PRICE,decimal,13,23,8,YES,NO,NO
V_QUOTE,126,COMMENTS_BIN,ntext,16,0,0,YES,NO,NO
V_QUOTE,127,VAT_ON_FIRST_INST,nchar,2,0,0,YES,NO,NO
V_QUOTE,128,EOM_DUE_DATE,nchar,2,0,0,YES,NO,NO
V_QUOTE,129,INST_PERIOD_TYPE,nchar,2,0,0,YES,NO,NO
V_QUOTE,130,TERMS_ID,nvarchar,30,0,0,YES,NO,NO
V_QUOTE,131,QUOTE_COUNTRY_ID,nvarchar,30,0,0,YES,NO,NO
V_QUOTE_ATTRIB,1,QUOTE_ID,nvarchar,30,0,0,NO,NO,NO
V_QUOTE_ATTRIB,2,LINE_NO,smallint,2,5,0,NO,NO,NO
V_QUOTE_ATTRIB,3,PART_NO,smallint,2,5,0,NO,NO,NO
V_QUOTE_ATTRIB,4,ATTRIB_NO,smallint,2,5,0,NO,NO,NO
V_QUOTE_ATTRIB,5,ATTRIB_ID,nvarchar,30,0,0,YES,NO,NO
V_QUOTE_ATTRIB,6,ATTRIB_VALUE,nvarchar,508,0,0,YES,NO,NO
V_QUOTE_ATTRIB,7,SOURCE,nvarchar,20,0,0,YES,NO,NO
V_QUOTE_ATTRIB,8,LAST_MODIFIED,datetime,8,23,3,YES,NO,NO
V_QUOTE_ATTRIB,9,LAST_USER,nvarchar,40,0,0,YES,NO,NO
V_QUOTE_ATTRIB,10,LABEL,nvarchar,100,0,0,YES,NO,NO
V_QUOTE_ATTRIB,11,HIDE,smallint,2,5,0,YES,NO,NO
V_QUOTE_ATTRIB,12,CREATE_DATE,datetime,8,23,3,YES,NO,NO
V_QUOTE_BINARY,1,QUOTE_ID,nvarchar,30,0,0,NO,NO,NO
V_QUOTE_BINARY,2,TYPE,nvarchar,6,0,0,NO,NO,NO
V_QUOTE_BINARY,3,BITS_LENGTH,int,4,10,0,NO,NO,NO
V_QUOTE_BINARY,4,LAST_MODIFIED,datetime,8,23,3,YES,NO,NO
V_QUOTE_BINARY,5,LAST_USER,nvarchar,40,0,0,YES,NO,NO
V_QUOTE_BINARY,6,BITS,image,16,0,0,YES,NO,NO
V_QUOTE_BINARY,7,CREATE_DATE,datetime,8,23,3,YES,NO,NO
V_QUOTE_CONTACT,1,QUOTE_ID,nvarchar,30,0,0,NO,NO,NO
V_QUOTE_CONTACT,2,CONTACT_ID,nvarchar,50,0,0,NO,NO,NO
V_QUOTE_CONTACT,3,LAST_USER,nvarchar,40,0,0,YES,NO,NO
V_QUOTE_CONTACT,4,LAST_MODIFIED,datetime,8,23,3,YES,NO,NO
V_QUOTE_CONTACT,5,PRIMARY_CONTACT,smallint,2,5,0,YES,NO,NO
V_QUOTE_CONTACT,6,CREATE_DATE,datetime,8,23,3,YES,NO,NO
V_QUOTE_CURR,1,ID,nvarchar,30,0,0,NO,NO,NO
V_QUOTE_CURR,2,CURRENCY_ID,nvarchar,30,0,0,NO,NO,NO
V_QUOTE_CURR,3,AMOUNT,decimal,13,23,8,NO,NO,NO
V_QUOTE_CURR,4,BUY_RATE,decimal,9,15,8,NO,NO,NO
V_QUOTE_CURR,5,SELL_RATE,decimal,9,15,8,NO,NO,NO
V_QUOTE_CURR,6,CREATE_DATE,datetime,8,23,3,NO,NO,NO
V_QUOTE_CURR,7,CREATOR,nvarchar,40,0,0,YES,NO,NO
V_QUOTE_CURR,8,LAST_MODIFIED,datetime,8,23,3,YES,NO,NO
V_QUOTE_CURR,9,LAST_USER,nvarchar,40,0,0,YES,NO,NO
V_QUOTE_ESTIMATE,1,EST_ID,nvarchar,30,0,0,NO,NO,NO
V_QUOTE_ESTIMATE,2,QUOTE_ID,nvarchar,30,0,0,NO,NO,NO
V_QUOTE_ESTIMATE,3,EST_LINE_NO,smallint,2,5,0,NO,NO,NO
V_QUOTE_ESTIMATE,4,QUOTE_LINE_NO,smallint,2,5,0,NO,NO,NO
V_QUOTE_ESTIMATE,5,LAST_USER,nvarchar,40,0,0,YES,NO,NO
V_QUOTE_ESTIMATE,6,LAST_MODIFIED,datetime,8,23,3,YES,NO,NO
V_QUOTE_ESTIMATE,7,CREATE_DATE,datetime,8,23,3,YES,NO,NO
V_QUOTE_ESTIMATE,8,ACCT_ID,nvarchar,30,0,0,YES,NO,NO
V_QUOTE_LINE,1,QUOTE_ID,nvarchar,30,0,0,NO,NO,NO
V_QUOTE_LINE,2,LINE_NO,smallint,2,5,0,NO,NO,NO
V_QUOTE_LINE,3,GROUP_NO,int,4,10,0,YES,NO,NO
V_QUOTE_LINE,4,LINE_TYPE,nvarchar,6,0,0,YES,NO,NO
V_QUOTE_LINE,5,SERIES_ID,nvarchar,30,0,0,YES,NO,NO
V_QUOTE_LINE,6,MODEL_ID,nvarchar,30,0,0,YES,NO,NO
V_QUOTE_LINE,7,PART_ID,nvarchar,60,0,0,YES,NO,NO
V_QUOTE_LINE,8,NOMENCLATURE,nvarchar,508,0,0,YES,NO,NO
V_QUOTE_LINE,9,DELIVERY,nvarchar,50,0,0,YES,NO,NO
V_QUOTE_LINE,10,PRICE_DATE,datetime,8,23,3,YES,NO,NO
V_QUOTE_LINE,11,CREATE_DATE,datetime,8,23,3,YES,NO,NO
V_QUOTE_LINE,12,LAST_MODIFIED,datetime,8,23,3,YES,NO,NO
V_QUOTE_LINE,13,COMPAT_ERR_FLAG,int,4,10,0,YES,NO,NO
V_QUOTE_LINE,15,UNIT_PRICE,decimal,13,22,8,YES,NO,NO
V_QUOTE_LINE,16,QTY,decimal,13,20,8,YES,NO,NO
V_QUOTE_LINE,17,FREIGHT,decimal,13,23,8,YES,NO,NO
V_QUOTE_LINE,18,SALES_TAX_PERCENT,decimal,5,6,3,YES,NO,NO
V_QUOTE_LINE,19,CUST_DISC_PERCENT,decimal,5,6,3,YES,NO,NO
V_QUOTE_LINE,20,CUST_PART_ID,nvarchar,60,0,0,YES,NO,NO
V_QUOTE_LINE,21,WORKORDER_BASE_ID,nvarchar,60,0,0,YES,NO,NO
V_QUOTE_LINE,22,WORKORDER_LOT_ID,nvarchar,6,0,0,YES,NO,NO
V_QUOTE_LINE,23,SLS_TAX_GRP_ID,nvarchar,30,0,0,YES,NO,NO
V_QUOTE_LINE,24,PRODUCT_CODE,nvarchar,30,0,0,YES,NO,NO
V_QUOTE_LINE,25,COMMODITY_CODE,nvarchar,30,0,0,YES,NO,NO
V_QUOTE_LINE,26,COMMENTS,nvarchar,508,0,0,YES,NO,NO
V_QUOTE_LINE,27,VDUI_FILE,nvarchar,32,0,0,YES,NO,NO
V_QUOTE_LINE,28,LAST_USER,nvarchar,40,0,0,YES,NO,NO
V_QUOTE_LINE,29,COMMISSION_PERCENT,decimal,5,6,3,YES,NO,NO
V_QUOTE_LINE,30,SERIES_GROUP_ID,nvarchar,30,0,0,YES,NO,NO
V_QUOTE_LINE,31,MODEL_GROUP_ID,nvarchar,30,0,0,YES,NO,NO
V_QUOTE_LINE,32,DESCRIPTION,nvarchar,240,0,0,YES,NO,NO
V_QUOTE_LINE,34,USER_D1,datetime,8,23,3,YES,NO,NO
V_QUOTE_LINE,35,USER_D2,datetime,8,23,3,YES,NO,NO
V_QUOTE_LINE,36,USER_D3,datetime,8,23,3,YES,NO,NO
V_QUOTE_LINE,37,USER_N1,decimal,13,23,8,YES,NO,NO
V_QUOTE_LINE,38,USER_N2,decimal,13,23,8,YES,NO,NO
V_QUOTE_LINE,39,USER_N3,decimal,13,23,8,YES,NO,NO
V_QUOTE_LINE,40,USER_N4,decimal,13,23,8,YES,NO,NO
V_QUOTE_LINE,41,USER_N5,decimal,13,23,8,YES,NO,NO
V_QUOTE_LINE,42,USER_T1,nvarchar,160,0,0,YES,NO,NO
V_QUOTE_LINE,43,USER_T2,nvarchar,160,0,0,YES,NO,NO
V_QUOTE_LINE,44,USER_T3,nvarchar,160,0,0,YES,NO,NO
V_QUOTE_LINE,45,USER_T4,nvarchar,160,0,0,YES,NO,NO
V_QUOTE_LINE,46,USER_T5,nvarchar,160,0,0,YES,NO,NO
V_QUOTE_LINE,47,PROMISE_DATE,datetime,8,23,3,YES,NO,NO
V_QUOTE_LINE,48,DESIRED_SHIP_DATE,datetime,8,23,3,YES,NO,NO
V_QUOTE_LINE,49,DIMENSIONS_UM,nvarchar,30,0,0,YES,NO,NO
V_QUOTE_LINE,50,DRAWING_ID,nvarchar,30,0,0,YES,NO,NO
V_QUOTE_LINE,51,DRAWING_REV_NO,nvarchar,16,0,0,YES,NO,NO
V_QUOTE_LINE,52,PART_HEIGHT,decimal,9,14,4,YES,NO,NO
V_QUOTE_LINE,53,PART_LENGTH,decimal,9,14,4,YES,NO,NO
V_QUOTE_LINE,54,PART_WIDTH,decimal,9,14,4,YES,NO,NO
V_QUOTE_LINE,55,SELLING_UM,nvarchar,30,0,0,YES,NO,NO
V_QUOTE_LINE,56,SERVICE_CHARGE_ID,nvarchar,30,0,0,YES,NO,NO
V_QUOTE_LINE,57,USER_T6,nvarchar,160,0,0,YES,NO,NO
V_QUOTE_LINE,58,USER_T7,nvarchar,160,0,0,YES,NO,NO
V_QUOTE_LINE,59,USER_T8,nvarchar,160,0,0,YES,NO,NO
V_QUOTE_LINE,60,USER_T9,nvarchar,160,0,0,YES,NO,NO
V_QUOTE_LINE,61,USER_T10,nvarchar,160,0,0,YES,NO,NO
V_QUOTE_LINE,62,USER_N6,decimal,13,23,8,YES,NO,NO
V_QUOTE_LINE,63,USER_N7,decimal,13,23,8,YES,NO,NO
V_QUOTE_LINE,64,USER_N8,decimal,13,23,8,YES,NO,NO
V_QUOTE_LINE,65,USER_N9,decimal,13,23,8,YES,NO,NO
V_QUOTE_LINE,66,USER_N10,decimal,13,23,8,YES,NO,NO
V_QUOTE_LINE,67,USER_D4,datetime,8,23,3,YES,NO,NO
V_QUOTE_LINE,68,USER_D5,datetime,8,23,3,YES,NO,NO
V_QUOTE_LINE,69,WAREHOUSE_ID,nvarchar,30,0,0,YES,NO,NO
V_QUOTE_LINE,72,LOCATION_ID,nvarchar,30,0,0,YES,NO,NO
V_QUOTE_LINE,73,TOTAL_PRICE,decimal,13,23,8,YES,NO,NO
V_QUOTE_LINE,74,CUST_PRICE,decimal,13,23,8,YES,NO,NO
V_QUOTE_LINE,75,VAT_CODE,nvarchar,30,0,0,YES,NO,NO
V_QUOTE_LINE,76,LENGTH,decimal,9,14,4,YES,NO,NO
V_QUOTE_LINE,77,WIDTH,decimal,9,14,4,YES,NO,NO
V_QUOTE_LINE,78,HEIGHT,decimal,9,14,4,YES,NO,NO
V_QUOTE_LINE,79,PIECE_COUNT,decimal,13,20,8,YES,NO,NO
V_QUOTE_ORDER,1,CUST_ORDER_ID,nvarchar,30,0,0,NO,NO,NO
V_QUOTE_ORDER,2,QUOTE_ID,nvarchar,30,0,0,NO,NO,NO
V_QUOTE_ORDER,3,LAST_USER,nvarchar,40,0,0,YES,NO,NO
V_QUOTE_ORDER,4,LAST_MODIFIED,datetime,8,23,3,YES,NO,NO
V_QUOTE_ORDER,5,ORDER_LINE_NO,smallint,2,5,0,NO,NO,NO
V_QUOTE_ORDER,6,QUOTE_LINE_NO,smallint,2,5,0,NO,NO,NO
V_QUOTE_ORDER,7,CREATE_DATE,datetime,8,23,3,YES,NO,NO
V_QUOTE_PART,1,QUOTE_ID,nvarchar,30,0,0,NO,NO,NO
V_QUOTE_PART,2,LINE_NO,smallint,2,5,0,NO,NO,NO
V_QUOTE_PART,3,PART_NO,smallint,2,5,0,NO,NO,NO
V_QUOTE_PART,4,TYPE,nvarchar,2,0,0,YES,NO,NO
V_QUOTE_PART,5,SALESCODE,nvarchar,60,0,0,YES,NO,NO
V_QUOTE_PART,6,CATEGORY_ID,nvarchar,30,0,0,YES,NO,NO
V_QUOTE_PART,7,CAT_SEQ_NO,int,4,10,0,YES,NO,NO
V_QUOTE_PART,8,STANDARD,nvarchar,6,0,0,YES,NO,NO
V_QUOTE_PART,10,QTY,decimal,13,20,8,YES,NO,NO
V_QUOTE_PART,11,REQUIRED,smallint,2,5,0,YES,NO,NO
V_QUOTE_PART,12,DISCOUNTABLE,int,4,10,0,YES,NO,NO
V_QUOTE_PART,13,END_DATE,datetime,8,23,3,YES,NO,NO
V_QUOTE_PART,14,PRINT_TYPE,nvarchar,2,0,0,YES,NO,NO
V_QUOTE_PART,15,HAS_SPECS,smallint,2,5,0,YES,NO,NO
V_QUOTE_PART,16,LAST_MODIFIED,datetime,8,23,3,YES,NO,NO
V_QUOTE_PART,17,LAST_USER,nvarchar,40,0,0,YES,NO,NO
V_QUOTE_PART,18,CAT_DESC,nvarchar,100,0,0,YES,NO,NO
V_QUOTE_PART,19,PART_DESC,nvarchar,160,0,0,YES,NO,NO
V_QUOTE_PART,20,USER_T1,nvarchar,160,0,0,YES,NO,NO
V_QUOTE_PART,21,USER_T2,nvarchar,160,0,0,YES,NO,NO
V_QUOTE_PART,22,USER_N1,decimal,13,23,8,YES,NO,NO
V_QUOTE_PART,23,USER_N2,decimal,13,23,8,YES,NO,NO
V_QUOTE_PART,24,HIDE,smallint,2,5,0,YES,NO,NO
V_QUOTE_PART,25,CREATE_DATE,datetime,8,23,3,YES,NO,NO
V_QUOTE_PART,26,PRICE,decimal,13,23,8,YES,NO,NO
V_QUOTE_PRINT,1,LONG_DESC,nvarchar,508,0,0,YES,NO,NO
V_QUOTE_PRINT,2,PICTURE,nvarchar,508,0,0,YES,NO,NO
V_QUOTE_PRINT,3,CREATE_DATE,datetime,8,23,3,YES,NO,NO
V_QUOTE_PRINT,4,LAST_USER,nvarchar,40,0,0,YES,NO,NO
V_QUOTE_PRINT,5,LAST_MODIFIED,datetime,8,23,3,YES,NO,NO
V_QUOTE_TYPE,1,ID,nvarchar,30,0,0,NO,NO,NO
V_QUOTE_TYPE,2,DESCRIPTION,nvarchar,100,0,0,YES,NO,NO
V_QUOTE_TYPE,3,LAST_USER,nvarchar,40,0,0,YES,NO,NO
V_QUOTE_TYPE,4,LAST_MODIFIED,datetime,8,23,3,YES,NO,NO
V_QUOTE_TYPE,5,CREATE_DATE,datetime,8,23,3,YES,NO,NO
V_RECV_DIST,1,ID,nvarchar,30,0,0,NO,NO,NO
V_RECV_DIST,2,ITEM_TYPE,nvarchar,30,0,0,NO,NO,NO
V_RECV_DIST,3,ITEM_TYPE_ID,nvarchar,30,0,0,NO,NO,NO
V_RECV_DIST,4,DIST_NBR,smallint,2,5,0,NO,NO,NO
V_RECV_DIST,5,AMOUNT,decimal,13,23,8,NO,NO,NO
V_RECV_DIST,6,AMOUNT_TYPE,nvarchar,4,0,0,NO,NO,NO
V_RECV_DIST,7,BATCH_ID,nvarchar,30,0,0,YES,NO,NO
V_RECV_DIST,8,CREATE_DATE,datetime,8,23,3,NO,NO,NO
V_RECV_DIST,9,CURRENCY_ID,nvarchar,30,0,0,NO,NO,NO
V_RECV_DIST,10,SITE_ID,nvarchar,30,0,0,NO,NO,NO
V_RECV_DIST,11,GL_ACCOUNT_ID,nvarchar,60,0,0,NO,NO,NO
V_RECV_DIST,12,INVOICE_ID,nvarchar,30,0,0,YES,NO,NO
V_RECV_DIST,13,NATIVE,smallint,2,5,0,NO,NO,NO
V_RECV_DIST,14,NATIVE_AMT,decimal,13,23,8,YES,NO,NO
V_RECV_DIST,15,POSTING_DATE,datetime,8,23,3,NO,NO,NO
V_RECV_DIST,16,POSTING_STATUS,smallint,2,5,0,NO,NO,NO
V_RECV_DIST,17,LAST_MODIFIED,datetime,8,23,3,YES,NO,NO
V_RECV_DIST,18,LAST_USER,nvarchar,30,0,0,YES,NO,NO
V_RECV_DIST,19,QTY,decimal,13,20,8,YES,NO,NO
V_RECV_DIST_LINE,1,DIST_ID,nvarchar,30,0,0,NO,NO,NO
V_RECV_DIST_LINE,2,ENTRY_NBR,smallint,2,5,0,NO,NO,NO
V_RECV_DIST_LINE,3,SUB_TYPE,nvarchar,30,0,0,YES,NO,NO
V_RECV_DIST_LINE,4,SUB_ID,smallint,2,5,0,YES,NO,NO
V_RECV_DIST_LINE,5,AMOUNT,decimal,13,23,8,NO,NO,NO
V_RECV_DIST_LINE,6,AMOUNT_TYPE,nvarchar,4,0,0,NO,NO,NO
V_RECV_DIST_LINE,7,CREATE_DATE,datetime,8,23,3,NO,NO,NO
V_RECV_DIST_LINE,8,CURRENCY_ID,nvarchar,30,0,0,NO,NO,NO
V_RECV_DIST_LINE,9,SITE_ID,nvarchar,30,0,0,NO,NO,NO
V_RECV_DIST_LINE,10,GL_ACCOUNT_ID,nvarchar,60,0,0,NO,NO,NO
V_RECV_DIST_LINE,11,NATIVE,smallint,2,5,0,NO,NO,NO
V_RECV_DIST_LINE,12,POSTING_DATE,datetime,8,23,3,YES,NO,NO
V_RECV_DIST_LINE,13,POSTING_STATUS,smallint,2,5,0,NO,NO,NO
V_RECV_DIST_LINE,14,LAST_MODIFIED,datetime,8,23,3,YES,NO,NO
V_RECV_DIST_LINE,15,LAST_USER,nvarchar,30,0,0,YES,NO,NO
V_RECV_DIST_LINE,16,QTY,decimal,13,20,8,YES,NO,NO
V_RIGHTS,1,ID,nvarchar,30,0,0,NO,NO,NO
V_RIGHTS,2,VFO_USER_ID,nvarchar,40,0,0,NO,NO,NO
V_RIGHTS,3,USER_TYPE,nvarchar,30,0,0,YES,NO,NO
V_RIGHTS,4,RIGHT_TYPE,nvarchar,6,0,0,YES,NO,NO
V_RIGHTS,5,RIGHT_DESC,nvarchar,100,0,0,YES,NO,NO
V_RIGHTS,6,PERMISSION,int,4,10,0,YES,NO,NO
V_RIGHTS,7,LAST_MODIFIED,datetime,8,23,3,YES,NO,NO
V_RIGHTS,8,LAST_USER,nvarchar,40,0,0,YES,NO,NO
V_RIGHTS,9,CREATE_DATE,datetime,8,23,3,YES,NO,NO
V_RPT,1,ID,nvarchar,30,0,0,NO,NO,NO
V_RPT,2,TYPE,nvarchar,30,0,0,NO,NO,NO
V_RPT,3,SUB_TYPE,nvarchar,30,0,0,YES,NO,NO
V_RPT,4,DIALOG_CODE,int,4,10,0,YES,NO,NO
V_RPT,5,FILE_NAME,nvarchar,508,0,0,YES,NO,NO
V_RPT,6,MENU_TEXT,nvarchar,100,0,0,YES,NO,NO
V_RPT,7,LONG_DESC,nvarchar,508,0,0,YES,NO,NO
V_RPT,8,LAST_USER,nvarchar,40,0,0,YES,NO,NO
V_RPT,9,LAST_MODIFIED,datetime,8,23,3,YES,NO,NO
V_RPT,10,HAS_CHILD,smallint,2,5,0,NO,NO,NO
V_RPT,11,FILE_PATH,nvarchar,508,0,0,YES,NO,NO
V_RPT,12,PARENT_ID,nvarchar,30,0,0,YES,NO,NO
V_RPT,13,CONTEXT,nvarchar,30,0,0,YES,NO,NO
V_RPT,14,USER_ID,nvarchar,40,0,0,YES,NO,NO
V_RPT,15,DEFAULT_RPT,smallint,2,5,0,YES,NO,NO
V_RPT,16,CREATE_DATE,datetime,8,23,3,YES,NO,NO
V_RPT_OPT,1,ID,nvarchar,30,0,0,NO,NO,NO
V_RPT_OPT,2,RPT_TYPE,nvarchar,30,0,0,YES,NO,NO
V_RPT_OPT,3,RPT_SUB_TYPE,nvarchar,30,0,0,YES,NO,NO
V_RPT_OPT,4,RPT_SECTION,nvarchar,30,0,0,YES,NO,NO
V_RPT_OPT,5,LAST_MODIFIED,datetime,8,23,3,YES,NO,NO
V_RPT_OPT,6,LAST_USER,nvarchar,40,0,0,YES,NO,NO
V_RPT_OPT,7,CREATE_DATE,datetime,8,23,3,YES,NO,NO
V_RPT_USER_OPT,1,ID,nvarchar,30,0,0,NO,NO,NO
V_RPT_USER_OPT,2,USER_ID,nvarchar,40,0,0,YES,NO,NO
V_RPT_USER_OPT,3,RPT_TYPE,nvarchar,30,0,0,YES,NO,NO
V_RPT_USER_OPT,4,RPT_SUB_TYPE,nvarchar,30,0,0,YES,NO,NO
V_RPT_USER_OPT,5,RPT_SECTION,nvarchar,30,0,0,YES,NO,NO
V_RPT_USER_OPT,6,PRINT_SECTION,int,4,10,0,YES,NO,NO
V_RPT_USER_OPT,7,LAST_MODIFIED,datetime,8,23,3,YES,NO,NO
V_RPT_USER_OPT,8,LAST_USER,nvarchar,40,0,0,YES,NO,NO
V_RPT_USER_OPT,9,CREATE_DATE,datetime,8,23,3,YES,NO,NO
V_RPT_USER_OPT,10,PRINT_SECURITY,int,4,10,0,YES,NO,NO
V_SALES_ACTIVITY,1,PLAN_ID,nvarchar,30,0,0,NO,NO,NO
V_SALES_ACTIVITY,2,STAGE_ID,nvarchar,30,0,0,NO,NO,NO
V_SALES_ACTIVITY,3,SEQ_NO,int,4,10,0,NO,NO,NO
V_SALES_ACTIVITY,4,LINE_NO,smallint,2,5,0,NO,NO,NO
V_SALES_ACTIVITY,5,DESCRIPTION,nvarchar,100,0,0,YES,NO,NO
V_SALES_ACTIVITY,6,DAYS,int,4,10,0,YES,NO,NO
V_SALES_ACTIVITY,7,LAST_MODIFIED,datetime,8,23,3,YES,NO,NO
V_SALES_ACTIVITY,8,LAST_USER,nvarchar,40,0,0,YES,NO,NO
V_SALES_ACTIVITY,9,DEFAULT_ACTIVITY,smallint,2,5,0,YES,NO,NO
V_SALES_ACTIVITY,10,CREATE_DATE,datetime,8,23,3,YES,NO,NO
V_SALES_PLAN,1,ID,nvarchar,30,0,0,NO,NO,NO
V_SALES_PLAN,2,DESCRIPTION,nvarchar,100,0,0,YES,NO,NO
V_SALES_PLAN,3,LAST_MODIFIED,datetime,8,23,3,YES,NO,NO
V_SALES_PLAN,4,LAST_USER,nvarchar,40,0,0,YES,NO,NO
V_SALES_PLAN,5,CREATOR,nvarchar,40,0,0,YES,NO,NO
V_SALES_PLAN,6,CREATE_DATE,datetime,8,23,3,YES,NO,NO
V_SALES_STAGE,1,ID,nvarchar,30,0,0,NO,NO,NO
V_SALES_STAGE,2,DESCRIPTION,nvarchar,100,0,0,YES,NO,NO
V_SALES_STAGE,3,SEQ_NO,int,4,10,0,YES,NO,NO
V_SALES_STAGE,4,PROBABILITY,int,4,10,0,YES,NO,NO
V_SALES_STAGE,5,LAST_MODIFIED,datetime,8,23,3,YES,NO,NO
V_SALES_STAGE,6,LAST_USER,nvarchar,40,0,0,YES,NO,NO
V_SALES_STAGE,7,CREATE_DATE,datetime,8,23,3,YES,NO,NO
V_SALES_STAGE,8,SOA_CODE,nvarchar,100,0,0,YES,NO,NO
V_SHOP_RESOURCE,1,ID,nvarchar,30,0,0,NO,NO,NO
V_SHOP_RESOURCE,2,BASE_RATE,decimal,13,22,8,YES,NO,NO
V_SHOP_RESOURCE,3,LAST_MODIFIED,datetime,8,23,3,YES,NO,NO
V_SHOP_RESOURCE,4,LAST_USER,nvarchar,40,0,0,YES,NO,NO
V_SHOP_RESOURCE,5,CREATE_DATE,datetime,8,23,3,YES,NO,NO
V_SHOP_RESOURCE,6,USER_T1,nvarchar,160,0,0,YES,NO,NO
V_SHOP_RESOURCE,7,USER_T2,nvarchar,160,0,0,YES,NO,NO
V_SHOP_RESOURCE,8,USER_T3,nvarchar,160,0,0,YES,NO,NO
V_SHOP_RESOURCE,9,USER_T4,nvarchar,160,0,0,YES,NO,NO
V_SHOP_RESOURCE,10,USER_T5,nvarchar,160,0,0,YES,NO,NO
V_SHOP_RESOURCE,11,USER_D1,datetime,8,23,3,YES,NO,NO
V_SHOP_RESOURCE,12,USER_D2,datetime,8,23,3,YES,NO,NO
V_SHOP_RESOURCE,13,USER_D3,datetime,8,23,3,YES,NO,NO
V_SHOP_RESOURCE,14,USER_N1,decimal,13,23,8,YES,NO,NO
V_SHOP_RESOURCE,15,USER_N2,decimal,13,23,8,YES,NO,NO
V_SHOP_RESOURCE,16,USER_N3,decimal,13,23,8,YES,NO,NO
V_SHOP_RESOURCE,17,USER_N4,decimal,13,23,8,YES,NO,NO
V_SHOP_RESOURCE,18,USER_N5,decimal,13,23,8,YES,NO,NO
V_SO_EXP_BINARY,1,SRVC_ORDER_ID,nvarchar,30,0,0,NO,NO,NO
V_SO_EXP_BINARY,2,LINE_NO,smallint,2,5,0,NO,NO,NO
V_SO_EXP_BINARY,3,TYPE,nvarchar,6,0,0,NO,NO,NO
V_SO_EXP_BINARY,4,BITS_LENGTH,int,4,10,0,NO,NO,NO
V_SO_EXP_BINARY,5,CREATE_DATE,datetime,8,23,3,YES,NO,NO
V_SO_EXP_BINARY,6,CREATOR,nvarchar,40,0,0,YES,NO,NO
V_SO_EXP_BINARY,7,LAST_MODIFIED,datetime,8,23,3,YES,NO,NO
V_SO_EXP_BINARY,8,LAST_USER,nvarchar,40,0,0,YES,NO,NO
V_SO_EXP_BINARY,9,BITS,image,16,0,0,YES,NO,NO
V_SO_LBR_BINARY,1,SRVC_ORDER_ID,nvarchar,30,0,0,NO,NO,NO
V_SO_LBR_BINARY,2,LINE_NO,smallint,2,5,0,NO,NO,NO
V_SO_LBR_BINARY,3,TYPE,nvarchar,6,0,0,NO,NO,NO
V_SO_LBR_BINARY,4,BITS_LENGTH,int,4,10,0,NO,NO,NO
V_SO_LBR_BINARY,5,CREATE_DATE,datetime,8,23,3,YES,NO,NO
V_SO_LBR_BINARY,6,CREATOR,nvarchar,40,0,0,YES,NO,NO
V_SO_LBR_BINARY,7,LAST_MODIFIED,datetime,8,23,3,YES,NO,NO
V_SO_LBR_BINARY,8,LAST_USER,nvarchar,40,0,0,YES,NO,NO
V_SO_LBR_BINARY,9,BITS,image,16,0,0,YES,NO,NO
V_SO_MTL_BINARY,1,SRVC_ORDER_ID,nvarchar,30,0,0,NO,NO,NO
V_SO_MTL_BINARY,2,LINE_NO,smallint,2,5,0,NO,NO,NO
V_SO_MTL_BINARY,3,TYPE,nvarchar,6,0,0,NO,NO,NO
V_SO_MTL_BINARY,4,BITS_LENGTH,int,4,10,0,NO,NO,NO
V_SO_MTL_BINARY,5,CREATE_DATE,datetime,8,23,3,YES,NO,NO
V_SO_MTL_BINARY,6,CREATOR,nvarchar,40,0,0,YES,NO,NO
V_SO_MTL_BINARY,7,LAST_MODIFIED,datetime,8,23,3,YES,NO,NO
V_SO_MTL_BINARY,8,LAST_USER,nvarchar,40,0,0,YES,NO,NO
V_SO_MTL_BINARY,9,BITS,image,16,0,0,YES,NO,NO
V_SO_OPR_BINARY,1,SRVC_ORDER_ID,nvarchar,30,0,0,NO,NO,NO
V_SO_OPR_BINARY,2,LINE_NO,smallint,2,5,0,NO,NO,NO
V_SO_OPR_BINARY,3,TYPE,nvarchar,6,0,0,NO,NO,NO
V_SO_OPR_BINARY,4,BITS_LENGTH,int,4,10,0,NO,NO,NO
V_SO_OPR_BINARY,5,CREATE_DATE,datetime,8,23,3,YES,NO,NO
V_SO_OPR_BINARY,6,CREATOR,nvarchar,40,0,0,YES,NO,NO
V_SO_OPR_BINARY,7,LAST_MODIFIED,datetime,8,23,3,YES,NO,NO
V_SO_OPR_BINARY,8,LAST_USER,nvarchar,40,0,0,YES,NO,NO
V_SO_OPR_BINARY,9,BITS,image,16,0,0,YES,NO,NO
V_SO_VND_BINARY,1,SRVC_ORDER_ID,nvarchar,30,0,0,NO,NO,NO
V_SO_VND_BINARY,2,LINE_NO,smallint,2,5,0,NO,NO,NO
V_SO_VND_BINARY,3,TYPE,nvarchar,6,0,0,NO,NO,NO
V_SO_VND_BINARY,4,BITS_LENGTH,int,4,10,0,NO,NO,NO
V_SO_VND_BINARY,5,CREATE_DATE,datetime,8,23,3,YES,NO,NO
V_SO_VND_BINARY,6,CREATOR,nvarchar,40,0,0,YES,NO,NO
V_SO_VND_BINARY,7,LAST_MODIFIED,datetime,8,23,3,YES,NO,NO
V_SO_VND_BINARY,8,LAST_USER,nvarchar,40,0,0,YES,NO,NO
V_SO_VND_BINARY,9,BITS,image,16,0,0,YES,NO,NO
V_SRVC_CALL,1,ID,nvarchar,30,0,0,NO,NO,NO
V_SRVC_CALL,2,SRVC_ORDER_ID,nvarchar,30,0,0,NO,NO,NO
V_SRVC_CALL,3,CALL_ID,nvarchar,30,0,0,NO,NO,NO
V_SRVC_CALL,4,ISSUE_LINE_NO,smallint,2,5,0,YES,NO,NO
V_SRVC_CALL,5,LAST_MODIFIED,datetime,8,23,3,NO,NO,NO
V_SRVC_CALL,6,LAST_USER,nvarchar,40,0,0,YES,NO,NO
V_SRVC_CALL,7,CREATE_DATE,datetime,8,23,3,NO,NO,NO
V_SRVC_CALL,8,CREATOR,nvarchar,40,0,0,YES,NO,NO
V_SRVC_CODE,1,ID,nvarchar,30,0,0,NO,NO,NO
V_SRVC_CODE,2,DESCRIPTION,nvarchar,100,0,0,YES,NO,NO
V_SRVC_CODE,3,LAST_MODIFIED,datetime,8,23,3,YES,NO,NO
V_SRVC_CODE,4,LAST_USER,nvarchar,40,0,0,YES,NO,NO
V_SRVC_CODE,5,CREATE_DATE,datetime,8,23,3,YES,NO,NO
V_SRVC_ORDER,1,ID,nvarchar,30,0,0,NO,NO,NO
V_SRVC_ORDER,2,ACCT_MGR_ID,nvarchar,30,0,0,YES,NO,NO
V_SRVC_ORDER,3,ACCT_ID,nvarchar,30,0,0,NO,NO,NO
V_SRVC_ORDER,4,AUTO_GENERATED,smallint,2,5,0,NO,NO,NO
V_SRVC_ORDER,5,CLOSE_DATE,datetime,8,23,3,YES,NO,NO
V_SRVC_ORDER,6,CONTACT_ID,nvarchar,50,0,0,YES,NO,NO
V_SRVC_ORDER,7,CONTR_ID,nvarchar,30,0,0,YES,NO,NO
V_SRVC_ORDER,9,CREATOR,nvarchar,40,0,0,YES,NO,NO
V_SRVC_ORDER,10,CUST_PO,nvarchar,60,0,0,YES,NO,NO
V_SRVC_ORDER,11,WORKORDER_BASE_ID,nvarchar,60,0,0,YES,NO,NO
V_SRVC_ORDER,12,SITE_ID,nvarchar,30,0,0,NO,NO,NO
V_SRVC_ORDER,13,FOLLOW_UP_AUTO_GEN,smallint,2,5,0,NO,NO,NO
V_SRVC_ORDER,14,FOLLOW_UP_DATE,datetime,8,23,3,YES,NO,NO
V_SRVC_ORDER,15,FOLLOW_UP_DAYS,smallint,2,5,0,YES,NO,NO
V_SRVC_ORDER,16,FOLLOW_UP_EMP_ID,nvarchar,30,0,0,YES,NO,NO
V_SRVC_ORDER,17,FOLLOW_UP_RES_ID,nvarchar,30,0,0,YES,NO,NO
V_SRVC_ORDER,18,INVOICED,smallint,2,5,0,NO,NO,NO
V_SRVC_ORDER,19,OPEN_DATE,datetime,8,23,3,NO,NO,NO
V_SRVC_ORDER,20,OWNER,nvarchar,40,0,0,YES,NO,NO
V_SRVC_ORDER,21,PREPAID,smallint,2,5,0,NO,NO,NO
V_SRVC_ORDER,22,PRIORITY_ID,nvarchar,30,0,0,NO,NO,NO
V_SRVC_ORDER,23,REQ_END_DATE,datetime,8,23,3,YES,NO,NO
V_SRVC_ORDER,24,REQ_START_DATE,datetime,8,23,3,YES,NO,NO
V_SRVC_ORDER,25,REV_MTL_ACCT_ID,nvarchar,60,0,0,YES,NO,NO
V_SRVC_ORDER,26,REV_EXP_ACCT_ID,nvarchar,60,0,0,YES,NO,NO
V_SRVC_ORDER,27,SALESREP_ID,nvarchar,30,0,0,YES,NO,NO
V_SRVC_ORDER,28,SLS_TAX_GRP_ID,nvarchar,30,0,0,YES,NO,NO
V_SRVC_ORDER,29,ADDR_ID,nvarchar,30,0,0,YES,NO,NO
V_SRVC_ORDER,30,SRVC_CODE,nvarchar,30,0,0,YES,NO,NO
V_SRVC_ORDER,31,SRVC_END_DATE,datetime,8,23,3,YES,NO,NO
V_SRVC_ORDER,32,SRVC_START_DATE,datetime,8,23,3,YES,NO,NO
V_SRVC_ORDER,33,SRVC_TYPE,nvarchar,30,0,0,YES,NO,NO
V_SRVC_ORDER,34,STATUS,nvarchar,30,0,0,NO,NO,NO
V_SRVC_ORDER,35,USER_T1,nvarchar,160,0,0,YES,NO,NO
V_SRVC_ORDER,36,USER_T2,nvarchar,160,0,0,YES,NO,NO
V_SRVC_ORDER,37,USER_T3,nvarchar,160,0,0,YES,NO,NO
V_SRVC_ORDER,38,USER_T4,nvarchar,160,0,0,YES,NO,NO
V_SRVC_ORDER,39,USER_T5,nvarchar,160,0,0,YES,NO,NO
V_SRVC_ORDER,40,USER_D1,datetime,8,23,3,YES,NO,NO
V_SRVC_ORDER,41,USER_D2,datetime,8,23,3,YES,NO,NO
V_SRVC_ORDER,42,USER_D3,datetime,8,23,3,YES,NO,NO
V_SRVC_ORDER,43,LAST_MODIFIED,datetime,8,23,3,YES,NO,NO
V_SRVC_ORDER,44,LAST_USER,nvarchar,40,0,0,YES,NO,NO
V_SRVC_ORDER,45,COMMENTS,nvarchar,508,0,0,YES,NO,NO
V_SRVC_ORDER,46,EXCH_RATE_FIXED,smallint,2,5,0,NO,NO,NO
V_SRVC_ORDER,47,POSTING_CANDIDATE,smallint,2,5,0,NO,NO,NO
V_SRVC_ORDER,48,SELL_RATE,decimal,9,15,8,NO,NO,NO
V_SRVC_ORDER,49,PRODUCT_CODE,nvarchar,30,0,0,YES,NO,NO
V_SRVC_ORDER,51,ACT_LBR_AMT,decimal,13,23,8,NO,NO,NO
V_SRVC_ORDER,52,ACT_MTL_AMT,decimal,13,23,8,NO,NO,NO
V_SRVC_ORDER,53,ACT_EXP_AMT,decimal,13,23,8,NO,NO,NO
V_SRVC_ORDER,58,BUY_RATE,decimal,9,15,8,NO,NO,NO
V_SRVC_ORDER,59,PRINTED_DATE,datetime,8,23,3,YES,NO,NO
V_SRVC_ORDER,60,CURRENCY_ID,nvarchar,30,0,0,YES,NO,NO
V_SRVC_ORDER,61,INVOICE_ID,nvarchar,30,0,0,YES,NO,NO
V_SRVC_ORDER,62,INVOICE_DATE,datetime,8,23,3,YES,NO,NO
V_SRVC_ORDER,63,FOLLOW_UP,smallint,2,5,0,NO,NO,NO
V_SRVC_ORDER,64,FOLLOW_UP_TYPE,nvarchar,30,0,0,YES,NO,NO
V_SRVC_ORDER,65,WORKORDER_LOT_ID,nvarchar,6,0,0,YES,NO,NO
V_SRVC_ORDER,66,WORKORDER_SPLIT_ID,nvarchar,6,0,0,YES,NO,NO
V_SRVC_ORDER,67,WORKORDER_SUB_ID,nvarchar,6,0,0,YES,NO,NO
V_SRVC_ORDER,68,WORKORDER_TYPE,nchar,2,0,0,YES,NO,NO
V_SRVC_ORDER,69,USER_N1,decimal,13,23,8,YES,NO,NO
V_SRVC_ORDER,70,USER_N2,decimal,13,23,8,YES,NO,NO
V_SRVC_ORDER,71,USER_N3,decimal,13,23,8,YES,NO,NO
V_SRVC_ORDER,72,USER_N4,decimal,13,23,8,YES,NO,NO
V_SRVC_ORDER,73,USER_N5,decimal,13,23,8,YES,NO,NO
V_SRVC_ORDER,74,OPTY_ID,nvarchar,30,0,0,YES,NO,NO
V_SRVC_ORDER,75,QUOTE_ID,nvarchar,30,0,0,YES,NO,NO
V_SRVC_ORDER,76,DESIRED_QTY,decimal,13,20,8,YES,NO,NO
V_SRVC_ORDER,77,LOCKED,smallint,2,5,0,YES,NO,NO
V_SRVC_ORDER,78,TERMS_DESCRIPTION,nvarchar,160,0,0,YES,NO,NO
V_SRVC_ORDER,79,TERMS_DISC_DATE,datetime,8,23,3,YES,NO,NO
V_SRVC_ORDER,80,TERMS_DISC_DAYS,smallint,2,5,0,YES,NO,NO
V_SRVC_ORDER,81,TERMS_DISC_PERCENT,decimal,5,6,3,YES,NO,NO
V_SRVC_ORDER,82,TERMS_DISC_TYPE,nchar,2,0,0,YES,NO,NO
V_SRVC_ORDER,83,TERMS_NET_DATE,datetime,8,23,3,YES,NO,NO
V_SRVC_ORDER,84,TERMS_NET_DAYS,smallint,2,5,0,YES,NO,NO
V_SRVC_ORDER,85,TERMS_NET_TYPE,nchar,2,0,0,YES,NO,NO
V_SRVC_ORDER,86,CREATE_DATE,datetime,8,23,3,YES,NO,NO
V_SRVC_ORDER,87,COMMISSION_PCT,decimal,5,6,3,YES,NO,NO
V_SRVC_ORDER,89,DIVISION_ID,nvarchar,30,0,0,YES,NO,NO
V_SRVC_ORDER,90,BRANCH_ID,nvarchar,30,0,0,YES,NO,NO
V_SRVC_ORDER,91,BUS_UNIT_ID,nvarchar,30,0,0,YES,NO,NO
V_SRVC_ORDER,92,TASK_ID,nvarchar,30,0,0,YES,NO,NO
V_SRVC_ORDER,93,PART_QTY,decimal,13,20,8,YES,NO,NO
V_SRVC_ORDER,94,PART_ID,nvarchar,60,0,0,YES,NO,NO
V_SRVC_ORDER,95,TRACE_ID,nvarchar,30,0,0,YES,NO,NO
V_SRVC_ORDER,96,EXP_MKUP_AMOUNT,decimal,13,23,8,NO,NO,NO
V_SRVC_ORDER,97,EXP_MKUP_PERCENT,decimal,5,6,3,NO,NO,NO
V_SRVC_ORDER,98,MTL_MKUP_AMOUNT,decimal,13,23,8,NO,NO,NO
V_SRVC_ORDER,99,MTL_MKUP_PERCENT,decimal,5,6,3,NO,NO,NO
V_SRVC_ORDER,100,REV_LBR_ACCT_ID,nvarchar,60,0,0,YES,NO,NO
V_SRVC_ORDER,101,DISCOUNT_CODE,nvarchar,30,0,0,YES,NO,NO
V_SRVC_ORDER,102,ISSUE_MTL,smallint,2,5,0,YES,NO,NO
V_SRVC_ORDER,103,CONTR_LINE_NO,int,4,10,0,YES,NO,NO
V_SRVC_ORDER,104,LOOKUP_TYPE,nvarchar,30,0,0,YES,NO,NO
V_SRVC_ORDER,105,USER_T6,nvarchar,160,0,0,YES,NO,NO
V_SRVC_ORDER,106,USER_T7,nvarchar,160,0,0,YES,NO,NO
V_SRVC_ORDER,107,USER_T8,nvarchar,160,0,0,YES,NO,NO
V_SRVC_ORDER,108,USER_T9,nvarchar,160,0,0,YES,NO,NO
V_SRVC_ORDER,109,USER_T10,nvarchar,160,0,0,YES,NO,NO
V_SRVC_ORDER,110,USER_T11,nvarchar,160,0,0,YES,NO,NO
V_SRVC_ORDER,111,USER_T12,nvarchar,160,0,0,YES,NO,NO
V_SRVC_ORDER,112,USER_T13,nvarchar,160,0,0,YES,NO,NO
V_SRVC_ORDER,113,USER_T14,nvarchar,160,0,0,YES,NO,NO
V_SRVC_ORDER,114,USER_T15,nvarchar,160,0,0,YES,NO,NO
V_SRVC_ORDER,115,USER_T16,nvarchar,160,0,0,YES,NO,NO
V_SRVC_ORDER,116,USER_T17,nvarchar,160,0,0,YES,NO,NO
V_SRVC_ORDER,117,USER_T18,nvarchar,160,0,0,YES,NO,NO
V_SRVC_ORDER,118,USER_T19,nvarchar,160,0,0,YES,NO,NO
V_SRVC_ORDER,119,USER_T20,nvarchar,160,0,0,YES,NO,NO
V_SRVC_ORDER,120,USER_T21,nvarchar,160,0,0,YES,NO,NO
V_SRVC_ORDER,121,USER_T22,nvarchar,160,0,0,YES,NO,NO
V_SRVC_ORDER,122,USER_T23,nvarchar,160,0,0,YES,NO,NO
V_SRVC_ORDER,123,USER_T24,nvarchar,160,0,0,YES,NO,NO
V_SRVC_ORDER,124,USER_T25,nvarchar,160,0,0,YES,NO,NO
V_SRVC_ORDER,125,USER_T26,nvarchar,160,0,0,YES,NO,NO
V_SRVC_ORDER,126,USER_T27,nvarchar,160,0,0,YES,NO,NO
V_SRVC_ORDER,127,USER_T28,nvarchar,160,0,0,YES,NO,NO
V_SRVC_ORDER,128,USER_T29,nvarchar,160,0,0,YES,NO,NO
V_SRVC_ORDER,129,USER_T30,nvarchar,160,0,0,YES,NO,NO
V_SRVC_ORDER,130,USER_N6,decimal,13,23,8,YES,NO,NO
V_SRVC_ORDER,131,USER_N7,decimal,13,23,8,YES,NO,NO
V_SRVC_ORDER,132,USER_N8,decimal,13,23,8,YES,NO,NO
V_SRVC_ORDER,133,USER_N9,decimal,13,23,8,YES,NO,NO
V_SRVC_ORDER,134,USER_N10,decimal,13,23,8,YES,NO,NO
V_SRVC_ORDER,135,USER_N11,decimal,13,23,8,YES,NO,NO
V_SRVC_ORDER,136,USER_N12,decimal,13,23,8,YES,NO,NO
V_SRVC_ORDER,137,USER_N13,decimal,13,23,8,YES,NO,NO
V_SRVC_ORDER,138,USER_N14,decimal,13,23,8,YES,NO,NO
V_SRVC_ORDER,139,USER_N15,decimal,13,23,8,YES,NO,NO
V_SRVC_ORDER,140,USER_D4,datetime,8,23,3,YES,NO,NO
V_SRVC_ORDER,141,USER_D5,datetime,8,23,3,YES,NO,NO
V_SRVC_ORDER,142,EST_MTL_AMT,decimal,13,23,8,YES,NO,NO
V_SRVC_ORDER,143,EST_LBR_AMT,decimal,13,23,8,YES,NO,NO
V_SRVC_ORDER,144,EST_EXP_AMT,decimal,13,23,8,YES,NO,NO
V_SRVC_ORDER,146,BILL_ITEMS,smallint,2,5,0,YES,NO,NO
V_SRVC_ORDER,147,COMMENTS_BIN,ntext,16,0,0,YES,NO,NO
V_SRVC_ORDER,148,TERMS_ID,nvarchar,30,0,0,YES,NO,NO
V_SRVC_ORDER,149,FREIGHT_TERMS,nchar,2,0,0,YES,NO,NO
V_SRVC_TYPE,1,ID,nvarchar,30,0,0,NO,NO,NO
V_SRVC_TYPE,2,DESCRIPTION,nvarchar,100,0,0,YES,NO,NO
V_SRVC_TYPE,3,LAST_MODIFIED,datetime,8,23,3,YES,NO,NO
V_SRVC_TYPE,4,LAST_USER,nvarchar,40,0,0,YES,NO,NO
V_SRVC_TYPE,5,CREATE_DATE,datetime,8,23,3,YES,NO,NO
V_SRVCORD_BINARY,1,SRVC_ORDER_ID,nvarchar,30,0,0,NO,NO,NO
V_SRVCORD_BINARY,2,TYPE,nvarchar,6,0,0,NO,NO,NO
V_SRVCORD_BINARY,3,BITS_LENGTH,int,4,10,0,NO,NO,NO
V_SRVCORD_BINARY,4,LAST_MODIFIED,datetime,8,23,3,YES,NO,NO
V_SRVCORD_BINARY,5,LAST_USER,nvarchar,40,0,0,YES,NO,NO
V_SRVCORD_BINARY,6,BITS,text,16,0,0,YES,NO,NO
V_SRVCORD_BINARY,7,CREATE_DATE,datetime,8,23,3,YES,NO,NO
V_SRVCORD_EXP,1,SRVC_ORDER_ID,nvarchar,30,0,0,NO,NO,NO
V_SRVCORD_EXP,2,LINE_NO,smallint,2,5,0,NO,NO,NO
V_SRVCORD_EXP,3,BILL,smallint,2,5,0,NO,NO,NO
V_SRVCORD_EXP,4,COMMODITY_CODE,nvarchar,30,0,0,YES,NO,NO
V_SRVCORD_EXP,5,CONTR_ITEM_NO,smallint,2,5,0,YES,NO,NO
V_SRVCORD_EXP,6,DESCRIPTION,nvarchar,100,0,0,YES,NO,NO
V_SRVCORD_EXP,7,EXP_GL_ACCT_ID,nvarchar,60,0,0,YES,NO,NO
V_SRVCORD_EXP,10,FIXED_MKUP,decimal,13,23,8,NO,NO,NO
V_SRVCORD_EXP,11,MKUP_PERCENT,decimal,5,6,3,NO,NO,NO
V_SRVCORD_EXP,12,PRODUCT_CODE,nvarchar,30,0,0,YES,NO,NO
V_SRVCORD_EXP,13,EST_QTY,decimal,13,20,8,NO,NO,NO
V_SRVCORD_EXP,14,PAY,smallint,2,5,0,NO,NO,NO
V_SRVCORD_EXP,16,UNIT_COST,decimal,13,22,8,NO,NO,NO
V_SRVCORD_EXP,17,LAST_MODIFIED,datetime,8,23,3,YES,NO,NO
V_SRVCORD_EXP,18,LAST_USER,nvarchar,40,0,0,YES,NO,NO
V_SRVCORD_EXP,19,ACT_AMOUNT,decimal,13,23,8,NO,NO,NO
V_SRVCORD_EXP,23,POSTING_CANDIDATE,smallint,2,5,0,NO,NO,NO
V_SRVCORD_EXP,24,BUY_RATE,decimal,9,15,8,NO,NO,NO
V_SRVCORD_EXP,25,SELL_RATE,decimal,9,15,8,NO,NO,NO
V_SRVCORD_EXP,26,EXCH_RATE_FIXED,smallint,2,5,0,NO,NO,NO
V_SRVCORD_EXP,27,CURRENCY_ID,nvarchar,30,0,0,YES,NO,NO
V_SRVCORD_EXP,28,EXP_ID,nvarchar,30,0,0,YES,NO,NO
V_SRVCORD_EXP,29,PRINTED_DATE,datetime,8,23,3,YES,NO,NO
V_SRVCORD_EXP,30,VOUCHER_ID,nvarchar,30,0,0,YES,NO,NO
V_SRVCORD_EXP,31,STATUS,nvarchar,30,0,0,YES,NO,NO
V_SRVCORD_EXP,32,GENERATE_PMT,smallint,2,5,0,YES,NO,NO
V_SRVCORD_EXP,33,SERVICE_DATE,datetime,8,23,3,YES,NO,NO
V_SRVCORD_EXP,34,DISCOUNT_PERCENT,decimal,5,6,3,NO,NO,NO
V_SRVCORD_EXP,35,COST_CATEGORY,nvarchar,30,0,0,YES,NO,NO
V_SRVCORD_EXP,36,REV_GL_ACCT_ID,nvarchar,60,0,0,YES,NO,NO
V_SRVCORD_EXP,37,CREATE_DATE,datetime,8,23,3,YES,NO,NO
V_SRVCORD_EXP,38,USER_T1,nvarchar,160,0,0,YES,NO,NO
V_SRVCORD_EXP,39,USER_T2,nvarchar,160,0,0,YES,NO,NO
V_SRVCORD_EXP,40,USER_T3,nvarchar,160,0,0,YES,NO,NO
V_SRVCORD_EXP,41,USER_T4,nvarchar,160,0,0,YES,NO,NO
V_SRVCORD_EXP,42,USER_T5,nvarchar,160,0,0,YES,NO,NO
V_SRVCORD_EXP,43,USER_D1,datetime,8,23,3,YES,NO,NO
V_SRVCORD_EXP,44,USER_D2,datetime,8,23,3,YES,NO,NO
V_SRVCORD_EXP,45,USER_D3,datetime,8,23,3,YES,NO,NO
V_SRVCORD_EXP,46,USER_N1,decimal,13,23,8,YES,NO,NO
V_SRVCORD_EXP,47,USER_N2,decimal,13,23,8,YES,NO,NO
V_SRVCORD_EXP,48,USER_N3,decimal,13,23,8,YES,NO,NO
V_SRVCORD_EXP,49,USER_N4,decimal,13,23,8,YES,NO,NO
V_SRVCORD_EXP,50,USER_N5,decimal,13,23,8,YES,NO,NO
V_SRVCORD_EXP,51,WORKORDER_BASE_ID,nvarchar,60,0,0,YES,NO,NO
V_SRVCORD_EXP,52,WORKORDER_LOT_ID,nvarchar,6,0,0,YES,NO,NO
V_SRVCORD_EXP,53,WORKORDER_SPLIT_ID,nvarchar,6,0,0,YES,NO,NO
V_SRVCORD_EXP,54,WORKORDER_SUB_ID,nvarchar,6,0,0,YES,NO,NO
V_SRVCORD_EXP,55,WORKORDER_TYPE,nvarchar,2,0,0,YES,NO,NO
V_SRVCORD_EXP,56,UNIT_PRICE,decimal,13,22,8,YES,NO,NO
V_SRVCORD_EXP,57,VENDOR_ID,nvarchar,30,0,0,YES,NO,NO
V_SRVCORD_EXP,59,ACT_CURR_AMOUNT,decimal,13,23,8,YES,NO,NO
V_SRVCORD_EXP,60,ACT_QTY,decimal,13,20,8,YES,NO,NO
V_SRVCORD_EXP,61,EST_CURR_AMOUNT,decimal,13,23,8,YES,NO,NO
V_SRVCORD_EXP,62,EST_AMOUNT,decimal,13,23,8,YES,NO,NO
V_SRVCORD_EXP,63,COMMISSION_PERCENT,decimal,5,6,4,YES,NO,NO
V_SRVCORD_EXP,64,SLS_TAX_GRP_ID,nvarchar,30,0,0,YES,NO,NO
V_SRVCORD_EXP,65,VAT_CODE,nvarchar,30,0,0,YES,NO,NO
V_SRVCORD_EXP,66,SITE_ID,nvarchar,30,0,0,NO,NO,NO
V_SRVCORD_LBR,1,SRVC_ORDER_ID,nvarchar,30,0,0,NO,NO,NO
V_SRVCORD_LBR,2,LINE_NO,smallint,2,5,0,NO,NO,NO
V_SRVCORD_LBR,3,TRANSACTION_ID,int,4,10,0,YES,NO,NO
V_SRVCORD_LBR,4,ACT_LBR_HRS,decimal,9,14,4,NO,NO,NO
V_SRVCORD_LBR,5,LBR_RATE,decimal,13,22,8,NO,NO,NO
V_SRVCORD_LBR,6,WORKORDER_BASE_ID,nvarchar,60,0,0,NO,NO,NO
V_SRVCORD_LBR,7,WORKORDER_LOT_ID,nvarchar,6,0,0,NO,NO,NO
V_SRVCORD_LBR,8,WORKORDER_OP_SEQ,smallint,2,5,0,NO,NO,NO
V_SRVCORD_LBR,9,WORKORDER_SPLIT_ID,nvarchar,6,0,0,NO,NO,NO
V_SRVCORD_LBR,10,WORKORDER_SUB_ID,nvarchar,6,0,0,NO,NO,NO
V_SRVCORD_LBR,11,WORKORDER_TYPE,nchar,2,0,0,NO,NO,NO
V_SRVCORD_LBR,12,LAST_MODIFIED,datetime,8,23,3,YES,NO,NO
V_SRVCORD_LBR,13,LAST_USER,nvarchar,40,0,0,YES,NO,NO
V_SRVCORD_LBR,16,SERVICE_DATE,datetime,8,23,3,YES,NO,NO
V_SRVCORD_LBR,17,STATUS,nvarchar,30,0,0,YES,NO,NO
V_SRVCORD_LBR,18,CREATE_DATE,datetime,8,23,3,YES,NO,NO
V_SRVCORD_LBR,19,USER_T1,nvarchar,160,0,0,YES,NO,NO
V_SRVCORD_LBR,20,USER_T2,nvarchar,160,0,0,YES,NO,NO
V_SRVCORD_LBR,21,USER_T3,nvarchar,160,0,0,YES,NO,NO
V_SRVCORD_LBR,22,USER_T4,nvarchar,160,0,0,YES,NO,NO
V_SRVCORD_LBR,23,USER_T5,nvarchar,160,0,0,YES,NO,NO
V_SRVCORD_LBR,24,USER_D1,datetime,8,23,3,YES,NO,NO
V_SRVCORD_LBR,25,USER_D2,datetime,8,23,3,YES,NO,NO
V_SRVCORD_LBR,26,USER_D3,datetime,8,23,3,YES,NO,NO
V_SRVCORD_LBR,27,USER_N1,decimal,13,23,8,YES,NO,NO
V_SRVCORD_LBR,28,USER_N2,decimal,13,23,8,YES,NO,NO
V_SRVCORD_LBR,29,USER_N3,decimal,13,23,8,YES,NO,NO
V_SRVCORD_LBR,30,USER_N4,decimal,13,23,8,YES,NO,NO
V_SRVCORD_LBR,31,USER_N5,decimal,13,23,8,YES,NO,NO
V_SRVCORD_LBR,32,EMPLOYEE_ID,nvarchar,30,0,0,YES,NO,NO
V_SRVCORD_LBR,33,RESOURCE_ID,nvarchar,30,0,0,YES,NO,NO
V_SRVCORD_LBR,34,CLOCK_IN,datetime,8,23,3,YES,NO,NO
V_SRVCORD_LBR,35,CLOCK_OUT,datetime,8,23,3,YES,NO,NO
V_SRVCORD_LBR,36,SITE_ID,nvarchar,30,0,0,NO,NO,NO
V_SRVCORD_MTL,1,SRVC_ORDER_ID,nvarchar,30,0,0,NO,NO,NO
V_SRVCORD_MTL,2,LINE_NO,smallint,2,5,0,NO,NO,NO
V_SRVCORD_MTL,3,BILL,smallint,2,5,0,NO,NO,NO
V_SRVCORD_MTL,4,COMMISSION_PERCENT,decimal,5,6,3,NO,NO,NO
V_SRVCORD_MTL,5,COMMODITY_CODE,nvarchar,30,0,0,YES,NO,NO
V_SRVCORD_MTL,6,CONTR_ITEM_NO,smallint,2,5,0,YES,NO,NO
V_SRVCORD_MTL,7,DESCRIPTION,nvarchar,240,0,0,YES,NO,NO
V_SRVCORD_MTL,8,DISCOUNT_PERCENT,decimal,5,6,3,NO,NO,NO
V_SRVCORD_MTL,11,REV_GL_ACCT_ID,nvarchar,60,0,0,YES,NO,NO
V_SRVCORD_MTL,13,PART_ID,nvarchar,60,0,0,YES,NO,NO
V_SRVCORD_MTL,14,ACT_AMOUNT,decimal,13,23,8,NO,NO,NO
V_SRVCORD_MTL,15,ACT_QTY,decimal,13,20,8,NO,NO,NO
V_SRVCORD_MTL,16,SLS_TAX_GRP_ID,nvarchar,30,0,0,YES,NO,NO
V_SRVCORD_MTL,17,POSTING_CANDIDATE,smallint,2,5,0,NO,NO,NO
V_SRVCORD_MTL,18,UNIT_PRICE,decimal,13,22,8,YES,NO,NO
V_SRVCORD_MTL,19,WORKORDER_BASE_ID,nvarchar,60,0,0,YES,NO,NO
V_SRVCORD_MTL,20,WORKORDER_LOT_ID,nvarchar,6,0,0,YES,NO,NO
V_SRVCORD_MTL,21,WORKORDER_OP_SEQ,smallint,2,5,0,YES,NO,NO
V_SRVCORD_MTL,22,WORKORDER_REQ_NO,smallint,2,5,0,YES,NO,NO
V_SRVCORD_MTL,23,WORKORDER_SPLIT_ID,nvarchar,6,0,0,YES,NO,NO
V_SRVCORD_MTL,24,WORKORDER_SUB_ID,nvarchar,6,0,0,YES,NO,NO
V_SRVCORD_MTL,25,WORKORDER_TYPE,nchar,2,0,0,YES,NO,NO
V_SRVCORD_MTL,26,LAST_MODIFIED,datetime,8,23,3,YES,NO,NO
V_SRVCORD_MTL,27,LAST_USER,nvarchar,40,0,0,YES,NO,NO
V_SRVCORD_MTL,28,STATUS,nvarchar,30,0,0,YES,NO,NO
V_SRVCORD_MTL,29,PIECE_NO,smallint,2,5,0,YES,NO,NO
V_SRVCORD_MTL,30,UNIT_OF_MEASURE,nchar,30,0,0,YES,NO,NO
V_SRVCORD_MTL,31,WAREHOUSE_ID,nvarchar,30,0,0,YES,NO,NO
V_SRVCORD_MTL,32,LOCATION_ID,nvarchar,30,0,0,YES,NO,NO
V_SRVCORD_MTL,33,TRACE_ID,nvarchar,30,0,0,YES,NO,NO
V_SRVCORD_MTL,34,SERVICE_DATE,datetime,8,23,3,YES,NO,NO
V_SRVCORD_MTL,35,EST_QTY,decimal,13,20,8,YES,NO,NO
V_SRVCORD_MTL,36,CREATE_DATE,datetime,8,23,3,YES,NO,NO
V_SRVCORD_MTL,37,USER_T1,nvarchar,160,0,0,YES,NO,NO
V_SRVCORD_MTL,38,USER_T2,nvarchar,160,0,0,YES,NO,NO
V_SRVCORD_MTL,39,USER_T3,nvarchar,160,0,0,YES,NO,NO
V_SRVCORD_MTL,40,USER_T4,nvarchar,160,0,0,YES,NO,NO
V_SRVCORD_MTL,41,USER_T5,nvarchar,160,0,0,YES,NO,NO
V_SRVCORD_MTL,42,USER_D1,datetime,8,23,3,YES,NO,NO
V_SRVCORD_MTL,43,USER_D2,datetime,8,23,3,YES,NO,NO
V_SRVCORD_MTL,44,USER_D3,datetime,8,23,3,YES,NO,NO
V_SRVCORD_MTL,45,USER_N1,decimal,13,23,8,YES,NO,NO
V_SRVCORD_MTL,46,USER_N2,decimal,13,23,8,YES,NO,NO
V_SRVCORD_MTL,47,USER_N3,decimal,13,23,8,YES,NO,NO
V_SRVCORD_MTL,48,USER_N4,decimal,13,23,8,YES,NO,NO
V_SRVCORD_MTL,49,USER_N5,decimal,13,23,8,YES,NO,NO
V_SRVCORD_MTL,50,ISSUE,smallint,2,5,0,YES,NO,NO
V_SRVCORD_MTL,51,TRANSACTION_ID,int,4,10,0,YES,NO,NO
V_SRVCORD_MTL,52,EST_AMOUNT,decimal,13,23,8,YES,NO,NO
V_SRVCORD_MTL,53,VAT_CODE,nvarchar,30,0,0,YES,NO,NO
V_SRVCORD_MTL,54,LENGTH,decimal,9,14,4,YES,NO,NO
V_SRVCORD_MTL,55,WIDTH,decimal,9,14,4,YES,NO,NO
V_SRVCORD_MTL,56,HEIGHT,decimal,9,14,4,YES,NO,NO
V_SRVCORD_MTL,57,DIMENSIONS_UM,nvarchar,30,0,0,YES,NO,NO
V_SRVCORD_MTL,58,PIECE_COUNT,decimal,13,20,8,YES,NO,NO
V_SRVCORD_MTL,59,ISSUE_QTY,decimal,13,20,8,YES,NO,NO
V_SRVCORD_MTL,60,SITE_ID,nvarchar,30,0,0,NO,NO,NO
V_SRVCORD_OPER,1,SRVC_ORDER_ID,nvarchar,30,0,0,NO,NO,NO
V_SRVCORD_OPER,2,LINE_NO,smallint,2,5,0,NO,NO,NO
V_SRVCORD_OPER,3,ACT_END_DATE,datetime,8,23,3,YES,NO,NO
V_SRVCORD_OPER,4,ACT_START_DATE,datetime,8,23,3,YES,NO,NO
V_SRVCORD_OPER,5,BILL,smallint,2,5,0,NO,NO,NO
V_SRVCORD_OPER,6,COMMISSION_PERCENT,decimal,5,6,3,NO,NO,NO
V_SRVCORD_OPER,7,CONTR_ITEM_NO,smallint,2,5,0,YES,NO,NO
V_SRVCORD_OPER,8,DESCRIPTION,nvarchar,100,0,0,YES,NO,NO
V_SRVCORD_OPER,9,DISCOUNT_PERCENT,decimal,5,6,3,NO,NO,NO
V_SRVCORD_OPER,10,EMP_ID,nvarchar,30,0,0,YES,NO,NO
V_SRVCORD_OPER,11,EST_END_DATE,datetime,8,23,3,YES,NO,NO
V_SRVCORD_OPER,12,EST_START_DATE,datetime,8,23,3,YES,NO,NO
V_SRVCORD_OPER,14,LABOR_RATE,decimal,13,22,8,YES,NO,NO
V_SRVCORD_OPER,15,REV_GL_ACCT_ID,nvarchar,60,0,0,YES,NO,NO
V_SRVCORD_OPER,16,EST_AMOUNT,decimal,13,23,8,YES,NO,NO
V_SRVCORD_OPER,17,EST_HOURS,decimal,9,14,4,YES,NO,NO
V_SRVCORD_OPER,18,ACT_AMOUNT,decimal,13,23,8,YES,NO,NO
V_SRVCORD_OPER,20,RESOURCE_ID,nvarchar,30,0,0,NO,NO,NO
V_SRVCORD_OPER,21,REQ_START_DATE,datetime,8,23,3,YES,NO,NO
V_SRVCORD_OPER,22,REQ_END_DATE,datetime,8,23,3,YES,NO,NO
V_SRVCORD_OPER,23,WORKORDER_BASE_ID,nvarchar,60,0,0,NO,NO,NO
V_SRVCORD_OPER,24,WORKORDER_LOT_ID,nvarchar,6,0,0,NO,NO,NO
V_SRVCORD_OPER,25,WORKORDER_OP_SEQ,smallint,2,5,0,NO,NO,NO
V_SRVCORD_OPER,26,WORKORDER_SPLIT_ID,nvarchar,6,0,0,NO,NO,NO
V_SRVCORD_OPER,27,WORKORDER_SUB_ID,nvarchar,6,0,0,NO,NO,NO
V_SRVCORD_OPER,28,WORKORDER_TYPE,nchar,2,0,0,NO,NO,NO
V_SRVCORD_OPER,29,LAST_MODIFIED,datetime,8,23,3,YES,NO,NO
V_SRVCORD_OPER,30,LAST_USER,nvarchar,40,0,0,YES,NO,NO
V_SRVCORD_OPER,31,STATUS,nvarchar,30,0,0,YES,NO,NO
V_SRVCORD_OPER,33,POSTING_CANDIDATE,smallint,2,5,0,YES,NO,NO
V_SRVCORD_OPER,34,ACT_HOURS,decimal,5,7,2,YES,NO,NO
V_SRVCORD_OPER,35,CREATE_DATE,datetime,8,23,3,YES,NO,NO
V_SRVCORD_OPER,36,USER_T1,nvarchar,160,0,0,YES,NO,NO
V_SRVCORD_OPER,37,USER_T2,nvarchar,160,0,0,YES,NO,NO
V_SRVCORD_OPER,38,USER_T3,nvarchar,160,0,0,YES,NO,NO
V_SRVCORD_OPER,39,USER_T4,nvarchar,160,0,0,YES,NO,NO
V_SRVCORD_OPER,40,USER_T5,nvarchar,160,0,0,YES,NO,NO
V_SRVCORD_OPER,41,USER_D1,datetime,8,23,3,YES,NO,NO
V_SRVCORD_OPER,42,USER_D2,datetime,8,23,3,YES,NO,NO
V_SRVCORD_OPER,43,USER_D3,datetime,8,23,3,YES,NO,NO
V_SRVCORD_OPER,44,USER_N1,decimal,13,23,8,YES,NO,NO
V_SRVCORD_OPER,45,USER_N2,decimal,13,23,8,YES,NO,NO
V_SRVCORD_OPER,46,USER_N3,decimal,13,23,8,YES,NO,NO
V_SRVCORD_OPER,47,USER_N4,decimal,13,23,8,YES,NO,NO
V_SRVCORD_OPER,48,USER_N5,decimal,13,23,8,YES,NO,NO
V_SRVCORD_OPER,49,START_TIME,datetime,8,23,3,YES,NO,NO
V_SRVCORD_OPER,50,END_TIME,datetime,8,23,3,YES,NO,NO
V_SRVCORD_OPER,51,SLS_TAX_GRP_ID,nvarchar,30,0,0,YES,NO,NO
V_SRVCORD_OPER,52,SERVICE_ID,nvarchar,30,0,0,YES,NO,NO
V_SRVCORD_OPER,53,VAT_CODE,nvarchar,30,0,0,YES,NO,NO
V_SRVCORD_OPER,54,SITE_ID,nvarchar,30,0,0,NO,NO,NO
V_SRVCORD_VNDR,1,SRVC_ORDER_ID,nvarchar,30,0,0,NO,NO,NO
V_SRVCORD_VNDR,2,LINE_NO,smallint,2,5,0,NO,NO,NO
V_SRVCORD_VNDR,3,BILL,smallint,2,5,0,NO,NO,NO
V_SRVCORD_VNDR,4,COMMISSION_PERCENT,decimal,5,6,3,NO,NO,NO
V_SRVCORD_VNDR,5,CONTR_ITEM_NO,smallint,2,5,0,YES,NO,NO
V_SRVCORD_VNDR,6,VENDOR_ID,nvarchar,30,0,0,YES,NO,NO
V_SRVCORD_VNDR,7,UNIT_COST,decimal,13,22,8,NO,NO,NO
V_SRVCORD_VNDR,8,DISCOUNT_PERCENT,decimal,5,6,3,NO,NO,NO
V_SRVCORD_VNDR,9,EST_AMOUNT,decimal,13,23,8,NO,NO,NO
V_SRVCORD_VNDR,10,FIXED_MKUP,decimal,13,23,8,NO,NO,NO
V_SRVCORD_VNDR,11,MKUP_PERCENT,decimal,5,6,3,NO,NO,NO
V_SRVCORD_VNDR,12,PO_ID,nvarchar,60,0,0,YES,NO,NO
V_SRVCORD_VNDR,13,REV_GL_ACCT_ID,nvarchar,60,0,0,YES,NO,NO
V_SRVCORD_VNDR,14,LAST_MODIFIED,datetime,8,23,3,YES,NO,NO
V_SRVCORD_VNDR,15,LAST_USER,nvarchar,40,0,0,YES,NO,NO
V_SRVCORD_VNDR,16,ACT_AMOUNT,decimal,13,23,8,NO,NO,NO
V_SRVCORD_VNDR,18,BUY_RATE,decimal,9,15,8,NO,NO,NO
V_SRVCORD_VNDR,19,SELL_RATE,decimal,9,15,8,NO,NO,NO
V_SRVCORD_VNDR,20,POSTING_CANDIDATE,smallint,2,5,0,NO,NO,NO
V_SRVCORD_VNDR,21,PO_SRVC_ID,nvarchar,30,0,0,YES,NO,NO
V_SRVCORD_VNDR,22,CURRENCY_ID,nvarchar,30,0,0,YES,NO,NO
V_SRVCORD_VNDR,23,STATUS,nvarchar,30,0,0,YES,NO,NO
V_SRVCORD_VNDR,24,RECV_QTY,decimal,13,20,8,NO,NO,NO
V_SRVCORD_VNDR,25,RECEIVED,smallint,2,5,0,NO,NO,NO
V_SRVCORD_VNDR,26,PO_LINE_NO,smallint,2,5,0,YES,NO,NO
V_SRVCORD_VNDR,27,EST_QTY,decimal,13,20,8,YES,NO,NO
V_SRVCORD_VNDR,28,DESCRIPTION,nvarchar,100,0,0,YES,NO,NO
V_SRVCORD_VNDR,29,SERVICE_DATE,datetime,8,23,3,YES,NO,NO
V_SRVCORD_VNDR,30,CREATE_DATE,datetime,8,23,3,YES,NO,NO
V_SRVCORD_VNDR,31,USER_T1,nvarchar,160,0,0,YES,NO,NO
V_SRVCORD_VNDR,32,USER_T2,nvarchar,160,0,0,YES,NO,NO
V_SRVCORD_VNDR,33,USER_T3,nvarchar,160,0,0,YES,NO,NO
V_SRVCORD_VNDR,34,USER_T4,nvarchar,160,0,0,YES,NO,NO
V_SRVCORD_VNDR,35,USER_T5,nvarchar,160,0,0,YES,NO,NO
V_SRVCORD_VNDR,36,USER_D1,datetime,8,23,3,YES,NO,NO
V_SRVCORD_VNDR,37,USER_D2,datetime,8,23,3,YES,NO,NO
V_SRVCORD_VNDR,38,USER_D3,datetime,8,23,3,YES,NO,NO
V_SRVCORD_VNDR,39,USER_N1,decimal,13,23,8,YES,NO,NO
V_SRVCORD_VNDR,40,USER_N2,decimal,13,23,8,YES,NO,NO
V_SRVCORD_VNDR,41,USER_N3,decimal,13,23,8,YES,NO,NO
V_SRVCORD_VNDR,42,USER_N4,decimal,13,23,8,YES,NO,NO
V_SRVCORD_VNDR,43,USER_N5,decimal,13,23,8,YES,NO,NO
V_SRVCORD_VNDR,44,WORKORDER_BASE_ID,nvarchar,60,0,0,YES,NO,NO
V_SRVCORD_VNDR,45,WORKORDER_LOT_ID,nvarchar,6,0,0,YES,NO,NO
V_SRVCORD_VNDR,46,WORKORDER_OP_SEQ,smallint,2,5,0,YES,NO,NO
V_SRVCORD_VNDR,47,WORKORDER_SPLIT_ID,nvarchar,6,0,0,YES,NO,NO
V_SRVCORD_VNDR,48,WORKORDER_SUB_ID,nvarchar,6,0,0,YES,NO,NO
V_SRVCORD_VNDR,49,WORKORDER_TYPE,nvarchar,2,0,0,YES,NO,NO
V_SRVCORD_VNDR,50,UNIT_PRICE,decimal,13,22,8,YES,NO,NO
V_SRVCORD_VNDR,51,ACT_CURR_AMOUNT,decimal,13,23,8,YES,NO,NO
V_SRVCORD_VNDR,52,ACT_QTY,decimal,13,20,8,YES,NO,NO
V_SRVCORD_VNDR,53,EST_CURR_AMOUNT,decimal,13,23,8,YES,NO,NO
V_SRVCORD_VNDR,54,SITE_ID,nvarchar,30,0,0,YES,NO,NO
V_SUB_AREA,1,AREA_ID,nvarchar,30,0,0,NO,NO,NO
V_SUB_AREA,2,ID,nvarchar,30,0,0,NO,NO,NO
V_SUB_AREA,3,DESCRIPTION,nvarchar,100,0,0,YES,NO,NO
V_SUB_AREA,4,LAST_MODIFIED,datetime,8,23,3,YES,NO,NO
V_SUB_AREA,5,LAST_USER,nvarchar,40,0,0,YES,NO,NO
V_SUB_AREA,6,CREATE_DATE,datetime,8,23,3,YES,NO,NO
V_SYNC_USER,1,ID,nvarchar,30,0,0,NO,NO,NO
V_SYNC_USER,2,MACHINE_ID,nvarchar,30,0,0,NO,NO,NO
V_SYNC_USER,3,USER_ID,nvarchar,40,0,0,YES,NO,NO
V_SYNC_USER,4,DBID,nvarchar,16,0,0,YES,NO,NO
V_SYNC_USER,5,ACTIVE,smallint,2,5,0,NO,NO,NO
V_SYNC_USER,6,LAST_MODIFIED,datetime,8,23,3,YES,NO,NO
V_SYNC_USER,7,LAST_USER,nvarchar,40,0,0,YES,NO,NO
V_SYNC_USER,8,CREATE_DATE,datetime,8,23,3,YES,NO,NO
V_SYNC_USER,9,ENABLED,smallint,2,5,0,YES,NO,NO
V_SYNC_USER,10,CLIENT_HASH,nvarchar,64,0,0,YES,NO,NO
V_TASK,1,ID,nvarchar,30,0,0,NO,NO,NO
V_TASK,2,ACCT_ID,nvarchar,30,0,0,YES,NO,NO
V_TASK,3,CATEGORY_ID,nvarchar,30,0,0,YES,NO,NO
V_TASK,4,COMPLETED_DATE,datetime,8,23,3,YES,NO,NO
V_TASK,5,CREATE_DATE,datetime,8,23,3,YES,NO,NO
V_TASK,6,CREATOR,nvarchar,40,0,0,YES,NO,NO
V_TASK,7,DUE_DATE,datetime,8,23,3,YES,NO,NO
V_TASK,8,OWNER,nvarchar,40,0,0,YES,NO,NO
V_TASK,9,PRIORITY_TYPE,nvarchar,12,0,0,YES,NO,NO
V_TASK,10,REL_ID,nvarchar,30,0,0,YES,NO,NO
V_TASK,11,REL_TYPE,nvarchar,30,0,0,YES,NO,NO
V_TASK,13,START_DATE,datetime,8,23,3,YES,NO,NO
V_TASK,14,STATUS,nvarchar,30,0,0,YES,NO,NO
V_TASK,15,SUBJECT,nvarchar,100,0,0,YES,NO,NO
V_TASK,16,USER_T1,nvarchar,160,0,0,YES,NO,NO
V_TASK,17,USER_T2,nvarchar,160,0,0,YES,NO,NO
V_TASK,18,USER_T3,nvarchar,160,0,0,YES,NO,NO
V_TASK,19,USER_T4,nvarchar,160,0,0,YES,NO,NO
V_TASK,20,USER_T5,nvarchar,160,0,0,YES,NO,NO
V_TASK,21,USER_D1,datetime,8,23,3,YES,NO,NO
V_TASK,22,USER_D2,datetime,8,23,3,YES,NO,NO
V_TASK,23,USER_D3,datetime,8,23,3,YES,NO,NO
V_TASK,25,LAST_MODIFIED,datetime,8,23,3,YES,NO,NO
V_TASK,26,LAST_USER,nvarchar,40,0,0,YES,NO,NO
V_TASK,27,ACTUAL_WORK,decimal,9,14,4,YES,NO,NO
V_TASK,28,ESTIMATED_WORK,decimal,9,14,4,YES,NO,NO
V_TASK,29,USER_N1,decimal,13,23,8,YES,NO,NO
V_TASK,30,USER_N2,decimal,13,23,8,YES,NO,NO
V_TASK,31,USER_N3,decimal,13,23,8,YES,NO,NO
V_TASK,32,USER_N4,decimal,13,23,8,YES,NO,NO
V_TASK,33,USER_N5,decimal,13,23,8,YES,NO,NO
V_TASK,34,COMPLETE_PERCENT,decimal,5,6,3,YES,NO,NO
V_TASK,35,USER_NOTE,smallint,2,5,0,NO,NO,NO
V_TASK,36,CONTACT_ID,nvarchar,30,0,0,YES,NO,NO
V_TASK,37,SNOOZE_INTERVAL,nvarchar,30,0,0,YES,NO,NO
V_TASK,38,REMINDER_INTERVAL,nvarchar,30,0,0,YES,NO,NO
V_TASK,39,REMINDER_TIME,datetime,8,23,3,YES,NO,NO
V_TASK,40,REMINDER,smallint,2,5,0,YES,NO,NO
V_TASK,42,CATALOG_ID,nvarchar,30,0,0,YES,NO,NO
V_TASK,43,EVENT_ID,nvarchar,30,0,0,YES,NO,NO
V_TASK,44,COMMENTS_BIN,ntext,16,0,0,YES,NO,NO
V_TASK,45,REL_NO,int,4,10,0,NO,NO,NO
V_TASK,46,CUSTOMER_ID,nvarchar,30,0,0,YES,NO,NO
V_TASK,47,VENDOR_ID,nvarchar,30,0,0,YES,NO,NO
V_TASK,48,PART_ID,nvarchar,60,0,0,YES,NO,NO
V_TASK,49,VE_CONT_ID,nvarchar,50,0,0,YES,NO,NO
V_TASK,50,SERVICE_ID,nvarchar,30,0,0,YES,NO,NO
V_TASK,51,BANK_ACCOUNT_ID,nvarchar,30,0,0,YES,NO,NO
V_TASK,52,CONTROL_NO,smallint,2,5,0,YES,NO,NO
V_TASK,53,ACTIVITY_TYPE_ID,nvarchar,30,0,0,YES,NO,NO
V_TASK,54,SITE_ID,nvarchar,30,0,0,YES,NO,NO
V_TASK,55,USER_1,nvarchar,160,0,0,YES,NO,NO
V_TASK,56,USER_2,nvarchar,160,0,0,YES,NO,NO
V_TASK,57,USER_3,nvarchar,160,0,0,YES,NO,NO
V_TASK,58,USER_4,nvarchar,160,0,0,YES,NO,NO
V_TASK,59,USER_5,nvarchar,160,0,0,YES,NO,NO
V_TASK,60,USER_6,nvarchar,160,0,0,YES,NO,NO
V_TASK,61,USER_7,nvarchar,160,0,0,YES,NO,NO
V_TASK,62,USER_8,nvarchar,160,0,0,YES,NO,NO
V_TASK,63,USER_9,nvarchar,160,0,0,YES,NO,NO
V_TASK,64,USER_10,nvarchar,160,0,0,YES,NO,NO
V_TASK,65,UDF_LAYOUT_ID,nvarchar,30,0,0,YES,NO,NO
V_TASK,67,COMMENTS,nvarchar,4000,0,0,YES,NO,NO
V_TASK,68,ROWID,int,4,10,0,NO,YES,NO
V_TASK_ACTIVITY_TYPE,1,ID,nvarchar,30,0,0,NO,NO,NO
V_TASK_ACTIVITY_TYPE,2,DESCRIPTION,nvarchar,100,0,0,YES,NO,NO
V_TASK_ACTIVITY_TYPE,3,CREATE_DATE,datetime,8,23,3,YES,NO,NO
V_TASK_ACTIVITY_TYPE,4,ROWID,int,4,10,0,NO,YES,NO
V_TASK_BINARY,1,TASK_ID,nvarchar,30,0,0,NO,NO,NO
V_TASK_BINARY,2,TYPE,nvarchar,6,0,0,NO,NO,NO
V_TASK_BINARY,3,BITS_LENGTH,int,4,10,0,NO,NO,NO
V_TASK_BINARY,4,LAST_MODIFIED,datetime,8,23,3,YES,NO,NO
V_TASK_BINARY,5,LAST_USER,nvarchar,40,0,0,YES,NO,NO
V_TASK_BINARY,6,BITS,image,16,0,0,YES,NO,NO
V_TASK_BINARY,7,CREATE_DATE,datetime,8,23,3,YES,NO,NO
V_TASK_CATEGORY,1,ID,nvarchar,30,0,0,NO,NO,NO
V_TASK_CATEGORY,2,DESCRIPTION,nvarchar,100,0,0,YES,NO,NO
V_TASK_CATEGORY,3,KEYWORD_ID,nvarchar,30,0,0,YES,NO,NO
V_TASK_CATEGORY,4,LAST_MODIFIED,datetime,8,23,3,YES,NO,NO
V_TASK_CATEGORY,5,LAST_USER,nvarchar,40,0,0,YES,NO,NO
V_TASK_CATEGORY,6,NEWONCOMPLETE,smallint,2,5,0,YES,NO,NO
V_TASK_CATEGORY,7,RECORDHISTORY,smallint,2,5,0,YES,NO,NO
V_TASK_CATEGORY,8,CREATE_DATE,datetime,8,23,3,YES,NO,NO
V_TASK_CATEGORY,9,ROWID,int,4,10,0,NO,YES,NO
V_TASK_CONTACT,1,TASK_ID,nvarchar,30,0,0,NO,NO,NO
V_TASK_CONTACT,2,CONTACT_ID,nvarchar,50,0,0,NO,NO,NO
V_TASK_CONTACT,3,LAST_MODIFIED,datetime,8,23,3,YES,NO,NO
V_TASK_CONTACT,4,LAST_USER,nvarchar,40,0,0,YES,NO,NO
V_TASK_CONTACT,5,PRIMARY_CONTACT,smallint,2,5,0,YES,NO,NO
V_TASK_CONTACT,6,CREATE_DATE,datetime,8,23,3,YES,NO,NO
V_USER,1,ID,nvarchar,40,0,0,NO,NO,NO
V_USER,2,TYPE,nvarchar,30,0,0,YES,NO,NO
V_USER,3,EMP_ID,nvarchar,30,0,0,YES,NO,NO
V_USER,4,LAST_MODIFIED,datetime,8,23,3,YES,NO,NO
V_USER,5,LAST_USER,nvarchar,40,0,0,YES,NO,NO
V_USER,6,CREATOR,nvarchar,40,0,0,YES,NO,NO
V_USER,7,CREATE_DATE,datetime,8,23,3,YES,NO,NO
V_USER_AUTH,1,USER_ID,nvarchar,30,0,0,NO,NO,NO
V_USER_AUTH,2,PROCESS,nvarchar,30,0,0,NO,NO,NO
V_USER_AUTH,3,ACCESS_LEVEL,nvarchar,24,0,0,NO,NO,NO
V_USER_AUTH,4,DESCRIPTION,nvarchar,100,0,0,YES,NO,NO
V_USER_AUTH,5,LAST_MODIFIED,datetime,8,23,3,YES,NO,NO
V_USER_AUTH,6,LAST_USER,nvarchar,40,0,0,YES,NO,NO
V_USER_AUTH,7,CREATE_DATE,datetime,8,23,3,YES,NO,NO
V_USER_DEF_LIST,1,BUS_TYPE,smallint,2,5,0,NO,NO,NO
V_USER_DEF_LIST,2,FIELD_NAME,nvarchar,80,0,0,NO,NO,NO
V_USER_DEF_LIST,3,CODE,nvarchar,30,0,0,NO,NO,NO
V_USER_DEF_LIST,4,DESCRIPTION,nvarchar,100,0,0,YES,NO,NO
V_USER_DEF_LIST,5,LAST_MODIFIED,datetime,8,23,3,YES,NO,NO
V_USER_DEF_LIST,6,LAST_USER,nvarchar,40,0,0,YES,NO,NO
V_USER_DEF_LIST,7,CREATE_DATE,datetime,8,23,3,YES,NO,NO
V_USER_DEFINED,1,BUS_TYPE,smallint,2,5,0,NO,NO,NO
V_USER_DEFINED,2,FIELD_NAME,nvarchar,80,0,0,NO,NO,NO
V_USER_DEFINED,3,TABLE_NAME,nvarchar,36,0,0,NO,NO,NO
V_USER_DEFINED,4,AVAILABLE_TO_GRID,smallint,2,5,0,YES,NO,NO
V_USER_DEFINED,5,CAPTION,nvarchar,50,0,0,YES,NO,NO
V_USER_DEFINED,6,FORMAT,nvarchar,50,0,0,YES,NO,NO
V_USER_DEFINED,7,FIELD_LENGTH,int,4,10,0,YES,NO,NO
V_USER_DEFINED,8,FIELD_POSITION,int,4,10,0,YES,NO,NO
V_USER_DEFINED,9,LAST_MODIFIED,datetime,8,23,3,YES,NO,NO
V_USER_DEFINED,10,LAST_USER,nvarchar,40,0,0,YES,NO,NO
V_USER_DEFINED,11,USE_LIST,smallint,2,5,0,YES,NO,NO
V_USER_DEFINED,12,CONSTRAIN_LIST,smallint,2,5,0,YES,NO,NO
V_USER_DEFINED,13,CREATE_DATE,datetime,8,23,3,YES,NO,NO
V_USER_SALESREP,1,USER_ID,nvarchar,40,0,0,NO,NO,NO
V_USER_SALESREP,2,SALESREP_ID,nvarchar,30,0,0,NO,NO,NO
V_USER_SALESREP,3,LAST_USER,nvarchar,40,0,0,YES,NO,NO
V_USER_SALESREP,4,LAST_MODIFIED,datetime,8,23,3,YES,NO,NO
V_USER_TYPE,1,ID,nvarchar,30,0,0,NO,NO,NO
V_USER_TYPE,2,DESCRIPTION,nvarchar,100,0,0,YES,NO,NO
V_USER_TYPE,3,LAST_MODIFIED,datetime,8,23,3,YES,NO,NO
V_USER_TYPE,4,LAST_USER,nvarchar,40,0,0,YES,NO,NO
V_USER_TYPE,5,CREATE_DATE,datetime,8,23,3,YES,NO,NO
V_VERSION,1,DB_VERSION,nvarchar,100,0,0,NO,NO,NO
V_VERSION,2,COMPANY,nvarchar,200,0,0,NO,NO,NO
V_VERSION,3,COMMENTS,nvarchar,508,0,0,YES,NO,NO
V_VERSION,4,LAST_MODIFIED,datetime,8,23,3,YES,NO,NO
V_VERSION,5,LAST_USER,nvarchar,40,0,0,YES,NO,NO
V_VERSION,6,SERIAL_NUMBER,nvarchar,50,0,0,YES,NO,NO
V_VERSION,7,SYNC_MACHINE_ID,nvarchar,30,0,0,YES,NO,NO
V_VERSION,8,UPGRADE_ACTION_REQ,smallint,2,5,0,YES,NO,NO
V_VERSION,9,BOI_DATE_RUN,datetime,8,23,3,YES,NO,NO
V_VERSION,10,BOI_COUNT,smallint,2,5,0,YES,NO,NO
V_VERSION,11,SYNC_CLIENT_SN,nvarchar,50,0,0,YES,NO,NO
VAT,1,ROWID,int,4,10,0,NO,YES,NO
VAT,2,CODE,nvarchar,30,0,0,NO,NO,NO
VAT,3,DESCRIPTION,nvarchar,80,0,0,YES,NO,NO
VAT,4,TAX_PERCENT,decimal,5,6,3,NO,NO,NO
VAT,5,TAX_RCV_PERCENT,decimal,5,6,3,NO,NO,NO
VAT,6,TAX_GL_ACCT_ID,nvarchar,60,0,0,YES,NO,NO
VAT,7,TAX_RCV_GL_ACCT_ID,nvarchar,60,0,0,YES,NO,NO
VAT,8,effective_date,datetime,8,23,3,NO,NO,NO
VAT,9,TYPE,nchar,2,0,0,NO,NO,NO
VAT,10,TAX_IE_PERCENT,decimal,5,6,3,YES,NO,NO
VAT,11,TAX_IE_DR_GL_ACCT_ID,nvarchar,60,0,0,YES,NO,NO
VAT,12,TAX_IE_CR_GL_ACCT_ID,nvarchar,60,0,0,YES,NO,NO
VAT_BOOK,1,ROWID,int,4,10,0,NO,YES,NO
VAT_BOOK,2,CODE,nvarchar,10,0,0,NO,NO,NO
VAT_BOOK,3,YEAR,int,4,10,0,NO,NO,NO
VAT_BOOK,4,DESCRIPTION,nvarchar,80,0,0,YES,NO,NO
VAT_BOOK,5,AR_INVOICES,nchar,2,0,0,NO,NO,NO
VAT_BOOK,6,AR_MEMOS,nchar,2,0,0,NO,NO,NO
VAT_BOOK,7,AP_INVOICES,nchar,2,0,0,NO,NO,NO
VAT_BOOK,8,AP_MEMOS,nchar,2,0,0,NO,NO,NO
VAT_BOOK,9,REPORT_TYPE,nchar,4,0,0,NO,NO,NO
VAT_BOOK,10,ALPHA_PREFIX,nvarchar,8,0,0,YES,NO,NO
VAT_BOOK,11,START_NUMBER,int,4,10,0,YES,NO,NO
VAT_BOOK,12,NEXT_NUMBER,int,4,10,0,YES,NO,NO
VAT_BOOK,13,ALPHA_SUFFIX,nvarchar,8,0,0,YES,NO,NO
VAT_BOOK,14,LEADING_ZEROS,nchar,2,0,0,NO,NO,NO
VAT_BOOK,15,DECIMAL_PLACES,smallint,2,5,0,YES,NO,NO
VAT_BOOK,16,CURR_POSTING_DATE,datetime,8,23,3,YES,NO,NO
VAT_BOOK,17,ENTITY_ID,nvarchar,30,0,0,NO,NO,NO
VAT_CATEGORY,1,ROWID,int,4,10,0,NO,YES,NO
VAT_CATEGORY,2,id,nvarchar,30,0,0,NO,NO,NO
VAT_CATEGORY,3,category_type,nvarchar,2,0,0,NO,NO,NO
VAT_CATEGORY,4,description,nvarchar,80,0,0,YES,NO,NO
VEND_BANK_ACCOUNT,1,ROWID,int,4,10,0,NO,YES,NO
VEND_BANK_ACCOUNT,2,ID,nvarchar,30,0,0,NO,NO,NO
VEND_BANK_ACCOUNT,3,DESCRIPTION,nvarchar,60,0,0,YES,NO,NO
VEND_BANK_ACCOUNT,4,BANK_ID,nvarchar,20,0,0,YES,NO,NO
VEND_BANK_ACCOUNT,5,ACCOUNT_NO,nvarchar,60,0,0,YES,NO,NO
VEND_BANK_ACCOUNT,6,ACCOUNT_TYPE,nvarchar,4,0,0,YES,NO,NO
VEND_BANK_ACCOUNT,7,BRANCH_ID,nvarchar,20,0,0,YES,NO,NO
VEND_BANK_ACCOUNT,8,BANK_NAME,nvarchar,100,0,0,YES,NO,NO
VEND_BANK_ACCOUNT,9,BANK_ADDR_1,nvarchar,100,0,0,YES,NO,NO
VEND_BANK_ACCOUNT,10,BANK_ADDR_2,nvarchar,100,0,0,YES,NO,NO
VEND_BANK_ACCOUNT,11,BANK_ADDR_3,nvarchar,100,0,0,YES,NO,NO
VEND_BANK_ACCOUNT,12,BANK_CITY,nvarchar,60,0,0,YES,NO,NO
VEND_BANK_ACCOUNT,13,BANK_ZIPCODE,nvarchar,20,0,0,YES,NO,NO
VEND_BANK_ACCOUNT,14,BANK_STATE,nvarchar,20,0,0,YES,NO,NO
VEND_BANK_ACCOUNT,15,BANK_COUNTRY,nvarchar,100,0,0,YES,NO,NO
VEND_BANK_ACCOUNT,16,IBAN,nvarchar,80,0,0,YES,NO,NO
VEND_BANK_ACCOUNT,17,BIC,nvarchar,30,0,0,YES,NO,NO
VEND_BANK_ACCOUNT,18,XML_PAY_EXPORT,nvarchar,2,0,0,YES,NO,NO
VEND_BANK_ACCOUNT,19,BANK_COUNTRY_ID,nvarchar,30,0,0,YES,NO,NO
VEND_CONT_EML_DOC,1,ROWID,int,4,10,0,NO,YES,NO
VEND_CONT_EML_DOC,2,VENDOR_ID,nvarchar,30,0,0,NO,NO,NO
VEND_CONT_EML_DOC,3,CONTACT_NO,smallint,2,5,0,NO,NO,NO
VEND_CONT_EML_DOC,4,DOCUMENT_TYPE,nvarchar,6,0,0,NO,NO,NO
VEND_CONT_EML_DOC,5,CONTACT_ID,nvarchar,50,0,0,YES,NO,NO
VEND_CONT_EML_DOC,6,SITE_ID,nvarchar,30,0,0,YES,NO,NO
VEND_CONT_EML_DOC,7,CONTACT_EMAIL,nvarchar,100,0,0,YES,NO,NO
VEND_CONTACT,1,VENDOR_ID,nvarchar,30,0,0,NO,NO,NO
VEND_CONTACT,2,CONTACT_NO,smallint,2,5,0,YES,NO,NO
VEND_CONTACT,3,CONTACT_ID,nvarchar,50,0,0,NO,NO,NO
VEND_CONTACT,4,PRIMARY_CONTACT,nchar,2,0,0,NO,NO,NO
VEND_CONTACT,5,ROWID,int,4,10,0,NO,YES,NO
VEND_GROUP_RELATION,1,ROWID,int,4,10,0,NO,YES,NO
VEND_GROUP_RELATION,2,GROUP_ID,nvarchar,30,0,0,NO,NO,NO
VEND_GROUP_RELATION,3,VENDOR_ID,nvarchar,30,0,0,NO,NO,NO
VENDOR,1,ROWID,int,4,10,0,NO,YES,NO
VENDOR,2,ID,nvarchar,30,0,0,NO,NO,NO
VENDOR,3,NAME,nvarchar,100,0,0,YES,NO,NO
VENDOR,4,ADDR_1,nvarchar,100,0,0,YES,NO,NO
VENDOR,5,ADDR_2,nvarchar,100,0,0,YES,NO,NO
VENDOR,6,ADDR_3,nvarchar,100,0,0,YES,NO,NO
VENDOR,7,CITY,nvarchar,60,0,0,YES,NO,NO
VENDOR,8,STATE,nvarchar,20,0,0,YES,NO,NO
VENDOR,9,ZIPCODE,nvarchar,20,0,0,YES,NO,NO
VENDOR,10,COUNTRY,nvarchar,100,0,0,YES,NO,NO
VENDOR,11,CONTACT_FIRST_NAME,nvarchar,60,0,0,YES,NO,NO
VENDOR,12,CONTACT_LAST_NAME,nvarchar,60,0,0,YES,NO,NO
VENDOR,13,CONTACT_INITIAL,nvarchar,4,0,0,YES,NO,NO
VENDOR,14,CONTACT_POSITION,nvarchar,100,0,0,YES,NO,NO
VENDOR,15,CONTACT_HONORIFIC,nvarchar,30,0,0,YES,NO,NO
VENDOR,16,CONTACT_SALUTATION,nvarchar,120,0,0,YES,NO,NO
VENDOR,17,CONTACT_PHONE,nvarchar,40,0,0,YES,NO,NO
VENDOR,18,CONTACT_FAX,nvarchar,40,0,0,YES,NO,NO
VENDOR,19,REMIT_TO_NAME,nvarchar,100,0,0,YES,NO,NO
VENDOR,20,REMIT_TO_ADDR_1,nvarchar,100,0,0,YES,NO,NO
VENDOR,21,REMIT_TO_ADDR_2,nvarchar,100,0,0,YES,NO,NO
VENDOR,22,REMIT_TO_ADDR_3,nvarchar,100,0,0,YES,NO,NO
VENDOR,23,REMIT_TO_CITY,nvarchar,60,0,0,YES,NO,NO
VENDOR,24,REMIT_TO_STATE,nvarchar,20,0,0,YES,NO,NO
VENDOR,25,REMIT_TO_ZIPCODE,nvarchar,20,0,0,YES,NO,NO
VENDOR,26,REMIT_TO_COUNTRY,nvarchar,100,0,0,YES,NO,NO
VENDOR,27,FREE_ON_BOARD,nvarchar,50,0,0,YES,NO,NO
VENDOR,28,SHIP_VIA,nvarchar,80,0,0,YES,NO,NO
VENDOR,29,BUYER,nvarchar,40,0,0,YES,NO,NO
VENDOR,30,REPORT_1099_MISC,nchar,2,0,0,NO,NO,NO
VENDOR,31,TERMS_NET_TYPE,nchar,2,0,0,NO,NO,NO
VENDOR,32,TERMS_NET_DAYS,smallint,2,5,0,YES,NO,NO
VENDOR,33,TERMS_NET_DATE,datetime,8,23,3,YES,NO,NO
VENDOR,34,TERMS_DISC_TYPE,nchar,2,0,0,NO,NO,NO
VENDOR,35,TERMS_DISC_DAYS,smallint,2,5,0,YES,NO,NO
VENDOR,36,TERMS_DISC_DATE,datetime,8,23,3,YES,NO,NO
VENDOR,37,TERMS_DISC_PERCENT,decimal,5,5,3,YES,NO,NO
VENDOR,38,TERMS_DESCRIPTION,nvarchar,160,0,0,YES,NO,NO
VENDOR,39,CURRENCY_ID,nvarchar,30,0,0,NO,NO,NO
VENDOR,40,TAX_ID_NUMBER,nvarchar,50,0,0,YES,NO,NO
VENDOR,41,SITE_ID,nvarchar,30,0,0,YES,NO,NO
VENDOR,42,DEF_EXP_GL_ACCT_ID,nvarchar,60,0,0,YES,NO,NO
VENDOR,43,DEF_SLS_TAX_GRP_ID,nvarchar,60,0,0,YES,NO,NO
VENDOR,44,MATCH_TYPE,nchar,2,0,0,NO,NO,NO
VENDOR,45,MATCH_HIGH_PCT,decimal,5,6,3,YES,NO,NO
VENDOR,46,MATCH_LOW_PCT,decimal,5,6,3,YES,NO,NO
VENDOR,47,LAST_ORDER_DATE,datetime,8,23,3,YES,NO,NO
VENDOR,48,OPEN_DATE,datetime,8,23,3,YES,NO,NO
VENDOR,49,MODIFY_DATE,datetime,8,23,3,YES,NO,NO
VENDOR,54,USER_1,nvarchar,160,0,0,YES,NO,NO
VENDOR,55,USER_2,nvarchar,160,0,0,YES,NO,NO
VENDOR,56,USER_3,nvarchar,160,0,0,YES,NO,NO
VENDOR,57,USER_4,nvarchar,160,0,0,YES,NO,NO
VENDOR,58,USER_5,nvarchar,160,0,0,YES,NO,NO
VENDOR,59,USER_6,nvarchar,160,0,0,YES,NO,NO
VENDOR,60,USER_7,nvarchar,160,0,0,YES,NO,NO
VENDOR,61,USER_8,nvarchar,160,0,0,YES,NO,NO
VENDOR,62,USER_9,nvarchar,160,0,0,YES,NO,NO
VENDOR,63,USER_10,nvarchar,160,0,0,YES,NO,NO
VENDOR,64,DEF_PAYB_ACCT_ID,nvarchar,60,0,0,YES,NO,NO
VENDOR,65,UDF_LAYOUT_ID,nvarchar,30,0,0,YES,NO,NO
VENDOR,66,ARRIVAL_CODE,nvarchar,50,0,0,YES,NO,NO
VENDOR,67,TRANS_CODE,nvarchar,50,0,0,YES,NO,NO
VENDOR,68,COUNTRY_ID,nvarchar,30,0,0,YES,NO,NO
VENDOR,69,NATURE_OF_TRANS,int,4,10,0,YES,NO,NO
VENDOR,70,MODE_OF_TRANSPORT,int,4,10,0,YES,NO,NO
VENDOR,71,SIRET_NUMBER,decimal,9,14,0,YES,NO,NO
VENDOR,72,VAT_REGISTRATION,nvarchar,50,0,0,YES,NO,NO
VENDOR,73,VAT_BOOK_CODE_I,nvarchar,10,0,0,YES,NO,NO
VENDOR,74,VAT_BOOK_CODE_M,nvarchar,10,0,0,YES,NO,NO
VENDOR,75,VAT_EXEMPT,nchar,2,0,0,YES,NO,NO
VENDOR,76,WITHHOLDING_CODE,nvarchar,30,0,0,YES,NO,NO
VENDOR,77,VEND_BANK_ACCT_ID,nvarchar,60,0,0,YES,NO,NO
VENDOR,78,PAYEE_REF_CODE,nvarchar,20,0,0,YES,NO,NO
VENDOR,79,PAYMENT_METHOD,nchar,2,0,0,NO,NO,NO
VENDOR,80,TYPE,nchar,2,0,0,YES,NO,NO
VENDOR,81,SOCIAL_SECURITY_NO,nvarchar,30,0,0,YES,NO,NO
VENDOR,82,DATE_OF_BIRTH,datetime,8,23,3,YES,NO,NO
VENDOR,83,SEX,nchar,2,0,0,YES,NO,NO
VENDOR,84,PLACE_OF_BIRTH,nvarchar,60,0,0,YES,NO,NO
VENDOR,85,STATE_OF_BIRTH,nvarchar,20,0,0,YES,NO,NO
VENDOR,86,PRIORITY,smallint,2,5,0,YES,NO,NO
VENDOR,87,DEF_EXP_ACCT_ID,nvarchar,60,0,0,YES,NO,NO
VENDOR,88,QA_PERCENTAGE,decimal,5,5,2,YES,NO,NO
VENDOR,89,PREF_ORDER_MEDIUM,nvarchar,30,0,0,YES,NO,NO
VENDOR,90,DEF_CARRIER_ID,nvarchar,30,0,0,YES,NO,NO
VENDOR,91,CONTACT_MOBILE,nvarchar,40,0,0,YES,NO,NO
VENDOR,92,CONTACT_EMAIL,nvarchar,100,0,0,YES,NO,NO
VENDOR,93,DEF_TRANS_CURRENCY,nvarchar,30,0,0,YES,NO,NO
VENDOR,94,DEF_LBL_FORMAT_ID,nvarchar,60,0,0,YES,NO,NO
VENDOR,95,vat_discounted,nvarchar,2,0,0,NO,NO,NO
VENDOR,96,vat_always_disc,nvarchar,2,0,0,NO,NO,NO
VENDOR,97,vat_code,nvarchar,30,0,0,YES,NO,NO
VENDOR,98,vat_override_seq,nvarchar,2,0,0,NO,NO,NO
VENDOR,99,return_trans,int,4,10,0,YES,NO,NO
VENDOR,100,WEB_URL,nvarchar,510,0,0,YES,NO,NO
VENDOR,101,SHIPTO_ID,nvarchar,40,0,0,YES,NO,NO
VENDOR,102,DISPATCH_ADDR_ID,nvarchar,40,0,0,YES,NO,NO
VENDOR,103,DISP_PALLET_REQ,nchar,2,0,0,YES,NO,NO
VENDOR,104,ACTIVE_FLAG,nchar,2,0,0,YES,NO,NO
VENDOR,105,STATUS_EFF_DATE,datetime,8,23,3,NO,NO,NO
VENDOR,106,DEF_TERMS_ID,nvarchar,30,0,0,YES,NO,NO
VENDOR,107,VENDOR_GROUP_ID,nvarchar,30,0,0,YES,NO,NO
VENDOR,108,INTERNAL_VENDOR,nchar,2,0,0,YES,NO,NO
VENDOR,109,PREVENT_EDIT_PO_RECEIPT,nchar,2,0,0,YES,NO,NO
VENDOR,110,CONTACT_PHONE_EXT,nvarchar,20,0,0,YES,NO,NO
VENDOR,111,EMAIL_VEND_ON_NEW_ORDER,nchar,2,0,0,NO,NO,NO
VENDOR,112,EMAIL_VEND_ON_CHG_ORDER,nchar,2,0,0,NO,NO,NO
VENDOR,113,EMAIL_VEND_ON_PO_RECEIPT,nchar,2,0,0,NO,NO,NO
VENDOR,114,EMAIL_EMPL_ON_NEW_ORDER,nchar,2,0,0,NO,NO,NO
VENDOR,115,EMAIL_EMPL_ON_CHG_ORDER,nchar,2,0,0,NO,NO,NO
VENDOR,116,EMAIL_EMPL_ON_PO_RECEIPT,nchar,2,0,0,NO,NO,NO
VENDOR,117,EMAIL_EMPL_ON_INV_PAID,nchar,2,0,0,NO,NO,NO
VENDOR,118,VENDOR_COUNTRY_ID,nvarchar,30,0,0,YES,NO,NO
VENDOR,119,REMIT_TO_COUNTRY_ID,nvarchar,30,0,0,YES,NO,NO
VENDOR_ADDRESS,1,ROWID,int,4,10,0,NO,YES,NO
VENDOR_ADDRESS,2,VENDOR_ID,nvarchar,30,0,0,NO,NO,NO
VENDOR_ADDRESS,3,ADDR_NO,int,4,10,0,NO,NO,NO
VENDOR_ADDRESS,4,NAME,nvarchar,100,0,0,YES,NO,NO
VENDOR_ADDRESS,5,ADDR_1,nvarchar,100,0,0,YES,NO,NO
VENDOR_ADDRESS,6,ADDR_2,nvarchar,100,0,0,YES,NO,NO
VENDOR_ADDRESS,7,ADDR_3,nvarchar,100,0,0,YES,NO,NO
VENDOR_ADDRESS,8,CITY,nvarchar,60,0,0,YES,NO,NO
VENDOR_ADDRESS,9,STATE,nvarchar,20,0,0,YES,NO,NO
VENDOR_ADDRESS,10,ZIPCODE,nvarchar,20,0,0,YES,NO,NO
VENDOR_ADDRESS,11,COUNTRY,nvarchar,100,0,0,YES,NO,NO
VENDOR_ADDRESS,12,TRANS_CODE,nvarchar,50,0,0,YES,NO,NO
VENDOR_ADDRESS,13,COUNTRY_ID,nvarchar,30,0,0,YES,NO,NO
VENDOR_ADDRESS,14,VAT_REGISTRATION,nvarchar,50,0,0,YES,NO,NO
VENDOR_ADDRESS,15,DEF_LBL_FORMAT_ID,nvarchar,60,0,0,YES,NO,NO
VENDOR_ADDRESS,16,VAT_CODE,nvarchar,30,0,0,YES,NO,NO
VENDOR_ADDRESS,17,VAT_OVERRIDE_SEQ,nvarchar,2,0,0,YES,NO,NO
VENDOR_ADDRESS,18,DISPATCH_ADDR_ID,nvarchar,40,0,0,YES,NO,NO
VENDOR_ADDRESS,19,CARRIER_ID,nvarchar,40,0,0,YES,NO,NO
VENDOR_ADDRESS,20,DISP_PALLET_REQ,nchar,2,0,0,YES,NO,NO
VENDOR_ADDRESS,21,VENDOR_ADDR_COUNTRY_ID,nvarchar,30,0,0,YES,NO,NO
VENDOR_BANK,1,ROWID,int,4,10,0,NO,YES,NO
VENDOR_BANK,2,VENDOR_ID,nvarchar,30,0,0,NO,NO,NO
VENDOR_BANK,3,BANK_ID,nvarchar,60,0,0,NO,NO,NO
VENDOR_BANK,4,NAME,nvarchar,100,0,0,YES,NO,NO
VENDOR_BANK,5,DESCRIPTION,nvarchar,160,0,0,YES,NO,NO
VENDOR_BANK,6,ADDR_1,nvarchar,100,0,0,YES,NO,NO
VENDOR_BANK,7,ADDR_2,nvarchar,100,0,0,YES,NO,NO
VENDOR_BANK,8,ADDR_3,nvarchar,100,0,0,YES,NO,NO
VENDOR_BANK,9,CITY,nvarchar,60,0,0,YES,NO,NO
VENDOR_BANK,10,STATE,nvarchar,20,0,0,YES,NO,NO
VENDOR_BANK,11,ZIPCODE,nvarchar,20,0,0,YES,NO,NO
VENDOR_BANK,12,COUNTRY,nvarchar,100,0,0,YES,NO,NO
VENDOR_BANK,13,COUNTRY_ID,nvarchar,30,0,0,YES,NO,NO
VENDOR_BANK,14,IBAN,nvarchar,80,0,0,YES,NO,NO
VENDOR_BANK,15,SWIFT,nvarchar,60,0,0,YES,NO,NO
VENDOR_BANK,16,ACCOUNT_NO,nvarchar,60,0,0,YES,NO,NO
VENDOR_BANK,17,BRANCH_ID,nvarchar,30,0,0,YES,NO,NO
VENDOR_BANK,18,IS_DEFAULT,smallint,2,5,0,NO,NO,NO
VENDOR_BANK,19,VENDOR_BANK_COUNTRY_ID,nvarchar,30,0,0,YES,NO,NO
VENDOR_BINARY,1,ROWID,int,4,10,0,NO,YES,NO
VENDOR_BINARY,2,VENDOR_ID,nvarchar,30,0,0,NO,NO,NO
VENDOR_BINARY,3,TYPE,nchar,2,0,0,NO,NO,NO
VENDOR_BINARY,4,BITS,image,16,0,0,YES,NO,NO
VENDOR_BINARY,5,BITS_LENGTH,int,4,10,0,NO,NO,NO
VENDOR_BUYER,1,ROWID,int,4,10,0,NO,YES,NO
VENDOR_BUYER,2,VENDOR_ID,nvarchar,30,0,0,NO,NO,NO
VENDOR_BUYER,3,BUYER_ID,nvarchar,40,0,0,NO,NO,NO
VENDOR_BUYER,4,EFFECTIVE_DATE,datetime,8,23,3,YES,NO,NO
VENDOR_CALENDAR,1,ROWID,int,4,10,0,NO,YES,NO
VENDOR_CALENDAR,2,VENDOR_ID,nvarchar,30,0,0,NO,NO,NO
VENDOR_CALENDAR,3,SERVICE_ID,nvarchar,30,0,0,YES,NO,NO
VENDOR_CALENDAR,4,START_DATE,datetime,8,23,3,NO,NO,NO
VENDOR_CALENDAR,5,END_DATE,datetime,8,23,3,NO,NO,NO
VENDOR_CALENDAR,6,DAY_PERCENT,smallint,2,5,0,NO,NO,NO
VENDOR_CONTACT,1,ROWID,int,4,10,0,NO,YES,NO
VENDOR_CONTACT,2,VENDOR_ID,nvarchar,30,0,0,NO,NO,NO
VENDOR_CONTACT,3,CONTACT_NO,smallint,2,5,0,NO,NO,NO
VENDOR_CONTACT,4,CONTACT_FIRST_NAME,nvarchar,60,0,0,YES,NO,NO
VENDOR_CONTACT,5,CONTACT_LAST_NAME,nvarchar,60,0,0,YES,NO,NO
VENDOR_CONTACT,6,CONTACT_POSITION,nvarchar,100,0,0,YES,NO,NO
VENDOR_CONTACT,7,CONTACT_INITIAL,nvarchar,4,0,0,YES,NO,NO
VENDOR_CONTACT,8,CONTACT_HONORIFIC,nvarchar,30,0,0,YES,NO,NO
VENDOR_CONTACT,9,CONTACT_PHONE,nvarchar,40,0,0,YES,NO,NO
VENDOR_CONTACT,10,CONTACT_FAX,nvarchar,40,0,0,YES,NO,NO
VENDOR_CONTACT,11,CONTACT_MOBILE,nvarchar,40,0,0,YES,NO,NO
VENDOR_CONTACT,12,CONTACT_EMAIL,nvarchar,100,0,0,YES,NO,NO
VENDOR_ENTITY,1,ROWID,int,4,10,0,NO,YES,NO
VENDOR_ENTITY,2,ENTITY_ID,nvarchar,30,0,0,NO,NO,NO
VENDOR_ENTITY,3,VENDOR_ID,nvarchar,30,0,0,NO,NO,NO
VENDOR_ENTITY,4,TOTAL_OPEN_ORDERS,decimal,13,23,8,NO,NO,NO
VENDOR_ENTITY,5,TOTAL_OPEN_PAYB,decimal,13,23,8,NO,NO,NO
VENDOR_ENTITY,6,OPEN_ORDER_COUNT,int,4,10,0,NO,NO,NO
VENDOR_ENTITY,7,OPEN_PAYB_COUNT,int,4,10,0,NO,NO,NO
VENDOR_GROUP,1,ROWID,int,4,10,0,NO,YES,NO
VENDOR_GROUP,2,ID,nvarchar,30,0,0,NO,NO,NO
VENDOR_GROUP,3,NAME,nvarchar,60,0,0,YES,NO,NO
VENDOR_GROUP,4,REMIT_TO_NAME,nvarchar,100,0,0,YES,NO,NO
VENDOR_GROUP,5,REMIT_TO_ADDR_1,nvarchar,100,0,0,YES,NO,NO
VENDOR_GROUP,6,REMIT_TO_ADDR_2,nvarchar,100,0,0,YES,NO,NO
VENDOR_GROUP,7,REMIT_TO_ADDR_3,nvarchar,100,0,0,YES,NO,NO
VENDOR_GROUP,8,REMIT_TO_CITY,nvarchar,60,0,0,YES,NO,NO
VENDOR_GROUP,9,REMIT_TO_STATE,nvarchar,20,0,0,YES,NO,NO
VENDOR_GROUP,10,REMIT_TO_ZIPCODE,nvarchar,20,0,0,YES,NO,NO
VENDOR_GROUP,11,REMIT_TO_COUNTRY,nvarchar,100,0,0,YES,NO,NO
VENDOR_GROUP,12,MODIFY_DATE,datetime,8,23,3,YES,NO,NO
VENDOR_GROUP,13,REMIT_TO_COUNTRY_ID,nvarchar,30,0,0,YES,NO,NO
VENDOR_PART,1,ROWID,int,4,10,0,NO,YES,NO
VENDOR_PART,2,PART_ID,nvarchar,60,0,0,NO,NO,NO
VENDOR_PART,3,VENDOR_ID,nvarchar,30,0,0,NO,NO,NO
VENDOR_PART,4,VENDOR_PART_ID,nvarchar,60,0,0,YES,NO,NO
VENDOR_PART,5,LONG_DESCRIPTION,image,16,0,0,YES,NO,NO
VENDOR_PART,6,LEADTIME_BUFFER,smallint,2,5,0,YES,NO,NO
VENDOR_PART,7,SITE_ID,nvarchar,30,0,0,NO,NO,NO
VENDOR_QUOTE,1,ROWID,int,4,10,0,NO,YES,NO
VENDOR_QUOTE,2,VENDOR_ID,nvarchar,30,0,0,NO,NO,NO
VENDOR_QUOTE,3,VENDOR_PART_ID,nvarchar,60,0,0,NO,NO,NO
VENDOR_QUOTE,4,MFG_NAME,nvarchar,60,0,0,YES,NO,NO
VENDOR_QUOTE,5,MFG_PART_ID,nvarchar,60,0,0,YES,NO,NO
VENDOR_QUOTE,6,QTY_BREAK_1,decimal,13,20,8,YES,NO,NO
VENDOR_QUOTE,7,QTY_BREAK_2,decimal,13,20,8,YES,NO,NO
VENDOR_QUOTE,8,QTY_BREAK_3,decimal,13,20,8,YES,NO,NO
VENDOR_QUOTE,9,QTY_BREAK_4,decimal,13,20,8,YES,NO,NO
VENDOR_QUOTE,10,QTY_BREAK_5,decimal,13,20,8,YES,NO,NO
VENDOR_QUOTE,11,QTY_BREAK_6,decimal,13,20,8,YES,NO,NO
VENDOR_QUOTE,12,QTY_BREAK_7,decimal,13,20,8,YES,NO,NO
VENDOR_QUOTE,13,QTY_BREAK_8,decimal,13,20,8,YES,NO,NO
VENDOR_QUOTE,14,QTY_BREAK_9,decimal,13,20,8,YES,NO,NO
VENDOR_QUOTE,15,QTY_BREAK_10,decimal,13,20,8,YES,NO,NO
VENDOR_QUOTE,16,UNIT_PRICE_1,decimal,13,22,8,YES,NO,NO
VENDOR_QUOTE,17,UNIT_PRICE_2,decimal,13,22,8,YES,NO,NO
VENDOR_QUOTE,18,UNIT_PRICE_3,decimal,13,22,8,YES,NO,NO
VENDOR_QUOTE,19,UNIT_PRICE_4,decimal,13,22,8,YES,NO,NO
VENDOR_QUOTE,20,UNIT_PRICE_5,decimal,13,22,8,YES,NO,NO
VENDOR_QUOTE,21,UNIT_PRICE_6,decimal,13,22,8,YES,NO,NO
VENDOR_QUOTE,22,UNIT_PRICE_7,decimal,13,22,8,YES,NO,NO
VENDOR_QUOTE,23,UNIT_PRICE_8,decimal,13,22,8,YES,NO,NO
VENDOR_QUOTE,24,UNIT_PRICE_9,decimal,13,22,8,YES,NO,NO
VENDOR_QUOTE,25,UNIT_PRICE_10,decimal,13,22,8,YES,NO,NO
VENDOR_QUOTE,26,DEFAULT_UNIT_PRICE,decimal,13,22,8,NO,NO,NO
VENDOR_QUOTE,27,PURCHASE_UM,nvarchar,30,0,0,YES,NO,NO
VENDOR_QUOTE,28,QUOTE_DATE,datetime,8,23,3,YES,NO,NO
VENDOR_QUOTE,29,LONG_DESCRIPTION,image,16,0,0,YES,NO,NO
VENDOR_QUOTE,30,CURRENCY_ID,nvarchar,30,0,0,NO,NO,NO
VENDOR_QUOTE,31,UNIT_PRICE_CURR_1,decimal,13,22,8,YES,NO,NO
VENDOR_QUOTE,32,UNIT_PRICE_CURR_2,decimal,13,22,8,YES,NO,NO
VENDOR_QUOTE,33,UNIT_PRICE_CURR_3,decimal,13,22,8,YES,NO,NO
VENDOR_QUOTE,34,UNIT_PRICE_CURR_4,decimal,13,22,8,YES,NO,NO
VENDOR_QUOTE,35,UNIT_PRICE_CURR_5,decimal,13,22,8,YES,NO,NO
VENDOR_QUOTE,36,UNIT_PRICE_CURR_6,decimal,13,22,8,YES,NO,NO
VENDOR_QUOTE,37,UNIT_PRICE_CURR_7,decimal,13,22,8,YES,NO,NO
VENDOR_QUOTE,38,UNIT_PRICE_CURR_8,decimal,13,22,8,YES,NO,NO
VENDOR_QUOTE,39,UNIT_PRICE_CURR_9,decimal,13,22,8,YES,NO,NO
VENDOR_QUOTE,40,UNIT_PRICE_CURR_10,decimal,13,22,8,YES,NO,NO
VENDOR_QUOTE,41,DEF_UNIT_PRICE_CURR,decimal,13,22,8,NO,NO,NO
VENDOR_QUOTE,42,CONTRACT_ID,nvarchar,60,0,0,YES,NO,NO
VENDOR_QUOTE,43,CONTRACT_LINE_NO,smallint,2,5,0,YES,NO,NO
VENDOR_QUOTE,44,VENDOR_CLIN,nvarchar,30,0,0,YES,NO,NO
VENDOR_QUOTE,45,EFFECTIVE_DATE,datetime,8,23,3,YES,NO,NO
VENDOR_QUOTE,46,EXPIRATION_DATE,datetime,8,23,3,YES,NO,NO
VENDOR_QUOTE,47,SITE_ID,nvarchar,30,0,0,NO,NO,NO
VENDOR_QUOTE,48,LEADTIME_1,smallint,2,5,0,YES,NO,NO
VENDOR_QUOTE,49,LEADTIME_2,smallint,2,5,0,YES,NO,NO
VENDOR_QUOTE,50,LEADTIME_3,smallint,2,5,0,YES,NO,NO
VENDOR_QUOTE,51,LEADTIME_4,smallint,2,5,0,YES,NO,NO
VENDOR_QUOTE,52,LEADTIME_5,smallint,2,5,0,YES,NO,NO
VENDOR_QUOTE,53,LEADTIME_6,smallint,2,5,0,YES,NO,NO
VENDOR_QUOTE,54,LEADTIME_7,smallint,2,5,0,YES,NO,NO
VENDOR_QUOTE,55,LEADTIME_8,smallint,2,5,0,YES,NO,NO
VENDOR_QUOTE,56,LEADTIME_9,smallint,2,5,0,YES,NO,NO
VENDOR_QUOTE,57,LEADTIME_10,smallint,2,5,0,YES,NO,NO
VENDOR_QUOTE,58,DEFAULT_LEADTIME,smallint,2,5,0,YES,NO,NO
VENDOR_REMIT_ADDR,1,ROWID,int,4,10,0,NO,YES,NO
VENDOR_REMIT_ADDR,2,VENDOR_ID,nvarchar,30,0,0,NO,NO,NO
VENDOR_REMIT_ADDR,3,ADDR_NO,int,4,10,0,NO,NO,NO
VENDOR_REMIT_ADDR,4,NAME,nvarchar,100,0,0,YES,NO,NO
VENDOR_REMIT_ADDR,5,ADDR_1,nvarchar,100,0,0,YES,NO,NO
VENDOR_REMIT_ADDR,6,ADDR_2,nvarchar,100,0,0,YES,NO,NO
VENDOR_REMIT_ADDR,7,ADDR_3,nvarchar,100,0,0,YES,NO,NO
VENDOR_REMIT_ADDR,8,CITY,nvarchar,60,0,0,YES,NO,NO
VENDOR_REMIT_ADDR,9,STATE,nvarchar,20,0,0,YES,NO,NO
VENDOR_REMIT_ADDR,10,ZIPCODE,nvarchar,20,0,0,YES,NO,NO
VENDOR_REMIT_ADDR,11,COUNTRY,nvarchar,100,0,0,YES,NO,NO
VENDOR_REMIT_ADDR,12,VENDOR_REMIT_COUNTRY_ID,nvarchar,30,0,0,YES,NO,NO
VENDOR_SERV_QUOTE,1,ROWID,int,4,10,0,NO,YES,NO
VENDOR_SERV_QUOTE,2,VENDOR_ID,nvarchar,30,0,0,NO,NO,NO
VENDOR_SERV_QUOTE,3,VENDOR_SERVICE_ID,nvarchar,60,0,0,YES,NO,NO
VENDOR_SERV_QUOTE,4,QTY_BREAK_1,decimal,13,20,8,YES,NO,NO
VENDOR_SERV_QUOTE,5,QTY_BREAK_2,decimal,13,20,8,YES,NO,NO
VENDOR_SERV_QUOTE,6,QTY_BREAK_3,decimal,13,20,8,YES,NO,NO
VENDOR_SERV_QUOTE,7,QTY_BREAK_4,decimal,13,20,8,YES,NO,NO
VENDOR_SERV_QUOTE,8,QTY_BREAK_5,decimal,13,20,8,YES,NO,NO
VENDOR_SERV_QUOTE,9,QTY_BREAK_6,decimal,13,20,8,YES,NO,NO
VENDOR_SERV_QUOTE,10,QTY_BREAK_7,decimal,13,20,8,YES,NO,NO
VENDOR_SERV_QUOTE,11,QTY_BREAK_8,decimal,13,20,8,YES,NO,NO
VENDOR_SERV_QUOTE,12,QTY_BREAK_9,decimal,13,20,8,YES,NO,NO
VENDOR_SERV_QUOTE,13,QTY_BREAK_10,decimal,13,20,8,YES,NO,NO
VENDOR_SERV_QUOTE,14,UNIT_PRICE_1,decimal,13,22,8,YES,NO,NO
VENDOR_SERV_QUOTE,15,UNIT_PRICE_2,decimal,13,22,8,YES,NO,NO
VENDOR_SERV_QUOTE,16,UNIT_PRICE_3,decimal,13,22,8,YES,NO,NO
VENDOR_SERV_QUOTE,17,UNIT_PRICE_4,decimal,13,22,8,YES,NO,NO
VENDOR_SERV_QUOTE,18,UNIT_PRICE_5,decimal,13,22,8,YES,NO,NO
VENDOR_SERV_QUOTE,19,UNIT_PRICE_6,decimal,13,22,8,YES,NO,NO
VENDOR_SERV_QUOTE,20,UNIT_PRICE_7,decimal,13,22,8,YES,NO,NO
VENDOR_SERV_QUOTE,21,UNIT_PRICE_8,decimal,13,22,8,YES,NO,NO
VENDOR_SERV_QUOTE,22,UNIT_PRICE_9,decimal,13,22,8,YES,NO,NO
VENDOR_SERV_QUOTE,23,UNIT_PRICE_10,decimal,13,22,8,YES,NO,NO
VENDOR_SERV_QUOTE,24,DEFAULT_UNIT_PRICE,decimal,13,22,8,NO,NO,NO
VENDOR_SERV_QUOTE,25,MINIMUM_CHARGE,decimal,13,23,8,NO,NO,NO
VENDOR_SERV_QUOTE,26,BASE_CHARGE,decimal,13,23,8,NO,NO,NO
VENDOR_SERV_QUOTE,27,PURCHASE_UM,nvarchar,30,0,0,YES,NO,NO
VENDOR_SERV_QUOTE,28,QUOTE_DATE,datetime,8,23,3,YES,NO,NO
VENDOR_SERV_QUOTE,29,LONG_DESCRIPTION,image,16,0,0,YES,NO,NO
VENDOR_SERV_QUOTE,30,CURRENCY_ID,nvarchar,30,0,0,NO,NO,NO
VENDOR_SERV_QUOTE,31,UNIT_PRICE_CURR_1,decimal,13,22,8,YES,NO,NO
VENDOR_SERV_QUOTE,32,UNIT_PRICE_CURR_2,decimal,13,22,8,YES,NO,NO
VENDOR_SERV_QUOTE,33,UNIT_PRICE_CURR_3,decimal,13,22,8,YES,NO,NO
VENDOR_SERV_QUOTE,34,UNIT_PRICE_CURR_4,decimal,13,22,8,YES,NO,NO
VENDOR_SERV_QUOTE,35,UNIT_PRICE_CURR_5,decimal,13,22,8,YES,NO,NO
VENDOR_SERV_QUOTE,36,UNIT_PRICE_CURR_6,decimal,13,22,8,YES,NO,NO
VENDOR_SERV_QUOTE,37,UNIT_PRICE_CURR_7,decimal,13,22,8,YES,NO,NO
VENDOR_SERV_QUOTE,38,UNIT_PRICE_CURR_8,decimal,13,22,8,YES,NO,NO
VENDOR_SERV_QUOTE,39,UNIT_PRICE_CURR_9,decimal,13,22,8,YES,NO,NO
VENDOR_SERV_QUOTE,40,UNIT_PRICE_CURR_10,decimal,13,22,8,YES,NO,NO
VENDOR_SERV_QUOTE,41,DEF_UNIT_PRICE_CURR,decimal,13,22,8,NO,NO,NO
VENDOR_SERV_QUOTE,42,CONTRACT_ID,nvarchar,60,0,0,YES,NO,NO
VENDOR_SERV_QUOTE,43,CONTRACT_LINE_NO,smallint,2,5,0,YES,NO,NO
VENDOR_SERV_QUOTE,44,VENDOR_CLIN,nvarchar,30,0,0,YES,NO,NO
VENDOR_SERV_QUOTE,45,EFFECTIVE_DATE,datetime,8,23,3,YES,NO,NO
VENDOR_SERV_QUOTE,46,EXPIRATION_DATE,datetime,8,23,3,YES,NO,NO
VENDOR_SERV_QUOTE,47,SITE_ID,nvarchar,30,0,0,NO,NO,NO
VENDOR_SERV_QUOTE,48,LEADTIME_1,smallint,2,5,0,YES,NO,NO
VENDOR_SERV_QUOTE,49,LEADTIME_2,smallint,2,5,0,YES,NO,NO
VENDOR_SERV_QUOTE,50,LEADTIME_3,smallint,2,5,0,YES,NO,NO
VENDOR_SERV_QUOTE,51,LEADTIME_4,smallint,2,5,0,YES,NO,NO
VENDOR_SERV_QUOTE,52,LEADTIME_5,smallint,2,5,0,YES,NO,NO
VENDOR_SERV_QUOTE,53,LEADTIME_6,smallint,2,5,0,YES,NO,NO
VENDOR_SERV_QUOTE,54,LEADTIME_7,smallint,2,5,0,YES,NO,NO
VENDOR_SERV_QUOTE,55,LEADTIME_8,smallint,2,5,0,YES,NO,NO
VENDOR_SERV_QUOTE,56,LEADTIME_9,smallint,2,5,0,YES,NO,NO
VENDOR_SERV_QUOTE,57,LEADTIME_10,smallint,2,5,0,YES,NO,NO
VENDOR_SERV_QUOTE,58,DEFAULT_LEADTIME,smallint,2,5,0,YES,NO,NO
VENDOR_SERVICE,1,ROWID,int,4,10,0,NO,YES,NO
VENDOR_SERVICE,2,SERVICE_ID,nvarchar,30,0,0,NO,NO,NO
VENDOR_SERVICE,3,VENDOR_ID,nvarchar,30,0,0,NO,NO,NO
VENDOR_SERVICE,4,VENDOR_SERVICE_ID,nvarchar,60,0,0,YES,NO,NO
VENDOR_SERVICE,5,DESCRIPTION,nvarchar,80,0,0,YES,NO,NO
VENDOR_SERVICE,6,EST_COST_PER_UNIT,decimal,13,22,8,NO,NO,NO
VENDOR_SERVICE,7,EST_MIN_CHARGE,decimal,13,23,8,NO,NO,NO
VENDOR_SERVICE,8,EST_BASE_CHARGE,decimal,13,23,8,NO,NO,NO
VENDOR_SERVICE,9,VAT_CODE,nvarchar,30,0,0,YES,NO,NO
VENDOR_SERVICE,10,SCHEDULE_RANK,smallint,2,5,0,YES,NO,NO
VENDOR_SERVICE,11,RUN,decimal,13,20,8,YES,NO,NO
VENDOR_SERVICE,12,RUN_TYPE,nvarchar,30,0,0,YES,NO,NO
VENDOR_SERVICE,13,LOAD_SIZE_QTY,decimal,13,20,8,YES,NO,NO
VENDOR_SERVICE,14,TRANSIT_DAYS,decimal,5,6,3,YES,NO,NO
VENDOR_SERVICE,15,PURCHASE_UM,nvarchar,30,0,0,YES,NO,NO
VENDOR_SERVICE,16,LONG_DESCRIPTION,image,16,0,0,YES,NO,NO
VENDOR_SERVICE,17,SITE_ID,nvarchar,30,0,0,NO,NO,NO
VENDOR_SYNC,1,ROWID,int,4,10,0,NO,YES,NO
VENDOR_SYNC,2,EVENT_ID,int,4,10,0,NO,NO,NO
VENDOR_SYNC,3,TYPE,nchar,2,0,0,NO,NO,NO
VENDOR_SYNC,4,CREATE_DATE,datetime,8,23,3,NO,NO,NO
VENDOR_SYNC,5,VENDOR_ID,nvarchar,60,0,0,NO,NO,NO
VENDOR_SYNC,6,EXCEPTION,nchar,2,0,0,NO,NO,NO
VENDOR_SYNC,7,SUBSCRIPTIONS,int,4,10,0,NO,NO,NO
VENDOR_WEEK,1,ROWID,int,4,10,0,NO,YES,NO
VENDOR_WEEK,2,VENDOR_ID,nvarchar,30,0,0,NO,NO,NO
VENDOR_WEEK,3,SERVICE_ID,nvarchar,30,0,0,YES,NO,NO
VENDOR_WEEK,4,DAY_OF_WEEK,smallint,2,5,0,NO,NO,NO
VENDOR_WEEK,5,DAY_PERCENT,smallint,2,5,0,NO,NO,NO
VMDI_ACK_CODES,1,ROWID,int,4,10,0,NO,YES,NO
VMDI_ACK_CODES,2,ACK_ID,nvarchar,30,0,0,NO,NO,NO
VMDI_ACK_CODES,3,DESCRIPTION,nvarchar,80,0,0,YES,NO,NO
VMDI_ASSOC,1,ROWID,int,4,10,0,NO,YES,NO
VMDI_ASSOC,2,LAYOUT_KEY,nchar,6,0,0,NO,NO,NO
VMDI_ASSOC,3,LAYOUT_VERSION,nchar,8,0,0,NO,NO,NO
VMDI_ASSOC,4,LAYOUT_DIRECTION,nchar,2,0,0,NO,NO,NO
VMDI_ASSOC,5,TABLE_NAME,nvarchar,36,0,0,NO,NO,NO
VMDI_ASSOC,6,TABLE_KEY,nvarchar,120,0,0,NO,NO,NO
VMDI_CSH_HDR,1,ROWID,int,4,10,0,NO,YES,NO
VMDI_CSH_HDR,2,PENDING_ID,int,4,10,0,NO,NO,NO
VMDI_CSH_HDR,3,PENDING_FLAG,nchar,2,0,0,NO,NO,NO
VMDI_CSH_HDR,4,TRANSACTION_DATE,datetime,8,23,3,NO,NO,NO
VMDI_CSH_HDR,5,CUSTOMER_ID,nvarchar,30,0,0,NO,NO,NO
VMDI_CSH_HDR,6,CHECK_ID,nvarchar,60,0,0,NO,NO,NO
VMDI_CSH_HDR,7,BANK_ID,nvarchar,20,0,0,YES,NO,NO
VMDI_CSH_HDR,8,ACCOUNT_NO,nvarchar,60,0,0,YES,NO,NO
VMDI_CSH_HDR,9,ROUTING_NO,nvarchar,70,0,0,YES,NO,NO
VMDI_CSH_HDR,10,CHECK_DATE,datetime,8,23,3,NO,NO,NO
VMDI_CSH_HDR,11,CURRENCY_ID,nvarchar,30,0,0,YES,NO,NO
VMDI_CSH_HDR,12,ISO_CURRENCY_CD,nvarchar,10,0,0,YES,NO,NO
VMDI_CSH_HDR,13,BANK_ACCOUNT_ID,nvarchar,20,0,0,YES,NO,NO
VMDI_CSH_HDR,14,SITE_ID,nvarchar,30,0,0,YES,NO,NO
VMDI_CSH_HDR,15,SELL_RATE,decimal,9,15,8,YES,NO,NO
VMDI_CSH_HDR,16,BUY_RATE,decimal,9,15,8,YES,NO,NO
VMDI_CSH_HDR,17,DEPOSIT_ID,nvarchar,30,0,0,YES,NO,NO
VMDI_CSH_HDR,18,AMOUNT,decimal,13,23,8,YES,NO,NO
VMDI_CSH_LINE,1,ROWID,int,4,10,0,NO,YES,NO
VMDI_CSH_LINE,2,PENDING_ID,int,4,10,0,NO,NO,NO
VMDI_CSH_LINE,3,PENDING_FLAG,nchar,2,0,0,NO,NO,NO
VMDI_CSH_LINE,4,TRANSACTION_DATE,datetime,8,23,3,NO,NO,NO
VMDI_CSH_LINE,5,CUSTOMER_ID,nvarchar,30,0,0,NO,NO,NO
VMDI_CSH_LINE,6,CHECK_ID,nvarchar,60,0,0,NO,NO,NO
VMDI_CSH_LINE,7,LINE_NO,smallint,2,5,0,NO,NO,NO
VMDI_CSH_LINE,8,INVOICE_ID,nvarchar,30,0,0,YES,NO,NO
VMDI_CSH_LINE,9,PACKLIST_ID,nvarchar,30,0,0,YES,NO,NO
VMDI_CSH_LINE,10,BOL_ID,nvarchar,40,0,0,YES,NO,NO
VMDI_CSH_LINE,11,ASN_ID,nvarchar,40,0,0,YES,NO,NO
VMDI_CSH_LINE,12,DISCOUNT_APPLIED,decimal,13,23,8,NO,NO,NO
VMDI_CSH_LINE,13,REFERENCE,nvarchar,80,0,0,YES,NO,NO
VMDI_CSH_LINE,14,SELL_RATE,decimal,9,15,8,YES,NO,NO
VMDI_CSH_LINE,15,BUY_RATE,decimal,9,15,8,YES,NO,NO
VMDI_CSH_LINE,16,AMOUNT,decimal,13,23,8,YES,NO,NO
VMDI_CSH_LINE,17,GL_ACCOUNT_ID,nvarchar,60,0,0,YES,NO,NO
VMDI_CSH_LINE,18,SITE_ID,nvarchar,30,0,0,YES,NO,NO
VMDI_DATA,1,ROWID,int,4,10,0,NO,YES,NO
VMDI_DATA,2,LAYOUT_KEY,nchar,6,0,0,NO,NO,NO
VMDI_DATA,3,LAYOUT_VERSION,nchar,8,0,0,NO,NO,NO
VMDI_DATA,4,LAYOUT_DIRECTION,nchar,2,0,0,NO,NO,NO
VMDI_DATA,5,SEGMENT_TYPE,nchar,6,0,0,NO,NO,NO
VMDI_DATA,6,TABLE_NAME,nvarchar,36,0,0,NO,NO,NO
VMDI_DATA,7,COLUMN_NAME,nvarchar,60,0,0,NO,NO,NO
VMDI_DATA,8,TYPE,nvarchar,18,0,0,NO,NO,NO
VMDI_DATA,9,LENGTH,smallint,2,5,0,NO,NO,NO
VMDI_DATA,10,SCALE,smallint,2,5,0,NO,NO,NO
VMDI_DATA,11,COLNO,smallint,2,5,0,NO,NO,NO
VMDI_DATA,12,DUPLICATE_CRITERIA,int,4,10,0,YES,NO,NO
VMDI_LAYOUT,1,ROWID,int,4,10,0,NO,YES,NO
VMDI_LAYOUT,2,KEY,nchar,6,0,0,NO,NO,NO
VMDI_LAYOUT,3,VERSION,nchar,8,0,0,NO,NO,NO
VMDI_LAYOUT,4,DIRECTION,nchar,2,0,0,NO,NO,NO
VMDI_LAYOUT,5,OUTPUT_TYPE,nchar,2,0,0,NO,NO,NO
VMDI_LAYOUT,6,INBOUND_RULE,nchar,2,0,0,NO,NO,NO
VMDI_LAYOUT,7,STYLE,nchar,2,0,0,NO,NO,NO
VMDI_LAYOUT,8,FIELD_DELIMITER,nchar,2,0,0,YES,NO,NO
VMDI_LAYOUT,9,RECORD_DELIMITER,nchar,2,0,0,YES,NO,NO
VMDI_LAYOUT,10,USER_ID,nvarchar,40,0,0,NO,NO,NO
VMDI_LAYOUT,11,CREATE_DATE,datetime,8,23,3,NO,NO,NO
VMDI_LAYOUT,12,LAST_RUN_DATE,datetime,8,23,3,YES,NO,NO
VMDI_LAYOUT,13,DEL_UNSHIPPED,nchar,2,0,0,YES,NO,NO
VMDI_LAYOUT,14,PREFIX_TOKEN,nvarchar,30,0,0,YES,NO,NO
VMDI_LAYOUT,15,AUTOGENERATE,nchar,2,0,0,YES,NO,NO
VMDI_LAYOUT,16,SAVE_DATA_FLOW,nchar,2,0,0,NO,NO,NO
VMDI_LAYOUT,17,DEL_UNSHIPPED_LN,nchar,2,0,0,YES,NO,NO
VMDI_LAYOUT,18,description,nvarchar,160,0,0,YES,NO,NO
VMDI_LAYOUT,19,SPECIAL_CONDITION,nvarchar,500,0,0,YES,NO,NO
VMDI_LAYOUT,20,LINE_INBOUND_RULE,nchar,2,0,0,YES,NO,NO
VMDI_LAYOUT,21,DEL_INBOUND_RULE,nchar,2,0,0,YES,NO,NO
VMDI_LAYOUT,22,INBOUND_QTY_RULE,nchar,2,0,0,YES,NO,NO
VMDI_LAYOUT,23,ALLOW_UPD_DISP_ORD,nchar,2,0,0,YES,NO,NO
VMDI_LAYOUT,24,CHK_BLANKET_FLAG,nchar,2,0,0,YES,NO,NO
VMDI_LAYOUT,25,INV_OUTBOUND_RULE,nvarchar,30,0,0,YES,NO,NO
VMDI_SPECIAL_COLS,1,ROWID,int,4,10,0,NO,YES,NO
VMDI_SPECIAL_COLS,2,LAYOUT_KEY,nchar,6,0,0,NO,NO,NO
VMDI_SPECIAL_COLS,3,TABLE_NAME,nvarchar,36,0,0,NO,NO,NO
VMDI_SPECIAL_COLS,4,COLUMN_NAME,nvarchar,36,0,0,NO,NO,NO
VMDI_SPECIAL_COLS,5,SPECIAL_INST,nchar,2,0,0,YES,NO,NO
VMDI_SPECIAL_COLS,6,SEGMENT_TYPE,nchar,2,0,0,YES,NO,NO
VMDI_TABLE,1,ROWID,int,4,10,0,NO,YES,NO
VMDI_TABLE,2,LAYOUT_KEY,nchar,6,0,0,NO,NO,NO
VMDI_TABLE,3,LAYOUT_VERSION,nchar,8,0,0,NO,NO,NO
VMDI_TABLE,4,LAYOUT_DIRECTION,nchar,2,0,0,NO,NO,NO
VMDI_TABLE,5,SEGMENT_TYPE,nchar,6,0,0,NO,NO,NO
VMDI_TABLE,6,TABLE_NAME,nvarchar,36,0,0,NO,NO,NO
VMDI_TABLE,7,JOIN,nvarchar,500,0,0,YES,NO,NO
VMDI_TABLE,8,PRIMARY_KEY,nvarchar,500,0,0,YES,NO,NO
VMQUERY_ITEM_AUTHORITY,1,ROWID,int,4,10,0,NO,YES,NO
VMQUERY_ITEM_AUTHORITY,2,USER_ID,nvarchar,40,0,0,NO,NO,NO
VMQUERY_ITEM_AUTHORITY,3,ITEM_ID,nvarchar,160,0,0,NO,NO,NO
VMQUERY_ITEM_AUTHORITY,4,PERMISSION,nchar,2,0,0,NO,NO,NO
VR_ANALYTIC_CONFIG,1,ROWID,int,4,10,0,NO,YES,NO
VR_ANALYTIC_CONFIG,2,ID,nvarchar,160,0,0,NO,NO,NO
VR_ANALYTIC_CONFIG,3,DESCRIPTION,nvarchar,500,0,0,YES,NO,NO
VR_ANALYTIC_CONFIG,4,SCOPE_TYPE,int,4,10,0,NO,NO,NO
VR_ANALYTIC_CONFIG,5,TITLE,nvarchar,160,0,0,YES,NO,NO
VR_ANALYTIC_CONFIG,6,DATA_SOURCE_ID,nvarchar,160,0,0,NO,NO,NO
VR_ANALYTIC_CONFIG,7,STATUS,nchar,2,0,0,NO,NO,NO
VR_ANALYTIC_CONFIG,8,ANALYTIC_TYPE,nchar,2,0,0,YES,NO,NO
VR_ANALYTIC_CONFIG,9,CALENDAR_TYPE,nchar,2,0,0,YES,NO,NO
VR_ANALYTIC_CONFIG,10,CHART_TYPE,int,4,10,0,NO,NO,NO
VR_ANALYTIC_CONFIG,11,VALUE_COL_NAME,nvarchar,160,0,0,NO,NO,NO
VR_ANALYTIC_CONFIG,12,VALUE_AGGR_TYPE,int,4,10,0,NO,NO,NO
VR_ANALYTIC_CONFIG,13,SHOW_X_AXIS_TITLE,nchar,2,0,0,NO,NO,NO
VR_ANALYTIC_CONFIG,14,X_AXIS_TITLE,nvarchar,160,0,0,YES,NO,NO
VR_ANALYTIC_CONFIG,15,SHOW_Y_AXIS_TITLE,nchar,2,0,0,NO,NO,NO
VR_ANALYTIC_CONFIG,16,Y_AXIS_TITLE,nvarchar,160,0,0,YES,NO,NO
VR_ANALYTIC_CONFIG,17,SHOW_LEGEND,nchar,2,0,0,NO,NO,NO
VR_ANALYTIC_CONFIG,18,LEGEND_POSITION,int,4,10,0,YES,NO,NO
VR_ANALYTIC_CONFIG,19,LEGEND_ALIGNMENT,int,4,10,0,YES,NO,NO
VR_ANALYTIC_CONFIG,20,PERIOD_DAY_COL_NAME,nvarchar,160,0,0,YES,NO,NO
VR_ANALYTIC_CONFIG,21,PERIOD_WEEK_COL_NAME,nvarchar,160,0,0,YES,NO,NO
VR_ANALYTIC_CONFIG,22,PERIOD_MONTH_COL_NAME,nvarchar,160,0,0,YES,NO,NO
VR_ANALYTIC_CONFIG,23,PERIOD_QUARTER_COL_NAME,nvarchar,160,0,0,YES,NO,NO
VR_ANALYTIC_CONFIG,24,PERIOD_YEAR_COL_NAME,nvarchar,160,0,0,YES,NO,NO
VR_ANALYTIC_CONFIG,25,DEF_SERIES_COL_NAME,nvarchar,160,0,0,YES,NO,NO
VR_ANALYTIC_CONFIG,26,DEF_CATEGORY_COL_NAME,nvarchar,160,0,0,YES,NO,NO
VR_ANALYTIC_CONFIG,27,DEF_TOP_N,int,4,10,0,NO,NO,NO
VR_ANALYTIC_CONFIG,28,DEF_PERIOD_TYPE,int,4,10,0,YES,NO,NO
VR_ANALYTIC_CONFIG,29,DEF_PERIODS,int,4,10,0,YES,NO,NO
VR_ANALYTIC_CONFIG,30,DEF_HORIZ_PERIODS,int,4,10,0,YES,NO,NO
VR_ANALYTIC_CONFIG,31,DEF_PERIOD_BEGIN,datetime,8,23,3,YES,NO,NO
VR_ANALYTIC_CONFIG,32,DEF_PERIOD_END,datetime,8,23,3,YES,NO,NO
VR_ANALYTIC_CONFIG,33,X_AXIS_LINE_STYLE,int,4,10,0,YES,NO,NO
VR_ANALYTIC_CONFIG,34,SHOW_X_AXIS_LABEL,nchar,2,0,0,YES,NO,NO
VR_ANALYTIC_CONFIG,35,X_AXIS_LABEL,nvarchar,160,0,0,YES,NO,NO
VR_ANALYTIC_CONFIG,36,SHOW_Y_AXIS_LABEL,nchar,2,0,0,YES,NO,NO
VR_ANALYTIC_CONFIG,37,Y_AXIS_LABEL,nvarchar,160,0,0,YES,NO,NO
VR_ANALYTIC_CONFIG,38,Y_AXIS_LINE_STYLE,int,4,10,0,YES,NO,NO
VR_ANALYTIC_CONFIG,39,X_AXIS_LABEL_ANGLE,int,4,10,0,YES,NO,NO
VR_ANALYTIC_CONFIG,40,Y_AXIS_LABEL_ANGLE,int,4,10,0,YES,NO,NO
VR_ANALYTIC_CONFIG,41,X_AXIS_LABEL_FORMAT,nvarchar,40,0,0,YES,NO,NO
VR_ANALYTIC_CONFIG,42,Y_AXIS_LABEL_FORMAT,nvarchar,40,0,0,YES,NO,NO
VR_ANALYTIC_CONFIG,43,SHOW_SERIES_LABEL,nchar,2,0,0,NO,NO,NO
VR_ANALYTIC_CONFIG,44,SERIES_LABEL_FORMAT,nvarchar,40,0,0,YES,NO,NO
VR_ANALYTIC_CONFIG,45,SHOW_SERIES_TOOLTIP,nchar,2,0,0,NO,NO,NO
VR_ANALYTIC_CONFIG,46,SERIES_TOOLTIP_FORMAT,nvarchar,40,0,0,YES,NO,NO
VR_ANALYTIC_CONFIG,47,CREATED_BY,nvarchar,40,0,0,YES,NO,NO
VR_ANALYTIC_CONFIG,48,LAST_MODIFIED_BY,nvarchar,40,0,0,YES,NO,NO
VR_ANALYTIC_CONFIG,49,LAST_MODIFIED,datetime,8,23,3,YES,NO,NO
VR_ANALYTIC_CONFIG,50,CREATE_DATE,datetime,8,23,3,NO,NO,NO
VR_ANALYTIC_CONFIG_PROP,1,ROWID,int,4,10,0,NO,YES,NO
VR_ANALYTIC_CONFIG_PROP,2,ANALYTIC_CONFIG_ID,nvarchar,160,0,0,NO,NO,NO
VR_ANALYTIC_CONFIG_PROP,3,PROPERTY_NAME,nvarchar,160,0,0,NO,NO,NO
VR_ANALYTIC_CONFIG_PROP,4,PROPERTY_VALUE,nvarchar,500,0,0,NO,NO,NO
VR_ANALYTIC_CONFIG_PROP,5,SEQUENCE_NO,int,4,10,0,NO,NO,NO
VR_CAL_DATE,1,ROWID,int,4,10,0,NO,YES,NO
VR_CAL_DATE,2,CAL_DAY,datetime,8,23,3,NO,NO,NO
VR_CAL_DATE,3,CAL_WEEK,datetime,8,23,3,YES,NO,NO
VR_CAL_DATE,4,CAL_MONTH,datetime,8,23,3,YES,NO,NO
VR_CAL_DATE,5,CAL_QUARTER,datetime,8,23,3,YES,NO,NO
VR_CAL_DATE,6,CAL_YEAR,int,4,10,0,YES,NO,NO
VR_CUSTORD_DET,1,ROWID,int,4,10,0,NO,YES,NO
VR_CUSTORD_DET,2,CUST_ORDER_ID,nvarchar,30,0,0,YES,NO,NO
VR_CUSTORD_DET,3,ORDER_DATE,datetime,8,23,3,YES,NO,NO
VR_CUSTORD_DET,4,DESIRED_SHIP_DATE,datetime,8,23,3,YES,NO,NO
VR_CUSTORD_DET,5,STATUS,nvarchar,64,0,0,YES,NO,NO
VR_CUSTORD_DET,6,USER_STATUS,nvarchar,100,0,0,YES,NO,NO
VR_CUSTORD_DET,7,CUSTOMER_ID,nvarchar,30,0,0,YES,NO,NO
VR_CUSTORD_DET,8,CUSTOMER_NAME,nvarchar,100,0,0,YES,NO,NO
VR_CUSTORD_DET,9,SALESREP_ID,nvarchar,30,0,0,YES,NO,NO
VR_CUSTORD_DET,10,TERRITORY,nvarchar,30,0,0,YES,NO,NO
VR_CUSTORD_DET,11,LINE_NO,smallint,2,5,0,YES,NO,NO
VR_CUSTORD_DET,12,DEL_LINE_NO,smallint,2,5,0,YES,NO,NO
VR_CUSTORD_DET,13,PART_ID,nvarchar,60,0,0,YES,NO,NO
VR_CUSTORD_DET,14,PART_DESCRIPTION,nvarchar,240,0,0,YES,NO,NO
VR_CUSTORD_DET,15,SERVICE_CHARGE_ID,nvarchar,30,0,0,YES,NO,NO
VR_CUSTORD_DET,16,ORDER_QTY,decimal,13,20,8,YES,NO,NO
VR_CUSTORD_DET,17,SELLING_UM,nvarchar,30,0,0,YES,NO,NO
VR_CUSTORD_DET,18,UNIT_PRICE,decimal,13,22,8,YES,NO,NO
VR_CUSTORD_DET,19,TRADE_DISC_PERCENT,decimal,5,6,3,YES,NO,NO
VR_CUSTORD_DET,20,AMOUNT_ORDERED,decimal,13,23,8,YES,NO,NO
VR_CUSTORD_DET,21,PRODUCT_CODE,nvarchar,30,0,0,YES,NO,NO
VR_CUSTORD_DET,22,COMMODITY_CODE,nvarchar,30,0,0,YES,NO,NO
VR_CUSTORD_DET,23,SELL_RATE,decimal,9,15,8,YES,NO,NO
VR_CUSTORD_DET,24,CURRENCY_ID,nvarchar,30,0,0,YES,NO,NO
VR_CUSTORD_DET,25,SITE_ID,nvarchar,30,0,0,NO,NO,NO
VR_DATA_SOURCE,1,ROWID,int,4,10,0,NO,YES,NO
VR_DATA_SOURCE,2,ID,nvarchar,160,0,0,NO,NO,NO
VR_DATA_SOURCE,3,SOURCE_TYPE,int,4,10,0,NO,NO,NO
VR_DATA_SOURCE,4,SCOPE_TYPE,int,4,10,0,NO,NO,NO
VR_DATA_SOURCE,5,DESCRIPTION,nvarchar,500,0,0,YES,NO,NO
VR_DATA_SOURCE,6,USE_ANSI_92_JOIN,nchar,2,0,0,NO,NO,NO
VR_DATA_SOURCE,7,STATUS,nchar,2,0,0,NO,NO,NO
VR_DATA_SOURCE,8,FILTER_TEXT,nvarchar,4000,0,0,YES,NO,NO
VR_DATA_SOURCE,9,CREATED_BY,nvarchar,40,0,0,YES,NO,NO
VR_DATA_SOURCE,10,LAST_MODIFIED_BY,nvarchar,40,0,0,YES,NO,NO
VR_DATA_SOURCE,11,LAST_MODIFIED,datetime,8,23,3,YES,NO,NO
VR_DATA_SOURCE,12,CREATE_DATE,datetime,8,23,3,NO,NO,NO
VR_DATA_SOURCE_COLUMN,1,ROWID,int,4,10,0,NO,YES,NO
VR_DATA_SOURCE_COLUMN,2,DATA_SOURCE_ID,nvarchar,160,0,0,NO,NO,NO
VR_DATA_SOURCE_COLUMN,3,NAME,nvarchar,160,0,0,NO,NO,NO
VR_DATA_SOURCE_COLUMN,4,TABLE_ALIAS,nvarchar,60,0,0,YES,NO,NO
VR_DATA_SOURCE_COLUMN,5,LABEL,nvarchar,160,0,0,YES,NO,NO
VR_DATA_SOURCE_COLUMN,6,SQL_REF,nvarchar,4000,0,0,YES,NO,NO
VR_DATA_SOURCE_COLUMN,7,DATA_TYPE,nvarchar,40,0,0,NO,NO,NO
VR_DATA_SOURCE_COLUMN,8,DATA_FORMAT,nvarchar,160,0,0,YES,NO,NO
VR_DATA_SOURCE_COLUMN,9,BACKGROUND_COLOR,nvarchar,22,0,0,YES,NO,NO
VR_DATA_SOURCE_COLUMN,10,TEXT_COLOR,nvarchar,22,0,0,YES,NO,NO
VR_DATA_SOURCE_COLUMN,11,CELL_BKGD_COLOR,nvarchar,200,0,0,YES,NO,NO
VR_DATA_SOURCE_COLUMN,12,CELL_TEXT_COLOR,nvarchar,200,0,0,YES,NO,NO
VR_DATA_SOURCE_COLUMN,13,CLASS_NAME,nvarchar,100,0,0,YES,NO,NO
VR_DATA_SOURCE_COLUMN,14,FILTER_TYPE,nvarchar,30,0,0,NO,NO,NO
VR_DATA_SOURCE_COLUMN,15,FILTER_SOURCE_TYPE,nvarchar,30,0,0,YES,NO,NO
VR_DATA_SOURCE_COLUMN,16,FILTER_SOURCE_TEXT,nvarchar,4000,0,0,YES,NO,NO
VR_DATA_SOURCE_COLUMN,17,SEQ_NO,int,4,10,0,NO,NO,NO
VR_DATA_SOURCE_COLUMN,18,IS_VISIBLE,nchar,2,0,0,NO,NO,NO
VR_DATA_SOURCE_TABLE,1,ROWID,int,4,10,0,NO,YES,NO
VR_DATA_SOURCE_TABLE,2,DATA_SOURCE_ID,nvarchar,160,0,0,NO,NO,NO
VR_DATA_SOURCE_TABLE,3,ALIAS,nvarchar,60,0,0,NO,NO,NO
VR_DATA_SOURCE_TABLE,4,NAME,nvarchar,160,0,0,NO,NO,NO
VR_DATA_SOURCE_TABLE,5,TYPE,int,4,10,0,NO,NO,NO
VR_DATA_SOURCE_TABLE,6,SEQ_NO,int,4,10,0,NO,NO,NO
VR_DATA_SOURCE_TABLE,7,JOIN_TYPE,int,4,10,0,NO,NO,NO
VR_DATA_SOURCE_TABLE,8,JOIN_TEXT,nvarchar,4000,0,0,YES,NO,NO
VR_DATA_SRC_DRILLTO_PARAM,1,ROWID,int,4,10,0,NO,YES,NO
VR_DATA_SRC_DRILLTO_PARAM,2,DATA_SOURCE_ID,nvarchar,160,0,0,NO,NO,NO
VR_DATA_SRC_DRILLTO_PARAM,3,DATA_SOURCE_COLUMN_NAME,nvarchar,160,0,0,NO,NO,NO
VR_DATA_SRC_DRILLTO_PARAM,4,SEQUENCE_NO,int,4,10,0,NO,NO,NO
VR_DATA_SRC_DRILLTO_PARAM,5,PARAMETER_TYPE,nchar,2,0,0,NO,NO,NO
VR_DATA_SRC_DRILLTO_PARAM,6,PARAMETER_VALUE,nvarchar,160,0,0,YES,NO,NO
VR_GRID_CONFIG,1,ROWID,int,4,10,0,NO,YES,NO
VR_GRID_CONFIG,2,ID,nvarchar,160,0,0,NO,NO,NO
VR_GRID_CONFIG,3,DESCRIPTION,nvarchar,500,0,0,YES,NO,NO
VR_GRID_CONFIG,4,SCOPE_TYPE,int,4,10,0,NO,NO,NO
VR_GRID_CONFIG,5,TITLE,nvarchar,160,0,0,YES,NO,NO
VR_GRID_CONFIG,6,DATA_SOURCE_ID,nvarchar,160,0,0,NO,NO,NO
VR_GRID_CONFIG,7,STATUS,nchar,2,0,0,NO,NO,NO
VR_GRID_CONFIG,8,GRID_TYPE,nchar,2,0,0,NO,NO,NO
VR_GRID_CONFIG,9,VALUE_COL_NAME,nvarchar,160,0,0,YES,NO,NO
VR_GRID_CONFIG,10,VALUE_AGGR_TYPE,int,4,10,0,NO,NO,NO
VR_GRID_CONFIG,11,DEF_TOP_N,int,4,10,0,NO,NO,NO
VR_GRID_CONFIG,12,DEF_PERIOD_TYPE,int,4,10,0,YES,NO,NO
VR_GRID_CONFIG,13,DEF_PERIODS,int,4,10,0,YES,NO,NO
VR_GRID_CONFIG,14,DEF_HORIZ_PERIODS,int,4,10,0,YES,NO,NO
VR_GRID_CONFIG,15,DEF_PERIOD_BEGIN,datetime,8,23,3,YES,NO,NO
VR_GRID_CONFIG,16,DEF_PERIOD_END,datetime,8,23,3,YES,NO,NO
VR_GRID_CONFIG,17,CREATED_BY,nvarchar,40,0,0,YES,NO,NO
VR_GRID_CONFIG,18,LAST_MODIFIED_BY,nvarchar,40,0,0,YES,NO,NO
VR_GRID_CONFIG,19,LAST_MODIFIED,datetime,8,23,3,YES,NO,NO
VR_GRID_CONFIG,20,CREATE_DATE,datetime,8,23,3,NO,NO,NO
VR_GRID_CONFIG_COLUMN,1,ROWID,int,4,10,0,NO,YES,NO
VR_GRID_CONFIG_COLUMN,2,GRID_CONFIG_ID,nvarchar,160,0,0,NO,NO,NO
VR_GRID_CONFIG_COLUMN,3,NAME,nvarchar,160,0,0,NO,NO,NO
VR_GRID_CONFIG_COLUMN,4,IS_VISIBLE,nchar,2,0,0,NO,NO,NO
VR_GRID_CONFIG_COLUMN,5,SEQ_NO,int,4,10,0,NO,NO,NO
VR_MENU,1,ROWID,int,4,10,0,NO,YES,NO
VR_MENU,2,ID,nvarchar,30,0,0,NO,NO,NO
VR_MENU,3,LOCALE,nvarchar,60,0,0,NO,NO,NO
VR_MENU,4,DESCRIPTION,nvarchar,100,0,0,YES,NO,NO
VR_MENU_NODE,1,ROWID,int,4,10,0,NO,YES,NO
VR_MENU_NODE,2,MENU_ID,nvarchar,30,0,0,NO,NO,NO
VR_MENU_NODE,3,NODE_ID,int,4,10,0,NO,NO,NO
VR_MENU_NODE,4,PARENT_NODE_ID,int,4,10,0,YES,NO,NO
VR_MENU_NODE,5,MENU_STRING,nvarchar,80,0,0,YES,NO,NO
VR_MENU_NODE,6,PROGRAM_ID,nvarchar,160,0,0,YES,NO,NO
VR_MENU_NODE,7,URL_STRING,nvarchar,510,0,0,YES,NO,NO
VR_MENU_NODE,8,DEFAULT_VIEW_ID,nvarchar,100,0,0,YES,NO,NO
VR_MENU_NODE,9,LOCALE,nvarchar,60,0,0,NO,NO,NO
VR_MENU_NODE,10,ALLOW_VFIN,nchar,2,0,0,YES,NO,NO
VR_PAYABLE_DET,1,ROWID,int,4,10,0,NO,YES,NO
VR_PAYABLE_DET,2,VOUCHER_ID,nvarchar,30,0,0,YES,NO,NO
VR_PAYABLE_DET,3,SITE_ID,nvarchar,30,0,0,NO,NO,NO
VR_PAYABLE_DET,4,LINE_NO,smallint,2,5,0,YES,NO,NO
VR_PAYABLE_DET,5,PURC_ORDER_ID,nvarchar,30,0,0,YES,NO,NO
VR_PAYABLE_DET,6,PURC_ORDER_LINE_NO,smallint,2,5,0,YES,NO,NO
VR_PAYABLE_DET,7,RECEIVER_ID,nvarchar,30,0,0,YES,NO,NO
VR_PAYABLE_DET,8,RECEIVER_LINE_NO,smallint,2,5,0,YES,NO,NO
VR_PAYABLE_DET,9,QTY,decimal,13,20,8,YES,NO,NO
VR_PAYABLE_DET,10,AMOUNT,decimal,13,23,8,YES,NO,NO
VR_PAYABLE_HDR,1,ROWID,int,4,10,0,NO,YES,NO
VR_PAYABLE_HDR,2,VOUCHER_ID,nvarchar,30,0,0,YES,NO,NO
VR_PAYABLE_HDR,3,INVOICE_DATE,datetime,8,23,3,YES,NO,NO
VR_PAYABLE_HDR,4,PAYMENT_DATE,datetime,8,23,3,YES,NO,NO
VR_PAYABLE_HDR,5,DUE_DATE,datetime,8,23,3,YES,NO,NO
VR_PAYABLE_HDR,6,LAST_PAID_DATE,datetime,8,23,3,YES,NO,NO
VR_PAYABLE_HDR,7,ZERO_DATE,datetime,8,23,3,YES,NO,NO
VR_PAYABLE_HDR,8,POSTING_DATE,datetime,8,23,3,YES,NO,NO
VR_PAYABLE_HDR,9,PAY_STATUS,nvarchar,64,0,0,YES,NO,NO
VR_PAYABLE_HDR,10,USER_PAY_STATUS,nvarchar,100,0,0,YES,NO,NO
VR_PAYABLE_HDR,11,TOTAL_AMOUNT,decimal,13,23,8,YES,NO,NO
VR_PAYABLE_HDR,12,PAID_AMOUNT,decimal,13,23,8,YES,NO,NO
VR_PAYABLE_HDR,13,DISCOUNT_TAKEN,decimal,13,23,8,YES,NO,NO
VR_PAYABLE_HDR,14,SITE_ID,nvarchar,30,0,0,NO,NO,NO
VR_PAYABLE_HDR,15,VENDOR_ID,nvarchar,30,0,0,YES,NO,NO
VR_PAYABLE_HDR,16,VENDOR_NAME,nvarchar,100,0,0,YES,NO,NO
VR_PAYABLE_HDR,17,INVOICE_ID,nvarchar,30,0,0,YES,NO,NO
VR_PAYABLE_HDR,18,CURRENCY_ID,nvarchar,30,0,0,YES,NO,NO
VR_PAYABLE_HDR,19,SELL_RATE,decimal,9,15,8,YES,NO,NO
VR_PAYABLE_HDR,20,INVOICE_STYLE,nvarchar,40,0,0,YES,NO,NO
VR_PROPERTY,1,ROWID,int,4,10,0,NO,YES,NO
VR_PROPERTY,2,NAME,nvarchar,60,0,0,YES,NO,NO
VR_PROPERTY,3,VALUE,nvarchar,60,0,0,YES,NO,NO
VR_PURCORD_DET,1,ROWID,int,4,10,0,NO,YES,NO
VR_PURCORD_DET,2,PURC_ORDER_ID,nvarchar,30,0,0,YES,NO,NO
VR_PURCORD_DET,3,LINE_NO,smallint,2,5,0,YES,NO,NO
VR_PURCORD_DET,4,DEL_LINE_NO,smallint,2,5,0,YES,NO,NO
VR_PURCORD_DET,5,ORDER_DATE,datetime,8,23,3,YES,NO,NO
VR_PURCORD_DET,6,DESIRED_RECV_DATE,datetime,8,23,3,YES,NO,NO
VR_PURCORD_DET,7,STATUS,nvarchar,64,0,0,YES,NO,NO
VR_PURCORD_DET,8,USER_STATUS,nvarchar,100,0,0,YES,NO,NO
VR_PURCORD_DET,9,VENDOR_ID,nvarchar,30,0,0,YES,NO,NO
VR_PURCORD_DET,10,VENDOR_NAME,nvarchar,100,0,0,YES,NO,NO
VR_PURCORD_DET,11,BUYER,nvarchar,40,0,0,YES,NO,NO
VR_PURCORD_DET,12,SELL_RATE,decimal,9,15,8,YES,NO,NO
VR_PURCORD_DET,13,CURRENCY_ID,nvarchar,30,0,0,YES,NO,NO
VR_PURCORD_DET,14,AMOUNT_ORDERED,decimal,13,23,8,YES,NO,NO
VR_PURCORD_DET,15,AMOUNT_RECEIVED,decimal,13,23,8,YES,NO,NO
VR_PURCORD_DET,16,TRADE_DISC_PERCENT,decimal,5,6,3,YES,NO,NO
VR_PURCORD_DET,17,FIXED_CHARGE,decimal,13,23,8,YES,NO,NO
VR_PURCORD_DET,18,MINIMUM_CHARGE,decimal,13,23,8,YES,NO,NO
VR_PURCORD_DET,19,PART_ID,nvarchar,60,0,0,YES,NO,NO
VR_PURCORD_DET,20,PART_DESCRIPTION,nvarchar,240,0,0,YES,NO,NO
VR_PURCORD_DET,21,SERVICE_ID,nvarchar,60,0,0,YES,NO,NO
VR_PURCORD_DET,22,SERV_DESCRIPTION,nvarchar,80,0,0,YES,NO,NO
VR_PURCORD_DET,23,PRODUCT_CODE,nvarchar,30,0,0,YES,NO,NO
VR_PURCORD_DET,24,COMMODITY_CODE,nvarchar,30,0,0,YES,NO,NO
VR_PURCORD_DET,25,WAREHOUSE_ID,nvarchar,30,0,0,YES,NO,NO
VR_PURCORD_DET,26,USER_ORDER_QTY,decimal,13,20,8,YES,NO,NO
VR_PURCORD_DET,27,USER_RECVD_QTY,decimal,13,20,8,YES,NO,NO
VR_PURCORD_DET,28,PURCHASE_UM,nvarchar,30,0,0,YES,NO,NO
VR_PURCORD_DET,29,UNIT_PRICE,decimal,13,22,8,YES,NO,NO
VR_PURCORD_DET,30,SITE_ID,nvarchar,30,0,0,NO,NO,NO
VR_RECEIVABLE_HDR,1,ROWID,int,4,10,0,NO,YES,NO
VR_RECEIVABLE_HDR,2,INVOICE_ID,nvarchar,30,0,0,YES,NO,NO
VR_RECEIVABLE_HDR,3,INVOICE_DATE,datetime,8,23,3,YES,NO,NO
VR_RECEIVABLE_HDR,4,LAST_PAID_DATE,datetime,8,23,3,YES,NO,NO
VR_RECEIVABLE_HDR,5,ZERO_DATE,datetime,8,23,3,YES,NO,NO
VR_RECEIVABLE_HDR,6,POSTING_DATE,datetime,8,23,3,YES,NO,NO
VR_RECEIVABLE_HDR,7,DUE_DATE,datetime,8,23,3,YES,NO,NO
VR_RECEIVABLE_HDR,8,TOTAL_AMOUNT,decimal,13,23,8,YES,NO,NO
VR_RECEIVABLE_HDR,9,PAID_AMOUNT,decimal,13,23,8,YES,NO,NO
VR_RECEIVABLE_HDR,10,DISCOUNT_GIVEN,decimal,13,23,8,YES,NO,NO
VR_RECEIVABLE_HDR,11,SITE_ID,nvarchar,30,0,0,NO,NO,NO
VR_RECEIVABLE_HDR,12,CUSTOMER_ID,nvarchar,30,0,0,YES,NO,NO
VR_RECEIVABLE_HDR,13,CUSTOMER_NAME,nvarchar,100,0,0,YES,NO,NO
VR_RECEIVABLE_HDR,14,SALESREP_ID,nvarchar,30,0,0,YES,NO,NO
VR_RECEIVABLE_HDR,15,CURRENCY_ID,nvarchar,30,0,0,YES,NO,NO
VR_RECEIVABLE_HDR,16,SELL_RATE,decimal,9,15,8,YES,NO,NO
VR_RECEIVABLE_HDR,17,INVOICE_STYLE,nvarchar,40,0,0,YES,NO,NO
VR_RECEIVER_DET,1,ROWID,int,4,10,0,NO,YES,NO
VR_RECEIVER_DET,2,RECEIVER_ID,nvarchar,30,0,0,YES,NO,NO
VR_RECEIVER_DET,3,RECEIVER_LINE_NO,smallint,2,5,0,YES,NO,NO
VR_RECEIVER_DET,4,RECEIVER_DEL_LINE_NO,smallint,2,5,0,YES,NO,NO
VR_RECEIVER_DET,5,RECEIVED_DATE,datetime,8,23,3,YES,NO,NO
VR_RECEIVER_DET,6,USER_RECEIVED_QTY,decimal,13,20,8,YES,NO,NO
VR_RECEIVER_DET,7,AMOUNT_RECEIVED,decimal,13,23,8,YES,NO,NO
VR_RECEIVER_DET,8,PURC_ORDER_ID,nvarchar,30,0,0,YES,NO,NO
VR_RECEIVER_DET,9,PURC_ORDER_LINE_NO,smallint,2,5,0,YES,NO,NO
VR_RECEIVER_DET,10,PURC_DEL_LINE_NO,smallint,2,5,0,YES,NO,NO
VR_RECEIVER_DET,11,ORDER_DATE,datetime,8,23,3,YES,NO,NO
VR_RECEIVER_DET,12,DESIRED_RECV_DATE,datetime,8,23,3,YES,NO,NO
VR_RECEIVER_DET,13,PURCHASE_UM,nvarchar,30,0,0,YES,NO,NO
VR_RECEIVER_DET,14,USER_ORDER_QTY,decimal,13,20,8,YES,NO,NO
VR_RECEIVER_DET,15,AMOUNT_ORDERED,decimal,13,23,8,YES,NO,NO
VR_RECEIVER_DET,16,UNIT_PRICE,decimal,13,22,8,YES,NO,NO
VR_RECEIVER_DET,17,TRADE_DISC_PERCENT,decimal,5,6,3,YES,NO,NO
VR_RECEIVER_DET,18,FIXED_CHARGE,decimal,13,23,8,YES,NO,NO
VR_RECEIVER_DET,19,MINIMUM_CHARGE,decimal,13,23,8,YES,NO,NO
VR_RECEIVER_DET,20,SELL_RATE,decimal,9,15,8,YES,NO,NO
VR_RECEIVER_DET,21,ORDER_STATUS,nvarchar,64,0,0,YES,NO,NO
VR_RECEIVER_DET,22,USER_ORDER_STATUS,nvarchar,100,0,0,YES,NO,NO
VR_RECEIVER_DET,23,CURRENCY_ID,nvarchar,30,0,0,YES,NO,NO
VR_RECEIVER_DET,24,VENDOR_ID,nvarchar,30,0,0,YES,NO,NO
VR_RECEIVER_DET,25,VENDOR_NAME,nvarchar,100,0,0,YES,NO,NO
VR_RECEIVER_DET,26,BUYER,nvarchar,40,0,0,YES,NO,NO
VR_RECEIVER_DET,27,PRODUCT_CODE,nvarchar,30,0,0,YES,NO,NO
VR_RECEIVER_DET,28,COMMODITY_CODE,nvarchar,30,0,0,YES,NO,NO
VR_RECEIVER_DET,29,PART_ID,nvarchar,60,0,0,YES,NO,NO
VR_RECEIVER_DET,30,PART_DESCRIPTION,nvarchar,240,0,0,YES,NO,NO
VR_RECEIVER_DET,31,SERVICE_ID,nvarchar,60,0,0,YES,NO,NO
VR_RECEIVER_DET,32,SERVICE_DESCRIPTION,nvarchar,80,0,0,YES,NO,NO
VR_RECEIVER_DET,33,SITE_ID,nvarchar,30,0,0,NO,NO,NO
VR_RECEIVER_DET,34,RPT_DAYS_DIFF,smallint,2,5,0,YES,NO,NO
VR_SHIPMENT_DET,1,ROWID,int,4,10,0,NO,YES,NO
VR_SHIPMENT_DET,2,PACKLIST_ID,nvarchar,30,0,0,YES,NO,NO
VR_SHIPMENT_DET,3,SHIPPER_LINE_NO,smallint,2,5,0,YES,NO,NO
VR_SHIPMENT_DET,4,SHIPPER_DEL_LINE_NO,smallint,2,5,0,YES,NO,NO
VR_SHIPMENT_DET,5,ORDER_DATE,datetime,8,23,3,YES,NO,NO
VR_SHIPMENT_DET,6,DESIRED_SHIP_DATE,datetime,8,23,3,YES,NO,NO
VR_SHIPMENT_DET,7,SHIPPED_DATE,datetime,8,23,3,YES,NO,NO
VR_SHIPMENT_DET,8,USER_ORDER_QTY,decimal,13,20,8,YES,NO,NO
VR_SHIPMENT_DET,9,USER_SHIPPED_QTY,decimal,13,20,8,YES,NO,NO
VR_SHIPMENT_DET,10,SELLING_UM,nvarchar,30,0,0,YES,NO,NO
VR_SHIPMENT_DET,11,CUST_ORDER_ID,nvarchar,30,0,0,YES,NO,NO
VR_SHIPMENT_DET,12,CUST_ORDER_LINE_NO,smallint,2,5,0,YES,NO,NO
VR_SHIPMENT_DET,13,CUST_DEL_LINE_NO,smallint,2,5,0,YES,NO,NO
VR_SHIPMENT_DET,14,AMOUNT_ORDERED,decimal,13,23,8,YES,NO,NO
VR_SHIPMENT_DET,15,AMOUNT_SHIPPED,decimal,13,23,8,YES,NO,NO
VR_SHIPMENT_DET,16,UNIT_PRICE,decimal,13,22,8,YES,NO,NO
VR_SHIPMENT_DET,17,TRADE_DISC_PERCENT,decimal,5,6,3,YES,NO,NO
VR_SHIPMENT_DET,18,SELL_RATE,decimal,9,15,8,YES,NO,NO
VR_SHIPMENT_DET,19,ORDER_STATUS,nvarchar,64,0,0,YES,NO,NO
VR_SHIPMENT_DET,20,USER_ORDER_STATUS,nvarchar,100,0,0,YES,NO,NO
VR_SHIPMENT_DET,21,CURRENCY_ID,nvarchar,30,0,0,YES,NO,NO
VR_SHIPMENT_DET,22,CUSTOMER_ID,nvarchar,30,0,0,YES,NO,NO
VR_SHIPMENT_DET,23,CUSTOMER_NAME,nvarchar,100,0,0,YES,NO,NO
VR_SHIPMENT_DET,24,SALESREP_ID,nvarchar,30,0,0,YES,NO,NO
VR_SHIPMENT_DET,25,PRODUCT_CODE,nvarchar,30,0,0,YES,NO,NO
VR_SHIPMENT_DET,26,TERRITORY,nvarchar,30,0,0,YES,NO,NO
VR_SHIPMENT_DET,27,COMMODITY_CODE,nvarchar,30,0,0,YES,NO,NO
VR_SHIPMENT_DET,28,PART_ID,nvarchar,60,0,0,YES,NO,NO
VR_SHIPMENT_DET,29,PART_DESCRIPTION,nvarchar,240,0,0,YES,NO,NO
VR_SHIPMENT_DET,30,SERVICE_CHARGE_ID,nvarchar,30,0,0,YES,NO,NO
VR_SHIPMENT_DET,31,SITE_ID,nvarchar,30,0,0,NO,NO,NO
VR_SHIPMENT_DET,32,RPT_DAYS_DIFF,smallint,2,5,0,YES,NO,NO
VR_WORKORDER_HDR,1,ROWID,int,4,10,0,NO,YES,NO
VR_WORKORDER_HDR,2,WORKORDER_TYPE,nchar,2,0,0,YES,NO,NO
VR_WORKORDER_HDR,3,WORKORDER_BASE_ID,nvarchar,60,0,0,YES,NO,NO
VR_WORKORDER_HDR,4,WORKORDER_LOT_ID,nvarchar,6,0,0,YES,NO,NO
VR_WORKORDER_HDR,5,WORKORDER_SPLIT_ID,nvarchar,6,0,0,YES,NO,NO
VR_WORKORDER_HDR,6,WORKORDER_SUB_ID,nvarchar,6,0,0,YES,NO,NO
VR_WORKORDER_HDR,7,PART_ID,nvarchar,60,0,0,YES,NO,NO
VR_WORKORDER_HDR,8,PART_DESCRIPTION,nvarchar,240,0,0,YES,NO,NO
VR_WORKORDER_HDR,9,RELEASE_DATE,datetime,8,23,3,YES,NO,NO
VR_WORKORDER_HDR,10,WANT_DATE,datetime,8,23,3,YES,NO,NO
VR_WORKORDER_HDR,11,CLOSE_DATE,datetime,8,23,3,YES,NO,NO
VR_WORKORDER_HDR,12,DESIRED_QTY,decimal,13,20,8,YES,NO,NO
VR_WORKORDER_HDR,13,RECEIVED_QTY,decimal,13,20,8,YES,NO,NO
VR_WORKORDER_HDR,14,STOCK_UM,nvarchar,30,0,0,YES,NO,NO
VR_WORKORDER_HDR,15,STATUS,nvarchar,64,0,0,YES,NO,NO
VR_WORKORDER_HDR,16,USER_STATUS,nvarchar,100,0,0,YES,NO,NO
VR_WORKORDER_HDR,17,PRODUCT_CODE,nvarchar,30,0,0,YES,NO,NO
VR_WORKORDER_HDR,18,COMMODITY_CODE,nvarchar,60,0,0,YES,NO,NO
VR_WORKORDER_HDR,19,ESTIMATED_COST,decimal,13,23,8,YES,NO,NO
VR_WORKORDER_HDR,20,ACTUAL_COST,decimal,13,23,8,YES,NO,NO
VR_WORKORDER_HDR,21,REMAINING_COST,decimal,13,23,8,YES,NO,NO
VR_WORKORDER_HDR,22,PROJECTED_COST,decimal,13,23,8,YES,NO,NO
VR_WORKORDER_HDR,23,WAREHOUSE_ID,nvarchar,30,0,0,YES,NO,NO
VR_WORKORDER_HDR,24,PLANNER_USER_ID,nvarchar,40,0,0,YES,NO,NO
VR_WORKORDER_HDR,25,CURRENCY_ID,nvarchar,30,0,0,YES,NO,NO
WAREHOUSE,1,ROWID,int,4,10,0,NO,YES,NO
WAREHOUSE,2,ID,nvarchar,30,0,0,NO,NO,NO
WAREHOUSE,3,DESCRIPTION,nvarchar,160,0,0,YES,NO,NO
WAREHOUSE,4,NAME,nvarchar,100,0,0,YES,NO,NO
WAREHOUSE,5,ADDR_1,nvarchar,100,0,0,YES,NO,NO
WAREHOUSE,6,ADDR_2,nvarchar,100,0,0,YES,NO,NO
WAREHOUSE,7,ADDR_3,nvarchar,100,0,0,YES,NO,NO
WAREHOUSE,8,CITY,nvarchar,60,0,0,YES,NO,NO
WAREHOUSE,9,STATE,nvarchar,20,0,0,YES,NO,NO
WAREHOUSE,10,ZIPCODE,nvarchar,20,0,0,YES,NO,NO
WAREHOUSE,11,COUNTRY,nvarchar,100,0,0,YES,NO,NO
WAREHOUSE,13,REGION_ID,nvarchar,4,0,0,YES,NO,NO
WAREHOUSE,14,COUNTRY_ID,nvarchar,30,0,0,YES,NO,NO
WAREHOUSE,15,VAT_REGISTRATION,nvarchar,50,0,0,YES,NO,NO
WAREHOUSE,16,WIP_VAS,nchar,2,0,0,YES,NO,NO
WAREHOUSE,17,DEF_LBL_FORMAT_ID,nvarchar,60,0,0,YES,NO,NO
WAREHOUSE,18,INDEPENDENT,nchar,2,0,0,NO,NO,NO
WAREHOUSE,19,VDW_INSTALLED,nchar,2,0,0,YES,NO,NO
WAREHOUSE,20,INV_NOT_SHARED,nchar,2,0,0,YES,NO,NO
WAREHOUSE,21,MRP_EXEMPT,nchar,2,0,0,NO,NO,NO
WAREHOUSE,22,CUSTOMER_ID,nvarchar,30,0,0,YES,NO,NO
WAREHOUSE,23,VENDOR_ID,nvarchar,30,0,0,YES,NO,NO
WAREHOUSE,24,CONSIGNED_TYPE,nchar,2,0,0,YES,NO,NO
WAREHOUSE,25,SITE_ID,nvarchar,30,0,0,NO,NO,NO
WAREHOUSE,26,WAREHOUSE_COUNTRY_ID,nvarchar,30,0,0,YES,NO,NO
WAREHOUSE_ADDRESS,1,ROWID,int,4,10,0,NO,YES,NO
WAREHOUSE_ADDRESS,2,WAREHOUSE_ID,nvarchar,30,0,0,NO,NO,NO
WAREHOUSE_ADDRESS,3,ADDR_NO,int,4,10,0,NO,NO,NO
WAREHOUSE_ADDRESS,4,SHIPTO_ID,nvarchar,40,0,0,YES,NO,NO
WAREHOUSE_ADDRESS,5,NAME,nvarchar,100,0,0,YES,NO,NO
WAREHOUSE_ADDRESS,6,ADDR_1,nvarchar,100,0,0,YES,NO,NO
WAREHOUSE_ADDRESS,7,ADDR_2,nvarchar,100,0,0,YES,NO,NO
WAREHOUSE_ADDRESS,8,ADDR_3,nvarchar,100,0,0,YES,NO,NO
WAREHOUSE_ADDRESS,9,CITY,nvarchar,60,0,0,YES,NO,NO
WAREHOUSE_ADDRESS,10,STATE,nvarchar,20,0,0,YES,NO,NO
WAREHOUSE_ADDRESS,11,ZIPCODE,nvarchar,20,0,0,YES,NO,NO
WAREHOUSE_ADDRESS,12,COUNTRY,nvarchar,100,0,0,YES,NO,NO
WAREHOUSE_ADDRESS,13,VAT_REGISTRATION,nvarchar,50,0,0,YES,NO,NO
WAREHOUSE_ADDRESS,14,WAREHOUSE_ADDR_COUNTRY_ID,nvarchar,30,0,0,YES,NO,NO
WAREHOUSE_WIP_VAS,1,ROWID,int,4,10,0,NO,YES,NO
WAREHOUSE_WIP_VAS,2,WAREHOUSE_ID,nvarchar,30,0,0,NO,NO,NO
WAREHOUSE_WIP_VAS,3,PART_ID,nvarchar,60,0,0,NO,NO,NO
WAREHOUSE_WIP_VAS,4,WIP_VAS_ID,nvarchar,30,0,0,NO,NO,NO
WAREHOUSE_WIP_VAS,5,UNIT_PRICE,decimal,13,22,8,NO,NO,NO
WBS,1,ROWID,int,4,10,0,NO,YES,NO
WBS,2,CODE,nvarchar,60,0,0,NO,NO,NO
WBS,3,PROJECT_ID,nvarchar,30,0,0,NO,NO,NO
WBS,4,DESCRIPTION,nvarchar,160,0,0,YES,NO,NO
WBS,5,STATUS,nchar,2,0,0,YES,NO,NO
WBS,6,BILLABLE,nchar,2,0,0,YES,NO,NO
WBS,7,CLIN,nvarchar,30,0,0,YES,NO,NO
WBS,8,CWBS,nvarchar,60,0,0,YES,NO,NO
WBS,9,CDRL,nvarchar,40,0,0,YES,NO,NO
WBS,10,DEF_DEPARTMENT_ID,nvarchar,30,0,0,YES,NO,NO
WBS,11,TRANSFER_COSTS,nchar,2,0,0,YES,NO,NO
WBS,12,STATUS_EFF_DATE,datetime,8,23,3,NO,NO,NO
WBS_BILLABLE_TYPE,1,ROWID,int,4,10,0,NO,YES,NO
WBS_BILLABLE_TYPE,2,CODE,nvarchar,30,0,0,NO,NO,NO
WBS_BILLABLE_TYPE,3,DESCRIPTION,nvarchar,160,0,0,YES,NO,NO
WEB_SESSION,1,ROWID,int,4,10,0,NO,YES,NO
WEB_SESSION,2,USER_ID,nvarchar,40,0,0,NO,NO,NO
WEB_SESSION,3,APPLICATION_ID,nvarchar,30,0,0,NO,NO,NO
WEB_SESSION,4,TOKEN,nvarchar,4000,0,0,NO,NO,NO
WEB_SESSION,5,LAST_ACTIVITY,datetime,8,23,3,NO,NO,NO
WEB_SESSION,6,EXPIRE_DATE,datetime,8,23,3,NO,NO,NO
WEB_SESSION,7,CREATE_DATE,datetime,8,23,3,NO,NO,NO
WH_SHIP_ADVICE,1,ROWID,int,4,10,0,NO,YES,NO
WH_SHIP_ADVICE,2,ID,nvarchar,60,0,0,NO,NO,NO
WH_SHIP_ADVICE,3,BOL_ID,nvarchar,40,0,0,YES,NO,NO
WH_SHIP_ADVICE,4,CARRIER_REF,nvarchar,100,0,0,YES,NO,NO
WH_SHIP_ADVICE,5,TRANS_METHOD_CODE,nvarchar,40,0,0,YES,NO,NO
WH_SHIP_ADVICE,6,SHIPMENT_ID,nvarchar,40,0,0,YES,NO,NO
WH_SHIP_ADVICE,7,WSA_ON_HOLD,nchar,2,0,0,YES,NO,NO
WH_SHIP_ADVICE,8,WSA_TRANSMITTED,nchar,2,0,0,YES,NO,NO
WH_SHIP_ADVICE,9,WSA_TRANSMITTED_BY,nvarchar,16,0,0,YES,NO,NO
WH_SHIP_ADVICE,10,WSA_TRANSMIT_DATE,datetime,8,23,3,YES,NO,NO
WH_SHIP_ADVICE,11,SHIP_DATE_CHG_RSN,nvarchar,4,0,0,YES,NO,NO
WH_SHIP_ADVICE,12,CARRIER_RT_CHG_RSN,nvarchar,4,0,0,YES,NO,NO
WH_SHIP_ADVICE,13,USER_1,nvarchar,160,0,0,YES,NO,NO
WH_SHIP_ADVICE,14,USER_2,nvarchar,160,0,0,YES,NO,NO
WH_SHIP_ADVICE,15,USER_3,nvarchar,160,0,0,YES,NO,NO
WH_SHIP_ADVICE,16,USER_4,nvarchar,160,0,0,YES,NO,NO
WH_SHIP_ADVICE,17,USER_5,nvarchar,160,0,0,YES,NO,NO
WH_SHIP_ADVICE,18,USER_6,nvarchar,160,0,0,YES,NO,NO
WH_SHIP_ADVICE,19,USER_7,nvarchar,160,0,0,YES,NO,NO
WH_SHIP_ADVICE,20,USER_8,nvarchar,160,0,0,YES,NO,NO
WH_SHIP_ADVICE,21,USER_9,nvarchar,160,0,0,YES,NO,NO
WH_SHIP_ADVICE,22,USER_10,nvarchar,160,0,0,YES,NO,NO
WH_SHIP_ADVICE,23,UDF_LAYOUT_ID,nvarchar,30,0,0,YES,NO,NO
WIP_BALANCE,1,ROWID,int,4,10,0,NO,YES,NO
WIP_BALANCE,2,WORKORDER_TYPE,nchar,2,0,0,NO,NO,NO
WIP_BALANCE,3,WORKORDER_BASE_ID,nvarchar,60,0,0,NO,NO,NO
WIP_BALANCE,4,WORKORDER_LOT_ID,nvarchar,6,0,0,NO,NO,NO
WIP_BALANCE,5,WORKORDER_SPLIT_ID,nvarchar,6,0,0,NO,NO,NO
WIP_BALANCE,6,WORKORDER_SUB_ID,nvarchar,6,0,0,NO,NO,NO
WIP_BALANCE,7,POSTING_DATE,datetime,8,23,3,NO,NO,NO
WIP_BALANCE,8,FLAG,nchar,2,0,0,NO,NO,NO
WIP_BALANCE,9,MATERIAL_AMOUNT,decimal,13,23,8,YES,NO,NO
WIP_BALANCE,10,LABOR_AMOUNT,decimal,13,23,8,YES,NO,NO
WIP_BALANCE,11,BURDEN_AMOUNT,decimal,13,23,8,YES,NO,NO
WIP_BALANCE,12,SERVICE_AMOUNT,decimal,13,23,8,YES,NO,NO
WIP_BALANCE,13,MAT_GL_ACCT_ID,nvarchar,60,0,0,YES,NO,NO
WIP_BALANCE,14,LAB_GL_ACCT_ID,nvarchar,60,0,0,YES,NO,NO
WIP_BALANCE,15,BUR_GL_ACCT_ID,nvarchar,60,0,0,YES,NO,NO
WIP_BALANCE,16,SER_GL_ACCT_ID,nvarchar,60,0,0,YES,NO,NO
WIP_BALANCE,17,CURRENCY_ID,nvarchar,30,0,0,NO,NO,NO
WIP_BALANCE,18,SITE_ID,nvarchar,30,0,0,NO,NO,NO
WIP_ISSUE_DETAIL,1,ROWID,int,4,10,0,NO,YES,NO
WIP_ISSUE_DETAIL,2,WORKORDER_TYPE,nchar,2,0,0,NO,NO,NO
WIP_ISSUE_DETAIL,3,WORKORDER_BASE_ID,nvarchar,60,0,0,NO,NO,NO
WIP_ISSUE_DETAIL,4,WORKORDER_LOT_ID,nvarchar,6,0,0,NO,NO,NO
WIP_ISSUE_DETAIL,5,WORKORDER_SPLIT_ID,nvarchar,6,0,0,NO,NO,NO
WIP_ISSUE_DETAIL,6,WORKORDER_SUB_ID,nvarchar,6,0,0,NO,NO,NO
WIP_ISSUE_DETAIL,7,DIST_NO,smallint,2,5,0,NO,NO,NO
WIP_ISSUE_DETAIL,8,TRANSACTION_ID,int,4,10,0,NO,NO,NO
WIP_ISSUE_DETAIL,9,PART_ID,nvarchar,60,0,0,YES,NO,NO
WIP_ISSUE_DETAIL,10,ACT_MATERIAL_COST,decimal,13,23,8,YES,NO,NO
WIP_ISSUE_DETAIL,11,ACT_LABOR_COST,decimal,13,23,8,YES,NO,NO
WIP_ISSUE_DETAIL,12,ACT_BURDEN_COST,decimal,13,23,8,YES,NO,NO
WIP_ISSUE_DETAIL,13,ACT_SERVICE_COST,decimal,13,23,8,YES,NO,NO
WIP_ISSUE_DETAIL,14,REFERENCE,nvarchar,100,0,0,YES,NO,NO
WIP_ISSUE_DETAIL,15,CURRENCY_ID,nvarchar,30,0,0,NO,NO,NO
WIP_ISSUE_DETAIL,16,DR_MAT_GL_ACCT_ID,nvarchar,60,0,0,YES,NO,NO
WIP_ISSUE_DETAIL,17,DR_LAB_GL_ACCT_ID,nvarchar,60,0,0,YES,NO,NO
WIP_ISSUE_DETAIL,18,DR_BUR_GL_ACCT_ID,nvarchar,60,0,0,YES,NO,NO
WIP_ISSUE_DETAIL,19,DR_SER_GL_ACCT_ID,nvarchar,60,0,0,YES,NO,NO
WIP_ISSUE_DETAIL,20,CR_MAT_GL_ACCT_ID,nvarchar,60,0,0,YES,NO,NO
WIP_ISSUE_DETAIL,21,CR_LAB_GL_ACCT_ID,nvarchar,60,0,0,YES,NO,NO
WIP_ISSUE_DETAIL,22,CR_BUR_GL_ACCT_ID,nvarchar,60,0,0,YES,NO,NO
WIP_ISSUE_DETAIL,23,CR_SER_GL_ACCT_ID,nvarchar,60,0,0,YES,NO,NO
WIP_ISSUE_DIST,1,ROWID,int,4,10,0,NO,YES,NO
WIP_ISSUE_DIST,2,WORKORDER_TYPE,nchar,2,0,0,NO,NO,NO
WIP_ISSUE_DIST,3,WORKORDER_BASE_ID,nvarchar,60,0,0,NO,NO,NO
WIP_ISSUE_DIST,4,WORKORDER_LOT_ID,nvarchar,6,0,0,NO,NO,NO
WIP_ISSUE_DIST,5,WORKORDER_SPLIT_ID,nvarchar,6,0,0,NO,NO,NO
WIP_ISSUE_DIST,6,WORKORDER_SUB_ID,nvarchar,6,0,0,NO,NO,NO
WIP_ISSUE_DIST,7,DIST_NO,smallint,2,5,0,NO,NO,NO
WIP_ISSUE_DIST,8,ENTRY_NO,smallint,2,5,0,NO,NO,NO
WIP_ISSUE_DIST,9,AMOUNT,decimal,13,23,8,NO,NO,NO
WIP_ISSUE_DIST,10,AMOUNT_TYPE,nchar,4,0,0,NO,NO,NO
WIP_ISSUE_DIST,11,GL_ACCOUNT_ID,nvarchar,60,0,0,NO,NO,NO
WIP_ISSUE_DIST,12,SITE_ID,nvarchar,30,0,0,NO,NO,NO
WIP_ISSUE_DIST,13,POSTING_STATUS,nchar,2,0,0,NO,NO,NO
WIP_ISSUE_DIST,14,POSTING_DATE,datetime,8,23,3,NO,NO,NO
WIP_ISSUE_DIST,15,BATCH_ID,nvarchar,30,0,0,YES,NO,NO
WIP_ISSUE_DIST,16,CREATE_DATE,datetime,8,23,3,NO,NO,NO
WIP_ISSUE_DIST,17,USER_ID,nvarchar,40,0,0,NO,NO,NO
WIP_ISSUE_DIST,18,CURRENCY_ID,nvarchar,30,0,0,NO,NO,NO
WIP_ISSUE_DIST,19,NATIVE,nchar,2,0,0,YES,NO,NO
WIP_LABOR_DETAIL,1,ROWID,int,4,10,0,NO,YES,NO
WIP_LABOR_DETAIL,2,WORKORDER_TYPE,nchar,2,0,0,NO,NO,NO
WIP_LABOR_DETAIL,3,WORKORDER_BASE_ID,nvarchar,60,0,0,NO,NO,NO
WIP_LABOR_DETAIL,4,WORKORDER_LOT_ID,nvarchar,6,0,0,NO,NO,NO
WIP_LABOR_DETAIL,5,WORKORDER_SPLIT_ID,nvarchar,6,0,0,NO,NO,NO
WIP_LABOR_DETAIL,6,WORKORDER_SUB_ID,nvarchar,6,0,0,NO,NO,NO
WIP_LABOR_DETAIL,7,DIST_NO,smallint,2,5,0,NO,NO,NO
WIP_LABOR_DETAIL,8,TRANSACTION_ID,int,4,10,0,NO,NO,NO
WIP_LABOR_DETAIL,9,ACT_MATERIAL_COST,decimal,13,23,8,YES,NO,NO
WIP_LABOR_DETAIL,10,ACT_LABOR_COST,decimal,13,23,8,YES,NO,NO
WIP_LABOR_DETAIL,11,ACT_BURDEN_COST,decimal,13,23,8,YES,NO,NO
WIP_LABOR_DETAIL,12,ACT_SERVICE_COST,decimal,13,23,8,YES,NO,NO
WIP_LABOR_DETAIL,13,REFERENCE,nvarchar,100,0,0,YES,NO,NO
WIP_LABOR_DETAIL,14,CURRENCY_ID,nvarchar,30,0,0,NO,NO,NO
WIP_LABOR_DETAIL,15,DR_MAT_GL_ACCT_ID,nvarchar,60,0,0,YES,NO,NO
WIP_LABOR_DETAIL,16,DR_LAB_GL_ACCT_ID,nvarchar,60,0,0,YES,NO,NO
WIP_LABOR_DETAIL,17,DR_BUR_GL_ACCT_ID,nvarchar,60,0,0,YES,NO,NO
WIP_LABOR_DETAIL,18,DR_SER_GL_ACCT_ID,nvarchar,60,0,0,YES,NO,NO
WIP_LABOR_DETAIL,19,CR_MAT_GL_ACCT_ID,nvarchar,60,0,0,YES,NO,NO
WIP_LABOR_DETAIL,20,CR_LAB_GL_ACCT_ID,nvarchar,60,0,0,YES,NO,NO
WIP_LABOR_DETAIL,21,CR_BUR_GL_ACCT_ID,nvarchar,60,0,0,YES,NO,NO
WIP_LABOR_DETAIL,22,CR_SER_GL_ACCT_ID,nvarchar,60,0,0,YES,NO,NO
WIP_PAYB_DETAIL,1,ROWID,int,4,10,0,NO,YES,NO
WIP_PAYB_DETAIL,2,WORKORDER_TYPE,nchar,2,0,0,NO,NO,NO
WIP_PAYB_DETAIL,3,WORKORDER_BASE_ID,nvarchar,60,0,0,NO,NO,NO
WIP_PAYB_DETAIL,4,WORKORDER_LOT_ID,nvarchar,6,0,0,NO,NO,NO
WIP_PAYB_DETAIL,5,WORKORDER_SPLIT_ID,nvarchar,6,0,0,NO,NO,NO
WIP_PAYB_DETAIL,6,WORKORDER_SUB_ID,nvarchar,6,0,0,NO,NO,NO
WIP_PAYB_DETAIL,7,DIST_NO,smallint,2,5,0,NO,NO,NO
WIP_PAYB_DETAIL,8,VOUCHER_ID,nvarchar,30,0,0,NO,NO,NO
WIP_PAYB_DETAIL,9,VOUCHER_LINE_NO,smallint,2,5,0,NO,NO,NO
WIP_PAYB_DETAIL,10,ACT_MATERIAL_COST,decimal,13,23,8,YES,NO,NO
WIP_PAYB_DETAIL,11,ACT_LABOR_COST,decimal,13,23,8,YES,NO,NO
WIP_PAYB_DETAIL,12,ACT_BURDEN_COST,decimal,13,23,8,YES,NO,NO
WIP_PAYB_DETAIL,13,ACT_SERVICE_COST,decimal,13,23,8,YES,NO,NO
WIP_PAYB_DETAIL,14,REFERENCE,nvarchar,100,0,0,YES,NO,NO
WIP_PAYB_DETAIL,15,CURRENCY_ID,nvarchar,30,0,0,NO,NO,NO
WIP_RECEIPT_DETAIL,1,ROWID,int,4,10,0,NO,YES,NO
WIP_RECEIPT_DETAIL,2,WORKORDER_TYPE,nchar,2,0,0,NO,NO,NO
WIP_RECEIPT_DETAIL,3,WORKORDER_BASE_ID,nvarchar,60,0,0,NO,NO,NO
WIP_RECEIPT_DETAIL,4,WORKORDER_LOT_ID,nvarchar,6,0,0,NO,NO,NO
WIP_RECEIPT_DETAIL,5,WORKORDER_SPLIT_ID,nvarchar,6,0,0,NO,NO,NO
WIP_RECEIPT_DETAIL,6,WORKORDER_SUB_ID,nvarchar,6,0,0,NO,NO,NO
WIP_RECEIPT_DETAIL,7,DIST_NO,smallint,2,5,0,NO,NO,NO
WIP_RECEIPT_DETAIL,8,TRANSACTION_ID,int,4,10,0,NO,NO,NO
WIP_RECEIPT_DETAIL,9,PART_ID,nvarchar,60,0,0,YES,NO,NO
WIP_RECEIPT_DETAIL,10,PRODUCT_CODE,nvarchar,30,0,0,YES,NO,NO
WIP_RECEIPT_DETAIL,11,FLAG,nchar,2,0,0,NO,NO,NO
WIP_RECEIPT_DETAIL,12,ACT_MATERIAL_COST,decimal,13,23,8,YES,NO,NO
WIP_RECEIPT_DETAIL,13,ACT_LABOR_COST,decimal,13,23,8,YES,NO,NO
WIP_RECEIPT_DETAIL,14,ACT_BURDEN_COST,decimal,13,23,8,YES,NO,NO
WIP_RECEIPT_DETAIL,15,ACT_SERVICE_COST,decimal,13,23,8,YES,NO,NO
WIP_RECEIPT_DETAIL,16,VAR_MATERIAL_COST,decimal,13,23,8,YES,NO,NO
WIP_RECEIPT_DETAIL,17,VAR_LABOR_COST,decimal,13,23,8,YES,NO,NO
WIP_RECEIPT_DETAIL,18,VAR_BURDEN_COST,decimal,13,23,8,YES,NO,NO
WIP_RECEIPT_DETAIL,19,VAR_SERVICE_COST,decimal,13,23,8,YES,NO,NO
WIP_RECEIPT_DETAIL,20,REFERENCE,nvarchar,100,0,0,YES,NO,NO
WIP_RECEIPT_DETAIL,21,CURRENCY_ID,nvarchar,30,0,0,NO,NO,NO
WIP_RECEIPT_DETAIL,22,DR_MAT_GL_ACCT_ID,nvarchar,60,0,0,YES,NO,NO
WIP_RECEIPT_DETAIL,23,DR_LAB_GL_ACCT_ID,nvarchar,60,0,0,YES,NO,NO
WIP_RECEIPT_DETAIL,24,DR_BUR_GL_ACCT_ID,nvarchar,60,0,0,YES,NO,NO
WIP_RECEIPT_DETAIL,25,DR_SER_GL_ACCT_ID,nvarchar,60,0,0,YES,NO,NO
WIP_RECEIPT_DETAIL,26,CR_MAT_GL_ACCT_ID,nvarchar,60,0,0,YES,NO,NO
WIP_RECEIPT_DETAIL,27,CR_LAB_GL_ACCT_ID,nvarchar,60,0,0,YES,NO,NO
WIP_RECEIPT_DETAIL,28,CR_BUR_GL_ACCT_ID,nvarchar,60,0,0,YES,NO,NO
WIP_RECEIPT_DETAIL,29,CR_SER_GL_ACCT_ID,nvarchar,60,0,0,YES,NO,NO
WIP_RECEIPT_DIST,1,ROWID,int,4,10,0,NO,YES,NO
WIP_RECEIPT_DIST,2,WORKORDER_TYPE,nchar,2,0,0,NO,NO,NO
WIP_RECEIPT_DIST,3,WORKORDER_BASE_ID,nvarchar,60,0,0,NO,NO,NO
WIP_RECEIPT_DIST,4,WORKORDER_LOT_ID,nvarchar,6,0,0,NO,NO,NO
WIP_RECEIPT_DIST,5,WORKORDER_SPLIT_ID,nvarchar,6,0,0,NO,NO,NO
WIP_RECEIPT_DIST,6,WORKORDER_SUB_ID,nvarchar,6,0,0,NO,NO,NO
WIP_RECEIPT_DIST,7,DIST_NO,smallint,2,5,0,NO,NO,NO
WIP_RECEIPT_DIST,8,ENTRY_NO,smallint,2,5,0,NO,NO,NO
WIP_RECEIPT_DIST,9,AMOUNT,decimal,13,23,8,NO,NO,NO
WIP_RECEIPT_DIST,10,AMOUNT_TYPE,nchar,4,0,0,NO,NO,NO
WIP_RECEIPT_DIST,11,GL_ACCOUNT_ID,nvarchar,60,0,0,NO,NO,NO
WIP_RECEIPT_DIST,12,SITE_ID,nvarchar,30,0,0,NO,NO,NO
WIP_RECEIPT_DIST,13,POSTING_STATUS,nchar,2,0,0,NO,NO,NO
WIP_RECEIPT_DIST,14,POSTING_DATE,datetime,8,23,3,NO,NO,NO
WIP_RECEIPT_DIST,15,BATCH_ID,nvarchar,30,0,0,YES,NO,NO
WIP_RECEIPT_DIST,16,CREATE_DATE,datetime,8,23,3,NO,NO,NO
WIP_RECEIPT_DIST,17,USER_ID,nvarchar,40,0,0,NO,NO,NO
WIP_RECEIPT_DIST,18,CURRENCY_ID,nvarchar,30,0,0,NO,NO,NO
WIP_RECEIPT_DIST,19,NATIVE,nchar,2,0,0,YES,NO,NO
WIP_SERVICE_DETAIL,1,ROWID,int,4,10,0,NO,YES,NO
WIP_SERVICE_DETAIL,2,WORKORDER_TYPE,nchar,2,0,0,NO,NO,NO
WIP_SERVICE_DETAIL,3,WORKORDER_BASE_ID,nvarchar,60,0,0,NO,NO,NO
WIP_SERVICE_DETAIL,4,WORKORDER_LOT_ID,nvarchar,6,0,0,NO,NO,NO
WIP_SERVICE_DETAIL,5,WORKORDER_SPLIT_ID,nvarchar,6,0,0,NO,NO,NO
WIP_SERVICE_DETAIL,6,WORKORDER_SUB_ID,nvarchar,6,0,0,NO,NO,NO
WIP_SERVICE_DETAIL,7,DIST_NO,smallint,2,5,0,NO,NO,NO
WIP_SERVICE_DETAIL,8,TRANSACTION_ID,int,4,10,0,NO,NO,NO
WIP_SERVICE_DETAIL,9,ACT_MATERIAL_COST,decimal,13,23,8,YES,NO,NO
WIP_SERVICE_DETAIL,10,ACT_LABOR_COST,decimal,13,23,8,YES,NO,NO
WIP_SERVICE_DETAIL,11,ACT_BURDEN_COST,decimal,13,23,8,YES,NO,NO
WIP_SERVICE_DETAIL,12,ACT_SERVICE_COST,decimal,13,23,8,YES,NO,NO
WIP_SERVICE_DETAIL,13,REFERENCE,nvarchar,100,0,0,YES,NO,NO
WIP_SERVICE_DETAIL,14,CURRENCY_ID,nvarchar,30,0,0,NO,NO,NO
WIP_SERVICE_DETAIL,15,DR_MAT_GL_ACCT_ID,nvarchar,60,0,0,YES,NO,NO
WIP_SERVICE_DETAIL,16,DR_LAB_GL_ACCT_ID,nvarchar,60,0,0,YES,NO,NO
WIP_SERVICE_DETAIL,17,DR_BUR_GL_ACCT_ID,nvarchar,60,0,0,YES,NO,NO
WIP_SERVICE_DETAIL,18,DR_SER_GL_ACCT_ID,nvarchar,60,0,0,YES,NO,NO
WIP_SERVICE_DETAIL,19,CR_MAT_GL_ACCT_ID,nvarchar,60,0,0,YES,NO,NO
WIP_SERVICE_DETAIL,20,CR_LAB_GL_ACCT_ID,nvarchar,60,0,0,YES,NO,NO
WIP_SERVICE_DETAIL,21,CR_BUR_GL_ACCT_ID,nvarchar,60,0,0,YES,NO,NO
WIP_SERVICE_DETAIL,22,CR_SER_GL_ACCT_ID,nvarchar,60,0,0,YES,NO,NO
WIP_SPLIT_DETAIL,1,ROWID,int,4,10,0,NO,YES,NO
WIP_SPLIT_DETAIL,2,WORKORDER_TYPE,nchar,2,0,0,NO,NO,NO
WIP_SPLIT_DETAIL,3,WORKORDER_BASE_ID,nvarchar,60,0,0,NO,NO,NO
WIP_SPLIT_DETAIL,4,WORKORDER_LOT_ID,nvarchar,6,0,0,NO,NO,NO
WIP_SPLIT_DETAIL,5,WORKORDER_SPLIT_ID,nvarchar,6,0,0,NO,NO,NO
WIP_SPLIT_DETAIL,6,WORKORDER_SUB_ID,nvarchar,6,0,0,NO,NO,NO
WIP_SPLIT_DETAIL,7,DIST_NO,smallint,2,5,0,NO,NO,NO
WIP_SPLIT_DETAIL,8,TRANSACTION_ID,int,4,10,0,NO,NO,NO
WIP_SPLIT_DETAIL,9,ACT_MATERIAL_COST,decimal,13,23,8,YES,NO,NO
WIP_SPLIT_DETAIL,10,ACT_LABOR_COST,decimal,13,23,8,YES,NO,NO
WIP_SPLIT_DETAIL,11,ACT_BURDEN_COST,decimal,13,23,8,YES,NO,NO
WIP_SPLIT_DETAIL,12,ACT_SERVICE_COST,decimal,13,23,8,YES,NO,NO
WIP_SPLIT_DETAIL,13,REFERENCE,nvarchar,100,0,0,YES,NO,NO
WIP_SPLIT_DETAIL,14,CURRENCY_ID,nvarchar,30,0,0,NO,NO,NO
WIP_SPLIT_DETAIL,15,DR_MAT_GL_ACCT_ID,nvarchar,60,0,0,YES,NO,NO
WIP_SPLIT_DETAIL,16,DR_LAB_GL_ACCT_ID,nvarchar,60,0,0,YES,NO,NO
WIP_SPLIT_DETAIL,17,DR_BUR_GL_ACCT_ID,nvarchar,60,0,0,YES,NO,NO
WIP_SPLIT_DETAIL,18,DR_SER_GL_ACCT_ID,nvarchar,60,0,0,YES,NO,NO
WIP_SPLIT_DETAIL,19,CR_MAT_GL_ACCT_ID,nvarchar,60,0,0,YES,NO,NO
WIP_SPLIT_DETAIL,20,CR_LAB_GL_ACCT_ID,nvarchar,60,0,0,YES,NO,NO
WIP_SPLIT_DETAIL,21,CR_BUR_GL_ACCT_ID,nvarchar,60,0,0,YES,NO,NO
WIP_SPLIT_DETAIL,22,CR_SER_GL_ACCT_ID,nvarchar,60,0,0,YES,NO,NO
WIP_VAS,1,ROWID,int,4,10,0,NO,YES,NO
WIP_VAS,2,WIP_VAS_ID,nvarchar,30,0,0,NO,NO,NO
WIP_VAS,3,DESCRIPTION,nvarchar,160,0,0,YES,NO,NO
WIP_VAS,4,UNIT_PRICE,decimal,13,22,8,NO,NO,NO
WIP_VAS_SYNC,1,ROWID,int,4,10,0,NO,YES,NO
WIP_VAS_SYNC,2,EVENT_ID,int,4,10,0,NO,NO,NO
WIP_VAS_SYNC,3,TYPE,nchar,2,0,0,NO,NO,NO
WIP_VAS_SYNC,4,CREATE_DATE,datetime,8,23,3,NO,NO,NO
WIP_VAS_SYNC,5,WIP_VAS_ID,nvarchar,30,0,0,NO,NO,NO
WIP_VAS_SYNC,6,EXCEPTION,nchar,2,0,0,NO,NO,NO
WIP_VAS_SYNC,7,SUBSCRIPTIONS,int,4,10,0,NO,NO,NO
WITHHOLDING,1,ROWID,int,4,10,0,NO,YES,NO
WITHHOLDING,2,CODE,nvarchar,30,0,0,NO,NO,NO
WITHHOLDING,3,DESCRIPTION,nvarchar,80,0,0,YES,NO,NO
WITHHOLDING,4,TAX_PERCENT,decimal,9,15,2,NO,NO,NO
WITHHOLDING,5,TAX_ALLOWANCE_PCT,decimal,9,15,2,NO,NO,NO
WITHHOLDING,6,TAX_GL_ACCT_ID,nvarchar,60,0,0,NO,NO,NO
WO_SCH_PRIORITY,1,ROWID,int,4,10,0,NO,YES,NO
WO_SCH_PRIORITY,2,SCHEDULE_ID,nvarchar,30,0,0,NO,NO,NO
WO_SCH_PRIORITY,3,WORKORDER_TYPE,nchar,2,0,0,NO,NO,NO
WO_SCH_PRIORITY,4,WORKORDER_BASE_ID,nvarchar,60,0,0,NO,NO,NO
WO_SCH_PRIORITY,5,WORKORDER_LOT_ID,nvarchar,6,0,0,NO,NO,NO
WO_SCH_PRIORITY,6,WORKORDER_SPLIT_ID,nvarchar,6,0,0,NO,NO,NO
WO_SCH_PRIORITY,7,WORKORDER_SUB_ID,nvarchar,6,0,0,NO,NO,NO
WO_SCH_PRIORITY,8,GLOBAL_RANK,smallint,2,5,0,YES,NO,NO
WO_SETUP_ATTRIB,1,ROWID,int,4,10,0,NO,YES,NO
WO_SETUP_ATTRIB,2,WORKORDER_TYPE,nchar,2,0,0,NO,NO,NO
WO_SETUP_ATTRIB,3,WORKORDER_BASE_ID,nvarchar,60,0,0,NO,NO,NO
WO_SETUP_ATTRIB,4,WORKORDER_LOT_ID,nvarchar,6,0,0,NO,NO,NO
WO_SETUP_ATTRIB,5,WORKORDER_SPLIT_ID,nvarchar,6,0,0,NO,NO,NO
WO_SETUP_ATTRIB,6,WORKORDER_SUB_ID,nvarchar,6,0,0,NO,NO,NO
WO_SETUP_ATTRIB,7,ATTRIBUTE_ID,nvarchar,30,0,0,NO,NO,NO
WO_SETUP_ATTRIB,8,NUMERIC_VALUE,decimal,13,23,8,YES,NO,NO
WO_SETUP_ATTRIB,9,ALPHA_VALUE,nvarchar,60,0,0,YES,NO,NO
WO_SETUP_ATTRIB,10,DATE_VALUE,datetime,8,23,3,YES,NO,NO
WORK_ORDER,1,ROWID,int,4,10,0,NO,YES,NO
WORK_ORDER,2,TYPE,nchar,2,0,0,NO,NO,NO
WORK_ORDER,3,BASE_ID,nvarchar,60,0,0,NO,NO,NO
WORK_ORDER,4,LOT_ID,nvarchar,6,0,0,NO,NO,NO
WORK_ORDER,5,SPLIT_ID,nvarchar,6,0,0,NO,NO,NO
WORK_ORDER,6,SUB_ID,nvarchar,6,0,0,NO,NO,NO
WORK_ORDER,7,PART_ID,nvarchar,60,0,0,YES,NO,NO
WORK_ORDER,8,GLOBAL_RANK,smallint,2,5,0,YES,NO,NO
WORK_ORDER,9,DESIRED_QTY,decimal,13,20,8,YES,NO,NO
WORK_ORDER,10,RECEIVED_QTY,decimal,13,20,8,NO,NO,NO
WORK_ORDER,11,CREATE_DATE,datetime,8,23,3,NO,NO,NO
WORK_ORDER,12,DESIRED_RLS_DATE,datetime,8,23,3,YES,NO,NO
WORK_ORDER,13,DESIRED_WANT_DATE,datetime,8,23,3,YES,NO,NO
WORK_ORDER,14,CLOSE_DATE,datetime,8,23,3,YES,NO,NO
WORK_ORDER,15,COSTED_DATE,datetime,8,23,3,YES,NO,NO
WORK_ORDER,16,STATUS,nchar,2,0,0,NO,NO,NO
WORK_ORDER,17,COPY_FROM_SPLIT_ID,nvarchar,6,0,0,YES,NO,NO
WORK_ORDER,18,ENGINEERED_BY,nvarchar,80,0,0,YES,NO,NO
WORK_ORDER,19,ENGINEERED_DATE,datetime,8,23,3,YES,NO,NO
WORK_ORDER,20,DRAWING_ID,nvarchar,60,0,0,YES,NO,NO
WORK_ORDER,21,DRAWING_REV_NO,nvarchar,16,0,0,YES,NO,NO
WORK_ORDER,22,PRODUCT_CODE,nvarchar,30,0,0,YES,NO,NO
WORK_ORDER,23,COMMODITY_CODE,nvarchar,30,0,0,YES,NO,NO
WORK_ORDER,24,FORWARD_SCHEDULE,nchar,2,0,0,NO,NO,NO
WORK_ORDER,25,POSTING_CANDIDATE,nchar,2,0,0,NO,NO,NO
WORK_ORDER,26,MAT_GL_ACCT_ID,nvarchar,60,0,0,YES,NO,NO
WORK_ORDER,27,LAB_GL_ACCT_ID,nvarchar,60,0,0,YES,NO,NO
WORK_ORDER,28,BUR_GL_ACCT_ID,nvarchar,60,0,0,YES,NO,NO
WORK_ORDER,29,SER_GL_ACCT_ID,nvarchar,60,0,0,YES,NO,NO
WORK_ORDER,30,VARIABLE_TABLE,nvarchar,500,0,0,YES,NO,NO
WORK_ORDER,32,SCHEDULE_GROUP_ID,nvarchar,30,0,0,YES,NO,NO
WORK_ORDER,33,SCHED_START_DATE,datetime,8,23,3,YES,NO,NO
WORK_ORDER,34,SCHED_FINISH_DATE,datetime,8,23,3,YES,NO,NO
WORK_ORDER,35,COULD_FINISH_DATE,datetime,8,23,3,YES,NO,NO
WORK_ORDER,36,EST_MATERIAL_COST,decimal,13,23,8,NO,NO,NO
WORK_ORDER,37,EST_LABOR_COST,decimal,13,23,8,NO,NO,NO
WORK_ORDER,38,EST_BURDEN_COST,decimal,13,23,8,NO,NO,NO
WORK_ORDER,39,EST_SERVICE_COST,decimal,13,23,8,NO,NO,NO
WORK_ORDER,40,ACT_MATERIAL_COST,decimal,13,23,8,NO,NO,NO
WORK_ORDER,41,ACT_LABOR_COST,decimal,13,23,8,NO,NO,NO
WORK_ORDER,42,ACT_BURDEN_COST,decimal,13,23,8,NO,NO,NO
WORK_ORDER,43,ACT_SERVICE_COST,decimal,13,23,8,NO,NO,NO
WORK_ORDER,44,REM_MATERIAL_COST,decimal,13,23,8,NO,NO,NO
WORK_ORDER,45,REM_LABOR_COST,decimal,13,23,8,NO,NO,NO
WORK_ORDER,46,REM_BURDEN_COST,decimal,13,23,8,NO,NO,NO
WORK_ORDER,47,REM_SERVICE_COST,decimal,13,23,8,NO,NO,NO
WORK_ORDER,48,MARKED_FOR_PURGE,nchar,2,0,0,NO,NO,NO
WORK_ORDER,49,PRINTED_DATE,datetime,8,23,3,YES,NO,NO
WORK_ORDER,50,DRAWING_FILE,nvarchar,200,0,0,YES,NO,NO
WORK_ORDER,51,WAREHOUSE_ID,nvarchar,30,0,0,YES,NO,NO
WORK_ORDER,52,WIP_VAS_REQUIRED,nchar,2,0,0,YES,NO,NO
WORK_ORDER,53,ALLOCATED_QTY,decimal,13,20,8,NO,NO,NO
WORK_ORDER,54,FULFILLED_QTY,decimal,13,20,8,NO,NO,NO
WORK_ORDER,55,DEF_LBL_FORMAT_ID,nvarchar,60,0,0,YES,NO,NO
WORK_ORDER,56,HARD_RELEASE_DATE,nchar,2,0,0,YES,NO,NO
WORK_ORDER,57,USER_1,nvarchar,160,0,0,YES,NO,NO
WORK_ORDER,58,USER_2,nvarchar,160,0,0,YES,NO,NO
WORK_ORDER,59,USER_3,nvarchar,160,0,0,YES,NO,NO
WORK_ORDER,60,USER_4,nvarchar,160,0,0,YES,NO,NO
WORK_ORDER,61,USER_5,nvarchar,160,0,0,YES,NO,NO
WORK_ORDER,62,USER_6,nvarchar,160,0,0,YES,NO,NO
WORK_ORDER,63,USER_7,nvarchar,160,0,0,YES,NO,NO
WORK_ORDER,64,USER_8,nvarchar,160,0,0,YES,NO,NO
WORK_ORDER,65,USER_9,nvarchar,160,0,0,YES,NO,NO
WORK_ORDER,66,USER_10,nvarchar,160,0,0,YES,NO,NO
WORK_ORDER,67,UDF_LAYOUT_ID,nvarchar,30,0,0,YES,NO,NO
WORK_ORDER,68,DBR_TYPE,nchar,2,0,0,YES,NO,NO
WORK_ORDER,69,DBR_PRIORITY,nchar,2,0,0,YES,NO,NO
WORK_ORDER,70,DBR_CODE,int,4,10,0,YES,NO,NO
WORK_ORDER,71,WBS_CODE,nvarchar,60,0,0,YES,NO,NO
WORK_ORDER,72,WBS_PROJECT,nchar,2,0,0,YES,NO,NO
WORK_ORDER,73,WBS_CUST_ORDER_ID,nvarchar,30,0,0,YES,NO,NO
WORK_ORDER,74,MILESTONE_SEQ_NO,smallint,2,5,0,YES,NO,NO
WORK_ORDER,75,MILESTONE_SUB_ID,nvarchar,6,0,0,YES,NO,NO
WORK_ORDER,76,ECN_REVISION,nchar,2,0,0,YES,NO,NO
WORK_ORDER,77,EDI_BLANKET_FLAG,nchar,2,0,0,YES,NO,NO
WORK_ORDER,78,DISPATCHED,nchar,2,0,0,YES,NO,NO
WORK_ORDER,79,ORIG_STAGE_REVISION_ID,nvarchar,48,0,0,YES,NO,NO
WORK_ORDER,80,STATUS_EFF_DATE,datetime,8,23,3,NO,NO,NO
WORK_ORDER,81,ALLOW_ALT_PARTS,nchar,2,0,0,YES,NO,NO
WORK_ORDER,82,ALLOW_UPD_FROM_MST,nchar,2,0,0,NO,NO,NO
WORK_ORDER,83,ALLOW_UPD_FROM_LEG,nchar,2,0,0,NO,NO,NO
WORK_ORDER,84,UPDATE_FROM_REF,nvarchar,200,0,0,YES,NO,NO
WORK_ORDER,85,UPDATE_USER_ID,nvarchar,40,0,0,YES,NO,NO
WORK_ORDER,86,UPDATE_ENG_MASTER,nvarchar,6,0,0,YES,NO,NO
WORK_ORDER,87,UPDATE_DATE,datetime,8,23,3,YES,NO,NO
WORK_ORDER,88,SITE_ID,nvarchar,30,0,0,NO,NO,NO
WORK_ORDER,89,PROD_ORDER_TYPE,nvarchar,50,0,0,YES,NO,NO
WORK_ORDER,90,PLANNER_ID,nvarchar,40,0,0,YES,NO,NO
WORK_ORDER,91,INACTIVE,nchar,2,0,0,NO,NO,NO
WORK_ORDER,92,ENTERED_BY,nvarchar,200,0,0,YES,NO,NO
WORK_ORDER,93,PERCENT_COMPL,nvarchar,2,0,0,YES,NO,NO
WORK_ORDER,94,QTY_COMPL_BY_HRS,nvarchar,2,0,0,YES,NO,NO
WORK_ORDER,95,MAX_QTY_COMPLETE,decimal,13,20,8,YES,NO,NO
WORK_ORDER,96,CUSTOMER_PRIORITY,int,4,10,0,NO,NO,NO
WORK_ORDER_SCHED,1,ROWID,int,4,10,0,NO,YES,NO
WORK_ORDER_SCHED,2,SCHEDULE_ID,nvarchar,30,0,0,NO,NO,NO
WORK_ORDER_SCHED,3,WORKORDER_TYPE,nchar,2,0,0,NO,NO,NO
WORK_ORDER_SCHED,4,WORKORDER_BASE_ID,nvarchar,60,0,0,NO,NO,NO
WORK_ORDER_SCHED,5,WORKORDER_LOT_ID,nvarchar,6,0,0,NO,NO,NO
WORK_ORDER_SCHED,6,WORKORDER_SPLIT_ID,nvarchar,6,0,0,NO,NO,NO
WORK_ORDER_SCHED,7,WORKORDER_SUB_ID,nvarchar,6,0,0,NO,NO,NO
WORK_ORDER_SCHED,8,PART_ID,nvarchar,60,0,0,YES,NO,NO
WORK_ORDER_SCHED,9,START_DATE,datetime,8,23,3,YES,NO,NO
WORK_ORDER_SCHED,10,FINISH_DATE,datetime,8,23,3,YES,NO,NO
WORK_ORDER_SCHED,11,SCHEDULE_TIME,decimal,5,5,2,YES,NO,NO
WORK_ORDER_SCHED,12,PASS_COUNT,int,4,10,0,YES,NO,NO
WORK_ORDER_SCHED,13,SCHEDULE_RANK,int,4,10,0,YES,NO,NO
WORK_ORDER_SCHED,14,BITS,image,16,0,0,YES,NO,NO
WORK_ORDER_SCHED,15,BITS_LENGTH,int,4,10,0,NO,NO,NO
WORK_ORDER_SCHED,16,CCR_COUNT,int,4,10,0,YES,NO,NO
WORK_ORDER_SCHED,17,PROBLEM_CODE,int,4,10,0,YES,NO,NO
WORK_ORDER_SYNC,1,ROWID,int,4,10,0,NO,YES,NO
WORK_ORDER_SYNC,2,EVENT_ID,int,4,10,0,NO,NO,NO
WORK_ORDER_SYNC,3,TYPE,nchar,2,0,0,NO,NO,NO
WORK_ORDER_SYNC,4,CREATE_DATE,datetime,8,23,3,NO,NO,NO
WORK_ORDER_SYNC,5,WORKORDER_TYPE,nchar,2,0,0,NO,NO,NO
WORK_ORDER_SYNC,6,WORKORDER_BASE_ID,nvarchar,60,0,0,NO,NO,NO
WORK_ORDER_SYNC,7,WORKORDER_LOT_ID,nvarchar,6,0,0,NO,NO,NO
WORK_ORDER_SYNC,8,WORKORDER_SPLIT_ID,nvarchar,6,0,0,NO,NO,NO
WORK_ORDER_SYNC,9,WORKORDER_SUB_ID,nvarchar,6,0,0,NO,NO,NO
WORK_ORDER_SYNC,10,EXCEPTION,nchar,2,0,0,NO,NO,NO
WORK_ORDER_SYNC,11,SUBSCRIPTIONS,int,4,10,0,NO,NO,NO
WORKFLOW,1,ROWID,int,4,10,0,NO,YES,NO
WORKFLOW,2,TYPE,nvarchar,60,0,0,NO,NO,NO
WORKFLOW,3,APPLICATION_AREA,nvarchar,60,0,0,NO,NO,NO
WORKFLOW,4,TEMPLATE_NAME,nvarchar,60,0,0,NO,NO,NO
WORKFLOW,5,REFERENCE,nvarchar,200,0,0,NO,NO,NO
WORKFLOW,6,STATUS,nvarchar,60,0,0,YES,NO,NO
WORKFLOW,7,DBTABLE,nvarchar,60,0,0,YES,NO,NO
WORKFLOW,8,EVALUATE_ON_TIMER,nchar,2,0,0,YES,NO,NO
WORKFLOW,9,DIAGRAM,image,16,0,0,YES,NO,NO
WORKFLOW,10,curr_step_name,nvarchar,30,0,0,YES,NO,NO
WORKFLOW,11,curr_step_id,nvarchar,20,0,0,YES,NO,NO
WORKFLOW,12,curr_approv_user,nvarchar,30,0,0,YES,NO,NO
WORKFLOW,13,curr_step_start_on,datetime,8,23,3,YES,NO,NO
WORKFLOW,14,curr_step_last_notified,datetime,8,23,3,YES,NO,NO
WORKFLOW,15,STATUS_EFF_DATE,datetime,8,23,3,NO,NO,NO
WORKFLOW_EVENT,1,ROWID,int,4,10,0,NO,YES,NO
WORKFLOW_EVENT,2,CREATE_DATE,datetime,8,23,3,NO,NO,NO
WORKORD_MILESTONE,1,ROWID,int,4,10,0,NO,YES,NO
WORKORD_MILESTONE,2,WORKORDER_TYPE,nchar,2,0,0,NO,NO,NO
WORKORD_MILESTONE,3,WORKORDER_BASE_ID,nvarchar,60,0,0,NO,NO,NO
WORKORD_MILESTONE,4,WORKORDER_LOT_ID,nvarchar,6,0,0,NO,NO,NO
WORKORD_MILESTONE,5,WORKORDER_SPLIT_ID,nvarchar,6,0,0,NO,NO,NO
WORKORD_MILESTONE,6,WORKORDER_SUB_ID,nvarchar,6,0,0,NO,NO,NO
WORKORD_MILESTONE,7,MILESTONE_ID,nvarchar,30,0,0,NO,NO,NO
WORKORD_MILESTONE,8,DESCRIPTION,nvarchar,160,0,0,YES,NO,NO
WORKORD_MILESTONE,9,MAT_GL_ACCT_ID,nvarchar,60,0,0,NO,NO,NO
WORKORD_MILESTONE,10,LAB_GL_ACCT_ID,nvarchar,60,0,0,NO,NO,NO
WORKORD_MILESTONE,11,BUR_GL_ACCT_ID,nvarchar,60,0,0,NO,NO,NO
WORKORD_MILESTONE,12,SER_GL_ACCT_ID,nvarchar,60,0,0,NO,NO,NO
WORKORDER_AUDIT,1,ROWID,int,4,10,0,NO,YES,NO
WORKORDER_AUDIT,2,SCHEDULE_ID,nvarchar,30,0,0,NO,NO,NO
WORKORDER_AUDIT,3,WORKORDER_TYPE,nchar,2,0,0,NO,NO,NO
WORKORDER_AUDIT,4,WORKORDER_BASE_ID,nvarchar,60,0,0,NO,NO,NO
WORKORDER_AUDIT,5,WORKORDER_LOT_ID,nvarchar,6,0,0,NO,NO,NO
WORKORDER_AUDIT,6,WORKORDER_SPLIT_ID,nvarchar,6,0,0,NO,NO,NO
WORKORDER_AUDIT,7,PASS_NO,int,4,10,0,NO,NO,NO
WORKORDER_AUDIT,8,PASS_DIRECTION,nchar,2,0,0,NO,NO,NO
WORKORDER_AUDIT,9,PASS_RESULT,nchar,2,0,0,NO,NO,NO
WORKORDER_AUDIT,10,START_DATE,datetime,8,23,3,YES,NO,NO
WORKORDER_AUDIT,11,FINISH_DATE,datetime,8,23,3,YES,NO,NO
WORKORDER_AUDIT,12,COULD_START_FINISH,datetime,8,23,3,YES,NO,NO
WORKORDER_AUDIT,13,SCHEDULE_RANK,int,4,10,0,YES,NO,NO
WORKORDER_BINARY,1,ROWID,int,4,10,0,NO,YES,NO
WORKORDER_BINARY,2,WORKORDER_TYPE,nchar,2,0,0,NO,NO,NO
WORKORDER_BINARY,3,WORKORDER_BASE_ID,nvarchar,60,0,0,NO,NO,NO
WORKORDER_BINARY,4,WORKORDER_LOT_ID,nvarchar,6,0,0,NO,NO,NO
WORKORDER_BINARY,5,WORKORDER_SPLIT_ID,nvarchar,6,0,0,NO,NO,NO
WORKORDER_BINARY,6,WORKORDER_SUB_ID,nvarchar,6,0,0,NO,NO,NO
WORKORDER_BINARY,7,TYPE,nchar,2,0,0,NO,NO,NO
WORKORDER_BINARY,8,BITS,image,16,0,0,YES,NO,NO
WORKORDER_BINARY,9,BITS_LENGTH,int,4,10,0,NO,NO,NO
WORKORDER_SUMMARY,1,ROWID,int,4,10,0,NO,YES,NO
WORKORDER_SUMMARY,2,SPID,nvarchar,30,0,0,NO,NO,NO
WORKORDER_SUMMARY,3,WORKORDER_TYPE,nchar,2,0,0,NO,NO,NO
WORKORDER_SUMMARY,4,WORKORDER_BASE_ID,nvarchar,60,0,0,NO,NO,NO
WORKORDER_SUMMARY,5,WORKORDER_LOT_ID,nvarchar,6,0,0,NO,NO,NO
WORKORDER_SUMMARY,6,WORKORDER_SPLIT_ID,nvarchar,6,0,0,NO,NO,NO
WORKORDER_SUMMARY,7,WORKORDER_SUB_ID,nvarchar,6,0,0,NO,NO,NO
WORKORDER_SUMMARY,8,EST_ATL_MAT_COST,decimal,13,23,8,NO,NO,NO
WORKORDER_SUMMARY,9,EST_ATL_LAB_COST,decimal,13,23,8,NO,NO,NO
WORKORDER_SUMMARY,10,EST_ATL_BUR_COST,decimal,13,23,8,NO,NO,NO
WORKORDER_SUMMARY,11,EST_ATL_SER_COST,decimal,13,23,8,NO,NO,NO
WORKORDER_SUMMARY,12,REM_ATL_MAT_COST,decimal,13,23,8,NO,NO,NO
WORKORDER_SUMMARY,13,REM_ATL_LAB_COST,decimal,13,23,8,NO,NO,NO
WORKORDER_SUMMARY,14,REM_ATL_BUR_COST,decimal,13,23,8,NO,NO,NO
WORKORDER_SUMMARY,15,REM_ATL_SER_COST,decimal,13,23,8,NO,NO,NO
WORKORDER_SUMMARY,16,ACT_ATL_MAT_COST,decimal,13,23,8,NO,NO,NO
WORKORDER_SUMMARY,17,ACT_ATL_LAB_COST,decimal,13,23,8,NO,NO,NO
WORKORDER_SUMMARY,18,ACT_ATL_BUR_COST,decimal,13,23,8,NO,NO,NO
WORKORDER_SUMMARY,19,ACT_ATL_SER_COST,decimal,13,23,8,NO,NO,NO
WORKORDER_SUMMARY,20,STATUS,nchar,2,0,0,YES,NO,NO
WORKORDER_TRC_CTL,1,ROWID,int,4,10,0,NO,YES,NO
WORKORDER_TRC_CTL,2,WORKORDER_TYPE,nchar,2,0,0,NO,NO,NO
WORKORDER_TRC_CTL,3,WORKORDER_BASE_ID,nvarchar,60,0,0,NO,NO,NO
WORKORDER_TRC_CTL,4,WORKORDER_LOT_ID,nvarchar,6,0,0,NO,NO,NO
WORKORDER_TRC_CTL,5,WORKORDER_SPLIT_ID,nvarchar,6,0,0,NO,NO,NO
WORKORDER_TRC_CTL,6,WORKORDER_SUB_ID,nvarchar,6,0,0,NO,NO,NO
WORKORDER_TRC_CTL,7,OWNER_ID,nvarchar,30,0,0,YES,NO,NO