ORDER_ID,OPERATION_SEQ_NO,PIECE_NO,PART_ID,CALC_QTY,QTY_PER,FIXED_QTY,REQUIRED_DATE,SITE_ID,QTY_ON_HAND
WO-044271,889,10,23-12631-791,903.00000000,3.00000000,0.00000000,2035-05-28 00:00:00.000,MTM2,79200.00000000
WO-048093,99,10,FH-173-8,632.00000000,2.00000000,0.00000000,2031-04-04 02:10:00.000,MTM2,41700.00000000
WO-048946,99,10,FH-173-8,320.00000000,2.00000000,0.00000000,2027-04-20 09:50:00.000,MTM2,41700.00000000
WO-049296,10,10,10000020586,891.00000000,1.00000000,0.00000000,2032-07-13 07:00:00.000,MTM2,0.00000000
WO-049296,99,20,CDFMS081-111,7128.00000000,8.00000000,0.00000000,2032-07-15 09:50:00.000,MTM2,49585.00000000
WO-064622,10,10,MMC0000982,7221.50000000,6.50000000,0.00000000,2026-03-31 13:10:00.000,MTM2,0.00000000
WO-065727,10,10,MMC0000030,42.18000000,2.63600000,0.00000000,2026-05-21 07:10:00.000,MTM2,27580.00000000
WO-066025,80,10,60115881,125.00000000,5.00000000,0.00000000,2026-05-07 23:50:00.000,MTM2,449.00000000
WO-066025,90,10,963094,75.00000000,3.00000000,0.00000000,2026-05-08 00:30:00.000,MTM2,8296.00000000
WO-066184,29,10,78700517,0.00000000,6.00000000,0.00000000,2026-04-23 22:10:00.000,MTM2,13846.00000000
WO-066533,10,10,MMF0005525,267.24000000,5.24000000,0.00000000,2026-05-29 00:00:00.000,MTM2,10695.00000000
WO-066533,90,10,963094,51.00000000,1.00000000,0.00000000,2026-05-29 00:10:00.000,MTM2,8296.00000000
WO-066533,96,10,78691756,51.00000000,1.00000000,0.00000000,2026-05-29 00:20:00.000,MTM2,100.00000000
WO-066533,930,20,4QM281M,51.00000000,1.00000000,0.00000000,2026-05-08 07:00:00.000,MTM2,270.00000000
WO-067171,900,10,78781009,145.00000000,1.00000000,0.00000000,2026-03-27 07:00:00.000,MTM2,255.00000000
WO-067526,10,10,MMF0005525,188.64000000,5.24000000,0.00000000,2026-04-24 00:10:00.000,MTM2,10695.00000000
WO-067526,90,10,963094,36.00000000,1.00000000,0.00000000,2026-04-24 00:20:00.000,MTM2,8296.00000000
WO-067526,96,10,78691756,36.00000000,1.00000000,0.00000000,2026-04-24 00:30:00.000,MTM2,100.00000000
WO-067526,930,20,4QM281M,36.00000000,1.00000000,0.00000000,2026-04-24 07:00:00.000,MTM2,270.00000000
WO-067705,99,10,GM85053-2,20.00000000,1.00000000,0.00000000,2026-05-29 00:00:00.000,MTM2,20.00000000
WO-067843,309,10,MPB0000013,10.00000000,0.00200000,0.00000000,2026-04-17 00:00:00.000,MTM2,0.00000000
WO-067941,10,20,Tooling Not Ready,3.00000000,1.00000000,0.00000000,2026-03-19 00:20:00.000,MTM2,0.00000000
WO-067942,10,10,MMF0005808,66.96000000,22.32000000,0.00000000,2026-03-27 00:20:00.000,MTM2,1665.00000000
WO-067942,10,20,Tooling Not Ready,3.00000000,1.00000000,0.00000000,2026-03-27 00:20:00.000,MTM2,0.00000000
WO-067943,10,20,Tooling Not Ready,3.00000000,1.00000000,0.00000000,2026-03-19 01:00:00.000,MTM2,0.00000000
WO-068077,15,10,961616,20.00000000,4.00000000,0.00000000,2026-05-01 00:00:00.000,MTM2,76.00000000
WO-068077,90,10,24755869,5.00000000,1.00000000,0.00000000,2026-03-27 01:30:00.000,MTM2,0.00000000
WO-068132,10,10,MMC0000697,35770.35000000,17.93000000,0.00000000,2026-05-15 00:00:00.000,MTM2,27240.00000000
WO-068212,10,10,MMC0000251,53441.28000000,1.28000000,0.00000000,2026-05-15 13:00:00.000,MTM2,8520.00000000
WO-068212,99,10,VBG00006,836.00000000,0.02000000,0.00000000,2026-03-20 19:50:00.000,MTM2,2812.00000000
WO-068334,89,10,VBG00006,646.00000000,0.01540000,0.00000000,2026-04-17 07:00:00.000,MTM2,2812.00000000
WO-068334,89,20,84-1-01,646.00000000,0.01540000,0.00000000,2026-04-17 07:00:00.000,MTM2,943.00000000
WO-068342,100,10,8143420,38.00000000,2.00000000,0.00000000,2026-05-29 07:00:00.000,MTM2,12984.00000000
WO-068342,100,20,969278,38.00000000,2.00000000,0.00000000,2026-05-29 07:00:00.000,MTM2,984.00000000
WO-068342,100,30,78808626,19.00000000,1.00000000,0.00000000,2026-05-29 07:00:00.000,MTM2,2487.00000000
WO-068504,20,10,23-12729-008,15351.00000000,3.00000000,0.00000000,2026-03-11 13:00:00.000,MTM2,307947.00000000
WO-068584,10,10,MMC0000684,801.34000000,1.03000000,0.00000000,2026-03-10 17:40:00.000,MTM2,0.00000000
WO-068584,20,10,946761,778.00000000,1.00000000,0.00000000,2026-03-10 20:30:00.000,MTM2,17035.00000000
WO-068588,919,10,VBG00006,286.00000000,0.01250000,0.00000000,2026-03-06 20:50:00.000,MTM2,2812.00000000
WO-068590,10,10,40250-RH-Blank,50.00000000,1.00000000,0.00000000,2026-03-10 13:10:00.000,MTM2,0.00000000
WO-068692,919,10,VBG00006,145.00000000,0.00200000,0.00000000,2026-03-19 00:00:00.000,MTM2,2812.00000000
WO-068708,920,10,23541052,44.00000000,2.00000000,0.00000000,2026-05-29 07:00:00.000,MTM2,7488.00000000
WO-068810,90,10,23-10721-125,2500.00000000,2.00000000,0.00000000,2026-03-20 01:00:00.000,MTM2,5000.00000000
WO-068819,10,10,MMC0000638,575.30000000,0.11000000,0.00000000,2026-04-01 22:30:00.000,MTM2,1230.00000000
WO-068819,99,10,W99996-06002S,5230.00000000,1.00000000,0.00000000,2026-04-01 18:40:00.000,MTM2,118476.00000000
WO-068823,889,30,23-12631-791,6912.00000000,3.00000000,0.00000000,2026-04-03 16:50:00.000,MTM2,79200.00000000
WO-068842,90,10,XNM06024,11136.00000000,4.00000000,0.00000000,2026-03-13 04:00:00.000,MTM2,6109.00000000
WO-068848,90,10,975843-3PRO,73.00000000,1.00000000,0.00000000,2026-03-16 22:40:00.000,MTM2,19.00000000
WO-068891,919,10,VBG00006,323.00000000,0.01250000,0.00000000,2026-03-19 00:10:00.000,MTM2,2812.00000000
WO-068907,30,10,963093,4472.00000000,2.00000000,0.00000000,2026-03-11 09:20:00.000,MTM2,30615.00000000
WO-068932,19,10,24733508,186.00000000,2.00000000,0.00000000,2026-03-06 21:20:00.000,MTM2,1139.00000000
WO-068932,19,20,12A-B,744.00000000,8.00000000,0.00000000,2026-03-06 21:20:00.000,MTM2,69272.00000000
WO-068945,39,10,24858369,150.00000000,1.00000000,0.00000000,2026-03-27 07:00:00.000,MTM2,143.00000000
WO-068945,39,20,984752,1200.00000000,8.00000000,0.00000000,2026-03-27 07:00:00.000,MTM2,2585.00000000
WO-068945,39,30,990941,1200.00000000,8.00000000,0.00000000,2026-03-27 07:00:00.000,MTM2,1857.00000000
WO-068946,39,10,24858390,25.00000000,1.00000000,0.00000000,2026-04-24 07:00:00.000,MTM2,98.00000000
WO-068946,39,20,984752,150.00000000,6.00000000,0.00000000,2026-04-24 07:00:00.000,MTM2,2585.00000000
WO-068946,39,30,990941,150.00000000,6.00000000,0.00000000,2026-04-24 07:00:00.000,MTM2,1857.00000000
WO-068947,39,10,24858392,107.00000000,1.00000000,0.00000000,2026-05-01 07:00:00.000,MTM2,134.00000000
WO-068947,39,20,984752,749.00000000,7.00000000,0.00000000,2026-05-01 07:00:00.000,MTM2,2585.00000000
WO-068947,39,30,990941,749.00000000,7.00000000,0.00000000,2026-05-01 07:00:00.000,MTM2,1857.00000000
WO-068984,90,10,23-11669-100,18524.00000000,2.00000000,0.00000000,2026-03-19 00:10:00.000,MTM2,38220.00000000
WO-069013,99,10,W99996-06002S,23120.00000000,4.00000000,0.00000000,2026-03-13 05:00:00.000,MTM2,118476.00000000
WO-069016,10,10,40250-RH-Blank,81.00000000,1.00000000,0.00000000,2026-03-10 06:30:00.000,MTM2,0.00000000
WO-069017,10,10,40250-LH-Blank,100.00000000,1.00000000,0.00000000,2026-03-12 06:30:00.000,MTM2,103.00000000
WO-069044,10,10,MMF0005531,11000.00000000,220.00000000,0.00000000,2026-03-09 09:30:00.000,MTM2,3232.00000000
WO-069045,409,10,23-12625-002,90.00000000,9.00000000,0.00000000,2026-03-12 07:00:00.000,MTM2,89799.00000000
WO-069048,10,10,MMC0000730,9203.84000000,5.84000000,0.00000000,2026-03-31 20:40:00.000,MTM2,0.00000000
WO-069069,90,10,W99996-06002S,32892.00000000,4.00000000,0.00000000,2026-03-12 00:30:00.000,MTM2,118476.00000000
WO-069073,10,10,MMC0000733,6254.37000000,0.48300000,0.00000000,2026-03-19 00:10:00.000,MTM2,0.00000000
WO-069073,919,10,VBG00006,162.00000000,0.01250000,0.00000000,2026-03-19 10:40:00.000,MTM2,2812.00000000
WO-069100,929,10,VBG00006,85.00000000,0.00060000,0.00000000,2026-04-24 00:00:00.000,MTM2,2812.00000000
WO-069103,90,10,965499,41.00000000,1.00000000,0.00000000,2026-05-08 00:00:00.000,MTM2,45.00000000
WO-069112,10,10,MMC0000870,1326.20000000,0.11700000,0.00000000,2026-03-24 09:10:00.000,MTM2,0.00000000
WO-069112,939,10,VBG00006,57.00000000,0.00500000,0.00000000,2026-03-27 00:00:00.000,MTM2,2812.00000000
WO-069113,10,10,MMC0000871,5839.96000000,0.22900000,0.00000000,2026-03-30 13:10:00.000,MTM2,0.00000000
WO-069113,929,10,VBG00006,128.00000000,0.00500000,0.00000000,2026-05-29 00:00:00.000,MTM2,2812.00000000
WO-069118,10,10,160347-PS-Blank,50.00000000,1.00000000,0.00000000,2026-03-11 14:40:00.000,MTM2,0.00000000
WO-069122,10,10,MMC0000734,9847.69000000,0.59000000,0.00000000,2026-03-12 03:00:00.000,MTM2,0.00000000
WO-069122,929,10,VBG00006,239.00000000,0.01429000,0.00000000,2026-04-24 00:50:00.000,MTM2,2812.00000000
WO-069127,10,10,MMC0000980,12867.87000000,0.53000000,0.00000000,2026-03-09 08:30:00.000,MTM2,8168.32000000
WO-069127,20,10,23-14200-045,24279.00000000,1.00000000,0.00000000,2026-03-12 17:50:00.000,MTM2,38300.00000000
WO-069180,919,10,RCA05,42.00000000,0.01390000,0.00000000,2026-03-30 02:10:00.000,MTM2,205.00000000
WO-069182,20,10,961614,1910.00000000,1.00000000,0.00000000,2026-05-01 00:20:00.000,MTM2,526.00000000
WO-069182,96,10,MMR0000122,3820.00000000,2.00000000,0.00000000,2026-05-01 01:00:00.000,MTM2,2156.00000000
WO-069183,96,10,MMR0000122,3738.00000000,2.00000000,0.00000000,2026-03-27 21:40:00.000,MTM2,2156.00000000
WO-069185,96,10,UC25546,5760.00000000,1.00000000,0.00000000,2026-05-22 00:00:00.000,MTM2,19265.00000000
WO-069185,96,20,RCG34,9.00000000,0.00140000,0.00000000,2026-05-29 00:00:00.000,MTM2,0.00000000
WO-069187,90,10,TA3231BUSH,6002.00000000,2.00000000,0.00000000,2026-03-11 17:00:00.000,MTM2,49481.00000000
WO-069187,90,20,TA32318-Raw,3001.00000000,1.00000000,0.00000000,2026-03-11 17:00:00.000,MTM2,1298.00000000
WO-069187,919,10,RCA05,42.00000000,0.01390000,0.00000000,2026-03-13 12:50:00.000,MTM2,205.00000000
WO-069214,10,10,MMC0000699,10556.25000000,18.75000000,0.00000000,2026-03-23 13:00:00.000,MTM2,8300.00000000
WO-069225,10,10,MMF0005012,2362.50000000,6.25000000,0.00000000,2026-04-02 03:30:00.000,MTM2,387.00000000
WO-069225,409,20,23-12625-002,3402.00000000,9.00000000,0.00000000,2026-04-17 07:00:00.000,MTM2,89799.00000000
WO-069226,10,10,MMF0005012,14515.20000000,5.76000000,0.00000000,2026-03-09 13:20:00.000,MTM2,387.00000000
WO-069226,409,20,23-12625-002,22662.00000000,9.00000000,0.00000000,2026-05-22 07:00:00.000,MTM2,89799.00000000
WO-069227,10,10,MMF0005012,11800.00000000,5.90000000,0.00000000,2026-03-19 13:00:00.000,MTM2,387.00000000
WO-069227,409,20,23-12625-002,18000.00000000,9.00000000,0.00000000,2026-06-03 15:50:00.000,MTM2,89799.00000000
WO-069229,10,10,MMF0005531,53900.00000000,220.00000000,0.00000000,2026-03-12 01:20:00.000,MTM2,3232.00000000
WO-069244,19,20,GENFOAM4,302.00000000,0.02000000,0.00000000,2026-03-19 00:00:00.000,MTM2,223.00000000
WO-069249,15,10,MMF0005416,23.37000000,1.23000000,0.00000000,2026-03-19 04:20:00.000,MTM2,2340.00000000
WO-069249,20,10,975569,152.00000000,8.00000000,0.00000000,2026-03-27 00:00:00.000,MTM2,0.00000000
WO-069279,10,10,MMC0000386,12412.53000000,0.13000000,0.00000000,2026-03-23 23:50:00.000,MTM2,11645.00000000
WO-069279,919,10,VBG00006,191.00000000,0.00200000,0.00000000,2026-05-08 01:30:00.000,MTM2,2812.00000000
WO-069301,10,10,MMF0007050,73.50000000,14.70000000,0.00000000,2026-05-29 00:10:00.000,MTM2,82.00000000
WO-069301,10,20,Tooling Not Ready,5.00000000,1.00000000,0.00000000,2026-05-29 00:10:00.000,MTM2,0.00000000
WO-069305,10,20,MMF0005531,306.25000000,6.25000000,0.00000000,2026-03-27 00:10:00.000,MTM2,3232.00000000
WO-069305,20,10,962689,98.00000000,2.00000000,0.00000000,2026-03-27 04:20:00.000,MTM2,17182.00000000
WO-069305,70,10,84743947,147.00000000,3.00000000,0.00000000,2026-03-27 05:10:00.000,MTM2,50713.00000000
WO-069357,90,10,900073 008100,4244.00000000,1.00000000,0.00000000,2026-03-18 19:40:00.000,MTM2,91401.00000000
WO-069364,10,10,MMF0005531,44000.00000000,220.00000000,0.00000000,2026-03-31 08:30:00.000,MTM2,3232.00000000
WO-069376,19,10,CLS-832-2,25200.00000000,2.00000000,0.00000000,2026-03-19 01:30:00.000,MTM2,134386.00000000
WO-069388,10,10,160347-DS-Blank,74.00000000,1.00000000,0.00000000,2026-03-12 01:10:00.000,MTM2,0.00000000
WO-069391,10,10,MMC0000742,13406.76000000,26.76000000,0.00000000,2026-03-19 00:00:00.000,MTM2,0.00000000
WO-069391,90,10,962689,4008.00000000,8.00000000,0.00000000,2026-03-27 09:10:00.000,MTM2,17182.00000000
WO-069392,10,10,MMC0000743,85639.95000000,43.45000000,0.00000000,2026-03-12 00:00:00.000,MTM2,87880.00000000
WO-069392,90,10,962689,15768.00000000,8.00000000,0.00000000,2026-03-30 02:00:00.000,MTM2,17182.00000000
WO-069393,10,10,40250-LH-Blank,16.00000000,1.00000000,0.00000000,2026-03-25 17:30:00.000,MTM2,103.00000000
WO-069395,96,10,958147,8702.00000000,1.00000000,0.00000000,2026-03-12 00:00:00.000,MTM2,4229.00000000
WO-069395,96,30,960142,43510.00000000,5.00000000,0.00000000,2026-03-12 00:00:00.000,MTM2,85490.00000000
WO-069395,97,10,965732,8702.00000000,1.00000000,0.00000000,2026-03-12 07:10:00.000,MTM2,3621.00000000
WO-069396,10,10,40250-LH-Blank,54.00000000,1.00000000,0.00000000,2026-04-02 10:30:00.000,MTM2,103.00000000
WO-069397,10,10,MMC0000107,289.31000000,0.07800000,0.00000000,2026-03-12 00:10:00.000,MTM2,547.00000000
WO-069397,90,10,23-11318-038,7418.00000000,2.00000000,0.00000000,2026-03-27 01:40:00.000,MTM2,16327.00000000
WO-069402,10,10,MMF0009014,612.00000000,15.30000000,0.00000000,2026-04-03 17:20:00.000,MTM2,95.00000000
WO-069404,10,10,MMF0009014,322.00000000,8.05000000,0.00000000,2026-04-03 13:00:00.000,MTM2,95.00000000
WO-069408,10,10,MMC0000719,14049.99000000,0.51000000,0.00000000,2026-03-17 14:00:00.000,MTM2,0.00000000
WO-069408,919,10,VBG00006,345.00000000,0.01250000,0.00000000,2026-05-01 00:00:00.000,MTM2,2812.00000000
WO-069410,10,10,MMC0001106,8133.51000000,5.03000000,0.00000000,2026-03-09 23:50:00.000,MTM2,2460.00000000
WO-069410,90,10,963094,3234.00000000,2.00000000,0.00000000,2026-03-27 01:50:00.000,MTM2,8296.00000000
WO-069410,96,20,963093,6468.00000000,4.00000000,0.00000000,2026-03-27 02:00:00.000,MTM2,30615.00000000
WO-069415,10,10,MMF0009014,322.50000000,7.50000000,0.00000000,2026-04-03 12:00:00.000,MTM2,95.00000000
WO-069417,90,10,14M7233,1067.00000000,1.00000000,0.00000000,2026-03-27 18:50:00.000,MTM2,7121.00000000
WO-069417,90,20,RCG25,18.00000000,0.01670000,0.00000000,2026-03-27 18:50:00.000,MTM2,12.00000000
WO-069430,10,10,40250-RH-Blank,16.00000000,1.00000000,0.00000000,2026-03-25 16:20:00.000,MTM2,0.00000000
WO-069433,25,10,FGT0001-01,0.00000000,0.00000000,0.00000000,2026-03-19 00:00:00.000,MTM2,0.00000000
WO-069434,50,10,FGT0001-01,15.00000000,1.00000000,0.00000000,2026-03-27 20:10:00.000,MTM2,0.00000000
WO-069439,10,10,MMC0001025,2921.64000000,0.97000000,0.00000000,2026-03-10 21:30:00.000,MTM2,63505.00000000
WO-069445,10,10,MMC0001105,276.75000000,0.41000000,0.00000000,2026-03-30 06:20:00.000,MTM2,0.00000000
WO-069445,10,20,FGT0001-01,0.00000000,0.00000000,0.00000000,2026-03-06 16:10:00.000,MTM2,0.00000000
WO-069445,90,10,975843-3PRO,675.00000000,1.00000000,0.00000000,2026-03-31 07:00:00.000,MTM2,19.00000000
WO-069446,30,10,7191192,209.00000000,1.00000000,0.00000000,2026-04-03 19:20:00.000,MTM2,618.00000000
WO-069446,39,10,7504736,209.00000000,1.00000000,0.00000000,2026-04-05 23:00:00.000,MTM2,500.00000000
WO-069463,99,10,W99996-05002S,7296.00000000,1.00000000,0.00000000,2026-03-19 09:30:00.000,MTM2,25174.00000000
WO-069478,10,10,MMC0000659,245727.56000000,9.98000000,0.00000000,2026-03-27 00:00:00.000,MTM2,67410.18000000
WO-069478,19,20,GENFOAM4,493.00000000,0.02000000,0.00000000,2026-03-30 13:30:00.000,MTM2,223.00000000
WO-069485,10,10,MMC0001025,1170.00000000,2.34000000,0.00000000,2026-03-19 14:20:00.000,MTM2,63505.00000000
WO-069499,919,10,VBG00006,8.00000000,0.02000000,0.00000000,2026-03-23 01:40:00.000,MTM2,2812.00000000
WO-069507,10,10,MMF0009014,611.60000000,13.90000000,0.00000000,2026-04-03 15:20:00.000,MTM2,95.00000000
WO-069516,10,10,MMF0009014,1438.20000000,30.60000000,0.00000000,2026-04-03 14:20:00.000,MTM2,95.00000000
WO-069551,89,10,T68048,19.00000000,1.00000000,0.00000000,2026-04-05 23:50:00.000,MTM2,3523.00000000
WO-069552,89,10,T68048,8.00000000,1.00000000,0.00000000,2026-04-05 23:40:00.000,MTM2,3523.00000000
WO-069553,90,10,T68048,64.00000000,1.00000000,0.00000000,2026-04-05 23:10:00.000,MTM2,3523.00000000
WO-069554,90,10,T68048,61.00000000,1.00000000,0.00000000,2026-04-05 23:50:00.000,MTM2,3523.00000000
WO-069555,10,10,MMF0005011,132.81000000,2.33000000,0.00000000,2026-04-03 17:10:00.000,MTM2,85.00000000
WO-069555,10,20,Tooling Not Ready,57.00000000,1.00000000,0.00000000,2026-04-03 17:10:00.000,MTM2,0.00000000
WO-069555,90,10,T68048,57.00000000,1.00000000,0.00000000,2026-04-05 23:50:00.000,MTM2,3523.00000000
WO-069582,10,10,MMC0000877,4224.84000000,0.10900000,0.00000000,2026-04-24 00:00:00.000,MTM2,0.00000000
WO-069582,929,10,VBG00006,194.00000000,0.00500000,0.00000000,2026-04-17 13:00:00.000,MTM2,2812.00000000
WO-069583,10,10,MMC0000596,294.00000000,0.01400000,0.00000000,2026-03-20 09:30:00.000,MTM2,0.00000000
WO-069587,29,10,VBG00006,19.00000000,0.01250000,0.00000000,2026-03-25 00:40:00.000,MTM2,2812.00000000
WO-069613,409,20,23-12625-002,3276.00000000,9.00000000,0.00000000,2026-04-24 07:00:00.000,MTM2,89799.00000000
WO-069614,409,20,23-12625-002,3432.00000000,8.00000000,0.00000000,2026-05-01 07:00:00.000,MTM2,89799.00000000
WO-069620,10,10,MMF0005010,1092.20000000,8.60000000,0.00000000,2026-03-12 00:40:00.000,MTM2,568.40000000
WO-069628,90,10,961614,20.00000000,2.00000000,0.00000000,2026-03-20 21:20:00.000,MTM2,526.00000000
WO-069629,90,10,961615,8.00000000,2.00000000,0.00000000,2026-03-22 22:30:00.000,MTM2,47.00000000
WO-069636,20,10,FGT0001-01,56.00000000,1.00000000,0.00000000,2026-04-21 21:00:00.000,MTM2,0.00000000
WO-069647,90,10,XNM06024,448.00000000,2.00000000,0.00000000,2026-04-09 14:30:00.000,MTM2,6109.00000000
WO-069647,90,20,GM89935-Formed,224.00000000,1.00000000,0.00000000,2026-04-09 14:30:00.000,MTM2,169.00000000
WO-069647,109,10,GM89935-1,224.00000000,1.00000000,0.00000000,2026-04-09 17:50:00.000,MTM2,1192.00000000
WO-069651,10,10,MMF0005011,53.55000000,2.55000000,0.00000000,2026-03-09 00:00:00.000,MTM2,85.00000000
WO-069651,89,10,T68048,21.00000000,1.00000000,0.00000000,2026-04-05 22:30:00.000,MTM2,3523.00000000
WO-069655,10,10,MMF0007080,5.28000000,0.48000000,0.00000000,2026-03-09 00:00:00.000,MTM2,263.00000000
WO-069655,100,10,8143420,22.00000000,2.00000000,0.00000000,2026-05-29 00:00:00.000,MTM2,12984.00000000
WO-069655,100,20,969278,22.00000000,2.00000000,0.00000000,2026-05-29 00:00:00.000,MTM2,984.00000000
WO-069655,100,30,78808626,22.00000000,2.00000000,0.00000000,2026-05-29 00:00:00.000,MTM2,2487.00000000
WO-069656,10,10,MMF0006003,204.00000000,12.00000000,0.00000000,2026-04-13 07:20:00.000,MTM2,323.00000000
WO-069656,40,10,HS3 3816,136.00000000,8.00000000,0.00000000,2026-04-17 00:00:00.000,MTM2,200.00000000
WO-069662,10,10,MMF0001724,526.18000000,8.09500000,0.00000000,2026-03-10 00:00:00.000,MTM2,1672.00000000
WO-069662,96,10,963093,195.00000000,3.00000000,0.00000000,2026-04-16 01:10:00.000,MTM2,30615.00000000
WO-069666,20,10,21-28841-Blank,434.00000000,1.00000000,0.00000000,2026-03-13 06:50:00.000,MTM2,112.00000000
WO-069666,20,20,FGT0150-01,0.00000000,0.00000000,0.00000000,2026-03-10 00:00:00.000,MTM2,0.00000000
WO-069666,40,10,FGT0151-01,0.00000000,0.00000000,0.00000000,2026-03-10 00:00:00.000,MTM2,0.00000000
WO-069666,90,10,21-28841-Patch-1.25,0.00000000,2.00000000,0.00000000,2026-03-24 02:30:00.000,MTM2,6238.00000000
WO-069666,90,20,21-28841-Patch-2.00,0.00000000,2.00000000,0.00000000,2026-03-24 02:30:00.000,MTM2,12350.00000000
WO-069666,90,30,FGF0010-01,0.00000000,0.00000000,0.00000000,2026-03-10 00:00:00.000,MTM2,0.00000000
WO-069678,10,10,MMC0000098,3065.78000000,0.99700000,0.00000000,2026-04-10 12:10:00.000,MTM2,0.00000000
WO-069678,10,20,FGT0361-01,0.00000000,0.00000000,0.00000000,2026-03-10 00:00:00.000,MTM2,0.00000000
WO-069678,99,10,T68048,6150.00000000,2.00000000,0.00000000,2026-04-10 16:20:00.000,MTM2,3523.00000000
WO-069687,10,10,MMF0005511,301.92000000,5.92000000,0.00000000,2026-03-19 05:40:00.000,MTM2,2448.00000000
WO-069687,30,20,60111757,153.00000000,3.00000000,0.00000000,2026-03-31 15:10:00.000,MTM2,0.00000000
WO-069687,40,10,975850,51.00000000,1.00000000,0.00000000,2026-03-31 17:20:00.000,MTM2,31366.00000000
WO-069688,10,10,MMF0005511,109.90000000,3.14000000,0.00000000,2026-03-19 02:10:00.000,MTM2,2448.00000000
WO-069688,90,10,962689,70.00000000,2.00000000,0.00000000,2026-03-27 06:00:00.000,MTM2,17182.00000000
WO-069696,10,10,MMF0005012,2500.00000000,6.25000000,0.00000000,2026-04-22 18:00:00.000,MTM2,387.00000000
WO-069696,20,10,FGT0001-01,0.00000000,0.00000000,0.00000000,2026-03-11 00:00:00.000,MTM2,0.00000000
WO-069696,409,20,23-12625-002,3600.00000000,9.00000000,0.00000000,2026-05-29 07:00:00.000,MTM2,89799.00000000
WO-069697,10,10,MMF0005012,11520.00000000,5.76000000,0.00000000,2026-06-03 15:20:00.000,MTM2,387.00000000
WO-069697,20,10,FGT0579-01,0.00000000,0.00000000,0.00000000,2026-03-11 00:00:00.000,MTM2,0.00000000
WO-069697,409,20,23-12625-002,18000.00000000,9.00000000,0.00000000,2026-06-05 16:50:00.000,MTM2,89799.00000000
WO-069699,10,10,MMC0000848,20897.80000000,1.10000000,0.00000000,2026-04-01 15:00:00.000,MTM2,131622.00000000
WO-069699,10,20,FGT0967-01,0.00000000,0.00000000,0.00000000,2026-03-11 00:00:00.000,MTM2,0.00000000
WO-069699,19,20,807217,18998.00000000,1.00000000,0.00000000,2026-04-02 04:50:00.000,MTM2,50112.00000000
WO-069700,10,10,MMC0000848,20830.70000000,1.10000000,0.00000000,2026-04-17 00:00:00.000,MTM2,131622.00000000
WO-069700,10,20,FGT0967-01,0.00000000,0.00000000,0.00000000,2026-03-11 00:00:00.000,MTM2,0.00000000
WO-069700,19,10,807217,18937.00000000,1.00000000,0.00000000,2026-03-31 23:20:00.000,MTM2,50112.00000000
WO-069701,10,10,MMC0000848,5363.60000000,1.10000000,0.00000000,2026-04-09 16:00:00.000,MTM2,131622.00000000
WO-069701,10,20,FGT0967-01,0.00000000,0.00000000,0.00000000,2026-03-11 00:00:00.000,MTM2,0.00000000
WO-069701,19,20,807217,4876.00000000,1.00000000,0.00000000,2026-04-10 04:10:00.000,MTM2,50112.00000000
WO-069702,10,10,MMC0000848,5336.10000000,1.10000000,0.00000000,2026-05-21 23:30:00.000,MTM2,131622.00000000
WO-069702,10,20,FGT0967-01,0.00000000,0.00000000,0.00000000,2026-03-11 00:00:00.000,MTM2,0.00000000
WO-069702,19,10,807217,4851.00000000,1.00000000,0.00000000,2026-05-22 04:10:00.000,MTM2,50112.00000000
WO-069703,10,10,MMC0000848,8015.70000000,1.10000000,0.00000000,2026-04-23 23:40:00.000,MTM2,131622.00000000
WO-069703,10,20,FGT0967-01,0.00000000,0.00000000,0.00000000,2026-03-11 00:00:00.000,MTM2,0.00000000
WO-069703,19,20,807217,7287.00000000,1.00000000,0.00000000,2026-04-24 21:30:00.000,MTM2,50112.00000000
WO-069704,10,10,MMC0000848,6898.10000000,1.10000000,0.00000000,2026-04-09 11:20:00.000,MTM2,131622.00000000
WO-069704,10,20,FGT0967-01,0.00000000,0.00000000,0.00000000,2026-03-11 00:00:00.000,MTM2,0.00000000
WO-069704,19,10,807217,6271.00000000,1.00000000,0.00000000,2026-04-14 00:00:00.000,MTM2,50112.00000000
WO-069706,10,10,MMC0000240,3039.79000000,8.71000000,0.00000000,2026-04-14 11:40:00.000,MTM2,5520.99000000
WO-069706,10,20,FGT0435-01,0.00000000,0.00000000,0.00000000,2026-03-12 00:00:00.000,MTM2,0.00000000
WO-069706,19,10,FGT0437-01,0.00000000,0.00000000,0.00000000,2026-03-12 00:00:00.000,MTM2,0.00000000
WO-069725,10,10,MMC0000082,480.32000000,0.32000000,0.00000000,2026-03-20 12:00:00.000,MTM2,23020.00000000
WO-069725,10,20,FGT0181-01,0.00000000,0.00000000,0.00000000,2026-03-13 00:00:00.000,MTM2,0.00000000
WO-069725,90,10,23-11318-025,1501.00000000,1.00000000,0.00000000,2026-03-27 00:00:00.000,MTM2,1768.00000000
WO-069727,10,10,MMF0005012,14177.70000000,5.90000000,0.00000000,2026-05-14 18:10:00.000,MTM2,387.00000000
WO-069727,20,10,FGT0579-01,0.00000000,0.00000000,0.00000000,2026-03-13 00:00:00.000,MTM2,0.00000000
WO-069727,409,20,23-12625-002,21627.00000000,9.00000000,0.00000000,2026-06-03 13:40:00.000,MTM2,89799.00000000
WO-069733,10,10,MMC0001025,272.08000000,1.79000000,0.00000000,2026-03-13 00:00:00.000,MTM2,63505.00000000
WO-069733,10,20,FGT0834-01,0.00000000,0.00000000,0.00000000,2026-03-13 00:00:00.000,MTM2,0.00000000
WO-069733,19,10,FGT0697-01,0.00000000,0.00000000,0.00000000,2026-03-13 00:00:00.000,MTM2,0.00000000
WO-069739,10,10,MMC0001025,144.00000000,0.96000000,0.00000000,2026-03-13 00:00:00.000,MTM2,63505.00000000
WO-069739,10,20,FGT0719-01,0.00000000,0.00000000,0.00000000,2026-03-13 00:00:00.000,MTM2,0.00000000
WO-069739,19,10,FGT0690-01,0.00000000,0.00000000,0.00000000,2026-03-13 00:00:00.000,MTM2,0.00000000
WO-069740,10,10,MMC0001025,48.00000000,0.96000000,0.00000000,2026-03-13 00:00:00.000,MTM2,63505.00000000
WO-069740,10,20,FGT0719-01,0.00000000,0.00000000,0.00000000,2026-03-13 00:00:00.000,MTM2,0.00000000
WO-069740,19,10,FGT0690-01,0.00000000,0.00000000,0.00000000,2026-03-13 00:00:00.000,MTM2,0.00000000
WO-069741,10,10,MMC0001025,220.00000000,1.10000000,0.00000000,2026-03-13 00:00:00.000,MTM2,63505.00000000
WO-069741,10,20,FGT0719-01,0.00000000,0.00000000,0.00000000,2026-03-13 00:00:00.000,MTM2,0.00000000
WO-069741,19,10,FGT0690-01,0.00000000,0.00000000,0.00000000,2026-03-13 00:00:00.000,MTM2,0.00000000
WO-069742,10,10,MMC0001025,213.40000000,1.10000000,0.00000000,2026-03-13 00:00:00.000,MTM2,63505.00000000
WO-069742,10,20,FGT0719-01,0.00000000,0.00000000,0.00000000,2026-03-13 00:00:00.000,MTM2,0.00000000
WO-069742,19,10,FGT0690-01,0.00000000,0.00000000,0.00000000,2026-03-13 00:00:00.000,MTM2,0.00000000
WO-069743,10,10,MMC0001025,1566.00000000,2.61000000,0.00000000,2026-03-13 00:00:00.000,MTM2,63505.00000000
WO-069743,10,20,FGT0719-01,0.00000000,0.00000000,0.00000000,2026-03-13 00:00:00.000,MTM2,0.00000000
WO-069743,19,10,FGT0690-01,0.00000000,0.00000000,0.00000000,2026-03-13 00:00:00.000,MTM2,0.00000000
WO-069752,10,10,40250-RH-Blank,114.00000000,1.00000000,0.00000000,2026-04-09 04:50:00.000,MTM2,0.00000000
WO-069752,10,20,FGT0132-01,0.00000000,0.00000000,0.00000000,2026-03-16 00:00:00.000,MTM2,0.00000000
WO-069752,20,10,FGT0149-01,0.00000000,0.00000000,0.00000000,2026-03-16 00:00:00.000,MTM2,0.00000000
WO-069754,10,10,MMF0000007,2265.51000000,4.81000000,0.00000000,2026-03-30 17:00:00.000,MTM2,4910.00000000
WO-069754,10,20,FGT0541-01,0.00000000,0.00000000,0.00000000,2026-03-16 00:00:00.000,MTM2,0.00000000
WO-069754,29,10,FGT0542-01,0.00000000,0.00000000,0.00000000,2026-03-16 00:00:00.000,MTM2,0.00000000
WO-069754,29,20,FGT0128-01,0.00000000,0.00000000,0.00000000,2026-03-16 00:00:00.000,MTM2,0.00000000
WO-069754,29,30,FGT0129-01,0.00000000,0.00000000,0.00000000,2026-03-16 00:00:00.000,MTM2,0.00000000
WO-069773,10,10,MMF0005511,42.34000000,1.46000000,0.00000000,2026-03-19 03:10:00.000,MTM2,2448.00000000
WO-069773,90,10,962689,116.00000000,4.00000000,0.00000000,2026-03-23 03:50:00.000,MTM2,17182.00000000
WO-069777,10,10,MMF0005008,1978.86000000,5.59000000,0.00000000,2026-04-30 11:00:00.000,MTM2,1837.00000000
WO-069777,30,10,FGT1087-01,0.00000000,0.00000000,0.00000000,2026-03-17 00:00:00.000,MTM2,0.00000000
WO-069777,90,10,962689,708.00000000,2.00000000,0.00000000,2026-04-30 19:50:00.000,MTM2,17182.00000000
WO-069777,100,10,963093,354.00000000,1.00000000,0.00000000,2026-04-30 21:50:00.000,MTM2,30615.00000000
WO-069785,10,10,24847344-Blank,61.00000000,1.00000000,0.00000000,2026-03-20 01:30:00.000,MTM2,0.00000000
WO-069785,10,20,FGT0853-01,61.00000000,1.00000000,0.00000000,2026-03-20 01:30:00.000,MTM2,0.00000000
WO-069785,30,10,24733508,122.00000000,2.00000000,0.00000000,2026-03-20 03:20:00.000,MTM2,1139.00000000
WO-069785,30,20,12A-B,488.00000000,8.00000000,0.00000000,2026-03-20 03:20:00.000,MTM2,69272.00000000
WO-069786,10,10,24733426-Blank,150.00000000,1.00000000,0.00000000,2026-04-09 16:30:00.000,MTM2,125.00000000
WO-069786,10,20,FGT0853-01,0.00000000,0.00000000,0.00000000,2026-03-17 00:00:00.000,MTM2,0.00000000
WO-069786,19,10,24733508,300.00000000,2.00000000,0.00000000,2026-04-09 21:00:00.000,MTM2,1139.00000000
WO-069786,19,20,12A-B,1200.00000000,8.00000000,0.00000000,2026-04-09 21:00:00.000,MTM2,69272.00000000
WO-069787,10,10,24733428-Blank,50.00000000,1.00000000,0.00000000,2026-03-30 19:00:00.000,MTM2,0.00000000
WO-069787,10,20,FGT0853-01,0.00000000,0.00000000,0.00000000,2026-03-17 00:00:00.000,MTM2,0.00000000
WO-069787,19,10,24733508,100.00000000,2.00000000,0.00000000,2026-03-30 22:30:00.000,MTM2,1139.00000000
WO-069787,19,20,12A-B,400.00000000,8.00000000,0.00000000,2026-03-30 22:30:00.000,MTM2,69272.00000000
WO-069788,10,10,24733429-Blank,196.00000000,1.00000000,0.00000000,2026-03-30 14:00:00.000,MTM2,226.00000000
WO-069788,10,20,FGT0853-01,0.00000000,0.00000000,0.00000000,2026-03-17 00:00:00.000,MTM2,0.00000000
WO-069788,19,10,24733508,392.00000000,2.00000000,0.00000000,2026-03-30 20:10:00.000,MTM2,1139.00000000
WO-069788,19,20,12A-B,1568.00000000,8.00000000,0.00000000,2026-03-30 20:10:00.000,MTM2,69272.00000000
WO-069789,10,10,24733431-Blank,187.00000000,1.00000000,0.00000000,2026-04-09 11:30:00.000,MTM2,150.00000000
WO-069789,10,20,FGT0853-01,0.00000000,0.00000000,0.00000000,2026-03-17 00:00:00.000,MTM2,0.00000000
WO-069789,19,10,24733508,374.00000000,2.00000000,0.00000000,2026-04-09 20:00:00.000,MTM2,1139.00000000
WO-069789,19,20,12A-B,1496.00000000,8.00000000,0.00000000,2026-04-09 20:00:00.000,MTM2,69272.00000000
WO-069790,10,10,24733446-Blank,606.00000000,1.00000000,0.00000000,2026-04-09 02:30:00.000,MTM2,250.00000000
WO-069790,10,20,FGT0853-01,0.00000000,0.00000000,0.00000000,2026-03-17 00:00:00.000,MTM2,0.00000000
WO-069790,19,10,24733508,1212.00000000,2.00000000,0.00000000,2026-04-09 14:20:00.000,MTM2,1139.00000000
WO-069790,19,20,12A-B,4848.00000000,8.00000000,0.00000000,2026-04-09 14:20:00.000,MTM2,69272.00000000
WO-069798,10,10,MMC0000241,4672.08000000,12.36000000,0.00000000,2026-04-01 12:50:00.000,MTM2,0.00000000
WO-069798,10,20,FGT1007-01,0.00000000,0.00000000,0.00000000,2026-03-18 00:00:00.000,MTM2,0.00000000
WO-069798,19,10,FGT0437-01,0.00000000,0.00000000,0.00000000,2026-03-18 00:00:00.000,MTM2,0.00000000
WO-069801,10,10,24733463-Blank,50.00000000,1.00000000,0.00000000,2026-03-25 19:00:00.000,MTM2,0.00000000
WO-069801,10,20,FGT0853-01,0.00000000,0.00000000,0.00000000,2026-03-18 00:00:00.000,MTM2,0.00000000
WO-069801,19,10,24733508,100.00000000,2.00000000,0.00000000,2026-03-25 22:30:00.000,MTM2,1139.00000000
WO-069801,19,20,12A-B,400.00000000,8.00000000,0.00000000,2026-03-25 22:30:00.000,MTM2,69272.00000000
WO-069802,10,10,24733468-Blank,297.00000000,1.00000000,0.00000000,2026-04-08 19:10:00.000,MTM2,0.00000000
WO-069802,10,20,FGT0853-01,0.00000000,0.00000000,0.00000000,2026-03-18 00:00:00.000,MTM2,0.00000000
WO-069802,19,10,24733508,594.00000000,2.00000000,0.00000000,2026-04-09 18:30:00.000,MTM2,1139.00000000
WO-069802,19,20,12A-B,2376.00000000,8.00000000,0.00000000,2026-04-09 18:30:00.000,MTM2,69272.00000000
WO-069803,10,10,24733470-Blank,152.00000000,1.00000000,0.00000000,2026-04-08 14:00:00.000,MTM2,0.00000000
WO-069803,10,20,FGT0853-01,0.00000000,0.00000000,0.00000000,2026-03-18 00:00:00.000,MTM2,0.00000000
WO-069803,19,10,24733508,304.00000000,2.00000000,0.00000000,2026-04-09 20:50:00.000,MTM2,1139.00000000
WO-069803,19,20,12A-B,1216.00000000,8.00000000,0.00000000,2026-04-09 20:50:00.000,MTM2,69272.00000000
WO-069804,10,10,MMF0007125,53.95000000,4.15000000,0.00000000,2026-03-18 00:00:00.000,MTM2,140.00000000
WO-069804,30,10,FGT0001-01,0.00000000,0.00000000,0.00000000,2026-03-18 00:00:00.000,MTM2,0.00000000
WO-069805,10,10,24733479-Blank,50.00000000,1.00000000,0.00000000,2026-04-07 18:40:00.000,MTM2,0.00000000
WO-069805,10,20,FGT0853-01,0.00000000,0.00000000,0.00000000,2026-03-18 00:00:00.000,MTM2,0.00000000
WO-069805,19,10,24733508,100.00000000,2.00000000,0.00000000,2026-04-07 22:30:00.000,MTM2,1139.00000000
WO-069805,19,20,12A-B,400.00000000,8.00000000,0.00000000,2026-04-07 22:30:00.000,MTM2,69272.00000000
WO-069806,10,10,24733480-Blank,25.00000000,1.00000000,0.00000000,2026-04-08 10:30:00.000,MTM2,0.00000000
WO-069806,10,20,FGT0853-01,0.00000000,0.00000000,0.00000000,2026-03-18 00:00:00.000,MTM2,0.00000000
WO-069806,19,10,24733508,50.00000000,2.00000000,0.00000000,2026-04-09 23:00:00.000,MTM2,1139.00000000
WO-069806,19,20,12A-B,200.00000000,8.00000000,0.00000000,2026-04-09 23:00:00.000,MTM2,69272.00000000
WO-069807,10,10,24733483-Blank,58.00000000,1.00000000,0.00000000,2026-04-02 18:30:00.000,MTM2,0.00000000
WO-069807,10,20,FGT0853-01,0.00000000,0.00000000,0.00000000,2026-03-18 00:00:00.000,MTM2,0.00000000
WO-069807,19,10,24733508,116.00000000,2.00000000,0.00000000,2026-04-02 22:30:00.000,MTM2,1139.00000000
WO-069807,19,20,12A-B,464.00000000,8.00000000,0.00000000,2026-04-02 22:30:00.000,MTM2,69272.00000000
WO-069809,10,10,24733497-Blank,46.00000000,1.00000000,0.00000000,2026-04-08 06:50:00.000,MTM2,0.00000000
WO-069809,10,20,FGT0853-01,0.00000000,0.00000000,0.00000000,2026-03-18 00:00:00.000,MTM2,0.00000000
WO-069809,19,10,24733508,92.00000000,2.00000000,0.00000000,2026-04-09 22:40:00.000,MTM2,1139.00000000
WO-069809,19,20,12A-B,368.00000000,8.00000000,0.00000000,2026-04-09 22:40:00.000,MTM2,69272.00000000
WO-069810,10,10,24797075-Blank,49.00000000,1.00000000,0.00000000,2026-04-08 03:00:00.000,MTM2,0.00000000
WO-069810,10,20,FGT0853-01,0.00000000,0.00000000,0.00000000,2026-03-18 00:00:00.000,MTM2,0.00000000
WO-069810,19,10,24733508,98.00000000,2.00000000,0.00000000,2026-04-09 22:30:00.000,MTM2,1139.00000000
WO-069810,19,20,12A-B,392.00000000,8.00000000,0.00000000,2026-04-09 22:30:00.000,MTM2,69272.00000000
WO-069812,10,10,MMC0000251,43904.00000000,1.28000000,0.00000000,2026-03-27 00:10:00.000,MTM2,8520.00000000
WO-069812,10,20,FGT0494-01,0.00000000,0.00000000,0.00000000,2026-03-18 00:00:00.000,MTM2,0.00000000
WO-069812,99,10,VBG00006,686.00000000,0.02000000,0.00000000,2026-05-29 16:30:00.000,MTM2,2812.00000000
WO-069813,10,10,MMC0000256,9203.79000000,0.57000000,0.00000000,2026-03-30 14:20:00.000,MTM2,2920.00000000
WO-069813,10,20,FGT0378-01,0.00000000,0.00000000,0.00000000,2026-03-18 00:00:00.000,MTM2,0.00000000
WO-069813,99,10,VBG00006,107.00000000,0.00660000,0.00000000,2026-05-22 01:00:00.000,MTM2,2812.00000000
WO-069813,99,20,S-1021,215.00000000,0.01330000,0.00000000,2026-05-22 01:00:00.000,MTM2,3327.00000000
WO-069819,10,10,MMC0000872,1087.71000000,0.03600000,0.00000000,2026-04-17 09:40:00.000,MTM2,1445.00000000
WO-069819,10,20,FGT1020-01,0.00000000,0.00000000,0.00000000,2026-03-18 00:00:00.000,MTM2,0.00000000
WO-069819,939,10,VBG00006,61.00000000,0.00200000,0.00000000,2026-04-29 16:50:00.000,MTM2,2812.00000000
WO-069829,10,10,MMF0005010,4183.20000000,2.49000000,0.00000000,2026-04-15 17:00:00.000,MTM2,568.40000000
WO-069829,90,10,14M7233,1680.00000000,1.00000000,0.00000000,2026-04-17 10:20:00.000,MTM2,7121.00000000
WO-069829,90,20,RCG25,29.00000000,0.01670000,0.00000000,2026-04-17 10:20:00.000,MTM2,12.00000000
WO-069836,10,10,4536-2779-030-Blank,302.00000000,1.00000000,0.00000000,2026-03-20 00:00:00.000,MTM2,303.00000000
WO-069836,10,20,FGT0381-01,0.00000000,0.00000000,0.00000000,2026-03-20 00:00:00.000,MTM2,0.00000000
WO-069836,20,10,FGT0382-01,0.00000000,0.00000000,0.00000000,2026-03-20 00:00:00.000,MTM2,0.00000000
WO-069837,20,10,21-28841-Blank,899.00000000,1.00000000,0.00000000,2026-03-27 00:00:00.000,MTM2,112.00000000
WO-069837,20,20,FGT0150-01,0.00000000,0.00000000,0.00000000,2026-03-20 00:00:00.000,MTM2,0.00000000
WO-069837,40,10,FGT0151-01,0.00000000,0.00000000,0.00000000,2026-03-20 00:00:00.000,MTM2,0.00000000
WO-069837,90,10,21-28841-Patch-1.25,1798.00000000,2.00000000,0.00000000,2026-03-29 22:30:00.000,MTM2,6238.00000000
WO-069837,90,20,21-28841-Patch-2.00,1798.00000000,2.00000000,0.00000000,2026-03-29 22:30:00.000,MTM2,12350.00000000
WO-069837,90,30,FGF0009-01,0.00000000,0.00000000,0.00000000,2026-03-20 00:00:00.000,MTM2,0.00000000
WO-069882,10,10,MMC0001114,1228.66000000,4.65400000,0.00000000,2026-04-17 06:50:00.000,MTM2,2930.00000000
WO-069882,10,20,FGT1148-01,0.00000000,0.00000000,0.00000000,2026-03-23 00:00:00.000,MTM2,0.00000000
WO-069882,20,10,FGT1149-01,0.00000000,0.00000000,0.00000000,2026-03-23 00:00:00.000,MTM2,0.00000000
WO-069888,10,10,MMF0005808,133.92000000,22.32000000,0.00000000,2026-05-01 00:10:00.000,MTM2,1665.00000000
WO-069888,30,20,FGT0001-01,0.00000000,0.00000000,0.00000000,2026-03-23 00:00:00.000,MTM2,0.00000000
WO-069888,50,10,FGT0001-01,6.00000000,1.00000000,0.00000000,2026-04-03 05:00:00.000,MTM2,0.00000000
WO-069889,15,10,MMF0005808,502.20000000,33.48000000,0.00000000,2026-03-23 00:00:00.000,MTM2,1665.00000000
WO-069889,25,10,FGT0001-01,0.00000000,0.00000000,0.00000000,2026-03-23 00:00:00.000,MTM2,0.00000000
WO-069890,10,10,MMF0006615,563.75000000,2.75000000,0.00000000,2026-04-09 15:30:00.000,MTM2,2957.00000000
WO-069890,20,10,FGT0265-01,0.00000000,0.00000000,0.00000000,2026-03-23 00:00:00.000,MTM2,0.00000000
WO-069894,50,10,GM85056-1,20.00000000,1.00000000,0.00000000,2026-03-24 00:00:00.000,MTM2,25.00000000
WO-069894,99,10,GM85056-2,20.00000000,1.00000000,0.00000000,2026-04-07 23:10:00.000,MTM2,0.00000000
WO-069899,10,10,MMC0000367,27069.00000000,3.50000000,0.00000000,2026-03-31 09:00:00.000,MTM2,29366.00000000
WO-069899,10,20,FGT0509-01,0.00000000,0.00000000,0.00000000,2026-03-24 00:00:00.000,MTM2,0.00000000
WO-069899,19,10,CLS-832-2,15468.00000000,2.00000000,0.00000000,2026-04-01 06:40:00.000,MTM2,134386.00000000
WO-069899,19,20,FGT0084-01,0.00000000,0.00000000,0.00000000,2026-03-24 00:00:00.000,MTM2,0.00000000
WO-069902,10,10,MMF0005011,228.16000000,0.46000000,0.00000000,2026-03-27 05:00:00.000,MTM2,85.00000000
WO-069902,30,10,962689,992.00000000,2.00000000,0.00000000,2026-03-31 02:00:00.000,MTM2,17182.00000000
WO-069904,10,10,MMF0005531,6284.32000000,14.48000000,0.00000000,2026-04-07 14:10:00.000,MTM2,3232.00000000
WO-069904,20,10,RCG25,9.00000000,0.01850000,0.00000000,2026-04-07 19:10:00.000,MTM2,12.00000000
WO-069906,10,20,24409485/78694679-Blank,3.00000000,0.50000000,0.00000000,2026-04-24 00:00:00.000,MTM2,0.00000000
WO-069906,30,20,FGT0001-01,6.00000000,1.00000000,0.00000000,2026-05-08 05:00:00.000,MTM2,0.00000000
WO-069907,10,20,24409485/78694679-Blank,3.00000000,0.50000000,0.00000000,2026-04-24 00:00:00.000,MTM2,0.00000000
WO-069907,30,20,FGT0001-01,6.00000000,1.00000000,0.00000000,2026-05-08 05:20:00.000,MTM2,0.00000000
WO-069908,10,10,24436279/24409486-Blank,5.00000000,0.50000000,0.00000000,2026-04-27 11:00:00.000,MTM2,0.00000000
WO-069908,30,10,FGT0001-01,10.00000000,1.00000000,0.00000000,2026-04-27 13:00:00.000,MTM2,0.00000000
WO-069909,10,10,24436279/24409486-Blank,5.00000000,0.50000000,0.00000000,2026-04-27 13:00:00.000,MTM2,0.00000000
WO-069909,30,10,FGT0001-01,10.00000000,1.00000000,0.00000000,2026-04-27 15:00:00.000,MTM2,0.00000000
WO-069911,10,10,MMF0000385,1246.00000000,1.00000000,0.00000000,2026-04-03 17:20:00.000,MTM2,1670.00000000
WO-069911,10,20,FGT1031-01,0.00000000,0.00000000,0.00000000,2026-03-24 00:00:00.000,MTM2,0.00000000
WO-069911,20,20,FGT1032-01,0.00000000,0.00000000,0.00000000,2026-03-24 00:00:00.000,MTM2,0.00000000
WO-069911,29,20,FGT1033-01,0.00000000,0.00000000,0.00000000,2026-03-24 00:00:00.000,MTM2,0.00000000
WO-069914,10,10,MMF0002007,406.12000000,18.46000000,0.00000000,2026-04-17 15:10:00.000,MTM2,0.00000000
WO-069914,20,10,FGT1005-01,0.00000000,0.00000000,0.00000000,2026-03-24 00:00:00.000,MTM2,0.00000000
WO-069918,10,10,MMF0005011,0.00000000,2.55000000,0.00000000,2026-03-27 15:00:00.000,MTM2,85.00000000
WO-069918,89,10,T68048,0.00000000,1.00000000,0.00000000,2026-03-31 11:00:00.000,MTM2,3523.00000000
WO-069956,30,10,T510821,11.00000000,1.00000000,0.00000000,2026-03-31 20:50:00.000,MTM2,7.00000000
WO-069956,30,20,T507578,11.00000000,1.00000000,0.00000000,2026-03-31 20:50:00.000,MTM2,42.00000000
WO-069956,90,10,99M7094,66.00000000,6.00000000,0.00000000,2026-03-31 22:10:00.000,MTM2,3900.00000000
WO-069956,100,10,AT578460,11.00000000,1.00000000,0.00000000,2026-03-31 22:30:00.000,MTM2,0.00000000
WO-069957,90,10,99M7094,234.00000000,6.00000000,0.00000000,2026-04-01 21:00:00.000,MTM2,3900.00000000
WO-069957,100,10,AT578460,39.00000000,1.00000000,0.00000000,2026-04-01 21:40:00.000,MTM2,0.00000000
WO-069970,10,10,MMC0000782,5364.10000000,0.97000000,0.00000000,2026-04-02 04:50:00.000,MTM2,4860.00000000
WO-069970,10,20,FGT1062-01,0.00000000,0.00000000,0.00000000,2026-03-26 00:00:00.000,MTM2,0.00000000
WO-069970,99,10,W99996-06002S,22120.00000000,4.00000000,0.00000000,2026-06-01 11:10:00.000,MTM2,118476.00000000
WO-069974,10,10,MMF0009014,0.00000000,7.50000000,0.00000000,2026-04-03 08:40:00.000,MTM2,95.00000000
WO-069974,29,10,FGT1172-01,0.00000000,0.00000000,0.00000000,2026-03-26 00:00:00.000,MTM2,0.00000000
WO-069979,10,10,MMF0005531,40920.00000000,220.00000000,0.00000000,2026-03-27 16:40:00.000,MTM2,3232.00000000
WO-069979,70,10,FGT1214-01,0.00000000,0.00000000,0.00000000,2026-03-26 00:00:00.000,MTM2,0.00000000
WO-070014,90,10,XNM06024,338.00000000,2.00000000,0.00000000,2026-03-30 18:30:00.000,MTM2,6109.00000000
WO-070014,90,20,GM93206-Formed,169.00000000,1.00000000,0.00000000,2026-03-30 18:30:00.000,MTM2,0.00000000
WO-070014,109,10,GM93206-1,169.00000000,1.00000000,0.00000000,2026-03-30 21:10:00.000,MTM2,450.00000000
WO-070032,10,10,MMC0000733,14472.13000000,0.48300000,0.00000000,2026-03-27 00:00:00.000,MTM2,0.00000000
WO-070032,10,20,FGT1040-01,0.00000000,0.00000000,0.00000000,2026-03-27 00:00:00.000,MTM2,0.00000000
WO-070032,919,10,VBG00006,375.00000000,0.01250000,0.00000000,2026-05-26 02:50:00.000,MTM2,2812.00000000
WO-070035,10,10,MMF0005010,1083.60000000,8.60000000,0.00000000,2026-04-03 00:00:00.000,MTM2,568.40000000
WO-070035,20,10,FGT0001-01,0.00000000,0.00000000,0.00000000,2026-04-03 00:00:00.000,MTM2,0.00000000
WO-070037,10,10,160347-DS-Blank,100.00000000,1.00000000,0.00000000,2026-05-21 11:50:00.000,MTM2,0.00000000
WO-070037,10,20,FGT0132-01,0.00000000,0.00000000,0.00000000,2026-03-29 00:00:00.000,MTM2,0.00000000
WO-070037,20,10,FGT0149-01,0.00000000,0.00000000,0.00000000,2026-03-29 00:00:00.000,MTM2,0.00000000
WO-070061,10,10,MMC0000384,10773.00000000,5.13000000,0.00000000,2026-04-14 02:20:00.000,MTM2,30185.00000000
WO-070061,10,20,FGT0426-01,0.00000000,0.00000000,0.00000000,2026-03-30 00:00:00.000,MTM2,0.00000000
WO-070061,20,10,FGT1004-01,0.00000000,0.00000000,0.00000000,2026-03-30 00:00:00.000,MTM2,0.00000000
WO-070061,30,10,23-12742-000,4200.00000000,2.00000000,0.00000000,2026-05-11 12:20:00.000,MTM2,57096.00000000
WO-070061,30,20,FGT1204-01,0.00000000,0.00000000,0.00000000,2026-03-30 00:00:00.000,MTM2,0.00000000
WO-070061,889,30,23-12631-791,6300.00000000,3.00000000,0.00000000,2026-06-03 02:40:00.000,MTM2,79200.00000000
WO-070071,20,10,21-28841-Blank,898.00000000,1.00000000,0.00000000,2026-03-31 00:00:00.000,MTM2,112.00000000
WO-070071,20,20,FGT0150-01,0.00000000,0.00000000,0.00000000,2026-03-31 00:00:00.000,MTM2,0.00000000
WO-070071,40,10,FGT0151-01,0.00000000,0.00000000,0.00000000,2026-03-31 00:00:00.000,MTM2,0.00000000
WO-070071,90,10,21-28841-Patch-1.25,1796.00000000,2.00000000,0.00000000,2026-04-24 01:10:00.000,MTM2,6238.00000000
WO-070071,90,20,21-28841-Patch-2.00,1796.00000000,2.00000000,0.00000000,2026-04-24 01:10:00.000,MTM2,12350.00000000
WO-070071,90,30,FGF0010-01,0.00000000,0.00000000,0.00000000,2026-03-31 00:00:00.000,MTM2,0.00000000
WO-070090,10,10,MMC0000659,103013.56000000,9.98000000,0.00000000,2026-03-31 00:00:00.000,MTM2,67410.18000000
WO-070090,10,20,FGT0001-01,0.00000000,0.00000000,0.00000000,2026-03-31 00:00:00.000,MTM2,0.00000000
WO-070090,19,10,FGT0001-01,0.00000000,0.00000000,0.00000000,2026-03-31 00:00:00.000,MTM2,0.00000000
WO-070090,19,20,GENFOAM4,207.00000000,0.02000000,0.00000000,2026-03-31 00:00:00.000,MTM2,223.00000000
WO-070136,90,10,TA3231BUSH,6654.00000000,2.00000000,0.00000000,2026-04-17 01:00:00.000,MTM2,49481.00000000
WO-070136,90,20,TA32317-Raw,3327.00000000,1.00000000,0.00000000,2026-04-17 01:00:00.000,MTM2,3720.00000000
WO-070136,919,10,RCA05,47.00000000,0.01390000,0.00000000,2026-05-19 13:20:00.000,MTM2,205.00000000
WO-070137,90,10,TA3231BUSH,6000.00000000,2.00000000,0.00000000,2026-04-24 01:00:00.000,MTM2,49481.00000000
WO-070137,90,20,TA32318-Raw,3000.00000000,1.00000000,0.00000000,2026-04-24 01:00:00.000,MTM2,1298.00000000
WO-070137,919,10,RCA05,42.00000000,0.01390000,0.00000000,2026-06-03 07:30:00.000,MTM2,205.00000000
WO-070141,10,10,MMC0000741,30371.23000000,11.17000000,0.00000000,2026-04-24 00:00:00.000,MTM2,70095.00000000
WO-070141,10,20,FGT1130-01,0.00000000,0.00000000,0.00000000,2026-04-02 00:00:00.000,MTM2,0.00000000
WO-070141,20,10,FGT1131-01,0.00000000,0.00000000,0.00000000,2026-04-02 00:00:00.000,MTM2,0.00000000
WO-070141,30,10,FGT1129-01,0.00000000,0.00000000,0.00000000,2026-04-02 00:00:00.000,MTM2,0.00000000
WO-070142,10,10,MMC0000523,8694.30000000,3.97000000,0.00000000,2026-04-21 06:40:00.000,MTM2,0.00000000
WO-070142,10,20,FGT0611-01,0.00000000,0.00000000,0.00000000,2026-04-02 00:00:00.000,MTM2,0.00000000
WO-070142,10,30,FGT0124-01,0.00000000,0.00000000,0.00000000,2026-04-02 00:00:00.000,MTM2,0.00000000
WO-070142,80,10,23-10721-100,6570.00000000,3.00000000,0.00000000,2026-05-29 01:40:00.000,MTM2,7241.00000000
WO-070142,80,30,FGF0030-01,0.00000000,0.00000000,0.00000000,2026-04-02 00:00:00.000,MTM2,0.00000000
WO-070142,90,10,23-10721-125,4380.00000000,2.00000000,0.00000000,2026-05-29 05:30:00.000,MTM2,5000.00000000
WO-070142,90,30,FGF0030-01,0.00000000,0.00000000,0.00000000,2026-04-02 00:00:00.000,MTM2,0.00000000
WO-070145,10,10,MMC0000684,1363.72000000,1.03000000,0.00000000,2026-04-02 00:00:00.000,MTM2,0.00000000
WO-070145,10,20,FGT1122-01,0.00000000,0.00000000,0.00000000,2026-04-02 00:00:00.000,MTM2,0.00000000
WO-070145,20,10,946761,1324.00000000,1.00000000,0.00000000,2026-05-10 23:30:00.000,MTM2,17035.00000000
WO-070145,20,20,FGT1114-01,0.00000000,0.00000000,0.00000000,2026-04-02 00:00:00.000,MTM2,0.00000000
WO-070150,10,10,MMC0000518,15491.19000000,1.57000000,0.00000000,2026-04-16 00:00:00.000,MTM2,16410.00000000
WO-070150,10,20,FGT0265-02,0.00000000,0.00000000,0.00000000,2026-04-02 00:00:00.000,MTM2,0.00000000
WO-070150,90,10,23-11669-100,19734.00000000,2.00000000,0.00000000,2026-04-17 02:30:00.000,MTM2,38220.00000000
WO-070154,10,10,MMC0001152,7385.28000000,9.42000000,0.00000000,2026-04-02 00:00:00.000,MTM2,0.00000000
WO-070154,10,20,FGT1209-01,0.00000000,0.00000000,0.00000000,2026-04-02 00:00:00.000,MTM2,0.00000000
WO-070154,19,10,FGT1064-01,0.00000000,0.00000000,0.00000000,2026-04-02 00:00:00.000,MTM2,0.00000000
WO-070162,10,10,40250-LH-Blank,106.00000000,1.00000000,0.00000000,2026-04-03 00:00:00.000,MTM2,103.00000000
WO-070162,10,20,FGT0132-01,0.00000000,0.00000000,0.00000000,2026-04-03 00:00:00.000,MTM2,0.00000000
WO-070162,20,10,FGT0149-01,0.00000000,0.00000000,0.00000000,2026-04-03 00:00:00.000,MTM2,0.00000000
WO-070165,10,10,MMF0000007,2390.57000000,4.81000000,0.00000000,2026-04-10 00:00:00.000,MTM2,4910.00000000
WO-070165,10,20,FGT0541-01,0.00000000,0.00000000,0.00000000,2026-04-10 00:00:00.000,MTM2,0.00000000
WO-070165,29,10,FGT0542-01,0.00000000,0.00000000,0.00000000,2026-04-10 00:00:00.000,MTM2,0.00000000
WO-070165,29,20,FGT0128-01,0.00000000,0.00000000,0.00000000,2026-04-10 00:00:00.000,MTM2,0.00000000
WO-070165,29,30,FGT0129-01,0.00000000,0.00000000,0.00000000,2026-04-10 00:00:00.000,MTM2,0.00000000
WO-070179,10,10,MMC0000751,2538.40000000,1.67000000,0.00000000,2026-04-22 21:40:00.000,MTM2,0.00000000
WO-070179,10,20,FGT0986-01,0.00000000,0.00000000,0.00000000,2026-04-03 00:00:00.000,MTM2,0.00000000
WO-070179,90,10,66-20730-020,3040.00000000,2.00000000,0.00000000,2026-05-29 01:40:00.000,MTM2,5419.00000000
WO-070179,90,20,FGF0017-01,0.00000000,0.00000000,0.00000000,2026-04-03 00:00:00.000,MTM2,0.00000000
WO-070184,10,10,MMF0002006,360.00000000,18.00000000,0.00000000,2026-04-03 00:00:00.000,MTM2,239.00000000
WO-070184,30,10,FGT0749-01,0.00000000,0.00000000,0.00000000,2026-04-03 00:00:00.000,MTM2,0.00000000
WO-070227,10,10,MMF0005525,513.73000000,2.87000000,0.00000000,2026-04-06 00:00:00.000,MTM2,10695.00000000
WO-070227,90,10,25093397,537.00000000,3.00000000,0.00000000,2026-04-06 00:00:00.000,MTM2,994.00000000
WO-070248,10,10,160347-PS-Blank,49.00000000,1.00000000,0.00000000,2026-05-21 17:10:00.000,MTM2,0.00000000
WO-070248,10,20,FGT0132-01,0.00000000,0.00000000,0.00000000,2026-04-07 00:00:00.000,MTM2,0.00000000
WO-070248,20,10,FGT0149-01,0.00000000,0.00000000,0.00000000,2026-04-07 00:00:00.000,MTM2,0.00000000
WO-070250,19,10,22-77723-080-Raw,25.00000000,1.00000000,0.00000000,2026-04-07 00:00:00.000,MTM2,0.00000000
WO-070250,29,10,FGT0001-01,0.00000000,0.00000000,0.00000000,2026-04-07 00:00:00.000,MTM2,0.00000000
WO-070261,10,10,MMC0000367,15827.00000000,3.50000000,0.00000000,2026-04-14 10:10:00.000,MTM2,29366.00000000
WO-070261,10,20,FGT0509-01,0.00000000,0.00000000,0.00000000,2026-04-08 00:00:00.000,MTM2,0.00000000
WO-070261,19,10,CLS-832-2,9044.00000000,2.00000000,0.00000000,2026-04-14 14:00:00.000,MTM2,134386.00000000
WO-070261,19,20,FGT0084-01,0.00000000,0.00000000,0.00000000,2026-04-08 00:00:00.000,MTM2,0.00000000
WO-070269,90,10,XNM06024,514.00000000,2.00000000,0.00000000,2026-04-08 00:00:00.000,MTM2,6109.00000000
WO-070269,90,20,GM93206-Formed,257.00000000,1.00000000,0.00000000,2026-04-08 00:00:00.000,MTM2,0.00000000
WO-070269,109,10,GM93206-1,257.00000000,1.00000000,0.00000000,2026-04-08 00:00:00.000,MTM2,450.00000000
WO-070270,10,10,MMF0005011,71.76000000,0.46000000,0.00000000,2026-04-08 00:00:00.000,MTM2,85.00000000
WO-070270,30,10,962689,312.00000000,2.00000000,0.00000000,2026-04-20 22:20:00.000,MTM2,17182.00000000
WO-070276,10,10,MMF0005114,1225.60000000,76.60000000,0.00000000,2026-04-23 20:10:00.000,MTM2,1002.00000000
WO-070276,19,10,FGT0459-01,0.00000000,0.00000000,0.00000000,2026-04-08 00:00:00.000,MTM2,0.00000000
WO-070277,10,10,MMC0000529,46599.00000000,2.45000000,0.00000000,2026-04-30 14:10:00.000,MTM2,59520.00000000
WO-070277,10,20,FGT0144-01,0.00000000,0.00000000,0.00000000,2026-04-08 00:00:00.000,MTM2,0.00000000
WO-070277,90,10,900073 008100,38040.00000000,2.00000000,0.00000000,2026-06-03 22:20:00.000,MTM2,91401.00000000
WO-070294,10,10,MMC0000659,85778.10000000,9.98000000,0.00000000,2026-04-17 00:00:00.000,MTM2,67410.18000000
WO-070294,10,20,FGT0001-01,0.00000000,0.00000000,0.00000000,2026-04-09 00:00:00.000,MTM2,0.00000000
WO-070294,19,10,FGT0001-01,0.00000000,0.00000000,0.00000000,2026-04-09 00:00:00.000,MTM2,0.00000000
WO-070294,19,20,GENFOAM4,172.00000000,0.02000000,0.00000000,2026-04-16 10:20:00.000,MTM2,223.00000000
WO-070300,10,10,MMC0001140,4191.50000000,1.01000000,0.00000000,2026-05-29 00:10:00.000,MTM2,7270.00000000
WO-070300,10,20,FGT1194-01,0.00000000,0.00000000,0.00000000,2026-04-10 00:00:00.000,MTM2,0.00000000
WO-070300,90,10,900073 008100,4150.00000000,1.00000000,0.00000000,2026-05-29 09:10:00.000,MTM2,91401.00000000
WO-070325,10,10,40250-RH-Blank,101.00000000,1.00000000,0.00000000,2026-05-11 05:40:00.000,MTM2,0.00000000
WO-070325,10,20,FGT0132-01,0.00000000,0.00000000,0.00000000,2026-04-14 00:00:00.000,MTM2,0.00000000
WO-070325,20,10,FGT0149-01,0.00000000,0.00000000,0.00000000,2026-04-14 00:00:00.000,MTM2,0.00000000
WO-070330,10,10,MMF0005531,8140.00000000,220.00000000,0.00000000,2026-04-29 12:20:00.000,MTM2,3232.00000000
WO-070330,70,10,FGT1214-01,0.00000000,0.00000000,0.00000000,2026-04-14 00:00:00.000,MTM2,0.00000000
WO-070337,10,10,MMF0005512,2215.59000000,5.07000000,0.00000000,2026-05-07 00:00:00.000,MTM2,2082.00000000
WO-070337,20,10,FGT0579-01,0.00000000,0.00000000,0.00000000,2026-04-14 00:00:00.000,MTM2,0.00000000
WO-070337,409,10,23-12625-002,3496.00000000,8.00000000,0.00000000,2026-05-07 17:30:00.000,MTM2,89799.00000000
WO-070340,10,10,MMF0005512,4119.90000000,1.55000000,0.00000000,2026-05-26 17:10:00.000,MTM2,2082.00000000
WO-070340,70,10,SS-M5-2ZI,2658.00000000,1.00000000,0.00000000,2026-05-29 08:10:00.000,MTM2,10599.00000000
WO-070342,10,10,MMC0000072,3975.40000000,5.56000000,0.00000000,2026-05-11 09:10:00.000,MTM2,0.00000000
WO-070342,10,20,FGT0001-01,0.00000000,0.00000000,0.00000000,2026-04-14 00:00:00.000,MTM2,0.00000000
WO-070342,90,10,W99996-06002S,5005.00000000,7.00000000,0.00000000,2026-05-11 15:40:00.000,MTM2,118476.00000000
WO-070346,10,10,MMC0000367,29060.50000000,3.50000000,0.00000000,2026-04-20 03:00:00.000,MTM2,29366.00000000
WO-070346,10,20,FGT0509-01,0.00000000,0.00000000,0.00000000,2026-04-14 00:00:00.000,MTM2,0.00000000
WO-070346,19,10,CLS-832-2,16606.00000000,2.00000000,0.00000000,2026-04-24 06:40:00.000,MTM2,134386.00000000
WO-070346,19,20,FGT0084-01,0.00000000,0.00000000,0.00000000,2026-04-14 00:00:00.000,MTM2,0.00000000
WO-070348,10,10,MMC0000376,717.50000000,2.87000000,0.00000000,2026-04-17 02:30:00.000,MTM2,3200.00000000
WO-070348,10,20,FGT0673-01,0.00000000,0.00000000,0.00000000,2026-04-14 00:00:00.000,MTM2,0.00000000
WO-070348,40,10,FGT0900-01,0.00000000,0.00000000,0.00000000,2026-04-14 00:00:00.000,MTM2,0.00000000
WO-070353,10,10,MMC0000448,19321.50000000,0.55000000,0.00000000,2026-05-08 00:00:00.000,MTM2,3225.00000000
WO-070353,10,20,FGT0908-01,0.00000000,0.00000000,0.00000000,2026-04-14 00:00:00.000,MTM2,0.00000000
WO-070353,89,10,VBG00006,542.00000000,0.01540000,0.00000000,2026-05-29 07:00:00.000,MTM2,2812.00000000
WO-070353,89,20,S-1021,542.00000000,0.01540000,0.00000000,2026-05-29 07:00:00.000,MTM2,3327.00000000
WO-070356,10,10,MMC0000734,19873.56000000,0.59000000,0.00000000,2026-04-28 06:00:00.000,MTM2,0.00000000
WO-070356,10,20,FGT1039-01,0.00000000,0.00000000,0.00000000,2026-04-14 00:00:00.000,MTM2,0.00000000
WO-070356,929,10,VBG00006,482.00000000,0.01429000,0.00000000,2026-06-04 23:40:00.000,MTM2,2812.00000000
WO-070362,10,10,MMC0000980,11585.80000000,0.53000000,0.00000000,2026-06-02 11:10:00.000,MTM2,8168.32000000
WO-070362,10,20,FGT0846-01,0.00000000,0.00000000,0.00000000,2026-04-14 00:00:00.000,MTM2,0.00000000
WO-070362,20,10,23-14200-045,21860.00000000,1.00000000,0.00000000,2026-06-02 21:30:00.000,MTM2,38300.00000000
WO-070362,20,20,FGT0107-01,0.00000000,0.00000000,0.00000000,2026-04-14 00:00:00.000,MTM2,0.00000000
WO-070374,10,10,MMF0005010,946.00000000,8.60000000,0.00000000,2026-04-15 00:00:00.000,MTM2,568.40000000
WO-070374,20,10,FGT0001-01,0.00000000,0.00000000,0.00000000,2026-04-15 00:00:00.000,MTM2,0.00000000
WO-070386,10,10,MMC0000389,5102.90000000,0.55000000,0.00000000,2026-04-24 06:30:00.000,MTM2,0.00000000
WO-070386,10,20,FGT1037-01,0.00000000,0.00000000,0.00000000,2026-04-15 00:00:00.000,MTM2,0.00000000
WO-070386,20,10,23-12742-005,18556.00000000,2.00000000,0.00000000,2026-04-24 18:10:00.000,MTM2,35916.00000000
WO-070386,20,20,FGT0162-01,0.00000000,0.00000000,0.00000000,2026-04-15 00:00:00.000,MTM2,0.00000000
WO-070387,10,10,MMC0000389,6920.65000000,0.55000000,0.00000000,2026-05-05 07:00:00.000,MTM2,0.00000000
WO-070387,10,20,FGT0161-01,0.00000000,0.00000000,0.00000000,2026-04-15 00:00:00.000,MTM2,0.00000000
WO-070387,20,10,23-12742-005,25166.00000000,2.00000000,0.00000000,2026-05-05 07:50:00.000,MTM2,35916.00000000
WO-070387,20,20,FGT0162-01,0.00000000,0.00000000,0.00000000,2026-04-15 00:00:00.000,MTM2,0.00000000
WO-070421,10,10,MMF0005511,130.56000000,2.72000000,0.00000000,2026-05-15 17:20:00.000,MTM2,2448.00000000
WO-070421,90,10,962689,192.00000000,4.00000000,0.00000000,2026-05-15 21:10:00.000,MTM2,17182.00000000
WO-070421,96,10,190920,192.00000000,4.00000000,0.00000000,2026-05-15 22:10:00.000,MTM2,4742.00000000
WO-070422,10,10,MMF0005525,622.08000000,2.43000000,0.00000000,2026-05-01 11:10:00.000,MTM2,10695.00000000
WO-070422,90,10,963093,512.00000000,2.00000000,0.00000000,2026-05-01 20:30:00.000,MTM2,30615.00000000
WO-070429,10,10,MMC0000741,44333.73000000,11.17000000,0.00000000,2026-04-24 16:00:00.000,MTM2,70095.00000000
WO-070429,10,20,FGT1130-01,0.00000000,0.00000000,0.00000000,2026-04-16 00:00:00.000,MTM2,0.00000000
WO-070429,20,10,FGT1135-01,0.00000000,0.00000000,0.00000000,2026-04-16 00:00:00.000,MTM2,0.00000000
WO-070429,30,10,FGT1129-01,0.00000000,0.00000000,0.00000000,2026-04-16 00:00:00.000,MTM2,0.00000000
WO-070432,10,10,MMF0005010,2502.45000000,2.49000000,0.00000000,2026-04-17 00:00:00.000,MTM2,568.40000000
WO-070432,90,10,14M7233,1005.00000000,1.00000000,0.00000000,2026-04-20 20:50:00.000,MTM2,7121.00000000
WO-070432,90,20,RCG25,17.00000000,0.01670000,0.00000000,2026-04-20 20:50:00.000,MTM2,12.00000000
WO-070435,10,10,MMF0005531,7526.40000000,9.80000000,0.00000000,2026-05-07 03:30:00.000,MTM2,3232.00000000
WO-070435,20,10,RCG25,15.00000000,0.01850000,0.00000000,2026-05-07 11:10:00.000,MTM2,12.00000000
WO-070442,10,10,MMF0005525,216.00000000,7.20000000,0.00000000,2026-04-17 06:20:00.000,MTM2,10695.00000000
WO-070442,20,10,FGT0001-01,30.00000000,1.00000000,0.00000000,2026-05-29 07:20:00.000,MTM2,0.00000000
WO-070442,20,20,Tooling Not Ready,30.00000000,1.00000000,0.00000000,2026-05-29 07:20:00.000,MTM2,0.00000000
WO-070442,90,10,946829,120.00000000,4.00000000,0.00000000,2026-06-01 03:00:00.000,MTM2,891.00000000
WO-070454,10,10,MMC0000386,11395.93000000,0.13000000,0.00000000,2026-04-27 08:00:00.000,MTM2,11645.00000000
WO-070454,10,20,FGT0153-01,0.00000000,0.00000000,0.00000000,2026-04-17 00:00:00.000,MTM2,0.00000000
WO-070454,919,10,VBG00006,176.00000000,0.00200000,0.00000000,2026-06-05 11:20:00.000,MTM2,2812.00000000
WO-070455,10,10,40250-LH-Blank,119.00000000,1.00000000,0.00000000,2026-05-20 19:10:00.000,MTM2,103.00000000
WO-070455,10,20,FGT0132-01,0.00000000,0.00000000,0.00000000,2026-04-17 00:00:00.000,MTM2,0.00000000
WO-070455,20,10,FGT0149-01,0.00000000,0.00000000,0.00000000,2026-04-17 00:00:00.000,MTM2,0.00000000
WO-070456,10,10,MMC0000384,5643.00000000,5.13000000,0.00000000,2026-04-24 18:30:00.000,MTM2,30185.00000000
WO-070456,10,20,FGT0426-01,0.00000000,0.00000000,0.00000000,2026-04-17 00:00:00.000,MTM2,0.00000000
WO-070456,20,10,FGT1004-01,0.00000000,0.00000000,0.00000000,2026-04-17 00:00:00.000,MTM2,0.00000000
WO-070456,30,10,23-12742-000,2200.00000000,2.00000000,0.00000000,2026-05-29 11:20:00.000,MTM2,57096.00000000
WO-070456,30,20,FGT1204-01,0.00000000,0.00000000,0.00000000,2026-04-17 00:00:00.000,MTM2,0.00000000
WO-070456,889,30,23-12631-791,3300.00000000,3.00000000,0.00000000,2026-05-28 18:40:00.000,MTM2,79200.00000000
WO-070460,20,10,21-28841-Blank,717.00000000,1.00000000,0.00000000,2026-04-17 00:00:00.000,MTM2,112.00000000
WO-070460,20,20,FGT0150-01,0.00000000,0.00000000,0.00000000,2026-04-17 00:00:00.000,MTM2,0.00000000
WO-070460,40,10,FGT0151-01,0.00000000,0.00000000,0.00000000,2026-04-17 00:00:00.000,MTM2,0.00000000
WO-070460,90,10,21-28841-Patch-1.25,1434.00000000,2.00000000,0.00000000,2026-05-20 23:10:00.000,MTM2,6238.00000000
WO-070460,90,20,21-28841-Patch-2.00,1434.00000000,2.00000000,0.00000000,2026-05-20 23:10:00.000,MTM2,12350.00000000
WO-070460,90,30,FGF0009-01,0.00000000,0.00000000,0.00000000,2026-04-17 00:00:00.000,MTM2,0.00000000
WO-070462,10,10,MMF0005008,169.00000000,1.00000000,0.00000000,2026-04-17 00:00:00.000,MTM2,1837.00000000
WO-070462,90,10,RN3316,507.00000000,3.00000000,0.00000000,2026-04-17 00:00:00.000,MTM2,10123.00000000
WO-070463,10,10,MMC0000730,43297.76000000,5.84000000,0.00000000,2026-05-01 13:30:00.000,MTM2,0.00000000
WO-070463,10,20,FGT1140-01,0.00000000,0.00000000,0.00000000,2026-04-17 00:00:00.000,MTM2,0.00000000
WO-070463,20,10,FGT1181-01,0.00000000,0.00000000,0.00000000,2026-04-17 00:00:00.000,MTM2,0.00000000
WO-070470,10,10,MMC0001025,5291.35000000,0.97000000,0.00000000,2026-04-17 00:00:00.000,MTM2,63505.00000000
WO-070470,10,20,FGT0834-01,0.00000000,0.00000000,0.00000000,2026-04-17 00:00:00.000,MTM2,0.00000000
WO-070470,19,10,FGT0697-01,0.00000000,0.00000000,0.00000000,2026-04-17 00:00:00.000,MTM2,0.00000000
WO-070492,10,10,MMF0005011,58.65000000,2.55000000,0.00000000,2026-04-24 03:30:00.000,MTM2,85.00000000
WO-070492,89,10,T68048,23.00000000,1.00000000,0.00000000,2026-04-24 05:00:00.000,MTM2,3523.00000000
WO-070498,10,10,MMF0002006,360.00000000,18.00000000,0.00000000,2026-04-20 00:00:00.000,MTM2,239.00000000
WO-070498,889,30,FGT0746-01,0.00000000,0.00000000,0.00000000,2026-04-20 00:00:00.000,MTM2,0.00000000
WO-070502,10,10,MMF0007125,49.80000000,4.15000000,0.00000000,2026-04-20 00:00:00.000,MTM2,140.00000000
WO-070502,30,10,FGT0001-01,0.00000000,0.00000000,0.00000000,2026-04-20 00:00:00.000,MTM2,0.00000000
WO-070504,10,10,MMF0005511,154.00000000,7.00000000,0.00000000,2026-04-20 00:00:00.000,MTM2,2448.00000000
WO-070504,10,20,Tooling Not Ready,22.00000000,1.00000000,0.00000000,2026-04-20 00:00:00.000,MTM2,0.00000000
WO-070504,30,10,FGT0001-01,0.00000000,0.00000000,0.00000000,2026-04-20 00:00:00.000,MTM2,0.00000000
WO-070511,10,10,MMF0005531,7283.44000000,14.48000000,0.00000000,2026-04-21 00:00:00.000,MTM2,3232.00000000
WO-070511,20,10,RCG25,10.00000000,0.01850000,0.00000000,2026-05-08 00:00:00.000,MTM2,12.00000000
WO-070513,10,10,MMC0001025,592.49000000,1.79000000,0.00000000,2026-04-21 00:00:00.000,MTM2,63505.00000000
WO-070513,10,20,FGT0834-01,0.00000000,0.00000000,0.00000000,2026-04-21 00:00:00.000,MTM2,0.00000000
WO-070513,19,10,FGT0697-01,0.00000000,0.00000000,0.00000000,2026-04-21 00:00:00.000,MTM2,0.00000000
WO-070514,10,10,MMC0001025,468.00000000,2.34000000,0.00000000,2026-04-21 00:00:00.000,MTM2,63505.00000000
WO-070514,10,20,FGT0834-01,0.00000000,0.00000000,0.00000000,2026-04-21 00:00:00.000,MTM2,0.00000000
WO-070514,19,10,FGT0697-01,0.00000000,0.00000000,0.00000000,2026-04-21 00:00:00.000,MTM2,0.00000000
WO-070535,10,10,MMS0000070,1904.00000000,1.00000000,0.00000000,2026-05-29 00:00:00.000,MTM2,110.00000000
WO-070535,10,20,FGT0001-01,0.00000000,0.00000000,0.00000000,2026-04-20 00:00:00.000,MTM2,0.00000000
WO-070535,20,10,FGT0001-01,0.00000000,0.00000000,0.00000000,2026-04-20 00:00:00.000,MTM2,0.00000000
WO-070545,10,10,MMC0001025,120.00000000,0.96000000,0.00000000,2026-04-21 00:00:00.000,MTM2,63505.00000000
WO-070545,10,20,FGT0719-01,0.00000000,0.00000000,0.00000000,2026-04-21 00:00:00.000,MTM2,0.00000000
WO-070545,19,10,FGT0690-01,0.00000000,0.00000000,0.00000000,2026-04-21 00:00:00.000,MTM2,0.00000000
WO-070546,10,10,MMC0001025,248.60000000,1.10000000,0.00000000,2026-04-21 00:00:00.000,MTM2,63505.00000000
WO-070546,10,20,FGT0719-01,0.00000000,0.00000000,0.00000000,2026-04-21 00:00:00.000,MTM2,0.00000000
WO-070546,19,10,FGT0690-01,0.00000000,0.00000000,0.00000000,2026-04-21 00:00:00.000,MTM2,0.00000000
WO-070547,10,10,MMC0001025,165.00000000,1.10000000,0.00000000,2026-04-21 00:00:00.000,MTM2,63505.00000000
WO-070547,10,20,FGT0719-01,0.00000000,0.00000000,0.00000000,2026-04-21 00:00:00.000,MTM2,0.00000000
WO-070547,19,10,FGT0690-01,0.00000000,0.00000000,0.00000000,2026-04-21 00:00:00.000,MTM2,0.00000000
WO-070548,10,10,MMC0001025,57.50000000,1.15000000,0.00000000,2026-04-21 00:00:00.000,MTM2,63505.00000000
WO-070548,10,20,FGT0719-01,0.00000000,0.00000000,0.00000000,2026-04-21 00:00:00.000,MTM2,0.00000000
WO-070548,19,10,FGT0690-01,0.00000000,0.00000000,0.00000000,2026-04-21 00:00:00.000,MTM2,0.00000000
WO-070549,10,10,MMC0001025,3920.22000000,2.61000000,0.00000000,2026-04-24 01:00:00.000,MTM2,63505.00000000
WO-070549,10,20,FGT0719-01,0.00000000,0.00000000,0.00000000,2026-04-21 00:00:00.000,MTM2,0.00000000
WO-070549,19,10,FGT0690-01,0.00000000,0.00000000,0.00000000,2026-04-21 00:00:00.000,MTM2,0.00000000
WO-070550,10,10,MMC0001025,652.50000000,2.61000000,0.00000000,2026-04-27 00:40:00.000,MTM2,63505.00000000
WO-070550,10,20,FGT0719-01,0.00000000,0.00000000,0.00000000,2026-04-21 00:00:00.000,MTM2,0.00000000
WO-070550,19,10,FGT0690-01,0.00000000,0.00000000,0.00000000,2026-04-21 00:00:00.000,MTM2,0.00000000
WO-070569,10,10,MMF0005010,1367.40000000,8.60000000,0.00000000,2026-04-22 00:00:00.000,MTM2,568.40000000
WO-070569,20,10,FGT0001-01,0.00000000,0.00000000,0.00000000,2026-04-22 00:00:00.000,MTM2,0.00000000
WO-070570,10,10,MMF0005010,1754.40000000,8.60000000,0.00000000,2026-04-22 00:00:00.000,MTM2,568.40000000
WO-070570,20,10,FGT0001-01,0.00000000,0.00000000,0.00000000,2026-04-22 00:00:00.000,MTM2,0.00000000
WO-070575,10,10,MMF0005010,2420.28000000,2.49000000,0.00000000,2026-04-27 01:20:00.000,MTM2,568.40000000
WO-070575,90,10,14M7233,972.00000000,1.00000000,0.00000000,2026-04-27 15:40:00.000,MTM2,7121.00000000
WO-070575,90,20,RCG25,17.00000000,0.01670000,0.00000000,2026-04-27 15:40:00.000,MTM2,12.00000000
WO-070576,10,10,MMF0005525,1010.88000000,2.43000000,0.00000000,2026-04-22 00:00:00.000,MTM2,10695.00000000
WO-070576,90,10,963093,832.00000000,2.00000000,0.00000000,2026-04-24 05:10:00.000,MTM2,30615.00000000
WO-070582,10,10,MMF0005011,94.76000000,0.46000000,0.00000000,2026-04-22 00:00:00.000,MTM2,85.00000000
WO-070582,30,10,962689,412.00000000,2.00000000,0.00000000,2026-05-04 19:20:00.000,MTM2,17182.00000000
WO-070603,10,10,MMC0000742,12844.80000000,26.76000000,0.00000000,2026-05-22 10:20:00.000,MTM2,0.00000000
WO-070603,10,20,FGT1206-01,0.00000000,0.00000000,0.00000000,2026-04-23 00:00:00.000,MTM2,0.00000000
WO-070603,20,10,FGT1203-01,0.00000000,0.00000000,0.00000000,2026-04-23 00:00:00.000,MTM2,0.00000000
WO-070603,90,10,962689,3840.00000000,8.00000000,0.00000000,2026-06-01 11:20:00.000,MTM2,17182.00000000
WO-070612,10,10,MMF0007080,11.52000000,0.48000000,0.00000000,2026-04-24 07:00:00.000,MTM2,263.00000000
WO-070612,100,10,8143420,48.00000000,2.00000000,0.00000000,2026-06-05 18:50:00.000,MTM2,12984.00000000
WO-070612,100,20,969278,48.00000000,2.00000000,0.00000000,2026-06-05 18:50:00.000,MTM2,984.00000000
WO-070612,100,30,78808626,48.00000000,2.00000000,0.00000000,2026-06-05 18:50:00.000,MTM2,2487.00000000
WO-070653,10,10,MMC0000659,79720.24000000,9.98000000,0.00000000,2026-05-01 00:00:00.000,MTM2,67410.18000000
WO-070653,10,20,FGT0001-01,0.00000000,0.00000000,0.00000000,2026-04-24 00:00:00.000,MTM2,0.00000000
WO-070653,19,10,FGT0001-01,0.00000000,0.00000000,0.00000000,2026-04-24 00:00:00.000,MTM2,0.00000000
WO-070653,19,20,GENFOAM4,160.00000000,0.02000000,0.00000000,2026-05-04 14:30:00.000,MTM2,223.00000000
WO-070670,10,10,MMC0001114,3490.50000000,4.65400000,0.00000000,2026-05-12 07:10:00.000,MTM2,2930.00000000
WO-070670,10,20,FGT1148-01,0.00000000,0.00000000,0.00000000,2026-04-27 00:00:00.000,MTM2,0.00000000
WO-070670,20,10,FGT1149-01,0.00000000,0.00000000,0.00000000,2026-04-27 00:00:00.000,MTM2,0.00000000
WO-070685,10,10,MMF0008025,47.43000000,2.79000000,0.00000000,2026-05-01 07:00:00.000,MTM2,342.00000000
WO-070685,10,20,Tooling Not Ready,0.00000000,0.00000000,0.00000000,2026-04-27 00:00:00.000,MTM2,0.00000000
WO-070685,90,10,60111757,34.00000000,2.00000000,0.00000000,2026-05-29 10:30:00.000,MTM2,0.00000000
WO-070685,96,10,961615,34.00000000,2.00000000,0.00000000,2026-05-29 10:50:00.000,MTM2,47.00000000
WO-070693,10,10,MMC0000740,7821.00000000,8.69000000,0.00000000,2026-05-29 00:00:00.000,MTM2,10358.14000000
WO-070693,10,20,FGT1132-01,0.00000000,0.00000000,0.00000000,2026-04-27 00:00:00.000,MTM2,0.00000000
WO-070693,20,10,FGT1133-01,0.00000000,0.00000000,0.00000000,2026-04-27 00:00:00.000,MTM2,0.00000000
WO-070693,30,10,FGT1136-01,0.00000000,0.00000000,0.00000000,2026-04-27 00:00:00.000,MTM2,0.00000000
WO-070750,19,10,MMC0000551,238.62000000,0.06000000,0.00000000,2026-05-01 01:30:00.000,MTM2,0.00000000
WO-070750,19,20,FGT0192-01,0.00000000,0.00000000,0.00000000,2026-04-28 00:00:00.000,MTM2,0.00000000
WO-070750,39,10,VBG00006,40.00000000,0.01000000,0.00000000,2026-05-22 00:00:00.000,MTM2,2812.00000000
WO-070761,10,10,MMC0000870,4722.36000000,0.11700000,0.00000000,2026-05-20 05:30:00.000,MTM2,0.00000000
WO-070761,10,20,FGT1022-01,0.00000000,0.00000000,0.00000000,2026-04-28 00:00:00.000,MTM2,0.00000000
WO-070761,939,10,VBG00006,202.00000000,0.00500000,0.00000000,2026-06-08 16:20:00.000,MTM2,2812.00000000
WO-070775,10,10,MMF0005010,1522.20000000,8.60000000,0.00000000,2026-05-01 07:00:00.000,MTM2,568.40000000
WO-070775,20,10,FGT0001-01,0.00000000,0.00000000,0.00000000,2026-04-28 00:00:00.000,MTM2,0.00000000
WO-070777,10,10,MMF0005531,37180.00000000,220.00000000,0.00000000,2026-05-13 03:10:00.000,MTM2,3232.00000000
WO-070777,70,10,FGT1214-01,0.00000000,0.00000000,0.00000000,2026-04-28 00:00:00.000,MTM2,0.00000000
WO-070788,10,10,MMF0005531,29040.00000000,220.00000000,0.00000000,2026-05-12 10:20:00.000,MTM2,3232.00000000
WO-070788,70,10,FGT1214-01,0.00000000,0.00000000,0.00000000,2026-04-28 00:00:00.000,MTM2,0.00000000
WO-070804,10,10,MMF0006615,825.00000000,2.75000000,0.00000000,2026-05-01 00:00:00.000,MTM2,2957.00000000
WO-070804,20,10,FGT0265-01,0.00000000,0.00000000,0.00000000,2026-04-29 00:00:00.000,MTM2,0.00000000
WO-070823,10,10,MMF0005808,1674.00000000,22.32000000,0.00000000,2026-05-01 08:00:00.000,MTM2,1665.00000000
WO-070823,30,20,FGT0001-01,0.00000000,0.00000000,0.00000000,2026-04-29 00:00:00.000,MTM2,0.00000000
WO-070823,50,10,FGT0001-01,75.00000000,1.00000000,0.00000000,2026-06-02 12:10:00.000,MTM2,0.00000000
WO-070825,10,10,MMF0005511,18.60000000,1.86000000,0.00000000,2026-05-15 17:30:00.000,MTM2,2448.00000000
WO-070825,10,20,Tooling Not Ready,10.00000000,1.00000000,0.00000000,2026-05-15 17:30:00.000,MTM2,0.00000000
WO-070825,30,10,FGT0001-01,0.00000000,0.00000000,0.00000000,2026-04-29 00:00:00.000,MTM2,0.00000000
WO-070829,10,10,MMC0000873,6446.62000000,0.02200000,0.00000000,2026-05-01 00:00:00.000,MTM2,0.00000000
WO-070829,10,20,FGT1060-01,0.00000000,0.00000000,0.00000000,2026-04-29 00:00:00.000,MTM2,0.00000000
WO-070829,929,10,VBG00006,176.00000000,0.00060000,0.00000000,2026-06-10 08:50:00.000,MTM2,2812.00000000
WO-070842,10,10,MMFSR05511,17.48000000,0.38000000,0.00000000,2026-05-15 09:10:00.000,MTM2,2451.00000000
WO-070842,10,20,FGT0001-01,0.00000000,0.00000000,0.00000000,2026-04-30 00:00:00.000,MTM2,0.00000000
WO-070842,90,10,965499,46.00000000,1.00000000,0.00000000,2026-05-15 13:20:00.000,MTM2,45.00000000
WO-070849,10,10,4536-2779-030-Blank,303.00000000,1.00000000,0.00000000,2026-06-16 11:20:00.000,MTM2,303.00000000
WO-070849,10,20,FGT0381-01,0.00000000,0.00000000,0.00000000,2026-04-30 00:00:00.000,MTM2,0.00000000
WO-070849,20,10,FGT0382-01,0.00000000,0.00000000,0.00000000,2026-04-30 00:00:00.000,MTM2,0.00000000
WO-070855,10,10,MMF0009014,347.50000000,13.90000000,0.00000000,2026-05-01 10:40:00.000,MTM2,95.00000000
WO-070855,29,10,FGT1178-01,0.00000000,0.00000000,0.00000000,2026-04-30 00:00:00.000,MTM2,0.00000000
WO-070855,49,10,FGT1175-01,0.00000000,0.00000000,0.00000000,2026-04-30 00:00:00.000,MTM2,0.00000000
WO-070856,10,10,MMF0009014,412.50000000,7.50000000,0.00000000,2026-05-01 07:20:00.000,MTM2,95.00000000
WO-070856,29,10,FGT1172-01,0.00000000,0.00000000,0.00000000,2026-04-30 00:00:00.000,MTM2,0.00000000
WO-070860,10,10,MMC0001000,81.31000000,1.73000000,0.00000000,2026-05-01 11:30:00.000,MTM2,41391.70000000
WO-070860,10,20,FGT0015-01,0.00000000,0.00000000,0.00000000,2026-04-30 00:00:00.000,MTM2,0.00000000
WO-070860,19,10,FGT0182-01,0.00000000,0.00000000,0.00000000,2026-04-30 00:00:00.000,MTM2,0.00000000
WO-070869,10,10,24733449-Blank,397.00000000,1.00000000,0.00000000,2026-05-27 12:50:00.000,MTM2,0.00000000
WO-070869,10,20,FGT0853-01,0.00000000,0.00000000,0.00000000,2026-04-30 00:00:00.000,MTM2,0.00000000
WO-070869,19,10,24733508,794.00000000,2.00000000,0.00000000,2026-05-27 20:20:00.000,MTM2,1139.00000000
WO-070869,19,20,12A-B,3176.00000000,8.00000000,0.00000000,2026-05-27 20:20:00.000,MTM2,69272.00000000
WO-070870,10,10,24733452-Blank,748.00000000,1.00000000,0.00000000,2026-05-28 06:00:00.000,MTM2,0.00000000
WO-070870,10,20,FGT0853-01,0.00000000,0.00000000,0.00000000,2026-05-01 00:00:00.000,MTM2,0.00000000
WO-070870,19,10,24733508,1496.00000000,2.00000000,0.00000000,2026-05-28 23:40:00.000,MTM2,1139.00000000
WO-070870,19,20,12A-B,5984.00000000,8.00000000,0.00000000,2026-05-28 23:40:00.000,MTM2,69272.00000000
WO-070871,10,10,24733454-Blank,60.00000000,1.00000000,0.00000000,2026-05-12 18:40:00.000,MTM2,0.00000000
WO-070871,10,20,FGT0853-01,0.00000000,0.00000000,0.00000000,2026-05-01 00:00:00.000,MTM2,0.00000000
WO-070871,19,10,24733508,120.00000000,2.00000000,0.00000000,2026-05-31 23:40:00.000,MTM2,1139.00000000
WO-070871,19,20,12A-B,480.00000000,8.00000000,0.00000000,2026-05-31 23:40:00.000,MTM2,69272.00000000
WO-070874,10,10,24733457-Blank,344.00000000,1.00000000,0.00000000,2026-05-01 00:00:00.000,MTM2,0.00000000
WO-070874,10,20,FGT0853-01,0.00000000,0.00000000,0.00000000,2026-05-01 00:00:00.000,MTM2,0.00000000
WO-070874,19,10,24733508,688.00000000,2.00000000,0.00000000,2026-06-19 16:40:00.000,MTM2,1139.00000000
WO-070874,19,20,12A-B,2752.00000000,8.00000000,0.00000000,2026-06-19 16:40:00.000,MTM2,69272.00000000
WO-070875,10,10,24733458-Blank,1000.00000000,1.00000000,0.00000000,2026-05-01 00:00:00.000,MTM2,0.00000000
WO-070875,10,20,FGT0853-01,0.00000000,0.00000000,0.00000000,2026-05-01 00:00:00.000,MTM2,0.00000000
WO-070875,19,10,24733508,2000.00000000,2.00000000,0.00000000,2026-05-29 00:30:00.000,MTM2,1139.00000000
WO-070875,19,20,12A-B,8000.00000000,8.00000000,0.00000000,2026-05-29 00:30:00.000,MTM2,69272.00000000
WO-070876,10,10,24733460-Blank,300.00000000,1.00000000,0.00000000,2026-05-01 00:00:00.000,MTM2,0.00000000
WO-070876,10,20,FGT0853-01,0.00000000,0.00000000,0.00000000,2026-05-01 00:00:00.000,MTM2,0.00000000
WO-070876,19,10,24733508,600.00000000,2.00000000,0.00000000,2026-06-04 23:40:00.000,MTM2,1139.00000000
WO-070876,19,20,12A-B,2400.00000000,8.00000000,0.00000000,2026-06-04 23:40:00.000,MTM2,69272.00000000
WO-070877,10,10,24733461-Blank,600.00000000,1.00000000,0.00000000,2026-05-01 00:00:00.000,MTM2,9.00000000
WO-070877,10,20,FGT0853-01,0.00000000,0.00000000,0.00000000,2026-05-01 00:00:00.000,MTM2,0.00000000
WO-070877,19,10,24733508,1200.00000000,2.00000000,0.00000000,2026-06-04 23:50:00.000,MTM2,1139.00000000
WO-070877,19,20,12A-B,4800.00000000,8.00000000,0.00000000,2026-06-04 23:50:00.000,MTM2,69272.00000000
WO-070878,10,10,24733463-Blank,160.00000000,1.00000000,0.00000000,2026-05-01 00:00:00.000,MTM2,0.00000000
WO-070878,10,20,FGT0853-01,0.00000000,0.00000000,0.00000000,2026-05-01 00:00:00.000,MTM2,0.00000000
WO-070878,19,10,24733508,320.00000000,2.00000000,0.00000000,2026-05-29 00:00:00.000,MTM2,1139.00000000
WO-070878,19,20,12A-B,1280.00000000,8.00000000,0.00000000,2026-05-29 00:00:00.000,MTM2,69272.00000000
WO-070879,10,10,24733464-Blank,800.00000000,1.00000000,0.00000000,2026-05-01 00:00:00.000,MTM2,0.00000000
WO-070879,10,20,FGT0853-01,0.00000000,0.00000000,0.00000000,2026-05-01 00:00:00.000,MTM2,0.00000000
WO-070879,19,10,24733508,1600.00000000,2.00000000,0.00000000,2026-05-29 19:30:00.000,MTM2,1139.00000000
WO-070879,19,20,12A-B,6400.00000000,8.00000000,0.00000000,2026-05-29 19:30:00.000,MTM2,69272.00000000
WO-070883,10,10,MMF0005531,4939.20000000,9.80000000,0.00000000,2026-05-01 00:00:00.000,MTM2,3232.00000000
WO-070883,20,10,RCG25,10.00000000,0.01850000,0.00000000,2026-05-01 00:00:00.000,MTM2,12.00000000
WO-070888,10,10,MMC0000978,11349.52000000,1.04000000,0.00000000,2026-06-02 12:00:00.000,MTM2,11350.00000000
WO-070888,10,20,FGT0035-01,0.00000000,0.00000000,0.00000000,2026-05-01 00:00:00.000,MTM2,0.00000000
WO-070888,20,10,23-12729-008,32739.00000000,3.00000000,0.00000000,2026-06-04 23:50:00.000,MTM2,307947.00000000
WO-070888,20,20,FGT0044-01,0.00000000,0.00000000,0.00000000,2026-05-01 00:00:00.000,MTM2,0.00000000
WO-070919,10,10,MMF0000385,2239.00000000,1.00000000,0.00000000,2026-05-13 15:30:00.000,MTM2,1670.00000000
WO-070919,10,20,FGT1031-01,0.00000000,0.00000000,0.00000000,2026-05-04 00:00:00.000,MTM2,0.00000000
WO-070919,20,20,FGT1032-01,0.00000000,0.00000000,0.00000000,2026-05-04 00:00:00.000,MTM2,0.00000000
WO-070919,29,20,FGT1033-01,0.00000000,0.00000000,0.00000000,2026-05-04 00:00:00.000,MTM2,0.00000000
WO-070933,10,10,MMC0000367,25641.00000000,3.50000000,0.00000000,2026-05-22 00:00:00.000,MTM2,29366.00000000
WO-070933,10,20,FGT0509-01,0.00000000,0.00000000,0.00000000,2026-05-04 00:00:00.000,MTM2,0.00000000
WO-070933,19,10,CLS-832-2,14652.00000000,2.00000000,0.00000000,2026-05-29 07:50:00.000,MTM2,134386.00000000
WO-070933,19,20,FGT0084-01,0.00000000,0.00000000,0.00000000,2026-05-04 00:00:00.000,MTM2,0.00000000
WO-070937,10,10,MMC0000553,1833.00000000,1.41000000,0.00000000,2026-06-10 16:50:00.000,MTM2,4230.00000000
WO-070937,10,20,FGT0174-01,0.00000000,0.00000000,0.00000000,2026-05-04 00:00:00.000,MTM2,0.00000000
WO-070937,90,10,RN3316,7800.00000000,6.00000000,0.00000000,2026-06-10 20:10:00.000,MTM2,10123.00000000
WO-070939,10,10,24733467-Blank,400.00000000,1.00000000,0.00000000,2026-05-05 00:00:00.000,MTM2,0.00000000
WO-070939,10,20,FGT0853-01,0.00000000,0.00000000,0.00000000,2026-05-05 00:00:00.000,MTM2,0.00000000
WO-070939,19,10,24733508,800.00000000,2.00000000,0.00000000,2026-06-04 19:20:00.000,MTM2,1139.00000000
WO-070939,19,20,12A-B,3200.00000000,8.00000000,0.00000000,2026-06-04 19:20:00.000,MTM2,69272.00000000
WO-070940,10,10,24733468-Blank,600.00000000,1.00000000,0.00000000,2026-05-05 00:00:00.000,MTM2,0.00000000
WO-070940,10,20,FGT0853-01,0.00000000,0.00000000,0.00000000,2026-05-05 00:00:00.000,MTM2,0.00000000
WO-070940,19,10,24733508,1200.00000000,2.00000000,0.00000000,2026-06-04 13:30:00.000,MTM2,1139.00000000
WO-070940,19,20,12A-B,4800.00000000,8.00000000,0.00000000,2026-06-04 13:30:00.000,MTM2,69272.00000000
WO-070941,10,10,24733470-Blank,100.00000000,1.00000000,0.00000000,2026-05-05 00:00:00.000,MTM2,0.00000000
WO-070941,10,20,FGT0853-01,0.00000000,0.00000000,0.00000000,2026-05-05 00:00:00.000,MTM2,0.00000000
WO-070941,19,10,24733508,200.00000000,2.00000000,0.00000000,2026-06-04 21:40:00.000,MTM2,1139.00000000
WO-070941,19,20,12A-B,800.00000000,8.00000000,0.00000000,2026-06-04 21:40:00.000,MTM2,69272.00000000
WO-070942,10,10,24733471-Blank,1100.00000000,1.00000000,0.00000000,2026-06-03 10:20:00.000,MTM2,1100.00000000
WO-070942,10,20,FGT0853-01,0.00000000,0.00000000,0.00000000,2026-05-05 00:00:00.000,MTM2,0.00000000
WO-070942,19,10,24733508,2200.00000000,2.00000000,0.00000000,2026-06-04 05:10:00.000,MTM2,1139.00000000
WO-070942,19,20,12A-B,8800.00000000,8.00000000,0.00000000,2026-06-04 05:10:00.000,MTM2,69272.00000000
WO-070943,10,10,MMC0000384,15287.40000000,5.13000000,0.00000000,2026-05-21 22:00:00.000,MTM2,30185.00000000
WO-070943,10,20,FGT0426-01,0.00000000,0.00000000,0.00000000,2026-05-05 00:00:00.000,MTM2,0.00000000
WO-070943,20,10,FGT1004-01,0.00000000,0.00000000,0.00000000,2026-05-05 00:00:00.000,MTM2,0.00000000
WO-070943,30,10,23-12742-000,5960.00000000,2.00000000,0.00000000,2026-05-29 12:40:00.000,MTM2,57096.00000000
WO-070943,30,20,FGT1204-01,0.00000000,0.00000000,0.00000000,2026-05-05 00:00:00.000,MTM2,0.00000000
WO-070943,889,30,23-12631-791,8940.00000000,3.00000000,0.00000000,2026-06-11 17:10:00.000,MTM2,79200.00000000
WO-070944,10,10,MMC0000384,15287.40000000,5.13000000,0.00000000,2026-06-01 03:50:00.000,MTM2,30185.00000000
WO-070944,10,20,FGT0426-01,0.00000000,0.00000000,0.00000000,2026-05-05 00:00:00.000,MTM2,0.00000000
WO-070944,20,10,FGT1004-01,0.00000000,0.00000000,0.00000000,2026-05-05 00:00:00.000,MTM2,0.00000000
WO-070944,30,10,23-12742-000,5960.00000000,2.00000000,0.00000000,2026-06-02 06:40:00.000,MTM2,57096.00000000
WO-070944,30,20,FGT1204-01,0.00000000,0.00000000,0.00000000,2026-05-05 00:00:00.000,MTM2,0.00000000
WO-070944,889,30,23-12631-791,8940.00000000,3.00000000,0.00000000,2026-06-12 19:30:00.000,MTM2,79200.00000000
WO-070962,10,10,MMF0007125,78.85000000,4.15000000,0.00000000,2026-05-05 00:00:00.000,MTM2,140.00000000
WO-070962,30,10,FGT0001-01,0.00000000,0.00000000,0.00000000,2026-05-05 00:00:00.000,MTM2,0.00000000
WO-070964,10,10,MMF0005010,2046.80000000,8.60000000,0.00000000,2026-05-05 00:00:00.000,MTM2,568.40000000
WO-070964,20,10,FGT0001-01,0.00000000,0.00000000,0.00000000,2026-05-05 00:00:00.000,MTM2,0.00000000
WO-070965,10,10,MMF0005010,2158.60000000,8.60000000,0.00000000,2026-05-05 00:00:00.000,MTM2,568.40000000
WO-070965,20,10,FGT0001-01,0.00000000,0.00000000,0.00000000,2026-05-05 00:00:00.000,MTM2,0.00000000
WO-070966,10,10,40250-RH-Blank,62.00000000,1.00000000,0.00000000,2026-06-10 11:50:00.000,MTM2,0.00000000
WO-070966,10,20,FGT0132-01,0.00000000,0.00000000,0.00000000,2026-05-05 00:00:00.000,MTM2,0.00000000
WO-070966,20,10,FGT0149-01,0.00000000,0.00000000,0.00000000,2026-05-05 00:00:00.000,MTM2,0.00000000
WO-070971,20,10,FGT0853-01,50.00000000,1.00000000,0.00000000,2026-05-05 00:00:00.000,MTM2,0.00000000
WO-070971,20,20,24858500-Blank,50.00000000,1.00000000,0.00000000,2026-05-05 00:00:00.000,MTM2,0.00000000
WO-070971,30,10,12A-B,400.00000000,8.00000000,0.00000000,2026-05-05 00:00:00.000,MTM2,69272.00000000
WO-070971,30,20,24733508,100.00000000,2.00000000,0.00000000,2026-05-05 00:00:00.000,MTM2,1139.00000000
WO-070971,39,10,24858390,50.00000000,1.00000000,0.00000000,2026-05-08 07:00:00.000,MTM2,98.00000000
WO-070971,39,20,984752,300.00000000,6.00000000,0.00000000,2026-05-08 07:00:00.000,MTM2,2585.00000000
WO-070971,39,30,990941,300.00000000,6.00000000,0.00000000,2026-05-08 07:00:00.000,MTM2,1857.00000000
WO-070972,20,10,FGT0853-01,75.00000000,1.00000000,0.00000000,2026-05-05 00:00:00.000,MTM2,0.00000000
WO-070972,20,20,24858497-Blank,75.00000000,1.00000000,0.00000000,2026-05-05 00:00:00.000,MTM2,0.00000000
WO-070972,30,10,12A-B,600.00000000,8.00000000,0.00000000,2026-05-05 00:00:00.000,MTM2,69272.00000000
WO-070972,30,20,24733508,150.00000000,2.00000000,0.00000000,2026-05-05 00:00:00.000,MTM2,1139.00000000
WO-070972,39,10,24858369,75.00000000,1.00000000,0.00000000,2026-05-08 20:30:00.000,MTM2,143.00000000
WO-070972,39,20,984752,600.00000000,8.00000000,0.00000000,2026-05-08 20:30:00.000,MTM2,2585.00000000
WO-070972,39,30,990941,600.00000000,8.00000000,0.00000000,2026-05-08 20:30:00.000,MTM2,1857.00000000
WO-070973,20,10,FGT0853-01,125.00000000,1.00000000,0.00000000,2026-05-05 00:00:00.000,MTM2,0.00000000
WO-070973,20,20,24858502-Blank,125.00000000,1.00000000,0.00000000,2026-05-05 00:00:00.000,MTM2,0.00000000
WO-070973,30,10,12A-B,1000.00000000,8.00000000,0.00000000,2026-05-05 00:00:00.000,MTM2,69272.00000000
WO-070973,30,20,24733508,250.00000000,2.00000000,0.00000000,2026-05-05 00:00:00.000,MTM2,1139.00000000
WO-070973,39,10,24858392,125.00000000,1.00000000,0.00000000,2026-05-29 07:00:00.000,MTM2,134.00000000
WO-070973,39,20,984752,875.00000000,7.00000000,0.00000000,2026-05-29 07:00:00.000,MTM2,2585.00000000
WO-070973,39,30,990941,875.00000000,7.00000000,0.00000000,2026-05-29 07:00:00.000,MTM2,1857.00000000
WO-070979,10,10,MMC0000107,546.00000000,0.07800000,0.00000000,2026-05-29 17:30:00.000,MTM2,547.00000000
WO-070979,10,20,FGT0357-01,0.00000000,0.00000000,0.00000000,2026-05-06 00:00:00.000,MTM2,0.00000000
WO-070979,90,10,23-11318-038,14000.00000000,2.00000000,0.00000000,2026-05-31 23:30:00.000,MTM2,16327.00000000
WO-070985,20,10,21-28841-Blank,920.00000000,1.00000000,0.00000000,2026-05-19 11:40:00.000,MTM2,112.00000000
WO-070985,20,20,FGT0150-01,0.00000000,0.00000000,0.00000000,2026-05-06 00:00:00.000,MTM2,0.00000000
WO-070985,40,10,FGT0151-01,0.00000000,0.00000000,0.00000000,2026-05-06 00:00:00.000,MTM2,0.00000000
WO-070985,90,10,21-28841-Patch-1.25,1840.00000000,2.00000000,0.00000000,2026-05-29 04:50:00.000,MTM2,6238.00000000
WO-070985,90,20,21-28841-Patch-2.00,1840.00000000,2.00000000,0.00000000,2026-05-29 04:50:00.000,MTM2,12350.00000000
WO-070985,90,30,FGF0010-01,0.00000000,0.00000000,0.00000000,2026-05-06 00:00:00.000,MTM2,0.00000000
WO-070986,10,10,MMC0000743,92200.90000000,43.45000000,0.00000000,2026-05-18 03:30:00.000,MTM2,87880.00000000
WO-070986,10,20,FGT1193-01,0.00000000,0.00000000,0.00000000,2026-05-06 00:00:00.000,MTM2,0.00000000
WO-070986,20,10,FGT1203-01,0.00000000,0.00000000,0.00000000,2026-05-06 00:00:00.000,MTM2,0.00000000
WO-070986,90,10,962689,16976.00000000,8.00000000,0.00000000,2026-06-02 03:20:00.000,MTM2,17182.00000000
WO-070988,10,10,MMC0000638,330.00000000,0.11000000,0.00000000,2026-06-04 04:30:00.000,MTM2,1230.00000000
WO-070988,10,20,FGT1102-01,0.00000000,0.00000000,0.00000000,2026-05-06 00:00:00.000,MTM2,0.00000000
WO-070988,99,10,W99996-06002S,3000.00000000,1.00000000,0.00000000,2026-06-04 07:20:00.000,MTM2,118476.00000000
WO-070993,10,10,MMC0000659,0.00000000,9.98000000,0.00000000,2026-05-06 00:00:00.000,MTM2,67410.18000000
WO-070993,10,20,FGT1244-01,0.00000000,0.00000000,0.00000000,2026-05-06 00:00:00.000,MTM2,0.00000000
WO-070993,19,10,FGT0001-01,0.00000000,0.00000000,0.00000000,2026-05-06 00:00:00.000,MTM2,0.00000000
WO-070993,19,20,GENFOAM4,0.00000000,0.02000000,0.00000000,2026-05-06 00:00:00.000,MTM2,223.00000000
WO-070994,10,10,MMF0005508,41.40000000,2.07000000,0.00000000,2026-05-06 00:00:00.000,MTM2,3328.00000000
WO-070994,20,10,Tooling Not Ready,20.00000000,1.00000000,0.00000000,2026-05-08 00:00:00.000,MTM2,0.00000000
WO-070994,20,20,FGT0001-01,20.00000000,1.00000000,0.00000000,2026-05-08 00:00:00.000,MTM2,0.00000000
WO-070996,10,10,MMF0005508,21.80000000,1.09000000,0.00000000,2026-05-06 00:00:00.000,MTM2,3328.00000000
WO-070996,20,10,FGT0001-01,20.00000000,1.00000000,0.00000000,2026-05-08 00:00:00.000,MTM2,0.00000000
WO-070996,20,20,Tooling Not Ready,20.00000000,1.00000000,0.00000000,2026-05-08 00:00:00.000,MTM2,0.00000000
WO-070998,10,10,MMC0000719,25857.00000000,0.51000000,0.00000000,2026-05-19 11:10:00.000,MTM2,0.00000000
WO-070998,10,20,FGT1025-01,0.00000000,0.00000000,0.00000000,2026-05-06 00:00:00.000,MTM2,0.00000000
WO-070998,919,10,VBG00006,634.00000000,0.01250000,0.00000000,2026-06-15 19:00:00.000,MTM2,2812.00000000
WO-071010,10,10,MMF0005506,121.66000000,1.58000000,0.00000000,2026-05-07 00:00:00.000,MTM2,7227.00000000
WO-071010,90,10,963094,154.00000000,2.00000000,0.00000000,2026-06-08 22:10:00.000,MTM2,8296.00000000
WO-071011,10,10,MMF0005512,6995.66000000,2.14000000,0.00000000,2026-05-27 08:50:00.000,MTM2,2082.00000000
WO-071011,70,10,SS-M5-2ZI,9807.00000000,3.00000000,0.00000000,2026-05-29 15:10:00.000,MTM2,10599.00000000
WO-071012,10,10,MMF0005512,455.70000000,1.55000000,0.00000000,2026-05-29 13:50:00.000,MTM2,2082.00000000
WO-071012,70,10,SS-M5-2ZI,294.00000000,1.00000000,0.00000000,2026-05-29 22:40:00.000,MTM2,10599.00000000
WO-071015,10,10,MMC0000978,5200.00000000,1.04000000,0.00000000,2026-06-03 19:30:00.000,MTM2,11350.00000000
WO-071015,10,20,FGT0035-01,0.00000000,0.00000000,0.00000000,2026-05-07 00:00:00.000,MTM2,0.00000000
WO-071015,20,10,23-12729-008,15000.00000000,3.00000000,0.00000000,2026-06-09 07:30:00.000,MTM2,307947.00000000
WO-071015,20,20,FGT0234-02,0.00000000,0.00000000,0.00000000,2026-05-07 00:00:00.000,MTM2,0.00000000
WO-071018,10,10,MMF0005512,81.25000000,6.25000000,0.00000000,2026-05-12 19:00:00.000,MTM2,2082.00000000
WO-071018,20,10,FGT0579-01,0.00000000,0.00000000,0.00000000,2026-05-07 00:00:00.000,MTM2,0.00000000
WO-071018,409,10,23-12625-002,117.00000000,9.00000000,0.00000000,2026-05-29 07:00:00.000,MTM2,89799.00000000
WO-071040,96,10,958147,4419.00000000,1.00000000,0.00000000,2026-05-22 22:20:00.000,MTM2,4229.00000000
WO-071040,96,30,960142,22095.00000000,5.00000000,0.00000000,2026-05-22 22:20:00.000,MTM2,85490.00000000
WO-071040,97,10,965732,4419.00000000,1.00000000,0.00000000,2026-05-28 22:00:00.000,MTM2,3621.00000000
WO-071041,10,10,MMC0000659,37634.58000000,9.98000000,0.00000000,2026-05-15 00:00:00.000,MTM2,67410.18000000
WO-071041,10,20,FGT1244-01,0.00000000,0.00000000,0.00000000,2026-05-08 00:00:00.000,MTM2,0.00000000
WO-071041,19,10,FGT0001-01,0.00000000,0.00000000,0.00000000,2026-05-08 00:00:00.000,MTM2,0.00000000
WO-071041,19,20,GENFOAM4,76.00000000,0.02000000,0.00000000,2026-05-18 01:40:00.000,MTM2,223.00000000
WO-071043,10,10,MMC0000072,7394.80000000,5.56000000,0.00000000,2026-06-05 14:00:00.000,MTM2,0.00000000
WO-071043,10,20,FGT0001-01,0.00000000,0.00000000,0.00000000,2026-05-07 00:00:00.000,MTM2,0.00000000
WO-071043,90,10,W99996-06002S,9310.00000000,7.00000000,0.00000000,2026-06-05 21:20:00.000,MTM2,118476.00000000
WO-071047,10,10,MMC0001140,4115.75000000,1.01000000,0.00000000,2026-06-10 10:10:00.000,MTM2,7270.00000000
WO-071047,10,20,FGT1195-01,0.00000000,0.00000000,0.00000000,2026-05-08 00:00:00.000,MTM2,0.00000000
WO-071047,90,10,900073 008100,4075.00000000,1.00000000,0.00000000,2026-06-10 16:50:00.000,MTM2,91401.00000000
WO-071048,70,10,26091536-LG,5.00000000,1.00000000,0.00000000,2026-05-08 00:00:00.000,MTM2,12.00000000
WO-071048,70,20,26091536-Main,5.00000000,1.00000000,0.00000000,2026-05-08 00:00:00.000,MTM2,8.00000000
WO-071048,70,30,26091536-SM,5.00000000,1.00000000,0.00000000,2026-05-08 00:00:00.000,MTM2,12.00000000
WO-071048,70,40,FGT0001-01,5.00000000,1.00000000,0.00000000,2026-05-15 10:50:00.000,MTM2,0.00000000
WO-071048,70,50,Tooling Not Ready,5.00000000,1.00000000,0.00000000,2026-05-15 10:50:00.000,MTM2,0.00000000
WO-071048,90,10,961614,5.00000000,1.00000000,0.00000000,2026-05-15 11:00:00.000,MTM2,526.00000000
WO-071059,10,10,MMC0000518,16328.00000000,1.57000000,0.00000000,2026-06-01 17:50:00.000,MTM2,16410.00000000
WO-071059,10,20,FGT0265-02,0.00000000,0.00000000,0.00000000,2026-05-11 00:00:00.000,MTM2,0.00000000
WO-071059,90,10,23-11669-100,20800.00000000,2.00000000,0.00000000,2026-06-02 03:20:00.000,MTM2,38220.00000000
WO-071063,10,10,MMF0005011,36.34000000,0.46000000,0.00000000,2026-05-11 00:00:00.000,MTM2,85.00000000
WO-071063,30,10,962689,158.00000000,2.00000000,0.00000000,2026-05-15 09:30:00.000,MTM2,17182.00000000
WO-071064,10,10,MMF0005008,87.00000000,1.00000000,0.00000000,2026-05-15 01:50:00.000,MTM2,1837.00000000
WO-071064,90,10,RN3316,261.00000000,3.00000000,0.00000000,2026-06-01 03:10:00.000,MTM2,10123.00000000
WO-071065,10,10,MMF0005011,78.20000000,0.46000000,0.00000000,2026-05-11 00:00:00.000,MTM2,85.00000000
WO-071065,30,10,962689,340.00000000,2.00000000,0.00000000,2026-05-11 00:00:00.000,MTM2,17182.00000000
WO-071074,10,10,MMC0001111,85.50000000,0.57000000,0.00000000,2026-06-04 15:50:00.000,MTM2,948.50000000
WO-071074,10,20,FGT1188-01,0.00000000,0.00000000,0.00000000,2026-05-12 00:00:00.000,MTM2,0.00000000
WO-071074,29,10,990961,300.00000000,2.00000000,0.00000000,2026-06-02 18:00:00.000,MTM2,5052.00000000
WO-071074,29,20,FGT1151-01,0.00000000,0.00000000,0.00000000,2026-05-12 00:00:00.000,MTM2,0.00000000
WO-071080,10,10,MMF0005416,28.56000000,1.36000000,0.00000000,2026-05-15 03:00:00.000,MTM2,2340.00000000
WO-071080,90,10,975569,168.00000000,8.00000000,0.00000000,2026-05-15 11:10:00.000,MTM2,0.00000000
WO-071088,10,10,MMF0003014,32.20000000,1.61000000,0.00000000,2026-05-20 00:00:00.000,MTM2,815.80000000
WO-071088,20,10,FGT0001-01,0.00000000,0.00000000,0.00000000,2026-05-20 00:00:00.000,MTM2,0.00000000
WO-071088,20,20,Tooling Not Ready,0.00000000,0.00000000,0.00000000,2026-05-20 00:00:00.000,MTM2,0.00000000
WO-071089,10,10,MMF0003014,37.00000000,1.85000000,0.00000000,2026-05-13 00:00:00.000,MTM2,815.80000000
WO-071089,20,20,FGT0001-01,0.00000000,0.00000000,0.00000000,2026-05-13 00:00:00.000,MTM2,0.00000000
WO-071089,20,30,Tooling Not Ready,0.00000000,0.00000000,0.00000000,2026-05-13 00:00:00.000,MTM2,0.00000000
WO-071090,10,10,MMF0005010,3293.80000000,8.60000000,0.00000000,2026-05-13 00:00:00.000,MTM2,568.40000000
WO-071090,20,10,FGT0001-01,0.00000000,0.00000000,0.00000000,2026-05-13 00:00:00.000,MTM2,0.00000000
WO-071097,919,10,78835833-PKG,6.00000000,1.00000000,0.00000000,2026-06-05 15:30:00.000,MTM2,7.00000000
WO-071097,919,20,78835831,6.00000000,1.00000000,0.00000000,2026-06-05 15:30:00.000,MTM2,90.00000000
WO-071097,929,10,V-EMB-91,1.00000000,0.00780000,0.00000000,2026-06-05 16:40:00.000,MTM2,274.00000000
WO-071097,929,20,V-EMB-780,1.00000000,0.12500000,0.00000000,2026-06-05 16:40:00.000,MTM2,761.00000000
WO-071097,929,30,V-EMB-1,1.00000000,0.00780000,0.00000000,2026-06-05 16:40:00.000,MTM2,221.00000000
WO-071108,10,10,MMF0005531,5574.80000000,14.48000000,0.00000000,2026-05-13 00:00:00.000,MTM2,3232.00000000
WO-071108,20,10,RCG25,8.00000000,0.01850000,0.00000000,2026-05-13 00:00:00.000,MTM2,12.00000000
WO-071109,10,10,MMF0005531,1391.60000000,9.80000000,0.00000000,2026-05-13 00:00:00.000,MTM2,3232.00000000
WO-071109,20,10,RCG25,3.00000000,0.01850000,0.00000000,2026-05-13 00:00:00.000,MTM2,12.00000000
WO-071112,15,10,MMF0005808,2176.20000000,33.48000000,0.00000000,2026-05-15 03:10:00.000,MTM2,1665.00000000
WO-071112,25,10,FGT0001-01,65.00000000,1.00000000,0.00000000,2026-05-29 00:00:00.000,MTM2,0.00000000
WO-071114,20,10,21-28841-Blank,900.00000000,1.00000000,0.00000000,2026-06-09 01:00:00.000,MTM2,112.00000000
WO-071114,20,20,FGT0150-01,0.00000000,0.00000000,0.00000000,2026-05-13 00:00:00.000,MTM2,0.00000000
WO-071114,40,10,FGT0151-01,0.00000000,0.00000000,0.00000000,2026-05-13 00:00:00.000,MTM2,0.00000000
WO-071114,90,10,21-28841-Patch-1.25,1800.00000000,2.00000000,0.00000000,2026-06-09 09:50:00.000,MTM2,6238.00000000
WO-071114,90,20,21-28841-Patch-2.00,1800.00000000,2.00000000,0.00000000,2026-06-09 09:50:00.000,MTM2,12350.00000000
WO-071114,90,30,FGF0009-01,0.00000000,0.00000000,0.00000000,2026-05-13 00:00:00.000,MTM2,0.00000000
WO-071128,10,10,MMF0005525,262.00000000,5.24000000,0.00000000,2026-05-15 07:00:00.000,MTM2,10695.00000000
WO-071128,20,10,FGT1211-01,0.00000000,0.00000000,0.00000000,2026-05-14 00:00:00.000,MTM2,0.00000000
WO-071128,90,10,963094,50.00000000,1.00000000,0.00000000,2026-06-04 03:20:00.000,MTM2,8296.00000000
WO-071128,96,10,78691756,50.00000000,1.00000000,0.00000000,2026-06-04 04:50:00.000,MTM2,100.00000000
WO-071128,930,10,FGT0001-01,0.00000000,0.00000000,0.00000000,2026-05-14 00:00:00.000,MTM2,0.00000000
WO-071128,930,20,4QM281M,50.00000000,1.00000000,0.00000000,2026-06-16 12:40:00.000,MTM2,270.00000000
WO-071133,10,10,MMC0000382,2016.00000000,0.28000000,0.00000000,2026-06-01 05:00:00.000,MTM2,2020.00000000
WO-071133,10,20,FGT0365-01,0.00000000,0.00000000,0.00000000,2026-05-13 00:00:00.000,MTM2,0.00000000
WO-071133,99,10,VBG00006,58.00000000,0.00800000,0.00000000,2026-06-18 03:10:00.000,MTM2,2812.00000000
WO-071135,10,10,MMC0001107,483.60000000,4.03000000,0.00000000,2026-06-09 17:40:00.000,MTM2,3853.00000000
WO-071135,10,20,FGT1150-01,0.00000000,0.00000000,0.00000000,2026-05-14 00:00:00.000,MTM2,0.00000000
WO-071135,90,10,W99996-06002S,720.00000000,6.00000000,0.00000000,2026-06-09 21:50:00.000,MTM2,118476.00000000
WO-071161,10,20,FGT0001-01,0.00000000,0.00000000,0.00000000,2026-05-15 00:00:00.000,MTM2,0.00000000
WO-071161,70,10,24361938,212.00000000,2.00000000,0.00000000,2026-05-22 07:40:00.000,MTM2,131.00000000
WO-071168,10,10,MMF0005525,262.00000000,5.24000000,0.00000000,2026-05-15 00:00:00.000,MTM2,10695.00000000
WO-071168,20,10,FGT1211-01,0.00000000,0.00000000,0.00000000,2026-05-15 00:00:00.000,MTM2,0.00000000
WO-071168,90,10,963094,50.00000000,1.00000000,0.00000000,2026-06-04 05:40:00.000,MTM2,8296.00000000
WO-071168,96,10,78691756,50.00000000,1.00000000,0.00000000,2026-06-04 07:10:00.000,MTM2,100.00000000
WO-071168,930,10,FGT0001-01,0.00000000,0.00000000,0.00000000,2026-05-15 00:00:00.000,MTM2,0.00000000
WO-071168,930,20,4QM281M,50.00000000,1.00000000,0.00000000,2026-06-16 14:00:00.000,MTM2,270.00000000
WO-071174,10,10,MMF0003011,108.50000000,3.50000000,0.00000000,2026-05-22 00:00:00.000,MTM2,841.00000000
WO-071174,30,10,FGT0001-01,0.00000000,0.00000000,0.00000000,2026-05-15 00:00:00.000,MTM2,0.00000000
WO-071174,30,20,Tooling Not Ready,0.00000000,0.00000000,0.00000000,2026-05-15 00:00:00.000,MTM2,0.00000000
WO-071174,80,10,962689,62.00000000,2.00000000,0.00000000,2026-06-03 01:50:00.000,MTM2,17182.00000000
WO-071183,10,10,160347-DS-Blank,26.00000000,1.00000000,0.00000000,2026-05-18 00:00:00.000,MTM2,0.00000000
WO-071183,10,20,FGT0132-01,0.00000000,0.00000000,0.00000000,2026-05-18 00:00:00.000,MTM2,0.00000000
WO-071183,20,10,FGT0149-01,0.00000000,0.00000000,0.00000000,2026-05-18 00:00:00.000,MTM2,0.00000000
WO-071186,10,10,MMF0005307,136.40000000,0.55000000,0.00000000,2026-05-18 00:00:00.000,MTM2,296.00000000
WO-071186,919,10,VBG00006,5.00000000,0.02000000,0.00000000,2026-06-16 23:30:00.000,MTM2,2812.00000000
WO-071193,10,10,MMF0005511,288.00000000,12.00000000,0.00000000,2026-05-18 00:00:00.000,MTM2,2448.00000000
WO-071193,90,10,190920,72.00000000,3.00000000,0.00000000,2026-05-29 00:20:00.000,MTM2,4742.00000000
WO-071193,90,20,962689,96.00000000,4.00000000,0.00000000,2026-05-29 00:20:00.000,MTM2,17182.00000000
WO-071196,10,10,MMF0005008,1677.00000000,5.59000000,0.00000000,2026-05-18 00:00:00.000,MTM2,1837.00000000
WO-071196,30,10,FGT1087-01,0.00000000,0.00000000,0.00000000,2026-05-18 00:00:00.000,MTM2,0.00000000
WO-071196,90,10,962689,600.00000000,2.00000000,0.00000000,2026-06-01 05:00:00.000,MTM2,17182.00000000
WO-071196,100,10,963093,300.00000000,1.00000000,0.00000000,2026-06-01 07:10:00.000,MTM2,30615.00000000
WO-071212,10,10,MMC0000659,159680.00000000,9.98000000,0.00000000,2026-05-29 00:10:00.000,MTM2,67410.18000000
WO-071212,10,20,FGT1244-01,0.00000000,0.00000000,0.00000000,2026-05-19 00:00:00.000,MTM2,0.00000000
WO-071212,19,10,FGT0001-01,0.00000000,0.00000000,0.00000000,2026-05-19 00:00:00.000,MTM2,0.00000000
WO-071212,19,20,GENFOAM4,320.00000000,0.02000000,0.00000000,2026-05-29 15:20:00.000,MTM2,223.00000000
WO-071219,10,10,MMF0007080,144.00000000,0.48000000,0.00000000,2026-05-19 00:00:00.000,MTM2,263.00000000
WO-071219,100,10,8143420,600.00000000,2.00000000,0.00000000,2026-06-16 15:20:00.000,MTM2,12984.00000000
WO-071219,100,20,969278,600.00000000,2.00000000,0.00000000,2026-06-16 15:20:00.000,MTM2,984.00000000
WO-071219,100,30,78808626,600.00000000,2.00000000,0.00000000,2026-06-16 15:20:00.000,MTM2,2487.00000000
WO-071248,10,10,MMC0001114,2792.40000000,4.65400000,0.00000000,2026-06-08 22:40:00.000,MTM2,2930.00000000
WO-071248,10,20,FGT1148-01,0.00000000,0.00000000,0.00000000,2026-05-19 00:00:00.000,MTM2,0.00000000
WO-071248,20,10,FGT1149-01,0.00000000,0.00000000,0.00000000,2026-05-19 00:00:00.000,MTM2,0.00000000
WO-071253,10,10,MMF0005531,17820.00000000,220.00000000,0.00000000,2026-05-20 00:00:00.000,MTM2,3232.00000000
WO-071253,70,10,FGT1214-01,0.00000000,0.00000000,0.00000000,2026-05-20 00:00:00.000,MTM2,0.00000000
WO-071254,10,10,MMC0001107,403.00000000,4.03000000,0.00000000,2026-06-04 10:00:00.000,MTM2,3853.00000000
WO-071254,10,20,FGT0001-01,0.00000000,0.00000000,0.00000000,2026-05-20 00:00:00.000,MTM2,0.00000000
WO-071254,90,10,W99996-06002S,600.00000000,6.00000000,0.00000000,2026-06-05 00:00:00.000,MTM2,118476.00000000
WO-071255,10,10,MMF0006012,0.00000000,0.34000000,0.00000000,2026-05-20 00:00:00.000,MTM2,799.50000000
WO-071255,96,10,984870,0.00000000,1.00000000,0.00000000,2026-06-08 20:50:00.000,MTM2,124.00000000
WO-071255,96,20,60111756,0.00000000,1.00000000,0.00000000,2026-06-08 20:50:00.000,MTM2,255.00000000
WO-071278,10,10,MMC0000386,11635.00000000,0.13000000,0.00000000,2026-06-03 03:00:00.000,MTM2,11645.00000000
WO-071278,10,20,FGT0153-01,0.00000000,0.00000000,0.00000000,2026-05-20 00:00:00.000,MTM2,0.00000000
WO-071278,919,10,VBG00006,179.00000000,0.00200000,0.00000000,2026-06-18 10:20:00.000,MTM2,2812.00000000
WO-071285,10,10,MMF0005011,81.60000000,10.20000000,0.00000000,2026-05-29 01:30:00.000,MTM2,85.00000000
WO-071285,29,10,78700517,48.00000000,6.00000000,0.00000000,2026-06-01 10:50:00.000,MTM2,13846.00000000
WO-071295,20,10,24764467,2.00000000,1.00000000,0.00000000,2026-05-29 00:00:00.000,MTM2,20.00000000
WO-071295,20,20,24764462-PKG,2.00000000,1.00000000,0.00000000,2026-05-29 00:00:00.000,MTM2,23.00000000
WO-071295,919,10,V-EMB-71,1.00000000,0.01000000,0.00000000,2026-05-29 10:30:00.000,MTM2,517.00000000
WO-071295,919,20,V-EMB-21,1.00000000,0.01000000,0.00000000,2026-05-29 10:30:00.000,MTM2,1268.00000000
WO-071295,919,30,V-EMB-1,1.00000000,0.01000000,0.00000000,2026-05-29 10:30:00.000,MTM2,221.00000000
WO-071295,919,40,V-EMB-61,1.00000000,0.01000000,0.00000000,2026-05-29 10:30:00.000,MTM2,1122.00000000
WO-071304,10,10,MMF0005510,174.08000000,0.34000000,0.00000000,2026-05-21 00:00:00.000,MTM2,4438.00000000
WO-071304,880,10,AEHS8-813-200,512.00000000,1.00000000,0.00000000,2026-06-17 06:00:00.000,MTM2,12900.00000000
WO-071314,919,10,78835833-PKG,10.00000000,1.00000000,0.00000000,2026-06-17 09:00:00.000,MTM2,7.00000000
WO-071314,919,20,78835831,10.00000000,1.00000000,0.00000000,2026-06-17 09:00:00.000,MTM2,90.00000000
WO-071314,929,10,V-EMB-91,1.00000000,0.00780000,0.00000000,2026-06-11 11:50:00.000,MTM2,274.00000000
WO-071314,929,20,V-EMB-780,2.00000000,0.12500000,0.00000000,2026-06-17 09:10:00.000,MTM2,761.00000000
WO-071314,929,30,V-EMB-1,1.00000000,0.00780000,0.00000000,2026-06-11 11:50:00.000,MTM2,221.00000000
WO-071316,15,10,MMF0005416,25.83000000,1.23000000,0.00000000,2026-05-21 00:00:00.000,MTM2,2340.00000000
WO-071316,20,10,975569,168.00000000,8.00000000,0.00000000,2026-05-29 00:00:00.000,MTM2,0.00000000
WO-071319,90,10,TA3231BUSH,6000.00000000,2.00000000,0.00000000,2026-05-29 09:20:00.000,MTM2,49481.00000000
WO-071319,90,20,TA32318-Raw,3000.00000000,1.00000000,0.00000000,2026-05-29 09:20:00.000,MTM2,1298.00000000
WO-071319,919,10,RCA05,42.00000000,0.01390000,0.00000000,2026-06-17 09:10:00.000,MTM2,205.00000000
WO-071328,10,10,MMC0000529,61250.00000000,2.45000000,0.00000000,2026-06-29 11:30:00.000,MTM2,59520.00000000
WO-071328,10,20,FGT0144-01,0.00000000,0.00000000,0.00000000,2026-05-22 00:00:00.000,MTM2,0.00000000
WO-071328,90,10,900073 008100,50000.00000000,2.00000000,0.00000000,2026-07-01 08:10:00.000,MTM2,91401.00000000
WO-071332,10,10,MMF0005512,2281.50000000,5.07000000,0.00000000,2026-05-22 00:00:00.000,MTM2,2082.00000000
WO-071332,20,10,FGT0579-01,0.00000000,0.00000000,0.00000000,2026-05-22 00:00:00.000,MTM2,0.00000000
WO-071332,409,10,23-12625-002,3600.00000000,8.00000000,0.00000000,2026-05-29 17:30:00.000,MTM2,89799.00000000
WO-071334,19,10,MMC0000440,448.00000000,0.56000000,0.00000000,2026-05-22 00:00:00.000,MTM2,15106.76000000
WO-071334,19,20,CH420-10DPGM,2400.00000000,3.00000000,0.00000000,2026-05-22 00:00:00.000,MTM2,284909.00000000
WO-071334,19,40,FGT1023-01,0.00000000,0.00000000,0.00000000,2026-05-22 00:00:00.000,MTM2,0.00000000
WO-071334,29,10,C420-1-GM,800.00000000,1.00000000,0.00000000,2026-05-22 00:00:00.000,MTM2,113907.00000000
WO-071338,10,10,MMF0006012,0.00000000,0.34000000,0.00000000,2026-05-22 00:00:00.000,MTM2,799.50000000
WO-071338,96,10,984870,0.00000000,1.00000000,0.00000000,2026-05-22 00:00:00.000,MTM2,124.00000000
WO-071338,96,20,60111756,0.00000000,1.00000000,0.00000000,2026-05-22 00:00:00.000,MTM2,255.00000000
WO-071392,10,10,MMF0005511,272.00000000,2.72000000,0.00000000,2026-05-26 00:00:00.000,MTM2,2448.00000000
WO-071392,90,10,962689,400.00000000,4.00000000,0.00000000,2026-06-01 08:50:00.000,MTM2,17182.00000000
WO-071392,96,10,190920,400.00000000,4.00000000,0.00000000,2026-06-03 03:30:00.000,MTM2,4742.00000000
WO-071398,20,10,MMF0000028,120.00000000,0.48000000,0.00000000,2026-05-29 20:00:00.000,MTM2,136.00000000
WO-071398,20,20,FGT1071-01,0.00000000,0.00000000,0.00000000,2026-05-26 00:00:00.000,MTM2,0.00000000
WO-071398,909,10,VBG00006,5.00000000,0.02000000,0.00000000,2026-06-18 01:50:00.000,MTM2,2812.00000000
WO-071429,10,10,MMF0005008,88.00000000,1.00000000,0.00000000,2026-05-27 00:00:00.000,MTM2,1837.00000000
WO-071429,90,10,RN3316,264.00000000,3.00000000,0.00000000,2026-06-03 05:00:00.000,MTM2,10123.00000000
WO-071434,10,10,MMF0006012,76.50000000,0.34000000,0.00000000,2026-05-29 01:10:00.000,MTM2,799.50000000
WO-071434,96,10,984870,225.00000000,1.00000000,0.00000000,2026-05-29 07:00:00.000,MTM2,124.00000000
WO-071434,96,20,60111756,225.00000000,1.00000000,0.00000000,2026-05-29 07:00:00.000,MTM2,255.00000000
WO-071448,10,10,MMF0006003,300.00000000,12.00000000,0.00000000,2026-05-29 00:00:00.000,MTM2,323.00000000
WO-071448,40,10,HS3 3816,200.00000000,8.00000000,0.00000000,2026-06-05 12:20:00.000,MTM2,200.00000000
WO-071468,10,10,MMC0000782,4850.00000000,0.97000000,0.00000000,2026-05-29 00:00:00.000,MTM2,4860.00000000
WO-071468,10,20,FGT1062-01,0.00000000,0.00000000,0.00000000,2026-05-29 00:00:00.000,MTM2,0.00000000
WO-071468,99,10,W99996-06002S,20000.00000000,4.00000000,0.00000000,2026-05-29 00:00:00.000,MTM2,118476.00000000