TABLE_NAME,INDEX_NAME,INDEX_TYPE,IS_UNIQUE,IS_PRIMARY_KEY,COLUMN_NAME,KEY_ORDINAL,IS_INCLUDED_COLUMN
ACCOUNT,PK_ACCOUNT,CLUSTERED,YES,YES,ID,1,NO
ACCOUNT,X_ACCOUNT_1,NONCLUSTERED,NO,NO,PARENT_ACCT_ID,1,NO
ACCOUNT_AT_NATIVE,PK_ACCT_NTV,CLUSTERED,YES,YES,ACCOUNT_ID,1,NO
ACCOUNT_AT_NATIVE,PK_ACCT_NTV,CLUSTERED,YES,YES,SITE_ID,2,NO
ACCOUNT_AT_NATIVE,PK_ACCT_NTV,CLUSTERED,YES,YES,ACCT_YEAR,3,NO
ACCOUNT_AT_NATIVE,PK_ACCT_NTV,CLUSTERED,YES,YES,ACCT_PERIOD,4,NO
ACCOUNT_AT_NATIVE,PK_ACCT_NTV,CLUSTERED,YES,YES,CURRENCY_ID,5,NO
ACCOUNT_AT_NATIVE,X_ACCT_NTV_1,NONCLUSTERED,NO,NO,ACCT_YEAR,1,NO
ACCOUNT_AT_NATIVE,X_ACCT_NTV_1,NONCLUSTERED,NO,NO,ACCT_PERIOD,2,NO
ACCOUNT_AT_NATIVE,X_ACCT_NTV_2,NONCLUSTERED,NO,NO,SITE_ID,1,NO
ACCOUNT_BAL_DIM,PK_ACCT_BAL_DIM,CLUSTERED,YES,YES,ACCOUNT_ID,1,NO
ACCOUNT_BAL_DIM,PK_ACCT_BAL_DIM,CLUSTERED,YES,YES,SITE_ID,2,NO
ACCOUNT_BAL_DIM,PK_ACCT_BAL_DIM,CLUSTERED,YES,YES,ACCT_YEAR,3,NO
ACCOUNT_BAL_DIM,PK_ACCT_BAL_DIM,CLUSTERED,YES,YES,ACCT_PERIOD,4,NO
ACCOUNT_BAL_DIM,PK_ACCT_BAL_DIM,CLUSTERED,YES,YES,CURRENCY_ID,5,NO
ACCOUNT_BAL_DIM,PK_ACCT_BAL_DIM,CLUSTERED,YES,YES,USER_DIMENSION_1,6,NO
ACCOUNT_BAL_DIM,PK_ACCT_BAL_DIM,CLUSTERED,YES,YES,USER_DIMENSION_2,7,NO
ACCOUNT_BAL_DIM,PK_ACCT_BAL_DIM,CLUSTERED,YES,YES,CUST_ORDER_ID,8,NO
ACCOUNT_BAL_DIM,PK_ACCT_BAL_DIM,CLUSTERED,YES,YES,PRODUCT_CODE,9,NO
ACCOUNT_BAL_SUM,PK_ACCTBAL_SUM,CLUSTERED,YES,YES,SPID,1,NO
ACCOUNT_BAL_SUM,PK_ACCTBAL_SUM,CLUSTERED,YES,YES,ACCOUNT_ID,2,NO
ACCOUNT_BAL_SUM,PK_ACCTBAL_SUM,CLUSTERED,YES,YES,SITE_ID,3,NO
ACCOUNT_BAL_SUM,PK_ACCTBAL_SUM,CLUSTERED,YES,YES,ACCT_YEAR,4,NO
ACCOUNT_BAL_SUM,PK_ACCTBAL_SUM,CLUSTERED,YES,YES,ACCT_PERIOD,5,NO
ACCOUNT_BAL_SUM,PK_ACCTBAL_SUM,CLUSTERED,YES,YES,CURRENCY_ID,6,NO
ACCOUNT_BALANCE,PK_ACCOUNT_BALANCE,CLUSTERED,YES,YES,ACCOUNT_ID,1,NO
ACCOUNT_BALANCE,PK_ACCOUNT_BALANCE,CLUSTERED,YES,YES,SITE_ID,2,NO
ACCOUNT_BALANCE,PK_ACCOUNT_BALANCE,CLUSTERED,YES,YES,ACCT_YEAR,3,NO
ACCOUNT_BALANCE,PK_ACCOUNT_BALANCE,CLUSTERED,YES,YES,ACCT_PERIOD,4,NO
ACCOUNT_BALANCE,PK_ACCOUNT_BALANCE,CLUSTERED,YES,YES,CURRENCY_ID,5,NO
ACCOUNT_BALANCE,X_ACCT_BAL_1,NONCLUSTERED,NO,NO,ACCT_YEAR,1,NO
ACCOUNT_BALANCE,X_ACCT_BAL_1,NONCLUSTERED,NO,NO,ACCT_PERIOD,2,NO
ACCOUNT_BALANCE,X_ACCT_BAL_2,NONCLUSTERED,NO,NO,SITE_ID,1,NO
ACCOUNT_BALANCE,X_ACCT_BAL_3,NONCLUSTERED,NO,NO,ACCOUNT_ID,1,NO
ACCOUNT_BALANCE,X_ACCT_BAL_3,NONCLUSTERED,NO,NO,SITE_ID,2,NO
ACCOUNT_BALANCE,X_ACCT_BAL_3,NONCLUSTERED,NO,NO,CURRENCY_ID,3,NO
ACCOUNT_BALANCE,X_ACCT_BAL_3,NONCLUSTERED,NO,NO,ACCT_YEAR,4,NO
ACCOUNT_BUDGET,PK_ACCOUNT_BUDGET,CLUSTERED,YES,YES,account_id,1,NO
ACCOUNT_BUDGET,PK_ACCOUNT_BUDGET,CLUSTERED,YES,YES,SITE_ID,2,NO
ACCOUNT_BUDGET,PK_ACCOUNT_BUDGET,CLUSTERED,YES,YES,acct_year,3,NO
ACCOUNT_BUDGET,PK_ACCOUNT_BUDGET,CLUSTERED,YES,YES,acct_period,4,NO
ACCOUNT_BUDGET,PK_ACCOUNT_BUDGET,CLUSTERED,YES,YES,budget_type,5,NO
ACCOUNT_BUDGET,PK_ACCOUNT_BUDGET,CLUSTERED,YES,YES,budget_code,6,NO
ACCOUNT_BUDGET,PK_ACCOUNT_BUDGET,CLUSTERED,YES,YES,currency_id,7,NO
ACCOUNT_BUDGET_SUM,PK_ACCOUNT_BUDGET_SUM,CLUSTERED,YES,YES,SPID,1,NO
ACCOUNT_BUDGET_SUM,PK_ACCOUNT_BUDGET_SUM,CLUSTERED,YES,YES,ACCOUNT_ID,2,NO
ACCOUNT_BUDGET_SUM,PK_ACCOUNT_BUDGET_SUM,CLUSTERED,YES,YES,SITE_ID,3,NO
ACCOUNT_BUDGET_SUM,PK_ACCOUNT_BUDGET_SUM,CLUSTERED,YES,YES,ACCT_YEAR,4,NO
ACCOUNT_BUDGET_SUM,PK_ACCOUNT_BUDGET_SUM,CLUSTERED,YES,YES,ACCT_PERIOD,5,NO
ACCOUNT_BUDGET_SUM,PK_ACCOUNT_BUDGET_SUM,CLUSTERED,YES,YES,BUDGET_TYPE,6,NO
ACCOUNT_BUDGET_SUM,PK_ACCOUNT_BUDGET_SUM,CLUSTERED,YES,YES,BUDGET_CODE,7,NO
ACCOUNT_BUDGET_SUM,PK_ACCOUNT_BUDGET_SUM,CLUSTERED,YES,YES,CURRENCY_ID,8,NO
ACCOUNT_CHG_LOG,PK_ACCTCHGLOG,CLUSTERED,YES,YES,TRANSACTION_ID,1,NO
ACCOUNT_CHG_LOG,X_ACCTCHGLOG_1,NONCLUSTERED,NO,NO,TRANSACTION_ID,1,NO
ACCOUNT_GROUP,PK_ACCOUNT_GROUP,CLUSTERED,YES,YES,GROUP_ID,1,NO
ACCOUNT_GROUP,PK_ACCOUNT_GROUP,CLUSTERED,YES,YES,ACCOUNT_ID,2,NO
ACCOUNT_GROUP,X_ACCOUNT_GROUP_1,NONCLUSTERED,NO,NO,ACCOUNT_ID,1,NO
ACCOUNT_GROUP,X_ACCOUNT_GROUP_1,NONCLUSTERED,NO,NO,GROUP_ID,2,NO
ACCOUNT_PERIOD,PK_ACCOUNT_PERIOD,CLUSTERED,YES,YES,SITE_ID,1,NO
ACCOUNT_PERIOD,PK_ACCOUNT_PERIOD,CLUSTERED,YES,YES,ACCT_YEAR,2,NO
ACCOUNT_PERIOD,PK_ACCOUNT_PERIOD,CLUSTERED,YES,YES,ACCT_PERIOD,3,NO
ACCOUNT_PROFILE,pk_acct_profile,CLUSTERED,YES,YES,account_type,1,NO
ACCOUNT_PROFILE,pk_acct_profile,CLUSTERED,YES,YES,profile_id,2,NO
ACCOUNT_PROFILE,pk_acct_profile,CLUSTERED,YES,YES,profile_type,3,NO
ACCOUNT_PROFILE,pk_acct_profile,CLUSTERED,YES,YES,account_id,4,NO
ACCOUNT_SITE,PK_ACCOUNT_SITE,CLUSTERED,YES,YES,ACCOUNT_ID,1,NO
ACCOUNT_SITE,PK_ACCOUNT_SITE,CLUSTERED,YES,YES,SITE_ID,2,NO
ACCOUNTING_ENTITY,PK_ACCOUNTING_ENTITY,CLUSTERED,YES,YES,ID,1,NO
ADDRESS_POS_SETUP,PK_ADDRESS_POS_SETUP,CLUSTERED,YES,YES,country,1,NO
ADDRESS_POS_SETUP,PK_ADDRESS_POS_SETUP,CLUSTERED,YES,YES,field_no,2,NO
ADDRESS_POS_SETUP,PK_ADDRESS_POS_SETUP,CLUSTERED,YES,YES,field_type,3,NO
ADJ_REASON,PK_ADJ_REASON,CLUSTERED,YES,YES,ID,1,NO
ADJ_REASON_SYNC,PK_ADJ_REASON_SYNC,CLUSTERED,YES,YES,EVENT_ID,1,NO
ADJUSTMENT_DETAIL,PK_ADJUSTMENT_DETAIL,CLUSTERED,YES,YES,TRANSACTION_ID,1,NO
ADJUSTMENT_DETAIL,PK_ADJUSTMENT_DETAIL,CLUSTERED,YES,YES,DIST_NO,2,NO
ADJUSTMENT_DETAIL,PK_ADJUSTMENT_DETAIL,CLUSTERED,YES,YES,CURRENCY_ID,3,NO
ADJUSTMENT_DETAIL,X_ADJ_DET_1,NONCLUSTERED,NO,NO,PART_ID,1,NO
ADJUSTMENT_DETAIL,X_ADJ_DET_1,NONCLUSTERED,NO,NO,TRANSACTION_ID,2,NO
ADJUSTMENT_DETAIL,X_ADJ_DET_4,NONCLUSTERED,NO,NO,TRANSACTION_ID,1,NO
ADJUSTMENT_DETAIL,X_ADJ_DET_4,NONCLUSTERED,NO,NO,DIST_NO,2,NO
ADJUSTMENT_DIST,PK_ADJUSTMENT_DIST,CLUSTERED,YES,YES,TRANSACTION_ID,1,NO
ADJUSTMENT_DIST,PK_ADJUSTMENT_DIST,CLUSTERED,YES,YES,DIST_NO,2,NO
ADJUSTMENT_DIST,PK_ADJUSTMENT_DIST,CLUSTERED,YES,YES,ENTRY_NO,3,NO
ADJUSTMENT_DIST,PK_ADJUSTMENT_DIST,CLUSTERED,YES,YES,CURRENCY_ID,4,NO
ADJUSTMENT_DIST,X_ADJ_DIST_1,NONCLUSTERED,NO,NO,BATCH_ID,1,NO
ADJUSTMENT_DIST,X_ADJ_DIST_2,NONCLUSTERED,NO,NO,GL_ACCOUNT_ID,1,NO
ADJUSTMENT_DIST,X_ADJ_DIST_3,NONCLUSTERED,NO,NO,SITE_ID,1,NO
ADV_SHIP_NOTICE,PK_ADV_SHIP_NOTICE,CLUSTERED,YES,YES,id,1,NO
AIC,PK_AIC,CLUSTERED,YES,YES,CODE,1,NO
AIC_SYNC,PK_AIC_SYNC,CLUSTERED,YES,YES,EVENT_ID,1,NO
ALLOCATION,PK_ALLOCATION,CLUSTERED,YES,YES,ID,1,NO
ALLOCATION_DETAIL,PK_ALLOCATION_DETAIL,CLUSTERED,YES,YES,ALLOC_ID,1,NO
ALLOCATION_DETAIL,PK_ALLOCATION_DETAIL,CLUSTERED,YES,YES,LINE_NO,2,NO
AMTS_PENDING_TRANS,PK_AMTS_PENDING_TRANS,CLUSTERED,YES,YES,PENDING_ID,1,NO
AMTS_PENDING_TRANS,X_AMTS_PENDING_TRANS_1,NONCLUSTERED,NO,NO,USER_ID,1,NO
AMTS_PENDING_TRANS,X_AMTS_PENDING_TRANS_1,NONCLUSTERED,NO,NO,TRANSACTION_DATE,2,NO
AMTS_PENDING_TRANS,X_AMTS_PENDING_TRANS_2,NONCLUSTERED,NO,NO,RESOURCE_ID,1,NO
AMTS_PENDING_TRANS,X_AMTS_PENDING_TRANS_3,NONCLUSTERED,NO,NO,WORKORDER_BASE_ID,1,NO
AMTS_PENDING_TRANS,X_AMTS_PENDING_TRANS_3,NONCLUSTERED,NO,NO,WORKORDER_LOT_ID,2,NO
AMTS_PENDING_TRANS,X_AMTS_PENDING_TRANS_3,NONCLUSTERED,NO,NO,WORKORDER_SPLIT_ID,3,NO
AMTS_PENDING_TRANS,X_AMTS_PENDING_TRANS_3,NONCLUSTERED,NO,NO,WORKORDER_SUB_ID,4,NO
AMTS_PENDING_TRANS,X_AMTS_PENDING_TRANS_3,NONCLUSTERED,NO,NO,OPERATION_SEQ_NO,5,NO
AMTS_PENDING_TRANS,X_AMTS_PENDING_TRANS_4,NONCLUSTERED,NO,NO,TRANSACTION_DATE,1,NO
AMTS_PENDING_TRANS,X_AMTS_PENDING_TRANS_5,NONCLUSTERED,NO,NO,PENDING_FLAG,1,NO
AMTS_PENDING_TRANS,X_AMTS_PENDING_TRANS_6,NONCLUSTERED,NO,NO,INDIRECT_ID,1,NO
APP_CONFIG,PK_APP_CONFIG,CLUSTERED,YES,YES,ID,1,NO
APP_CONFIG_ITEM,PK_APP_CONFIG_ITEM,CLUSTERED,YES,YES,ID,1,NO
APP_CONFIG_USER,PK_APP_CONFIG_USER,CLUSTERED,YES,YES,PROGRAM_ID,1,NO
APP_CONFIG_USER,PK_APP_CONFIG_USER,CLUSTERED,YES,YES,USER_ID,2,NO
APPLICATION,PK_APPLICATION,CLUSTERED,YES,YES,PROGRAM_ID,1,NO
APPLICATION,PK_APPLICATION,CLUSTERED,YES,YES,LANGUAGE_ID,2,NO
APPLICATION_FIELDS,PK_APPLICATION_FIELDS,CLUSTERED,YES,YES,PROGRAM_ID,1,NO
APPLICATION_FIELDS,PK_APPLICATION_FIELDS,CLUSTERED,YES,YES,FIELD_ID,2,NO
APPLICATION_GROUP,PK_APPLICATION_GROUP,CLUSTERED,YES,YES,GROUP_ID,1,NO
APPLICATION_GROUP,PK_APPLICATION_GROUP,CLUSTERED,YES,YES,LANGUAGE_ID,2,NO
APPLICATION_LINK,PK_APPLICATION_LINK,CLUSTERED,YES,YES,GROUP_ID,1,NO
APPLICATION_LINK,PK_APPLICATION_LINK,CLUSTERED,YES,YES,GROUP_SEQ_NO,2,NO
APPLICATION_LINK,PK_APPLICATION_LINK,CLUSTERED,YES,YES,PROGRAM_ID,3,NO
APPLICATION_LINK,PK_APPLICATION_LINK,CLUSTERED,YES,YES,LANGUAGE_ID,4,NO
APPLICATION_USER,PK_APPLICATION_USER,CLUSTERED,YES,YES,NAME,1,NO
APS_DATA,PK_APS_DATA,CLUSTERED,YES,YES,LAYOUT_KEY,1,NO
APS_DATA,PK_APS_DATA,CLUSTERED,YES,YES,SEGMENT_TYPE,2,NO
APS_DATA,PK_APS_DATA,CLUSTERED,YES,YES,TABLE_NAME,3,NO
APS_DATA,PK_APS_DATA,CLUSTERED,YES,YES,COLUMN_NAME,4,NO
APS_LAYOUT,PK_APS_LAYOUT,CLUSTERED,YES,YES,KEY,1,NO
APS_TABLE,PK_APS_TABLE,CLUSTERED,YES,YES,LAYOUT_KEY,1,NO
APS_TABLE,PK_APS_TABLE,CLUSTERED,YES,YES,SEGMENT_TYPE,2,NO
APS_TABLE,PK_APS_TABLE,CLUSTERED,YES,YES,TABLE_NAME,3,NO
BANK_ACCOUNT,PK_BANK_ACCOUNT,CLUSTERED,YES,YES,ID,1,NO
BANK_ACCOUNT,X_BANK_ACCOUNT_1,NONCLUSTERED,NO,NO,GL_ACCOUNT_ID,1,NO
BANK_ACCOUNT,X_BANK_ACCOUNT_2,NONCLUSTERED,NO,NO,CURRENCY_ID,1,NO
BANK_ADJ_CURR,PK_BANK_ADJ_CURR,CLUSTERED,YES,YES,BANK_ACCOUNT_ID,1,NO
BANK_ADJ_CURR,PK_BANK_ADJ_CURR,CLUSTERED,YES,YES,ADJUSTMENT_ID,2,NO
BANK_ADJ_CURR,PK_BANK_ADJ_CURR,CLUSTERED,YES,YES,CURRENCY_ID,3,NO
BANK_ADJ_DIST,PK_BANK_ADJ_DIST,CLUSTERED,YES,YES,BANK_ACCOUNT_ID,1,NO
BANK_ADJ_DIST,PK_BANK_ADJ_DIST,CLUSTERED,YES,YES,ADJUSTMENT_ID,2,NO
BANK_ADJ_DIST,PK_BANK_ADJ_DIST,CLUSTERED,YES,YES,DIST_NO,3,NO
BANK_ADJ_DIST,PK_BANK_ADJ_DIST,CLUSTERED,YES,YES,ENTRY_NO,4,NO
BANK_ADJ_DIST,PK_BANK_ADJ_DIST,CLUSTERED,YES,YES,CURRENCY_ID,5,NO
BANK_ADJ_DIST,X_BANK_ADJ_DIST_1,NONCLUSTERED,NO,NO,BATCH_ID,1,NO
BANK_ADJ_DIST,X_BANK_ADJ_DIST_2,NONCLUSTERED,NO,NO,GL_ACCOUNT_ID,1,NO
BANK_ADJ_DIST,X_BANK_ADJ_DIST_3,NONCLUSTERED,NO,NO,SITE_ID,1,NO
BANK_ADJ_LINE,PK_BANK_ADJ_LINE,CLUSTERED,YES,YES,BANK_ACCOUNT_ID,1,NO
BANK_ADJ_LINE,PK_BANK_ADJ_LINE,CLUSTERED,YES,YES,ADJUSTMENT_ID,2,NO
BANK_ADJ_LINE,PK_BANK_ADJ_LINE,CLUSTERED,YES,YES,LINE_NO,3,NO
BANK_ADJUSTMENT,PK_BANK_ADJUSTMENT,CLUSTERED,YES,YES,BANK_ACCOUNT_ID,1,NO
BANK_ADJUSTMENT,PK_BANK_ADJUSTMENT,CLUSTERED,YES,YES,ADJUSTMENT_ID,2,NO
BANK_DEPOSIT,PK_BANK_DEPOSIT,CLUSTERED,YES,YES,BANK_ACCOUNT_ID,1,NO
BANK_DEPOSIT,PK_BANK_DEPOSIT,CLUSTERED,YES,YES,DEPOSIT_ID,2,NO
BANK_STATEMENT,PK_BANK_STATEMENT,CLUSTERED,YES,YES,BANK_ACCOUNT_ID,1,NO
BANK_STATEMENT,PK_BANK_STATEMENT,CLUSTERED,YES,YES,STATEMENT_DATE,2,NO
BID_RATE_CATEGORY,PK_BID_RATE_CATEGORY,CLUSTERED,YES,YES,ID,1,NO
BID_RATE_GROUP,PK_BID_RATE_GROUP,CLUSTERED,YES,YES,ID,1,NO
BID_RATE_GROUP_CATEGORY,PK_BID_RATE_GROUP_CATEGORY,CLUSTERED,YES,YES,BID_RATE_GROUP_ID,1,NO
BID_RATE_GROUP_CATEGORY,PK_BID_RATE_GROUP_CATEGORY,CLUSTERED,YES,YES,BID_RATE_CATEGORY_ID,2,NO
BOL,PK_BOL,CLUSTERED,YES,YES,ID,1,NO
BOL,X_BOL_1,NONCLUSTERED,NO,NO,ASN_ID,1,NO
BOL_LINE,X_BOL_LINE_0,NONCLUSTERED,YES,NO,BOL_ID,1,NO
BOL_LINE,X_BOL_LINE_0,NONCLUSTERED,YES,NO,NMFC_CODE_ID,2,NO
BOL_LINE,X_BOL_LINE_0,NONCLUSTERED,YES,NO,PACKAGE_TYPE,3,NO
BUDGET_CODE,pk_budget_code,CLUSTERED,YES,YES,id,1,NO
BUDGET_TYPE,pk_budget_type,CLUSTERED,YES,YES,id,1,NO
BUFFER,PK_BUFFER,CLUSTERED,YES,YES,ID,1,NO
BUFFER,X_BUFFER_1,NONCLUSTERED,NO,NO,WORKORDER_TYPE,1,NO
BUFFER,X_BUFFER_1,NONCLUSTERED,NO,NO,WORKORDER_BASE_ID,2,NO
BUFFER,X_BUFFER_1,NONCLUSTERED,NO,NO,WORKORDER_LOT_ID,3,NO
BUFFER,X_BUFFER_1,NONCLUSTERED,NO,NO,WORKORDER_SPLIT_ID,4,NO
BUFFER,X_BUFFER_1,NONCLUSTERED,NO,NO,WORKORDER_SUB_ID,5,NO
BUFFER,X_BUFFER_1,NONCLUSTERED,NO,NO,OPERATION_SEQ_NO,6,NO
BUFFER,X_BUFFER_1,NONCLUSTERED,NO,NO,PIECE_NO,7,NO
BUFFER,X_BUFFER_2,NONCLUSTERED,NO,NO,TYPE,1,NO
BUFFER,X_BUFFER_3,NONCLUSTERED,NO,NO,PART_ID,1,NO
BUFFER,X_BUFFER_4,NONCLUSTERED,NO,NO,CCR_ID,1,NO
BUFFER,X_BUFFER_5,NONCLUSTERED,NO,NO,SITE_ID,1,NO
BUFFER,X_BUFFER_6,NONCLUSTERED,NO,NO,WAREHOUSE_ID,1,NO
BUFFER_PROFILE,PK_BUFFER_PROFILE,CLUSTERED,YES,YES,ID,1,NO
BUFFER_STAT_MATL,PK_BUFFER_STAT_MATL,CLUSTERED,YES,YES,BUFFER_STATUS_ID,1,NO
BUFFER_STAT_MATL,PK_BUFFER_STAT_MATL,CLUSTERED,YES,YES,SUPPLY_TYPE,2,NO
BUFFER_STAT_MATL,PK_BUFFER_STAT_MATL,CLUSTERED,YES,YES,SUPPLY_BASE_ID,3,NO
BUFFER_STAT_MATL,PK_BUFFER_STAT_MATL,CLUSTERED,YES,YES,SUPPLY_SEQ_NO,4,NO
BUFFER_STAT_MATL,PK_BUFFER_STAT_MATL,CLUSTERED,YES,YES,SUPPLY_NO,5,NO
BUFFER_STAT_WO_LOC,PK_BUFFER_STAT_WO_LOC,CLUSTERED,YES,YES,BUFFER_STATUS_ID,1,NO
BUFFER_STAT_WO_LOC,PK_BUFFER_STAT_WO_LOC,CLUSTERED,YES,YES,WORKORDER_TYPE,2,NO
BUFFER_STAT_WO_LOC,PK_BUFFER_STAT_WO_LOC,CLUSTERED,YES,YES,WORKORDER_BASE_ID,3,NO
BUFFER_STAT_WO_LOC,PK_BUFFER_STAT_WO_LOC,CLUSTERED,YES,YES,WORKORDER_LOT_ID,4,NO
BUFFER_STAT_WO_LOC,PK_BUFFER_STAT_WO_LOC,CLUSTERED,YES,YES,WORKORDER_SPLIT_ID,5,NO
BUFFER_STAT_WO_LOC,PK_BUFFER_STAT_WO_LOC,CLUSTERED,YES,YES,WORKORDER_SUB_ID,6,NO
BUFFER_STAT_WO_LOC,PK_BUFFER_STAT_WO_LOC,CLUSTERED,YES,YES,OPERATION_SEQ_NO,7,NO
BUFFER_STATUS,PK_BUFFER_STATUS,CLUSTERED,YES,YES,ID,1,NO
BUFFER_STATUS,X_BUFFER_STATUS_1,NONCLUSTERED,NO,NO,BUFFER_ID,1,NO
BURD_DIST_DETAIL,PK_BURD_DIST_DETAIL,CLUSTERED,YES,YES,BURDEN_ID,1,NO
BURD_DIST_DETAIL,PK_BURD_DIST_DETAIL,CLUSTERED,YES,YES,BURDEN_CATEGORY_ID,2,NO
BURD_DIST_DETAIL,PK_BURD_DIST_DETAIL,CLUSTERED,YES,YES,SOURCE_TYPE,3,NO
BURD_DIST_DETAIL,PK_BURD_DIST_DETAIL,CLUSTERED,YES,YES,SOURCE_TRANS_ID,4,NO
BURD_DIST_DETAIL,PK_BURD_DIST_DETAIL,CLUSTERED,YES,YES,SOURCE_ID,5,NO
BURD_DIST_DETAIL,PK_BURD_DIST_DETAIL,CLUSTERED,YES,YES,SOURCE_LINE_NO,6,NO
BURD_DIST_DETAIL,PK_BURD_DIST_DETAIL,CLUSTERED,YES,YES,DIST_NO,7,NO
BURD_DIST_DETAIL,PK_BURD_DIST_DETAIL,CLUSTERED,YES,YES,CURRENCY_ID,8,NO
BURD_DIST_DETAIL,X_BRD_DST_DET_1,NONCLUSTERED,NO,NO,BURDEN_CATEGORY_ID,1,NO
BURD_DIST_DETAIL,X_BRD_DST_DET_1,NONCLUSTERED,NO,NO,SOURCE_TYPE,2,NO
BURD_DIST_DETAIL,X_BRD_DST_DET_1,NONCLUSTERED,NO,NO,IS_RETRO,3,NO
BURD_DIST_DETAIL,X_BRD_DST_DET_2,NONCLUSTERED,NO,NO,BURDEN_CATEGORY_ID,1,NO
BURD_DIST_DETAIL,X_BRD_DST_DET_2,NONCLUSTERED,NO,NO,SOURCE_TYPE,2,NO
BURD_DIST_DETAIL,X_BRD_DST_DET_2,NONCLUSTERED,NO,NO,SOURCE_TRANS_ID,3,NO
BURD_DIST_DETAIL,X_BRD_DST_DET_2,NONCLUSTERED,NO,NO,IS_RETRO,4,NO
BURD_DIST_DETAIL,X_BRD_DST_DET_3,NONCLUSTERED,NO,NO,BURDEN_CATEGORY_ID,1,NO
BURD_DIST_DETAIL,X_BRD_DST_DET_3,NONCLUSTERED,NO,NO,SOURCE_TYPE,2,NO
BURD_DIST_DETAIL,X_BRD_DST_DET_3,NONCLUSTERED,NO,NO,SOURCE_ID,3,NO
BURD_DIST_DETAIL,X_BRD_DST_DET_3,NONCLUSTERED,NO,NO,SOURCE_LINE_NO,4,NO
BURD_DIST_DETAIL,X_BRD_DST_DET_3,NONCLUSTERED,NO,NO,IS_RETRO,5,NO
BURD_DIST_DETAIL,X_BRD_DST_DET_4,NONCLUSTERED,NO,NO,SOURCE_TYPE,1,NO
BURD_DIST_DETAIL,X_BRD_DST_DET_4,NONCLUSTERED,NO,NO,SOURCE_ID,2,NO
BURDEN_BATCH_RATES,PK_BURDEN_BATCH_RATES,CLUSTERED,YES,YES,SITE_ID,1,NO
BURDEN_BATCH_RATES,PK_BURDEN_BATCH_RATES,CLUSTERED,YES,YES,BATCH_ID,2,NO
BURDEN_DIST,PK_BURDEN_DIST,CLUSTERED,YES,YES,BURDEN_ID,1,NO
BURDEN_DIST,PK_BURDEN_DIST,CLUSTERED,YES,YES,DIST_NO,2,NO
BURDEN_DIST,PK_BURDEN_DIST,CLUSTERED,YES,YES,ENTRY_NO,3,NO
BURDEN_DIST,PK_BURDEN_DIST,CLUSTERED,YES,YES,BURDEN_CATEGORY_ID,4,NO
BURDEN_DIST,PK_BURDEN_DIST,CLUSTERED,YES,YES,CURRENCY_ID,5,NO
BURDEN_DIST,X_BURD_DIST_1,NONCLUSTERED,NO,NO,BATCH_ID,1,NO
BURDEN_DIST,X_BURD_DIST_2,NONCLUSTERED,NO,NO,GL_ACCOUNT_ID,1,NO
BURDEN_DIST,X_BURD_DIST_3,NONCLUSTERED,NO,NO,SITE_ID,1,NO
BURDEN_DIST,X_BURD_DIST_4,NONCLUSTERED,NO,NO,GL_ACCOUNT_ID,1,NO
BURDEN_DIST,X_BURD_DIST_4,NONCLUSTERED,NO,NO,CURRENCY_ID,2,NO
BURDEN_DIST,X_BURD_DIST_4,NONCLUSTERED,NO,NO,POSTING_DATE,3,NO
BURDEN_DIST,X_BURD_DIST_4,NONCLUSTERED,NO,NO,AMOUNT_TYPE,4,NO
BURDEN_GROUP,PK_BURDEN_GROUP,CLUSTERED,YES,YES,ID,1,NO
BURDEN_RULE,PK_BURDEN_RULE,CLUSTERED,YES,YES,BURDEN_GROUP_ID,1,NO
BURDEN_RULE,PK_BURDEN_RULE,CLUSTERED,YES,YES,COST_CATEGORY_ID,2,NO
BURDEN_TRANS,PK_BURDEN_TRANS,CLUSTERED,YES,YES,BURDEN_ID,1,NO
BURDEN_TRANS,PK_BURDEN_TRANS,CLUSTERED,YES,YES,PROJECT_SUMMARY_ID,2,NO
BURDEN_TRANS,PK_BURDEN_TRANS,CLUSTERED,YES,YES,BURDEN_CATEGORY_ID,3,NO
BURDEN_TRANS,X_BURD_TRANS_1,NONCLUSTERED,NO,NO,SOURCE_TRANS_ID,1,NO
BURDEN_TRANS,X_BURD_TRANS_1,NONCLUSTERED,NO,NO,SOURCE_ID,2,NO
BURDEN_TRANS,X_BURD_TRANS_1,NONCLUSTERED,NO,NO,SOURCE_LINE_NO,3,NO
BURDEN_TRANS,X_BURD_TRANS_10,NONCLUSTERED,NO,NO,SOURCE_TYPE,1,NO
BURDEN_TRANS,X_BURD_TRANS_10,NONCLUSTERED,NO,NO,SOURCE_ID,2,NO
BURDEN_TRANS,X_BURD_TRANS_10,NONCLUSTERED,NO,NO,IS_RETRO,3,NO
BURDEN_TRANS,X_BURD_TRANS_10,NONCLUSTERED,NO,NO,SITE_ID,4,NO
BURDEN_TRANS,X_BURD_TRANS_4,NONCLUSTERED,NO,NO,BURDEN_ID,1,NO
BURDEN_TRANS,X_BURD_TRANS_5,NONCLUSTERED,NO,NO,PROJECT_SUMMARY_ID,1,NO
BURDEN_TRANS,X_BURD_TRANS_5,NONCLUSTERED,NO,NO,SOURCE_TYPE,2,NO
BURDEN_TRANS,X_BURD_TRANS_5,NONCLUSTERED,NO,NO,SOURCE_ID,3,NO
BURDEN_TRANS,X_BURD_TRANS_5,NONCLUSTERED,NO,NO,BURDEN_ID,4,NO
BURDEN_TRANS,X_BURD_TRANS_5,NONCLUSTERED,NO,NO,BURDEN_CATEGORY_ID,5,NO
BURDEN_TRANS,X_BURD_TRANS_6,NONCLUSTERED,NO,NO,SOURCE_TYPE,1,NO
BURDEN_TRANS,X_BURD_TRANS_6,NONCLUSTERED,NO,NO,SOURCE_ID,2,NO
BURDEN_TRANS,X_BURD_TRANS_6,NONCLUSTERED,NO,NO,PROJECT_SUMMARY_ID,3,NO
BURDEN_TRANS,X_BURD_TRANS_7,NONCLUSTERED,NO,NO,DEPARTMENT_ID,1,NO
BURDEN_TRANS,X_BURD_TRANS_7,NONCLUSTERED,NO,NO,SOURCE_TYPE,2,NO
BURDEN_TRANS,X_BURD_TRANS_7,NONCLUSTERED,NO,NO,COST_CATEGORY_ID,3,NO
BURDEN_TRANS,X_BURD_TRANS_8,NONCLUSTERED,NO,NO,COST_CATEGORY_ID,1,NO
BURDEN_TRANS,X_BURD_TRANS_9,NONCLUSTERED,NO,NO,SOURCE_TYPE,1,NO
BURDEN_TRANS,X_BURD_TRANS_9,NONCLUSTERED,NO,NO,SOURCE_TRANS_ID,2,NO
BURDEN_TRANS,X_BURD_TRANS_9,NONCLUSTERED,NO,NO,SITE_ID,3,NO
CALENDAR_CHANGE,X_CALENDAR_CHG_0,NONCLUSTERED,YES,NO,SITE_ID,1,NO
CALENDAR_CHANGE,X_CALENDAR_CHG_0,NONCLUSTERED,YES,NO,SCHEDULE_ID,2,NO
CALENDAR_CHANGE,X_CALENDAR_CHG_0,NONCLUSTERED,YES,NO,RESOURCE_ID,3,NO
CALENDAR_CHANGE,X_CALENDAR_CHG_0,NONCLUSTERED,YES,NO,START_DATE,4,NO
CALENDAR_CHANGE,X_CALENDAR_CHG_1,NONCLUSTERED,NO,NO,RESOURCE_ID,1,NO
CALENDAR_WEEK,X_CALENDAR_WEEK_0,NONCLUSTERED,YES,NO,SITE_ID,1,NO
CALENDAR_WEEK,X_CALENDAR_WEEK_0,NONCLUSTERED,YES,NO,SCHEDULE_ID,2,NO
CALENDAR_WEEK,X_CALENDAR_WEEK_0,NONCLUSTERED,YES,NO,RESOURCE_ID,3,NO
CALENDAR_WEEK,X_CALENDAR_WEEK_0,NONCLUSTERED,YES,NO,DAY_OF_WEEK,4,NO
CALENDAR_WEEK,X_CALENDAR_WEEK_1,NONCLUSTERED,NO,NO,RESOURCE_ID,1,NO
CARRIER,PK_CARRIER,CLUSTERED,YES,YES,ID,1,NO
CARRIER_SYNC,PK_CARRIER_SYNC,CLUSTERED,YES,YES,EVENT_ID,1,NO
CARTON,PK_CARTON,CLUSTERED,YES,YES,ID,1,NO
CARTON,X_CARTON_1,NONCLUSTERED,NO,NO,BOL_ID,1,NO
CARTON,X_CARTON_2,NONCLUSTERED,NO,NO,PALLET_ID,1,NO
CARTON,X_CARTON_3,NONCLUSTERED,NO,NO,CARRIER_ID,1,NO
CARTON,X_CARTON_4,NONCLUSTERED,NO,NO,TRACKING_NO,1,NO
CARTON_LINE,PK_CARTON_LINE,CLUSTERED,YES,YES,CARTON_ID,1,NO
CARTON_LINE,PK_CARTON_LINE,CLUSTERED,YES,YES,LINE_NO,2,NO
CARTON_LINE,X_CARTONLINE_1,NONCLUSTERED,NO,NO,PART_ID,1,NO
CASH_BOOK_SUMMARY,PK_CASH_BOOK_SUMMARY,CLUSTERED,YES,YES,BANK_ACCOUNT_ID,1,NO
CASH_BOOK_SUMMARY,PK_CASH_BOOK_SUMMARY,CLUSTERED,YES,YES,ACCT_YEAR,2,NO
CASH_BOOK_SUMMARY,PK_CASH_BOOK_SUMMARY,CLUSTERED,YES,YES,ACCT_PERIOD,3,NO
CASH_BOOK_SUMMARY,PK_CASH_BOOK_SUMMARY,CLUSTERED,YES,YES,SITE_ID,4,NO
CASH_DISBURSE_CURR,PK_CSHD_CURR,CLUSTERED,YES,YES,BANK_ACCOUNT_ID,1,NO
CASH_DISBURSE_CURR,PK_CSHD_CURR,CLUSTERED,YES,YES,CONTROL_NO,2,NO
CASH_DISBURSE_CURR,PK_CSHD_CURR,CLUSTERED,YES,YES,CURRENCY_ID,3,NO
CASH_DISBURSE_DIST,PK_CASH_DISBURSE_DIST,CLUSTERED,YES,YES,BANK_ACCOUNT_ID,1,NO
CASH_DISBURSE_DIST,PK_CASH_DISBURSE_DIST,CLUSTERED,YES,YES,CONTROL_NO,2,NO
CASH_DISBURSE_DIST,PK_CASH_DISBURSE_DIST,CLUSTERED,YES,YES,DIST_NO,3,NO
CASH_DISBURSE_DIST,PK_CASH_DISBURSE_DIST,CLUSTERED,YES,YES,ENTRY_NO,4,NO
CASH_DISBURSE_DIST,PK_CASH_DISBURSE_DIST,CLUSTERED,YES,YES,CURRENCY_ID,5,NO
CASH_DISBURSE_DIST,X_CASH_DISB_DIST_1,NONCLUSTERED,NO,NO,BATCH_ID,1,NO
CASH_DISBURSE_DIST,X_CASH_DISB_DIST_2,NONCLUSTERED,NO,NO,GL_ACCOUNT_ID,1,NO
CASH_DISBURSE_DIST,X_CASH_DISB_DIST_3,NONCLUSTERED,NO,NO,SITE_ID,1,NO
CASH_DISBURSE_LINE,PK_CASH_DISBURSE_LINE,CLUSTERED,YES,YES,BANK_ACCOUNT_ID,1,NO
CASH_DISBURSE_LINE,PK_CASH_DISBURSE_LINE,CLUSTERED,YES,YES,CONTROL_NO,2,NO
CASH_DISBURSE_LINE,PK_CASH_DISBURSE_LINE,CLUSTERED,YES,YES,LINE_NO,3,NO
CASH_DISBURSE_LINE,X_CASH_DISB_LINE_1,NONCLUSTERED,NO,NO,VOUCHER_ID,1,NO
CASH_DISBURSE_LINE,X_CASH_DISB_LINE_2,NONCLUSTERED,NO,NO,GL_ACCOUNT_ID,1,NO
CASH_DISBURSEMENT,PK_CASH_DISBURSEMENT,CLUSTERED,YES,YES,BANK_ACCOUNT_ID,1,NO
CASH_DISBURSEMENT,PK_CASH_DISBURSEMENT,CLUSTERED,YES,YES,CONTROL_NO,2,NO
CASH_DISBURSEMENT,X_CASH_DISBURS_1,NONCLUSTERED,NO,NO,BANK_ACCOUNT_ID,1,NO
CASH_DISBURSEMENT,X_CASH_DISBURS_1,NONCLUSTERED,NO,NO,CHECK_NO,2,NO
CASH_DISBURSEMENT,X_CASH_DISBURS_2,NONCLUSTERED,NO,NO,VENDOR_ID,1,NO
CASH_DISBURSEMENT,X_CASH_DISBURS_3,NONCLUSTERED,NO,NO,SITE_ID,1,NO
CASH_DISBURSEMENT,X_CASH_DISBURS_4,NONCLUSTERED,NO,NO,AMOUNT,1,NO
CASH_PLAN,PK_CASH_PLAN,CLUSTERED,YES,YES,ID,1,NO
CASH_PLAN_ACCOUNT,PK_CASH_PLAN_ACCOUNT,CLUSTERED,YES,YES,CASH_PLAN_ID,1,NO
CASH_PLAN_ACCOUNT,PK_CASH_PLAN_ACCOUNT,CLUSTERED,YES,YES,CASH_PLAN_LINE_NO,2,NO
CASH_PLAN_ACCOUNT,PK_CASH_PLAN_ACCOUNT,CLUSTERED,YES,YES,ACCOUNT_ID,3,NO
CASH_PLAN_AMOUNT,PK_CASH_PLAN_AMOUNT,CLUSTERED,YES,YES,CASH_PLAN_ID,1,NO
CASH_PLAN_AMOUNT,PK_CASH_PLAN_AMOUNT,CLUSTERED,YES,YES,CASH_PLAN_LINE_NO,2,NO
CASH_PLAN_AMOUNT,PK_CASH_PLAN_AMOUNT,CLUSTERED,YES,YES,YEAR,3,NO
CASH_PLAN_AMOUNT,PK_CASH_PLAN_AMOUNT,CLUSTERED,YES,YES,PERIOD,4,NO
CASH_PLAN_AMOUNT,PK_CASH_PLAN_AMOUNT,CLUSTERED,YES,YES,AMOUNT_TYPE,5,NO
CASH_PLAN_LINE,PK_CASH_PLAN_LINE,CLUSTERED,YES,YES,CASH_PLAN_ID,1,NO
CASH_PLAN_LINE,PK_CASH_PLAN_LINE,CLUSTERED,YES,YES,LINE_NO,2,NO
CASH_PLAN_SITE,PK_CASH_PLAN_SITE,CLUSTERED,YES,YES,CASH_PLAN_ID,1,NO
CASH_PLAN_SITE,PK_CASH_PLAN_SITE,CLUSTERED,YES,YES,SITE_ID,2,NO
CASH_RECEIPT,PK_CASH_RECEIPT,CLUSTERED,YES,YES,CUSTOMER_ID,1,NO
CASH_RECEIPT,PK_CASH_RECEIPT,CLUSTERED,YES,YES,CHECK_ID,2,NO
CASH_RECEIPT,X_CASH_RECPT_1,NONCLUSTERED,NO,NO,BANK_ACCOUNT_ID,1,NO
CASH_RECEIPT,X_CASH_RECPT_2,NONCLUSTERED,NO,NO,SITE_ID,1,NO
CASH_RECEIPT,X_CASH_RECPT_3,NONCLUSTERED,NO,NO,AMOUNT,1,NO
CASH_RECEIPT,X_CASH_RECPT_4,NONCLUSTERED,NO,NO,BANK_ACCOUNT_ID,1,NO
CASH_RECEIPT,X_CASH_RECPT_4,NONCLUSTERED,NO,NO,DEPOSIT_ID,2,NO
CASH_RECEIPT_CURR,PK_CASH_RECEIPT_CURR,CLUSTERED,YES,YES,CUSTOMER_ID,1,NO
CASH_RECEIPT_CURR,PK_CASH_RECEIPT_CURR,CLUSTERED,YES,YES,CHECK_ID,2,NO
CASH_RECEIPT_CURR,PK_CASH_RECEIPT_CURR,CLUSTERED,YES,YES,CURRENCY_ID,3,NO
CASH_RECEIPT_DIST,PK_CASH_RECEIPT_DIST,CLUSTERED,YES,YES,CUSTOMER_ID,1,NO
CASH_RECEIPT_DIST,PK_CASH_RECEIPT_DIST,CLUSTERED,YES,YES,CHECK_ID,2,NO
CASH_RECEIPT_DIST,PK_CASH_RECEIPT_DIST,CLUSTERED,YES,YES,DIST_NO,3,NO
CASH_RECEIPT_DIST,PK_CASH_RECEIPT_DIST,CLUSTERED,YES,YES,ENTRY_NO,4,NO
CASH_RECEIPT_DIST,PK_CASH_RECEIPT_DIST,CLUSTERED,YES,YES,CURRENCY_ID,5,NO
CASH_RECEIPT_DIST,X_CASH_REC_DIST_1,NONCLUSTERED,NO,NO,BATCH_ID,1,NO
CASH_RECEIPT_DIST,X_CASH_REC_DIST_2,NONCLUSTERED,NO,NO,GL_ACCOUNT_ID,1,NO
CASH_RECEIPT_DIST,X_CASH_REC_DIST_3,NONCLUSTERED,NO,NO,SITE_ID,1,NO
CASH_RECEIPT_LINE,PK_CASH_RECEIPT_LINE,CLUSTERED,YES,YES,CUSTOMER_ID,1,NO
CASH_RECEIPT_LINE,PK_CASH_RECEIPT_LINE,CLUSTERED,YES,YES,CHECK_ID,2,NO
CASH_RECEIPT_LINE,PK_CASH_RECEIPT_LINE,CLUSTERED,YES,YES,LINE_NO,3,NO
CASH_RECEIPT_LINE,X_CASH_REC_LINE_1,NONCLUSTERED,NO,NO,INVOICE_ID,1,NO
CASH_RECEIPT_LINE,X_CASH_REC_LINE_2,NONCLUSTERED,NO,NO,GL_ACCOUNT_ID,1,NO
CHART_FACTORS,PK_CHART_FACTORS,CLUSTERED,YES,YES,SUBGROUP_SIZE,1,NO
CLYRPD,X_CLYRPD_1,NONCLUSTERED,YES,NO,YQDATE,1,NO
CNSN_RCVR_LINE_DEL,PK_CNSN_RCVR_LINE_DEL,CLUSTERED,YES,YES,RECEIVER_ID,1,NO
CNSN_RCVR_LINE_DEL,PK_CNSN_RCVR_LINE_DEL,CLUSTERED,YES,YES,RECEIVER_LINE_NO,2,NO
CNSN_RCVR_LINE_DEL,PK_CNSN_RCVR_LINE_DEL,CLUSTERED,YES,YES,LINE_NO,3,NO
CO_PRODUCT,PK_CO_PRODUCT,CLUSTERED,YES,YES,WORKORDER_TYPE,1,NO
CO_PRODUCT,PK_CO_PRODUCT,CLUSTERED,YES,YES,WORKORDER_BASE_ID,2,NO
CO_PRODUCT,PK_CO_PRODUCT,CLUSTERED,YES,YES,WORKORDER_LOT_ID,3,NO
CO_PRODUCT,PK_CO_PRODUCT,CLUSTERED,YES,YES,WORKORDER_SPLIT_ID,4,NO
CO_PRODUCT,PK_CO_PRODUCT,CLUSTERED,YES,YES,WORKORDER_SUB_ID,5,NO
CO_PRODUCT,PK_CO_PRODUCT,CLUSTERED,YES,YES,PART_ID,6,NO
CO_PRODUCT,X_CO_PRODUCT_1,NONCLUSTERED,NO,NO,PART_ID,1,NO
CO_PRODUCT,X_CO_PRODUCT_2,NONCLUSTERED,NO,NO,WAREHOUSE_ID,1,NO
COMMODITY,PK_COMMODITY,CLUSTERED,YES,YES,CODE,1,NO
COMMODITY_SYNC,PK_COMMODITY_SYNC,CLUSTERED,YES,YES,EVENT_ID,1,NO
CONSIGN_RCVR_LINE,PK_CONSIGN_RCVR_LINE,CLUSTERED,YES,YES,RECEIVER_ID,1,NO
CONSIGN_RCVR_LINE,PK_CONSIGN_RCVR_LINE,CLUSTERED,YES,YES,LINE_NO,2,NO
CONSIGN_RECEIVER,PK_CONSIGN_RCVR,CLUSTERED,YES,YES,ID,1,NO
CONSIGN_RECEIVER,X_CONSIGN_RCVR_1,NONCLUSTERED,NO,NO,PURC_ORDER_ID,1,NO
CONSIGN_RECEIVER,X_CONSIGN_RCVR_2,NONCLUSTERED,NO,NO,CUSTOMER_ID,1,NO
CONSOLID_ACCOUNT,PK_CONSOLID_ACCT,CLUSTERED,YES,YES,PARENT_ACCT_ID,1,NO
CONSOLIDATION,PK_CONSOLIDATION,CLUSTERED,YES,YES,ID,1,NO
CONSOLIDATION_LOG,X_CONSOLID_LOG_0,NONCLUSTERED,NO,NO,CONSOLIDATION_ID,1,NO
CONSOLIDATION_MAP,PK_CONSOLID_MAP,CLUSTERED,YES,YES,CONSOLIDATION_ID,1,NO
CONSOLIDATION_MAP,PK_CONSOLID_MAP,CLUSTERED,YES,YES,LINE_NO,2,NO
CONSOLIDATION_MAP,X_CONSOLID_MAP_1,NONCLUSTERED,NO,NO,CONSOLIDATION_ID,1,NO
CONSOLIDATION_MAP,X_CONSOLID_MAP_1,NONCLUSTERED,NO,NO,LOCAL_ACCT_ID,2,NO
CONTACT,PK_CONTACT,CLUSTERED,YES,YES,ID,1,NO
CONTACT,X_CONTACT_1,NONCLUSTERED,NO,NO,FIRST_NAME,1,NO
CONTACT,X_CONTACT_2,NONCLUSTERED,NO,NO,LAST_NAME,1,NO
CONTACT,X_CONTACT_3,NONCLUSTERED,NO,NO,FIRST_NAME,1,NO
CONTACT,X_CONTACT_3,NONCLUSTERED,NO,NO,LAST_NAME,2,NO
CONTACT_BINARY,PK_CONTACT_BINARY,CLUSTERED,YES,YES,CONTACT_ID,1,NO
CONTACT_BINARY,PK_CONTACT_BINARY,CLUSTERED,YES,YES,TYPE,2,NO
CONTRACT_TYPE,PK_CONTRACT_TYPE,CLUSTERED,YES,YES,CODE,1,NO
CONTROL_LIMITS,PK_CONTROL_LIMITS,CLUSTERED,YES,YES,TEST_ID,1,NO
CONTROL_LIMITS,PK_CONTROL_LIMITS,CLUSTERED,YES,YES,STEP_NO,2,NO
CONTROL_LIMITS,PK_CONTROL_LIMITS,CLUSTERED,YES,YES,LIMIT_ID,3,NO
CONTROL_LIMITS,PK_CONTROL_LIMITS,CLUSTERED,YES,YES,LIMIT_TYPE,4,NO
CONTROL_LIMITS,X_CNTRL_LIM_1,NONCLUSTERED,NO,NO,TEST_ID,1,NO
CONTROL_LIMITS,X_CNTRL_LIM_1,NONCLUSTERED,NO,NO,STEP_NO,2,NO
COR_INBOX_ENTRY,IX_WAS_PROCESSED,NONCLUSTERED,NO,NO,C_WAS_PROCESSED,1,NO
COR_INBOX_ENTRY,IX_WAS_PROCESSED,NONCLUSTERED,NO,NO,C_MESSAGE_PRIORITY,2,NO
COR_INBOX_ENTRY,IX_WAS_PROCESSED,NONCLUSTERED,NO,NO,C_ID,3,NO
COR_INBOX_ENTRY,PK_COR_INBOX_ENTRY,CLUSTERED,YES,YES,C_ID,1,NO
COR_INBOX_HEADERS,PK_COR_INBOX_HEADERS,CLUSTERED,YES,YES,C_ID,1,NO
COR_OUTBOX_ENTRY,IX_OUTBOX_WAS_PROCESSED,NONCLUSTERED,NO,NO,C_WAS_PROCESSED,1,NO
COR_OUTBOX_ENTRY,IX_OUTBOX_WAS_PROCESSED,NONCLUSTERED,NO,NO,C_MESSAGE_PRIORITY,2,NO
COR_OUTBOX_ENTRY,IX_OUTBOX_WAS_PROCESSED,NONCLUSTERED,NO,NO,C_ID,3,NO
COR_OUTBOX_ENTRY,PK_COR_OUTBOX_ENTRY,CLUSTERED,YES,YES,C_ID,1,NO
COR_OUTBOX_HEADERS,PK_COR_OUTBOX_HEADERS,CLUSTERED,YES,YES,C_ID,1,NO
COST_CATEGORY,PK_COST_CATEGORY,CLUSTERED,YES,YES,ID,1,NO
COST_CATEGORY,X_COST_CATEGORY_1,NONCLUSTERED,NO,NO,COST_GROUP_ID,1,NO
COST_GROUP,PK_COST_GROUP,CLUSTERED,YES,YES,ID,1,NO
COST_SIMULATION,PK_COST_SIMULATION,CLUSTERED,YES,YES,SIMULATION_ID,1,NO
COST_SIMULATION,PK_COST_SIMULATION,CLUSTERED,YES,YES,PART_ID,2,NO
COST_SIMULATION,X_COST_SIM_1,NONCLUSTERED,NO,NO,SIMULATION_ID,1,NO
COST_SIMULATION,X_COST_SIM_1,NONCLUSTERED,NO,NO,PART_ID,2,NO
COST_SIMULATION,X_COST_SIM_1,NONCLUSTERED,NO,NO,WORKORDER_TYPE,3,NO
COST_SIMULATION,X_COST_SIM_1,NONCLUSTERED,NO,NO,WORKORDER_BASE_ID,4,NO
COST_SIMULATION,X_COST_SIM_1,NONCLUSTERED,NO,NO,WORKORDER_LOT_ID,5,NO
COST_SIMULATION,X_COST_SIM_1,NONCLUSTERED,NO,NO,WORKORDER_SPLIT_ID,6,NO
COST_SIMULATION,X_COST_SIM_1,NONCLUSTERED,NO,NO,WORKORDER_SUB_ID,7,NO
COUNTRY,PK_COUNTRY,CLUSTERED,YES,YES,ID,1,NO
COUNTRY,X_COUNTRY_1,NONCLUSTERED,NO,NO,INTRA_COUNTRY_ID,1,NO
COUNTRY,X_COUNTRY_2,NONCLUSTERED,NO,NO,ESL_COUNTRY_ID,1,NO
CREDIT_MEMO_APPLY,X_CRED_MEMO_APP_0,NONCLUSTERED,NO,NO,MEMO_VOUCHER_ID,1,NO
CREDIT_MEMO_APPLY,X_CRED_MEMO_APP_0,NONCLUSTERED,NO,NO,INV_VOUCHER_ID,2,NO
CREDIT_MEMO_APPLY,X_CRED_MEMO_APP_1,NONCLUSTERED,NO,NO,INV_VOUCHER_ID,1,NO
CREDIT_MEMO_APPLY,X_CRED_MEMO_APP_1,NONCLUSTERED,NO,NO,MEMO_VOUCHER_ID,2,NO
CREDIT_MEMO_APPLY,X_CRED_MEMO_APP_2,NONCLUSTERED,YES,NO,INV_VOUCHER_ID,1,NO
CREDIT_MEMO_APPLY,X_CRED_MEMO_APP_2,NONCLUSTERED,YES,NO,MEMO_VOUCHER_ID,2,NO
CREDIT_MEMO_APPLY,X_CRED_MEMO_APP_2,NONCLUSTERED,YES,NO,apply_date,3,NO
CREDIT_MEMO_APPLY,X_CRED_MEMO_APP_2,NONCLUSTERED,YES,NO,INST_NO,4,NO
CURR_PRICE_INDEX,PK_CURR_PRICE_INDEX,CLUSTERED,YES,YES,FROM_CURRENCY_ID,1,NO
CURR_PRICE_INDEX,PK_CURR_PRICE_INDEX,CLUSTERED,YES,YES,TO_CURRENCY_ID,2,NO
CURRENCY,PK_CURRENCY,CLUSTERED,YES,YES,ID,1,NO
CURRENCY_ENTITY,PK_CURR_ENTITY,CLUSTERED,YES,YES,ENTITY_ID,1,NO
CURRENCY_ENTITY,PK_CURR_ENTITY,CLUSTERED,YES,YES,CURRENCY_ID,2,NO
CURRENCY_EXCHANGE,PK_CURRENCY_EXCHANGE,CLUSTERED,YES,YES,ENTITY_ID,1,NO
CURRENCY_EXCHANGE,PK_CURRENCY_EXCHANGE,CLUSTERED,YES,YES,CURRENCY_ID,2,NO
CURRENCY_EXCHANGE,PK_CURRENCY_EXCHANGE,CLUSTERED,YES,YES,EFFECTIVE_DATE,3,NO
CUST_ADDRESS,PK_CUST_ADDRESS,CLUSTERED,YES,YES,CUSTOMER_ID,1,NO
CUST_ADDRESS,PK_CUST_ADDRESS,CLUSTERED,YES,YES,ADDR_NO,2,NO
CUST_ADDRESS,X_CUST_ADDRESS_1,NONCLUSTERED,NO,NO,DEF_SLS_TAX_GRP_ID,1,NO
CUST_ADDRESS,X_CUST_ADDRESS_2,NONCLUSTERED,NO,NO,SALESREP_ID,1,NO
CUST_ADDRESS,X_CUST_ADDRESS_3,NONCLUSTERED,NO,NO,DISCOUNT_CODE,1,NO
CUST_ADDRESS,X_CUST_ADDRESS_4,NONCLUSTERED,NO,NO,SHIPTO_ID,1,NO
CUST_BOOK_DEL,PK_CUST_BOOK_DEL,CLUSTERED,YES,YES,CUST_ORDER_ID,1,NO
CUST_BOOK_DEL,PK_CUST_BOOK_DEL,CLUSTERED,YES,YES,CUST_ORDER_LINE_NO,2,NO
CUST_BOOK_DEL,PK_CUST_BOOK_DEL,CLUSTERED,YES,YES,DEL_SCHED_LINE_NO,3,NO
CUST_BOOK_DEL,PK_CUST_BOOK_DEL,CLUSTERED,YES,YES,BOOK_DATE,4,NO
CUST_BOOK_DEL,X_CUST_BOOK_DEL_1,NONCLUSTERED,NO,NO,WAREHOUSE_ID,1,NO
CUST_BOOK_LINE,PK_CUST_BOOK_LINE,CLUSTERED,YES,YES,CUST_ORDER_ID,1,NO
CUST_BOOK_LINE,PK_CUST_BOOK_LINE,CLUSTERED,YES,YES,CUST_ORDER_LINE_NO,2,NO
CUST_BOOK_LINE,PK_CUST_BOOK_LINE,CLUSTERED,YES,YES,BOOK_DATE,3,NO
CUST_CONT_EML_DOC,X_CUST_CONT_EML_DOC_1,NONCLUSTERED,YES,NO,CUSTOMER_ID,1,NO
CUST_CONT_EML_DOC,X_CUST_CONT_EML_DOC_1,NONCLUSTERED,YES,NO,CONTACT_NO,2,NO
CUST_CONT_EML_DOC,X_CUST_CONT_EML_DOC_1,NONCLUSTERED,YES,NO,DOCUMENT_TYPE,3,NO
CUST_CONT_EML_DOC,X_CUST_CONT_EML_DOC_1,NONCLUSTERED,YES,NO,SITE_ID,4,NO
CUST_CONTACT,PK_CUST_CONTACT,CLUSTERED,YES,YES,CUSTOMER_ID,1,NO
CUST_CONTACT,PK_CUST_CONTACT,CLUSTERED,YES,YES,CONTACT_ID,2,NO
CUST_GROUP_RELATION,PK_CUST_GROUP_RELATION,CLUSTERED,YES,YES,GROUP_ID,1,NO
CUST_GROUP_RELATION,PK_CUST_GROUP_RELATION,CLUSTERED,YES,YES,CUSTOMER_ID,2,NO
CUST_LINE_BILLING,PK_CUST_LINE_BILLING,CLUSTERED,YES,YES,CUST_ORDER_ID,1,NO
CUST_LINE_BILLING,PK_CUST_LINE_BILLING,CLUSTERED,YES,YES,CUST_ORDER_LINE_NO,2,NO
CUST_LINE_BILLING,PK_CUST_LINE_BILLING,CLUSTERED,YES,YES,EVENT_SEQ_NO,3,NO
CUST_LINE_BINARY,PK_CUST_LINE_BINARY,CLUSTERED,YES,YES,CUST_ORDER_ID,1,NO
CUST_LINE_BINARY,PK_CUST_LINE_BINARY,CLUSTERED,YES,YES,CUST_ORDER_LINE_NO,2,NO
CUST_LINE_BINARY,PK_CUST_LINE_BINARY,CLUSTERED,YES,YES,TYPE,3,NO
CUST_LINE_BINARY,X_CL_BINARY_1,NONCLUSTERED,NO,NO,CUST_ORDER_ID,1,NO
CUST_LINE_BINARY,X_CL_BINARY_1,NONCLUSTERED,NO,NO,CUST_ORDER_LINE_NO,2,NO
CUST_LINE_DEL,PK_CUST_LINE_DEL,CLUSTERED,YES,YES,CUST_ORDER_ID,1,NO
CUST_LINE_DEL,PK_CUST_LINE_DEL,CLUSTERED,YES,YES,CUST_ORDER_LINE_NO,2,NO
CUST_LINE_DEL,PK_CUST_LINE_DEL,CLUSTERED,YES,YES,DEL_SCHED_LINE_NO,3,NO
CUST_LINE_DEL,X_CUST_LINE_DEL_1,NONCLUSTERED,NO,NO,WAREHOUSE_ID,1,NO
CUST_LINE_TRC_CTL,PK_CUST_LINE_TRC_CTL,CLUSTERED,YES,YES,CUST_ORDER_ID,1,NO
CUST_LINE_TRC_CTL,PK_CUST_LINE_TRC_CTL,CLUSTERED,YES,YES,CUST_ORDER_LINE_NO,2,NO
CUST_ORD_PRICING_BIN,PK_CUST_ORD_PRICING_BIN,CLUSTERED,YES,YES,CUST_ORDER_ID,1,NO
CUST_ORD_PRICING_BIN,PK_CUST_ORD_PRICING_BIN,CLUSTERED,YES,YES,TYPE,2,NO
CUST_ORD_TYPE_SYNC,PK_CUST_ORD_TYPE_SYNC,CLUSTERED,YES,YES,EVENT_ID,1,NO
CUST_ORDER_ALLOC,X_CUST_ORDER_ALLOC_1,NONCLUSTERED,NO,NO,SITE_ID,1,NO
CUST_ORDER_ALLOC,X_CUST_ORDER_ALLOC_1,NONCLUSTERED,NO,NO,SCHEDULE_ID,2,NO
CUST_ORDER_ALLOC,X_CUST_ORDER_ALLOC_1,NONCLUSTERED,NO,NO,PART_ID,3,NO
CUST_ORDER_ALLOC,X_CUST_ORDER_ALLOC_1,NONCLUSTERED,NO,NO,ORDER_ID,4,NO
CUST_ORDER_ALLOC,X_CUST_ORDER_ALLOC_1,NONCLUSTERED,NO,NO,ORDER_LINE_NO,5,NO
CUST_ORDER_ALLOC,X_CUST_ORDER_ALLOC_1,NONCLUSTERED,NO,NO,BASE_ID,6,NO
CUST_ORDER_ALLOC,X_CUST_ORDER_ALLOC_1,NONCLUSTERED,NO,NO,LOT_ID,7,NO
CUST_ORDER_ALLOC,X_CUST_ORDER_ALLOC_1,NONCLUSTERED,NO,NO,SPLIT_ID,8,NO
CUST_ORDER_ALLOC,X_CUST_ORDER_ALLOC_2,NONCLUSTERED,NO,NO,SITE_ID,1,NO
CUST_ORDER_ALLOC,X_CUST_ORDER_ALLOC_2,NONCLUSTERED,NO,NO,SCHEDULE_ID,2,NO
CUST_ORDER_ALLOC,X_CUST_ORDER_ALLOC_3,NONCLUSTERED,NO,NO,SITE_ID,1,NO
CUST_ORDER_ALLOC,X_CUST_ORDER_ALLOC_3,NONCLUSTERED,NO,NO,SCHEDULE_ID,2,NO
CUST_ORDER_ALLOC,X_CUST_ORDER_ALLOC_3,NONCLUSTERED,NO,NO,THROUGHPUT_DATE,3,NO
CUST_ORDER_ALLOC,X_CUST_ORDER_ALLOC_4,NONCLUSTERED,NO,NO,SITE_ID,1,NO
CUST_ORDER_ALLOC,X_CUST_ORDER_ALLOC_4,NONCLUSTERED,NO,NO,PART_ID,2,NO
CUST_ORDER_ALLOC,X_CUST_ORDER_ALLOC_5,NONCLUSTERED,NO,NO,SITE_ID,1,NO
CUST_ORDER_ALLOC,X_CUST_ORDER_ALLOC_5,NONCLUSTERED,NO,NO,SCHEDULE_ID,2,NO
CUST_ORDER_ALLOC,X_CUST_ORDER_ALLOC_5,NONCLUSTERED,NO,NO,PART_ID,3,NO
CUST_ORDER_ALLOC,X_CUST_ORDER_ALLOC_6,NONCLUSTERED,NO,NO,SITE_ID,1,NO
CUST_ORDER_ALLOC,X_CUST_ORDER_ALLOC_6,NONCLUSTERED,NO,NO,SCHEDULE_ID,2,NO
CUST_ORDER_ALLOC,X_CUST_ORDER_ALLOC_6,NONCLUSTERED,NO,NO,DEMAND_TYPE,3,NO
CUST_ORDER_ALLOC,X_CUST_ORDER_ALLOC_6,NONCLUSTERED,NO,NO,ORDER_ID,4,NO
CUST_ORDER_ALLOC,X_CUST_ORDER_ALLOC_6,NONCLUSTERED,NO,NO,ORDER_LINE_NO,5,NO
CUST_ORDER_ALLOC,X_CUST_ORDER_ALLOC_7,NONCLUSTERED,NO,NO,SITE_ID,1,NO
CUST_ORDER_ALLOC,X_CUST_ORDER_ALLOC_7,NONCLUSTERED,NO,NO,SCHEDULE_ID,2,NO
CUST_ORDER_ALLOC,X_CUST_ORDER_ALLOC_7,NONCLUSTERED,NO,NO,DEMAND_TYPE,3,NO
CUST_ORDER_ALLOC,X_CUST_ORDER_ALLOC_7,NONCLUSTERED,NO,NO,ORDER_ID,4,NO
CUST_ORDER_ALLOC,X_CUST_ORDER_ALLOC_7,NONCLUSTERED,NO,NO,ORDER_LINE_NO,5,NO
CUST_ORDER_ALLOC,X_CUST_ORDER_ALLOC_7,NONCLUSTERED,NO,NO,ORDER_DEL_NO,6,NO
CUST_ORDER_ALLOC,X_CUST_ORDER_ALLOC_8,NONCLUSTERED,NO,NO,SITE_ID,1,NO
CUST_ORDER_ALLOC,X_CUST_ORDER_ALLOC_8,NONCLUSTERED,NO,NO,SCHEDULE_ID,2,NO
CUST_ORDER_ALLOC,X_CUST_ORDER_ALLOC_8,NONCLUSTERED,NO,NO,SUPPLY_TYPE,3,NO
CUST_ORDER_ALLOC,X_CUST_ORDER_ALLOC_8,NONCLUSTERED,NO,NO,BASE_ID,4,NO
CUST_ORDER_ALLOC,X_CUST_ORDER_ALLOC_8,NONCLUSTERED,NO,NO,LOT_ID,5,NO
CUST_ORDER_ALLOC,X_CUST_ORDER_ALLOC_8,NONCLUSTERED,NO,NO,SPLIT_ID,6,NO
CUST_ORDER_ALLOC,X_CUST_ORDER_ALLOC_9,NONCLUSTERED,NO,NO,SITE_ID,1,NO
CUST_ORDER_ALLOC,X_CUST_ORDER_ALLOC_9,NONCLUSTERED,NO,NO,SCHEDULE_ID,2,NO
CUST_ORDER_ALLOC,X_CUST_ORDER_ALLOC_9,NONCLUSTERED,NO,NO,SUPPLY_TYPE,3,NO
CUST_ORDER_ALLOC,X_CUST_ORDER_ALLOC_9,NONCLUSTERED,NO,NO,BASE_ID,4,NO
CUST_ORDER_ALLOC,X_CUST_ORDER_ALLOC_9,NONCLUSTERED,NO,NO,PURC_LINE_NO,5,NO
CUST_ORDER_ALLOC,X_CUST_ORDER_ALLOC_9,NONCLUSTERED,NO,NO,PURC_DEL_NO,6,NO
CUST_ORDER_BINARY,PK_CUST_ORDER_BINARY,CLUSTERED,YES,YES,CUST_ORDER_ID,1,NO
CUST_ORDER_BINARY,PK_CUST_ORDER_BINARY,CLUSTERED,YES,YES,TYPE,2,NO
CUST_ORDER_CURR,PK_CUST_ORD_CURR,CLUSTERED,YES,YES,CUST_ORDER_ID,1,NO
CUST_ORDER_CURR,PK_CUST_ORD_CURR,CLUSTERED,YES,YES,CURRENCY_ID,2,NO
CUST_ORDER_LINE,PK_CUST_ORDER_LINE,CLUSTERED,YES,YES,CUST_ORDER_ID,1,NO
CUST_ORDER_LINE,PK_CUST_ORDER_LINE,CLUSTERED,YES,YES,LINE_NO,2,NO
CUST_ORDER_LINE,X_ORDER_LINE_2,NONCLUSTERED,NO,NO,PART_ID,1,NO
CUST_ORDER_LINE,X_ORDER_LINE_2,NONCLUSTERED,NO,NO,LINE_STATUS,2,NO
CUST_ORDER_LINE,X_ORDER_LINE_2,NONCLUSTERED,NO,NO,DESIRED_SHIP_DATE,3,NO
CUST_ORDER_LINE,X_ORDER_LINE_3,NONCLUSTERED,NO,NO,SALES_TAX_GROUP_ID,1,NO
CUST_ORDER_LINE,X_ORDER_LINE_4,NONCLUSTERED,NO,NO,CUSTOMER_PART_ID,1,NO
CUST_ORDER_LINE,X_ORDER_LINE_5,NONCLUSTERED,NO,NO,SELLING_UM,1,NO
CUST_ORDER_LINE,X_ORDER_LINE_6,NONCLUSTERED,NO,NO,WAREHOUSE_ID,1,NO
CUST_ORDER_SHARE,PK_CUST_ORDER_SHARE,CLUSTERED,YES,YES,CUST_ORDER_ID,1,NO
CUST_ORDER_SHARE,PK_CUST_ORDER_SHARE,CLUSTERED,YES,YES,SHARE_SALESREP_ID,2,NO
CUST_ORDER_SHARE,X_CUSTORD_SHARE_1,NONCLUSTERED,NO,NO,SHARE_SALESREP_ID,1,NO
CUST_ORDER_SHARE,X_CUSTORD_SHARE_1,NONCLUSTERED,NO,NO,CUST_ORDER_ID,2,NO
CUST_ORDER_SYNC,PK_CO_SYNC,CLUSTERED,YES,YES,EVENT_ID,1,NO
CUST_ORDER_TYPE,PK_CUST_ORD_TYPE,CLUSTERED,YES,YES,TYPE,1,NO
CUST_ORDL_WIP_VAS,PK_CO_LN_WIPVAS,CLUSTERED,YES,YES,CUST_ORDER_ID,1,NO
CUST_ORDL_WIP_VAS,PK_CO_LN_WIPVAS,CLUSTERED,YES,YES,CUST_ORDER_LINE_NO,2,NO
CUST_ORDL_WIP_VAS,PK_CO_LN_WIPVAS,CLUSTERED,YES,YES,WIP_VAS_ID,3,NO
CUST_PRICE_EFFECT,PK_CUST_PRICE_EFFECT,CLUSTERED,YES,YES,CUSTOMER_ID,1,NO
CUST_PRICE_EFFECT,PK_CUST_PRICE_EFFECT,CLUSTERED,YES,YES,PART_ID,2,NO
CUST_PRICE_EFFECT,PK_CUST_PRICE_EFFECT,CLUSTERED,YES,YES,SELLING_UM,3,NO
CUST_PRICE_EFFECT,PK_CUST_PRICE_EFFECT,CLUSTERED,YES,YES,CREATE_DATE,4,NO
CUST_PRICE_GROUP,PK_CUST_PRICE_GROUP,CLUSTERED,YES,YES,CODE,1,NO
CUST_PRIORITY,PK_CUST_PRIORITY,CLUSTERED,YES,YES,PRIORITY_CODE,1,NO
CUST_SHIP_CHG_ACCT,PK_CUST_SHIP_CHG_ACCT,CLUSTERED,YES,YES,CUSTOMER_ID,1,NO
CUST_SHIP_CHG_ACCT,PK_CUST_SHIP_CHG_ACCT,CLUSTERED,YES,YES,SHIP_VIA,2,NO
CUST_WIP_VAS,PK_CUST_WIP_VAS,CLUSTERED,YES,YES,CUSTOMER_ID,1,NO
CUST_WIP_VAS,PK_CUST_WIP_VAS,CLUSTERED,YES,YES,PART_ID,2,NO
CUST_WIP_VAS,PK_CUST_WIP_VAS,CLUSTERED,YES,YES,WIP_VAS_ID,3,NO
CUSTOMER,PK_CUSTOMER,CLUSTERED,YES,YES,ID,1,NO
CUSTOMER,X_CUSTOMER_1,NONCLUSTERED,NO,NO,DISCOUNT_CODE,1,NO
CUSTOMER,X_CUSTOMER_2,NONCLUSTERED,NO,NO,CURRENCY_ID,1,NO
CUSTOMER,X_CUSTOMER_4,NONCLUSTERED,NO,NO,DEF_SLS_TAX_GRP_ID,1,NO
CUSTOMER_BANK,PK_CUST_BANK,CLUSTERED,YES,YES,CUSTOMER_ID,1,NO
CUSTOMER_BANK,PK_CUST_BANK,CLUSTERED,YES,YES,BANK_ID,2,NO
CUSTOMER_BINARY,PK_CUSTOMER_BINARY,CLUSTERED,YES,YES,CUSTOMER_ID,1,NO
CUSTOMER_BINARY,PK_CUSTOMER_BINARY,CLUSTERED,YES,YES,TYPE,2,NO
CUSTOMER_BOOKINGS,PK_CUSTOMER_BOOKINGS,CLUSTERED,YES,YES,CUST_ORDER_ID,1,NO
CUSTOMER_BOOKINGS,PK_CUSTOMER_BOOKINGS,CLUSTERED,YES,YES,BOOK_DATE,2,NO
CUSTOMER_CONTACT,PK_CUSTOMER_CONTACT,CLUSTERED,YES,YES,CUSTOMER_ID,1,NO
CUSTOMER_CONTACT,PK_CUSTOMER_CONTACT,CLUSTERED,YES,YES,CONTACT_NO,2,NO
CUSTOMER_DISCOUNT,PK_CUSTOMER_DISCOUNT,CLUSTERED,YES,YES,DISCOUNT_CODE,1,NO
CUSTOMER_ENTITY,PK_CUSTOMER_ENTITY,CLUSTERED,YES,YES,ENTITY_ID,1,NO
CUSTOMER_ENTITY,PK_CUSTOMER_ENTITY,CLUSTERED,YES,YES,CUSTOMER_ID,2,NO
CUSTOMER_FORECAST,X_CUST_FORECAST_0,NONCLUSTERED,YES,NO,CUSTOMER_ID,1,NO
CUSTOMER_FORECAST,X_CUST_FORECAST_0,NONCLUSTERED,YES,NO,FORECAST_ID,2,NO
CUSTOMER_FORECAST,X_CUST_FORECAST_0,NONCLUSTERED,YES,NO,PART_ID,3,NO
CUSTOMER_FORECAST,X_CUST_FORECAST_0,NONCLUSTERED,YES,NO,REQUIRED_DATE,4,NO
CUSTOMER_FORECAST,X_CUST_FORECAST_0,NONCLUSTERED,YES,NO,WAREHOUSE_ID,5,NO
CUSTOMER_FORECAST,X_CUST_FORECAST_0,NONCLUSTERED,YES,NO,SITE_ID,6,NO
CUSTOMER_FORECAST,X_CUST_FORECAST_1,NONCLUSTERED,NO,NO,PART_ID,1,NO
CUSTOMER_FORECAST,X_CUST_FORECAST_2,NONCLUSTERED,NO,NO,CUSTOMER_ID,1,NO
CUSTOMER_GROUP,PK_CUST_GROUP,CLUSTERED,YES,YES,ID,1,NO
CUSTOMER_ORDER,PK_CUSTOMER_ORDER,CLUSTERED,YES,YES,ID,1,NO
CUSTOMER_ORDER,X_CUST_ORDER_1,NONCLUSTERED,NO,NO,SITE_ID,1,NO
CUSTOMER_ORDER,X_CUST_ORDER_2,NONCLUSTERED,NO,NO,CUSTOMER_PO_REF,1,NO
CUSTOMER_ORDER,X_CUST_ORDER_3,NONCLUSTERED,NO,NO,POSTING_CANDIDATE,1,NO
CUSTOMER_ORDER,X_CUST_ORDER_4,NONCLUSTERED,NO,NO,CUSTOMER_ID,1,NO
CUSTOMER_ORDER,X_CUST_ORDER_5,NONCLUSTERED,NO,NO,CUSTOMER_ID,1,NO
CUSTOMER_ORDER,X_CUST_ORDER_5,NONCLUSTERED,NO,NO,SHIP_TO_ADDR_NO,2,NO
CUSTOMER_ORDER,X_CUST_ORDER_6,NONCLUSTERED,NO,NO,SALESREP_ID,1,NO
CUSTOMER_ORDER,X_CUST_ORDER_7,NONCLUSTERED,NO,NO,SALES_TAX_GROUP_ID,1,NO
CUSTOMER_ORDER,X_CUST_ORDER_8,NONCLUSTERED,NO,NO,WAREHOUSE_ID,1,NO
CUSTOMER_PRICE,PK_CUSTOMER_PRICE,CLUSTERED,YES,YES,CUSTOMER_ID,1,NO
CUSTOMER_PRICE,PK_CUSTOMER_PRICE,CLUSTERED,YES,YES,PART_ID,2,NO
CUSTOMER_PRICE,PK_CUSTOMER_PRICE,CLUSTERED,YES,YES,SELLING_UM,3,NO
CUSTOMER_PRICE,X_CUST_PRICE_1,NONCLUSTERED,NO,NO,PART_ID,1,NO
CUSTOMER_PRICE,X_CUST_PRICE_1,NONCLUSTERED,NO,NO,SELLING_UM,2,NO
CUSTOMER_PRICE,X_CUST_PRICE_1,NONCLUSTERED,NO,NO,CUSTOMER_ID,3,NO
CUSTOMER_PRICE,X_CUST_PRICE_2,NONCLUSTERED,NO,NO,CUSTOMER_PART_ID,1,NO
CUSTOMER_PRICE,X_CUST_PRICE_2,NONCLUSTERED,NO,NO,CUSTOMER_ID,2,NO
CUSTOMER_PRICE,X_CUST_PRICE_3,NONCLUSTERED,NO,NO,SELLING_UM,1,NO
CUSTOMER_RELATION,PK_CUSTOMER_RELATION,CLUSTERED,YES,YES,OWNER_CUST_ID,1,NO
CUSTOMER_RELATION,PK_CUSTOMER_RELATION,CLUSTERED,YES,YES,SELL_TO_CUST_ID,2,NO
CUSTOMER_SITE,PK_CUSTOMER_SITE,CLUSTERED,YES,YES,SITE_ID,1,NO
CUSTOMER_SITE,PK_CUSTOMER_SITE,CLUSTERED,YES,YES,CUSTOMER_ID,2,NO
CUSTOMER_SYNC,PK_CUST_SYNC,CLUSTERED,YES,YES,EVENT_ID,1,NO
CUSTOMER_TYPE,PK_CUSTOMER_TYPE,CLUSTERED,YES,YES,TYPE,1,NO
CYCLE_COUNT_PART,PK_CYCLE_COUNT_PART,CLUSTERED,YES,YES,PART_ID,1,NO
CYCLE_COUNT_PART,PK_CYCLE_COUNT_PART,CLUSTERED,YES,YES,WAREHOUSE_ID,2,NO
CYCLE_COUNT_PART,X_CYC_CNT_PART_1,NONCLUSTERED,NO,NO,WAREHOUSE_ID,1,NO
DASHBOARD_ITEM_AUTHORITY,PK_DASHBOARD_ITEM_AUTHORITY,CLUSTERED,YES,YES,USER_ID,1,NO
DASHBOARD_ITEM_AUTHORITY,PK_DASHBOARD_ITEM_AUTHORITY,CLUSTERED,YES,YES,ITEM_TYPE,2,NO
DASHBOARD_ITEM_AUTHORITY,PK_DASHBOARD_ITEM_AUTHORITY,CLUSTERED,YES,YES,ITEM_ID,3,NO
DATA_EXPORT,PK_DATA_EXPORT,CLUSTERED,YES,YES,ID,1,NO
DATA_EXPORT,PK_DATA_EXPORT,CLUSTERED,YES,YES,TYPE,2,NO
DATA_EXPORT,PK_DATA_EXPORT,CLUSTERED,YES,YES,CONTEXT,3,NO
DATA_EXPORT,PK_DATA_EXPORT,CLUSTERED,YES,YES,START_AT,4,NO
DBR_EVENT_DETECT,X_DBR_EV_DETECT_0,NONCLUSTERED,NO,NO,SITE_ID,1,NO
DBR_EVENT_DETECT,X_DBR_EV_DETECT_0,NONCLUSTERED,NO,NO,EVENT_ACTION,2,NO
DBR_EVENT_DETECT,X_DBR_EV_DETECT_0,NONCLUSTERED,NO,NO,EVENT_CLASS,3,NO
DBR_EVENT_TRIGGER,PK_DBR_EVENT_TRIGGER,CLUSTERED,YES,YES,SITE_ID,1,NO
DBR_EVENT_TRIGGER,PK_DBR_EVENT_TRIGGER,CLUSTERED,YES,YES,EVENT_CLASS,2,NO
DBR_EVENT_TRIGGER,PK_DBR_EVENT_TRIGGER,CLUSTERED,YES,YES,EVENT_ACTION,3,NO
DBR_SETTINGS,PK_DBR_SETTINGS,CLUSTERED,YES,YES,SITE_ID,1,NO
DBR_SETTINGS,PK_DBR_SETTINGS,CLUSTERED,YES,YES,CCR_ID,2,NO
DBR_SETTINGS,X_DBRSETTINGS_1,NONCLUSTERED,YES,NO,SITE_ID,1,NO
DBR_SETTINGS,X_DBRSETTINGS_1,NONCLUSTERED,YES,NO,RANK,2,NO
DBR_STATUS,X_DBRSTATUS_0,NONCLUSTERED,NO,NO,CCR_ID,1,NO
DBR_STATUS,X_DBRSTATUS_0,NONCLUSTERED,NO,NO,STATUS_TYPE,2,NO
DBR_STATUS,X_DBRSTATUS_0,NONCLUSTERED,NO,NO,STATUS_DATE,3,NO
DECISION_PARAMS,PK_DECISION_PARAMS,CLUSTERED,YES,YES,PARAM_ID,1,NO
DEF_SHIPPING_LBL,PK_DEF_SHIPPING_LBL,CLUSTERED,YES,YES,PART_ID,1,NO
DEF_SHIPPING_LBL,PK_DEF_SHIPPING_LBL,CLUSTERED,YES,YES,CUSTOMER_ID,2,NO
DEF_SHIPPING_LBL,PK_DEF_SHIPPING_LBL,CLUSTERED,YES,YES,SHIPTO_ADDR_NO,3,NO
DEFAULT_DATA,PK_DEFAULT_DATA,CLUSTERED,YES,YES,SITE_ID,1,NO
DEFAULT_DATA,PK_DEFAULT_DATA,CLUSTERED,YES,YES,USER_ID,2,NO
DEFAULT_DATA,PK_DEFAULT_DATA,CLUSTERED,YES,YES,TABLE_NAME,3,NO
DEFAULT_DATA,PK_DEFAULT_DATA,CLUSTERED,YES,YES,COLUMN_NAME,4,NO
DEMAND_FORECAST,X_DEMAND_FORECAST_0,NONCLUSTERED,YES,NO,PART_ID,1,NO
DEMAND_FORECAST,X_DEMAND_FORECAST_0,NONCLUSTERED,YES,NO,REQUIRED_DATE,2,NO
DEMAND_FORECAST,X_DEMAND_FORECAST_0,NONCLUSTERED,YES,NO,WAREHOUSE_ID,3,NO
DEMAND_FORECAST,X_DEMAND_FORECAST_1,NONCLUSTERED,YES,NO,SITE_ID,1,NO
DEMAND_FORECAST,X_DEMAND_FORECAST_1,NONCLUSTERED,YES,NO,PART_ID,2,NO
DEMAND_FORECAST,X_DEMAND_FORECAST_1,NONCLUSTERED,YES,NO,REQUIRED_DATE,3,NO
DEMAND_FORECAST,X_DEMAND_FORECAST_1,NONCLUSTERED,YES,NO,WAREHOUSE_ID,4,NO
DEMAND_SUPPLY_LINK,PK_DEMAND_SUPPLY,CLUSTERED,YES,YES,ID,1,NO
DEMAND_SUPPLY_LINK,X_DEMAND_SUPPLY_1,NONCLUSTERED,YES,NO,DEMAND_TYPE,1,NO
DEMAND_SUPPLY_LINK,X_DEMAND_SUPPLY_1,NONCLUSTERED,YES,NO,DEMAND_BASE_ID,2,NO
DEMAND_SUPPLY_LINK,X_DEMAND_SUPPLY_1,NONCLUSTERED,YES,NO,DEMAND_LOT_ID,3,NO
DEMAND_SUPPLY_LINK,X_DEMAND_SUPPLY_1,NONCLUSTERED,YES,NO,DEMAND_SPLIT_ID,4,NO
DEMAND_SUPPLY_LINK,X_DEMAND_SUPPLY_1,NONCLUSTERED,YES,NO,DEMAND_SUB_ID,5,NO
DEMAND_SUPPLY_LINK,X_DEMAND_SUPPLY_1,NONCLUSTERED,YES,NO,DEMAND_SEQ_NO,6,NO
DEMAND_SUPPLY_LINK,X_DEMAND_SUPPLY_1,NONCLUSTERED,YES,NO,DEMAND_NO,7,NO
DEMAND_SUPPLY_LINK,X_DEMAND_SUPPLY_1,NONCLUSTERED,YES,NO,SUPPLY_TYPE,8,NO
DEMAND_SUPPLY_LINK,X_DEMAND_SUPPLY_1,NONCLUSTERED,YES,NO,SUPPLY_BASE_ID,9,NO
DEMAND_SUPPLY_LINK,X_DEMAND_SUPPLY_1,NONCLUSTERED,YES,NO,SUPPLY_LOT_ID,10,NO
DEMAND_SUPPLY_LINK,X_DEMAND_SUPPLY_1,NONCLUSTERED,YES,NO,SUPPLY_SPLIT_ID,11,NO
DEMAND_SUPPLY_LINK,X_DEMAND_SUPPLY_1,NONCLUSTERED,YES,NO,SUPPLY_SUB_ID,12,NO
DEMAND_SUPPLY_LINK,X_DEMAND_SUPPLY_1,NONCLUSTERED,YES,NO,SUPPLY_SEQ_NO,13,NO
DEMAND_SUPPLY_LINK,X_DEMAND_SUPPLY_1,NONCLUSTERED,YES,NO,SUPPLY_NO,14,NO
DEMAND_SUPPLY_LINK,X_DEMAND_SUPPLY_1,NONCLUSTERED,YES,NO,SUPPLY_PART_ID,15,NO
DEMAND_SUPPLY_LINK,X_DEMAND_SUPPLY_2,NONCLUSTERED,NO,NO,WAREHOUSE_ID,1,NO
DEMAND_SUPPLY_LINK,X_DEMAND_SUPPLY_2,NONCLUSTERED,NO,NO,DEMAND_PART_ID,2,NO
DEMAND_SUPPLY_LINK,X_DEMAND_SUPPLY_2,NONCLUSTERED,NO,NO,SUPPLY_PART_ID,3,NO
DEMAND_SUPPLY_LINK,X_DEMAND_SUPPLY_3,NONCLUSTERED,YES,NO,SUPPLY_TYPE,1,NO
DEMAND_SUPPLY_LINK,X_DEMAND_SUPPLY_3,NONCLUSTERED,YES,NO,SUPPLY_BASE_ID,2,NO
DEMAND_SUPPLY_LINK,X_DEMAND_SUPPLY_3,NONCLUSTERED,YES,NO,SUPPLY_LOT_ID,3,NO
DEMAND_SUPPLY_LINK,X_DEMAND_SUPPLY_3,NONCLUSTERED,YES,NO,SUPPLY_SPLIT_ID,4,NO
DEMAND_SUPPLY_LINK,X_DEMAND_SUPPLY_3,NONCLUSTERED,YES,NO,SUPPLY_SUB_ID,5,NO
DEMAND_SUPPLY_LINK,X_DEMAND_SUPPLY_3,NONCLUSTERED,YES,NO,SUPPLY_SEQ_NO,6,NO
DEMAND_SUPPLY_LINK,X_DEMAND_SUPPLY_3,NONCLUSTERED,YES,NO,SUPPLY_NO,7,NO
DEMAND_SUPPLY_LINK,X_DEMAND_SUPPLY_3,NONCLUSTERED,YES,NO,ID,8,NO
DEMAND_SUPPLY_LINK,X_DEMAND_SUPPLY_4,NONCLUSTERED,NO,NO,DEMAND_BASE_ID,1,NO
DEMAND_SUPPLY_LINK,X_DEMAND_SUPPLY_4,NONCLUSTERED,NO,NO,DEMAND_SEQ_NO,2,NO
DEMAND_SUPPLY_LINK,X_DEMAND_SUPPLY_5,NONCLUSTERED,NO,NO,SUPPLY_BASE_ID,1,NO
DEMAND_SUPPLY_LINK,X_DEMAND_SUPPLY_5,NONCLUSTERED,NO,NO,SUPPLY_SEQ_NO,2,NO
DEMAND_SUPPLY_LINK,X_DEMAND_SUPPLY_6,NONCLUSTERED,NO,NO,SUPPLY_BASE_ID,1,NO
DEMAND_SUPPLY_LINK,X_DEMAND_SUPPLY_6,NONCLUSTERED,NO,NO,SUPPLY_PART_ID,2,NO
DEMSUP_SUMMARY,PK_DEMSUP_SUM,CLUSTERED,YES,YES,SPID,1,NO
DEMSUP_SUMMARY,PK_DEMSUP_SUM,CLUSTERED,YES,YES,ID,2,NO
DEPARTMENT,PK_DEPARTMENT,CLUSTERED,YES,YES,ID,1,NO
DETAIL_TABLE,PK_DETAIL_TABLE,CLUSTERED,YES,YES,SUMMARY_TABLE_ID,1,NO
DETAIL_TABLE,PK_DETAIL_TABLE,CLUSTERED,YES,YES,LINE_NO,2,NO
DEVIATION,PK_DEVIATION,CLUSTERED,YES,YES,ID,1,NO
DEVIATION_REASON,PK_DEVIATION_REASON,CLUSTERED,YES,YES,ID,1,NO
DIMENSION_DESC,PK_DIMENSION_DESC,CLUSTERED,YES,YES,DIMENSION_DESC,1,NO
DISCOUNT_PRICE,PK_DISCOUNT_PRICE,CLUSTERED,YES,YES,DISCOUNT_CODE,1,NO
DISCOUNT_PRICE,PK_DISCOUNT_PRICE,CLUSTERED,YES,YES,SITE_ID,2,NO
DISCOUNT_PRICE,PK_DISCOUNT_PRICE,CLUSTERED,YES,YES,PART_ID,3,NO
DISCOUNT_PRICE,PK_DISCOUNT_PRICE,CLUSTERED,YES,YES,SELLING_UM,4,NO
DISCOUNT_PRICE,X_DISC_PRICE_1,NONCLUSTERED,NO,NO,PART_ID,1,NO
DISCOUNT_PRICE,X_DISC_PRICE_1,NONCLUSTERED,NO,NO,SELLING_UM,2,NO
DISCOUNT_PRICE,X_DISC_PRICE_1,NONCLUSTERED,NO,NO,DISCOUNT_CODE,3,NO
DISCOUNT_PRICE,X_DISC_PRICE_2,NONCLUSTERED,NO,NO,SELLING_UM,1,NO
DISPATCH_PALLET,PK_DISPATCH_PALLET,CLUSTERED,YES,YES,DISPATCH_ID,1,NO
DISPATCH_PALLET,PK_DISPATCH_PALLET,CLUSTERED,YES,YES,DISPATCH_LINE_NO,2,NO
DISPATCH_PALLET,PK_DISPATCH_PALLET,CLUSTERED,YES,YES,PALLET_ID,3,NO
DISTRIBUTION,PK_DISTRIBUTION,CLUSTERED,YES,YES,ID,1,NO
DISTRIBUTION_LINE,PK_DISTRIBUTION_LINE,CLUSTERED,YES,YES,DISTRIBUTION_ID,1,NO
DISTRIBUTION_LINE,PK_DISTRIBUTION_LINE,CLUSTERED,YES,YES,LINE_NO,2,NO
DIVISION,PK_DIVISION,CLUSTERED,YES,YES,CODE,1,NO
DOC_CATEGORY,PK_DOC_CATEGORY,CLUSTERED,YES,YES,ID,1,NO
DOCUMENT,PK_DOCUMENT,CLUSTERED,YES,YES,ID,1,NO
DOCUMENT_DEFLT_REF_TYPE,PK_DOCUMENT_DEFLT_REF_TYPE,CLUSTERED,YES,YES,SITE_ID,1,NO
DOCUMENT_DEFLT_REF_TYPE,PK_DOCUMENT_DEFLT_REF_TYPE,CLUSTERED,YES,YES,DOCUMENT_SRC_TYPE,2,NO
DOCUMENT_DEFLT_REF_TYPE,PK_DOCUMENT_DEFLT_REF_TYPE,CLUSTERED,YES,YES,REFERENCE_TYPE,3,NO
DOCUMENT_REF_EAC,PK_DOCUMENT_REF_EAC,CLUSTERED,YES,YES,PROJECT_ID,1,NO
DOCUMENT_REF_EAC,PK_DOCUMENT_REF_EAC,CLUSTERED,YES,YES,EAC_VERSION,2,NO
DOCUMENT_REF_EAC,PK_DOCUMENT_REF_EAC,CLUSTERED,YES,YES,DOCUMENT_ID,3,NO
DOCUMENT_REF_EAC,X_DOC_REF_EAC_0,NONCLUSTERED,YES,NO,PROJECT_ID,1,NO
DOCUMENT_REF_EAC,X_DOC_REF_EAC_0,NONCLUSTERED,YES,NO,EAC_VERSION,2,NO
DOCUMENT_REF_EAC,X_DOC_REF_EAC_0,NONCLUSTERED,YES,NO,DOCUMENT_ID,3,NO
DOCUMENT_REF_PATH,PK_DOCUMENT_REF_PATH,CLUSTERED,YES,YES,SITE_ID,1,NO
DOCUMENT_REF_PATH,PK_DOCUMENT_REF_PATH,CLUSTERED,YES,YES,ID,2,NO
DOCUMENT_REF_WF,PK_DOCUMENT_REF_WF,CLUSTERED,YES,YES,WORKFLOW_TYPE,1,NO
DOCUMENT_REF_WF,PK_DOCUMENT_REF_WF,CLUSTERED,YES,YES,APPLICATION_AREA,2,NO
DOCUMENT_REF_WF,PK_DOCUMENT_REF_WF,CLUSTERED,YES,YES,TEMPLATE_NAME,3,NO
DOCUMENT_REF_WF,PK_DOCUMENT_REF_WF,CLUSTERED,YES,YES,REFERENCE,4,NO
DOCUMENT_REF_WF,PK_DOCUMENT_REF_WF,CLUSTERED,YES,YES,WORKFLOW_BOX_LABEL,5,NO
DOCUMENT_REF_WF,PK_DOCUMENT_REF_WF,CLUSTERED,YES,YES,doc_num,6,NO
DOCUMENT_REF_WF,X_DOC_REF_WF_2,NONCLUSTERED,NO,NO,doc_num,1,NO
DOCUMENT_REF_WO,PK_DOCUMENT_REF_WO,CLUSTERED,YES,YES,WORKORDER_TYPE,1,NO
DOCUMENT_REF_WO,PK_DOCUMENT_REF_WO,CLUSTERED,YES,YES,WORKORDER_BASE_ID,2,NO
DOCUMENT_REF_WO,PK_DOCUMENT_REF_WO,CLUSTERED,YES,YES,WORKORDER_LOT_ID,3,NO
DOCUMENT_REF_WO,PK_DOCUMENT_REF_WO,CLUSTERED,YES,YES,WORKORDER_SPLIT_ID,4,NO
DOCUMENT_REF_WO,PK_DOCUMENT_REF_WO,CLUSTERED,YES,YES,WORKORDER_SUB_ID,5,NO
DOCUMENT_REF_WO,PK_DOCUMENT_REF_WO,CLUSTERED,YES,YES,SEQUENCE_NO,6,NO
DOCUMENT_REF_WO,PK_DOCUMENT_REF_WO,CLUSTERED,YES,YES,PIECE_NO,7,NO
DOCUMENT_REF_WO,PK_DOCUMENT_REF_WO,CLUSTERED,YES,YES,DOCUMENT_ID,8,NO
DOCUMENT_REFERENCE,PK_DOCUMENT_REFERENCE,CLUSTERED,YES,YES,ID,1,NO
DOCUMENT_REFERENCE,PK_DOCUMENT_REFERENCE,CLUSTERED,YES,YES,DOCUMENT_ID,2,NO
DOCUMENT_REFERENCE,PK_DOCUMENT_REFERENCE,CLUSTERED,YES,YES,LINE_NO,3,NO
DOCUMENT_REFERENCE,PK_DOCUMENT_REFERENCE,CLUSTERED,YES,YES,SOURCE_TYPE,4,NO
DOCUMENT_SITE,PK_DOCUMENT_SITE,CLUSTERED,YES,YES,SITE_ID,1,NO
DOCUMENT_SITE,PK_DOCUMENT_SITE,CLUSTERED,YES,YES,DOCUMENT_ID,2,NO
DRILLBACK,PK_DRILLBACK,CLUSTERED,YES,YES,ID,1,NO
DRILLBACK,PK_DRILLBACK,CLUSTERED,YES,YES,PROGRAM_ID,2,NO
E_BACKLOG_DET,E2_BACKLOG_DET,NONCLUSTERED,NO,NO,DESIRED_SHIP_DATE,1,NO
E_BACKLOG_DET,EX_BACKLOG_DET,NONCLUSTERED,NO,NO,EIS_DATE,1,NO
E_BACKLOG_SUM,EX_BACKLOG_SUM,NONCLUSTERED,YES,NO,eis_date,1,NO
E_BOOK_DET,EX_BOOK_DET,NONCLUSTERED,NO,NO,EIS_DATE,1,NO
E_BOOK_SUM,EX_BOOK_SUM,NONCLUSTERED,YES,NO,eis_date,1,NO
E_CUSTSVLV_DET,EX_CUSTSVLV_DET,NONCLUSTERED,NO,NO,EIS_DATE,1,NO
E_CUSTSVLV_SUM,EX_CUSTSVLV_SUM,NONCLUSTERED,NO,NO,eis_date,1,NO
E_ESTIM_DET,EX_ESTIM_DET,NONCLUSTERED,NO,NO,EIS_DATE,1,NO
E_ESTIM_SUM,EX_ESTIM_SUM,NONCLUSTERED,YES,NO,eis_date,1,NO
E_FACTLOAD_DET,EX_FACTLOAD_DET,NONCLUSTERED,NO,NO,EIS_DATE,1,NO
E_FACTLOAD_SUM,EX_FACTLOAD_SUM,NONCLUSTERED,YES,NO,eis_date,1,NO
E_JOBCOMP_DET,EX_JOBCOMP_DET,NONCLUSTERED,NO,NO,EIS_DATE,1,NO
E_JOBCOMP_SUM,EX_JOBCOMP_SUM,NONCLUSTERED,YES,NO,eis_date,1,NO
E_JOBSTARTS_DET,EX_JOBSTARTS_DET,NONCLUSTERED,NO,NO,EIS_DATE,1,NO
E_JOBSTARTS_SUM,EX_JOBSTARTS_SUM,NONCLUSTERED,YES,NO,eis_date,1,NO
E_LATE_DET,EX_LATE_DET,NONCLUSTERED,NO,NO,EIS_DATE,1,NO
E_LATE_SUM,EX_LATE_SUM,NONCLUSTERED,YES,NO,eis_date,1,NO
E_LATEJOB_DET,EX_LATEJOB_DET,NONCLUSTERED,NO,NO,EIS_DATE,1,NO
E_LATEJOB_SUM,EX_LATEJOB_SUM,NONCLUSTERED,YES,NO,eis_date,1,NO
E_OPENJOB_DET,EX_OPENJOB_DET,NONCLUSTERED,NO,NO,EIS_DATE,1,NO
E_OPENJOB_SUM,EX_OPENJOB_SUM,NONCLUSTERED,YES,NO,eis_date,1,NO
E_OPENOPS_DET,E2_OPENOPS_DET,NONCLUSTERED,NO,NO,SCHED_START_DATE,1,NO
E_OPENOPS_DET,E3_OPENOPS_DET,NONCLUSTERED,NO,NO,SCHED_FINISH_DATE,1,NO
E_OPENOPS_DET,EX_OPENOPS_DET,NONCLUSTERED,NO,NO,EIS_DATE,1,NO
E_OPENOPS_SUM,EX_OPENOPS_SUM,NONCLUSTERED,YES,NO,eis_date,1,NO
E_OPSCOMPL_DET,EX_OPSCOMPL_DET,NONCLUSTERED,NO,NO,EIS_DATE,1,NO
E_OPSCOMPL_SUM,EX_OPSCOMPL_SUM,NONCLUSTERED,YES,NO,eis_date,1,NO
E_OPSSTARTS_DET,EX_OPSSTARTS_DET,NONCLUSTERED,NO,NO,EIS_DATE,1,NO
E_OPSSTARTS_SUM,EX_OPSSTARTS_SUM,NONCLUSTERED,YES,NO,eis_date,1,NO
E_OPSSVLV_DET,EX_OPSSVLV_DET,NONCLUSTERED,NO,NO,EIS_DATE,1,NO
E_OPSSVLV_SUM,EX_OPSSVLV_SUM,NONCLUSTERED,YES,NO,eis_date,1,NO
E_PAYABLE_DET,E2_PAYABLE_DET,NONCLUSTERED,NO,NO,INVOICE_DATE,1,NO
E_PAYABLE_DET,EX_PAYABLE_DET,NONCLUSTERED,NO,NO,EIS_DATE,1,NO
E_PAYABLE_SUM,EX_PAYABLE_SUM,NONCLUSTERED,YES,NO,eis_date,1,NO
E_PAYB_INV_DET,E2_PAYB_INV_DET,NONCLUSTERED,NO,NO,INVOICE_DATE,1,NO
E_PAYB_INV_DET,EX_PAYB_INV_DET,NONCLUSTERED,NO,NO,EIS_DATE,1,NO
E_PAYB_INV_SUM,EX_PAYB_INV_SUM,NONCLUSTERED,YES,NO,eis_date,1,NO
E_PAYB_NEW_DET,E2_PAYB_NEW_DET,NONCLUSTERED,NO,NO,INVOICE_DATE,1,NO
E_PAYB_NEW_DET,EX_PAYB_NEW_DET,NONCLUSTERED,NO,NO,EIS_DATE,1,NO
E_PAYB_NEW_SUM,EX_PAYB_NEW_SUM,NONCLUSTERED,YES,NO,eis_date,1,NO
E_PROFORMA_DET,EX_PROFORMA_DET,NONCLUSTERED,NO,NO,EIS_DATE,1,NO
E_PROFORMA_SUM,EX_PROFORMA_SUM,NONCLUSTERED,YES,NO,eis_date,1,NO
E_PURCBACK_DET,E2_PBK_DET,NONCLUSTERED,NO,NO,DESIRED_RECV_DATE,1,NO
E_PURCBACK_DET,EX_PURCBACK_DET,NONCLUSTERED,NO,NO,EIS_DATE,1,NO
E_PURCBACK_SUM,EX_PURCBACK_SUM,NONCLUSTERED,YES,NO,eis_date,1,NO
E_PURCLATE_DET,EX_PURCLATE_DET,NONCLUSTERED,NO,NO,EIS_DATE,1,NO
E_PURCLATE_SUM,EX_PURCLATE_SUM,NONCLUSTERED,YES,NO,eis_date,1,NO
E_PURCOPEN_DET,E2_POP_DET,NONCLUSTERED,NO,NO,DESIRED_RECV_DATE,1,NO
E_PURCOPEN_DET,EX_PURCOPEN_DET,NONCLUSTERED,NO,NO,EIS_DATE,1,NO
E_PURCOPEN_SUM,EX_PURCOPEN_SUM,NONCLUSTERED,YES,NO,eis_date,1,NO
E_PURCORD_DET,EX_PURCORD_DET,NONCLUSTERED,NO,NO,EIS_DATE,1,NO
E_PURCORD_SUM,EX_PURCORD_SUM,NONCLUSTERED,YES,NO,eis_date,1,NO
E_PURCRECV_DET,EX_PURCRECV_DET,NONCLUSTERED,NO,NO,EIS_DATE,1,NO
E_PURCRECV_SUM,EX_PURCRECV_SUM,NONCLUSTERED,YES,NO,eis_date,1,NO
E_PURCSVLV_DET,EX_PURCSVLV_DET,NONCLUSTERED,NO,NO,EIS_DATE,1,NO
E_PURCSVLV_SUM,EX_PURCSVLV_SUM,NONCLUSTERED,YES,NO,eis_date,1,NO
E_RECEIVABLE_DET,E2_RECEIVABLE_DET,NONCLUSTERED,NO,NO,INVOICE_DATE,1,NO
E_RECEIVABLE_DET,EX_RECEIVABLE_DET,NONCLUSTERED,NO,NO,EIS_DATE,1,NO
E_RECEIVABLE_SUM,EX_RECEIVABLE_SUM,NONCLUSTERED,YES,NO,eis_date,1,NO
E_RECV_INV_DET,E2_RECV_INV_DET,NONCLUSTERED,NO,NO,INVOICE_DATE,1,NO
E_RECV_INV_DET,EX_RECV_INV_DET,NONCLUSTERED,NO,NO,EIS_DATE,1,NO
E_RECV_INV_SUM,EX_RECV_INV_SUM,NONCLUSTERED,YES,NO,eis_date,1,NO
E_RECV_NEW_DET,E2_RECV_NEW_DET,NONCLUSTERED,NO,NO,INVOICE_DATE,1,NO
E_RECV_NEW_DET,EX_RECV_NEW_DET,NONCLUSTERED,NO,NO,EIS_DATE,1,NO
E_RECV_NEW_SUM,EX_RECV_NEW_SUM,NONCLUSTERED,YES,NO,eis_date,1,NO
E_SCHEDSVLV_DET,EX_SCHEDSVLV_DET,NONCLUSTERED,NO,NO,EIS_DATE,1,NO
E_SCHEDSVLV_SUM,EX_SCHEDSVLV_SUM,NONCLUSTERED,YES,NO,eis_date,1,NO
E_SHIP_DET,EX_SHIP_DET,NONCLUSTERED,NO,NO,EIS_DATE,1,NO
E_SHIP_SUM,EX_SHIP_SUM,NONCLUSTERED,YES,NO,eis_date,1,NO
E_WANTSVLV_DET,EX_WANTSVLV_DET,NONCLUSTERED,NO,NO,EIS_DATE,1,NO
E_WANTSVLV_SUM,EX_WANTSVLV_SUM,NONCLUSTERED,YES,NO,eis_date,1,NO
EARNING_CODE,PK_EARNING_CODE,CLUSTERED,YES,YES,ID,1,NO
EC,PK_EC,CLUSTERED,YES,YES,ID,1,NO
EC,X_EC_1,NONCLUSTERED,YES,NO,ORIGINATOR,1,NO
EC,X_EC_1,NONCLUSTERED,YES,NO,ID,2,NO
EC,X_EC_2,NONCLUSTERED,YES,NO,ASSIGNED_TO,1,NO
EC,X_EC_2,NONCLUSTERED,YES,NO,ID,2,NO
EC,X_EC_3,NONCLUSTERED,YES,NO,WANT_DATE,1,NO
EC,X_EC_3,NONCLUSTERED,YES,NO,ID,2,NO
EC_GROUP_USER,PK_EC_GROUP_USER,CLUSTERED,YES,YES,EC_ID,1,NO
EC_GROUP_USER,PK_EC_GROUP_USER,CLUSTERED,YES,YES,GROUP_TYPE,2,NO
EC_GROUP_USER,PK_EC_GROUP_USER,CLUSTERED,YES,YES,USER_ID,3,NO
EC_HISTORY,PK_EC_HISTORY,CLUSTERED,YES,YES,EC_ID,1,NO
EC_HISTORY,PK_EC_HISTORY,CLUSTERED,YES,YES,TYPE,2,NO
EC_LINE,PK_EC_LINE,CLUSTERED,YES,YES,EC_ID,1,NO
EC_LINE,PK_EC_LINE,CLUSTERED,YES,YES,LINE_NO,2,NO
EC_LINE,X_EC_LINE_1,NONCLUSTERED,YES,NO,EC_ID,1,NO
EC_LINE,X_EC_LINE_1,NONCLUSTERED,YES,NO,TYPE,2,NO
EC_LINE,X_EC_LINE_1,NONCLUSTERED,YES,NO,LINE_NO,3,NO
EC_LINE,X_EC_LINE_2,NONCLUSTERED,YES,NO,EC_ID,1,NO
EC_LINE,X_EC_LINE_2,NONCLUSTERED,YES,NO,WO_TYPE,2,NO
EC_LINE,X_EC_LINE_2,NONCLUSTERED,YES,NO,WO_BASE_ID,3,NO
EC_LINE,X_EC_LINE_2,NONCLUSTERED,YES,NO,WO_LOT_ID,4,NO
EC_LINE,X_EC_LINE_2,NONCLUSTERED,YES,NO,WO_SPLIT_ID,5,NO
EC_LINE,X_EC_LINE_2,NONCLUSTERED,YES,NO,LINE_NO,6,NO
EC_LINE,X_EC_LINE_3,NONCLUSTERED,YES,NO,EC_ID,1,NO
EC_LINE,X_EC_LINE_3,NONCLUSTERED,YES,NO,PART_ID,2,NO
EC_LINE,X_EC_LINE_3,NONCLUSTERED,YES,NO,LINE_NO,3,NO
EC_LINE,X_EC_LINE_4,NONCLUSTERED,YES,NO,EC_ID,1,NO
EC_LINE,X_EC_LINE_4,NONCLUSTERED,YES,NO,DOC_ID,2,NO
EC_LINE,X_EC_LINE_4,NONCLUSTERED,YES,NO,LINE_NO,3,NO
EC_LINE,X_EC_LINE_5,NONCLUSTERED,YES,NO,EC_ID,1,NO
EC_LINE,X_EC_LINE_5,NONCLUSTERED,YES,NO,LINKED_EC_ID,2,NO
EC_LINE,X_EC_LINE_5,NONCLUSTERED,YES,NO,LINE_NO,3,NO
EC_LINE_BINARY,PK_EC_LINE_BINARY,CLUSTERED,YES,YES,EC_ID,1,NO
EC_LINE_BINARY,PK_EC_LINE_BINARY,CLUSTERED,YES,YES,LINE_NO,2,NO
EC_LINE_BINARY,PK_EC_LINE_BINARY,CLUSTERED,YES,YES,TYPE,3,NO
EC_REASONS,PK_EC_REASONS,CLUSTERED,YES,YES,CODE,1,NO
EC_REQUEST,PK_EC_REQUEST,CLUSTERED,YES,YES,EC_ID,1,NO
EC_REQUEST,PK_EC_REQUEST,CLUSTERED,YES,YES,TYPE,2,NO
EC_RESPONSE,PK_EC_RESPONSE,CLUSTERED,YES,YES,EC_ID,1,NO
EC_RESPONSE,PK_EC_RESPONSE,CLUSTERED,YES,YES,TYPE,2,NO
EC_TYPES,PK_EC_TYPES,CLUSTERED,YES,YES,CODE,1,NO
ECN,PK_ECN,CLUSTERED,YES,YES,ID,1,NO
ECN,X_ECN_1,NONCLUSTERED,NO,NO,WORKORDER_TYPE,1,NO
ECN,X_ECN_1,NONCLUSTERED,NO,NO,WORKORDER_BASE_ID,2,NO
ECN,X_ECN_1,NONCLUSTERED,NO,NO,WORKORDER_LOT_ID,3,NO
ECN,X_ECN_1,NONCLUSTERED,NO,NO,WORKORDER_SPLIT_ID,4,NO
ECN,X_ECN_1,NONCLUSTERED,NO,NO,WORKORDER_SUB_ID,5,NO
ECN_BINARY,PK_ECN_BINARY,CLUSTERED,YES,YES,ECN_ID,1,NO
ECN_BINARY,PK_ECN_BINARY,CLUSTERED,YES,YES,TYPE,2,NO
ECN_CO_PRODUCT,PK_ECN_CO_PRODUCT,CLUSTERED,YES,YES,ECN_ID,1,NO
ECN_CO_PRODUCT,PK_ECN_CO_PRODUCT,CLUSTERED,YES,YES,LINE_NO,2,NO
ECN_CO_PRODUCT,PK_ECN_CO_PRODUCT,CLUSTERED,YES,YES,ECN_ENTRY_NO,3,NO
ECN_CO_PRODUCT,PK_ECN_CO_PRODUCT,CLUSTERED,YES,YES,WORKORDER_SUB_ID,4,NO
ECN_CO_PRODUCT,PK_ECN_CO_PRODUCT,CLUSTERED,YES,YES,PART_ID,5,NO
ECN_DETAIL,PK_ECN_DETAIL,CLUSTERED,YES,YES,ECN_ID,1,NO
ECN_DETAIL,PK_ECN_DETAIL,CLUSTERED,YES,YES,LINE_NO,2,NO
ECN_DETAIL,PK_ECN_DETAIL,CLUSTERED,YES,YES,ENTRY_NO,3,NO
ECN_DISPOSITION,PK_ECN_DISPOSITION,CLUSTERED,YES,YES,CODE,1,NO
ECN_OPER_BINARY,PK_ECN_OPER_BINARY,CLUSTERED,YES,YES,ECN_ID,1,NO
ECN_OPER_BINARY,PK_ECN_OPER_BINARY,CLUSTERED,YES,YES,LINE_NO,2,NO
ECN_OPER_BINARY,PK_ECN_OPER_BINARY,CLUSTERED,YES,YES,ECN_ENTRY_NO,3,NO
ECN_OPER_BINARY,PK_ECN_OPER_BINARY,CLUSTERED,YES,YES,WORKORDER_SUB_ID,4,NO
ECN_OPER_BINARY,PK_ECN_OPER_BINARY,CLUSTERED,YES,YES,SEQUENCE_NO,5,NO
ECN_OPER_BINARY,PK_ECN_OPER_BINARY,CLUSTERED,YES,YES,TYPE,6,NO
ECN_OPER_RESOURCE,PK_ECN_OPER_RESOURCE,CLUSTERED,YES,YES,ECN_ID,1,NO
ECN_OPER_RESOURCE,PK_ECN_OPER_RESOURCE,CLUSTERED,YES,YES,LINE_NO,2,NO
ECN_OPER_RESOURCE,PK_ECN_OPER_RESOURCE,CLUSTERED,YES,YES,ECN_ENTRY_NO,3,NO
ECN_OPER_RESOURCE,PK_ECN_OPER_RESOURCE,CLUSTERED,YES,YES,WORKORDER_SUB_ID,4,NO
ECN_OPER_RESOURCE,PK_ECN_OPER_RESOURCE,CLUSTERED,YES,YES,SEQUENCE_NO,5,NO
ECN_OPER_RESOURCE,PK_ECN_OPER_RESOURCE,CLUSTERED,YES,YES,RESOURCE_ID,6,NO
ECN_OPERATION,PK_ECN_OPERATION,CLUSTERED,YES,YES,ECN_ID,1,NO
ECN_OPERATION,PK_ECN_OPERATION,CLUSTERED,YES,YES,LINE_NO,2,NO
ECN_OPERATION,PK_ECN_OPERATION,CLUSTERED,YES,YES,ECN_ENTRY_NO,3,NO
ECN_OPERATION,PK_ECN_OPERATION,CLUSTERED,YES,YES,WORKORDER_SUB_ID,4,NO
ECN_OPERATION,PK_ECN_OPERATION,CLUSTERED,YES,YES,SEQUENCE_NO,5,NO
ECN_REQ_BINARY,PK_ECN_REQ_BINARY,CLUSTERED,YES,YES,ECN_ID,1,NO
ECN_REQ_BINARY,PK_ECN_REQ_BINARY,CLUSTERED,YES,YES,LINE_NO,2,NO
ECN_REQ_BINARY,PK_ECN_REQ_BINARY,CLUSTERED,YES,YES,ECN_ENTRY_NO,3,NO
ECN_REQ_BINARY,PK_ECN_REQ_BINARY,CLUSTERED,YES,YES,WORKORDER_SUB_ID,4,NO
ECN_REQ_BINARY,PK_ECN_REQ_BINARY,CLUSTERED,YES,YES,OPERATION_SEQ_NO,5,NO
ECN_REQ_BINARY,PK_ECN_REQ_BINARY,CLUSTERED,YES,YES,PIECE_NO,6,NO
ECN_REQ_BINARY,PK_ECN_REQ_BINARY,CLUSTERED,YES,YES,TYPE,7,NO
ECN_REQ_PART_ALT,PK_ECN_REQ_PART_ALT,CLUSTERED,YES,YES,ECN_ID,1,NO
ECN_REQ_PART_ALT,PK_ECN_REQ_PART_ALT,CLUSTERED,YES,YES,LINE_NO,2,NO
ECN_REQ_PART_ALT,PK_ECN_REQ_PART_ALT,CLUSTERED,YES,YES,ECN_ENTRY_NO,3,NO
ECN_REQ_PART_ALT,PK_ECN_REQ_PART_ALT,CLUSTERED,YES,YES,WORKORDER_SUB_ID,4,NO
ECN_REQ_PART_ALT,PK_ECN_REQ_PART_ALT,CLUSTERED,YES,YES,OPERATION_SEQ_NO,5,NO
ECN_REQ_PART_ALT,PK_ECN_REQ_PART_ALT,CLUSTERED,YES,YES,PIECE_NO,6,NO
ECN_REQ_PART_ALT,PK_ECN_REQ_PART_ALT,CLUSTERED,YES,YES,PART_ID,7,NO
ECN_REQ_PART_ALT,X_ECN_REQ_PART_ALT_0,NONCLUSTERED,YES,NO,ECN_ID,1,NO
ECN_REQ_PART_ALT,X_ECN_REQ_PART_ALT_0,NONCLUSTERED,YES,NO,LINE_NO,2,NO
ECN_REQ_PART_ALT,X_ECN_REQ_PART_ALT_0,NONCLUSTERED,YES,NO,ECN_ENTRY_NO,3,NO
ECN_REQ_PART_ALT,X_ECN_REQ_PART_ALT_0,NONCLUSTERED,YES,NO,WORKORDER_SUB_ID,4,NO
ECN_REQ_PART_ALT,X_ECN_REQ_PART_ALT_0,NONCLUSTERED,YES,NO,OPERATION_SEQ_NO,5,NO
ECN_REQ_PART_ALT,X_ECN_REQ_PART_ALT_0,NONCLUSTERED,YES,NO,PIECE_NO,6,NO
ECN_REQ_PART_ALT,X_ECN_REQ_PART_ALT_0,NONCLUSTERED,YES,NO,PART_ID,7,NO
ECN_REQ_REF_DESIG,PK_ECN_REQ_REF_DESIG,CLUSTERED,YES,YES,ECN_ID,1,NO
ECN_REQ_REF_DESIG,PK_ECN_REQ_REF_DESIG,CLUSTERED,YES,YES,LINE_NO,2,NO
ECN_REQ_REF_DESIG,PK_ECN_REQ_REF_DESIG,CLUSTERED,YES,YES,ECN_ENTRY_NO,3,NO
ECN_REQ_REF_DESIG,PK_ECN_REQ_REF_DESIG,CLUSTERED,YES,YES,WORKORDER_SUB_ID,4,NO
ECN_REQ_REF_DESIG,PK_ECN_REQ_REF_DESIG,CLUSTERED,YES,YES,OPERATION_SEQ_NO,5,NO
ECN_REQ_REF_DESIG,PK_ECN_REQ_REF_DESIG,CLUSTERED,YES,YES,PIECE_NO,6,NO
ECN_REQ_REF_DESIG,PK_ECN_REQ_REF_DESIG,CLUSTERED,YES,YES,ID,7,NO
ECN_REQ_REF_DESIG,X_ECN_REQ_REF_DESIG_0,NONCLUSTERED,YES,NO,ECN_ID,1,NO
ECN_REQ_REF_DESIG,X_ECN_REQ_REF_DESIG_0,NONCLUSTERED,YES,NO,LINE_NO,2,NO
ECN_REQ_REF_DESIG,X_ECN_REQ_REF_DESIG_0,NONCLUSTERED,YES,NO,ECN_ENTRY_NO,3,NO
ECN_REQ_REF_DESIG,X_ECN_REQ_REF_DESIG_0,NONCLUSTERED,YES,NO,WORKORDER_SUB_ID,4,NO
ECN_REQ_REF_DESIG,X_ECN_REQ_REF_DESIG_0,NONCLUSTERED,YES,NO,OPERATION_SEQ_NO,5,NO
ECN_REQ_REF_DESIG,X_ECN_REQ_REF_DESIG_0,NONCLUSTERED,YES,NO,PIECE_NO,6,NO
ECN_REQ_REF_DESIG,X_ECN_REQ_REF_DESIG_0,NONCLUSTERED,YES,NO,ID,7,NO
ECN_REQUIREMENT,PK_ECN_REQUIREMENT,CLUSTERED,YES,YES,ECN_ID,1,NO
ECN_REQUIREMENT,PK_ECN_REQUIREMENT,CLUSTERED,YES,YES,LINE_NO,2,NO
ECN_REQUIREMENT,PK_ECN_REQUIREMENT,CLUSTERED,YES,YES,ECN_ENTRY_NO,3,NO
ECN_REQUIREMENT,PK_ECN_REQUIREMENT,CLUSTERED,YES,YES,WORKORDER_SUB_ID,4,NO
ECN_REQUIREMENT,PK_ECN_REQUIREMENT,CLUSTERED,YES,YES,OPERATION_SEQ_NO,5,NO
ECN_REQUIREMENT,PK_ECN_REQUIREMENT,CLUSTERED,YES,YES,PIECE_NO,6,NO
ECN_WO_BINARY,PK_ECN_WO_BINARY,CLUSTERED,YES,YES,ECN_ID,1,NO
ECN_WO_BINARY,PK_ECN_WO_BINARY,CLUSTERED,YES,YES,LINE_NO,2,NO
ECN_WO_BINARY,PK_ECN_WO_BINARY,CLUSTERED,YES,YES,ECN_ENTRY_NO,3,NO
ECN_WO_BINARY,PK_ECN_WO_BINARY,CLUSTERED,YES,YES,WORKORDER_SUB_ID,4,NO
ECN_WO_BINARY,PK_ECN_WO_BINARY,CLUSTERED,YES,YES,TYPE,5,NO
ECN_WORKORDER,PK_ECN_WORKORDER,CLUSTERED,YES,YES,ECN_ID,1,NO
ECN_WORKORDER,PK_ECN_WORKORDER,CLUSTERED,YES,YES,LINE_NO,2,NO
ECN_WORKORDER,PK_ECN_WORKORDER,CLUSTERED,YES,YES,ECN_ENTRY_NO,3,NO
ECN_WORKORDER,PK_ECN_WORKORDER,CLUSTERED,YES,YES,WORKORDER_SUB_ID,4,NO
EIS_THRESHOLDS,PK_EIS_THRESHOLDS,CLUSTERED,YES,YES,GROUP_ID,1,NO
EIS_THRESHOLDS,PK_EIS_THRESHOLDS,CLUSTERED,YES,YES,PERIOD_ID,2,NO
EIS_THRESHOLDS,PK_EIS_THRESHOLDS,CLUSTERED,YES,YES,ACTIVITY_ID,3,NO
EIS_THRESHOLDS,PK_EIS_THRESHOLDS,CLUSTERED,YES,YES,COL_NAME,4,NO
EMPLOYEE,PK_EMPLOYEE,CLUSTERED,YES,YES,ID,1,NO
EMPLOYEE,X_EMPLOYEE_1,NONCLUSTERED,NO,NO,EARNING_CODE_ID,1,NO
EMPLOYEE_BINARY,PK_EMPLOYEE_BINARY,CLUSTERED,YES,YES,EMPLOYEE_ID,1,NO
EMPLOYEE_BINARY,PK_EMPLOYEE_BINARY,CLUSTERED,YES,YES,TYPE,2,NO
EMPLOYEE_SITE,PK_EMPLOYEE_SITE,CLUSTERED,YES,YES,SITE_ID,1,NO
EMPLOYEE_SITE,PK_EMPLOYEE_SITE,CLUSTERED,YES,YES,EMPLOYEE_ID,2,NO
EMPLOYEE_SYNC,PK_EMP_SYNC,CLUSTERED,YES,YES,EVENT_ID,1,NO
ENTITY_SETTINGS,PK_ENTITY_SETTINGS,CLUSTERED,YES,YES,ENTITY_ID,1,NO
ENTITY_SETTINGS,PK_ENTITY_SETTINGS,CLUSTERED,YES,YES,NAME,2,NO
ENUM_CODES,PK_ENUM_CODES,CLUSTERED,YES,YES,TABLE_NAME,1,NO
ENUM_CODES,PK_ENUM_CODES,CLUSTERED,YES,YES,COLUMN_NAME,2,NO
ENUM_CODES,PK_ENUM_CODES,CLUSTERED,YES,YES,LANGUAGE_ID,3,NO
ENUM_CODES,PK_ENUM_CODES,CLUSTERED,YES,YES,ENUM_VALUE,4,NO
EQUIP_AREA,PK_EQUIP_AREA,CLUSTERED,YES,YES,id,1,NO
EQUIP_BILL_OPTIONS,X_EQB_OPTIONS_0,NONCLUSTERED,YES,NO,CUST_ORDER_ID,1,NO
EQUIP_BILL_OPTIONS,X_EQB_OPTIONS_0,NONCLUSTERED,YES,NO,CUST_ORDER_LINE_NO,2,NO
EQUIP_BILL_OPTIONS,X_EQB_OPTIONS_0,NONCLUSTERED,YES,NO,SEQ_NO,3,NO
EQUIP_BINARY,pk_equip_binary,CLUSTERED,YES,YES,EQUIP_ID,1,NO
EQUIP_BINARY,pk_equip_binary,CLUSTERED,YES,YES,TYPE,2,NO
EQUIP_BRANCH,PK_EQUIP_BRANCH,CLUSTERED,YES,YES,id,1,NO
EQUIP_BRANCH,PK_EQUIP_BRANCH,CLUSTERED,YES,YES,area_id,2,NO
EQUIP_CALENDAR,X_EQB_CALENDAR_0,NONCLUSTERED,YES,NO,SITE_ID,1,NO
EQUIP_CALENDAR,X_EQB_CALENDAR_0,NONCLUSTERED,YES,NO,RESOURCE_ID,2,NO
EQUIP_CALENDAR,X_EQB_CALENDAR_0,NONCLUSTERED,YES,NO,DAY_OF_WEEK,3,NO
EQUIP_COVER_TIME,pk_eq_cover_time,CLUSTERED,YES,YES,coverage_id,1,NO
EQUIP_LABOR_PRICE,pk_eq_lab_price,CLUSTERED,YES,YES,id,1,NO
EQUIP_LABOR_PRICE,pk_eq_lab_price,CLUSTERED,YES,YES,resource_id,2,NO
EQUIP_MAINT_DISC,pk_eq_maint_disc,CLUSTERED,YES,YES,maint_id,1,NO
EQUIP_MAINT_DISC,pk_eq_maint_disc,CLUSTERED,YES,YES,customer_id,2,NO
EQUIP_MAINT_ENG,pk_eq_maint_eng,CLUSTERED,YES,YES,id,1,NO
EQUIP_MAINT_TYPE,pk_eq_maint_type,CLUSTERED,YES,YES,id,1,NO
EQUIP_MODEL,PK_EQUIP_MODEL,CLUSTERED,YES,YES,type_id,1,NO
EQUIP_MODEL,PK_EQUIP_MODEL,CLUSTERED,YES,YES,id,2,NO
EQUIP_PART_PRICE,pk_eq_part_price,CLUSTERED,YES,YES,id,1,NO
EQUIP_PART_PRICE,pk_eq_part_price,CLUSTERED,YES,YES,part_id,2,NO
EQUIP_PM_EXCEPTION,X_EQ_PM_EXCEPT_1,NONCLUSTERED,YES,NO,profile_id,1,NO
EQUIP_PM_EXCEPTION,X_EQ_PM_EXCEPT_1,NONCLUSTERED,YES,NO,equip_id,2,NO
EQUIP_PM_PROFILE,pk_eq_pm_profile,CLUSTERED,YES,YES,profile_id,1,NO
EQUIP_PM_SCHEDULE,pk_equip_pm_sched,CLUSTERED,YES,YES,job_id,1,NO
EQUIP_PM_SCHEDULE,X_EQ_PM_SCHEDULE_0,NONCLUSTERED,YES,NO,job_id,1,NO
EQUIP_PM_SCHEDULE,X_EQ_PM_SCHEDULE_0,NONCLUSTERED,YES,NO,profile_id,2,NO
EQUIP_PM_SCHEDULE,X_EQ_PM_SCHEDULE_0,NONCLUSTERED,YES,NO,equip_id,3,NO
EQUIP_PROFILE,pk_equip_profile,CLUSTERED,YES,YES,profile_id,1,NO
EQUIP_PROFILE,pk_equip_profile,CLUSTERED,YES,YES,equip_id,2,NO
EQUIP_RELEASE,pk_equip_release,CLUSTERED,YES,YES,equip_id,1,NO
EQUIP_RELEASE,pk_equip_release,CLUSTERED,YES,YES,release_no,2,NO
EQUIP_TYPE,pk_equip_type,CLUSTERED,YES,YES,id,1,NO
EQUIPMENT,pk_equipment,CLUSTERED,YES,YES,equip_id,1,NO
EQUIPMENT,X_EQUIP_1,NONCLUSTERED,NO,NO,SITE_ID,1,NO
ESB_INBOUND_DUPLICATE,ESB_INBOUND_DUP_MESSAGEID_IX,NONCLUSTERED,NO,NO,C_MESSAGE_ID,1,NO
ESB_INBOUND_DUPLICATE,ESB_INBOUND_DUP_TIMESTAMP_IX,NONCLUSTERED,NO,NO,C_CREATED_DATE_TIME,1,NO
ESB_INBOUND_DUPLICATE,PK_ESB_INBOUND_DUPLICATE,CLUSTERED,YES,YES,C_ID,1,NO
ESB_PREVIOUS_VERSION_MEDIATION,ESB_PREVIOUS_VERSION_MEDIATION_ACCOUNTING_ENTITY_ID_IX,NONCLUSTERED,NO,NO,C_ACCOUNTING_ENTITY_ID,1,NO
ESB_PREVIOUS_VERSION_MEDIATION,ESB_PREVIOUS_VERSION_MEDIATION_AGENCY_ROLE_IX,NONCLUSTERED,NO,NO,C_AGENCY_ROLE,1,NO
ESB_PREVIOUS_VERSION_MEDIATION,ESB_PREVIOUS_VERSION_MEDIATION_ID_IX,NONCLUSTERED,NO,NO,C_ID,1,NO
ESB_PREVIOUS_VERSION_MEDIATION,ESB_PREVIOUS_VERSION_MEDIATION_LOCATION_ID_IX,NONCLUSTERED,NO,NO,C_LOCATION_ID,1,NO
ESB_PREVIOUS_VERSION_MEDIATION,ESB_PREVIOUS_VERSION_MEDIATION_LOGICAL_ID_IX,NONCLUSTERED,NO,NO,C_LOGICAL_ID,1,NO
ESB_PREVIOUS_VERSION_MEDIATION,ESB_PREVIOUS_VERSION_MEDIATION_NOUN_ID_IX,NONCLUSTERED,NO,NO,C_NOUN_ID,1,NO
ESB_PREVIOUS_VERSION_MEDIATION,ESB_PREVIOUS_VERSION_MEDIATION_NOUN_NAME_IX,NONCLUSTERED,NO,NO,C_NOUN_NAME,1,NO
ESB_PREVIOUS_VERSION_MEDIATION,ESB_PREVIOUS_VERSION_MEDIATION_REVISION_ID_IX,NONCLUSTERED,NO,NO,C_REVISION_ID,1,NO
ESB_PREVIOUS_VERSION_MEDIATION,ESB_PREVIOUS_VERSION_MEDIATION_TENANT_ID_IX,NONCLUSTERED,NO,NO,C_TENANT_ID,1,NO
ESB_PREVIOUS_VERSION_MEDIATION,PK_ESB_PREVIOUS_VERSION_MEDIATION,CLUSTERED,YES,YES,C_ID,1,NO
ESB_VARIATION_ID_MEDIATION,ESB_VAR_ID_MEDIATION_ACCOUNTING_ENTITY_ID_IX,NONCLUSTERED,NO,NO,C_ACCOUNTING_ENTITY_ID,1,NO
ESB_VARIATION_ID_MEDIATION,ESB_VAR_ID_MEDIATION_AGENCY_ROLE_IX,NONCLUSTERED,NO,NO,C_AGENCY_ROLE,1,NO
ESB_VARIATION_ID_MEDIATION,ESB_VAR_ID_MEDIATION_LOCATION_ID_IX,NONCLUSTERED,NO,NO,C_LOCATION_ID,1,NO
ESB_VARIATION_ID_MEDIATION,ESB_VAR_ID_MEDIATION_LOGICAL_ID_IX,NONCLUSTERED,NO,NO,C_LOGICAL_ID,1,NO
ESB_VARIATION_ID_MEDIATION,ESB_VAR_ID_MEDIATION_NOUN_ID_IX,NONCLUSTERED,NO,NO,C_NOUN_ID,1,NO
ESB_VARIATION_ID_MEDIATION,ESB_VAR_ID_MEDIATION_NOUN_NAME_IX,NONCLUSTERED,NO,NO,C_NOUN_NAME,1,NO
ESB_VARIATION_ID_MEDIATION,ESB_VAR_ID_MEDIATION_REVISION_ID_IX,NONCLUSTERED,NO,NO,C_REVISION_ID,1,NO
ESB_VARIATION_ID_MEDIATION,ESB_VAR_ID_MEDIATION_SYSTEM_ID_IX,NONCLUSTERED,NO,NO,C_SYSTEM_ID,1,NO
ESB_VARIATION_ID_MEDIATION,ESB_VAR_ID_MEDIATION_TENANT_ID_IX,NONCLUSTERED,NO,NO,C_TENANT_ID,1,NO
ESB_VARIATION_ID_MEDIATION,PK_ESB_VARIATION_ID_MEDIATION,CLUSTERED,YES,YES,C_ID,1,NO
EVENT_BINARY,PK_EVENT_BINARY,CLUSTERED,YES,YES,EVENT_ID,1,NO
EVENT_BINARY,PK_EVENT_BINARY,CLUSTERED,YES,YES,TYPE,2,NO
EVENT_LOG,X_EVENTLOG_1,NONCLUSTERED,NO,NO,PROGRAM_ID,1,NO
EVENT_LOG,X_EVENTLOG_1,NONCLUSTERED,NO,NO,CREATE_DATE,2,NO
EVENT_LOG,X_EVENTLOG_2,NONCLUSTERED,NO,NO,CREATE_DATE,1,NO
EVENT_TRIGGER,PK_EVENT_TRIGGER,CLUSTERED,YES,YES,ID,1,NO
EXCEPTION,PK_EXCEPTION,CLUSTERED,YES,YES,TYPE,1,NO
EXCEPTION,PK_EXCEPTION,CLUSTERED,YES,YES,OWNER_ID,2,NO
EXCEPTION,PK_EXCEPTION,CLUSTERED,YES,YES,EXCEPTION_ID,3,NO
EXCEPTION,PK_EXCEPTION,CLUSTERED,YES,YES,CREATE_DATE,4,NO
EXPIRED_PWD,PK_EXPIRED_PWD,CLUSTERED,YES,YES,USER_ID,1,NO
EXPIRED_PWD,PK_EXPIRED_PWD,CLUSTERED,YES,YES,CYCLE_NO,2,NO
EXPIRED_PWD,X_EXPIRED_PWD_1,NONCLUSTERED,NO,NO,USER_ID,1,NO
EXPIRED_PWD,X_EXPIRED_PWD_2,NONCLUSTERED,NO,NO,CYCLE_NO,1,NO
EXPIRED_PWD,X_EXPIRED_PWD_3,NONCLUSTERED,NO,NO,USER_ID,1,NO
EXPIRED_PWD,X_EXPIRED_PWD_3,NONCLUSTERED,NO,NO,USER_PWD,2,NO
EXTRA_JOIN,PK_EXTRA_JOIN,CLUSTERED,YES,YES,PARENT,1,NO
EXTRA_JOIN,PK_EXTRA_JOIN,CLUSTERED,YES,YES,CHILD,2,NO
EXTRA_JOIN,PK_EXTRA_JOIN,CLUSTERED,YES,YES,NAME,3,NO
FEEDING_OPERATIONS,PK_FEEDING_OPERATIONS,CLUSTERED,YES,YES,BUFFER_ID,1,NO
FEEDING_OPERATIONS,PK_FEEDING_OPERATIONS,CLUSTERED,YES,YES,WORKORDER_TYPE,2,NO
FEEDING_OPERATIONS,PK_FEEDING_OPERATIONS,CLUSTERED,YES,YES,WORKORDER_BASE_ID,3,NO
FEEDING_OPERATIONS,PK_FEEDING_OPERATIONS,CLUSTERED,YES,YES,WORKORDER_LOT_ID,4,NO
FEEDING_OPERATIONS,PK_FEEDING_OPERATIONS,CLUSTERED,YES,YES,WORKORDER_SPLIT_ID,5,NO
FEEDING_OPERATIONS,PK_FEEDING_OPERATIONS,CLUSTERED,YES,YES,WORKORDER_SUB_ID,6,NO
FEEDING_OPERATIONS,PK_FEEDING_OPERATIONS,CLUSTERED,YES,YES,OPERATION_SEQ_NO,7,NO
FIN_DIST_DETAIL,PK_FIN_DIST_LINE_ACCT,CLUSTERED,YES,YES,PROCESS_TYPE,1,NO
FIN_DIST_DETAIL,PK_FIN_DIST_LINE_ACCT,CLUSTERED,YES,YES,SOURCE_ID,2,NO
FIN_DIST_DETAIL,PK_FIN_DIST_LINE_ACCT,CLUSTERED,YES,YES,SOURCE_DIST_NO,3,NO
FIN_DIST_DETAIL,PK_FIN_DIST_LINE_ACCT,CLUSTERED,YES,YES,SOURCE_ENTRY_NO,4,NO
FIN_DIST_DETAIL,PK_FIN_DIST_LINE_ACCT,CLUSTERED,YES,YES,SOURCE_LINE_NO,5,NO
FIN_DIST_DETAIL,PK_FIN_DIST_LINE_ACCT,CLUSTERED,YES,YES,AMOUNT_TYPE,6,NO
FIN_DIST_DETAIL,PK_FIN_DIST_LINE_ACCT,CLUSTERED,YES,YES,GL_ACCOUNT_ID,7,NO
FIN_DIST_DETAIL,PK_FIN_DIST_LINE_ACCT,CLUSTERED,YES,YES,CURRENCY_ID,8,NO
FINANCIAL_CALENDAR,PK_FIN_CALENDAR,CLUSTERED,YES,YES,ID,1,NO
FINANCIAL_PERIOD,PK_FINANCIAL_PERIOD,CLUSTERED,YES,YES,CALENDAR_ID,1,NO
FINANCIAL_PERIOD,PK_FINANCIAL_PERIOD,CLUSTERED,YES,YES,ACCT_YEAR,2,NO
FINANCIAL_PERIOD,PK_FINANCIAL_PERIOD,CLUSTERED,YES,YES,ACCT_PERIOD,3,NO
FOB_POINT,PK_FOB_POINT,CLUSTERED,YES,YES,CODE,1,NO
FOB_POINT_SYNC,PK_FOB_POINT_SYNC,CLUSTERED,YES,YES,EVENT_ID,1,NO
GAGE,PK_GAGE,CLUSTERED,YES,YES,GAGE_ID,1,NO
GJ,PK_GJ,CLUSTERED,YES,YES,ID,1,NO
GJ_CURR,PK_GJ_CURR,CLUSTERED,YES,YES,GJ_ID,1,NO
GJ_CURR,PK_GJ_CURR,CLUSTERED,YES,YES,CURRENCY_ID,2,NO
GJ_DIST,PK_GJ_DIST,CLUSTERED,YES,YES,GJ_ID,1,NO
GJ_DIST,PK_GJ_DIST,CLUSTERED,YES,YES,DIST_NO,2,NO
GJ_DIST,PK_GJ_DIST,CLUSTERED,YES,YES,ENTRY_NO,3,NO
GJ_DIST,PK_GJ_DIST,CLUSTERED,YES,YES,CURRENCY_ID,4,NO
GJ_DIST,X_GJ_DIST_1,NONCLUSTERED,NO,NO,BATCH_ID,1,NO
GJ_DIST,X_GJ_DIST_2,NONCLUSTERED,NO,NO,GL_ACCOUNT_ID,1,NO
GJ_DIST,X_GJ_DIST_3,NONCLUSTERED,NO,NO,SITE_ID,1,NO
GJ_LINE,PK_GJ_LINE,CLUSTERED,YES,YES,GJ_ID,1,NO
GJ_LINE,PK_GJ_LINE,CLUSTERED,YES,YES,LINE_NO,2,NO
GJ_LINE,X_GJ_LINE_1,NONCLUSTERED,NO,NO,GL_ACCOUNT_ID,1,NO
GJ_LINE,X_GJ_LINE_2,NONCLUSTERED,NO,NO,COST_CATEGORY_ID,1,NO
GJ_LINE_CURR,PK_GJ_CURR_LINE,CLUSTERED,YES,YES,GJ_ID,1,NO
GJ_LINE_CURR,PK_GJ_CURR_LINE,CLUSTERED,YES,YES,LINE_NO,2,NO
GJ_LINE_CURR,PK_GJ_CURR_LINE,CLUSTERED,YES,YES,CURRENCY_ID,3,NO
GL_BURDEN_MAP,PK_GL_BURDEN_MAP,CLUSTERED,YES,YES,DEPARTMENT_ID,1,NO
GL_BURDEN_MAP,PK_GL_BURDEN_MAP,CLUSTERED,YES,YES,PROJECT_TYPE,2,NO
GL_BURDEN_MAP,PK_GL_BURDEN_MAP,CLUSTERED,YES,YES,COST_GROUP_ID,3,NO
GL_INTERFACE,PK_GL_INTERFACE,CLUSTERED,YES,YES,ID,1,NO
GL_INTERFACE_ACCT,PK_GL_INTERFACE_ACCT,CLUSTERED,YES,YES,SITE_ID,1,NO
GL_INTERFACE_ACCT,PK_GL_INTERFACE_ACCT,CLUSTERED,YES,YES,INTERFACE_ID,2,NO
GL_INTERFACE_ACCT,X_GL_INTF_ACCT_1,NONCLUSTERED,NO,NO,GL_ACCOUNT_ID,1,NO
GL_INTERFACE_ACCT,X_GL_INTF_ACCT_2,NONCLUSTERED,NO,NO,GL_GROUP_ID,1,NO
GOTO_TABLE_COLUMN,PK_GOTO_TABLE_COLUMN,CLUSTERED,YES,YES,GOTO_VMPGM_PROGRAM_ID,1,NO
GOTO_TABLE_COLUMN,PK_GOTO_TABLE_COLUMN,CLUSTERED,YES,YES,GOTO_VMPGM_GOTO_ID,2,NO
GOTO_TABLE_COLUMN,PK_GOTO_TABLE_COLUMN,CLUSTERED,YES,YES,TABLE_NAME,3,NO
GOTO_TABLE_COLUMN,PK_GOTO_TABLE_COLUMN,CLUSTERED,YES,YES,COL_SEQ,4,NO
GOTO_TABLE_COLUMN,PK_GOTO_TABLE_COLUMN,CLUSTERED,YES,YES,COLUMN_NAME,5,NO
GOTO_VMPGM,PK_GOTO_VMPGM,CLUSTERED,YES,YES,PROGRAM_ID,1,NO
GOTO_VMPGM,PK_GOTO_VMPGM,CLUSTERED,YES,YES,GOTO_ID,2,NO
GPSCMF,GPSCMF01,NONCLUSTERED,YES,NO,GCBOID,1,NO
GPSCMF,GPSCMF01,NONCLUSTERED,YES,NO,GCBOVL,2,NO
GPSCMF,GPSCMF01,NONCLUSTERED,YES,NO,GCLNID,3,NO
GPSCMF,GPSCMF02,NONCLUSTERED,YES,NO,GCBOID,1,NO
GPSCMF,GPSCMF02,NONCLUSTERED,YES,NO,GCBOVL,2,NO
GPSUMF,GPSUMF01,NONCLUSTERED,YES,NO,GUBOID,1,NO
GPSUMF,GPSUMF01,NONCLUSTERED,YES,NO,GUBOVL,2,NO
GROUP_USER,PK_GROUP_USER,CLUSTERED,YES,YES,GROUP_ID,1,NO
GROUP_USER,PK_GROUP_USER,CLUSTERED,YES,YES,USER_ID,2,NO
GROUPS,PK_GROUPS,CLUSTERED,YES,YES,ID,1,NO
HARMONIZED_TARIFF,PK_HARMONY_TARIFF,CLUSTERED,YES,YES,HTS_CODE,1,NO
HISTORY_DEFINITION,PK_HISTORY_DEFINITION,CLUSTERED,YES,YES,TBL_NAME,1,NO
HISTORY_DEFINITION,PK_HISTORY_DEFINITION,CLUSTERED,YES,YES,COL_NAME,2,NO
HISTORY_DEFINITION,X_HISTORY_DEFINITION_1,NONCLUSTERED,NO,NO,TBL_NAME,1,NO
HISTORY_SCHEMA,PK_HISTORY_SCHEMA,CLUSTERED,YES,YES,TBL_NAME,1,NO
HISTORY_SCHEMA,PK_HISTORY_SCHEMA,CLUSTERED,YES,YES,COL_NAME,2,NO
HISTORY_SCHEMA,X_HISTORY_SCHEMA_1,NONCLUSTERED,NO,NO,TBL_NAME,1,NO
HOLD_REASON,PK_HOLD_REASON,CLUSTERED,YES,YES,ID,1,NO
HONORIFIC,PK_HONORIFIC,CLUSTERED,YES,YES,NAME,1,NO
HTS_DUTY_PERCENT,PK_HTS_DUTY_PCT,CLUSTERED,YES,YES,HTS_CODE,1,NO
HTS_DUTY_PERCENT,PK_HTS_DUTY_PCT,CLUSTERED,YES,YES,ORIG_COUNTRY_ID,2,NO
IBT,PK_IBT,CLUSTERED,YES,YES,ID,1,NO
IBT,X_IBT_1,NONCLUSTERED,NO,NO,TO_WHSE_ID,1,NO
IBT,X_IBT_2,NONCLUSTERED,NO,NO,FROM_WHSE_ID,1,NO
IBT,X_IBT_3,NONCLUSTERED,NO,NO,SITE_ID,1,NO
IBT_BINARY,PK_IBT_BINARY,CLUSTERED,YES,YES,IBT_ID,1,NO
IBT_BINARY,PK_IBT_BINARY,CLUSTERED,YES,YES,TYPE,2,NO
IBT_LINE,PK_IBT_LINE,CLUSTERED,YES,YES,IBT_ID,1,NO
IBT_LINE,PK_IBT_LINE,CLUSTERED,YES,YES,LINE_NO,2,NO
IBT_LINE,X_IBT_LINE_1,NONCLUSTERED,NO,NO,PART_ID,1,NO
IBT_LINE_BINARY,PK_IBT_LINE_BINARY,CLUSTERED,YES,YES,IBT_ID,1,NO
IBT_LINE_BINARY,PK_IBT_LINE_BINARY,CLUSTERED,YES,YES,IBT_LINE_NO,2,NO
IBT_LINE_BINARY,PK_IBT_LINE_BINARY,CLUSTERED,YES,YES,TYPE,3,NO
IBT_LINE_TRC_CTL,PK_IBT_LINE_TRC_CTL,CLUSTERED,YES,YES,IBT_ID,1,NO
IBT_LINE_TRC_CTL,PK_IBT_LINE_TRC_CTL,CLUSTERED,YES,YES,IBT_LINE_NO,2,NO
IBT_RECEIVER,PK_IBT_RECEIVER,CLUSTERED,YES,YES,ID,1,NO
IBT_RECEIVER,X_IBT_RECEIVER_1,NONCLUSTERED,NO,NO,IBT_ID,1,NO
IBT_RECEIVER,X_IBT_RECEIVER_2,NONCLUSTERED,NO,NO,SITE_ID,1,NO
IBT_RECEIVER_LINE,PK_IBT_RECEIVER_LINE,CLUSTERED,YES,YES,RECEIVER_ID,1,NO
IBT_RECEIVER_LINE,PK_IBT_RECEIVER_LINE,CLUSTERED,YES,YES,LINE_NO,2,NO
IBT_RECEIVER_LINE,X_IBTRECVR_LN_1,NONCLUSTERED,NO,NO,IBT_ID,1,NO
IBT_RECEIVER_LINE,X_IBTRECVR_LN_1,NONCLUSTERED,NO,NO,IBT_LINE_NO,2,NO
IBT_RECEIVER_LINE,X_IBTRECVR_LN_2,NONCLUSTERED,NO,NO,WAREHOUSE_ID,1,NO
IBT_RECEIVER_LINE,X_IBTRECVR_LN_2,NONCLUSTERED,NO,NO,LOCATION_ID,2,NO
IBT_SHIPPER,PK_IBT_SHIPPER,CLUSTERED,YES,YES,SHIPPER_ID,1,NO
IBT_SHIPPER,X_IBT_SHIPPER_1,NONCLUSTERED,NO,NO,IBT_ID,1,NO
IBT_SHIPPER,X_IBT_SHIPPER_2,NONCLUSTERED,NO,NO,SITE_ID,1,NO
IBT_SHIPPER_LINE,PK_IBT_SHIPPER_LINE,CLUSTERED,YES,YES,SHIPPER_ID,1,NO
IBT_SHIPPER_LINE,PK_IBT_SHIPPER_LINE,CLUSTERED,YES,YES,LINE_NO,2,NO
IBT_SHIPPER_LINE,X_IBTSHIP_LN_1,NONCLUSTERED,NO,NO,IBT_ID,1,NO
IBT_SHIPPER_LINE,X_IBTSHIP_LN_1,NONCLUSTERED,NO,NO,IBT_LINE_NO,2,NO
IBT_SYNC,PK_IBT_SYNC,CLUSTERED,YES,YES,EVENT_ID,1,NO
INBOX_ERROR,PK_INBOX_ERROR,CLUSTERED,YES,YES,C_ID,1,NO
INBOX_ERROR,X_INBOX_ERROR_1,NONCLUSTERED,NO,NO,C_INBOX_ID,1,NO
INDIRECT,PK_INDIRECT,CLUSTERED,YES,YES,ID,1,NO
INDIRECT,X_INDIRECT_1,NONCLUSTERED,NO,NO,GL_ACCOUNT_ID,1,NO
INDIRECT_DETAIL,PK_INDIRECT_DETAIL,CLUSTERED,YES,YES,TRANSACTION_ID,1,NO
INDIRECT_DETAIL,PK_INDIRECT_DETAIL,CLUSTERED,YES,YES,DIST_NO,2,NO
INDIRECT_DETAIL,PK_INDIRECT_DETAIL,CLUSTERED,YES,YES,CURRENCY_ID,3,NO
INDIRECT_DETAIL,X_IND_DET_1,NONCLUSTERED,NO,NO,TRANSACTION_ID,1,NO
INDIRECT_DETAIL,X_IND_DET_1,NONCLUSTERED,NO,NO,DIST_NO,2,NO
INDIRECT_DIST,PK_INDIRECT_DIST,CLUSTERED,YES,YES,TRANSACTION_ID,1,NO
INDIRECT_DIST,PK_INDIRECT_DIST,CLUSTERED,YES,YES,DIST_NO,2,NO
INDIRECT_DIST,PK_INDIRECT_DIST,CLUSTERED,YES,YES,ENTRY_NO,3,NO
INDIRECT_DIST,PK_INDIRECT_DIST,CLUSTERED,YES,YES,CURRENCY_ID,4,NO
INDIRECT_DIST,X_IND_DIST_1,NONCLUSTERED,NO,NO,BATCH_ID,1,NO
INDIRECT_DIST,X_IND_DIST_2,NONCLUSTERED,NO,NO,GL_ACCOUNT_ID,1,NO
INDIRECT_DIST,X_IND_DIST_3,NONCLUSTERED,NO,NO,SITE_ID,1,NO
INDIVIDUAL_PRV_HISTORY,PK_IND_PRV_HISTORY,CLUSTERED,YES,YES,ID,1,NO
INSPECTION_ORDER,PK_INSPECTION_ORDER,CLUSTERED,YES,YES,ID,1,NO
INSPECTION_ORDER,X_INSPECTION_ORDER_1,NONCLUSTERED,NO,NO,ENTITY_ID,1,NO
INSPECTION_ORDER,X_INSPECTION_ORDER_1,NONCLUSTERED,NO,NO,LOCATION_ID,2,NO
INSPECTION_ORDER,X_INSPECTION_ORDER_1,NONCLUSTERED,NO,NO,DOCUMENT_ID,3,NO
INSPECTION_ORDER,X_INSPECTION_ORDER_2,NONCLUSTERED,NO,NO,RECEIVER_ID,1,NO
INSPECTION_ORDER,X_INSPECTION_ORDER_2,NONCLUSTERED,NO,NO,RECEIVER_LINE_NO,2,NO
INSPECTION_REASON,PK_INSP_REASON,CLUSTERED,YES,YES,ID,1,NO
INSTALLMENT,PK_INSTALLMENT,CLUSTERED,YES,YES,ID,1,NO
INSTALLMENT,PK_INSTALLMENT,CLUSTERED,YES,YES,INST_TYPE,2,NO
INSTALLMENT_LINE,PK_INSTALLMENT_LINE,CLUSTERED,YES,YES,INSTALLMENT_ID,1,NO
INSTALLMENT_LINE,PK_INSTALLMENT_LINE,CLUSTERED,YES,YES,INST_TYPE,2,NO
INSTALLMENT_LINE,PK_INSTALLMENT_LINE,CLUSTERED,YES,YES,INST_NO,3,NO
INTRA_ARRIVAL_LINE,PK_INTRA_ARRIVAL_LINE,CLUSTERED,YES,YES,ID,1,NO
INTRA_ARRIVAL_LINE,PK_INTRA_ARRIVAL_LINE,CLUSTERED,YES,YES,ARRIVAL_DATE,2,NO
INTRA_ARRIVAL_LINE,X_INTRA_ARRIVAL_LINE_1,NONCLUSTERED,NO,NO,SITE_ID,1,NO
INTRA_CNSN_RCVR_LN,PK_INTRA_CNSN_RCVR_LN,CLUSTERED,YES,YES,RECEIVER_ID,1,NO
INTRA_CNSN_RCVR_LN,PK_INTRA_CNSN_RCVR_LN,CLUSTERED,YES,YES,RECEIVER_LINE_NO,2,NO
INTRA_CNSN_RCVR_LN,X_INTRA_CSN_RCV_LN_1,NONCLUSTERED,NO,NO,INTRA_REPORT_NO,1,NO
INTRA_DISPTCH_LINE,PK_INTRA_DISPTCH_LINE,CLUSTERED,YES,YES,ID,1,NO
INTRA_DISPTCH_LINE,PK_INTRA_DISPTCH_LINE,CLUSTERED,YES,YES,DISPATCH_DATE,2,NO
INTRA_DISPTCH_LINE,X_INTRA_DISPTCH_LINE_1,NONCLUSTERED,NO,NO,SITE_ID,1,NO
INTRA_RECEIVR_LINE,PK_INTRA_RECEIVR_LINE,CLUSTERED,YES,YES,RECEIVER_ID,1,NO
INTRA_RECEIVR_LINE,PK_INTRA_RECEIVR_LINE,CLUSTERED,YES,YES,RECEIVER_LINE_NO,2,NO
INTRA_RECEIVR_LINE,X_INTRA_RCV_LINE_1,NONCLUSTERED,NO,NO,INTRA_REPORT_NO,1,NO
INTRA_SHIPPER_LINE,PK_INTRA_SHIPPER_LINE,CLUSTERED,YES,YES,PACKLIST_ID,1,NO
INTRA_SHIPPER_LINE,PK_INTRA_SHIPPER_LINE,CLUSTERED,YES,YES,PACKLIST_LINE_NO,2,NO
INTRA_SHIPPER_LINE,X_INTRA_SHP_LINE_1,NONCLUSTERED,NO,NO,INTRA_REPORT_NO,1,NO
INV_PIECES,PK_INV_PIECES,CLUSTERED,YES,YES,PART_ID,1,NO
INV_PIECES,PK_INV_PIECES,CLUSTERED,YES,YES,LENGTH,2,NO
INV_PIECES,PK_INV_PIECES,CLUSTERED,YES,YES,WIDTH,3,NO
INV_PIECES,PK_INV_PIECES,CLUSTERED,YES,YES,HEIGHT,4,NO
INV_PIECES,PK_INV_PIECES,CLUSTERED,YES,YES,WAREHOUSE_ID,5,NO
INV_PIECES,PK_INV_PIECES,CLUSTERED,YES,YES,LOCATION_ID,6,NO
INV_PIECES,PK_INV_PIECES,CLUSTERED,YES,YES,DIMENSIONS_UM,7,NO
INV_RECEIPT_DIST,PK_INV_RCPT_DIST,CLUSTERED,YES,YES,INV_TRANS_ID,1,NO
INV_RECEIPT_DIST,PK_INV_RCPT_DIST,CLUSTERED,YES,YES,DEMAND_SUPPLY_ID,2,NO
INV_RECEIPT_DIST,X_INV_RCPT_DIST_1,NONCLUSTERED,NO,NO,DEMAND_SUPPLY_ID,1,NO
INV_TRANS_AVE,PK_INV_TRANS_AVE,CLUSTERED,YES,YES,TRANSACTION_ID,1,NO
INV_TRANS_AVE,PK_INV_TRANS_AVE,CLUSTERED,YES,YES,CURRENCY_ID,2,NO
INV_TRANS_CURR,PK_INV_TRANS_CURR,CLUSTERED,YES,YES,TRANSACTION_ID,1,NO
INV_TRANS_CURR,PK_INV_TRANS_CURR,CLUSTERED,YES,YES,CURRENCY_ID,2,NO
INV_TRANS_DIST,PK_INV_TRANS_DIST,CLUSTERED,YES,YES,IN_TRANS_ID,1,NO
INV_TRANS_DIST,PK_INV_TRANS_DIST,CLUSTERED,YES,YES,OUT_TRANS_ID,2,NO
INV_TRANS_DIST,X_INV_TRANS_DIST_1,NONCLUSTERED,NO,NO,OUT_TRANS_ID,1,NO
INV_TRANS_DIST,X_INV_TRANS_DIST_2,NONCLUSTERED,NO,NO,DEMAND_SUPPLY_ID,1,NO
INV_TRANS_DIST,X_INV_TRANS_DIST_3,NONCLUSTERED,NO,NO,IN_TRANS_ID,1,NO
INV_TRANS_DIST_TRC,PK_INV_TRANS_DIST_TRC,CLUSTERED,YES,YES,IN_TRANS_ID,1,NO
INV_TRANS_DIST_TRC,PK_INV_TRANS_DIST_TRC,CLUSTERED,YES,YES,OUT_TRANS_ID,2,NO
INV_TRANS_DIST_TRC,PK_INV_TRANS_DIST_TRC,CLUSTERED,YES,YES,TRACE_ID,3,NO
INVENTORY_BALANCE,PK_INVENTORY_BALANCE,CLUSTERED,YES,YES,PART_ID,1,NO
INVENTORY_BALANCE,PK_INVENTORY_BALANCE,CLUSTERED,YES,YES,POSTING_DATE,2,NO
INVENTORY_BALANCE,PK_INVENTORY_BALANCE,CLUSTERED,YES,YES,TRANSACTION_ID,3,NO
INVENTORY_BALANCE,PK_INVENTORY_BALANCE,CLUSTERED,YES,YES,CURRENCY_ID,4,NO
INVENTORY_BALANCE,X_INV_BALANCE_1,NONCLUSTERED,NO,NO,POSTING_DATE,1,NO
INVENTORY_BALANCE,X_INV_BALANCE_1,NONCLUSTERED,NO,NO,PART_ID,2,NO
INVENTORY_BALANCE,X_INV_BALANCE_1,NONCLUSTERED,NO,NO,TRANSACTION_ID,3,NO
INVENTORY_BALANCE,X_INV_BALANCE_2,NONCLUSTERED,NO,NO,TRANSACTION_ID,1,NO
INVENTORY_TRANS,PK_INVENTORY_TRANS,CLUSTERED,YES,YES,TRANSACTION_ID,1,NO
INVENTORY_TRANS,X_INV_TRANS_1,NONCLUSTERED,NO,NO,PART_ID,1,NO
INVENTORY_TRANS,X_INV_TRANS_10,NONCLUSTERED,NO,NO,SITE_ID,1,NO
INVENTORY_TRANS,X_INV_TRANS_11,NONCLUSTERED,NO,NO,TRANSACTION_ID,0,YES
INVENTORY_TRANS,X_INV_TRANS_11,NONCLUSTERED,NO,NO,WORKORDER_TYPE,0,YES
INVENTORY_TRANS,X_INV_TRANS_11,NONCLUSTERED,NO,NO,WORKORDER_BASE_ID,0,YES
INVENTORY_TRANS,X_INV_TRANS_11,NONCLUSTERED,NO,NO,WORKORDER_LOT_ID,0,YES
INVENTORY_TRANS,X_INV_TRANS_11,NONCLUSTERED,NO,NO,WORKORDER_SPLIT_ID,0,YES
INVENTORY_TRANS,X_INV_TRANS_11,NONCLUSTERED,NO,NO,WORKORDER_SUB_ID,0,YES
INVENTORY_TRANS,X_INV_TRANS_11,NONCLUSTERED,NO,NO,OPERATION_SEQ_NO,0,YES
INVENTORY_TRANS,X_INV_TRANS_11,NONCLUSTERED,NO,NO,REQ_PIECE_NO,0,YES
INVENTORY_TRANS,X_INV_TRANS_11,NONCLUSTERED,NO,NO,CUST_ORDER_ID,0,YES
INVENTORY_TRANS,X_INV_TRANS_11,NONCLUSTERED,NO,NO,PURC_ORDER_ID,0,YES
INVENTORY_TRANS,X_INV_TRANS_11,NONCLUSTERED,NO,NO,QTY,0,YES
INVENTORY_TRANS,X_INV_TRANS_11,NONCLUSTERED,NO,NO,COSTED_QTY,0,YES
INVENTORY_TRANS,X_INV_TRANS_11,NONCLUSTERED,NO,NO,TRANSACTION_DATE,0,YES
INVENTORY_TRANS,X_INV_TRANS_11,NONCLUSTERED,NO,NO,ACT_MATERIAL_COST,0,YES
INVENTORY_TRANS,X_INV_TRANS_11,NONCLUSTERED,NO,NO,ACT_LABOR_COST,0,YES
INVENTORY_TRANS,X_INV_TRANS_11,NONCLUSTERED,NO,NO,ACT_BURDEN_COST,0,YES
INVENTORY_TRANS,X_INV_TRANS_11,NONCLUSTERED,NO,NO,ACT_SERVICE_COST,0,YES
INVENTORY_TRANS,X_INV_TRANS_11,NONCLUSTERED,NO,NO,TRANSFER_TRANS_ID,0,YES
INVENTORY_TRANS,X_INV_TRANS_11,NONCLUSTERED,NO,NO,PART_ID,1,NO
INVENTORY_TRANS,X_INV_TRANS_11,NONCLUSTERED,NO,NO,TYPE,2,NO
INVENTORY_TRANS,X_INV_TRANS_11,NONCLUSTERED,NO,NO,WAREHOUSE_ID,3,NO
INVENTORY_TRANS,X_INV_TRANS_11,NONCLUSTERED,NO,NO,LOCATION_ID,4,NO
INVENTORY_TRANS,X_INV_TRANS_11,NONCLUSTERED,NO,NO,SITE_ID,5,NO
INVENTORY_TRANS,X_INV_TRANS_12,NONCLUSTERED,NO,NO,TRANSACTION_ID,0,YES
INVENTORY_TRANS,X_INV_TRANS_12,NONCLUSTERED,NO,NO,WORKORDER_TYPE,0,YES
INVENTORY_TRANS,X_INV_TRANS_12,NONCLUSTERED,NO,NO,WORKORDER_BASE_ID,0,YES
INVENTORY_TRANS,X_INV_TRANS_12,NONCLUSTERED,NO,NO,WORKORDER_LOT_ID,0,YES
INVENTORY_TRANS,X_INV_TRANS_12,NONCLUSTERED,NO,NO,WORKORDER_SPLIT_ID,0,YES
INVENTORY_TRANS,X_INV_TRANS_12,NONCLUSTERED,NO,NO,WORKORDER_SUB_ID,0,YES
INVENTORY_TRANS,X_INV_TRANS_12,NONCLUSTERED,NO,NO,OPERATION_SEQ_NO,0,YES
INVENTORY_TRANS,X_INV_TRANS_12,NONCLUSTERED,NO,NO,REQ_PIECE_NO,0,YES
INVENTORY_TRANS,X_INV_TRANS_12,NONCLUSTERED,NO,NO,CUST_ORDER_ID,0,YES
INVENTORY_TRANS,X_INV_TRANS_12,NONCLUSTERED,NO,NO,PURC_ORDER_ID,0,YES
INVENTORY_TRANS,X_INV_TRANS_12,NONCLUSTERED,NO,NO,QTY,0,YES
INVENTORY_TRANS,X_INV_TRANS_12,NONCLUSTERED,NO,NO,COSTED_QTY,0,YES
INVENTORY_TRANS,X_INV_TRANS_12,NONCLUSTERED,NO,NO,TRANSACTION_DATE,0,YES
INVENTORY_TRANS,X_INV_TRANS_12,NONCLUSTERED,NO,NO,ACT_MATERIAL_COST,0,YES
INVENTORY_TRANS,X_INV_TRANS_12,NONCLUSTERED,NO,NO,ACT_LABOR_COST,0,YES
INVENTORY_TRANS,X_INV_TRANS_12,NONCLUSTERED,NO,NO,ACT_BURDEN_COST,0,YES
INVENTORY_TRANS,X_INV_TRANS_12,NONCLUSTERED,NO,NO,ACT_SERVICE_COST,0,YES
INVENTORY_TRANS,X_INV_TRANS_12,NONCLUSTERED,NO,NO,TRANSFER_TRANS_ID,0,YES
INVENTORY_TRANS,X_INV_TRANS_12,NONCLUSTERED,NO,NO,PART_ID,1,NO
INVENTORY_TRANS,X_INV_TRANS_12,NONCLUSTERED,NO,NO,WAREHOUSE_ID,2,NO
INVENTORY_TRANS,X_INV_TRANS_12,NONCLUSTERED,NO,NO,LOCATION_ID,3,NO
INVENTORY_TRANS,X_INV_TRANS_12,NONCLUSTERED,NO,NO,SITE_ID,4,NO
INVENTORY_TRANS,X_INV_TRANS_2,NONCLUSTERED,NO,NO,TRANSACTION_DATE,1,NO
INVENTORY_TRANS,X_INV_TRANS_3,NONCLUSTERED,NO,NO,WORKORDER_TYPE,1,NO
INVENTORY_TRANS,X_INV_TRANS_3,NONCLUSTERED,NO,NO,WORKORDER_BASE_ID,2,NO
INVENTORY_TRANS,X_INV_TRANS_3,NONCLUSTERED,NO,NO,WORKORDER_LOT_ID,3,NO
INVENTORY_TRANS,X_INV_TRANS_3,NONCLUSTERED,NO,NO,WORKORDER_SPLIT_ID,4,NO
INVENTORY_TRANS,X_INV_TRANS_3,NONCLUSTERED,NO,NO,WORKORDER_SUB_ID,5,NO
INVENTORY_TRANS,X_INV_TRANS_3,NONCLUSTERED,NO,NO,OPERATION_SEQ_NO,6,NO
INVENTORY_TRANS,X_INV_TRANS_3,NONCLUSTERED,NO,NO,REQ_PIECE_NO,7,NO
INVENTORY_TRANS,X_INV_TRANS_4,NONCLUSTERED,NO,NO,CUST_ORDER_ID,1,NO
INVENTORY_TRANS,X_INV_TRANS_4,NONCLUSTERED,NO,NO,CUST_ORDER_LINE_NO,2,NO
INVENTORY_TRANS,X_INV_TRANS_5,NONCLUSTERED,NO,NO,PURC_ORDER_ID,1,NO
INVENTORY_TRANS,X_INV_TRANS_5,NONCLUSTERED,NO,NO,PURC_ORDER_LINE_NO,2,NO
INVENTORY_TRANS,X_INV_TRANS_6,NONCLUSTERED,NO,NO,POSTING_CANDIDATE,1,NO
INVENTORY_TRANS,X_INV_TRANS_7,NONCLUSTERED,NO,NO,WAREHOUSE_ID,1,NO
INVENTORY_TRANS,X_INV_TRANS_7,NONCLUSTERED,NO,NO,LOCATION_ID,2,NO
INVENTORY_TRANS,X_INV_TRANS_8,NONCLUSTERED,NO,NO,COST_CATEGORY_ID,1,NO
INVENTORY_TRANS,X_INV_TRANS_9,NONCLUSTERED,NO,NO,PART_ID,1,NO
INVENTORY_TRANS,X_INV_TRANS_9,NONCLUSTERED,NO,NO,TYPE,2,NO
INVENTORY_TRANS,X_INV_TRANS_9,NONCLUSTERED,NO,NO,CLASS,3,NO
INVENTORY_TRANS,X_INV_TRANS_9,NONCLUSTERED,NO,NO,DESCRIPTION,4,NO
ISSUE_REASON,PK_ISSUE_REASON,CLUSTERED,YES,YES,ID,1,NO
JOURNAL,PK_JOURNAL,CLUSTERED,YES,YES,TRANSACTION_ID,1,NO
JOURNAL,X_JOURNAL_2,NONCLUSTERED,NO,NO,ACCOUNT_ID,1,NO
JOURNAL,X_JOURNAL_3,NONCLUSTERED,NO,NO,BATCH_ID,1,NO
JOURNAL,X_JOURNAL_4,NONCLUSTERED,NO,NO,ACCOUNT_ID,1,NO
JOURNAL,X_JOURNAL_4,NONCLUSTERED,NO,NO,SITE_ID,2,NO
JOURNAL,X_JOURNAL_4,NONCLUSTERED,NO,NO,ACCT_YEAR,3,NO
JOURNAL,X_JOURNAL_4,NONCLUSTERED,NO,NO,ACCT_PERIOD,4,NO
JOURNAL,X_JOURNAL_5,NONCLUSTERED,NO,NO,SITE_ID,1,NO
JOURNAL_BATCH,PK_JOURNAL_BATCH,CLUSTERED,YES,YES,SITE_ID,1,NO
JOURNAL_BATCH,PK_JOURNAL_BATCH,CLUSTERED,YES,YES,ID,2,NO
JOURNAL_DIM,PK_JOURNAL_DIM,CLUSTERED,YES,YES,PROCESS_TYPE,1,NO
JOURNAL_DIM,PK_JOURNAL_DIM,CLUSTERED,YES,YES,SOURCE_ID,2,NO
JOURNAL_DIM,PK_JOURNAL_DIM,CLUSTERED,YES,YES,CURRENCY_ID,3,NO
JOURNAL_DIM,PK_JOURNAL_DIM,CLUSTERED,YES,YES,ENTRY_NO,4,NO
JOURNAL_DIM,PK_JOURNAL_DIM,CLUSTERED,YES,YES,SITE_ID,5,NO
JOURNAL_DIM_FILTER,PK_JOURN_DIM_FLTR,CLUSTERED,YES,YES,USER_ID,1,NO
JOURNAL_DIM_FILTER,PK_JOURN_DIM_FLTR,CLUSTERED,YES,YES,NAME,2,NO
JOURNAL_DIM_FILTER,PK_JOURN_DIM_FLTR,CLUSTERED,YES,YES,CRITERIA_TYPE,3,NO
LABEL_FORMAT,PK_LABEL_FORMAT,CLUSTERED,YES,YES,ID,1,NO
LABEL_FORMAT_FIELD,PK_LABEL_FMT_FLD,CLUSTERED,YES,YES,LABEL_FIELD,1,NO
LABEL_FORMAT_FIELD,PK_LABEL_FMT_FLD,CLUSTERED,YES,YES,LABEL_FORMAT_ID,2,NO
LABEL_GROUP,PK_LABEL_GROUP,CLUSTERED,YES,YES,ID,1,NO
LABEL_GROUP_LINE,PK_LABEL_GROUP_LINE,CLUSTERED,YES,YES,LABEL_GROUP_ID,1,NO
LABEL_GROUP_LINE,PK_LABEL_GROUP_LINE,CLUSTERED,YES,YES,LABEL_FORMAT_ID,2,NO
LABEL_TYPE,PK_LABEL_TYPE,CLUSTERED,YES,YES,ID,1,NO
LABEL_TYPE_VAR,PK_LABEL_TYPE_VAR,CLUSTERED,YES,YES,ID,1,NO
LABEL_TYPE_VAR,PK_LABEL_TYPE_VAR,CLUSTERED,YES,YES,LABEL_TYPE_ID,2,NO
LABEL_TYPE_VAR,PK_LABEL_TYPE_VAR,CLUSTERED,YES,YES,ID_ALIAS,3,NO
LABOR_TICKET,MERLIN_LABOR_TICKET,NONCLUSTERED,NO,NO,MERLIN_TRAN_ID,1,NO
LABOR_TICKET,PK_LABOR_TICKET,CLUSTERED,YES,YES,TRANSACTION_ID,1,NO
LABOR_TICKET,X_LABOR_TICKET_1,NONCLUSTERED,NO,NO,EMPLOYEE_ID,1,NO
LABOR_TICKET,X_LABOR_TICKET_1,NONCLUSTERED,NO,NO,TRANSACTION_DATE,2,NO
LABOR_TICKET,X_LABOR_TICKET_10,NONCLUSTERED,NO,NO,EMPLOYEE_ID,1,NO
LABOR_TICKET,X_LABOR_TICKET_10,NONCLUSTERED,NO,NO,HOURS_WORKED,2,NO
LABOR_TICKET,X_LABOR_TICKET_10,NONCLUSTERED,NO,NO,WORKORDER_BASE_ID,3,NO
LABOR_TICKET,X_LABOR_TICKET_11,NONCLUSTERED,NO,NO,SITE_ID,1,NO
LABOR_TICKET,X_LABOR_TICKET_2,NONCLUSTERED,NO,NO,RESOURCE_ID,1,NO
LABOR_TICKET,X_LABOR_TICKET_3,NONCLUSTERED,NO,NO,WORKORDER_TYPE,1,NO
LABOR_TICKET,X_LABOR_TICKET_3,NONCLUSTERED,NO,NO,WORKORDER_BASE_ID,2,NO
LABOR_TICKET,X_LABOR_TICKET_3,NONCLUSTERED,NO,NO,WORKORDER_LOT_ID,3,NO
LABOR_TICKET,X_LABOR_TICKET_3,NONCLUSTERED,NO,NO,WORKORDER_SPLIT_ID,4,NO
LABOR_TICKET,X_LABOR_TICKET_3,NONCLUSTERED,NO,NO,WORKORDER_SUB_ID,5,NO
LABOR_TICKET,X_LABOR_TICKET_3,NONCLUSTERED,NO,NO,OPERATION_SEQ_NO,6,NO
LABOR_TICKET,X_LABOR_TICKET_4,NONCLUSTERED,NO,NO,TRANSACTION_DATE,1,NO
LABOR_TICKET,X_LABOR_TICKET_6,NONCLUSTERED,NO,NO,POSTING_CANDIDATE,1,NO
LABOR_TICKET,X_LABOR_TICKET_7,NONCLUSTERED,NO,NO,EARNING_CODE_ID,1,NO
LABOR_TICKET,X_LABOR_TICKET_8,NONCLUSTERED,NO,NO,INDIRECT_ID,1,NO
LABOR_TICKET,X_LABOR_TICKET_9,NONCLUSTERED,NO,NO,COST_CATEGORY_ID,1,NO
LABOR_TICKET_BREAK,PK_LABOR_TICKET_BREAK,CLUSTERED,YES,YES,TRANSACTION_ID,1,NO
LABOR_TICKET_BREAK,PK_LABOR_TICKET_BREAK,CLUSTERED,YES,YES,CLOCK_IN,2,NO
LABOR_TICKET_CURR,PK_LBR_TCKT_CURR,CLUSTERED,YES,YES,TRANSACTION_ID,1,NO
LABOR_TICKET_CURR,PK_LBR_TCKT_CURR,CLUSTERED,YES,YES,CURRENCY_ID,2,NO
LANG_DESCRIPTION,pk_lang_desc,CLUSTERED,YES,YES,part_id,1,NO
LANG_DESCRIPTION,pk_lang_desc,CLUSTERED,YES,YES,language_id,2,NO
LANG_TRANSLATIONS,IX_LANG_TRANSLATIONS_00,NONCLUSTERED,YES,NO,LANGUAGE_ID,1,NO
LANG_TRANSLATIONS,IX_LANG_TRANSLATIONS_00,NONCLUSTERED,YES,NO,USER_ID,2,NO
LANG_TRANSLATIONS,IX_LANG_TRANSLATIONS_01,NONCLUSTERED,YES,NO,USER_ID,1,NO
LANG_TRANSLATIONS,IX_LANG_TRANSLATIONS_01,NONCLUSTERED,YES,NO,LANGUAGE_ID,2,NO
LANGUAGE,pk_language,CLUSTERED,YES,YES,id,1,NO
LOCATION,PK_LOCATION,CLUSTERED,YES,YES,WAREHOUSE_ID,1,NO
LOCATION,PK_LOCATION,CLUSTERED,YES,YES,ID,2,NO
LOCATION,X_LOCATION_1,NONCLUSTERED,NO,NO,ID,1,NO
LOGINS,X_LOGINS_1,NONCLUSTERED,NO,NO,MACHINE_ID,1,NO
LOGINS,X_LOGINS_1,NONCLUSTERED,NO,NO,PROGRAM_ID,2,NO
MACRO,PK_MACRO,CLUSTERED,YES,YES,USER_ID,1,NO
MACRO,PK_MACRO,CLUSTERED,YES,YES,PROGRAM_ID,2,NO
MACRO,PK_MACRO,CLUSTERED,YES,YES,NAME,3,NO
MACRO_PROFILE,PK_MACRO_PROFILE,CLUSTERED,YES,YES,PROGRAM_ID,1,NO
MACRO_PROFILE,PK_MACRO_PROFILE,CLUSTERED,YES,YES,MACRO_NAME,2,NO
MACRO_PROFILE,PK_MACRO_PROFILE,CLUSTERED,YES,YES,PROFILE_ID,3,NO
MARKET,PK_MARKET,CLUSTERED,YES,YES,ID,1,NO
MARKET_PRICE,PK_MARKET_PRICE,CLUSTERED,YES,YES,MARKET_ID,1,NO
MARKET_PRICE,PK_MARKET_PRICE,CLUSTERED,YES,YES,PART_ID,2,NO
MARKET_PRICE,PK_MARKET_PRICE,CLUSTERED,YES,YES,CURRENCY_ID,3,NO
MASTER_PROD_SCHED,PK_MSTR_PROD_SCHD,CLUSTERED,YES,YES,ID,1,NO
MASTER_SCHEDULE,X_MSTR_SCHED_0,NONCLUSTERED,YES,NO,MASTER_SCHEDULE_ID,1,NO
MASTER_SCHEDULE,X_MSTR_SCHED_0,NONCLUSTERED,YES,NO,PART_ID,2,NO
MASTER_SCHEDULE,X_MSTR_SCHED_0,NONCLUSTERED,YES,NO,WANT_DATE,3,NO
MASTER_SCHEDULE,X_MSTR_SCHED_0,NONCLUSTERED,YES,NO,WAREHOUSE_ID,4,NO
MASTER_SCHEDULE,X_MSTR_SCHED_0,NONCLUSTERED,YES,NO,SITE_ID,5,NO
MENU_NAME,PK_MENU_NAME,CLUSTERED,YES,YES,USER_ID,1,NO
MENU_NAME,PK_MENU_NAME,CLUSTERED,YES,YES,SEQ_NO,2,NO
MENU_NAME,PK_MENU_NAME,CLUSTERED,YES,YES,ID,3,NO
MFG_WIN_EXCEPTION,PK_MFG_WIN_EXCEPTION,CLUSTERED,YES,YES,NAME,1,NO
MFG_WIN_EXCEPTION,PK_MFG_WIN_EXCEPTION,CLUSTERED,YES,YES,OUTLINE_OBJ_TYPE,2,NO
MFG_WIN_EXCEPTION,PK_MFG_WIN_EXCEPTION,CLUSTERED,YES,YES,USER_ID,3,NO
MODE_OF_TRANSPORT,PK_MODE_OF_TRANSPORT,CLUSTERED,YES,YES,CODE,1,NO
MT_WIP_INVENTORY,PK__MT_WIP_INVENTORY__0036ACAF,CLUSTERED,YES,YES,PART_ID,1,NO
MT_WIP_INVENTORY,PK__MT_WIP_INVENTORY__0036ACAF,CLUSTERED,YES,YES,WAREHOUSE,2,NO
MT_WIP_INVENTORY,PK__MT_WIP_INVENTORY__0036ACAF,CLUSTERED,YES,YES,LOCATION,3,NO
NATURE_OF_TRANS,PK_NATURE_OF_TRANS,CLUSTERED,YES,YES,CODE,1,NO
NEXT_NUM_GEN_EAC,PK_NEXT_NUM_GEN_EAC,CLUSTERED,YES,YES,PROJECT_ID,1,NO
NEXT_NUM_GEN_EAC,PK_NEXT_NUM_GEN_EAC,CLUSTERED,YES,YES,NEXT_NUMBER,2,NO
NEXT_NUM_GEN_EAC,X_NXT_NUM_EAC_0,NONCLUSTERED,YES,NO,PROJECT_ID,1,NO
NEXT_NUM_GEN_EAC,X_NXT_NUM_EAC_0,NONCLUSTERED,YES,NO,NEXT_NUMBER,2,NO
NEXT_NUM_GEN_ETC,PK_NEXT_NUM_GEN_ETC,CLUSTERED,YES,YES,PROJECT_ID,1,NO
NEXT_NUM_GEN_ETC,PK_NEXT_NUM_GEN_ETC,CLUSTERED,YES,YES,NEXT_NUMBER,2,NO
NEXT_NUM_GEN_ETC,X_NXT_NUM_ETC_0,NONCLUSTERED,YES,NO,PROJECT_ID,1,NO
NEXT_NUM_GEN_ETC,X_NXT_NUM_ETC_0,NONCLUSTERED,YES,NO,NEXT_NUMBER,2,NO
NEXT_NUMBER_GEN,X_NEXT_NUM_GEN_0,NONCLUSTERED,YES,NO,SITE_ID,1,NO
NEXT_NUMBER_GEN,X_NEXT_NUM_GEN_0,NONCLUSTERED,YES,NO,TABLE_NAME,2,NO
NEXT_NUMBER_GEN,X_NEXT_NUM_GEN_0,NONCLUSTERED,YES,NO,COLUMN_NAME,3,NO
NEXT_NUMBER_GEN,X_NEXT_NUM_GEN_1,NONCLUSTERED,YES,NO,TABLE_NAME,1,NO
NEXT_NUMBER_GEN,X_NEXT_NUM_GEN_1,NONCLUSTERED,YES,NO,COLUMN_NAME,2,NO
NEXT_NUMBER_GEN,X_NEXT_NUM_GEN_1,NONCLUSTERED,YES,NO,SITE_ID,3,NO
NMFC_CODE,PK_NMFC_CODE,CLUSTERED,YES,YES,ID,1,NO
NMFC_CODE_SYNC,PK_NMFC_CODE_SYNC,CLUSTERED,YES,YES,EVENT_ID,1,NO
NORMAL_DIST_AREA,PK_NORMAL_DIST_AREA,CLUSTERED,YES,YES,Z,1,NO
NOTATION,PK_NOTATION,CLUSTERED,YES,YES,TYPE,1,NO
NOTATION,PK_NOTATION,CLUSTERED,YES,YES,OWNER_ID,2,NO
NOTATION,PK_NOTATION,CLUSTERED,YES,YES,CREATE_DATE,3,NO
NOTIFICATION_EMPLOYEE,PK_NOTIFICATION_EMPLOYEE,CLUSTERED,YES,YES,PROGRAM_ID,1,NO
NOTIFICATION_EMPLOYEE,PK_NOTIFICATION_EMPLOYEE,CLUSTERED,YES,YES,ID,2,NO
NOTIFICATION_EMPLOYEE,PK_NOTIFICATION_EMPLOYEE,CLUSTERED,YES,YES,EMPLOYEE_ID,3,NO
NOTIFICATION_EMPLOYEE_DOC,PK_NOTIFICATION_EMPLOYEE_DOC,CLUSTERED,YES,YES,PROGRAM_ID,1,NO
NOTIFICATION_EMPLOYEE_DOC,PK_NOTIFICATION_EMPLOYEE_DOC,CLUSTERED,YES,YES,DOC_ID,2,NO
NOTIFICATION_EMPLOYEE_DOC,PK_NOTIFICATION_EMPLOYEE_DOC,CLUSTERED,YES,YES,DOC_LINE_NO,3,NO
NOTIFICATION_EMPLOYEE_DOC,PK_NOTIFICATION_EMPLOYEE_DOC,CLUSTERED,YES,YES,EMPLOYEE_ID,4,NO
NOTIFICATION_EMPLOYEE_DOC,PK_NOTIFICATION_EMPLOYEE_DOC,CLUSTERED,YES,YES,NOTIFY_ME_TYPE,5,NO
NOTIFICATION_TEMPLATE,PK_NOTIF_TEMPLATE,CLUSTERED,YES,YES,PROGRAM_ID,1,NO
NOTIFICATION_TEMPLATE,PK_NOTIF_TEMPLATE,CLUSTERED,YES,YES,TYPE,2,NO
NOTIFICATION_TOKEN,PK_NOTIF_TOKEN,CLUSTERED,YES,YES,PROGRAM_ID,1,NO
NOTIFICATION_TOKEN,PK_NOTIF_TOKEN,CLUSTERED,YES,YES,TYPE,2,NO
NOTIFICATION_TOKEN,PK_NOTIF_TOKEN,CLUSTERED,YES,YES,TOKEN,3,NO
OP_SETUP_ATTRIB,PK_OP_SETUP_ATTRIB,CLUSTERED,YES,YES,WORKORDER_TYPE,1,NO
OP_SETUP_ATTRIB,PK_OP_SETUP_ATTRIB,CLUSTERED,YES,YES,WORKORDER_BASE_ID,2,NO
OP_SETUP_ATTRIB,PK_OP_SETUP_ATTRIB,CLUSTERED,YES,YES,WORKORDER_LOT_ID,3,NO
OP_SETUP_ATTRIB,PK_OP_SETUP_ATTRIB,CLUSTERED,YES,YES,WORKORDER_SPLIT_ID,4,NO
OP_SETUP_ATTRIB,PK_OP_SETUP_ATTRIB,CLUSTERED,YES,YES,WORKORDER_SUB_ID,5,NO
OP_SETUP_ATTRIB,PK_OP_SETUP_ATTRIB,CLUSTERED,YES,YES,OPERATION_SEQ_NO,6,NO
OP_SETUP_ATTRIB,PK_OP_SETUP_ATTRIB,CLUSTERED,YES,YES,ATTRIBUTE_ID,7,NO
OPER_SERVICE_COST,PK_OPER_SERVICE_COST,CLUSTERED,YES,YES,WORKORDER_TYPE,1,NO
OPER_SERVICE_COST,PK_OPER_SERVICE_COST,CLUSTERED,YES,YES,WORKORDER_BASE_ID,2,NO
OPER_SERVICE_COST,PK_OPER_SERVICE_COST,CLUSTERED,YES,YES,WORKORDER_LOT_ID,3,NO
OPER_SERVICE_COST,PK_OPER_SERVICE_COST,CLUSTERED,YES,YES,WORKORDER_SPLIT_ID,4,NO
OPER_SERVICE_COST,PK_OPER_SERVICE_COST,CLUSTERED,YES,YES,WORKORDER_SUB_ID,5,NO
OPER_SERVICE_COST,PK_OPER_SERVICE_COST,CLUSTERED,YES,YES,OPERATION_SEQ_NO,6,NO
OPER_SERVICE_COST,PK_OPER_SERVICE_COST,CLUSTERED,YES,YES,QTY,7,NO
OPER_TYPE_BINARY,PK_OPER_TYPE_BINARY,CLUSTERED,YES,YES,OPERATION_TYPE_ID,1,NO
OPER_TYPE_BINARY,PK_OPER_TYPE_BINARY,CLUSTERED,YES,YES,SITE_ID,2,NO
OPER_TYPE_BINARY,PK_OPER_TYPE_BINARY,CLUSTERED,YES,YES,TYPE,3,NO
OPER_TYPE_RESOURCE,PK_OPER_TYPE_RESOURCE,CLUSTERED,YES,YES,OPERATION_TYPE_ID,1,NO
OPER_TYPE_RESOURCE,PK_OPER_TYPE_RESOURCE,CLUSTERED,YES,YES,SITE_ID,2,NO
OPER_TYPE_RESOURCE,PK_OPER_TYPE_RESOURCE,CLUSTERED,YES,YES,RESOURCE_ID,3,NO
OPER_TYPE_RESOURCE,X_OT_RES_1,NONCLUSTERED,NO,NO,RESOURCE_ID,1,NO
OPER_TYPE_SYNC,PK_OPER_TYPE_SYNC,CLUSTERED,YES,YES,EVENT_ID,1,NO
OPERATION,PK_OPERATION,CLUSTERED,YES,YES,WORKORDER_TYPE,1,NO
OPERATION,PK_OPERATION,CLUSTERED,YES,YES,WORKORDER_BASE_ID,2,NO
OPERATION,PK_OPERATION,CLUSTERED,YES,YES,WORKORDER_LOT_ID,3,NO
OPERATION,PK_OPERATION,CLUSTERED,YES,YES,WORKORDER_SPLIT_ID,4,NO
OPERATION,PK_OPERATION,CLUSTERED,YES,YES,WORKORDER_SUB_ID,5,NO
OPERATION,PK_OPERATION,CLUSTERED,YES,YES,SEQUENCE_NO,6,NO
OPERATION,X_OPERATION_1,NONCLUSTERED,NO,NO,STATUS,1,NO
OPERATION,X_OPERATION_2,NONCLUSTERED,NO,NO,SERVICE_ID,1,NO
OPERATION,X_OPERATION_3,NONCLUSTERED,NO,NO,TEST_ID,1,NO
OPERATION,X_OPERATION_4,NONCLUSTERED,NO,NO,RESOURCE_ID,1,NO
OPERATION,X_OPERATION_5,NONCLUSTERED,NO,NO,WAREHOUSE_ID,1,NO
OPERATION,X_OPERATION_6,NONCLUSTERED,NO,NO,ROWID,1,NO
OPERATION_AUDIT,PK_OPERATION_AUDIT,CLUSTERED,YES,YES,SCHEDULE_ID,1,NO
OPERATION_AUDIT,PK_OPERATION_AUDIT,CLUSTERED,YES,YES,ATTEMPT_NO,2,NO
OPERATION_AUDIT,PK_OPERATION_AUDIT,CLUSTERED,YES,YES,RESOURCE_ID,3,NO
OPERATION_AUDIT,PK_OPERATION_AUDIT,CLUSTERED,YES,YES,UNIT_NO,4,NO
OPERATION_AUDIT,X_OPER_AUDIT_1,NONCLUSTERED,NO,NO,SCHEDULE_ID,1,NO
OPERATION_AUDIT,X_OPER_AUDIT_2,NONCLUSTERED,NO,NO,SCHEDULE_ID,1,NO
OPERATION_AUDIT,X_OPER_AUDIT_2,NONCLUSTERED,NO,NO,WORKORDER_TYPE,2,NO
OPERATION_AUDIT,X_OPER_AUDIT_2,NONCLUSTERED,NO,NO,WORKORDER_BASE_ID,3,NO
OPERATION_AUDIT,X_OPER_AUDIT_2,NONCLUSTERED,NO,NO,WORKORDER_LOT_ID,4,NO
OPERATION_AUDIT,X_OPER_AUDIT_2,NONCLUSTERED,NO,NO,WORKORDER_SPLIT_ID,5,NO
OPERATION_AUDIT,X_OPER_AUDIT_2,NONCLUSTERED,NO,NO,WORKORDER_SUB_ID,6,NO
OPERATION_AUDIT,X_OPER_AUDIT_2,NONCLUSTERED,NO,NO,SEQUENCE_NO,7,NO
OPERATION_AUDIT,X_OPER_AUDIT_3,NONCLUSTERED,NO,NO,SCHEDULE_ID,1,NO
OPERATION_AUDIT,X_OPER_AUDIT_3,NONCLUSTERED,NO,NO,PART_ID,2,NO
OPERATION_BINARY,PK_OPERATION_BINARY,CLUSTERED,YES,YES,WORKORDER_TYPE,1,NO
OPERATION_BINARY,PK_OPERATION_BINARY,CLUSTERED,YES,YES,WORKORDER_BASE_ID,2,NO
OPERATION_BINARY,PK_OPERATION_BINARY,CLUSTERED,YES,YES,WORKORDER_LOT_ID,3,NO
OPERATION_BINARY,PK_OPERATION_BINARY,CLUSTERED,YES,YES,WORKORDER_SPLIT_ID,4,NO
OPERATION_BINARY,PK_OPERATION_BINARY,CLUSTERED,YES,YES,WORKORDER_SUB_ID,5,NO
OPERATION_BINARY,PK_OPERATION_BINARY,CLUSTERED,YES,YES,SEQUENCE_NO,6,NO
OPERATION_BINARY,PK_OPERATION_BINARY,CLUSTERED,YES,YES,TYPE,7,NO
OPERATION_RESOURCE,PK_OPERATION_RESOURCE,CLUSTERED,YES,YES,WORKORDER_TYPE,1,NO
OPERATION_RESOURCE,PK_OPERATION_RESOURCE,CLUSTERED,YES,YES,WORKORDER_BASE_ID,2,NO
OPERATION_RESOURCE,PK_OPERATION_RESOURCE,CLUSTERED,YES,YES,WORKORDER_LOT_ID,3,NO
OPERATION_RESOURCE,PK_OPERATION_RESOURCE,CLUSTERED,YES,YES,WORKORDER_SPLIT_ID,4,NO
OPERATION_RESOURCE,PK_OPERATION_RESOURCE,CLUSTERED,YES,YES,WORKORDER_SUB_ID,5,NO
OPERATION_RESOURCE,PK_OPERATION_RESOURCE,CLUSTERED,YES,YES,SEQUENCE_NO,6,NO
OPERATION_RESOURCE,PK_OPERATION_RESOURCE,CLUSTERED,YES,YES,RESOURCE_ID,7,NO
OPERATION_RESOURCE,X_OPER_RES_1,NONCLUSTERED,NO,NO,RESOURCE_ID,1,NO
OPERATION_SCHED,PK_OPERATION_SCHED,CLUSTERED,YES,YES,SCHEDULE_ID,1,NO
OPERATION_SCHED,PK_OPERATION_SCHED,CLUSTERED,YES,YES,WORKORDER_TYPE,2,NO
OPERATION_SCHED,PK_OPERATION_SCHED,CLUSTERED,YES,YES,WORKORDER_BASE_ID,3,NO
OPERATION_SCHED,PK_OPERATION_SCHED,CLUSTERED,YES,YES,WORKORDER_LOT_ID,4,NO
OPERATION_SCHED,PK_OPERATION_SCHED,CLUSTERED,YES,YES,WORKORDER_SPLIT_ID,5,NO
OPERATION_SCHED,PK_OPERATION_SCHED,CLUSTERED,YES,YES,WORKORDER_SUB_ID,6,NO
OPERATION_SCHED,PK_OPERATION_SCHED,CLUSTERED,YES,YES,SEQUENCE_NO,7,NO
OPERATION_SCHED,PK_OPERATION_SCHED,CLUSTERED,YES,YES,RESOURCE_ID,8,NO
OPERATION_SCHED,PK_OPERATION_SCHED,CLUSTERED,YES,YES,UNIT_ASSIGNED,9,NO
OPERATION_SCHED,X_OPER_SCHED_1,NONCLUSTERED,NO,NO,RESOURCE_ID,1,NO
OPERATION_SCHED,X_OPER_SCHED_2,NONCLUSTERED,NO,NO,WORKORDER_TYPE,1,NO
OPERATION_SCHED,X_OPER_SCHED_2,NONCLUSTERED,NO,NO,WORKORDER_BASE_ID,2,NO
OPERATION_SCHED,X_OPER_SCHED_2,NONCLUSTERED,NO,NO,WORKORDER_LOT_ID,3,NO
OPERATION_SCHED,X_OPER_SCHED_2,NONCLUSTERED,NO,NO,WORKORDER_SPLIT_ID,4,NO
OPERATION_SCHED,X_OPER_SCHED_2,NONCLUSTERED,NO,NO,WORKORDER_SUB_ID,5,NO
OPERATION_SCHED,X_OPER_SCHED_2,NONCLUSTERED,NO,NO,SEQUENCE_NO,6,NO
OPERATION_SUMMARY,PK_OPERATION_SUM,CLUSTERED,YES,YES,SPID,1,NO
OPERATION_SUMMARY,PK_OPERATION_SUM,CLUSTERED,YES,YES,WORKORDER_TYPE,2,NO
OPERATION_SUMMARY,PK_OPERATION_SUM,CLUSTERED,YES,YES,WORKORDER_BASE_ID,3,NO
OPERATION_SUMMARY,PK_OPERATION_SUM,CLUSTERED,YES,YES,WORKORDER_LOT_ID,4,NO
OPERATION_SUMMARY,PK_OPERATION_SUM,CLUSTERED,YES,YES,WORKORDER_SPLIT_ID,5,NO
OPERATION_SUMMARY,PK_OPERATION_SUM,CLUSTERED,YES,YES,WORKORDER_SUB_ID,6,NO
OPERATION_SUMMARY,PK_OPERATION_SUM,CLUSTERED,YES,YES,SEQUENCE_NO,7,NO
OPERATION_TYPE,PK_OPERATION_TYPE,CLUSTERED,YES,YES,ID,1,NO
OPERATION_TYPE,PK_OPERATION_TYPE,CLUSTERED,YES,YES,SITE_ID,2,NO
OPERATION_TYPE,X_OPERATION_TYPE_1,NONCLUSTERED,NO,NO,SERVICE_ID,1,NO
OPERATION_TYPE,X_OPERATION_TYPE_2,NONCLUSTERED,NO,NO,TEST_ID,1,NO
OPERATION_TYPE,X_OPERATION_TYPE_3,NONCLUSTERED,NO,NO,RESOURCE_ID,1,NO
PACKAGE_TYPE,PK_PACKAGE_TYPE,CLUSTERED,YES,YES,CODE,1,NO
PACKAGE_TYPE_SYNC,PK_PACKAGE_TYPE_SYNC,CLUSTERED,YES,YES,EVENT_ID,1,NO
PALLET,PK_PALLET,CLUSTERED,YES,YES,ID,1,NO
PALLET,X_PALLET_1,NONCLUSTERED,NO,NO,BOL_ID,1,NO
PALLET,X_PALLET_2,NONCLUSTERED,NO,NO,TARE_ID,1,NO
PALLET_DETAIL,PK_PALLET_DETAIL,CLUSTERED,YES,YES,PACKLIST_ID,1,NO
PALLET_DETAIL,PK_PALLET_DETAIL,CLUSTERED,YES,YES,PACKLIST_LINE_NO,2,NO
PALLET_DETAIL,PK_PALLET_DETAIL,CLUSTERED,YES,YES,PALLET_ID,3,NO
PART,PK_PART,CLUSTERED,YES,YES,ID,1,NO
PART,X_PART_1,NONCLUSTERED,NO,NO,MRP_REQUIRED,1,NO
PART,X_PART_2,NONCLUSTERED,NO,NO,MRP_EXCEPTIONS,1,NO
PART,X_PART_3,NONCLUSTERED,NO,NO,MFG_NAME,1,NO
PART,X_PART_3,NONCLUSTERED,NO,NO,MFG_PART_ID,2,NO
PART,X_PART_4,NONCLUSTERED,NO,NO,STOCK_UM,1,NO
PART,X_PART_5,NONCLUSTERED,NO,NO,WEIGHT_UM,1,NO
PART,X_PART_6,NONCLUSTERED,NO,NO,PREF_VENDOR_ID,1,NO
PART_ALIAS,PK_PART_ALIAS,CLUSTERED,YES,YES,PART_ID,1,NO
PART_ALIAS,PK_PART_ALIAS,CLUSTERED,YES,YES,ID,2,NO
PART_ALIAS_TYPE,PK_PART_ALIAS_TYPE,CLUSTERED,YES,YES,ID,1,NO
PART_ALTERNATE,PK_PART_ALTERNATE,CLUSTERED,YES,YES,PART_ID,1,NO
PART_ALTERNATE,PK_PART_ALTERNATE,CLUSTERED,YES,YES,ALTERNATE_PART_ID,2,NO
PART_BINARY,PK_PART_BINARY,CLUSTERED,YES,YES,PART_ID,1,NO
PART_BINARY,PK_PART_BINARY,CLUSTERED,YES,YES,TYPE,2,NO
PART_CO_BINARY,PK_PART_CO_BINARY,CLUSTERED,YES,YES,PART_ID,1,NO
PART_CO_BINARY,PK_PART_CO_BINARY,CLUSTERED,YES,YES,TYPE,2,NO
PART_CROSS_SELLING,PK_PART_X_SELLING,CLUSTERED,YES,YES,PART_ID,1,NO
PART_CROSS_SELLING,PK_PART_X_SELLING,CLUSTERED,YES,YES,CROSS_SELL_PART_ID,2,NO
PART_LOCATION,PK_PART_LOCATION,CLUSTERED,YES,YES,PART_ID,1,NO
PART_LOCATION,PK_PART_LOCATION,CLUSTERED,YES,YES,WAREHOUSE_ID,2,NO
PART_LOCATION,PK_PART_LOCATION,CLUSTERED,YES,YES,LOCATION_ID,3,NO
PART_LOCATION,X_PART_LOC_1,NONCLUSTERED,NO,NO,WAREHOUSE_ID,1,NO
PART_LOCATION,X_PART_LOC_1,NONCLUSTERED,NO,NO,LOCATION_ID,2,NO
PART_LOCATION,X_PART_LOC_2,NONCLUSTERED,NO,NO,HOLD_REASON_ID,1,NO
PART_MFG_BINARY,PK_PART_MFG_BINARY,CLUSTERED,YES,YES,PART_ID,1,NO
PART_MFG_BINARY,PK_PART_MFG_BINARY,CLUSTERED,YES,YES,TYPE,2,NO
PART_PO_BINARY,PK_PART_PO_BINARY,CLUSTERED,YES,YES,PART_ID,1,NO
PART_PO_BINARY,PK_PART_PO_BINARY,CLUSTERED,YES,YES,TYPE,2,NO
PART_PRICE_GROUP,PK_PART_PRICE_GROUP,CLUSTERED,YES,YES,CODE,1,NO
PART_REPLENISHMENT,PKPART_REPLENISHMENT,CLUSTERED,YES,YES,SITE_ID,1,NO
PART_REPLENISHMENT,PKPART_REPLENISHMENT,CLUSTERED,YES,YES,PART_ID,2,NO
PART_REPLENISHMENT,PKPART_REPLENISHMENT,CLUSTERED,YES,YES,BEGIN_DATE,3,NO
PART_REPLENISHMENT,PKPART_REPLENISHMENT,CLUSTERED,YES,YES,END_DATE,4,NO
PART_SHIPPING,PK_PART_SHIPPING,CLUSTERED,YES,YES,CUSTOMER_ID,1,NO
PART_SHIPPING,PK_PART_SHIPPING,CLUSTERED,YES,YES,SHIPTO_ID,2,NO
PART_SHIPPING,PK_PART_SHIPPING,CLUSTERED,YES,YES,PART_ID,3,NO
PART_SHIPPING,PK_PART_SHIPPING,CLUSTERED,YES,YES,CONTAINER_PART_ID,4,NO
PART_SITE,PK_PART_SITE,CLUSTERED,YES,YES,SITE_ID,1,NO
PART_SITE,PK_PART_SITE,CLUSTERED,YES,YES,PART_ID,2,NO
PART_SUBSTITUTE,PK_PART_SUBST,CLUSTERED,YES,YES,PART_ID,1,NO
PART_SUBSTITUTE,PK_PART_SUBST,CLUSTERED,YES,YES,SUBSTITUTE_PART_ID,2,NO
PART_SYNC,PK_PART_SYNC,CLUSTERED,YES,YES,EVENT_ID,1,NO
PART_TRACE_LOCATION,PK_PART_TRACE_LOCATION,CLUSTERED,YES,YES,PART_ID,1,NO
PART_TRACE_LOCATION,PK_PART_TRACE_LOCATION,CLUSTERED,YES,YES,WAREHOUSE_ID,2,NO
PART_TRACE_LOCATION,PK_PART_TRACE_LOCATION,CLUSTERED,YES,YES,LOCATION_ID,3,NO
PART_TRACE_LOCATION,PK_PART_TRACE_LOCATION,CLUSTERED,YES,YES,TRACE_ID,4,NO
PART_TRACE_LOCATION,X_PART_TRC_LOC_1,NONCLUSTERED,NO,NO,PART_ID,1,NO
PART_TRACE_LOCATION,X_PART_TRC_LOC_1,NONCLUSTERED,NO,NO,LOCATION_ID,2,NO
PART_TRACE_LOCATION,X_PART_TRC_LOC_1,NONCLUSTERED,NO,NO,WAREHOUSE_ID,3,NO
PART_TRACE_LOCATION,X_PART_TRC_LOC_1,NONCLUSTERED,NO,NO,TRACE_ID,4,NO
PART_UNITS_CONV,PK_PART_UNITS_CONV,CLUSTERED,YES,YES,PART_ID,1,NO
PART_UNITS_CONV,PK_PART_UNITS_CONV,CLUSTERED,YES,YES,FROM_UM,2,NO
PART_UNITS_CONV,PK_PART_UNITS_CONV,CLUSTERED,YES,YES,TO_UM,3,NO
PART_UNITS_CONV,X_PART_CONV_1,NONCLUSTERED,YES,NO,PART_ID,1,NO
PART_UNITS_CONV,X_PART_CONV_1,NONCLUSTERED,YES,NO,TO_UM,2,NO
PART_UNITS_CONV,X_PART_CONV_1,NONCLUSTERED,YES,NO,FROM_UM,3,NO
PART_UNITS_CONV,X_PART_CONV_2,NONCLUSTERED,NO,NO,FROM_UM,1,NO
PART_UNITS_CONV,X_PART_CONV_3,NONCLUSTERED,NO,NO,TO_UM,1,NO
PART_WAREHOUSE,PK_PART_WAREHS,CLUSTERED,YES,YES,WAREHOUSE_ID,1,NO
PART_WAREHOUSE,PK_PART_WAREHS,CLUSTERED,YES,YES,PART_ID,2,NO
PART_WAREHOUSE,X_PART_WAREHS_1,NONCLUSTERED,NO,NO,SOURCE_TYPE,1,NO
PART_WAREHOUSE,X_PART_WAREHS_1,NONCLUSTERED,NO,NO,SOURCE_ID,2,NO
PART_WHS_REPLENISH,PK_PART_WHS_REPLENISH,CLUSTERED,YES,YES,PART_ID,1,NO
PART_WHS_REPLENISH,PK_PART_WHS_REPLENISH,CLUSTERED,YES,YES,WAREHOUSE_ID,2,NO
PART_WHS_REPLENISH,PK_PART_WHS_REPLENISH,CLUSTERED,YES,YES,BEGIN_DATE,3,NO
PART_WHS_REPLENISH,PK_PART_WHS_REPLENISH,CLUSTERED,YES,YES,END_DATE,4,NO
PAYABLE,PK_PAYABLE,CLUSTERED,YES,YES,VOUCHER_ID,1,NO
PAYABLE,X_PAYABLE_1,NONCLUSTERED,NO,NO,VENDOR_ID,1,NO
PAYABLE,X_PAYABLE_1,NONCLUSTERED,NO,NO,INVOICE_ID,2,NO
PAYABLE,X_PAYABLE_2,NONCLUSTERED,NO,NO,SITE_ID,1,NO
PAYABLE,X_PAYABLE_3,NONCLUSTERED,NO,NO,TOTAL_AMOUNT,1,NO
PAYABLE,X_PAYABLE_4,NONCLUSTERED,NO,NO,CUST_ORDER_ID,1,NO
PAYABLE,X_PAYABLE_5,NONCLUSTERED,NO,NO,LAST_PAID_DATE,1,NO
PAYABLE,X_PAYABLE_6,NONCLUSTERED,NO,NO,VAT_REPORT_NO,1,NO
PAYABLE_BINARY,PK_PAYABLE_BINARY,CLUSTERED,YES,YES,VOUCHER_ID,1,NO
PAYABLE_BINARY,PK_PAYABLE_BINARY,CLUSTERED,YES,YES,TYPE,2,NO
PAYABLE_CURR,PK_PAYABLE_CURR,CLUSTERED,YES,YES,VOUCHER_ID,1,NO
PAYABLE_CURR,PK_PAYABLE_CURR,CLUSTERED,YES,YES,CURRENCY_ID,2,NO
PAYABLE_DIST,PK_PAYABLE_DIST,CLUSTERED,YES,YES,VOUCHER_ID,1,NO
PAYABLE_DIST,PK_PAYABLE_DIST,CLUSTERED,YES,YES,DIST_NO,2,NO
PAYABLE_DIST,PK_PAYABLE_DIST,CLUSTERED,YES,YES,ENTRY_NO,3,NO
PAYABLE_DIST,PK_PAYABLE_DIST,CLUSTERED,YES,YES,CURRENCY_ID,4,NO
PAYABLE_DIST,X_PAYB_DIST_1,NONCLUSTERED,NO,NO,BATCH_ID,1,NO
PAYABLE_DIST,X_PAYB_DIST_2,NONCLUSTERED,NO,NO,GL_ACCOUNT_ID,1,NO
PAYABLE_DIST,X_PAYB_DIST_3,NONCLUSTERED,NO,NO,SITE_ID,1,NO
PAYABLE_INST,PK_PAYABLE_INST,CLUSTERED,YES,YES,VOUCHER_ID,1,NO
PAYABLE_INST,PK_PAYABLE_INST,CLUSTERED,YES,YES,INST_NO,2,NO
PAYABLE_LINE,PK_PAYABLE_LINE,CLUSTERED,YES,YES,VOUCHER_ID,1,NO
PAYABLE_LINE,PK_PAYABLE_LINE,CLUSTERED,YES,YES,LINE_NO,2,NO
PAYABLE_LINE,X_PAYABLE_LINE_1,NONCLUSTERED,NO,NO,GL_ACCOUNT_ID,1,NO
PAYABLE_LINE,X_PAYABLE_LINE_2,NONCLUSTERED,NO,NO,PO_GL_ACCOUNT_ID,1,NO
PAYABLE_LINE,X_PAYABLE_LINE_3,NONCLUSTERED,NO,NO,WORKORDER_TYPE,1,NO
PAYABLE_LINE,X_PAYABLE_LINE_3,NONCLUSTERED,NO,NO,WORKORDER_BASE_ID,2,NO
PAYABLE_LINE,X_PAYABLE_LINE_3,NONCLUSTERED,NO,NO,WORKORDER_LOT_ID,3,NO
PAYABLE_LINE,X_PAYABLE_LINE_3,NONCLUSTERED,NO,NO,WORKORDER_SPLIT_ID,4,NO
PAYABLE_LINE,X_PAYABLE_LINE_3,NONCLUSTERED,NO,NO,WORKORDER_SUB_ID,5,NO
PAYABLE_LINE,X_PAYABLE_LINE_4,NONCLUSTERED,NO,NO,PURC_ORDER_ID,1,NO
PAYABLE_LINE,X_PAYABLE_LINE_4,NONCLUSTERED,NO,NO,PURC_ORDER_LINE_NO,2,NO
PAYABLE_LINE,X_PAYABLE_LINE_5,NONCLUSTERED,NO,NO,RECEIVER_ID,1,NO
PAYABLE_LINE,X_PAYABLE_LINE_5,NONCLUSTERED,NO,NO,RECEIVER_LINE_NO,2,NO
PAYABLE_LINE,X_PAYABLE_LINE_6,NONCLUSTERED,NO,NO,COST_CATEGORY_ID,1,NO
PAYB_LINE_CURR,PK_PAYB_LINE_CURR,CLUSTERED,YES,YES,VOUCHER_ID,1,NO
PAYB_LINE_CURR,PK_PAYB_LINE_CURR,CLUSTERED,YES,YES,LINE_NO,2,NO
PAYB_LINE_CURR,PK_PAYB_LINE_CURR,CLUSTERED,YES,YES,CURRENCY_ID,3,NO
PERIOD,PK_PERIOD,CLUSTERED,YES,YES,ID,1,NO
PERIOD,PK_PERIOD,CLUSTERED,YES,YES,SITE_ID,2,NO
PERSON,PK_PERSON,CLUSTERED,YES,YES,ID,1,NO
PERSON,X_PERSON_0,NONCLUSTERED,NO,NO,ID,1,NO
PHYS_COUNT_LOC,PK_PHYS_COUNT_LOC,CLUSTERED,YES,YES,PHYS_COUNT_ID,1,NO
PHYS_COUNT_LOC,PK_PHYS_COUNT_LOC,CLUSTERED,YES,YES,WAREHOUSE_ID,2,NO
PHYS_COUNT_LOC,PK_PHYS_COUNT_LOC,CLUSTERED,YES,YES,LOCATION_ID,3,NO
PHYS_COUNT_LOC_ADJ,PK_PHYS_COUNT_LOC_ADJ,CLUSTERED,YES,YES,PHYS_COUNT_ID,1,NO
PHYS_COUNT_LOC_ADJ,PK_PHYS_COUNT_LOC_ADJ,CLUSTERED,YES,YES,WAREHOUSE_ID,2,NO
PHYS_COUNT_LOC_ADJ,PK_PHYS_COUNT_LOC_ADJ,CLUSTERED,YES,YES,LOCATION_ID,3,NO
PHYS_COUNT_LOC_ADJ,PK_PHYS_COUNT_LOC_ADJ,CLUSTERED,YES,YES,PART_ID,4,NO
PHYS_COUNT_TAG,PK_PHYS_COUNT_TAG,CLUSTERED,YES,YES,PHYS_COUNT_ID,1,NO
PHYS_COUNT_TAG,PK_PHYS_COUNT_TAG,CLUSTERED,YES,YES,TAG_NO,2,NO
PHYS_COUNT_TAG,X_PHYS_TAG_1,NONCLUSTERED,NO,NO,GROUP_NO,1,NO
PHYS_COUNT_TAG,X_PHYS_TAG_1,NONCLUSTERED,NO,NO,TAG_NO,2,NO
PHYS_COUNT_TAG,X_PHYS_TAG_2,NONCLUSTERED,NO,NO,WAREHOUSE_ID,1,NO
PHYS_COUNT_TAG,X_PHYS_TAG_2,NONCLUSTERED,NO,NO,LOCATION_ID,2,NO
PHYS_COUNT_TAG,X_PHYS_TAG_2,NONCLUSTERED,NO,NO,PART_ID,3,NO
PHYS_COUNT_TAG,X_PHYS_TAG_3,NONCLUSTERED,NO,NO,PART_ID,1,NO
PHYS_COUNT_TAG,X_PHYS_TAG_3,NONCLUSTERED,NO,NO,WAREHOUSE_ID,2,NO
PHYS_COUNT_TAG,X_PHYS_TAG_3,NONCLUSTERED,NO,NO,LOCATION_ID,3,NO
PHYS_INV_PIECES,X_PHYS_PIECES_0,NONCLUSTERED,YES,NO,PHYS_COUNT_ID,1,NO
PHYS_INV_PIECES,X_PHYS_PIECES_0,NONCLUSTERED,YES,NO,TAG_NO,2,NO
PHYS_INV_PIECES,X_PHYS_PIECES_0,NONCLUSTERED,YES,NO,PART_ID,3,NO
PHYS_INV_PIECES,X_PHYS_PIECES_0,NONCLUSTERED,YES,NO,LENGTH,4,NO
PHYS_INV_PIECES,X_PHYS_PIECES_0,NONCLUSTERED,YES,NO,WIDTH,5,NO
PHYS_INV_PIECES,X_PHYS_PIECES_0,NONCLUSTERED,YES,NO,HEIGHT,6,NO
PHYS_INV_PIECES,X_PHYS_PIECES_0,NONCLUSTERED,YES,NO,WAREHOUSE_ID,7,NO
PHYS_INV_PIECES,X_PHYS_PIECES_0,NONCLUSTERED,YES,NO,LOCATION_ID,8,NO
PHYS_INV_PIECES,X_PHYS_PIECES_0,NONCLUSTERED,YES,NO,DIMENSIONS_UM,9,NO
PHYS_INV_PIECES,X_PHYS_PIECES_0,NONCLUSTERED,YES,NO,SUB_TAG_NO,10,NO
PHYS_TRACE_COUNT,PK_PHYS_TRACE_COUNT,CLUSTERED,YES,YES,PHYS_COUNT_ID,1,NO
PHYS_TRACE_COUNT,PK_PHYS_TRACE_COUNT,CLUSTERED,YES,YES,TAG_NO,2,NO
PHYS_TRACE_COUNT,PK_PHYS_TRACE_COUNT,CLUSTERED,YES,YES,SUB_TAG_NO,3,NO
PHYS_TRACE_COUNT,X_PHYS_TRC_1,NONCLUSTERED,NO,NO,TRACE_ID,1,NO
PHYS_TRACE_COUNT,X_PHYS_TRC_2,NONCLUSTERED,NO,NO,PHYS_COUNT_ID,1,NO
PHYS_TRACE_COUNT,X_PHYS_TRC_2,NONCLUSTERED,NO,NO,TAG_NO,2,NO
PHYS_TRACE_COUNT,X_PHYS_TRC_2,NONCLUSTERED,NO,NO,SUB_COUNT_QTY,3,NO
PHYS_TRACE_COUNT,X_PHYS_TRC_3,NONCLUSTERED,NO,NO,PHYS_COUNT_ID,1,NO
PHYS_TRACE_COUNT,X_PHYS_TRC_3,NONCLUSTERED,NO,NO,TAG_NO,2,NO
PHYS_TRACE_COUNT,X_PHYS_TRC_3,NONCLUSTERED,NO,NO,SUB_RECOUNT_QTY,3,NO
PHYSICAL_COUNT,PK_PHYSICAL_COUNT,CLUSTERED,YES,YES,ID,1,NO
PHYSICAL_COUNT,X_PHYSICAL_COUNT_1,NONCLUSTERED,NO,NO,SITE_ID,1,NO
PLANNED_LOAD,X_PLANNEDLOAD_0,NONCLUSTERED,NO,NO,RESOURCE_ID,1,NO
PLANNED_LOAD,X_PLANNEDLOAD_0,NONCLUSTERED,NO,NO,CALC_DATE,2,NO
PLANNED_LOAD,X_PLANNEDLOAD_0,NONCLUSTERED,NO,NO,HORIZON,3,NO
PLANNED_MATL_REQ,X_PLANNED_REQ_0,NONCLUSTERED,YES,NO,PARENT_PART_ID,1,NO
PLANNED_MATL_REQ,X_PLANNED_REQ_0,NONCLUSTERED,YES,NO,PARENT_SEQ_NO,2,NO
PLANNED_MATL_REQ,X_PLANNED_REQ_0,NONCLUSTERED,YES,NO,REQ_NO,3,NO
PLANNED_MATL_REQ,X_PLANNED_REQ_0,NONCLUSTERED,YES,NO,SITE_ID,4,NO
PLANNED_MATL_REQ,X_PLANNED_REQ_0,NONCLUSTERED,YES,NO,WAREHOUSE_ID,5,NO
PLANNED_MATL_REQ,X_PLANNED_REQ_1,NONCLUSTERED,NO,NO,REQUIRED_PART_ID,1,NO
PLANNED_ORDER,X_PLANNED_ORDER_0,NONCLUSTERED,YES,NO,PART_ID,1,NO
PLANNED_ORDER,X_PLANNED_ORDER_0,NONCLUSTERED,YES,NO,SEQ_NO,2,NO
PLANNED_ORDER,X_PLANNED_ORDER_0,NONCLUSTERED,YES,NO,SITE_ID,3,NO
PLANNED_ORDER,X_PLANNED_ORDER_0,NONCLUSTERED,YES,NO,WAREHOUSE_ID,4,NO
PLANNED_ORDER,X_PLANNED_ORDER_1,NONCLUSTERED,NO,NO,MAIN_PART_ID,1,NO
PLANNED_ORDER,X_PLANNED_ORDER_1,NONCLUSTERED,NO,NO,MAIN_SEQ_NO,2,NO
PLANNING_BOM,X_PLAN_BOM_0,NONCLUSTERED,NO,NO,PARENT_PLN_PART_ID,1,NO
PLANNING_BOM,X_PLAN_BOM_1,NONCLUSTERED,NO,NO,SUBORD_PLN_PART_ID,1,NO
PLANNING_BOM,X_PLAN_BOM_2,NONCLUSTERED,NO,NO,SUBORD_PART_ID,1,NO
PLANNING_BOM,X_PLAN_BOM_3,NONCLUSTERED,YES,NO,PARENT_PLN_PART_ID,1,NO
PLANNING_BOM,X_PLAN_BOM_3,NONCLUSTERED,YES,NO,SUBORD_PLN_PART_ID,2,NO
PLANNING_BOM,X_PLAN_BOM_3,NONCLUSTERED,YES,NO,SUBORD_PART_ID,3,NO
PLANNING_CALENDAR,PK_PLANNING_CALENDAR,CLUSTERED,YES,YES,CALENDAR_NO,1,NO
PLANNING_FORECAST,X_PLAN_FOR_0,NONCLUSTERED,YES,NO,FORECAST_ID,1,NO
PLANNING_FORECAST,X_PLAN_FOR_0,NONCLUSTERED,YES,NO,SITE_ID,2,NO
PLANNING_FORECAST,X_PLAN_FOR_0,NONCLUSTERED,YES,NO,PART_ID,3,NO
PLANNING_FORECAST,X_PLAN_FOR_0,NONCLUSTERED,YES,NO,REQUIRED_DATE,4,NO
PLANNING_FORECAST,X_PLAN_FOR_0,NONCLUSTERED,YES,NO,WAREHOUSE_ID,5,NO
PLANNING_FORECAST,X_PLAN_FOR_1,NONCLUSTERED,NO,NO,PART_ID,1,NO
PLANNING_FORECAST,X_PLAN_FOR_1,NONCLUSTERED,NO,NO,FORECAST_ID,2,NO
PLANNING_FORECAST,X_PLAN_FOR_1,NONCLUSTERED,NO,NO,REQUIRED_DATE,3,NO
PLANNING_MPS,X_PLAN_MPS_0,NONCLUSTERED,YES,NO,PLANNING_PART_ID,1,NO
PLANNING_MPS,X_PLAN_MPS_0,NONCLUSTERED,YES,NO,WANT_DATE,2,NO
PLANNING_MPS,X_PLAN_MPS_0,NONCLUSTERED,YES,NO,WAREHOUSE_ID,3,NO
PLANNING_PART,PK_PLANNING_PART,CLUSTERED,YES,YES,ID,1,NO
PLANNING_PART,PK_PLANNING_PART,CLUSTERED,YES,YES,SITE_ID,2,NO
PLANNING_PART,X_PLAN_PART_1,NONCLUSTERED,NO,NO,DESCRIPTION,1,NO
PORT_OF_ARRIVAL,PK_PORT_OF_ARRIVAL,CLUSTERED,YES,YES,CODE,1,NO
PORT_OF_TRANS,PK_PORT_OF_TRANS,CLUSTERED,YES,YES,CODE,1,NO
PREF_DESCRIPTION,PK_PREF_DESCRIPTION,CLUSTERED,YES,YES,SECTION,1,NO
PREF_DESCRIPTION,PK_PREF_DESCRIPTION,CLUSTERED,YES,YES,ENTRY,2,NO
PREF_DESCRIPTION,X_PREF_DESCR_0,NONCLUSTERED,YES,NO,SECTION,1,NO
PREF_DESCRIPTION,X_PREF_DESCR_0,NONCLUSTERED,YES,NO,ENTRY,2,NO
PREFERENCES,X_PREFERENCES_0,NONCLUSTERED,YES,NO,USER_ID,1,NO
PREFERENCES,X_PREFERENCES_0,NONCLUSTERED,YES,NO,SECTION,2,NO
PREFERENCES,X_PREFERENCES_0,NONCLUSTERED,YES,NO,ENTRY,3,NO
PREFERENCES,X_PREFERENCES_1,NONCLUSTERED,NO,NO,ENTRY,1,NO
PREFERENCES,X_PREFERENCES_2,NONCLUSTERED,NO,NO,IS_GLOBAL,1,NO
PREFERENCES,X_PREFERENCES_2,NONCLUSTERED,NO,NO,USER_ID,2,NO
PREFERENCES,X_PREFERENCES_2,NONCLUSTERED,NO,NO,SECTION,3,NO
PREFERENCES,X_PREFERENCES_2,NONCLUSTERED,NO,NO,ENTRY,4,NO
PREFERENCES,X_PREFERENCES_3,NONCLUSTERED,NO,NO,IS_ACTIVE,1,NO
PREFERENCES,X_PREFERENCES_3,NONCLUSTERED,NO,NO,USER_ID,2,NO
PREFERENCES,X_PREFERENCES_3,NONCLUSTERED,NO,NO,SECTION,3,NO
PREFERENCES,X_PREFERENCES_3,NONCLUSTERED,NO,NO,ENTRY,4,NO
PREFERENCES,X_PREFERENCES_4,NONCLUSTERED,NO,NO,IS_ACTIVE,1,NO
PREFERENCES,X_PREFERENCES_4,NONCLUSTERED,NO,NO,IS_GLOBAL,2,NO
PREFERENCES,X_PREFERENCES_4,NONCLUSTERED,NO,NO,USER_ID,3,NO
PREFERENCES,X_PREFERENCES_4,NONCLUSTERED,NO,NO,SECTION,4,NO
PREFERENCES,X_PREFERENCES_4,NONCLUSTERED,NO,NO,ENTRY,5,NO
PRIORITY,PK_PRIORITY,CLUSTERED,YES,YES,CODE,1,NO
PROBLEM_CLASS,PK_PROBLEM_CLASS,CLUSTERED,YES,YES,ID,1,NO
PROCESS_ACTIVITY,PK_PROCESS_ACTIVITY,CLUSTERED,YES,YES,TYPE,1,NO
PROCESS_ACTIVITY,PK_PROCESS_ACTIVITY,CLUSTERED,YES,YES,SITE_ID,2,NO
PROCESS_ACTIVITY,PK_PROCESS_ACTIVITY,CLUSTERED,YES,YES,ID,3,NO
PROCESS_ACTIVITY,PK_PROCESS_ACTIVITY,CLUSTERED,YES,YES,DOCUMENT_ID,4,NO
PROCESS_ACTIVITY,PK_PROCESS_ACTIVITY,CLUSTERED,YES,YES,DOCUMENT_LINE_NO,5,NO
PROCESS_TYPE,PK_PROCESS_TYPE,CLUSTERED,YES,YES,SITE_ID,1,NO
PROCESS_TYPE,PK_PROCESS_TYPE,CLUSTERED,YES,YES,ID,2,NO
PROCESS_TYPE_LINE,PK_PROCESS_TYPE_LINE,CLUSTERED,YES,YES,SITE_ID,1,NO
PROCESS_TYPE_LINE,PK_PROCESS_TYPE_LINE,CLUSTERED,YES,YES,PROCESS_TYPE_ID,2,NO
PROCESS_TYPE_LINE,PK_PROCESS_TYPE_LINE,CLUSTERED,YES,YES,PROCESS,3,NO
PRODUCT,PK_PRODUCT,CLUSTERED,YES,YES,CODE,1,NO
PRODUCT_SYNC,PK_PRODUCT_SYNC,CLUSTERED,YES,YES,EVENT_ID,1,NO
PROFILES,PK_PROFILES,CLUSTERED,YES,YES,ID,1,NO
PROGRAM_NAME,PK_PROGRAM_NAME,CLUSTERED,YES,YES,USER_ID,1,NO
PROGRAM_NAME,PK_PROGRAM_NAME,CLUSTERED,YES,YES,MENU_ID,2,NO
PROGRAM_NAME,PK_PROGRAM_NAME,CLUSTERED,YES,YES,SEQ_NO,3,NO
PROGRAM_NAME,PK_PROGRAM_NAME,CLUSTERED,YES,YES,PROGRAM_ID,4,NO
PROJ_DIST_DETAIL,PK_PROJ_DIST_DETAIL,CLUSTERED,YES,YES,PROJECT_ID,1,NO
PROJ_DIST_DETAIL,PK_PROJ_DIST_DETAIL,CLUSTERED,YES,YES,SOURCE_TYPE,2,NO
PROJ_DIST_DETAIL,PK_PROJ_DIST_DETAIL,CLUSTERED,YES,YES,SOURCE_ID,3,NO
PROJ_DIST_DETAIL,PK_PROJ_DIST_DETAIL,CLUSTERED,YES,YES,SOURCE_TRANS_ID,4,NO
PROJ_DIST_DETAIL,PK_PROJ_DIST_DETAIL,CLUSTERED,YES,YES,SOURCE_LINE_NO,5,NO
PROJ_DIST_DETAIL,PK_PROJ_DIST_DETAIL,CLUSTERED,YES,YES,DIST_NO,6,NO
PROJ_DIST_DETAIL,PK_PROJ_DIST_DETAIL,CLUSTERED,YES,YES,PROJECT_SUMMARY_ID,7,NO
PROJ_DIST_DETAIL,PK_PROJ_DIST_DETAIL,CLUSTERED,YES,YES,CURRENCY_ID,8,NO
PROJ_DIST_DETAIL,X_PRJ_DST_DET_1,NONCLUSTERED,NO,NO,SOURCE_TYPE,1,NO
PROJ_DIST_DETAIL,X_PRJ_DST_DET_1,NONCLUSTERED,NO,NO,SOURCE_TRANS_ID,2,NO
PROJ_DIST_DETAIL,X_PRJ_DST_DET_2,NONCLUSTERED,NO,NO,SOURCE_TYPE,1,NO
PROJ_DIST_DETAIL,X_PRJ_DST_DET_2,NONCLUSTERED,NO,NO,SOURCE_ID,2,NO
PROJ_DIST_DETAIL,X_PRJ_DST_DET_2,NONCLUSTERED,NO,NO,SOURCE_LOT_ID,3,NO
PROJ_DIST_DETAIL,X_PRJ_DST_DET_2,NONCLUSTERED,NO,NO,SOURCE_SPLIT_ID,4,NO
PROJ_DIST_DETAIL,X_PRJ_DST_DET_2,NONCLUSTERED,NO,NO,SOURCE_SUB_ID,5,NO
PROJ_DIST_DETAIL,X_PRJ_DST_DET_3,NONCLUSTERED,NO,NO,SOURCE_TYPE,1,NO
PROJ_DIST_DETAIL,X_PRJ_DST_DET_3,NONCLUSTERED,NO,NO,SOURCE_ID,2,NO
PROJ_DIST_DETAIL,X_PRJ_DST_DET_3,NONCLUSTERED,NO,NO,SOURCE_LINE_NO,3,NO
PROJ_DIST_DETAIL,X_PRJ_DST_DET_4,NONCLUSTERED,NO,NO,PROJECT_SUMMARY_ID,1,NO
PROJ_DIST_DETAIL,X_PRJ_DST_DET_4,NONCLUSTERED,NO,NO,CURRENCY_ID,2,NO
PROJ_INFO_BINARY,PK_PROJ_INFO_BINARY,CLUSTERED,YES,YES,PROJECT_ID,1,NO
PROJ_INFO_BINARY,PK_PROJ_INFO_BINARY,CLUSTERED,YES,YES,TYPE,2,NO
PROJ_SUMM_BURD_AMT,PK_PROJ_SUMM_BURD_AMT,CLUSTERED,YES,YES,PROJECT_SUMMARY_ID,1,NO
PROJ_SUMM_BURD_AMT,PK_PROJ_SUMM_BURD_AMT,CLUSTERED,YES,YES,COST_CATEGORY_ID,2,NO
PROJECT_BASELINE,PK_PROJECT_BASELINE,CLUSTERED,YES,YES,WORKORDER_BASE_ID,1,NO
PROJECT_BASELINE,PK_PROJECT_BASELINE,CLUSTERED,YES,YES,WORKORDER_SPLIT_ID,2,NO
PROJECT_BATCH_LINK,PK_PROJECT_BATCH_LINK,CLUSTERED,YES,YES,SITE_ID,1,NO
PROJECT_BATCH_LINK,PK_PROJECT_BATCH_LINK,CLUSTERED,YES,YES,SOURCE_BATCH_ID,2,NO
PROJECT_BUDGET,PK_PROJECT_BUDGET,CLUSTERED,YES,YES,WORKORDER_TYPE,1,NO
PROJECT_BUDGET,PK_PROJECT_BUDGET,CLUSTERED,YES,YES,WORKORDER_BASE_ID,2,NO
PROJECT_BUDGET,PK_PROJECT_BUDGET,CLUSTERED,YES,YES,WORKORDER_LOT_ID,3,NO
PROJECT_BUDGET,PK_PROJECT_BUDGET,CLUSTERED,YES,YES,WORKORDER_SPLIT_ID,4,NO
PROJECT_BUDGET,PK_PROJECT_BUDGET,CLUSTERED,YES,YES,WORKORDER_SUB_ID,5,NO
PROJECT_BUDGET,PK_PROJECT_BUDGET,CLUSTERED,YES,YES,SEQUENCE_NO,6,NO
PROJECT_BUDGET,PK_PROJECT_BUDGET,CLUSTERED,YES,YES,DEPARTMENT_ID,7,NO
PROJECT_BUDGET,PK_PROJECT_BUDGET,CLUSTERED,YES,YES,COST_CATEGORY_ID,8,NO
PROJECT_BUDGET,X_PROJ_BUDGET_1,NONCLUSTERED,NO,NO,COST_CATEGORY_ID,1,NO
PROJECT_CEILING,PK_PROJECT_CEILING,CLUSTERED,YES,YES,PROJECT_ID,1,NO
PROJECT_CEILING,PK_PROJECT_CEILING,CLUSTERED,YES,YES,TYPE,2,NO
PROJECT_CEILING,PK_PROJECT_CEILING,CLUSTERED,YES,YES,COST_CATEGORY_ID,3,NO
PROJECT_CEILING,PK_PROJECT_CEILING,CLUSTERED,YES,YES,BASE_CATEGORY_ID,4,NO
PROJECT_CEILING,PK_PROJECT_CEILING,CLUSTERED,YES,YES,CLIN,5,NO
PROJECT_DIST,PK_PROJECT_DIST,CLUSTERED,YES,YES,PROJECT_ID,1,NO
PROJECT_DIST,PK_PROJECT_DIST,CLUSTERED,YES,YES,SOURCE_TYPE,2,NO
PROJECT_DIST,PK_PROJECT_DIST,CLUSTERED,YES,YES,SOURCE_ID,3,NO
PROJECT_DIST,PK_PROJECT_DIST,CLUSTERED,YES,YES,DIST_NO,4,NO
PROJECT_DIST,PK_PROJECT_DIST,CLUSTERED,YES,YES,ENTRY_NO,5,NO
PROJECT_DIST,PK_PROJECT_DIST,CLUSTERED,YES,YES,PROJECT_SUMMARY_ID,6,NO
PROJECT_DIST,PK_PROJECT_DIST,CLUSTERED,YES,YES,CURRENCY_ID,7,NO
PROJECT_DIST,X_PROJ_DIST_1,NONCLUSTERED,NO,NO,BATCH_ID,1,NO
PROJECT_DIST,X_PROJ_DIST_2,NONCLUSTERED,NO,NO,GL_ACCOUNT_ID,1,NO
PROJECT_DIST,X_PROJ_DIST_3,NONCLUSTERED,NO,NO,SITE_ID,1,NO
PROJECT_DIST,X_PROJ_DIST_4,NONCLUSTERED,NO,NO,SOURCE_TYPE,1,NO
PROJECT_DIST,X_PROJ_DIST_4,NONCLUSTERED,NO,NO,SOURCE_ID,2,NO
PROJECT_DIST,X_PROJ_DIST_4,NONCLUSTERED,NO,NO,SOURCE_LOT_ID,3,NO
PROJECT_DIST,X_PROJ_DIST_4,NONCLUSTERED,NO,NO,SOURCE_SPLIT_ID,4,NO
PROJECT_DIST,X_PROJ_DIST_4,NONCLUSTERED,NO,NO,SOURCE_SUB_ID,5,NO
PROJECT_DIST,X_PROJ_DIST_5,NONCLUSTERED,NO,NO,GL_ACCOUNT_ID,1,NO
PROJECT_DIST,X_PROJ_DIST_5,NONCLUSTERED,NO,NO,SOURCE_TYPE,2,NO
PROJECT_DIST,X_PROJ_DIST_5,NONCLUSTERED,NO,NO,CURRENCY_ID,3,NO
PROJECT_DIST,X_PROJ_DIST_5,NONCLUSTERED,NO,NO,AMOUNT_TYPE,4,NO
PROJECT_DIST,X_PROJ_DIST_5,NONCLUSTERED,NO,NO,POSTING_DATE,5,NO
PROJECT_DIST,X_PROJ_DIST_5,NONCLUSTERED,NO,NO,PROJECT_ID,6,NO
PROJECT_DIST,X_PROJ_DIST_6,NONCLUSTERED,NO,NO,PROJECT_SUMMARY_ID,1,NO
PROJECT_DIST,X_PROJ_DIST_6,NONCLUSTERED,NO,NO,CURRENCY_ID,2,NO
PROJECT_DIST,X_PROJ_DIST_6,NONCLUSTERED,NO,NO,AMOUNT_TYPE,3,NO
PROJECT_EAC_POC,PK_PROJECT_EAC_POC,CLUSTERED,YES,YES,ID,1,NO
PROJECT_EAC_POC,PK_PROJECT_EAC_POC,CLUSTERED,YES,YES,PROJECT_ID,2,NO
PROJECT_ETC,PK_PROJECT_ETC,CLUSTERED,YES,YES,PROJECT_ID,1,NO
PROJECT_ETC,PK_PROJECT_ETC,CLUSTERED,YES,YES,ETC_VERSION_ID,2,NO
PROJECT_ETC,X_PRJ_ETC_0,NONCLUSTERED,YES,NO,PROJECT_ID,1,NO
PROJECT_ETC,X_PRJ_ETC_0,NONCLUSTERED,YES,NO,ETC_VERSION_ID,2,NO
PROJECT_GL_TRANS,PK_PROJECT_GL_TRANS,CLUSTERED,YES,YES,USER_ID,1,NO
PROJECT_GL_TRANS,PK_PROJECT_GL_TRANS,CLUSTERED,YES,YES,ID,2,NO
PROJECT_GL_TRANS,X_PRJ_GL_TRANS_0,NONCLUSTERED,YES,NO,USER_ID,1,NO
PROJECT_GL_TRANS,X_PRJ_GL_TRANS_0,NONCLUSTERED,YES,NO,ID,2,NO
PROJECT_GL_TRANS,X_PRJ_GL_TRANS_1,NONCLUSTERED,YES,NO,GL_ACCOUNT_ID,1,NO
PROJECT_GL_TRANS,X_PRJ_GL_TRANS_1,NONCLUSTERED,YES,NO,PROJECT_ID,2,NO
PROJECT_GL_TRANS,X_PRJ_GL_TRANS_1,NONCLUSTERED,YES,NO,USER_ID,3,NO
PROJECT_GL_TRANS,X_PRJ_GL_TRANS_1,NONCLUSTERED,YES,NO,ID,4,NO
PROJECT_GL_TRANS,X_PRJ_GL_TRANS_2,NONCLUSTERED,YES,NO,PROJECT_ID,1,NO
PROJECT_GL_TRANS,X_PRJ_GL_TRANS_2,NONCLUSTERED,YES,NO,WBS_CODE,2,NO
PROJECT_GL_TRANS,X_PRJ_GL_TRANS_2,NONCLUSTERED,YES,NO,DEPARTMENT_ID,3,NO
PROJECT_GL_TRANS,X_PRJ_GL_TRANS_2,NONCLUSTERED,YES,NO,COST_CATEGORY_ID,4,NO
PROJECT_GL_TRANS,X_PRJ_GL_TRANS_2,NONCLUSTERED,YES,NO,USER_ID,5,NO
PROJECT_GL_TRANS,X_PRJ_GL_TRANS_2,NONCLUSTERED,YES,NO,ID,6,NO
PROJECT_INFO,PK_PROJECT_INFO,CLUSTERED,YES,YES,ID,1,NO
PROJECT_INFO,X_PROJ_INFO_1,NONCLUSTERED,NO,NO,PROJECT_TYPE,1,NO
PROJECT_STATUS,PK_PROJECT_STATUS,CLUSTERED,YES,YES,CODE,1,NO
PROJECT_SUMMARY,PK_PROJECT_SUMMARY,CLUSTERED,YES,YES,ID,1,NO
PROJECT_SUMMARY,X_PROJ_SUMM_2,NONCLUSTERED,NO,NO,COST_CATEGORY_ID,1,NO
PROJECT_SUMMARY,X_PROJ_SUMM_3,NONCLUSTERED,NO,NO,SITE_ID,1,NO
PROJECT_SUMMARY,X_PROJ_SUMM_4,NONCLUSTERED,NO,NO,PROJECT_SUMM_TYPE,1,NO
PROJECT_SUMMARY,X_PROJ_SUMM_4,NONCLUSTERED,NO,NO,WORKORDER_SPLIT_ID,2,NO
PROJECT_SUMMARY,X_PROJ_SUMM_4,NONCLUSTERED,NO,NO,WORKORDER_BASE_ID,3,NO
PROJECT_SUMMARY,X_PROJ_SUMM_5,NONCLUSTERED,NO,NO,ID,0,YES
PROJECT_SUMMARY,X_PROJ_SUMM_5,NONCLUSTERED,NO,NO,DESCRIPTION,1,NO
PROJECT_SUMMARY,X_PROJ_SUMM_5,NONCLUSTERED,NO,NO,PROJECT_ID,2,NO
PROJECT_SUMMARY,X_PROJ_SUMM_5,NONCLUSTERED,NO,NO,PROJECT_SUMM_TYPE,3,NO
PROJECT_SUMMARY,X_PROJ_SUMM_5,NONCLUSTERED,NO,NO,WORKORDER_BASE_ID,4,NO
PROJECT_SUMMARY,X_PROJ_SUMM_5,NONCLUSTERED,NO,NO,WORKORDER_LOT_ID,5,NO
PROJECT_SUMMARY,X_PROJ_SUMM_5,NONCLUSTERED,NO,NO,WORKORDER_SPLIT_ID,6,NO
PROJECT_SUMMARY,X_PROJ_SUMM_5,NONCLUSTERED,NO,NO,WORKORDER_SUB_ID,7,NO
PROJECT_SUMMARY,X_PROJ_SUMM_5,NONCLUSTERED,NO,NO,OPERATION_SEQ_NO,8,NO
PROJECT_SUMMARY,X_PROJ_SUMM_5,NONCLUSTERED,NO,NO,WBS_CODE,9,NO
PROJECT_SUMMARY,X_PROJ_SUMM_5,NONCLUSTERED,NO,NO,DEPARTMENT_ID,10,NO
PROJECT_SUMMARY,X_PROJ_SUMM_5,NONCLUSTERED,NO,NO,COST_CATEGORY_ID,11,NO
PROJECT_SUMMARY,X_PROJ_SUMM_5,NONCLUSTERED,NO,NO,ACCOUNT_YEAR,12,NO
PROJECT_SUMMARY,X_PROJ_SUMM_5,NONCLUSTERED,NO,NO,ACCOUNT_PERIOD,13,NO
PROJECT_TYPE,PK_PROJECT_TYPE,CLUSTERED,YES,YES,CODE,1,NO
PRORATED_LABOR_TX,PK_PRORATED_LABOR,CLUSTERED,YES,YES,PRORATE_ID,1,NO
PRORATED_LABOR_TX,PK_PRORATED_LABOR,CLUSTERED,YES,YES,TRANSACTION_ID,2,NO
PURC_CATEGORY_TYPE,PK_PURC_CATEGORY_TYPE,CLUSTERED,YES,YES,CODE,1,NO
PURC_GROUP_USER,PK_PURC_GROUP_USER,CLUSTERED,YES,YES,PURC_REQ_ID,1,NO
PURC_GROUP_USER,PK_PURC_GROUP_USER,CLUSTERED,YES,YES,GROUP_TYPE,2,NO
PURC_GROUP_USER,PK_PURC_GROUP_USER,CLUSTERED,YES,YES,USER_ID,3,NO
PURC_HISTORY,PK_PURC_HISTORY,CLUSTERED,YES,YES,PURC_REQ_ID,1,NO
PURC_HISTORY,PK_PURC_HISTORY,CLUSTERED,YES,YES,TYPE,2,NO
PURC_LINE_BINARY,PK_PURC_LINE_BINARY,CLUSTERED,YES,YES,PURC_ORDER_ID,1,NO
PURC_LINE_BINARY,PK_PURC_LINE_BINARY,CLUSTERED,YES,YES,PURC_ORDER_LINE_NO,2,NO
PURC_LINE_BINARY,PK_PURC_LINE_BINARY,CLUSTERED,YES,YES,TYPE,3,NO
PURC_LINE_DEL,PK_PURC_LINE_DEL,CLUSTERED,YES,YES,PURC_ORDER_ID,1,NO
PURC_LINE_DEL,PK_PURC_LINE_DEL,CLUSTERED,YES,YES,PURC_ORDER_LINE_NO,2,NO
PURC_LINE_DEL,PK_PURC_LINE_DEL,CLUSTERED,YES,YES,DEL_SCHED_LINE_NO,3,NO
PURC_LINE_DEL,X_PURC_LINE_DEL_1,NONCLUSTERED,NO,NO,WAREHOUSE_ID,1,NO
PURC_LINE_TRC_CTL,PK_PURC_LINE_TRC_CTL,CLUSTERED,YES,YES,PURC_ORDER_ID,1,NO
PURC_LINE_TRC_CTL,PK_PURC_LINE_TRC_CTL,CLUSTERED,YES,YES,PURC_ORDER_LINE_NO,2,NO
PURC_MATL_DETAIL,PK_PURC_MATL_DETAIL,CLUSTERED,YES,YES,PURC_ORDER_ID,1,NO
PURC_MATL_DETAIL,PK_PURC_MATL_DETAIL,CLUSTERED,YES,YES,DIST_NO,2,NO
PURC_MATL_DETAIL,PK_PURC_MATL_DETAIL,CLUSTERED,YES,YES,TRANSACTION_ID,3,NO
PURC_MATL_DETAIL,PK_PURC_MATL_DETAIL,CLUSTERED,YES,YES,CURRENCY_ID,4,NO
PURC_MATL_DETAIL,X_PURC_MATL_DET_1,NONCLUSTERED,NO,NO,PART_ID,1,NO
PURC_MATL_DETAIL,X_PURC_MATL_DET_1,NONCLUSTERED,NO,NO,TRANSACTION_ID,2,NO
PURC_MATL_DETAIL,X_PURC_MATL_DET_2,NONCLUSTERED,NO,NO,PURC_ORDER_ID,1,NO
PURC_MATL_DETAIL,X_PURC_MATL_DET_2,NONCLUSTERED,NO,NO,PURC_ORDER_LINE_NO,2,NO
PURC_MATL_DETAIL,X_PURC_MATL_DET_2,NONCLUSTERED,NO,NO,TRANSACTION_ID,3,NO
PURC_MATL_DETAIL,X_PURC_MATL_DET_3,NONCLUSTERED,NO,NO,TRANSACTION_ID,1,NO
PURC_MATL_DETAIL,X_PURC_MATL_DET_3,NONCLUSTERED,NO,NO,DIST_NO,2,NO
PURC_MATL_DETAIL,X_PURC_MATL_DET_4,NONCLUSTERED,NO,NO,TRANSACTION_ID,1,NO
PURC_ORDER_BINARY,PK_PURC_ORDER_BINARY,CLUSTERED,YES,YES,PURC_ORDER_ID,1,NO
PURC_ORDER_BINARY,PK_PURC_ORDER_BINARY,CLUSTERED,YES,YES,TYPE,2,NO
PURC_ORDER_CURR,PK_PURC_ORD_CURR,CLUSTERED,YES,YES,PURC_ORDER_ID,1,NO
PURC_ORDER_CURR,PK_PURC_ORD_CURR,CLUSTERED,YES,YES,CURRENCY_ID,2,NO
PURC_ORDER_LINE,PK_PURC_ORDER_LINE,CLUSTERED,YES,YES,PURC_ORDER_ID,1,NO
PURC_ORDER_LINE,PK_PURC_ORDER_LINE,CLUSTERED,YES,YES,LINE_NO,2,NO
PURC_ORDER_LINE,X_PURC_LINE_1,NONCLUSTERED,NO,NO,PART_ID,1,NO
PURC_ORDER_LINE,X_PURC_LINE_2,NONCLUSTERED,NO,NO,VENDOR_PART_ID,1,NO
PURC_ORDER_LINE,X_PURC_LINE_3,NONCLUSTERED,NO,NO,SERVICE_ID,1,NO
PURC_ORDER_LINE,X_PURC_LINE_4,NONCLUSTERED,NO,NO,WAREHOUSE_ID,1,NO
PURC_ORDER_LINE,X_PURC_LINE_5,NONCLUSTERED,NO,NO,COST_CATEGORY_ID,1,NO
PURC_ORDER_REQ,PK_PURC_ORDER_REQ,CLUSTERED,YES,YES,PURC_ORD_ID,1,NO
PURC_ORDER_REQ,PK_PURC_ORDER_REQ,CLUSTERED,YES,YES,PURC_ORD_LINE_NO,2,NO
PURC_ORDER_REQ,PK_PURC_ORDER_REQ,CLUSTERED,YES,YES,PURC_REQ_ID,3,NO
PURC_ORDER_REQ,PK_PURC_ORDER_REQ,CLUSTERED,YES,YES,PURC_REQ_LINE_NO,4,NO
PURC_ORDER_RFQ,PK_PURC_ORDER_RFQ,CLUSTERED,YES,YES,PURC_ORD_ID,1,NO
PURC_ORDER_RFQ,PK_PURC_ORDER_RFQ,CLUSTERED,YES,YES,PURC_ORD_LINE_NO,2,NO
PURC_ORDER_RFQ,PK_PURC_ORDER_RFQ,CLUSTERED,YES,YES,PURC_RFQ_ID,3,NO
PURC_ORDER_RFQ,PK_PURC_ORDER_RFQ,CLUSTERED,YES,YES,PURC_RFQ_LINE_NO,4,NO
PURC_ORDER_SYNC,PK_PO_SYNC,CLUSTERED,YES,YES,EVENT_ID,1,NO
PURC_REQ_BINARY,PK_PURC_REQ_BINARY,CLUSTERED,YES,YES,PURC_REQ_ID,1,NO
PURC_REQ_BINARY,PK_PURC_REQ_BINARY,CLUSTERED,YES,YES,TYPE,2,NO
PURC_REQ_CURR,PK_PURC_REQ_CURR,CLUSTERED,YES,YES,PURC_REQ_ID,1,NO
PURC_REQ_CURR,PK_PURC_REQ_CURR,CLUSTERED,YES,YES,CURRENCY_ID,2,NO
PURC_REQ_LINE,PK_PURC_REQ_LINE,CLUSTERED,YES,YES,PURC_REQ_ID,1,NO
PURC_REQ_LINE,PK_PURC_REQ_LINE,CLUSTERED,YES,YES,LINE_NO,2,NO
PURC_REQ_LINE,X_REQ_LINE_1,NONCLUSTERED,NO,NO,PART_ID,1,NO
PURC_REQ_LINE,X_REQ_LINE_2,NONCLUSTERED,NO,NO,VENDOR_PART_ID,1,NO
PURC_REQ_LINE,X_REQ_LINE_3,NONCLUSTERED,NO,NO,WAREHOUSE_ID,1,NO
PURC_REQ_LINE,X_REQ_LINE_4,NONCLUSTERED,NO,NO,COST_CATEGORY_ID,1,NO
PURC_REQ_LINE_DEL,PK_PURC_REQ_LINE_DEL,CLUSTERED,YES,YES,PURC_REQ_ID,1,NO
PURC_REQ_LINE_DEL,PK_PURC_REQ_LINE_DEL,CLUSTERED,YES,YES,PURC_REQ_LINE_NO,2,NO
PURC_REQ_LINE_DEL,PK_PURC_REQ_LINE_DEL,CLUSTERED,YES,YES,DEL_SCHED_LINE_NO,3,NO
PURC_REQ_LINE_DEL,X_PURC_RQ_LN_DEL_1,NONCLUSTERED,NO,NO,WAREHOUSE_ID,1,NO
PURC_REQ_LN_BINARY,PK_PURC_REQ_LN_BINARY,CLUSTERED,YES,YES,PURC_REQ_ID,1,NO
PURC_REQ_LN_BINARY,PK_PURC_REQ_LN_BINARY,CLUSTERED,YES,YES,PURC_REQ_LINE_NO,2,NO
PURC_REQ_LN_BINARY,PK_PURC_REQ_LN_BINARY,CLUSTERED,YES,YES,TYPE,3,NO
PURC_REQUISITION,PK_PURC_REQISITION,CLUSTERED,YES,YES,ID,1,NO
PURC_REQUISITION,X_PURC_REQ_1,NONCLUSTERED,NO,NO,SITE_ID,1,NO
PURC_REQUISITION,X_PURC_REQ_2,NONCLUSTERED,NO,NO,WAREHOUSE_ID,1,NO
PURC_RFQ_REQ,PK_PURC_RFQ_REQ,CLUSTERED,YES,YES,RFQ_ID,1,NO
PURC_RFQ_REQ,PK_PURC_RFQ_REQ,CLUSTERED,YES,YES,RFQ_LINE_NO,2,NO
PURC_RFQ_REQ,PK_PURC_RFQ_REQ,CLUSTERED,YES,YES,PURC_REQ_ID,3,NO
PURC_RFQ_REQ,PK_PURC_RFQ_REQ,CLUSTERED,YES,YES,PURC_REQ_LINE_NO,4,NO
PURC_SERV_DETAIL,PK_PURC_SERV_DETAIL,CLUSTERED,YES,YES,PURC_ORDER_ID,1,NO
PURC_SERV_DETAIL,PK_PURC_SERV_DETAIL,CLUSTERED,YES,YES,DIST_NO,2,NO
PURC_SERV_DETAIL,PK_PURC_SERV_DETAIL,CLUSTERED,YES,YES,TRANSACTION_ID,3,NO
PURC_SERV_DETAIL,PK_PURC_SERV_DETAIL,CLUSTERED,YES,YES,CURRENCY_ID,4,NO
PURC_SERV_DETAIL,X_PURC_SERV_DET_1,NONCLUSTERED,NO,NO,SERVICE_ID,1,NO
PURC_SERV_DETAIL,X_PURC_SERV_DET_1,NONCLUSTERED,NO,NO,TRANSACTION_ID,2,NO
PURC_SERV_DETAIL,X_PURC_SERV_DET_2,NONCLUSTERED,NO,NO,PURC_ORDER_ID,1,NO
PURC_SERV_DETAIL,X_PURC_SERV_DET_2,NONCLUSTERED,NO,NO,PURC_ORDER_LINE_NO,2,NO
PURC_SERV_DETAIL,X_PURC_SERV_DET_2,NONCLUSTERED,NO,NO,TRANSACTION_ID,3,NO
PURC_SERV_DETAIL,X_PURC_SERV_DET_3,NONCLUSTERED,NO,NO,TRANSACTION_ID,1,NO
PURC_SERV_DETAIL,X_PURC_SERV_DET_4,NONCLUSTERED,NO,NO,TRANSACTION_ID,1,NO
PURC_SERV_DETAIL,X_PURC_SERV_DET_4,NONCLUSTERED,NO,NO,DIST_NO,2,NO
PURCHASE_CONTRACT,PK_PURCHASE_CONTRACT,CLUSTERED,YES,YES,ID,1,NO
PURCHASE_DIST,PK_PURCHASE_DIST,CLUSTERED,YES,YES,PURC_ORDER_ID,1,NO
PURCHASE_DIST,PK_PURCHASE_DIST,CLUSTERED,YES,YES,DIST_NO,2,NO
PURCHASE_DIST,PK_PURCHASE_DIST,CLUSTERED,YES,YES,ENTRY_NO,3,NO
PURCHASE_DIST,PK_PURCHASE_DIST,CLUSTERED,YES,YES,CURRENCY_ID,4,NO
PURCHASE_DIST,X_PURC_DIST_1,NONCLUSTERED,NO,NO,BATCH_ID,1,NO
PURCHASE_DIST,X_PURC_DIST_2,NONCLUSTERED,NO,NO,GL_ACCOUNT_ID,1,NO
PURCHASE_DIST,X_PURC_DIST_3,NONCLUSTERED,NO,NO,SITE_ID,1,NO
PURCHASE_ORDER,PK_PURCHASE_ORDER,CLUSTERED,YES,YES,ID,1,NO
PURCHASE_ORDER,X_PURC_ORDER_1,NONCLUSTERED,NO,NO,VENDOR_ID,1,NO
PURCHASE_ORDER,X_PURC_ORDER_2,NONCLUSTERED,NO,NO,POSTING_CANDIDATE,1,NO
PURCHASE_ORDER,X_PURC_ORDER_3,NONCLUSTERED,NO,NO,VENDOR_ID,1,NO
PURCHASE_ORDER,X_PURC_ORDER_3,NONCLUSTERED,NO,NO,PURC_ORD_ADDR_NO,2,NO
PURCHASE_ORDER,X_PURC_ORDER_4,NONCLUSTERED,NO,NO,SHIPTO_ADDR_NO,1,NO
PURCHASE_ORDER,X_PURC_ORDER_5,NONCLUSTERED,NO,NO,SITE_ID,1,NO
PURCHASE_ORDER,X_PURC_ORDER_6,NONCLUSTERED,NO,NO,WAREHOUSE_ID,1,NO
QRP_CONTROL,PK_QRP_CONTROL,CLUSTERED,YES,YES,STD_QRP_NAME,1,NO
QRP_CONTROL,PK_QRP_CONTROL,CLUSTERED,YES,YES,CONTEXT_TYPE,2,NO
QRP_CONTROL,PK_QRP_CONTROL,CLUSTERED,YES,YES,CONTEXT_ID,3,NO
QUERY,PK_QUERY,CLUSTERED,YES,YES,USER_ID,1,NO
QUERY,PK_QUERY,CLUSTERED,YES,YES,NAME,2,NO
QUOTE,PK_QUOTE,CLUSTERED,YES,YES,ID,1,NO
QUOTE,X_QUOTE_1,NONCLUSTERED,NO,NO,CUSTOMER_ID,1,NO
QUOTE,X_QUOTE_2,NONCLUSTERED,NO,NO,CURRENCY_ID,1,NO
QUOTE,X_QUOTE_3,NONCLUSTERED,NO,NO,SITE_ID,1,NO
QUOTE,X_QUOTE_4,NONCLUSTERED,NO,NO,PROJECT_ID,1,NO
QUOTE_BINARY,PK_QUOTE_BINARY,CLUSTERED,YES,YES,QUOTE_ID,1,NO
QUOTE_BINARY,PK_QUOTE_BINARY,CLUSTERED,YES,YES,TYPE,2,NO
QUOTE_LINE,PK_QUOTE_LINE,CLUSTERED,YES,YES,QUOTE_ID,1,NO
QUOTE_LINE,PK_QUOTE_LINE,CLUSTERED,YES,YES,LINE_NO,2,NO
QUOTE_LINE,X_QUOTE_LINE_1,NONCLUSTERED,NO,NO,WORKORDER_TYPE,1,NO
QUOTE_LINE,X_QUOTE_LINE_1,NONCLUSTERED,NO,NO,WORKORDER_BASE_ID,2,NO
QUOTE_LINE,X_QUOTE_LINE_1,NONCLUSTERED,NO,NO,WORKORDER_LOT_ID,3,NO
QUOTE_LINE,X_QUOTE_LINE_1,NONCLUSTERED,NO,NO,WORKORDER_SPLIT_ID,4,NO
QUOTE_LINE,X_QUOTE_LINE_1,NONCLUSTERED,NO,NO,WORKORDER_SUB_ID,5,NO
QUOTE_LINE,X_QUOTE_LINE_2,NONCLUSTERED,NO,NO,PART_ID,1,NO
QUOTE_LINE,X_QUOTE_LINE_3,NONCLUSTERED,NO,NO,CUSTOMER_PART_ID,1,NO
QUOTE_LINE_BILLING,PK_QUOTE_LINE_BILLING,CLUSTERED,YES,YES,QUOTE_ID,1,NO
QUOTE_LINE_BILLING,PK_QUOTE_LINE_BILLING,CLUSTERED,YES,YES,QUOTE_LINE_NO,2,NO
QUOTE_LINE_BILLING,PK_QUOTE_LINE_BILLING,CLUSTERED,YES,YES,EVENT_SEQ_NO,3,NO
QUOTE_LINE_BINARY,PK_QUOTE_LINE_BINARY,CLUSTERED,YES,YES,QUOTE_ID,1,NO
QUOTE_LINE_BINARY,PK_QUOTE_LINE_BINARY,CLUSTERED,YES,YES,QUOTE_LINE_NO,2,NO
QUOTE_LINE_BINARY,PK_QUOTE_LINE_BINARY,CLUSTERED,YES,YES,TYPE,3,NO
QUOTE_OPT_BINARY,PK_QUOTE_OPT_BINARY,CLUSTERED,YES,YES,QUOTE_ID,1,NO
QUOTE_OPT_BINARY,PK_QUOTE_OPT_BINARY,CLUSTERED,YES,YES,QUOTE_LINE_NO,2,NO
QUOTE_OPT_BINARY,PK_QUOTE_OPT_BINARY,CLUSTERED,YES,YES,TYPE,3,NO
QUOTE_OPT_BINARY,PK_QUOTE_OPT_BINARY,CLUSTERED,YES,YES,SEQ_NO,4,NO
QUOTE_ORDER,PK_QUOTE_ORDER,CLUSTERED,YES,YES,QUOTE_ID,1,NO
QUOTE_ORDER,PK_QUOTE_ORDER,CLUSTERED,YES,YES,CUST_ORDER_ID,2,NO
QUOTE_ORDER,X_QUOTE_ORDER_1,NONCLUSTERED,NO,NO,CUST_ORDER_ID,1,NO
QUOTE_ORDER_LINE,PK_QOUTE_ORDER_LINE,CLUSTERED,YES,YES,QUOTE_ID,1,NO
QUOTE_ORDER_LINE,PK_QOUTE_ORDER_LINE,CLUSTERED,YES,YES,QUOTE_LINE_NO,2,NO
QUOTE_ORDER_LINE,PK_QOUTE_ORDER_LINE,CLUSTERED,YES,YES,CUST_ORDER_ID,3,NO
QUOTE_ORDER_LINE,PK_QOUTE_ORDER_LINE,CLUSTERED,YES,YES,CUST_ORDER_LINE_NO,4,NO
QUOTE_PRICE,PK_QUOTE_PRICE,CLUSTERED,YES,YES,QUOTE_ID,1,NO
QUOTE_PRICE,PK_QUOTE_PRICE,CLUSTERED,YES,YES,QUOTE_LINE_NO,2,NO
QUOTE_PRICE,PK_QUOTE_PRICE,CLUSTERED,YES,YES,QTY,3,NO
QUOTE_PRICING_BIN,PK_QUOTE_PRICING_BIN,CLUSTERED,YES,YES,QUOTE_ID,1,NO
QUOTE_PRICING_BIN,PK_QUOTE_PRICING_BIN,CLUSTERED,YES,YES,TYPE,2,NO
QUOTED_OPTIONS,PK_QUOTED_OPTIONS,CLUSTERED,YES,YES,QUOTE_ID,1,NO
QUOTED_OPTIONS,PK_QUOTED_OPTIONS,CLUSTERED,YES,YES,QUOTE_LINE_NO,2,NO
QUOTED_OPTIONS,PK_QUOTED_OPTIONS,CLUSTERED,YES,YES,SEQ_NO,3,NO
QUOTED_OPTIONS,X_QTE_OPTIONS_1,NONCLUSTERED,NO,NO,PART_ID,1,NO
RATE,PK_RATE,CLUSTERED,YES,YES,ID,1,NO
RATE_DETAIL,PK_RATE_DETAIL,CLUSTERED,YES,YES,RATE_ID,1,NO
RATE_DETAIL,PK_RATE_DETAIL,CLUSTERED,YES,YES,SITE_ID,2,NO
RATE_DETAIL,PK_RATE_DETAIL,CLUSTERED,YES,YES,PERIOD_ID,3,NO
RATE_DETAIL,PK_RATE_DETAIL,CLUSTERED,YES,YES,COST_CATEGORY_ID,4,NO
RCR_GJ,PK_RCR_GJ,CLUSTERED,YES,YES,ID,1,NO
RCR_GJ_LINE,PK_RCR_GJ_LINE,CLUSTERED,YES,YES,RCR_ID,1,NO
RCR_GJ_LINE,PK_RCR_GJ_LINE,CLUSTERED,YES,YES,LINE_NO,2,NO
RCR_PAYABLE,PK_RCR_PAYABLE,CLUSTERED,YES,YES,ID,1,NO
RCR_PAYABLE,X_RCR_PAYABLE_1,NONCLUSTERED,NO,NO,VENDOR_ID,1,NO
RCR_PAYABLE,X_RCR_PAYABLE_2,NONCLUSTERED,NO,NO,SITE_ID,1,NO
RCR_PAYABLE,X_RCR_PAYABLE_3,NONCLUSTERED,NO,NO,PAYB_GL_ACCT_ID,1,NO
RCR_PAYABLE_LINE,PK_RCR_PAYABLE_LINE,CLUSTERED,YES,YES,RCR_PAYABLE_ID,1,NO
RCR_PAYABLE_LINE,PK_RCR_PAYABLE_LINE,CLUSTERED,YES,YES,LINE_NO,2,NO
RCR_PAYABLE_LINE,X_RCR_PAYB_LINE_1,NONCLUSTERED,NO,NO,GL_ACCOUNT_ID,1,NO
RCR_RECEIVABLE,PK_RCR_RECEIVABLE,CLUSTERED,YES,YES,ID,1,NO
RCR_RECEIVABLE,X_RCR_RECEIVABLE_1,NONCLUSTERED,NO,NO,CUSTOMER_ID,1,NO
RCR_RECEIVABLE,X_RCR_RECEIVABLE_2,NONCLUSTERED,NO,NO,SITE_ID,1,NO
RCR_RECEIVABLE,X_RCR_RECEIVABLE_3,NONCLUSTERED,NO,NO,RECV_GL_ACCT_ID,1,NO
RCR_RECV_LINE,PK_RCR_RECV_LINE,CLUSTERED,YES,YES,RCR_RECEIVABLE_ID,1,NO
RCR_RECV_LINE,PK_RCR_RECV_LINE,CLUSTERED,YES,YES,LINE_NO,2,NO
RCR_RECV_LINE,X_RCR_RECV_LINE_1,NONCLUSTERED,NO,NO,GL_ACCOUNT_ID,1,NO
RCR_RECV_SHARE,PK_RCR_RECV_SHARE,CLUSTERED,YES,YES,RCR_RECV_ID,1,NO
RCR_RECV_SHARE,PK_RCR_RECV_SHARE,CLUSTERED,YES,YES,SHARE_SALESREP_ID,2,NO
RCR_RECV_SHARE,X_RCRRECV_SHARE_1,NONCLUSTERED,NO,NO,SHARE_SALESREP_ID,1,NO
RCR_RECV_SHARE,X_RCRRECV_SHARE_1,NONCLUSTERED,NO,NO,RCR_RECV_ID,2,NO
REASON,PK_REASON,CLUSTERED,YES,YES,TYPE,1,NO
REASON,PK_REASON,CLUSTERED,YES,YES,CODE,2,NO
RECEIVABLE,PK_RECEIVABLE,CLUSTERED,YES,YES,INVOICE_ID,1,NO
RECEIVABLE,X_RECEIVABLE_1,NONCLUSTERED,NO,NO,CUSTOMER_ID,1,NO
RECEIVABLE,X_RECEIVABLE_2,NONCLUSTERED,NO,NO,PREPAY_ORDER_ID,1,NO
RECEIVABLE,X_RECEIVABLE_3,NONCLUSTERED,NO,NO,SITE_ID,1,NO
RECEIVABLE,X_RECEIVABLE_4,NONCLUSTERED,NO,NO,TOTAL_AMOUNT,1,NO
RECEIVABLE,X_RECEIVABLE_5,NONCLUSTERED,NO,NO,LAST_PAID_DATE,1,NO
RECEIVABLE,X_RECEIVABLE_6,NONCLUSTERED,NO,NO,VAT_REPORT_NO,1,NO
RECEIVABLE_BINARY,PK_RECEIVABLE_BINARY,CLUSTERED,YES,YES,INVOICE_ID,1,NO
RECEIVABLE_BINARY,PK_RECEIVABLE_BINARY,CLUSTERED,YES,YES,TYPE,2,NO
RECEIVABLE_CURR,PK_RECEIVABLE_CURR,CLUSTERED,YES,YES,INVOICE_ID,1,NO
RECEIVABLE_CURR,PK_RECEIVABLE_CURR,CLUSTERED,YES,YES,CURRENCY_ID,2,NO
RECEIVABLE_DIST,PK_RECEIVABLE_DIST,CLUSTERED,YES,YES,INVOICE_ID,1,NO
RECEIVABLE_DIST,PK_RECEIVABLE_DIST,CLUSTERED,YES,YES,DIST_NO,2,NO
RECEIVABLE_DIST,PK_RECEIVABLE_DIST,CLUSTERED,YES,YES,ENTRY_NO,3,NO
RECEIVABLE_DIST,PK_RECEIVABLE_DIST,CLUSTERED,YES,YES,CURRENCY_ID,4,NO
RECEIVABLE_DIST,X_RECV_DIST_1,NONCLUSTERED,NO,NO,BATCH_ID,1,NO
RECEIVABLE_DIST,X_RECV_DIST_2,NONCLUSTERED,NO,NO,GL_ACCOUNT_ID,1,NO
RECEIVABLE_DIST,X_RECV_DIST_3,NONCLUSTERED,NO,NO,SITE_ID,1,NO
RECEIVABLE_INST,PK_RECEIVABLE_INST,CLUSTERED,YES,YES,INVOICE_ID,1,NO
RECEIVABLE_INST,PK_RECEIVABLE_INST,CLUSTERED,YES,YES,INST_NO,2,NO
RECEIVABLE_LINE,PK_RECEIVABLE_LINE,CLUSTERED,YES,YES,INVOICE_ID,1,NO
RECEIVABLE_LINE,PK_RECEIVABLE_LINE,CLUSTERED,YES,YES,LINE_NO,2,NO
RECEIVABLE_LINE,X_RECV_LINE_1,NONCLUSTERED,NO,NO,GL_ACCOUNT_ID,1,NO
RECEIVABLE_LINE,X_RECV_LINE_2,NONCLUSTERED,NO,NO,CUST_ORDER_ID,1,NO
RECEIVABLE_LINE,X_RECV_LINE_2,NONCLUSTERED,NO,NO,CUST_ORDER_LINE_NO,2,NO
RECEIVABLE_LINE,X_RECV_LINE_3,NONCLUSTERED,NO,NO,PACKLIST_ID,1,NO
RECEIVABLE_LINE,X_RECV_LINE_3,NONCLUSTERED,NO,NO,PACKLIST_LINE_NO,2,NO
RECEIVABLE_SCHED,PK_RECEIVABLE_SCHED,CLUSTERED,YES,YES,INVOICE_ID,1,NO
RECEIVABLE_SCHED,PK_RECEIVABLE_SCHED,CLUSTERED,YES,YES,PROMISE_DATE,2,NO
RECEIVABLE_SHARE,PK_RECEIVABLE_SHARE,CLUSTERED,YES,YES,INVOICE_ID,1,NO
RECEIVABLE_SHARE,PK_RECEIVABLE_SHARE,CLUSTERED,YES,YES,SHARE_SALESREP_ID,2,NO
RECEIVABLE_SHARE,X_RECEIVE_SHARE_1,NONCLUSTERED,NO,NO,SHARE_SALESREP_ID,1,NO
RECEIVABLE_SHARE,X_RECEIVE_SHARE_1,NONCLUSTERED,NO,NO,INVOICE_ID,2,NO
RECEIVER,PK_RECEIVER,CLUSTERED,YES,YES,ID,1,NO
RECEIVER,X_RECEIVER_1,NONCLUSTERED,NO,NO,PURC_ORDER_ID,1,NO
RECEIVER,X_RECEIVER_2,NONCLUSTERED,NO,NO,SITE_ID,1,NO
RECEIVER_BINARY,PK_RECEIVER_BINARY,CLUSTERED,YES,YES,RECEIVER_ID,1,NO
RECEIVER_BINARY,PK_RECEIVER_BINARY,CLUSTERED,YES,YES,TYPE,2,NO
RECEIVER_LINE,PK_RECEIVER_LINE,CLUSTERED,YES,YES,RECEIVER_ID,1,NO
RECEIVER_LINE,PK_RECEIVER_LINE,CLUSTERED,YES,YES,LINE_NO,2,NO
RECEIVER_LINE,X_RECVR_LINE_1,NONCLUSTERED,NO,NO,INVOICE_ID,1,NO
RECEIVER_LINE,X_RECVR_LINE_2,NONCLUSTERED,NO,NO,PURC_ORDER_ID,1,NO
RECEIVER_LINE,X_RECVR_LINE_2,NONCLUSTERED,NO,NO,PURC_ORDER_LINE_NO,2,NO
RECEIVER_LINE,X_RECVR_LINE_3,NONCLUSTERED,NO,NO,WAREHOUSE_ID,1,NO
RECEIVER_LINE,X_RECVR_LINE_3,NONCLUSTERED,NO,NO,LOCATION_ID,2,NO
RECEIVER_LINE,X_RECVR_LINE_4,NONCLUSTERED,NO,NO,INSPECT_QTY,1,NO
RECEIVER_LINE,X_RECVR_LINE_4,NONCLUSTERED,NO,NO,RECEIVER_ID,2,NO
RECEIVER_LINE_DEL,PK_RECEIVER_LINE_DEL,CLUSTERED,YES,YES,RECEIVER_ID,1,NO
RECEIVER_LINE_DEL,PK_RECEIVER_LINE_DEL,CLUSTERED,YES,YES,RECEIVER_LINE_NO,2,NO
RECEIVER_LINE_DEL,PK_RECEIVER_LINE_DEL,CLUSTERED,YES,YES,LINE_NO,3,NO
RECV_LINE_BINARY,PK_RECV_LINE_BINARY,CLUSTERED,YES,YES,INVOICE_ID,1,NO
RECV_LINE_BINARY,PK_RECV_LINE_BINARY,CLUSTERED,YES,YES,RECV_LINE_NO,2,NO
RECV_LINE_BINARY,PK_RECV_LINE_BINARY,CLUSTERED,YES,YES,TYPE,3,NO
RECV_MEMO_APPLY,X_RECV_MEMO_APP_0,NONCLUSTERED,NO,NO,MEMO_INVOICE_ID,1,NO
RECV_MEMO_APPLY,X_RECV_MEMO_APP_0,NONCLUSTERED,NO,NO,INV_INVOICE_ID,2,NO
RECV_MEMO_APPLY,X_RECV_MEMO_APP_1,NONCLUSTERED,NO,NO,INV_INVOICE_ID,1,NO
RECV_MEMO_APPLY,X_RECV_MEMO_APP_1,NONCLUSTERED,NO,NO,MEMO_INVOICE_ID,2,NO
RECV_MEMO_APPLY,X_RECV_MEMO_APP_2,NONCLUSTERED,YES,NO,INV_INVOICE_ID,1,NO
RECV_MEMO_APPLY,X_RECV_MEMO_APP_2,NONCLUSTERED,YES,NO,MEMO_INVOICE_ID,2,NO
RECV_MEMO_APPLY,X_RECV_MEMO_APP_2,NONCLUSTERED,YES,NO,apply_date,3,NO
RECV_MEMO_APPLY,X_RECV_MEMO_APP_2,NONCLUSTERED,YES,NO,INST_NO,4,NO
RECVR_LINE_BINARY,PK_RECVR_LINE_BINARY,CLUSTERED,YES,YES,RECEIVER_ID,1,NO
RECVR_LINE_BINARY,PK_RECVR_LINE_BINARY,CLUSTERED,YES,YES,RECEIVER_LINE_NO,2,NO
REFERENCE_DESIGNATOR,PK_REFERENCE_DESIGNATOR,CLUSTERED,YES,YES,WORKORDER_TYPE,1,NO
REFERENCE_DESIGNATOR,PK_REFERENCE_DESIGNATOR,CLUSTERED,YES,YES,WORKORDER_BASE_ID,2,NO
REFERENCE_DESIGNATOR,PK_REFERENCE_DESIGNATOR,CLUSTERED,YES,YES,WORKORDER_LOT_ID,3,NO
REFERENCE_DESIGNATOR,PK_REFERENCE_DESIGNATOR,CLUSTERED,YES,YES,WORKORDER_SPLIT_ID,4,NO
REFERENCE_DESIGNATOR,PK_REFERENCE_DESIGNATOR,CLUSTERED,YES,YES,WORKORDER_SUB_ID,5,NO
REFERENCE_DESIGNATOR,PK_REFERENCE_DESIGNATOR,CLUSTERED,YES,YES,OPERATION_SEQ_NO,6,NO
REFERENCE_DESIGNATOR,PK_REFERENCE_DESIGNATOR,CLUSTERED,YES,YES,PIECE_NO,7,NO
REFERENCE_DESIGNATOR,PK_REFERENCE_DESIGNATOR,CLUSTERED,YES,YES,ID,8,NO
REFERENCE_DESIGNATOR,X_REF_DESIGNTR_1,NONCLUSTERED,NO,NO,ID,1,NO
REGION,PK_REGION,CLUSTERED,YES,YES,ID,1,NO
REPORT,PK_REPORT,CLUSTERED,YES,YES,ID,1,NO
REPORT_CAL_MAP,PK_RPT_CAL_MAP,CLUSTERED,YES,YES,RPT_CAL_ID,1,NO
REPORT_CAL_MAP,PK_RPT_CAL_MAP,CLUSTERED,YES,YES,FIN_CAL_ID,2,NO
REPORT_CALENDAR,PK_RPT_CALENDAR,CLUSTERED,YES,YES,ID,1,NO
REPORT_LINE,PK_REPORT_LINE,CLUSTERED,YES,YES,REPORT_ID,1,NO
REPORT_LINE,PK_REPORT_LINE,CLUSTERED,YES,YES,LINE_NO,2,NO
REQ_PART_ALTERNATE,PK_REQ_PART_ALTERNATE,CLUSTERED,YES,YES,WORKORDER_TYPE,1,NO
REQ_PART_ALTERNATE,PK_REQ_PART_ALTERNATE,CLUSTERED,YES,YES,WORKORDER_BASE_ID,2,NO
REQ_PART_ALTERNATE,PK_REQ_PART_ALTERNATE,CLUSTERED,YES,YES,WORKORDER_LOT_ID,3,NO
REQ_PART_ALTERNATE,PK_REQ_PART_ALTERNATE,CLUSTERED,YES,YES,WORKORDER_SPLIT_ID,4,NO
REQ_PART_ALTERNATE,PK_REQ_PART_ALTERNATE,CLUSTERED,YES,YES,WORKORDER_SUB_ID,5,NO
REQ_PART_ALTERNATE,PK_REQ_PART_ALTERNATE,CLUSTERED,YES,YES,OPERATION_SEQ_NO,6,NO
REQ_PART_ALTERNATE,PK_REQ_PART_ALTERNATE,CLUSTERED,YES,YES,PIECE_NO,7,NO
REQ_PART_ALTERNATE,PK_REQ_PART_ALTERNATE,CLUSTERED,YES,YES,PART_ID,8,NO
REQ_TRC_CTL,PK_REQ_TRC_CTL,CLUSTERED,YES,YES,WORKORDER_TYPE,1,NO
REQ_TRC_CTL,PK_REQ_TRC_CTL,CLUSTERED,YES,YES,WORKORDER_BASE_ID,2,NO
REQ_TRC_CTL,PK_REQ_TRC_CTL,CLUSTERED,YES,YES,WORKORDER_LOT_ID,3,NO
REQ_TRC_CTL,PK_REQ_TRC_CTL,CLUSTERED,YES,YES,WORKORDER_SPLIT_ID,4,NO
REQ_TRC_CTL,PK_REQ_TRC_CTL,CLUSTERED,YES,YES,WORKORDER_SUB_ID,5,NO
REQ_TRC_CTL,PK_REQ_TRC_CTL,CLUSTERED,YES,YES,OPERATION_SEQ_NO,6,NO
REQ_TRC_CTL,PK_REQ_TRC_CTL,CLUSTERED,YES,YES,PIECE_NO,7,NO
REQUEST_FOR_QUOTE,PK_REQUEST_FOR_QUOTE,CLUSTERED,YES,YES,ID,1,NO
REQUEST_FOR_QUOTE,X_RFQ_1,NONCLUSTERED,NO,NO,SITE_ID,1,NO
REQUIREMENT,PK_REQUIREMENT,CLUSTERED,YES,YES,WORKORDER_TYPE,1,NO
REQUIREMENT,PK_REQUIREMENT,CLUSTERED,YES,YES,WORKORDER_BASE_ID,2,NO
REQUIREMENT,PK_REQUIREMENT,CLUSTERED,YES,YES,WORKORDER_LOT_ID,3,NO
REQUIREMENT,PK_REQUIREMENT,CLUSTERED,YES,YES,WORKORDER_SPLIT_ID,4,NO
REQUIREMENT,PK_REQUIREMENT,CLUSTERED,YES,YES,WORKORDER_SUB_ID,5,NO
REQUIREMENT,PK_REQUIREMENT,CLUSTERED,YES,YES,OPERATION_SEQ_NO,6,NO
REQUIREMENT,PK_REQUIREMENT,CLUSTERED,YES,YES,PIECE_NO,7,NO
REQUIREMENT,X_REQUIREMENT_1,NONCLUSTERED,NO,NO,PART_ID,1,NO
REQUIREMENT,X_REQUIREMENT_2,NONCLUSTERED,NO,NO,STATUS,1,NO
REQUIREMENT,X_REQUIREMENT_3,NONCLUSTERED,NO,NO,USAGE_UM,1,NO
REQUIREMENT,X_REQUIREMENT_4,NONCLUSTERED,NO,NO,VENDOR_ID,1,NO
REQUIREMENT,X_REQUIREMENT_5,NONCLUSTERED,NO,NO,WORKORDER_TYPE,1,NO
REQUIREMENT,X_REQUIREMENT_5,NONCLUSTERED,NO,NO,WORKORDER_BASE_ID,2,NO
REQUIREMENT,X_REQUIREMENT_5,NONCLUSTERED,NO,NO,WORKORDER_LOT_ID,3,NO
REQUIREMENT,X_REQUIREMENT_5,NONCLUSTERED,NO,NO,WORKORDER_SPLIT_ID,4,NO
REQUIREMENT,X_REQUIREMENT_5,NONCLUSTERED,NO,NO,SUBORD_WO_SUB_ID,5,NO
REQUIREMENT,X_REQUIREMENT_6,NONCLUSTERED,NO,NO,WAREHOUSE_ID,1,NO
REQUIREMENT,X_REQUIREMENT_7,NONCLUSTERED,NO,NO,ROWID,1,NO
REQUIREMENT_BINARY,PK_REQUIREMENT_BINARY,CLUSTERED,YES,YES,WORKORDER_TYPE,1,NO
REQUIREMENT_BINARY,PK_REQUIREMENT_BINARY,CLUSTERED,YES,YES,WORKORDER_BASE_ID,2,NO
REQUIREMENT_BINARY,PK_REQUIREMENT_BINARY,CLUSTERED,YES,YES,WORKORDER_LOT_ID,3,NO
REQUIREMENT_BINARY,PK_REQUIREMENT_BINARY,CLUSTERED,YES,YES,WORKORDER_SPLIT_ID,4,NO
REQUIREMENT_BINARY,PK_REQUIREMENT_BINARY,CLUSTERED,YES,YES,WORKORDER_SUB_ID,5,NO
REQUIREMENT_BINARY,PK_REQUIREMENT_BINARY,CLUSTERED,YES,YES,OPERATION_SEQ_NO,6,NO
REQUIREMENT_BINARY,PK_REQUIREMENT_BINARY,CLUSTERED,YES,YES,PIECE_NO,7,NO
REQUIREMENT_BINARY,PK_REQUIREMENT_BINARY,CLUSTERED,YES,YES,TYPE,8,NO
REQUIREMENT_COST,PK_REQUIREMENT_COST,CLUSTERED,YES,YES,WORKORDER_TYPE,1,NO
REQUIREMENT_COST,PK_REQUIREMENT_COST,CLUSTERED,YES,YES,WORKORDER_BASE_ID,2,NO
REQUIREMENT_COST,PK_REQUIREMENT_COST,CLUSTERED,YES,YES,WORKORDER_LOT_ID,3,NO
REQUIREMENT_COST,PK_REQUIREMENT_COST,CLUSTERED,YES,YES,WORKORDER_SPLIT_ID,4,NO
REQUIREMENT_COST,PK_REQUIREMENT_COST,CLUSTERED,YES,YES,WORKORDER_SUB_ID,5,NO
REQUIREMENT_COST,PK_REQUIREMENT_COST,CLUSTERED,YES,YES,OPERATION_SEQ_NO,6,NO
REQUIREMENT_COST,PK_REQUIREMENT_COST,CLUSTERED,YES,YES,REQ_PIECE_NO,7,NO
REQUIREMENT_COST,PK_REQUIREMENT_COST,CLUSTERED,YES,YES,QTY,8,NO
REQUIREMENT_SCHED,PK_REQUIREMENT_SCHED,CLUSTERED,YES,YES,SCHEDULE_ID,1,NO
REQUIREMENT_SCHED,PK_REQUIREMENT_SCHED,CLUSTERED,YES,YES,WORKORDER_TYPE,2,NO
REQUIREMENT_SCHED,PK_REQUIREMENT_SCHED,CLUSTERED,YES,YES,WORKORDER_BASE_ID,3,NO
REQUIREMENT_SCHED,PK_REQUIREMENT_SCHED,CLUSTERED,YES,YES,WORKORDER_LOT_ID,4,NO
REQUIREMENT_SCHED,PK_REQUIREMENT_SCHED,CLUSTERED,YES,YES,WORKORDER_SPLIT_ID,5,NO
REQUIREMENT_SCHED,PK_REQUIREMENT_SCHED,CLUSTERED,YES,YES,WORKORDER_SUB_ID,6,NO
REQUIREMENT_SCHED,PK_REQUIREMENT_SCHED,CLUSTERED,YES,YES,SEQUENCE_NO,7,NO
REQUIREMENT_SCHED,PK_REQUIREMENT_SCHED,CLUSTERED,YES,YES,PIECE_NO,8,NO
REQUIREMENT_SCHED,X_REQ_SCHED_1,NONCLUSTERED,NO,NO,PART_ID,1,NO
REQUIREMENT_SCHED,X_REQ_SCHED_2,NONCLUSTERED,NO,NO,WORKORDER_TYPE,1,NO
REQUIREMENT_SCHED,X_REQ_SCHED_2,NONCLUSTERED,NO,NO,WORKORDER_BASE_ID,2,NO
REQUIREMENT_SCHED,X_REQ_SCHED_2,NONCLUSTERED,NO,NO,WORKORDER_LOT_ID,3,NO
REQUIREMENT_SCHED,X_REQ_SCHED_2,NONCLUSTERED,NO,NO,WORKORDER_SPLIT_ID,4,NO
REQUIREMENT_SCHED,X_REQ_SCHED_2,NONCLUSTERED,NO,NO,WORKORDER_SUB_ID,5,NO
REQUIREMENT_SCHED,X_REQ_SCHED_2,NONCLUSTERED,NO,NO,SEQUENCE_NO,6,NO
REQUIREMENT_SCHED,X_REQ_SCHED_2,NONCLUSTERED,NO,NO,PIECE_NO,7,NO
REQUIREMENT_SUM,PK_REQUIREMENTX,CLUSTERED,YES,YES,SPID,1,NO
REQUIREMENT_SUM,PK_REQUIREMENTX,CLUSTERED,YES,YES,WORKORDER_TYPE,2,NO
REQUIREMENT_SUM,PK_REQUIREMENTX,CLUSTERED,YES,YES,WORKORDER_BASE_ID,3,NO
REQUIREMENT_SUM,PK_REQUIREMENTX,CLUSTERED,YES,YES,WORKORDER_LOT_ID,4,NO
REQUIREMENT_SUM,PK_REQUIREMENTX,CLUSTERED,YES,YES,WORKORDER_SPLIT_ID,5,NO
REQUIREMENT_SUM,PK_REQUIREMENTX,CLUSTERED,YES,YES,WORKORDER_SUB_ID,6,NO
REQUIREMENT_SUM,PK_REQUIREMENTX,CLUSTERED,YES,YES,OPERATION_SEQ_NO,7,NO
REQUIREMENT_SUM,PK_REQUIREMENTX,CLUSTERED,YES,YES,PIECE_NO,8,NO
RES_SIMULATION,PK_,CLUSTERED,YES,YES,SIMULATION_ID,1,NO
RES_SIMULATION,PK_,CLUSTERED,YES,YES,RESOURCE_ID,2,NO
RES_SIMULATION,X_RES_SIM_1,NONCLUSTERED,NO,NO,SIMULATION_ID,1,NO
RES_SIMULATION,X_RES_SIM_1,NONCLUSTERED,NO,NO,RESOURCE_ID,2,NO
RES_SIMULATION,X_RES_SIM_1,NONCLUSTERED,NO,NO,WORKORDER_TYPE,3,NO
RES_SIMULATION,X_RES_SIM_1,NONCLUSTERED,NO,NO,WORKORDER_BASE_ID,4,NO
RES_SIMULATION,X_RES_SIM_1,NONCLUSTERED,NO,NO,WORKORDER_LOT_ID,5,NO
RES_SIMULATION,X_RES_SIM_1,NONCLUSTERED,NO,NO,WORKORDER_SPLIT_ID,6,NO
RES_SIMULATION,X_RES_SIM_1,NONCLUSTERED,NO,NO,WORKORDER_SUB_ID,7,NO
RESOURCE_SCHED,PK_RESOURCE_SCHED,CLUSTERED,YES,YES,SCHEDULE_ID,1,NO
RESOURCE_SCHED,PK_RESOURCE_SCHED,CLUSTERED,YES,YES,RESOURCE_ID,2,NO
RESOURCE_SCHED,X_RES_SCHD_1,NONCLUSTERED,NO,NO,RESOURCE_ID,1,NO
RESOURCE_SETUP,PK_RESOURCE_SETUP,CLUSTERED,YES,YES,RESOURCE_ID,1,NO
RESOURCE_SETUP,PK_RESOURCE_SETUP,CLUSTERED,YES,YES,SETUP_ID,2,NO
REVALUE,PK_REVALUE,CLUSTERED,YES,YES,ID,1,NO
REVALUE_CURR,PK_REVALUE_CURR,CLUSTERED,YES,YES,REVALUE_ID,1,NO
REVALUE_CURR,PK_REVALUE_CURR,CLUSTERED,YES,YES,CURRENCY_ID,2,NO
REVALUE_DIST,PK_REVALUE_DIST,CLUSTERED,YES,YES,REVALUE_ID,1,NO
REVALUE_DIST,PK_REVALUE_DIST,CLUSTERED,YES,YES,DIST_NO,2,NO
REVALUE_DIST,PK_REVALUE_DIST,CLUSTERED,YES,YES,ENTRY_NO,3,NO
REVALUE_DIST,PK_REVALUE_DIST,CLUSTERED,YES,YES,CURRENCY_ID,4,NO
REVALUE_LINE,PK_REVALUE_LINE,CLUSTERED,YES,YES,REVALUE_ID,1,NO
REVALUE_LINE,PK_REVALUE_LINE,CLUSTERED,YES,YES,LINE_NO,2,NO
REVENUE_DETAIL,PK_REVENUE_DETAIL,CLUSTERED,YES,YES,REV_DIST_ID,1,NO
REVENUE_DETAIL,PK_REVENUE_DETAIL,CLUSTERED,YES,YES,PROJECT_ID,2,NO
REVENUE_DETAIL,PK_REVENUE_DETAIL,CLUSTERED,YES,YES,CURRENCY_ID,3,NO
REVENUE_DIST,PK_REVENUE_DIST,CLUSTERED,YES,YES,ID,1,NO
REVENUE_DIST,PK_REVENUE_DIST,CLUSTERED,YES,YES,LINE_NO,2,NO
REVENUE_DIST,PK_REVENUE_DIST,CLUSTERED,YES,YES,PROJECT_ID,3,NO
REVENUE_DIST,PK_REVENUE_DIST,CLUSTERED,YES,YES,ENTRY_NO,4,NO
REVENUE_DIST,PK_REVENUE_DIST,CLUSTERED,YES,YES,CURRENCY_ID,5,NO
REVENUE_DIST,X_REVENUE_DIST_01,NONCLUSTERED,NO,NO,BATCH_ID,1,NO
REVENUE_DIST,X_REVENUE_DIST_02,NONCLUSTERED,NO,NO,GL_ACCOUNT_ID,1,NO
REVENUE_DIST,X_REVENUE_DIST_03,NONCLUSTERED,NO,NO,SITE_ID,1,NO
REVENUE_DIST,X_REVENUE_DIST_04,NONCLUSTERED,NO,NO,GL_ACCOUNT_ID,1,NO
REVENUE_DIST,X_REVENUE_DIST_04,NONCLUSTERED,NO,NO,TRANSACTION_DATE,2,NO
REVENUE_DIST,X_REVENUE_DIST_04,NONCLUSTERED,NO,NO,CURRENCY_ID,3,NO
REVENUE_DIST,X_REVENUE_DIST_04,NONCLUSTERED,NO,NO,PROJECT_ID,4,NO
REVISION_HISTORY,PK_REVISION_HISTORY,CLUSTERED,YES,YES,REVISION_ID,1,NO
REVISION_HISTORY,PK_REVISION_HISTORY,CLUSTERED,YES,YES,TYPE,2,NO
REVISION_HISTORY,PK_REVISION_HISTORY,CLUSTERED,YES,YES,HISTORY_ID,3,NO
REVISION_HISTORY,X_REV_HISTORY_1,NONCLUSTERED,YES,NO,REVISION_ID,1,NO
REVISION_HISTORY,X_REV_HISTORY_1,NONCLUSTERED,YES,NO,TYPE,2,NO
REVISION_HISTORY,X_REV_HISTORY_1,NONCLUSTERED,YES,NO,STAGE_ID,3,NO
REVISION_HISTORY,X_REV_HISTORY_1,NONCLUSTERED,YES,NO,HISTORY_ID,4,NO
REVISION_HISTORY,X_REV_HISTORY_2,NONCLUSTERED,NO,NO,TYPE,1,NO
REVISION_HISTORY,X_REV_HISTORY_2,NONCLUSTERED,NO,NO,STAGE_ID,2,NO
REVISION_HISTORY,X_REV_HISTORY_2,NONCLUSTERED,NO,NO,HISTORY_ID,3,NO
REVISION_HISTORY,X_REV_HISTORY_3,NONCLUSTERED,NO,NO,CREATE_DATE,1,NO
REVISION_NUMBERING,PK_REVISION_NUMBERING,CLUSTERED,YES,YES,STAGE_ID,1,NO
REVISION_NUMBERING,PK_REVISION_NUMBERING,CLUSTERED,YES,YES,LINE_NO,2,NO
REVISION_NUMBERING,X_REV_NUMBERING_1,NONCLUSTERED,YES,NO,REVISION_ID,1,NO
RFQ_BINARY,PK_RFQ_BINARY,CLUSTERED,YES,YES,RFQ_ID,1,NO
RFQ_BINARY,PK_RFQ_BINARY,CLUSTERED,YES,YES,TYPE,2,NO
RFQ_LINE,PK_RFQ_LINE,CLUSTERED,YES,YES,RFQ_ID,1,NO
RFQ_LINE,PK_RFQ_LINE,CLUSTERED,YES,YES,LINE_NO,2,NO
RFQ_LINE,X_RFQ_LINE_1,NONCLUSTERED,NO,NO,PART_ID,1,NO
RFQ_LINE,X_RFQ_LINE_2,NONCLUSTERED,NO,NO,VENDOR_PART_ID,1,NO
RFQ_LINE,X_RFQ_LINE_3,NONCLUSTERED,NO,NO,SERVICE_ID,1,NO
RFQ_LINE_BINARY,PK_RFQ_LINE_BINARY,CLUSTERED,YES,YES,RFQ_ID,1,NO
RFQ_LINE_BINARY,PK_RFQ_LINE_BINARY,CLUSTERED,YES,YES,RFQ_LINE_NO,2,NO
RFQ_LINE_BINARY,PK_RFQ_LINE_BINARY,CLUSTERED,YES,YES,TYPE,3,NO
RFQ_VENDOR,PK_RFQ_VENDOR,CLUSTERED,YES,YES,RFQ_ID,1,NO
RFQ_VENDOR,PK_RFQ_VENDOR,CLUSTERED,YES,YES,VENDOR_ID,2,NO
RFQ_VENDOR,X_RFQ_VENDOR_1,NONCLUSTERED,NO,NO,VENDOR_ID,1,NO
RFQ_VENDOR_QUOTE,PK_RFQ_VENDOR_QUOTE,CLUSTERED,YES,YES,RFQ_ID,1,NO
RFQ_VENDOR_QUOTE,PK_RFQ_VENDOR_QUOTE,CLUSTERED,YES,YES,VENDOR_ID,2,NO
RFQ_VENDOR_QUOTE,PK_RFQ_VENDOR_QUOTE,CLUSTERED,YES,YES,RFQ_LINE_NO,3,NO
RFQ_VND_QT_BINARY,PK_RFQ_VND_QT_BINARY,CLUSTERED,YES,YES,RFQ_ID,1,NO
RFQ_VND_QT_BINARY,PK_RFQ_VND_QT_BINARY,CLUSTERED,YES,YES,VENDOR_ID,2,NO
RFQ_VND_QT_BINARY,PK_RFQ_VND_QT_BINARY,CLUSTERED,YES,YES,RFQ_LINE_NO,3,NO
RFQ_VND_QT_BINARY,PK_RFQ_VND_QT_BINARY,CLUSTERED,YES,YES,TYPE,4,NO
RMA,PK_RMA,CLUSTERED,YES,YES,ID,1,NO
RMA_BINARY,PK_RMA_BINARY,CLUSTERED,YES,YES,RMA_ID,1,NO
RMA_BINARY,PK_RMA_BINARY,CLUSTERED,YES,YES,TYPE,2,NO
RMA_LINE,PK_RMA_LINE,CLUSTERED,YES,YES,RMA_ID,1,NO
RMA_LINE,PK_RMA_LINE,CLUSTERED,YES,YES,LINE_NO,2,NO
RMA_LINE_BINARY,PK_RMA_LINE_BINARY,CLUSTERED,YES,YES,RMA_ID,1,NO
RMA_LINE_BINARY,PK_RMA_LINE_BINARY,CLUSTERED,YES,YES,RMA_LINE_NO,2,NO
RMA_LINE_BINARY,PK_RMA_LINE_BINARY,CLUSTERED,YES,YES,TYPE,3,NO
RMA_LINE_DSL,PK_RMA_LINE_DSL,CLUSTERED,YES,YES,RMA_ID,1,NO
RMA_LINE_DSL,PK_RMA_LINE_DSL,CLUSTERED,YES,YES,RMA_LINE_NO,2,NO
RMA_LINE_DSL,PK_RMA_LINE_DSL,CLUSTERED,YES,YES,DSL_ID,3,NO
RMA_LINE_DSL,X_RMA_LINE_DSL,NONCLUSTERED,NO,NO,RMA_ID,1,NO
RMA_LINE_DSL,X_RMA_LINE_DSL,NONCLUSTERED,NO,NO,RMA_LINE_NO,2,NO
RMA_SYNC,PK_RMA_SYNC,CLUSTERED,YES,YES,EVENT_ID,1,NO
SALES_CODE_ENG,PK_SALES_CODE_ENG,CLUSTERED,YES,YES,SERIES_ID,1,NO
SALES_CODE_ENG,PK_SALES_CODE_ENG,CLUSTERED,YES,YES,MODEL_ID,2,NO
SALES_CODE_ENG,PK_SALES_CODE_ENG,CLUSTERED,YES,YES,SALES_CODE,3,NO
SALES_CODE_ENG,PK_SALES_CODE_ENG,CLUSTERED,YES,YES,SITE_ID,4,NO
SALES_CODE_ENG,X_SALES_CODE_ENG_1,NONCLUSTERED,NO,NO,PART_ID,1,NO
SALES_REP,PK_SALES_REP,CLUSTERED,YES,YES,ID,1,NO
SALES_REP,X_SALES_REP_1,NONCLUSTERED,NO,NO,VENDOR_ID,1,NO
SALES_REP,X_SALES_REP_2,NONCLUSTERED,NO,NO,EMPLOYEE_ID,1,NO
SALES_REP,X_SALES_REP_3,NONCLUSTERED,NO,NO,EARNING_CODE_ID,1,NO
SALES_REP_SHARE,PK_SALES_REP_SHARE,CLUSTERED,YES,YES,SALESREP_ID,1,NO
SALES_REP_SHARE,PK_SALES_REP_SHARE,CLUSTERED,YES,YES,SHARE_SALESREP_ID,2,NO
SALES_REP_SHARE,X_SLSREP_SHARE_1,NONCLUSTERED,NO,NO,SHARE_SALESREP_ID,1,NO
SALES_REP_SHARE,X_SLSREP_SHARE_1,NONCLUSTERED,NO,NO,SALESREP_ID,2,NO
SALES_TAX,PK_SALES_TAX,CLUSTERED,YES,YES,ID,1,NO
SALES_TAX,X_SALES_TAX_1,NONCLUSTERED,NO,NO,GL_ACCOUNT_ID,1,NO
SALES_TAX,X_SALES_TAX_2,NONCLUSTERED,NO,NO,RTN_GL_ACCT_ID,1,NO
SALES_TAX_GROUP,PK_SALES_TAX_GROUP,CLUSTERED,YES,YES,ID,1,NO
SALES_TAX_GRP_PART,X_SALES_TAX_GRP_PART_0,NONCLUSTERED,YES,NO,PART_ID,1,NO
SALES_TAX_GRP_PART,X_SALES_TAX_GRP_PART_0,NONCLUSTERED,YES,NO,CUSTOMER_ID,2,NO
SALES_TAX_GRP_PART,X_SALES_TAX_GRP_PART_0,NONCLUSTERED,YES,NO,ADDR_NO,3,NO
SALES_TAX_PCT,PK_SALES_TAX_PCT,CLUSTERED,YES,YES,SALES_TAX_ID,1,NO
SALES_TAX_PCT,PK_SALES_TAX_PCT,CLUSTERED,YES,YES,EFFECTIVE_DATE,2,NO
SCHEDULE,PK_SCHEDULE,CLUSTERED,YES,YES,ID,1,NO
SCHEDULE_GROUP,PK_SCHEDULE_GROUP,CLUSTERED,YES,YES,ID,1,NO
SCHEDULER_RUN_LOG,PK_SCHEDULER_RUN_LOG,CLUSTERED,YES,YES,SCHEDULE_ID,1,NO
SCHEDULER_RUN_LOG,PK_SCHEDULER_RUN_LOG,CLUSTERED,YES,YES,COUNT,2,NO
SCREEN_SIZE,X_SCREEN_SIZE_0,NONCLUSTERED,NO,NO,USER_ID,1,NO
SCREEN_SIZE,X_SCREEN_SIZE_0,NONCLUSTERED,NO,NO,SECTION,2,NO
SCREEN_SIZE,X_SCREEN_SIZE_0,NONCLUSTERED,NO,NO,ENTRY,3,NO
SCREEN_SIZE,X_SCREEN_SIZE_1,NONCLUSTERED,NO,NO,ENTRY,1,NO
SECURITY_CLASS,PK_SECURITY_CLASS,CLUSTERED,YES,YES,CODE,1,NO
SEGMENT,PK_SEGMENT,CLUSTERED,YES,YES,CODE,1,NO
SELECT_OPT_BINARY,PK_SELECT_OPT_BINARY,CLUSTERED,YES,YES,CUST_ORDER_ID,1,NO
SELECT_OPT_BINARY,PK_SELECT_OPT_BINARY,CLUSTERED,YES,YES,CUST_ORDER_LINE_NO,2,NO
SELECT_OPT_BINARY,PK_SELECT_OPT_BINARY,CLUSTERED,YES,YES,TYPE,3,NO
SELECT_OPT_BINARY,PK_SELECT_OPT_BINARY,CLUSTERED,YES,YES,SEQ_NO,4,NO
SELECTED_OPTIONS,PK_SELECTED_OPTIONS,CLUSTERED,YES,YES,CUST_ORDER_ID,1,NO
SELECTED_OPTIONS,PK_SELECTED_OPTIONS,CLUSTERED,YES,YES,CUST_ORDER_LINE_NO,2,NO
SELECTED_OPTIONS,PK_SELECTED_OPTIONS,CLUSTERED,YES,YES,SEQ_NO,3,NO
SELECTED_OPTIONS,X_SEL_OPTIONS_1,NONCLUSTERED,NO,NO,PART_ID,1,NO
SEMAPHORE,X_SEMAPHORE_0,NONCLUSTERED,YES,NO,ID,1,NO
SER_SIMULATION,PK_SER_SIMULATION,CLUSTERED,YES,YES,SIMULATION_ID,1,NO
SER_SIMULATION,PK_SER_SIMULATION,CLUSTERED,YES,YES,SERVICE_ID,2,NO
SER_SIMULATION,X_SER_SIMULATION_01,NONCLUSTERED,NO,NO,SIMULATION_ID,1,NO
SER_SIMULATION,X_SER_SIMULATION_01,NONCLUSTERED,NO,NO,SERVICE_ID,2,NO
SER_SIMULATION,X_SER_SIMULATION_01,NONCLUSTERED,NO,NO,WORKORDER_TYPE,3,NO
SER_SIMULATION,X_SER_SIMULATION_01,NONCLUSTERED,NO,NO,WORKORDER_BASE_ID,4,NO
SER_SIMULATION,X_SER_SIMULATION_01,NONCLUSTERED,NO,NO,WORKORDER_LOT_ID,5,NO
SER_SIMULATION,X_SER_SIMULATION_01,NONCLUSTERED,NO,NO,WORKORDER_SPLIT_ID,6,NO
SER_SIMULATION,X_SER_SIMULATION_01,NONCLUSTERED,NO,NO,WORKORDER_SUB_ID,7,NO
SERIES_MODEL_PART,PK_SERIES_MODEL_PART,CLUSTERED,YES,YES,SERIES_ID,1,NO
SERIES_MODEL_PART,PK_SERIES_MODEL_PART,CLUSTERED,YES,YES,MODEL_ID,2,NO
SERIES_MODEL_PART,PK_SERIES_MODEL_PART,CLUSTERED,YES,YES,SITE_ID,3,NO
SERIES_MODEL_PART,X_SER_MOD_PART_1,NONCLUSTERED,NO,NO,PART_ID,1,NO
SERV_CHARGE_BINARY,PK_SERV_CHARGE_BINARY,CLUSTERED,YES,YES,SERVICE_CHARGE_ID,1,NO
SERV_CHARGE_BINARY,PK_SERV_CHARGE_BINARY,CLUSTERED,YES,YES,TYPE,2,NO
SERV_DISP_BINARY,PK_SERV_DISP_BINARY,CLUSTERED,YES,YES,DISPATCH_ID,1,NO
SERV_DISP_BINARY,PK_SERV_DISP_BINARY,CLUSTERED,YES,YES,TYPE,2,NO
SERVICE,PK_SERVICE,CLUSTERED,YES,YES,ID,1,NO
SERVICE,X_SERVICE_1,NONCLUSTERED,NO,NO,VENDOR_ID,1,NO
SERVICE,X_SERVICE_2,NONCLUSTERED,NO,NO,SERVICE_PART_ID,1,NO
SERVICE_BINARY,PK_SERVICE_BINARY,CLUSTERED,YES,YES,SERVICE_ID,1,NO
SERVICE_BINARY,PK_SERVICE_BINARY,CLUSTERED,YES,YES,TYPE,2,NO
SERVICE_CHARGE,PK_SERVICE_CHARGE,CLUSTERED,YES,YES,ID,1,NO
SERVICE_DISP_LINE,PK_SERVICE_DISP_LINE,CLUSTERED,YES,YES,DISPATCH_ID,1,NO
SERVICE_DISP_LINE,PK_SERVICE_DISP_LINE,CLUSTERED,YES,YES,LINE_NO,2,NO
SERVICE_DISP_LINE,X_SERV_DISP_LINE_1,NONCLUSTERED,NO,NO,PURC_ORDER_ID,1,NO
SERVICE_DISP_LINE,X_SERV_DISP_LINE_1,NONCLUSTERED,NO,NO,PURC_ORDER_LINE_NO,2,NO
SERVICE_DISP_LINE,X_SERV_DISP_LINE_2,NONCLUSTERED,NO,NO,SERVICE_ID,1,NO
SERVICE_DISP_LINE,X_SERV_DISP_LINE_3,NONCLUSTERED,NO,NO,SERVICE_PART_ID,1,NO
SERVICE_DISPATCH,PK_SERVICE_DISPATCH,CLUSTERED,YES,YES,ID,1,NO
SERVICE_DISPATCH,X_SERV_DISPATCH_1,NONCLUSTERED,NO,NO,PURC_ORDER_ID,1,NO
SERVICE_DISPATCH,X_SERV_DISPATCH_2,NONCLUSTERED,NO,NO,VENDOR_ID,1,NO
SERVICE_DISPATCHED,PK_SERVICE_DISPATCHED,CLUSTERED,YES,YES,TRANSACTION_ID,1,NO
SERVICE_DISPATCHED,X_SERV_DISPD_1,NONCLUSTERED,NO,NO,WORKORDER_TYPE,1,NO
SERVICE_DISPATCHED,X_SERV_DISPD_1,NONCLUSTERED,NO,NO,WORKORDER_BASE_ID,2,NO
SERVICE_DISPATCHED,X_SERV_DISPD_1,NONCLUSTERED,NO,NO,WORKORDER_LOT_ID,3,NO
SERVICE_DISPATCHED,X_SERV_DISPD_1,NONCLUSTERED,NO,NO,WORKORDER_SPLIT_ID,4,NO
SERVICE_DISPATCHED,X_SERV_DISPD_1,NONCLUSTERED,NO,NO,WORKORDER_SUB_ID,5,NO
SERVICE_DISPATCHED,X_SERV_DISPD_1,NONCLUSTERED,NO,NO,OPERATION_SEQ_NO,6,NO
SERVICE_DISPATCHED,X_SERV_DISPD_2,NONCLUSTERED,NO,NO,PURC_ORDER_ID,1,NO
SERVICE_DISPATCHED,X_SERV_DISPD_2,NONCLUSTERED,NO,NO,PURC_ORDER_LINE_NO,2,NO
SERVICE_DISPATCHED,X_SERV_DISPD_3,NONCLUSTERED,NO,NO,DISPATCH_ID,1,NO
SERVICE_DISPATCHED,X_SERV_DISPD_3,NONCLUSTERED,NO,NO,DISPATCH_LINE_NO,2,NO
SERVICE_DISPATCHED,X_SERV_DISPD_4,NONCLUSTERED,NO,NO,SERVICE_ID,1,NO
SERVICE_RCPT_CURR,PK_SERVICE_RCPT_CURR,CLUSTERED,YES,YES,TRANSACTION_ID,1,NO
SERVICE_RCPT_CURR,PK_SERVICE_RCPT_CURR,CLUSTERED,YES,YES,CURRENCY_ID,2,NO
SERVICE_RCVR_DISP,PK_SERVICE_RCVR_DISP,CLUSTERED,YES,YES,RECEIVER_ID,1,NO
SERVICE_RCVR_DISP,PK_SERVICE_RCVR_DISP,CLUSTERED,YES,YES,RECEIVER_LINE_NO,2,NO
SERVICE_RCVR_DISP,PK_SERVICE_RCVR_DISP,CLUSTERED,YES,YES,DISPATCH_ID,3,NO
SERVICE_RCVR_DISP,PK_SERVICE_RCVR_DISP,CLUSTERED,YES,YES,DISPATCH_LINE_NO,4,NO
SERVICE_RCVR_DISP,X_SERV_RCVR_DISP_1,NONCLUSTERED,NO,NO,RECEIVER_ID,1,NO
SERVICE_RCVR_DISP,X_SERV_RCVR_DISP_1,NONCLUSTERED,NO,NO,RECEIVER_LINE_NO,2,NO
SERVICE_RCVR_DISP,X_SERV_RCVR_DISP_2,NONCLUSTERED,NO,NO,DISPATCH_ID,1,NO
SERVICE_RCVR_DISP,X_SERV_RCVR_DISP_2,NONCLUSTERED,NO,NO,DISPATCH_LINE_NO,2,NO
SERVICE_RECEIPT,PK_SERVICE_RECEIPT,CLUSTERED,YES,YES,TRANSACTION_ID,1,NO
SERVICE_RECEIPT,X_SERVICE_REC_1,NONCLUSTERED,NO,NO,SERVICE_ID,1,NO
SERVICE_RECEIPT,X_SERVICE_REC_2,NONCLUSTERED,NO,NO,WORKORDER_TYPE,1,NO
SERVICE_RECEIPT,X_SERVICE_REC_2,NONCLUSTERED,NO,NO,WORKORDER_BASE_ID,2,NO
SERVICE_RECEIPT,X_SERVICE_REC_2,NONCLUSTERED,NO,NO,WORKORDER_LOT_ID,3,NO
SERVICE_RECEIPT,X_SERVICE_REC_2,NONCLUSTERED,NO,NO,WORKORDER_SPLIT_ID,4,NO
SERVICE_RECEIPT,X_SERVICE_REC_2,NONCLUSTERED,NO,NO,WORKORDER_SUB_ID,5,NO
SERVICE_RECEIPT,X_SERVICE_REC_2,NONCLUSTERED,NO,NO,OPERATION_SEQ_NO,6,NO
SERVICE_RECEIPT,X_SERVICE_REC_3,NONCLUSTERED,NO,NO,TRANSACTION_ID,1,NO
SERVICE_RECEIPT,X_SERVICE_REC_4,NONCLUSTERED,NO,NO,PURC_ORDER_ID,1,NO
SERVICE_RECEIPT,X_SERVICE_REC_4,NONCLUSTERED,NO,NO,PURC_ORDER_LINE_NO,2,NO
SERVICE_RECEIPT,X_SERVICE_REC_5,NONCLUSTERED,NO,NO,RECEIVER_ID,1,NO
SERVICE_RECEIPT,X_SERVICE_REC_5,NONCLUSTERED,NO,NO,RECEIVER_LINE_NO,2,NO
SERVICE_RECEIPT,X_SERVICE_REC_6,NONCLUSTERED,NO,NO,VENDOR_ID,1,NO
SERVICE_RECEIPT,X_SERVICE_REC_7,NONCLUSTERED,NO,NO,COST_CATEGORY_ID,1,NO
SERVICE_SHIPPING,PK_SERVICE_SHIPPING,CLUSTERED,YES,YES,VENDOR_ID,1,NO
SERVICE_SHIPPING,PK_SERVICE_SHIPPING,CLUSTERED,YES,YES,DISPATCH_ADDR_ID,2,NO
SERVICE_SHIPPING,PK_SERVICE_SHIPPING,CLUSTERED,YES,YES,SERVICE_ID,3,NO
SERVICE_SHIPPING,PK_SERVICE_SHIPPING,CLUSTERED,YES,YES,SERVICE_PART_ID,4,NO
SERVICE_SHIPPING,PK_SERVICE_SHIPPING,CLUSTERED,YES,YES,CONTAINER_PART_ID,5,NO
SERVICE_SITE,PK_SERVICE_SITE,CLUSTERED,YES,YES,SITE_ID,1,NO
SERVICE_SITE,PK_SERVICE_SITE,CLUSTERED,YES,YES,SERVICE_ID,2,NO
SERVICE_UNIT_CONV,PK_SERVICE_UNIT_CONV,CLUSTERED,YES,YES,SERVICE_ID,1,NO
SERVICE_UNIT_CONV,PK_SERVICE_UNIT_CONV,CLUSTERED,YES,YES,FROM_UM,2,NO
SERVICE_UNIT_CONV,PK_SERVICE_UNIT_CONV,CLUSTERED,YES,YES,TO_UM,3,NO
SERVICE_UNIT_CONV,X_SERV_CONV_1,NONCLUSTERED,YES,NO,SERVICE_ID,1,NO
SERVICE_UNIT_CONV,X_SERV_CONV_1,NONCLUSTERED,YES,NO,TO_UM,2,NO
SERVICE_UNIT_CONV,X_SERV_CONV_1,NONCLUSTERED,YES,NO,FROM_UM,3,NO
SERVICE_UNIT_CONV,X_SERV_CONV_2,NONCLUSTERED,NO,NO,FROM_UM,1,NO
SERVICE_UNIT_CONV,X_SERV_CONV_3,NONCLUSTERED,NO,NO,TO_UM,1,NO
SETTINGS,PK_SETTINGS,CLUSTERED,YES,YES,NAME,1,NO
SETUP_ATTRIBUTE,PK_SETUP_ATTRIBUTE,CLUSTERED,YES,YES,ID,1,NO
SETUP_TYPE,PK_SETUP_TYPE,CLUSTERED,YES,YES,ID,1,NO
SETUP_TYPE_ATTRIB,PK_SETUP_TYPE_ATTRIB,CLUSTERED,YES,YES,SETUP_ID,1,NO
SETUP_TYPE_ATTRIB,PK_SETUP_TYPE_ATTRIB,CLUSTERED,YES,YES,ATTRIBUTE_ID,2,NO
SHIFT,PK_SHIFT,CLUSTERED,YES,YES,ID,1,NO
SHIFT,X_SHIFT_1,NONCLUSTERED,NO,NO,INDIRECT_ID,1,NO
SHIFT_DAY,PK_SHIFT_DAY,CLUSTERED,YES,YES,SHIFT_ID,1,NO
SHIFT_DAY,PK_SHIFT_DAY,CLUSTERED,YES,YES,SHIFT_CODE,2,NO
SHIP_REASON,PK_SHIP_REASON,CLUSTERED,YES,YES,TYPE,1,NO
SHIP_REASON,PK_SHIP_REASON,CLUSTERED,YES,YES,CODE,2,NO
SHIP_VIA,PK_SHIP_VIA,CLUSTERED,YES,YES,CODE,1,NO
SHIP_VIA_SYNC,PK_SHIP_VIA_SYNC,CLUSTERED,YES,YES,EVENT_ID,1,NO
SHIPMENT_DETAIL,PK_SHIPMENT_DETAIL,CLUSTERED,YES,YES,CUST_ORDER_ID,1,NO
SHIPMENT_DETAIL,PK_SHIPMENT_DETAIL,CLUSTERED,YES,YES,DIST_NO,2,NO
SHIPMENT_DETAIL,PK_SHIPMENT_DETAIL,CLUSTERED,YES,YES,TRANSACTION_ID,3,NO
SHIPMENT_DETAIL,PK_SHIPMENT_DETAIL,CLUSTERED,YES,YES,CURRENCY_ID,4,NO
SHIPMENT_DETAIL,X_SHIP_DET_1,NONCLUSTERED,NO,NO,PART_ID,1,NO
SHIPMENT_DETAIL,X_SHIP_DET_1,NONCLUSTERED,NO,NO,TRANSACTION_ID,2,NO
SHIPMENT_DETAIL,X_SHIP_DET_2,NONCLUSTERED,NO,NO,PRODUCT_CODE,1,NO
SHIPMENT_DETAIL,X_SHIP_DET_3,NONCLUSTERED,NO,NO,CUST_ORDER_ID,1,NO
SHIPMENT_DETAIL,X_SHIP_DET_3,NONCLUSTERED,NO,NO,CUST_ORDER_LINE_NO,2,NO
SHIPMENT_DETAIL,X_SHIP_DET_3,NONCLUSTERED,NO,NO,TRANSACTION_ID,3,NO
SHIPMENT_DETAIL,X_SHIP_DET_4,NONCLUSTERED,NO,NO,TRANSACTION_ID,1,NO
SHIPMENT_DETAIL,X_SHIP_DET_4,NONCLUSTERED,NO,NO,DIST_NO,2,NO
SHIPMENT_DIST,PK_SHIPMENT_DIST,CLUSTERED,YES,YES,CUST_ORDER_ID,1,NO
SHIPMENT_DIST,PK_SHIPMENT_DIST,CLUSTERED,YES,YES,DIST_NO,2,NO
SHIPMENT_DIST,PK_SHIPMENT_DIST,CLUSTERED,YES,YES,ENTRY_NO,3,NO
SHIPMENT_DIST,PK_SHIPMENT_DIST,CLUSTERED,YES,YES,CURRENCY_ID,4,NO
SHIPMENT_DIST,X_SHIP_DIST_1,NONCLUSTERED,NO,NO,BATCH_ID,1,NO
SHIPMENT_DIST,X_SHIP_DIST_2,NONCLUSTERED,NO,NO,GL_ACCOUNT_ID,1,NO
SHIPMENT_DIST,X_SHIP_DIST_3,NONCLUSTERED,NO,NO,SITE_ID,1,NO
SHIPPER,PK_SHIPPER,CLUSTERED,YES,YES,PACKLIST_ID,1,NO
SHIPPER,X_SHIPPER_1,NONCLUSTERED,NO,NO,INVOICE_ID,1,NO
SHIPPER,X_SHIPPER_2,NONCLUSTERED,NO,NO,CUST_ORDER_ID,1,NO
SHIPPER,X_SHIPPER_3,NONCLUSTERED,NO,NO,ESL_REPORT_NO,1,NO
SHIPPER,X_SHIPPER_4,NONCLUSTERED,NO,NO,SHIPPED_DATE,1,NO
SHIPPER_INVOICE,PK_SHIPPER_INVOICE,CLUSTERED,YES,YES,PACKLIST_ID,1,NO
SHIPPER_INVOICE,PK_SHIPPER_INVOICE,CLUSTERED,YES,YES,SITE_ID,2,NO
SHIPPER_LINE,PK_SHIPPER_LINE,CLUSTERED,YES,YES,PACKLIST_ID,1,NO
SHIPPER_LINE,PK_SHIPPER_LINE,CLUSTERED,YES,YES,LINE_NO,2,NO
SHIPPER_LINE,X_SHIPR_LINE_1,NONCLUSTERED,NO,NO,CUST_ORDER_ID,1,NO
SHIPPER_LINE,X_SHIPR_LINE_1,NONCLUSTERED,NO,NO,CUST_ORDER_LINE_NO,2,NO
SHIPPER_LINE_DEL,PK_SHIPPER_LINE_DEL,CLUSTERED,YES,YES,PACKLIST_ID,1,NO
SHIPPER_LINE_DEL,PK_SHIPPER_LINE_DEL,CLUSTERED,YES,YES,PACKLIST_LINE_NO,2,NO
SHIPPER_LINE_DEL,PK_SHIPPER_LINE_DEL,CLUSTERED,YES,YES,LINE_NO,3,NO
SHIPPER_LINK,X_SHIPLINK_0,NONCLUSTERED,YES,NO,BOL_ID,1,NO
SHIPPER_LINK,X_SHIPLINK_0,NONCLUSTERED,YES,NO,TARE_ID,2,NO
SHIPPER_LINK,X_SHIPLINK_0,NONCLUSTERED,YES,NO,PALLET_ID,3,NO
SHIPPER_LINK,X_SHIPLINK_0,NONCLUSTERED,YES,NO,CARTON_ID,4,NO
SHIPPER_LINK,X_SHIPLINK_0,NONCLUSTERED,YES,NO,CARTON_LINE_NO,5,NO
SHIPPER_LINK,X_SHIPLINK_0,NONCLUSTERED,YES,NO,CUST_ORDER_ID,6,NO
SHIPPER_LINK,X_SHIPLINK_0,NONCLUSTERED,YES,NO,CUST_ORDER_LINE_NO,7,NO
SHIPPER_LINK,X_SHIPLINK_0,NONCLUSTERED,YES,NO,CUST_ORDER_DEL_NO,8,NO
SHIPPER_LINK,X_SHIPLINK_0,NONCLUSTERED,YES,NO,PACKLIST_ID,9,NO
SHIPPER_LINK,X_SHIPLINK_0,NONCLUSTERED,YES,NO,PACKLIST_LINE_NO,10,NO
SHIPPER_LINK,X_SHIPLINK_1,NONCLUSTERED,NO,NO,PACKLIST_ID,1,NO
SHIPPER_LINK,X_SHIPLINK_1,NONCLUSTERED,NO,NO,PACKLIST_LINE_NO,2,NO
SHIPTO_ADDRESS,PK_SHIPTO_ADDRESS,CLUSTERED,YES,YES,ADDR_NO,1,NO
SHIPTO_ADDRESS,X_SHIPTO_ADDRESS_1,NONCLUSTERED,NO,NO,NAME,1,NO
SHIPTO_ADDRESS,X_SHIPTO_ADDRESS_2,NONCLUSTERED,NO,NO,CITY,1,NO
SHIPTO_ADDRESS,X_SHIPTO_ADDRESS_2,NONCLUSTERED,NO,NO,STATE,2,NO
SHIPTO_ADDRESS,X_SHIPTO_ADDRESS_2,NONCLUSTERED,NO,NO,ZIPCODE,3,NO
SHIPTO_ALT_WAREHS,PK_SHIPTO_ALT_WAREHS,CLUSTERED,YES,YES,CUSTOMER_ID,1,NO
SHIPTO_ALT_WAREHS,PK_SHIPTO_ALT_WAREHS,CLUSTERED,YES,YES,SHIPTO_ID,2,NO
SHIPTO_ALT_WAREHS,PK_SHIPTO_ALT_WAREHS,CLUSTERED,YES,YES,WAREHOUSE_ID,3,NO
SHIPTO_PRICE_GROUP,PK_SHIPTO_PRICE_GROUP,CLUSTERED,YES,YES,CODE,1,NO
SHOP_GROUP,PK_SHOP_GROUP,CLUSTERED,YES,YES,GROUP_RESOURCE_ID,1,NO
SHOP_GROUP,PK_SHOP_GROUP,CLUSTERED,YES,YES,SEQ_NO,2,NO
SHOP_GROUP,PK_SHOP_GROUP,CLUSTERED,YES,YES,SUB_RESOURCE_ID,3,NO
SHOP_GROUP,X_SHOP_GROUP_1,NONCLUSTERED,NO,NO,SUB_RESOURCE_ID,1,NO
SHOP_GROUP,X_SHOP_GROUP_1,NONCLUSTERED,NO,NO,GROUP_RESOURCE_ID,2,NO
SHOP_RESOURCE,PK_SHOP_RESOURCE,CLUSTERED,YES,YES,ID,1,NO
SHOP_RESOURCE,X_SHOP_RESOURCE_1,NONCLUSTERED,NO,NO,SCHEDULE_GROUP_ID,1,NO
SHOP_RESOURCE_SITE,PK_SHOP_RESOURCE_SITE,CLUSTERED,YES,YES,SITE_ID,1,NO
SHOP_RESOURCE_SITE,PK_SHOP_RESOURCE_SITE,CLUSTERED,YES,YES,RESOURCE_ID,2,NO
SHOP_VIEW,PK_SHOP_VIEW,CLUSTERED,YES,YES,VIEW_ID,1,NO
SHOP_VIEW,PK_SHOP_VIEW,CLUSTERED,YES,YES,SEQ_NO,2,NO
SHOP_VIEW,PK_SHOP_VIEW,CLUSTERED,YES,YES,RESOURCE_ID,3,NO
SHOP_VIEW,X_SHOP_VIEW_1,NONCLUSTERED,NO,NO,RESOURCE_ID,1,NO
SIC,PK_SIC,CLUSTERED,YES,YES,CODE,1,NO
SIC_SYNC,PK_SIC_SYNC,CLUSTERED,YES,YES,EVENT_ID,1,NO
SIMULATION,PK_SIMULATION,CLUSTERED,YES,YES,ID,1,NO
SITE,PK_SITE,CLUSTERED,YES,YES,ID,1,NO
SITE_SETTINGS,PK_SITE_SETTINGS,CLUSTERED,YES,YES,SITE_ID,1,NO
SITE_SETTINGS,PK_SITE_SETTINGS,CLUSTERED,YES,YES,NAME,2,NO
SIZING,PK_SIZING,CLUSTERED,YES,YES,USER_ID,1,NO
SIZING,PK_SIZING,CLUSTERED,YES,YES,PROGRAM_ID,2,NO
SIZING,PK_SIZING,CLUSTERED,YES,YES,SECTION,3,NO
SIZING,PK_SIZING,CLUSTERED,YES,YES,ENTRY,4,NO
SLS_TAX_GRP_TAX,PK_SLS_TAX_GRP_TAX,CLUSTERED,YES,YES,SALES_TAX_GROUP_ID,1,NO
SLS_TAX_GRP_TAX,PK_SLS_TAX_GRP_TAX,CLUSTERED,YES,YES,SALES_TAX_ID,2,NO
SLS_TAX_GRP_TAX,SLS_TAX_GRP_TAX_1,NONCLUSTERED,NO,NO,SALES_TAX_ID,1,NO
SOA_CODE_LIST,PK_SOA_CODE_LIST,CLUSTERED,YES,YES,LIST_ID,1,NO
SOA_CODE_LIST,PK_SOA_CODE_LIST,CLUSTERED,YES,YES,AGENCY_ID,2,NO
SOA_CODE_LIST,PK_SOA_CODE_LIST,CLUSTERED,YES,YES,CODE,3,NO
SOA_CODE_MAP,X_SOA_CODE_MAP_0,NONCLUSTERED,YES,NO,LIST_ID,1,NO
SOA_CODE_MAP,X_SOA_CODE_MAP_0,NONCLUSTERED,YES,NO,AGENCY_ID,2,NO
SOA_CODE_MAP,X_SOA_CODE_MAP_0,NONCLUSTERED,YES,NO,SOA_CODE,3,NO
SOA_CODE_MAP,X_SOA_CODE_MAP_0,NONCLUSTERED,YES,NO,VE_CODE,4,NO
SOA_CODE_MAP,X_SOA_CODE_MAP_1,NONCLUSTERED,YES,NO,LIST_ID,1,NO
SOA_CODE_MAP,X_SOA_CODE_MAP_1,NONCLUSTERED,YES,NO,AGENCY_ID,2,NO
SOA_CODE_MAP,X_SOA_CODE_MAP_1,NONCLUSTERED,YES,NO,VE_CODE,3,NO
SOA_DIMENSION,PK_SOA_DIMENSION,CLUSTERED,YES,YES,ID,1,NO
SOA_DIMENSION,PK_SOA_DIMENSION,CLUSTERED,YES,YES,AGENCY_ID,2,NO
SOA_DOC_SYNC,PK_SOA_DOC_SYNC,CLUSTERED,YES,YES,EVENT_ID,1,NO
SOA_DOC_SYNC,X_SOA_DOC_SYNC_1,NONCLUSTERED,NO,NO,PROC_TYPE,1,NO
SOA_DOC_SYNC,X_SOA_DOC_SYNC_1,NONCLUSTERED,NO,NO,CREATE_DATE,2,NO
SOA_ID_MAP,PK_SOA_ID_MAP,CLUSTERED,YES,YES,NOUN_ID,1,NO
SOA_ID_MAP,PK_SOA_ID_MAP,CLUSTERED,YES,YES,SYS_KEY_ID,2,NO
SOA_ID_MAP,PK_SOA_ID_MAP,CLUSTERED,YES,YES,SYS_ENTITY_ID,3,NO
SOA_ID_MAP,PK_SOA_ID_MAP,CLUSTERED,YES,YES,SYS_AGENCY_ID,4,NO
SOA_NOUN,PK_SOA_NOUN,CLUSTERED,YES,YES,ID,1,NO
SOA_NOUN,PK_SOA_NOUN,CLUSTERED,YES,YES,NAME,2,NO
SOA_NOUN,X_SOA_NOUN_1,NONCLUSTERED,YES,NO,ID,1,NO
SPLIT_TRANS,PK_SPLIT_TRANS,CLUSTERED,YES,YES,TRANSACTION_ID,1,NO
SPLIT_TRANS,X_SPLIT_TRANS_1,NONCLUSTERED,NO,NO,FROM_WO_TYPE,1,NO
SPLIT_TRANS,X_SPLIT_TRANS_1,NONCLUSTERED,NO,NO,FROM_WO_BASE_ID,2,NO
SPLIT_TRANS,X_SPLIT_TRANS_1,NONCLUSTERED,NO,NO,FROM_WO_LOT_ID,3,NO
SPLIT_TRANS,X_SPLIT_TRANS_1,NONCLUSTERED,NO,NO,FROM_WO_SPLIT_ID,4,NO
SPLIT_TRANS,X_SPLIT_TRANS_1,NONCLUSTERED,NO,NO,FROM_WO_SUB_ID,5,NO
SPLIT_TRANS,X_SPLIT_TRANS_1,NONCLUSTERED,NO,NO,FROM_WO_SEQ_NO,6,NO
SPLIT_TRANS,X_SPLIT_TRANS_2,NONCLUSTERED,NO,NO,TO_WO_TYPE,1,NO
SPLIT_TRANS,X_SPLIT_TRANS_2,NONCLUSTERED,NO,NO,TO_WO_BASE_ID,2,NO
SPLIT_TRANS,X_SPLIT_TRANS_2,NONCLUSTERED,NO,NO,TO_WO_LOT_ID,3,NO
SPLIT_TRANS,X_SPLIT_TRANS_2,NONCLUSTERED,NO,NO,TO_WO_SPLIT_ID,4,NO
SPLIT_TRANS,X_SPLIT_TRANS_2,NONCLUSTERED,NO,NO,TO_WO_SUB_ID,5,NO
SPLIT_TRANS,X_SPLIT_TRANS_2,NONCLUSTERED,NO,NO,TO_WO_SEQ_NO,6,NO
SPLIT_TRANS_CURR,PK_SPLT_TRNS_CURR,CLUSTERED,YES,YES,TRANSACTION_ID,1,NO
SPLIT_TRANS_CURR,PK_SPLT_TRNS_CURR,CLUSTERED,YES,YES,CURRENCY_ID,2,NO
SPREAD_PROFILE,pk_spread_profile,CLUSTERED,YES,YES,id,1,NO
SPREAD_PROFILE,pk_spread_profile,CLUSTERED,YES,YES,acct_period,2,NO
STAGE,PK_STAGE,CLUSTERED,YES,YES,ID,1,NO
STATE_PROVINCE,PK_STATE_PROVINCE,CLUSTERED,YES,YES,CODE,1,NO
SUMMARY_CODE,PK_SUMMARY_CODE,CLUSTERED,YES,YES,CODE,1,NO
SUMMARY_TABLE,PK_SUMMARY_TABLE,CLUSTERED,YES,YES,ID,1,NO
SUPPLIER_PREFERENCES,PK_SUPPLIER_PREFERENCES,CLUSTERED,YES,YES,ID,1,NO
T_NORMAL_DIST,PK_T_NORMAL_DIST,CLUSTERED,YES,YES,T,1,NO
T_SEC_APPROX_K1,PK_T_SEC_APPROX_K1,CLUSTERED,YES,YES,T,1,NO
TABLE_LIST,PK_TABLE_LIST,CLUSTERED,YES,YES,TABLE_NAME,1,NO
TARE,PK_TARE,CLUSTERED,YES,YES,ID,1,NO
TARIFF,PK_TARIFF,CLUSTERED,YES,YES,CODE,1,NO
TASK,PK_TASK,CLUSTERED,YES,YES,TYPE,1,NO
TASK,PK_TASK,CLUSTERED,YES,YES,TASK_NO,2,NO
TASK,PK_TASK,CLUSTERED,YES,YES,SEQ_NO,3,NO
TASK,X_TASK_1,NONCLUSTERED,NO,NO,EC_ID,1,NO
TASK,X_TASK_1,NONCLUSTERED,NO,NO,TASK_NO,2,NO
TASK,X_TASK_1,NONCLUSTERED,NO,NO,SEQ_NO,3,NO
TASK,X_TASK_2,NONCLUSTERED,NO,NO,USER_ID,1,NO
TASK,X_TASK_2,NONCLUSTERED,NO,NO,TYPE,2,NO
TASK,X_TASK_2,NONCLUSTERED,NO,NO,TASK_NO,3,NO
TASK,X_TASK_2,NONCLUSTERED,NO,NO,SEQ_NO,4,NO
TASK_BINARY,PK_TASK_BINARY,CLUSTERED,YES,YES,TASK_TYPE,1,NO
TASK_BINARY,PK_TASK_BINARY,CLUSTERED,YES,YES,TASK_NO,2,NO
TASK_BINARY,PK_TASK_BINARY,CLUSTERED,YES,YES,SEQ_NO,3,NO
TASK_REJ_CODES,PK_TASK_REJ_CODES,CLUSTERED,YES,YES,CODE,1,NO
TC_MASTER,PK_TC_MASTER,CLUSTERED,YES,YES,ID,1,NO
TC_PROJECT,PK_TC_PROJECT,CLUSTERED,YES,YES,TC_ID,1,NO
TC_PROJECT,PK_TC_PROJECT,CLUSTERED,YES,YES,PROJECT_ID,2,NO
TERMS,PK_TERMS,CLUSTERED,YES,YES,ID,1,NO
TERMS_INST,PK_TERMS_INST,CLUSTERED,YES,YES,TERMS_ID,1,NO
TERMS_INST,PK_TERMS_INST,CLUSTERED,YES,YES,INST_NO,2,NO
TERRITORY,PK_TERRITORY,CLUSTERED,YES,YES,CODE,1,NO
TERRITORY_SYNC,PK_TERRITORY_SYNC,CLUSTERED,YES,YES,EVENT_ID,1,NO
TEST,PK_TEST,CLUSTERED,YES,YES,ID,1,NO
TEST_BINARY,PK_TEST_BINARY,CLUSTERED,YES,YES,TEST_ID,1,NO
TEST_BINARY,PK_TEST_BINARY,CLUSTERED,YES,YES,TYPE,2,NO
TEST_RESULT,PK_TEST_RESULT,CLUSTERED,YES,YES,TEST_ID,1,NO
TEST_RESULT,PK_TEST_RESULT,CLUSTERED,YES,YES,STEP_NO,2,NO
TEST_RESULT,PK_TEST_RESULT,CLUSTERED,YES,YES,SUBGROUP_NO,3,NO
TEST_RESULT,PK_TEST_RESULT,CLUSTERED,YES,YES,COUNT_NO,4,NO
TEST_RESULT,X_TESTRES_1,NONCLUSTERED,NO,NO,TEST_ID,1,NO
TEST_RESULT,X_TESTRES_1,NONCLUSTERED,NO,NO,STEP_NO,2,NO
TEST_RESULT,X_TESTRES_2,NONCLUSTERED,NO,NO,SUBGROUP_NO,1,NO
TEST_RESULT,X_TESTRES_2,NONCLUSTERED,NO,NO,COUNT_NO,2,NO
TEST_RESULT,X_TESTRES_3,NONCLUSTERED,NO,NO,RESULT_DATETIME,1,NO
TEST_RESULT,X_TESTRES_4,NONCLUSTERED,NO,NO,PART_ID,1,NO
TEST_RESULT,X_TESTRES_5,NONCLUSTERED,NO,NO,TYPE,1,NO
TEST_RESULT,X_TESTRES_5,NONCLUSTERED,NO,NO,BASE_ID,2,NO
TEST_RESULT,X_TESTRES_5,NONCLUSTERED,NO,NO,LOT_ID,3,NO
TEST_RESULT,X_TESTRES_5,NONCLUSTERED,NO,NO,SPLIT_ID,4,NO
TEST_RESULT,X_TESTRES_5,NONCLUSTERED,NO,NO,SUB_ID,5,NO
TEST_RESULT,X_TESTRES_5,NONCLUSTERED,NO,NO,OP_SEQ_NO,6,NO
TEST_RESULT,X_TESTRES_6,NONCLUSTERED,NO,NO,GAGE_ID,1,NO
TEST_RESULT,X_TESTRES_7,NONCLUSTERED,NO,NO,EMPLOYEE_ID,1,NO
TEST_STEP,PK_TEST_STEP,CLUSTERED,YES,YES,TEST_ID,1,NO
TEST_STEP,PK_TEST_STEP,CLUSTERED,YES,YES,STEP_NO,2,NO
TEST_STEP,X_TSTEP_1,NONCLUSTERED,NO,NO,TEST_ID,1,NO
TEST_STEP,X_TSTEP_1,NONCLUSTERED,NO,NO,SEQ_NO,2,NO
TEST_STEP,X_TSTEP_2,NONCLUSTERED,NO,NO,GAGE_ID,1,NO
TEST_STEP_BINARY,PK_TEST_STEP_BINARY,CLUSTERED,YES,YES,TEST_ID,1,NO
TEST_STEP_BINARY,PK_TEST_STEP_BINARY,CLUSTERED,YES,YES,STEP_NO,2,NO
TEST_STEP_BINARY,PK_TEST_STEP_BINARY,CLUSTERED,YES,YES,TYPE,3,NO
TMP_KREI_2219,X_TMP_KREI_2219,NONCLUSTERED,NO,NO,tmp_part_id,1,NO
TMP_KREI_2219,X_TMP_KREI_2219,NONCLUSTERED,NO,NO,tmp_eng_id,2,NO
TMP_KREI_3912,X_TMP_KREI_3912,NONCLUSTERED,NO,NO,tmp_part_id,1,NO
TMP_KREI_3912,X_TMP_KREI_3912,NONCLUSTERED,NO,NO,tmp_eng_id,2,NO
TOOLBAR,PK_TOOLBAR,CLUSTERED,YES,YES,USER_ID,1,NO
TOOLBAR,PK_TOOLBAR,CLUSTERED,YES,YES,PROGRAM_ID,2,NO
TOOLBAR,PK_TOOLBAR,CLUSTERED,YES,YES,ID,3,NO
TRACE,PK_TRACE,CLUSTERED,YES,YES,PART_ID,1,NO
TRACE,PK_TRACE,CLUSTERED,YES,YES,ID,2,NO
TRACE,X_TRACE_1,NONCLUSTERED,YES,NO,NUMBERING_ID,1,NO
TRACE,X_TRACE_1,NONCLUSTERED,YES,NO,ID,2,NO
TRACE,X_TRACE_2,NONCLUSTERED,NO,NO,ID,1,NO
TRACE,X_TRACE_2,NONCLUSTERED,NO,NO,PART_ID,2,NO
TRACE_DATE,PK_TRACE_DATE,CLUSTERED,YES,YES,PART_ID,1,NO
TRACE_DATE,PK_TRACE_DATE,CLUSTERED,YES,YES,DATE_NAME,2,NO
TRACE_DOCUMENTS,PK_TRACE_DOCUMENTS,CLUSTERED,YES,YES,TRACE_ID,1,NO
TRACE_DOCUMENTS,PK_TRACE_DOCUMENTS,CLUSTERED,YES,YES,REFERENCE,2,NO
TRACE_HISTORY,PK_TRACE_HISTORY,CLUSTERED,YES,YES,PART_ID,1,NO
TRACE_HISTORY,PK_TRACE_HISTORY,CLUSTERED,YES,YES,TRACE_ID,2,NO
TRACE_HISTORY,PK_TRACE_HISTORY,CLUSTERED,YES,YES,CREATE_DATE,3,NO
TRACE_INV_TRANS,PK_TRACE_INV_TRANS,CLUSTERED,YES,YES,PART_ID,1,NO
TRACE_INV_TRANS,PK_TRACE_INV_TRANS,CLUSTERED,YES,YES,TRACE_ID,2,NO
TRACE_INV_TRANS,PK_TRACE_INV_TRANS,CLUSTERED,YES,YES,TRANSACTION_ID,3,NO
TRACE_INV_TRANS,X_TRACE_INV_1,NONCLUSTERED,NO,NO,TRANSACTION_ID,1,NO
TRACE_LABOR_TRANS,PK_TRACE_LABOR_TRANS,CLUSTERED,YES,YES,PART_ID,1,NO
TRACE_LABOR_TRANS,PK_TRACE_LABOR_TRANS,CLUSTERED,YES,YES,TRACE_ID,2,NO
TRACE_LABOR_TRANS,PK_TRACE_LABOR_TRANS,CLUSTERED,YES,YES,TRANSACTION_ID,3,NO
TRACE_LABOR_TRANS,X_TRACE_LAB_1,NONCLUSTERED,NO,NO,TRANSACTION_ID,1,NO
TRACE_NUMBERING,PK_TRACE_NUMBERING,CLUSTERED,YES,YES,ID,1,NO
TRACE_PROFILE,PK_TRACE_PROFILE,CLUSTERED,YES,YES,SITE_ID,1,NO
TRACE_PROFILE,PK_TRACE_PROFILE,CLUSTERED,YES,YES,PART_ID,2,NO
TRACE_PROFILE,X_TRACE_PROF_1,NONCLUSTERED,NO,NO,NUMBERING_ID,1,NO
TRACE_SERV_DISP,PK_TRACE_SERV_DISP,CLUSTERED,YES,YES,PART_ID,1,NO
TRACE_SERV_DISP,PK_TRACE_SERV_DISP,CLUSTERED,YES,YES,TRACE_ID,2,NO
TRACE_SERV_DISP,PK_TRACE_SERV_DISP,CLUSTERED,YES,YES,DISPATCH_ID,3,NO
TRACE_SERV_DISP,PK_TRACE_SERV_DISP,CLUSTERED,YES,YES,DISP_LINE_NO,4,NO
TRACE_SERV_TRANS,PK_TRACE_SERV_TRANS,CLUSTERED,YES,YES,PART_ID,1,NO
TRACE_SERV_TRANS,PK_TRACE_SERV_TRANS,CLUSTERED,YES,YES,TRACE_ID,2,NO
TRACE_SERV_TRANS,PK_TRACE_SERV_TRANS,CLUSTERED,YES,YES,TRANSACTION_ID,3,NO
TRACE_SERV_TRANS,X_TRACE_SER_1,NONCLUSTERED,NO,NO,TRANSACTION_ID,1,NO
TRANS_CATEGORY,PK_TRANS_CATEGORY,CLUSTERED,YES,YES,ID,1,NO
TRANSIT_TIME,PK_TRANSIT_TIME,CLUSTERED,YES,YES,FROM_WAREHOUSE_ID,1,NO
TRANSIT_TIME,PK_TRANSIT_TIME,CLUSTERED,YES,YES,TO_WAREHOUSE_ID,2,NO
UDF_LAYOUT,PK_UDF_LAYOUT,CLUSTERED,YES,YES,ID,1,NO
UNITS,PK_UNITS,CLUSTERED,YES,YES,UNIT_OF_MEASURE,1,NO
UNITS_CONVERSION,PK_UNITS_CONVERSION,CLUSTERED,YES,YES,FROM_UM,1,NO
UNITS_CONVERSION,PK_UNITS_CONVERSION,CLUSTERED,YES,YES,TO_UM,2,NO
UNITS_CONVERSION,X_UNITS_CONV_1,NONCLUSTERED,NO,NO,TO_UM,1,NO
UNP_MNT_BINARY,PK_UNP_MNT_BINARY,CLUSTERED,YES,YES,CALL_ID,1,NO
UNP_MNT_BINARY,PK_UNP_MNT_BINARY,CLUSTERED,YES,YES,TYPE,2,NO
UNP_MNT_CALLS,PK_UNP_MNT_CALLS,CLUSTERED,YES,YES,call_id,1,NO
UNP_MNT_ENGINEER,pk_unp_mnt_eng,CLUSTERED,YES,YES,resource_id,1,NO
UNP_MNT_ENGINEER,pk_unp_mnt_eng,CLUSTERED,YES,YES,key1_id,2,NO
UNP_MNT_ENGINEER,pk_unp_mnt_eng,CLUSTERED,YES,YES,key2_id,3,NO
UNP_MNT_ENGINEER,pk_unp_mnt_eng,CLUSTERED,YES,YES,key_type,4,NO
UNP_MNT_ESCALATION,PK_UNP_MNT_ESCALATION,CLUSTERED,YES,YES,id,1,NO
UNP_MNT_FAULT_CODE,pk_unp_mnt_fault_cd,CLUSTERED,YES,YES,id,1,NO
UNP_MNT_FAULT_CODE,pk_unp_mnt_fault_cd,CLUSTERED,YES,YES,type_id,2,NO
UNP_MNT_FAULT_TYPE,pk_unp_mnt_flt_tp,CLUSTERED,YES,YES,id,1,NO
UNP_MNT_REM_CODE,pk_unp_mnt_rem_cd,CLUSTERED,YES,YES,id,1,NO
UNP_MNT_REM_CODE,pk_unp_mnt_rem_cd,CLUSTERED,YES,YES,type_id,2,NO
UNP_MNT_REM_TYPE,pk_unp_mnt_rem_tp,CLUSTERED,YES,YES,id,1,NO
UNP_MNT_STD_REPAIR,pk_mnt_std_repair,CLUSTERED,YES,YES,equipment_type,1,NO
UNP_MNT_STD_REPAIR,pk_mnt_std_repair,CLUSTERED,YES,YES,equipment_model,2,NO
UNP_MNT_STD_REPAIR,pk_mnt_std_repair,CLUSTERED,YES,YES,fault_type,3,NO
UNP_MNT_STD_REPAIR,pk_mnt_std_repair,CLUSTERED,YES,YES,fault_code,4,NO
UNP_MNT_STD_REPAIR,pk_mnt_std_repair,CLUSTERED,YES,YES,part_id,5,NO
UNP_MNT_STD_REPAIR,pk_mnt_std_repair,CLUSTERED,YES,YES,engineer_master,6,NO
UNP_MNT_URGENCY,pk_unp_mnt_urge,CLUSTERED,YES,YES,id,1,NO
UOM_CATEGORY,PK_UOM_CATEGORY,CLUSTERED,YES,YES,CODE,1,NO
USAGE_ANALYSIS,X_USAGE_ANALYSIS_0,NONCLUSTERED,YES,NO,SITE_ID,1,NO
USAGE_ANALYSIS,X_USAGE_ANALYSIS_0,NONCLUSTERED,YES,NO,PART_ID,2,NO
USAGE_ANALYSIS,X_USAGE_ANALYSIS_1,NONCLUSTERED,NO,NO,CALC_VALUE,1,NO
USER_DEF_FIELDS,IX_USER_DEF_FIELDS_1,NONCLUSTERED,NO,NO,DOCUMENT_ID,0,YES
USER_DEF_FIELDS,IX_USER_DEF_FIELDS_1,NONCLUSTERED,NO,NO,STRING_VAL,0,YES
USER_DEF_FIELDS,IX_USER_DEF_FIELDS_1,NONCLUSTERED,NO,NO,ID,1,NO
USER_DEF_FIELDS,X_USER_DEF_FIELDS_0,NONCLUSTERED,YES,NO,PROGRAM_ID,1,NO
USER_DEF_FIELDS,X_USER_DEF_FIELDS_0,NONCLUSTERED,YES,NO,ID,2,NO
USER_DEF_FIELDS,X_USER_DEF_FIELDS_0,NONCLUSTERED,YES,NO,DOCUMENT_ID,3,NO
USER_DEF_FIELDS,X_USER_DEF_FIELDS_0,NONCLUSTERED,YES,NO,LINE_NO,4,NO
USER_DEF_FIELDS,X_USER_DEF_FIELDS_0,NONCLUSTERED,YES,NO,DEL_LINE_NO,5,NO
USER_DIM_MAPPING,PK_USER_DIM_MAP,CLUSTERED,YES,YES,OWNER_TABLE,1,NO
USER_DIM_MAPPING,PK_USER_DIM_MAP,CLUSTERED,YES,YES,OWNER_ID,2,NO
USER_DIM_MAPPING,PK_USER_DIM_MAP,CLUSTERED,YES,YES,DIMENSION,3,NO
USER_DIM_MAPPING,PK_USER_DIM_MAP,CLUSTERED,YES,YES,PROCESS_TYPE,4,NO
USER_DIM_MAPPING,PK_USER_DIM_MAP,CLUSTERED,YES,YES,EFFECTIVE_DATE,5,NO
USER_DIM_PROC_PRI,PK_USR_DIM_PROC_PRI,CLUSTERED,YES,YES,DIMENSION,1,NO
USER_DIM_PROC_PRI,PK_USR_DIM_PROC_PRI,CLUSTERED,YES,YES,PROCESS_TYPE,2,NO
USER_DIM_PROC_PRI,PK_USR_DIM_PROC_PRI,CLUSTERED,YES,YES,SOURCE_TYPE,3,NO
USER_DIMENSION,PK_USER_DIMENSION,CLUSTERED,YES,YES,DIMENSION,1,NO
USER_DIMENSION,PK_USER_DIMENSION,CLUSTERED,YES,YES,ID,2,NO
USER_DIMENSION_SETUP,PK_USER_DIMENSN_LABEL,CLUSTERED,YES,YES,DIMENSION,1,NO
USER_FLD_AUTHORITY,PK_USER_FLD_AUTHORITY,CLUSTERED,YES,YES,USER_ID,1,NO
USER_FLD_AUTHORITY,PK_USER_FLD_AUTHORITY,CLUSTERED,YES,YES,PROGRAM_ID,2,NO
USER_FLD_AUTHORITY,PK_USER_FLD_AUTHORITY,CLUSTERED,YES,YES,PROGRAM_FIELD,3,NO
USER_MNU_AUTHORITY,PK_USER_MNU_AUTHORITY,CLUSTERED,YES,YES,USER_ID,1,NO
USER_MNU_AUTHORITY,PK_USER_MNU_AUTHORITY,CLUSTERED,YES,YES,GROUP_ID,2,NO
USER_MNU_AUTHORITY,PK_USER_MNU_AUTHORITY,CLUSTERED,YES,YES,LANGUAGE_ID,3,NO
USER_PGM_AUTHORITY,PK_USER_PGM_AUTHORITY,CLUSTERED,YES,YES,USER_ID,1,NO
USER_PGM_AUTHORITY,PK_USER_PGM_AUTHORITY,CLUSTERED,YES,YES,PROGRAM_ID,2,NO
USER_PGM_AUTHORITY,PK_USER_PGM_AUTHORITY,CLUSTERED,YES,YES,PROGRAM_COMPONENT,3,NO
USER_PROFILE,PK_USER_PROFILE,CLUSTERED,YES,YES,USER_ID,1,NO
USER_PROFILE,PK_USER_PROFILE,CLUSTERED,YES,YES,PROFILE_ID,2,NO
USER_SITE,PK_USER_SITE,CLUSTERED,YES,YES,SITE_ID,1,NO
USER_SITE,PK_USER_SITE,CLUSTERED,YES,YES,USER_ID,2,NO
V_ACCOUNT,X_V_ACCOUNT_0,CLUSTERED,YES,YES,ID,1,NO
V_ACCOUNT,X_V_ACCOUNT_1,NONCLUSTERED,NO,NO,CUST_ID,1,NO
V_ACCOUNT,X_V_ACCOUNT_2,NONCLUSTERED,NO,NO,ACCT_CATEGORY,1,NO
V_ACCOUNT,X_V_ACCOUNT_3,NONCLUSTERED,NO,NO,CONTACT_ID,1,NO
V_ACCOUNT,X_V_ACCOUNT_4,NONCLUSTERED,NO,NO,NAME,1,NO
V_ACCOUNT,X_V_ACCOUNT_5,NONCLUSTERED,NO,NO,BUS_PHONE,1,NO
V_ACCT_BINARY,X_V_ACCT_BINARY_0,CLUSTERED,YES,YES,ACCT_ID,1,NO
V_ACCT_BINARY,X_V_ACCT_BINARY_0,CLUSTERED,YES,YES,TYPE,2,NO
V_ACCT_CONTACT,X_V_ACCT_CONT_0,CLUSTERED,YES,YES,ACCT_ID,1,NO
V_ACCT_CONTACT,X_V_ACCT_CONT_0,CLUSTERED,YES,YES,CONT_ID,2,NO
V_ACCT_ENTITY,X_V_ACCT_ENTITY_0,CLUSTERED,YES,YES,ENTITY_ID,1,NO
V_ACCT_ENTITY,X_V_ACCT_ENTITY_0,CLUSTERED,YES,YES,ACCT_ID,2,NO
V_ACCT_SALESREP,X_V_ACCT_SALESREP_0,CLUSTERED,YES,YES,ACCT_ID,1,NO
V_ACCT_SALESREP,X_V_ACCT_SALESREP_0,CLUSTERED,YES,YES,SALESREP_ID,2,NO
V_ACCT_SITE,X_V_ACCT_SITE_0,CLUSTERED,YES,YES,SITE_ID,1,NO
V_ACCT_SITE,X_V_ACCT_SITE_0,CLUSTERED,YES,YES,ACCT_ID,2,NO
V_ACCT_TYPE,X_V_ACCT_TYPE_0,CLUSTERED,YES,YES,ID,1,NO
V_ADDRESS,X_V_ADDRESS_0,CLUSTERED,YES,YES,ID,1,NO
V_ADDRESS,X_V_ADDRESS_1,NONCLUSTERED,NO,NO,ACCT_ID,1,NO
V_ADDRESS,X_V_ADDRESS_2,NONCLUSTERED,NO,NO,CONTACT_ID,1,NO
V_ADMIN,X_V_ADMIN_0,CLUSTERED,YES,YES,ID,1,NO
V_ANNUAL_SALES,X_V_ANNUAL_SALES_0,CLUSTERED,YES,YES,ID,1,NO
V_AREA,X_V_AREA_0,CLUSTERED,YES,YES,ID,1,NO
V_BRANCH,X_V_BRANCH_0,CLUSTERED,YES,YES,ID,1,NO
V_BUSINESS_UNIT,X_V_BUSINESS_UNIT_0,CLUSTERED,YES,YES,ID,1,NO
V_CAL_BINARY,X_V_CAL_BINARY_0,CLUSTERED,YES,YES,CAL_ID,1,NO
V_CAL_BINARY,X_V_CAL_BINARY_0,CLUSTERED,YES,YES,TYPE,2,NO
V_CAL_CONTACT,X_V_CAL_CONTACT_0,CLUSTERED,YES,YES,CAL_ID,1,NO
V_CAL_CONTACT,X_V_CAL_CONTACT_0,CLUSTERED,YES,YES,CONTACT_ID,2,NO
V_CALENDAR,X_V_CALENDAR_0,CLUSTERED,YES,YES,ID,1,NO
V_CALENDAR,X_V_CALENDAR_1,NONCLUSTERED,NO,NO,START_DATE,1,NO
V_CALENDAR,X_V_CALENDAR_2,NONCLUSTERED,NO,NO,ACCT_ID,1,NO
V_CALENDAR,X_V_CALENDAR_3,NONCLUSTERED,NO,NO,CONTACT_ID,1,NO
V_CALL,X_V_CALL_0,CLUSTERED,YES,YES,ID,1,NO
V_CALL,X_V_CALL_1,NONCLUSTERED,NO,NO,ACCT_ID,1,NO
V_CALL_BILL_RATE,X_V_CLBILLRATE_0,CLUSTERED,YES,YES,ID,1,NO
V_CALL_BINARY,X_V_CALL_BINARY_0,CLUSTERED,YES,YES,CALL_ID,1,NO
V_CALL_BINARY,X_V_CALL_BINARY_0,CLUSTERED,YES,YES,TYPE,2,NO
V_CALL_ISS_BINARY,X_V_CALL_ISS_BINARY_0,CLUSTERED,YES,YES,CALL_ID,1,NO
V_CALL_ISS_BINARY,X_V_CALL_ISS_BINARY_0,CLUSTERED,YES,YES,ISSUE_NO,2,NO
V_CALL_ISS_BINARY,X_V_CALL_ISS_BINARY_0,CLUSTERED,YES,YES,TYPE,3,NO
V_CALL_ISS_KEY,X_V_CALL_ISS_KEY_0,CLUSTERED,YES,YES,CALL_ID,1,NO
V_CALL_ISS_KEY,X_V_CALL_ISS_KEY_0,CLUSTERED,YES,YES,ISSUE_NO,2,NO
V_CALL_ISS_KEY,X_V_CALL_ISS_KEY_0,CLUSTERED,YES,YES,KEY_NO,3,NO
V_CALL_ISSUE,X_V_CALL_ISSUE_0,CLUSTERED,YES,YES,CALL_ID,1,NO
V_CALL_ISSUE,X_V_CALL_ISSUE_0,CLUSTERED,YES,YES,LINE_NO,2,NO
V_CALL_RES_BINARY,X_V_CALL_RES_BINARY_0,CLUSTERED,YES,YES,CALL_ID,1,NO
V_CALL_RES_BINARY,X_V_CALL_RES_BINARY_0,CLUSTERED,YES,YES,ISSUE_NO,2,NO
V_CALL_RES_BINARY,X_V_CALL_RES_BINARY_0,CLUSTERED,YES,YES,RESOLUTION_NO,3,NO
V_CALL_RES_BINARY,X_V_CALL_RES_BINARY_0,CLUSTERED,YES,YES,TYPE,4,NO
V_CALL_RES_KEYS,X_V_CALL_RES_KEYS_0,CLUSTERED,YES,YES,CALL_ID,1,NO
V_CALL_RES_KEYS,X_V_CALL_RES_KEYS_0,CLUSTERED,YES,YES,ISSUE_NO,2,NO
V_CALL_RES_KEYS,X_V_CALL_RES_KEYS_0,CLUSTERED,YES,YES,RESOLUTION_NO,3,NO
V_CALL_RES_KEYS,X_V_CALL_RES_KEYS_0,CLUSTERED,YES,YES,KEY_NO,4,NO
V_CALL_RESOLUTION,X_V_CALL_RESOLUTION_0,CLUSTERED,YES,YES,CALL_ID,1,NO
V_CALL_RESOLUTION,X_V_CALL_RESOLUTION_0,CLUSTERED,YES,YES,ISSUE_NO,2,NO
V_CALL_RESOLUTION,X_V_CALL_RESOLUTION_0,CLUSTERED,YES,YES,LINE_NO,3,NO
V_CATEGORY,X_V_CATEGORY_0,CLUSTERED,YES,YES,ID,1,NO
V_CATEGORY,X_V_CATEGORY_0,CLUSTERED,YES,YES,KEYWORD_ID,2,NO
V_COMMIS_SHARE,X_V_COMMIS_SHARE_0,CLUSTERED,YES,YES,ID,1,NO
V_COMMIS_SHARE,X_V_COMMIS_SHARE_0,CLUSTERED,YES,YES,SALESREP_ID,2,NO
V_COMMIS_SHARE,X_V_COMMIS_SHARE_0,CLUSTERED,YES,YES,TYPE,3,NO
V_COMMIS_SHARE,X_V_COMMIS_SHARE_0,CLUSTERED,YES,YES,TYPE_ID,4,NO
V_CONTACT,X_V_CONTACT_0,CLUSTERED,YES,YES,ID,1,NO
V_CONTACT,X_V_CONTACT_1,NONCLUSTERED,NO,NO,ACCT_ID,1,NO
V_CONTACT,X_V_CONTACT_2,NONCLUSTERED,NO,NO,BUS_PHONE,1,NO
V_CONTACT_BINARY,X_V_CONTACT_BINARY_0,CLUSTERED,YES,YES,CONTACT_ID,1,NO
V_CONTACT_BINARY,X_V_CONTACT_BINARY_0,CLUSTERED,YES,YES,TYPE,2,NO
V_CONTACT_PREF,X_V_CONTACT_PREF_0,CLUSTERED,YES,YES,ID,1,NO
V_CONTR_ADDR,X_V_CONTR_ADDR_0,CLUSTERED,YES,YES,ADDR_ID,1,NO
V_CONTR_ADDR,X_V_CONTR_ADDR_0,CLUSTERED,YES,YES,CONTR_ID,2,NO
V_CONTR_BILLING,X_V_CONTRBILL_0,CLUSTERED,YES,YES,CONTR_ID,1,NO
V_CONTR_BILLING,X_V_CONTRBILL_0,CLUSTERED,YES,YES,EVENT_SEQ_NO,2,NO
V_CONTR_BINARY,X_V_CONTR_BINARY_0,CLUSTERED,YES,YES,CONTR_ID,1,NO
V_CONTR_BINARY,X_V_CONTR_BINARY_0,CLUSTERED,YES,YES,TYPE,2,NO
V_CONTR_CHARGE,X_V_CONTR_CHARGE_0,CLUSTERED,YES,YES,ID,1,NO
V_CONTR_CONT,X_V_CONTR_CONT_0,CLUSTERED,YES,YES,CONTR_ID,1,NO
V_CONTR_CONT,X_V_CONTR_CONT_0,CLUSTERED,YES,YES,CONTACT_ID,2,NO
V_CONTR_ITEM,X_V_CONTR_ITEM_0,CLUSTERED,YES,YES,CONTR_ID,1,NO
V_CONTR_ITEM,X_V_CONTR_ITEM_0,CLUSTERED,YES,YES,ITEM_NO,2,NO
V_CONTR_ITEM_BIN,X_V_CONTR_ITEM_BIN_0,CLUSTERED,YES,YES,CONTR_ID,1,NO
V_CONTR_ITEM_BIN,X_V_CONTR_ITEM_BIN_0,CLUSTERED,YES,YES,ITEM_TYPE,2,NO
V_CONTR_ITEM_BIN,X_V_CONTR_ITEM_BIN_0,CLUSTERED,YES,YES,LINE_NO,3,NO
V_CONTR_ITEM_BIN,X_V_CONTR_ITEM_BIN_0,CLUSTERED,YES,YES,TYPE,4,NO
V_CONTR_PMT,X_V_CONTR_PMT_0,CLUSTERED,YES,YES,CONTR_ID,1,NO
V_CONTR_PMT,X_V_CONTR_PMT_0,CLUSTERED,YES,YES,ID,2,NO
V_CONTR_TYPE,X_V_CONTR_TYPE_0,CLUSTERED,YES,YES,ID,1,NO
V_CONTRACT,X_V_CONTRACT_0,CLUSTERED,YES,YES,ID,1,NO
V_CONTRACT,X_V_CONTRACT_1,NONCLUSTERED,NO,NO,ACCT_ID,1,NO
V_CONTRACT,X_V_CONTRACT_2,NONCLUSTERED,NO,NO,CONTACT_ID,1,NO
V_COUNTY_CODE,X_V_COUNTY_CODE_0,CLUSTERED,YES,YES,COUNTY_NAME,1,NO
V_COUNTY_CODE,X_V_COUNTY_CODE_0,CLUSTERED,YES,YES,STATE,2,NO
V_CRM_SYNCH,X_V_CRM_SYNCH0,CLUSTERED,YES,YES,CUSTOMER_ID,1,NO
V_CRM_SYNCH,X_V_CRM_SYNCH0,CLUSTERED,YES,YES,TRX_TYPE,2,NO
V_CRM_SYNCH,X_V_CRM_SYNCH0,CLUSTERED,YES,YES,TABLE_NAME,3,NO
V_CUSTOM,X_V_CUSTOM_0,CLUSTERED,YES,YES,ID,1,NO
V_CUSTOM,X_V_CUSTOM_0,CLUSTERED,YES,YES,BUS_TYPE,2,NO
V_CUSTOM_BINARY,X_V_CUSTOM_BIN_0,CLUSTERED,YES,YES,BUS_TYPE,1,NO
V_CUSTOM_BINARY,X_V_CUSTOM_BIN_0,CLUSTERED,YES,YES,CUSTOM_ID,2,NO
V_CUSTOM_BINARY,X_V_CUSTOM_BIN_0,CLUSTERED,YES,YES,TYPE,3,NO
V_CUSTOM_DEF,X_V_CUSTOM_DEF_0,CLUSTERED,YES,YES,BUS_TYPE,1,NO
V_CUSTOM_JUNC,X_V_CUSTOM_JUNC_0,CLUSTERED,YES,YES,ID_1,1,NO
V_CUSTOM_JUNC,X_V_CUSTOM_JUNC_0,CLUSTERED,YES,YES,BUS_TYPE_1,2,NO
V_CUSTOM_JUNC,X_V_CUSTOM_JUNC_0,CLUSTERED,YES,YES,ID_2,3,NO
V_CUSTOM_JUNC,X_V_CUSTOM_JUNC_0,CLUSTERED,YES,YES,BUS_TYPE_2,4,NO
V_CUSTOM_JUNC,X_V_CUSTOM_JUNC_1,NONCLUSTERED,NO,NO,ID_1,1,NO
V_CUSTOM_JUNC,X_V_CUSTOM_JUNC_2,NONCLUSTERED,NO,NO,BUS_TYPE_1,1,NO
V_CUSTOM_REL,X_V_CUSTOM_REL_0,CLUSTERED,YES,YES,BUS_TYPE,1,NO
V_CUSTOM_REL,X_V_CUSTOM_REL_0,CLUSTERED,YES,YES,REL_BUS_TYPE,2,NO
V_DIVISION,X_V_DIVISION_0,CLUSTERED,YES,YES,ID,1,NO
V_DOC_CATALOG,X_V_DOC_CATALOG_0,CLUSTERED,YES,YES,ID,1,NO
V_DOC_CATEGORY,X_V_DOC_CATEGORY_0,CLUSTERED,YES,YES,ID,1,NO
V_DOC_SENT,X_V_DOC_SENT_0,CLUSTERED,YES,YES,ID,1,NO
V_DOC_SENT,X_V_DOC_SENT_1,NONCLUSTERED,NO,NO,ACCT_ID,1,NO
V_DOC_SENT,X_V_DOC_SENT_2,NONCLUSTERED,NO,NO,CONTACT_ID,1,NO
V_DOC_TYPE,X_V_DOC_TYPE_0,CLUSTERED,YES,YES,ID,1,NO
V_DOC_TYPE,X_V_DOC_TYPE_0,CLUSTERED,YES,YES,DOC_CATGRY_ID,2,NO
V_DUPLICATES,X_V_DUPLICATES_0,CLUSTERED,YES,YES,ID,1,NO
V_DUPLICATES,X_V_DUPLICATES_0,CLUSTERED,YES,YES,TYPE,2,NO
V_DUPLICATES,X_V_DUPLICATES_0,CLUSTERED,YES,YES,TYPE_ID,3,NO
V_EMP_MATRIX,X_V_EMP_MATRIX_0,CLUSTERED,YES,YES,EMP_ID,1,NO
V_EMP_MATRIX,X_V_EMP_MATRIX_0,CLUSTERED,YES,YES,RESOURCE_ID,2,NO
V_EMPLOYEE,X_V_EMPLOYEE_0,CLUSTERED,YES,YES,ID,1,NO
V_EVENT,X_V_EVENT,CLUSTERED,YES,YES,ID,1,NO
V_EVENT_ATTENDEE,X_V_EVENT_ATTENDEE,CLUSTERED,YES,YES,ID,1,NO
V_EVENT_ATTENDEE,X_V_EVENT_ATTENDEE,CLUSTERED,YES,YES,EVENT_ID,2,NO
V_EVENT_ATTENDEE,X_V_EVENT_ATTENDEE,CLUSTERED,YES,YES,CONTACT_ID,3,NO
V_EVENT_STAGE,X_V_EVENT_STAGE_0,CLUSTERED,YES,YES,ID,1,NO
V_EXP_CODE,X_V_EXP_CODE_0,CLUSTERED,YES,YES,ID,1,NO
V_FILTER,X_V_FILTER_0,CLUSTERED,YES,YES,ID,1,NO
V_FILTER,X_V_FILTER_1,NONCLUSTERED,NO,NO,BUS_OBJ_TYPE,1,NO
V_FILTER,X_V_FILTER_1,NONCLUSTERED,NO,NO,OWNER,2,NO
V_GRID_LAYOUT,X_V_GRID_LAYOUT_0,CLUSTERED,YES,YES,BUS_TYPE,1,NO
V_GRID_LAYOUT,X_V_GRID_LAYOUT_0,CLUSTERED,YES,YES,FIELD_NAME,2,NO
V_HISTORY,X_V_HISTORY_0,CLUSTERED,YES,YES,ID,1,NO
V_HISTORY,X_V_HISTORY_1,NONCLUSTERED,NO,NO,ACCT_ID,1,NO
V_HISTORY,X_V_HISTORY_2,NONCLUSTERED,NO,NO,CONTACT_ID,1,NO
V_HISTORY,X_V_HISTORY_3,NONCLUSTERED,NO,NO,REL_TYPE,1,NO
V_HISTORY,X_V_HISTORY_4,NONCLUSTERED,NO,NO,REL_ID,1,NO
V_HISTORY_CATEGORY,X_V_HIST_CATEGORY_0,CLUSTERED,YES,YES,ID,1,NO
V_HISTORY_TYPE,X_V_HISTORY_TYPE_0,CLUSTERED,YES,YES,ID,1,NO
V_INDUSTRY_CODES,X_V_IND_CODES_0,CLUSTERED,YES,YES,ID,1,NO
V_INDUSTRY_CODES,X_V_IND_CODES_0,CLUSTERED,YES,YES,TYPE,2,NO
V_INST,X_V_INST_0,CLUSTERED,YES,YES,ID,1,NO
V_INST,X_V_INST_0,CLUSTERED,YES,YES,INST_TYPE,2,NO
V_INST_LINE,X_V_INST_LINE_0,CLUSTERED,YES,YES,INSTALLMENT_ID,1,NO
V_INST_LINE,X_V_INST_LINE_0,CLUSTERED,YES,YES,INST_TYPE,2,NO
V_INST_LINE,X_V_INST_LINE_0,CLUSTERED,YES,YES,INST_NO,3,NO
V_INV_BINARY,X_V_INV_BINARY_0,CLUSTERED,YES,YES,INVOICE_ID,1,NO
V_INV_BINARY,X_V_INV_BINARY_0,CLUSTERED,YES,YES,TYPE,2,NO
V_INV_LN_BINARY,X_V_INV_LN_BINARY_0,CLUSTERED,YES,YES,INVOICE_ID,1,NO
V_INV_LN_BINARY,X_V_INV_LN_BINARY_0,CLUSTERED,YES,YES,LINE_NO,2,NO
V_INVOICE,X_V_INVOICE_0,CLUSTERED,YES,YES,ID,1,NO
V_INVOICE,X_V_INVOICE_1,NONCLUSTERED,NO,NO,ACCT_ID,1,NO
V_INVOICE_LINE,X_V_INVOICE_LINE_0,CLUSTERED,YES,YES,INVOICE_ID,1,NO
V_INVOICE_LINE,X_V_INVOICE_LINE_0,CLUSTERED,YES,YES,LINE_NO,2,NO
V_KEYWORD,X_V_KEYWORD_0,CLUSTERED,YES,YES,ID,1,NO
V_LBR_GROUP,X_V_LBR_GROUP_0,CLUSTERED,YES,YES,ID,1,NO
V_LBR_GRP_RATE,X_V_LBR_GRP_RATE_0,CLUSTERED,YES,YES,GROUP_ID,1,NO
V_LBR_GRP_RATE,X_V_LBR_GRP_RATE_0,CLUSTERED,YES,YES,RESOURCE_ID,2,NO
V_LBR_GRP_RATE,X_V_LBR_GRP_RATE_0,CLUSTERED,YES,YES,EFF_DATE,3,NO
V_LEAD_SOURCE,X_V_LEAD_SOURCE_0,CLUSTERED,YES,YES,ID,1,NO
V_LEASE_TYPE,X_V_LEASE_TYPE_0,CLUSTERED,YES,YES,ID,1,NO
V_MAIL_NAVBAR,X_V_MAIL_NAVBAR_0,CLUSTERED,YES,YES,ID,1,NO
V_MAIL_NAVBAR,X_V_MAIL_NAVBAR_0,CLUSTERED,YES,YES,USER_ID,2,NO
V_MERGE_DOCS,X_V_MERGE_DOCS_0,CLUSTERED,YES,YES,ID,1,NO
V_NAVBAR,X_V_NAVBAR_0,CLUSTERED,YES,YES,ID,1,NO
V_OPPORTUNITY,X_V_OPPORTUNITY_0,CLUSTERED,YES,YES,ID,1,NO
V_OPPORTUNITY,X_V_OPPORTUNITY_1,NONCLUSTERED,NO,NO,ACCT_ID,1,NO
V_OPPORTUNITY,X_V_OPPORTUNITY_2,NONCLUSTERED,NO,NO,CONTACT_ID,1,NO
V_OPPORTUNITY,X_V_OPPORTUNITY_4,NONCLUSTERED,NO,NO,CUR_STAGE_ID,1,NO
V_OPTY_BINARY,X_V_OPTY_BINARY_0,CLUSTERED,YES,YES,OPTY_ID,1,NO
V_OPTY_BINARY,X_V_OPTY_BINARY_0,CLUSTERED,YES,YES,TYPE,2,NO
V_OPTY_COMPET,X_V_OPTY_COMPET_0,CLUSTERED,YES,YES,OPTY_ID,1,NO
V_OPTY_COMPET,X_V_OPTY_COMPET_0,CLUSTERED,YES,YES,ACCT_ID,2,NO
V_OPTY_COMPET,X_V_OPTY_COMPET_1,NONCLUSTERED,NO,NO,ACCT_ID,1,NO
V_OPTY_COMPET,X_V_OPTY_COMPET_2,NONCLUSTERED,NO,NO,OPTY_ID,1,NO
V_OPTY_CONTACT,X_V_OPTY_CONTACT_0,CLUSTERED,YES,YES,OPTY_ID,1,NO
V_OPTY_CONTACT,X_V_OPTY_CONTACT_0,CLUSTERED,YES,YES,CONTACT_ID,2,NO
V_OPTY_CURR,X_V_OPTY_CURR_0,CLUSTERED,YES,YES,ID,1,NO
V_OPTY_CURR,X_V_OPTY_CURR_0,CLUSTERED,YES,YES,CURRENCY_ID,2,NO
V_OPTY_ESTIMATE,X_V_OPTY_ESTIMATE_0,CLUSTERED,YES,YES,EST_ID,1,NO
V_OPTY_ESTIMATE,X_V_OPTY_ESTIMATE_0,CLUSTERED,YES,YES,OPTY_ID,2,NO
V_OPTY_ORDER,X_V_OPTY_ORDER_0,CLUSTERED,YES,YES,OPTY_ID,1,NO
V_OPTY_ORDER,X_V_OPTY_ORDER_0,CLUSTERED,YES,YES,CUST_ORDER_ID,2,NO
V_OPTY_PLAN,X_V_OPTY_PLAN_0,CLUSTERED,YES,YES,OPTY_ID,1,NO
V_OPTY_PLAN,X_V_OPTY_PLAN_0,CLUSTERED,YES,YES,STAGE_ID,2,NO
V_OPTY_PLAN,X_V_OPTY_PLAN_0,CLUSTERED,YES,YES,LINE_NO,3,NO
V_OPTY_TYPE,X_V_OPTY_TYPE_0,CLUSTERED,YES,YES,ID,1,NO
V_PAYABLE_DIST,X_V_PAYABLE_DIST_0,CLUSTERED,YES,YES,ID,1,NO
V_POSITION,X_V_POSITION_0,CLUSTERED,YES,YES,ID,1,NO
V_PRIORITY,X_V_PRIORITY_0,CLUSTERED,YES,YES,ID,1,NO
V_PROBABILITY,X_V_PROBABILITY_0,CLUSTERED,YES,YES,ID,1,NO
V_QTE_LINE_BINARY,X_V_QTE_LINE_BINARY_0,CLUSTERED,YES,YES,QUOTE_ID,1,NO
V_QTE_LINE_BINARY,X_V_QTE_LINE_BINARY_0,CLUSTERED,YES,YES,LINE_NO,2,NO
V_QTE_LINE_BINARY,X_V_QTE_LINE_BINARY_0,CLUSTERED,YES,YES,TYPE,3,NO
V_QUOTA,X_V_QUOTA_0,CLUSTERED,YES,YES,REPORTING_TYPE,1,NO
V_QUOTA,X_V_QUOTA_0,CLUSTERED,YES,YES,REPORTING_ID,2,NO
V_QUOTA,X_V_QUOTA_0,CLUSTERED,YES,YES,STAGE_ID,3,NO
V_QUOTA,X_V_QUOTA_0,CLUSTERED,YES,YES,YEAR,4,NO
V_QUOTA,X_V_QUOTA_0,CLUSTERED,YES,YES,MONTH,5,NO
V_QUOTE,X_V_QUOTE_0,CLUSTERED,YES,YES,ID,1,NO
V_QUOTE,X_V_QUOTE_1,NONCLUSTERED,NO,NO,ACCT_ID,1,NO
V_QUOTE,X_V_QUOTE_2,NONCLUSTERED,NO,NO,CONTACT_ID,1,NO
V_QUOTE,X_V_QUOTE_3,NONCLUSTERED,NO,NO,OPTY_ID,1,NO
V_QUOTE_ATTRIB,X_V_QUOTE_ATTRIB_0,CLUSTERED,YES,YES,QUOTE_ID,1,NO
V_QUOTE_ATTRIB,X_V_QUOTE_ATTRIB_0,CLUSTERED,YES,YES,LINE_NO,2,NO
V_QUOTE_ATTRIB,X_V_QUOTE_ATTRIB_0,CLUSTERED,YES,YES,PART_NO,3,NO
V_QUOTE_ATTRIB,X_V_QUOTE_ATTRIB_0,CLUSTERED,YES,YES,ATTRIB_NO,4,NO
V_QUOTE_BINARY,X_V_QUOTE_BINARY_0,CLUSTERED,YES,YES,QUOTE_ID,1,NO
V_QUOTE_BINARY,X_V_QUOTE_BINARY_0,CLUSTERED,YES,YES,TYPE,2,NO
V_QUOTE_CONTACT,X_V_QUOTE_CONTACT_0,CLUSTERED,YES,YES,QUOTE_ID,1,NO
V_QUOTE_CONTACT,X_V_QUOTE_CONTACT_0,CLUSTERED,YES,YES,CONTACT_ID,2,NO
V_QUOTE_CURR,X_V_QUOTE_CURR_0,CLUSTERED,YES,YES,ID,1,NO
V_QUOTE_CURR,X_V_QUOTE_CURR_0,CLUSTERED,YES,YES,CURRENCY_ID,2,NO
V_QUOTE_ESTIMATE,X_V_QUOTE_ESTIMATE_0,CLUSTERED,YES,YES,EST_ID,1,NO
V_QUOTE_ESTIMATE,X_V_QUOTE_ESTIMATE_0,CLUSTERED,YES,YES,QUOTE_ID,2,NO
V_QUOTE_ESTIMATE,X_V_QUOTE_ESTIMATE_0,CLUSTERED,YES,YES,EST_LINE_NO,3,NO
V_QUOTE_ESTIMATE,X_V_QUOTE_ESTIMATE_0,CLUSTERED,YES,YES,QUOTE_LINE_NO,4,NO
V_QUOTE_LINE,X_V_QUOTE_LINE_0,CLUSTERED,YES,YES,QUOTE_ID,1,NO
V_QUOTE_LINE,X_V_QUOTE_LINE_0,CLUSTERED,YES,YES,LINE_NO,2,NO
V_QUOTE_LINE,X_V_QUOTE_LINE_1,NONCLUSTERED,NO,NO,PART_ID,1,NO
V_QUOTE_ORDER,X_V_QUOTE_ORDER_0,CLUSTERED,YES,YES,CUST_ORDER_ID,1,NO
V_QUOTE_ORDER,X_V_QUOTE_ORDER_0,CLUSTERED,YES,YES,ORDER_LINE_NO,2,NO
V_QUOTE_ORDER,X_V_QUOTE_ORDER_0,CLUSTERED,YES,YES,QUOTE_ID,3,NO
V_QUOTE_ORDER,X_V_QUOTE_ORDER_0,CLUSTERED,YES,YES,QUOTE_LINE_NO,4,NO
V_QUOTE_PART,X_V_QUOTE_PART_0,CLUSTERED,YES,YES,QUOTE_ID,1,NO
V_QUOTE_PART,X_V_QUOTE_PART_0,CLUSTERED,YES,YES,LINE_NO,2,NO
V_QUOTE_PART,X_V_QUOTE_PART_0,CLUSTERED,YES,YES,PART_NO,3,NO
V_QUOTE_TYPE,X_V_QUOTE_TYPE_0,CLUSTERED,YES,YES,ID,1,NO
V_RECV_DIST,X_V_RECV_DIST_0,CLUSTERED,YES,YES,ID,1,NO
V_RECV_DIST_LINE,X_V_RECV_DIST_LINE_0,CLUSTERED,YES,YES,DIST_ID,1,NO
V_RECV_DIST_LINE,X_V_RECV_DIST_LINE_0,CLUSTERED,YES,YES,ENTRY_NBR,2,NO
V_RIGHTS,X_V_RIGHTS_0,CLUSTERED,YES,YES,ID,1,NO
V_RIGHTS,X_V_RIGHTS_0,CLUSTERED,YES,YES,VFO_USER_ID,2,NO
V_RPT,X_V_RPT_0,CLUSTERED,YES,YES,ID,1,NO
V_RPT_OPT,X_V_RPT_OPT_0,CLUSTERED,YES,YES,ID,1,NO
V_RPT_USER_OPT,X_V_RPT_USER_OPT_0,CLUSTERED,YES,YES,ID,1,NO
V_SALES_ACTIVITY,X_V_SALES_ACTIVITY_0,CLUSTERED,YES,YES,PLAN_ID,1,NO
V_SALES_ACTIVITY,X_V_SALES_ACTIVITY_0,CLUSTERED,YES,YES,STAGE_ID,2,NO
V_SALES_ACTIVITY,X_V_SALES_ACTIVITY_0,CLUSTERED,YES,YES,SEQ_NO,3,NO
V_SALES_ACTIVITY,X_V_SALES_ACTIVITY_0,CLUSTERED,YES,YES,LINE_NO,4,NO
V_SALES_PLAN,X_V_SALES_PLAN_0,CLUSTERED,YES,YES,ID,1,NO
V_SALES_STAGE,X_V_SALES_STAGE_0,CLUSTERED,YES,YES,ID,1,NO
V_SHOP_RESOURCE,X_V_SHOP_RESOURCE_0,CLUSTERED,YES,YES,ID,1,NO
V_SO_EXP_BINARY,X_V_SO_EXP_BINARY_0,CLUSTERED,YES,YES,SRVC_ORDER_ID,1,NO
V_SO_EXP_BINARY,X_V_SO_EXP_BINARY_0,CLUSTERED,YES,YES,LINE_NO,2,NO
V_SO_EXP_BINARY,X_V_SO_EXP_BINARY_0,CLUSTERED,YES,YES,TYPE,3,NO
V_SO_LBR_BINARY,X_V_SO_LBR_BINARY_0,CLUSTERED,YES,YES,SRVC_ORDER_ID,1,NO
V_SO_LBR_BINARY,X_V_SO_LBR_BINARY_0,CLUSTERED,YES,YES,LINE_NO,2,NO
V_SO_LBR_BINARY,X_V_SO_LBR_BINARY_0,CLUSTERED,YES,YES,TYPE,3,NO
V_SO_MTL_BINARY,X_V_SO_MTL_BINARY_0,CLUSTERED,YES,YES,SRVC_ORDER_ID,1,NO
V_SO_MTL_BINARY,X_V_SO_MTL_BINARY_0,CLUSTERED,YES,YES,LINE_NO,2,NO
V_SO_MTL_BINARY,X_V_SO_MTL_BINARY_0,CLUSTERED,YES,YES,TYPE,3,NO
V_SO_OPR_BINARY,X_V_SO_OPR_BINARY_0,CLUSTERED,YES,YES,SRVC_ORDER_ID,1,NO
V_SO_OPR_BINARY,X_V_SO_OPR_BINARY_0,CLUSTERED,YES,YES,LINE_NO,2,NO
V_SO_OPR_BINARY,X_V_SO_OPR_BINARY_0,CLUSTERED,YES,YES,TYPE,3,NO
V_SO_VND_BINARY,X_V_SO_VND_BINARY_0,CLUSTERED,YES,YES,SRVC_ORDER_ID,1,NO
V_SO_VND_BINARY,X_V_SO_VND_BINARY_0,CLUSTERED,YES,YES,LINE_NO,2,NO
V_SO_VND_BINARY,X_V_SO_VND_BINARY_0,CLUSTERED,YES,YES,TYPE,3,NO
V_SRVC_CALL,X_V_SRVC_CALL_0,CLUSTERED,YES,YES,ID,1,NO
V_SRVC_CODE,X_V_SRVC_CODE_0,CLUSTERED,YES,YES,ID,1,NO
V_SRVC_ORDER,X_V_SRVC_ORDER_0,CLUSTERED,YES,YES,ID,1,NO
V_SRVC_ORDER,X_V_SRVC_ORDER_1,NONCLUSTERED,NO,NO,ACCT_ID,1,NO
V_SRVC_ORDER,X_V_SRVC_ORDER_2,NONCLUSTERED,NO,NO,CONTACT_ID,1,NO
V_SRVC_TYPE,X_V_SRVC_TYPE_0,CLUSTERED,YES,YES,ID,1,NO
V_SRVCORD_BINARY,X_V_SRVCORD_BINARY_0,CLUSTERED,YES,YES,SRVC_ORDER_ID,1,NO
V_SRVCORD_BINARY,X_V_SRVCORD_BINARY_0,CLUSTERED,YES,YES,TYPE,2,NO
V_SRVCORD_EXP,X_V_SRVCORD_EXP_0,CLUSTERED,YES,YES,SRVC_ORDER_ID,1,NO
V_SRVCORD_EXP,X_V_SRVCORD_EXP_0,CLUSTERED,YES,YES,LINE_NO,2,NO
V_SRVCORD_LBR,X_V_SRVCORD_LBR_0,CLUSTERED,YES,YES,SRVC_ORDER_ID,1,NO
V_SRVCORD_LBR,X_V_SRVCORD_LBR_0,CLUSTERED,YES,YES,LINE_NO,2,NO
V_SRVCORD_MTL,X_V_SRVCORD_MTL_0,CLUSTERED,YES,YES,SRVC_ORDER_ID,1,NO
V_SRVCORD_MTL,X_V_SRVCORD_MTL_0,CLUSTERED,YES,YES,LINE_NO,2,NO
V_SRVCORD_OPER,X_V_SRVCORD_OPER_0,CLUSTERED,YES,YES,SRVC_ORDER_ID,1,NO
V_SRVCORD_OPER,X_V_SRVCORD_OPER_0,CLUSTERED,YES,YES,LINE_NO,2,NO
V_SRVCORD_VNDR,X_V_SRVCORD_VNDR_0,CLUSTERED,YES,YES,SRVC_ORDER_ID,1,NO
V_SRVCORD_VNDR,X_V_SRVCORD_VNDR_0,CLUSTERED,YES,YES,LINE_NO,2,NO
V_SUB_AREA,X_V_SUB_AREA_0,CLUSTERED,YES,YES,ID,1,NO
V_SUB_AREA,X_V_SUB_AREA_0,CLUSTERED,YES,YES,AREA_ID,2,NO
V_SYNC_USER,X_V_SYNC_USER_0,CLUSTERED,YES,YES,ID,1,NO
V_TASK,X_V_TASK_0,CLUSTERED,YES,YES,ID,1,NO
V_TASK,X_V_TASK_1,NONCLUSTERED,NO,NO,ACCT_ID,1,NO
V_TASK,X_V_TASK_2,NONCLUSTERED,NO,NO,CONTACT_ID,1,NO
V_TASK,X_V_TASK_3,NONCLUSTERED,NO,NO,REL_TYPE,1,NO
V_TASK,X_V_TASK_4,NONCLUSTERED,NO,NO,REL_ID,1,NO
V_TASK_ACTIVITY_TYPE,X_V_TASK_ACT_TYPE_0,CLUSTERED,YES,YES,ID,1,NO
V_TASK_BINARY,X_V_TASK_BINARY_0,CLUSTERED,YES,YES,TASK_ID,1,NO
V_TASK_BINARY,X_V_TASK_BINARY_0,CLUSTERED,YES,YES,TYPE,2,NO
V_TASK_CATEGORY,X_V_TASK_CATEGORY_0,CLUSTERED,YES,YES,ID,1,NO
V_TASK_CONTACT,X_V_TASK_CONTACT_0,CLUSTERED,YES,YES,TASK_ID,1,NO
V_TASK_CONTACT,X_V_TASK_CONTACT_0,CLUSTERED,YES,YES,CONTACT_ID,2,NO
V_USER,X_V_USER_0,CLUSTERED,YES,YES,ID,1,NO
V_USER_AUTH,X_V_USER_AUTH_0,CLUSTERED,YES,YES,USER_ID,1,NO
V_USER_AUTH,X_V_USER_AUTH_0,CLUSTERED,YES,YES,PROCESS,2,NO
V_USER_DEF_LIST,X_V_USER_DEF_LIST_0,CLUSTERED,YES,YES,BUS_TYPE,1,NO
V_USER_DEF_LIST,X_V_USER_DEF_LIST_0,CLUSTERED,YES,YES,FIELD_NAME,2,NO
V_USER_DEF_LIST,X_V_USER_DEF_LIST_0,CLUSTERED,YES,YES,CODE,3,NO
V_USER_DEFINED,X_V_USER_DEFINED_0,CLUSTERED,YES,YES,BUS_TYPE,1,NO
V_USER_DEFINED,X_V_USER_DEFINED_0,CLUSTERED,YES,YES,FIELD_NAME,2,NO
V_USER_SALESREP,X_V_USER_SR_0,CLUSTERED,YES,YES,USER_ID,1,NO
V_USER_SALESREP,X_V_USER_SR_0,CLUSTERED,YES,YES,SALESREP_ID,2,NO
V_USER_TYPE,X_V_USER_TYPE_0,CLUSTERED,YES,YES,ID,1,NO
V_VERSION,X_V_VERSION_0,CLUSTERED,YES,YES,COMPANY,1,NO
VAT,PK_VAT,CLUSTERED,YES,YES,CODE,1,NO
VAT,PK_VAT,CLUSTERED,YES,YES,effective_date,2,NO
VAT_BOOK,PK_VAT_BOOK,CLUSTERED,YES,YES,CODE,1,NO
VAT_BOOK,PK_VAT_BOOK,CLUSTERED,YES,YES,YEAR,2,NO
VAT_BOOK,PK_VAT_BOOK,CLUSTERED,YES,YES,ENTITY_ID,3,NO
VAT_CATEGORY,PK_VAT_CATEGORY,CLUSTERED,YES,YES,id,1,NO
VEND_BANK_ACCOUNT,PK_VEND_BANK_ACCOUNT,CLUSTERED,YES,YES,ID,1,NO
VEND_CONT_EML_DOC,X_VEND_CONT_EML_DOC_1,NONCLUSTERED,YES,NO,VENDOR_ID,1,NO
VEND_CONT_EML_DOC,X_VEND_CONT_EML_DOC_1,NONCLUSTERED,YES,NO,CONTACT_NO,2,NO
VEND_CONT_EML_DOC,X_VEND_CONT_EML_DOC_1,NONCLUSTERED,YES,NO,DOCUMENT_TYPE,3,NO
VEND_CONT_EML_DOC,X_VEND_CONT_EML_DOC_1,NONCLUSTERED,YES,NO,SITE_ID,4,NO
VEND_CONTACT,PK_VEND_CONTACT,CLUSTERED,YES,YES,VENDOR_ID,1,NO
VEND_CONTACT,PK_VEND_CONTACT,CLUSTERED,YES,YES,CONTACT_ID,2,NO
VEND_GROUP_RELATION,PK_VEND_GROUP_RELATION,CLUSTERED,YES,YES,GROUP_ID,1,NO
VEND_GROUP_RELATION,PK_VEND_GROUP_RELATION,CLUSTERED,YES,YES,VENDOR_ID,2,NO
VENDOR,PK_VENDOR,CLUSTERED,YES,YES,ID,1,NO
VENDOR,X_VENDOR_1,NONCLUSTERED,NO,NO,CURRENCY_ID,1,NO
VENDOR,X_VENDOR_2,NONCLUSTERED,NO,NO,SITE_ID,1,NO
VENDOR_ADDRESS,PK_VENDOR_ADDRESS,CLUSTERED,YES,YES,VENDOR_ID,1,NO
VENDOR_ADDRESS,PK_VENDOR_ADDRESS,CLUSTERED,YES,YES,ADDR_NO,2,NO
VENDOR_BANK,PK_VEND_BANK,CLUSTERED,YES,YES,VENDOR_ID,1,NO
VENDOR_BANK,PK_VEND_BANK,CLUSTERED,YES,YES,BANK_ID,2,NO
VENDOR_BINARY,PK_VENDOR_BINARY,CLUSTERED,YES,YES,VENDOR_ID,1,NO
VENDOR_BINARY,PK_VENDOR_BINARY,CLUSTERED,YES,YES,TYPE,2,NO
VENDOR_BUYER,PK_VENDOR_BUYER,CLUSTERED,YES,YES,VENDOR_ID,1,NO
VENDOR_BUYER,PK_VENDOR_BUYER,CLUSTERED,YES,YES,BUYER_ID,2,NO
VENDOR_CALENDAR,X_VENDCAL_0,NONCLUSTERED,YES,NO,VENDOR_ID,1,NO
VENDOR_CALENDAR,X_VENDCAL_0,NONCLUSTERED,YES,NO,SERVICE_ID,2,NO
VENDOR_CALENDAR,X_VENDCAL_0,NONCLUSTERED,YES,NO,START_DATE,3,NO
VENDOR_CONTACT,PK_VENDOR_CONTACT,CLUSTERED,YES,YES,VENDOR_ID,1,NO
VENDOR_CONTACT,PK_VENDOR_CONTACT,CLUSTERED,YES,YES,CONTACT_NO,2,NO
VENDOR_ENTITY,PK_VENDOR_ENTITY,CLUSTERED,YES,YES,ENTITY_ID,1,NO
VENDOR_ENTITY,PK_VENDOR_ENTITY,CLUSTERED,YES,YES,VENDOR_ID,2,NO
VENDOR_GROUP,PK_VEND_GROUP,CLUSTERED,YES,YES,ID,1,NO
VENDOR_PART,X_VENDOR_PART_0,NONCLUSTERED,YES,NO,SITE_ID,1,NO
VENDOR_PART,X_VENDOR_PART_0,NONCLUSTERED,YES,NO,PART_ID,2,NO
VENDOR_PART,X_VENDOR_PART_0,NONCLUSTERED,YES,NO,VENDOR_ID,3,NO
VENDOR_PART,X_VENDOR_PART_0,NONCLUSTERED,YES,NO,VENDOR_PART_ID,4,NO
VENDOR_PART,X_VENDOR_PART_1,NONCLUSTERED,NO,NO,VENDOR_ID,1,NO
VENDOR_PART,X_VENDOR_PART_1,NONCLUSTERED,NO,NO,PART_ID,2,NO
VENDOR_PART,X_VENDOR_PART_2,NONCLUSTERED,NO,NO,VENDOR_ID,1,NO
VENDOR_PART,X_VENDOR_PART_2,NONCLUSTERED,NO,NO,VENDOR_PART_ID,2,NO
VENDOR_QUOTE,X_VENDOR_QUOTE_0,NONCLUSTERED,YES,NO,VENDOR_ID,1,NO
VENDOR_QUOTE,X_VENDOR_QUOTE_0,NONCLUSTERED,YES,NO,VENDOR_PART_ID,2,NO
VENDOR_QUOTE,X_VENDOR_QUOTE_0,NONCLUSTERED,YES,NO,CONTRACT_ID,3,NO
VENDOR_QUOTE,X_VENDOR_QUOTE_0,NONCLUSTERED,YES,NO,CONTRACT_LINE_NO,4,NO
VENDOR_QUOTE,X_VENDOR_QUOTE_0,NONCLUSTERED,YES,NO,MFG_NAME,5,NO
VENDOR_QUOTE,X_VENDOR_QUOTE_0,NONCLUSTERED,YES,NO,MFG_PART_ID,6,NO
VENDOR_QUOTE,X_VENDOR_QUOTE_0,NONCLUSTERED,YES,NO,SITE_ID,7,NO
VENDOR_QUOTE,X_VENDOR_QUOTE_1,NONCLUSTERED,NO,NO,VENDOR_PART_ID,1,NO
VENDOR_QUOTE,X_VENDOR_QUOTE_1,NONCLUSTERED,NO,NO,VENDOR_ID,2,NO
VENDOR_QUOTE,X_VENDOR_QUOTE_2,NONCLUSTERED,NO,NO,PURCHASE_UM,1,NO
VENDOR_QUOTE,X_VENDOR_QUOTE_3,NONCLUSTERED,NO,NO,MFG_NAME,1,NO
VENDOR_QUOTE,X_VENDOR_QUOTE_3,NONCLUSTERED,NO,NO,MFG_PART_ID,2,NO
VENDOR_REMIT_ADDR,PK_VENDOR_REMIT_ADDR,CLUSTERED,YES,YES,VENDOR_ID,1,NO
VENDOR_REMIT_ADDR,PK_VENDOR_REMIT_ADDR,CLUSTERED,YES,YES,ADDR_NO,2,NO
VENDOR_SERV_QUOTE,X_VENDSERV_QUOTE_0,NONCLUSTERED,YES,NO,VENDOR_ID,1,NO
VENDOR_SERV_QUOTE,X_VENDSERV_QUOTE_0,NONCLUSTERED,YES,NO,VENDOR_SERVICE_ID,2,NO
VENDOR_SERV_QUOTE,X_VENDSERV_QUOTE_0,NONCLUSTERED,YES,NO,CONTRACT_ID,3,NO
VENDOR_SERV_QUOTE,X_VENDSERV_QUOTE_0,NONCLUSTERED,YES,NO,CONTRACT_LINE_NO,4,NO
VENDOR_SERV_QUOTE,X_VENDSERV_QUOTE_0,NONCLUSTERED,YES,NO,SITE_ID,5,NO
VENDOR_SERV_QUOTE,X_VENDSERV_QUOTE_1,NONCLUSTERED,NO,NO,PURCHASE_UM,1,NO
VENDOR_SERVICE,PK_VENDOR_SERVICE,CLUSTERED,YES,YES,SITE_ID,1,NO
VENDOR_SERVICE,PK_VENDOR_SERVICE,CLUSTERED,YES,YES,SERVICE_ID,2,NO
VENDOR_SERVICE,PK_VENDOR_SERVICE,CLUSTERED,YES,YES,VENDOR_ID,3,NO
VENDOR_SERVICE,X_VENDSERV_1,NONCLUSTERED,NO,NO,VENDOR_ID,1,NO
VENDOR_SERVICE,X_VENDSERV_1,NONCLUSTERED,NO,NO,VENDOR_SERVICE_ID,2,NO
VENDOR_SYNC,PK_VENDOR_SYNC,CLUSTERED,YES,YES,EVENT_ID,1,NO
VENDOR_WEEK,X_VENDWEEK_0,NONCLUSTERED,YES,NO,VENDOR_ID,1,NO
VENDOR_WEEK,X_VENDWEEK_0,NONCLUSTERED,YES,NO,SERVICE_ID,2,NO
VENDOR_WEEK,X_VENDWEEK_0,NONCLUSTERED,YES,NO,DAY_OF_WEEK,3,NO
VMDI_ACK_CODES,PK_VMDI_ACK_CODES,CLUSTERED,YES,YES,ACK_ID,1,NO
VMDI_ASSOC,PK_VMDI_ASSOC,CLUSTERED,YES,YES,LAYOUT_KEY,1,NO
VMDI_ASSOC,PK_VMDI_ASSOC,CLUSTERED,YES,YES,LAYOUT_VERSION,2,NO
VMDI_ASSOC,PK_VMDI_ASSOC,CLUSTERED,YES,YES,LAYOUT_DIRECTION,3,NO
VMDI_ASSOC,PK_VMDI_ASSOC,CLUSTERED,YES,YES,TABLE_NAME,4,NO
VMDI_ASSOC,PK_VMDI_ASSOC,CLUSTERED,YES,YES,TABLE_KEY,5,NO
VMDI_CSH_HDR,PK_VMDI_CSH_HDR,CLUSTERED,YES,YES,CUSTOMER_ID,1,NO
VMDI_CSH_HDR,PK_VMDI_CSH_HDR,CLUSTERED,YES,YES,CHECK_ID,2,NO
VMDI_CSH_LINE,PK_VMDI_CSH_LINE,CLUSTERED,YES,YES,CUSTOMER_ID,1,NO
VMDI_CSH_LINE,PK_VMDI_CSH_LINE,CLUSTERED,YES,YES,CHECK_ID,2,NO
VMDI_CSH_LINE,PK_VMDI_CSH_LINE,CLUSTERED,YES,YES,LINE_NO,3,NO
VMDI_DATA,PK_VMDI_DATA,CLUSTERED,YES,YES,LAYOUT_KEY,1,NO
VMDI_DATA,PK_VMDI_DATA,CLUSTERED,YES,YES,LAYOUT_VERSION,2,NO
VMDI_DATA,PK_VMDI_DATA,CLUSTERED,YES,YES,LAYOUT_DIRECTION,3,NO
VMDI_DATA,PK_VMDI_DATA,CLUSTERED,YES,YES,SEGMENT_TYPE,4,NO
VMDI_DATA,PK_VMDI_DATA,CLUSTERED,YES,YES,TABLE_NAME,5,NO
VMDI_DATA,PK_VMDI_DATA,CLUSTERED,YES,YES,COLUMN_NAME,6,NO
VMDI_LAYOUT,PK_VMDI_LAYOUT,CLUSTERED,YES,YES,KEY,1,NO
VMDI_LAYOUT,PK_VMDI_LAYOUT,CLUSTERED,YES,YES,VERSION,2,NO
VMDI_LAYOUT,PK_VMDI_LAYOUT,CLUSTERED,YES,YES,DIRECTION,3,NO
VMDI_SPECIAL_COLS,PK_VMDI_SPEC_COLS,CLUSTERED,YES,YES,LAYOUT_KEY,1,NO
VMDI_SPECIAL_COLS,PK_VMDI_SPEC_COLS,CLUSTERED,YES,YES,TABLE_NAME,2,NO
VMDI_SPECIAL_COLS,PK_VMDI_SPEC_COLS,CLUSTERED,YES,YES,COLUMN_NAME,3,NO
VMDI_TABLE,PK_VMDI_TABLE,CLUSTERED,YES,YES,LAYOUT_KEY,1,NO
VMDI_TABLE,PK_VMDI_TABLE,CLUSTERED,YES,YES,LAYOUT_VERSION,2,NO
VMDI_TABLE,PK_VMDI_TABLE,CLUSTERED,YES,YES,LAYOUT_DIRECTION,3,NO
VMDI_TABLE,PK_VMDI_TABLE,CLUSTERED,YES,YES,SEGMENT_TYPE,4,NO
VMDI_TABLE,PK_VMDI_TABLE,CLUSTERED,YES,YES,TABLE_NAME,5,NO
VMQUERY_ITEM_AUTHORITY,PK_VMQUERY_ITEM_AUTHORITY,CLUSTERED,YES,YES,USER_ID,1,NO
VMQUERY_ITEM_AUTHORITY,PK_VMQUERY_ITEM_AUTHORITY,CLUSTERED,YES,YES,ITEM_ID,2,NO
VR_ANALYTIC_CONFIG,PK_VR_ANALYTIC_CONFIG,CLUSTERED,YES,YES,ID,1,NO
VR_ANALYTIC_CONFIG_PROP,PK_VR_ANALYTIC_CONFIG_PROP,CLUSTERED,YES,YES,ANALYTIC_CONFIG_ID,1,NO
VR_ANALYTIC_CONFIG_PROP,PK_VR_ANALYTIC_CONFIG_PROP,CLUSTERED,YES,YES,PROPERTY_NAME,2,NO
VR_CAL_DATE,VR_CAL_DATE_0,NONCLUSTERED,YES,NO,CAL_DAY,1,NO
VR_CUSTORD_DET,VR_CUSTORD_DET_0,NONCLUSTERED,NO,NO,CUST_ORDER_ID,1,NO
VR_CUSTORD_DET,VR_CUSTORD_DET_0,NONCLUSTERED,NO,NO,LINE_NO,2,NO
VR_CUSTORD_DET,VR_CUSTORD_DET_1,NONCLUSTERED,NO,NO,ORDER_DATE,1,NO
VR_DATA_SOURCE,PK_VR_DATA_SOURCE,CLUSTERED,YES,YES,ID,1,NO
VR_DATA_SOURCE_COLUMN,PK_VR_DATA_SOURCE_COLUMN,CLUSTERED,YES,YES,DATA_SOURCE_ID,1,NO
VR_DATA_SOURCE_COLUMN,PK_VR_DATA_SOURCE_COLUMN,CLUSTERED,YES,YES,NAME,2,NO
VR_DATA_SOURCE_TABLE,PK_VR_DATA_SOURCE_TABLE,CLUSTERED,YES,YES,DATA_SOURCE_ID,1,NO
VR_DATA_SOURCE_TABLE,PK_VR_DATA_SOURCE_TABLE,CLUSTERED,YES,YES,ALIAS,2,NO
VR_DATA_SRC_DRILLTO_PARAM,PK_VR_DATA_SRC_DRILLTO_PARAM,CLUSTERED,YES,YES,DATA_SOURCE_ID,1,NO
VR_DATA_SRC_DRILLTO_PARAM,PK_VR_DATA_SRC_DRILLTO_PARAM,CLUSTERED,YES,YES,DATA_SOURCE_COLUMN_NAME,2,NO
VR_DATA_SRC_DRILLTO_PARAM,PK_VR_DATA_SRC_DRILLTO_PARAM,CLUSTERED,YES,YES,SEQUENCE_NO,3,NO
VR_GRID_CONFIG,PK_VR_GRID_CONFIG,CLUSTERED,YES,YES,ID,1,NO
VR_GRID_CONFIG_COLUMN,PK_VR_GRID_CONFIG_COLUMN,CLUSTERED,YES,YES,GRID_CONFIG_ID,1,NO
VR_GRID_CONFIG_COLUMN,PK_VR_GRID_CONFIG_COLUMN,CLUSTERED,YES,YES,NAME,2,NO
VR_MENU,PK_VR_MENU,CLUSTERED,YES,YES,ID,1,NO
VR_MENU,PK_VR_MENU,CLUSTERED,YES,YES,LOCALE,2,NO
VR_MENU_NODE,PK_VR_MENU_NODE,CLUSTERED,YES,YES,MENU_ID,1,NO
VR_MENU_NODE,PK_VR_MENU_NODE,CLUSTERED,YES,YES,NODE_ID,2,NO
VR_MENU_NODE,PK_VR_MENU_NODE,CLUSTERED,YES,YES,LOCALE,3,NO
VR_PAYABLE_DET,VR_PAYABLE_DET_0,NONCLUSTERED,YES,NO,VOUCHER_ID,1,NO
VR_PAYABLE_DET,VR_PAYABLE_DET_0,NONCLUSTERED,YES,NO,SITE_ID,2,NO
VR_PAYABLE_DET,VR_PAYABLE_DET_0,NONCLUSTERED,YES,NO,LINE_NO,3,NO
VR_PAYABLE_DET,VR_PAYABLE_DET_1,NONCLUSTERED,NO,NO,PURC_ORDER_ID,1,NO
VR_PAYABLE_DET,VR_PAYABLE_DET_1,NONCLUSTERED,NO,NO,PURC_ORDER_LINE_NO,2,NO
VR_PAYABLE_HDR,VR_PAYABLE_HDR_0,NONCLUSTERED,NO,NO,VOUCHER_ID,1,NO
VR_PAYABLE_HDR,VR_PAYABLE_HDR_1,NONCLUSTERED,NO,NO,INVOICE_DATE,1,NO
VR_PROPERTY,VR_PROPERTY_0,NONCLUSTERED,NO,NO,NAME,1,NO
VR_PURCORD_DET,VR_PURCORD_DET_0,NONCLUSTERED,NO,NO,PURC_ORDER_ID,1,NO
VR_PURCORD_DET,VR_PURCORD_DET_0,NONCLUSTERED,NO,NO,LINE_NO,2,NO
VR_PURCORD_DET,VR_PURCORD_DET_1,NONCLUSTERED,NO,NO,ORDER_DATE,1,NO
VR_RECEIVABLE_HDR,VR_RECEIVABLE_HDR_0,NONCLUSTERED,YES,NO,INVOICE_ID,1,NO
VR_RECEIVABLE_HDR,VR_RECEIVABLE_HDR_0,NONCLUSTERED,YES,NO,SITE_ID,2,NO
VR_RECEIVABLE_HDR,VR_RECEIVABLE_HDR_1,NONCLUSTERED,NO,NO,INVOICE_DATE,1,NO
VR_RECEIVER_DET,VR_RECEIVER_DET_0,NONCLUSTERED,NO,NO,RECEIVER_ID,1,NO
VR_RECEIVER_DET,VR_RECEIVER_DET_0,NONCLUSTERED,NO,NO,RECEIVER_LINE_NO,2,NO
VR_RECEIVER_DET,VR_RECEIVER_DET_1,NONCLUSTERED,NO,NO,ORDER_DATE,1,NO
VR_SHIPMENT_DET,VR_SHIPMENT_DET_0,NONCLUSTERED,NO,NO,PACKLIST_ID,1,NO
VR_SHIPMENT_DET,VR_SHIPMENT_DET_0,NONCLUSTERED,NO,NO,SHIPPER_LINE_NO,2,NO
VR_SHIPMENT_DET,VR_SHIPMENT_DET_1,NONCLUSTERED,NO,NO,ORDER_DATE,1,NO
VR_WORKORDER_HDR,VR_WORKORDER_HDR_0,NONCLUSTERED,NO,NO,WORKORDER_TYPE,1,NO
VR_WORKORDER_HDR,VR_WORKORDER_HDR_0,NONCLUSTERED,NO,NO,WORKORDER_BASE_ID,2,NO
VR_WORKORDER_HDR,VR_WORKORDER_HDR_0,NONCLUSTERED,NO,NO,WORKORDER_LOT_ID,3,NO
VR_WORKORDER_HDR,VR_WORKORDER_HDR_0,NONCLUSTERED,NO,NO,WORKORDER_SPLIT_ID,4,NO
VR_WORKORDER_HDR,VR_WORKORDER_HDR_0,NONCLUSTERED,NO,NO,WORKORDER_SUB_ID,5,NO
VR_WORKORDER_HDR,VR_WORKORDER_HDR_1,NONCLUSTERED,NO,NO,WANT_DATE,1,NO
WAREHOUSE,PK_WAREHOUSE,CLUSTERED,YES,YES,ID,1,NO
WAREHOUSE,X_WAREHOUSE_1,NONCLUSTERED,NO,NO,SITE_ID,1,NO
WAREHOUSE_ADDRESS,PK_WAREHOUSE_ADDRESS,CLUSTERED,YES,YES,WAREHOUSE_ID,1,NO
WAREHOUSE_ADDRESS,PK_WAREHOUSE_ADDRESS,CLUSTERED,YES,YES,ADDR_NO,2,NO
WAREHOUSE_WIP_VAS,PK_WHS_WIP_VAS,CLUSTERED,YES,YES,WAREHOUSE_ID,1,NO
WAREHOUSE_WIP_VAS,PK_WHS_WIP_VAS,CLUSTERED,YES,YES,PART_ID,2,NO
WAREHOUSE_WIP_VAS,PK_WHS_WIP_VAS,CLUSTERED,YES,YES,WIP_VAS_ID,3,NO
WBS,PK_WBS,CLUSTERED,YES,YES,CODE,1,NO
WBS,PK_WBS,CLUSTERED,YES,YES,PROJECT_ID,2,NO
WBS_BILLABLE_TYPE,PK_WBS_BILLABLE_TYPE,CLUSTERED,YES,YES,CODE,1,NO
WEB_SESSION,PK_WEB_SESSION,CLUSTERED,YES,YES,USER_ID,1,NO
WEB_SESSION,PK_WEB_SESSION,CLUSTERED,YES,YES,APPLICATION_ID,2,NO
WH_SHIP_ADVICE,PK_WH_SHIP_ADVICE,CLUSTERED,YES,YES,ID,1,NO
WIP_BALANCE,PK_WIP_BALANCE,CLUSTERED,YES,YES,WORKORDER_TYPE,1,NO
WIP_BALANCE,PK_WIP_BALANCE,CLUSTERED,YES,YES,WORKORDER_BASE_ID,2,NO
WIP_BALANCE,PK_WIP_BALANCE,CLUSTERED,YES,YES,WORKORDER_LOT_ID,3,NO
WIP_BALANCE,PK_WIP_BALANCE,CLUSTERED,YES,YES,WORKORDER_SPLIT_ID,4,NO
WIP_BALANCE,PK_WIP_BALANCE,CLUSTERED,YES,YES,WORKORDER_SUB_ID,5,NO
WIP_BALANCE,PK_WIP_BALANCE,CLUSTERED,YES,YES,POSTING_DATE,6,NO
WIP_BALANCE,PK_WIP_BALANCE,CLUSTERED,YES,YES,CURRENCY_ID,7,NO
WIP_BALANCE,X_WIP_BALANCE_1,NONCLUSTERED,NO,NO,POSTING_DATE,1,NO
WIP_BALANCE,X_WIP_BALANCE_1,NONCLUSTERED,NO,NO,WORKORDER_TYPE,2,NO
WIP_BALANCE,X_WIP_BALANCE_1,NONCLUSTERED,NO,NO,WORKORDER_BASE_ID,3,NO
WIP_BALANCE,X_WIP_BALANCE_1,NONCLUSTERED,NO,NO,WORKORDER_LOT_ID,4,NO
WIP_BALANCE,X_WIP_BALANCE_1,NONCLUSTERED,NO,NO,WORKORDER_SPLIT_ID,5,NO
WIP_BALANCE,X_WIP_BALANCE_1,NONCLUSTERED,NO,NO,WORKORDER_SUB_ID,6,NO
WIP_ISSUE_DETAIL,PK_WIP_ISSUE_DETAIL,CLUSTERED,YES,YES,WORKORDER_TYPE,1,NO
WIP_ISSUE_DETAIL,PK_WIP_ISSUE_DETAIL,CLUSTERED,YES,YES,WORKORDER_BASE_ID,2,NO
WIP_ISSUE_DETAIL,PK_WIP_ISSUE_DETAIL,CLUSTERED,YES,YES,WORKORDER_LOT_ID,3,NO
WIP_ISSUE_DETAIL,PK_WIP_ISSUE_DETAIL,CLUSTERED,YES,YES,WORKORDER_SPLIT_ID,4,NO
WIP_ISSUE_DETAIL,PK_WIP_ISSUE_DETAIL,CLUSTERED,YES,YES,WORKORDER_SUB_ID,5,NO
WIP_ISSUE_DETAIL,PK_WIP_ISSUE_DETAIL,CLUSTERED,YES,YES,DIST_NO,6,NO
WIP_ISSUE_DETAIL,PK_WIP_ISSUE_DETAIL,CLUSTERED,YES,YES,TRANSACTION_ID,7,NO
WIP_ISSUE_DETAIL,PK_WIP_ISSUE_DETAIL,CLUSTERED,YES,YES,CURRENCY_ID,8,NO
WIP_ISSUE_DETAIL,X_WIP_ISS_DET_1,NONCLUSTERED,NO,NO,PART_ID,1,NO
WIP_ISSUE_DETAIL,X_WIP_ISS_DET_1,NONCLUSTERED,NO,NO,TRANSACTION_ID,2,NO
WIP_ISSUE_DETAIL,X_WIP_ISS_DET_3,NONCLUSTERED,NO,NO,TRANSACTION_ID,1,NO
WIP_ISSUE_DETAIL,X_WIP_ISS_DET_4,NONCLUSTERED,NO,NO,TRANSACTION_ID,1,NO
WIP_ISSUE_DETAIL,X_WIP_ISS_DET_4,NONCLUSTERED,NO,NO,DIST_NO,2,NO
WIP_ISSUE_DIST,PK_WIP_ISSUE_DIST,CLUSTERED,YES,YES,WORKORDER_TYPE,1,NO
WIP_ISSUE_DIST,PK_WIP_ISSUE_DIST,CLUSTERED,YES,YES,WORKORDER_BASE_ID,2,NO
WIP_ISSUE_DIST,PK_WIP_ISSUE_DIST,CLUSTERED,YES,YES,WORKORDER_LOT_ID,3,NO
WIP_ISSUE_DIST,PK_WIP_ISSUE_DIST,CLUSTERED,YES,YES,WORKORDER_SPLIT_ID,4,NO
WIP_ISSUE_DIST,PK_WIP_ISSUE_DIST,CLUSTERED,YES,YES,WORKORDER_SUB_ID,5,NO
WIP_ISSUE_DIST,PK_WIP_ISSUE_DIST,CLUSTERED,YES,YES,DIST_NO,6,NO
WIP_ISSUE_DIST,PK_WIP_ISSUE_DIST,CLUSTERED,YES,YES,ENTRY_NO,7,NO
WIP_ISSUE_DIST,PK_WIP_ISSUE_DIST,CLUSTERED,YES,YES,CURRENCY_ID,8,NO
WIP_ISSUE_DIST,X_WIP_ISS_DIST_1,NONCLUSTERED,NO,NO,BATCH_ID,1,NO
WIP_ISSUE_DIST,X_WIP_ISS_DIST_2,NONCLUSTERED,NO,NO,GL_ACCOUNT_ID,1,NO
WIP_ISSUE_DIST,X_WIP_ISS_DIST_3,NONCLUSTERED,NO,NO,SITE_ID,1,NO
WIP_LABOR_DETAIL,PK_WIP_LABOR_DETAIL,CLUSTERED,YES,YES,WORKORDER_TYPE,1,NO
WIP_LABOR_DETAIL,PK_WIP_LABOR_DETAIL,CLUSTERED,YES,YES,WORKORDER_BASE_ID,2,NO
WIP_LABOR_DETAIL,PK_WIP_LABOR_DETAIL,CLUSTERED,YES,YES,WORKORDER_LOT_ID,3,NO
WIP_LABOR_DETAIL,PK_WIP_LABOR_DETAIL,CLUSTERED,YES,YES,WORKORDER_SPLIT_ID,4,NO
WIP_LABOR_DETAIL,PK_WIP_LABOR_DETAIL,CLUSTERED,YES,YES,WORKORDER_SUB_ID,5,NO
WIP_LABOR_DETAIL,PK_WIP_LABOR_DETAIL,CLUSTERED,YES,YES,DIST_NO,6,NO
WIP_LABOR_DETAIL,PK_WIP_LABOR_DETAIL,CLUSTERED,YES,YES,TRANSACTION_ID,7,NO
WIP_LABOR_DETAIL,PK_WIP_LABOR_DETAIL,CLUSTERED,YES,YES,CURRENCY_ID,8,NO
WIP_LABOR_DETAIL,X_WIP_LAB_DET_1,NONCLUSTERED,NO,NO,TRANSACTION_ID,1,NO
WIP_LABOR_DETAIL,X_WIP_LAB_DET_2,NONCLUSTERED,NO,NO,TRANSACTION_ID,1,NO
WIP_LABOR_DETAIL,X_WIP_LAB_DET_2,NONCLUSTERED,NO,NO,DIST_NO,2,NO
WIP_PAYB_DETAIL,PK_WIP_PAYB_DETAIL,CLUSTERED,YES,YES,WORKORDER_TYPE,1,NO
WIP_PAYB_DETAIL,PK_WIP_PAYB_DETAIL,CLUSTERED,YES,YES,WORKORDER_BASE_ID,2,NO
WIP_PAYB_DETAIL,PK_WIP_PAYB_DETAIL,CLUSTERED,YES,YES,WORKORDER_LOT_ID,3,NO
WIP_PAYB_DETAIL,PK_WIP_PAYB_DETAIL,CLUSTERED,YES,YES,WORKORDER_SPLIT_ID,4,NO
WIP_PAYB_DETAIL,PK_WIP_PAYB_DETAIL,CLUSTERED,YES,YES,WORKORDER_SUB_ID,5,NO
WIP_PAYB_DETAIL,PK_WIP_PAYB_DETAIL,CLUSTERED,YES,YES,DIST_NO,6,NO
WIP_PAYB_DETAIL,PK_WIP_PAYB_DETAIL,CLUSTERED,YES,YES,VOUCHER_ID,7,NO
WIP_PAYB_DETAIL,PK_WIP_PAYB_DETAIL,CLUSTERED,YES,YES,VOUCHER_LINE_NO,8,NO
WIP_PAYB_DETAIL,PK_WIP_PAYB_DETAIL,CLUSTERED,YES,YES,CURRENCY_ID,9,NO
WIP_PAYB_DETAIL,X_WIP_PAYB_DET_1,NONCLUSTERED,NO,NO,VOUCHER_ID,1,NO
WIP_PAYB_DETAIL,X_WIP_PAYB_DET_1,NONCLUSTERED,NO,NO,VOUCHER_LINE_NO,2,NO
WIP_RECEIPT_DETAIL,PK_WIP_RECEIPT_DETAIL,CLUSTERED,YES,YES,WORKORDER_TYPE,1,NO
WIP_RECEIPT_DETAIL,PK_WIP_RECEIPT_DETAIL,CLUSTERED,YES,YES,WORKORDER_BASE_ID,2,NO
WIP_RECEIPT_DETAIL,PK_WIP_RECEIPT_DETAIL,CLUSTERED,YES,YES,WORKORDER_LOT_ID,3,NO
WIP_RECEIPT_DETAIL,PK_WIP_RECEIPT_DETAIL,CLUSTERED,YES,YES,WORKORDER_SPLIT_ID,4,NO
WIP_RECEIPT_DETAIL,PK_WIP_RECEIPT_DETAIL,CLUSTERED,YES,YES,WORKORDER_SUB_ID,5,NO
WIP_RECEIPT_DETAIL,PK_WIP_RECEIPT_DETAIL,CLUSTERED,YES,YES,DIST_NO,6,NO
WIP_RECEIPT_DETAIL,PK_WIP_RECEIPT_DETAIL,CLUSTERED,YES,YES,TRANSACTION_ID,7,NO
WIP_RECEIPT_DETAIL,PK_WIP_RECEIPT_DETAIL,CLUSTERED,YES,YES,CURRENCY_ID,8,NO
WIP_RECEIPT_DETAIL,X_WIP_REC_DET_1,NONCLUSTERED,NO,NO,PART_ID,1,NO
WIP_RECEIPT_DETAIL,X_WIP_REC_DET_1,NONCLUSTERED,NO,NO,TRANSACTION_ID,2,NO
WIP_RECEIPT_DETAIL,X_WIP_REC_DET_2,NONCLUSTERED,NO,NO,PRODUCT_CODE,1,NO
WIP_RECEIPT_DETAIL,X_WIP_REC_DET_3,NONCLUSTERED,NO,NO,TRANSACTION_ID,1,NO
WIP_RECEIPT_DETAIL,X_WIP_REC_DET_4,NONCLUSTERED,NO,NO,TRANSACTION_ID,1,NO
WIP_RECEIPT_DETAIL,X_WIP_REC_DET_4,NONCLUSTERED,NO,NO,DIST_NO,2,NO
WIP_RECEIPT_DIST,PK_WIP_RECEIPT_DIST,CLUSTERED,YES,YES,WORKORDER_TYPE,1,NO
WIP_RECEIPT_DIST,PK_WIP_RECEIPT_DIST,CLUSTERED,YES,YES,WORKORDER_BASE_ID,2,NO
WIP_RECEIPT_DIST,PK_WIP_RECEIPT_DIST,CLUSTERED,YES,YES,WORKORDER_LOT_ID,3,NO
WIP_RECEIPT_DIST,PK_WIP_RECEIPT_DIST,CLUSTERED,YES,YES,WORKORDER_SPLIT_ID,4,NO
WIP_RECEIPT_DIST,PK_WIP_RECEIPT_DIST,CLUSTERED,YES,YES,WORKORDER_SUB_ID,5,NO
WIP_RECEIPT_DIST,PK_WIP_RECEIPT_DIST,CLUSTERED,YES,YES,DIST_NO,6,NO
WIP_RECEIPT_DIST,PK_WIP_RECEIPT_DIST,CLUSTERED,YES,YES,ENTRY_NO,7,NO
WIP_RECEIPT_DIST,PK_WIP_RECEIPT_DIST,CLUSTERED,YES,YES,CURRENCY_ID,8,NO
WIP_RECEIPT_DIST,X_WIP_REC_DIST_1,NONCLUSTERED,NO,NO,BATCH_ID,1,NO
WIP_RECEIPT_DIST,X_WIP_REC_DIST_2,NONCLUSTERED,NO,NO,GL_ACCOUNT_ID,1,NO
WIP_RECEIPT_DIST,X_WIP_REC_DIST_3,NONCLUSTERED,NO,NO,SITE_ID,1,NO
WIP_SERVICE_DETAIL,PK_WIP_SERVICE_DETAIL,CLUSTERED,YES,YES,WORKORDER_TYPE,1,NO
WIP_SERVICE_DETAIL,PK_WIP_SERVICE_DETAIL,CLUSTERED,YES,YES,WORKORDER_BASE_ID,2,NO
WIP_SERVICE_DETAIL,PK_WIP_SERVICE_DETAIL,CLUSTERED,YES,YES,WORKORDER_LOT_ID,3,NO
WIP_SERVICE_DETAIL,PK_WIP_SERVICE_DETAIL,CLUSTERED,YES,YES,WORKORDER_SPLIT_ID,4,NO
WIP_SERVICE_DETAIL,PK_WIP_SERVICE_DETAIL,CLUSTERED,YES,YES,WORKORDER_SUB_ID,5,NO
WIP_SERVICE_DETAIL,PK_WIP_SERVICE_DETAIL,CLUSTERED,YES,YES,DIST_NO,6,NO
WIP_SERVICE_DETAIL,PK_WIP_SERVICE_DETAIL,CLUSTERED,YES,YES,TRANSACTION_ID,7,NO
WIP_SERVICE_DETAIL,PK_WIP_SERVICE_DETAIL,CLUSTERED,YES,YES,CURRENCY_ID,8,NO
WIP_SERVICE_DETAIL,X_WIP_SERV_DET_1,NONCLUSTERED,NO,NO,TRANSACTION_ID,1,NO
WIP_SERVICE_DETAIL,X_WIP_SERV_DET_2,NONCLUSTERED,NO,NO,TRANSACTION_ID,1,NO
WIP_SERVICE_DETAIL,X_WIP_SERV_DET_2,NONCLUSTERED,NO,NO,DIST_NO,2,NO
WIP_SPLIT_DETAIL,PK_WIP_SPLIT_DETAIL,CLUSTERED,YES,YES,WORKORDER_TYPE,1,NO
WIP_SPLIT_DETAIL,PK_WIP_SPLIT_DETAIL,CLUSTERED,YES,YES,WORKORDER_BASE_ID,2,NO
WIP_SPLIT_DETAIL,PK_WIP_SPLIT_DETAIL,CLUSTERED,YES,YES,WORKORDER_LOT_ID,3,NO
WIP_SPLIT_DETAIL,PK_WIP_SPLIT_DETAIL,CLUSTERED,YES,YES,WORKORDER_SPLIT_ID,4,NO
WIP_SPLIT_DETAIL,PK_WIP_SPLIT_DETAIL,CLUSTERED,YES,YES,WORKORDER_SUB_ID,5,NO
WIP_SPLIT_DETAIL,PK_WIP_SPLIT_DETAIL,CLUSTERED,YES,YES,DIST_NO,6,NO
WIP_SPLIT_DETAIL,PK_WIP_SPLIT_DETAIL,CLUSTERED,YES,YES,TRANSACTION_ID,7,NO
WIP_SPLIT_DETAIL,PK_WIP_SPLIT_DETAIL,CLUSTERED,YES,YES,CURRENCY_ID,8,NO
WIP_SPLIT_DETAIL,X_WIP_SPLIT_DET_1,NONCLUSTERED,NO,NO,TRANSACTION_ID,1,NO
WIP_SPLIT_DETAIL,X_WIP_SPLIT_DET_2,NONCLUSTERED,NO,NO,TRANSACTION_ID,1,NO
WIP_SPLIT_DETAIL,X_WIP_SPLIT_DET_2,NONCLUSTERED,NO,NO,DIST_NO,2,NO
WIP_VAS,PK_WIP_VAS,CLUSTERED,YES,YES,WIP_VAS_ID,1,NO
WIP_VAS_SYNC,PK_WIP_VAS_SYNC,CLUSTERED,YES,YES,EVENT_ID,1,NO
WITHHOLDING,PK_WITHHOLDING,CLUSTERED,YES,YES,CODE,1,NO
WO_SCH_PRIORITY,PK_WO_SCH_PRIORITY,CLUSTERED,YES,YES,SCHEDULE_ID,1,NO
WO_SCH_PRIORITY,PK_WO_SCH_PRIORITY,CLUSTERED,YES,YES,WORKORDER_TYPE,2,NO
WO_SCH_PRIORITY,PK_WO_SCH_PRIORITY,CLUSTERED,YES,YES,WORKORDER_BASE_ID,3,NO
WO_SCH_PRIORITY,PK_WO_SCH_PRIORITY,CLUSTERED,YES,YES,WORKORDER_LOT_ID,4,NO
WO_SCH_PRIORITY,PK_WO_SCH_PRIORITY,CLUSTERED,YES,YES,WORKORDER_SPLIT_ID,5,NO
WO_SCH_PRIORITY,PK_WO_SCH_PRIORITY,CLUSTERED,YES,YES,WORKORDER_SUB_ID,6,NO
WO_SETUP_ATTRIB,PK_WO_SETUP_ATTRIB,CLUSTERED,YES,YES,WORKORDER_TYPE,1,NO
WO_SETUP_ATTRIB,PK_WO_SETUP_ATTRIB,CLUSTERED,YES,YES,WORKORDER_BASE_ID,2,NO
WO_SETUP_ATTRIB,PK_WO_SETUP_ATTRIB,CLUSTERED,YES,YES,WORKORDER_LOT_ID,3,NO
WO_SETUP_ATTRIB,PK_WO_SETUP_ATTRIB,CLUSTERED,YES,YES,WORKORDER_SPLIT_ID,4,NO
WO_SETUP_ATTRIB,PK_WO_SETUP_ATTRIB,CLUSTERED,YES,YES,WORKORDER_SUB_ID,5,NO
WO_SETUP_ATTRIB,PK_WO_SETUP_ATTRIB,CLUSTERED,YES,YES,ATTRIBUTE_ID,6,NO
WORK_ORDER,PK_WORK_ORDER,CLUSTERED,YES,YES,TYPE,1,NO
WORK_ORDER,PK_WORK_ORDER,CLUSTERED,YES,YES,BASE_ID,2,NO
WORK_ORDER,PK_WORK_ORDER,CLUSTERED,YES,YES,LOT_ID,3,NO
WORK_ORDER,PK_WORK_ORDER,CLUSTERED,YES,YES,SPLIT_ID,4,NO
WORK_ORDER,PK_WORK_ORDER,CLUSTERED,YES,YES,SUB_ID,5,NO
WORK_ORDER,X_WORK_ORDER_1,NONCLUSTERED,NO,NO,PART_ID,1,NO
WORK_ORDER,X_WORK_ORDER_2,NONCLUSTERED,NO,NO,STATUS,1,NO
WORK_ORDER,X_WORK_ORDER_3,NONCLUSTERED,YES,NO,TYPE,1,NO
WORK_ORDER,X_WORK_ORDER_3,NONCLUSTERED,YES,NO,BASE_ID,2,NO
WORK_ORDER,X_WORK_ORDER_3,NONCLUSTERED,YES,NO,LOT_ID,3,NO
WORK_ORDER,X_WORK_ORDER_3,NONCLUSTERED,YES,NO,SPLIT_ID,4,NO
WORK_ORDER,X_WORK_ORDER_3,NONCLUSTERED,YES,NO,SUB_ID,5,NO
WORK_ORDER,X_WORK_ORDER_3,NONCLUSTERED,YES,NO,SITE_ID,6,NO
WORK_ORDER,X_WORK_ORDER_4,NONCLUSTERED,NO,NO,POSTING_CANDIDATE,1,NO
WORK_ORDER,X_WORK_ORDER_5,NONCLUSTERED,NO,NO,SCHEDULE_GROUP_ID,1,NO
WORK_ORDER,X_WORK_ORDER_6,NONCLUSTERED,NO,NO,WAREHOUSE_ID,1,NO
WORK_ORDER,X_WORK_ORDER_7,NONCLUSTERED,NO,NO,SITE_ID,1,NO
WORK_ORDER_SCHED,PK_WORK_ORDER_SCHED,CLUSTERED,YES,YES,SCHEDULE_ID,1,NO
WORK_ORDER_SCHED,PK_WORK_ORDER_SCHED,CLUSTERED,YES,YES,WORKORDER_TYPE,2,NO
WORK_ORDER_SCHED,PK_WORK_ORDER_SCHED,CLUSTERED,YES,YES,WORKORDER_BASE_ID,3,NO
WORK_ORDER_SCHED,PK_WORK_ORDER_SCHED,CLUSTERED,YES,YES,WORKORDER_LOT_ID,4,NO
WORK_ORDER_SCHED,PK_WORK_ORDER_SCHED,CLUSTERED,YES,YES,WORKORDER_SPLIT_ID,5,NO
WORK_ORDER_SCHED,PK_WORK_ORDER_SCHED,CLUSTERED,YES,YES,WORKORDER_SUB_ID,6,NO
WORK_ORDER_SCHED,X_WRK_ORD_SCHD_1,NONCLUSTERED,NO,NO,PART_ID,1,NO
WORK_ORDER_SCHED,X_WRK_ORD_SCHD_2,NONCLUSTERED,NO,NO,WORKORDER_TYPE,1,NO
WORK_ORDER_SCHED,X_WRK_ORD_SCHD_2,NONCLUSTERED,NO,NO,WORKORDER_BASE_ID,2,NO
WORK_ORDER_SCHED,X_WRK_ORD_SCHD_2,NONCLUSTERED,NO,NO,WORKORDER_LOT_ID,3,NO
WORK_ORDER_SCHED,X_WRK_ORD_SCHD_2,NONCLUSTERED,NO,NO,WORKORDER_SPLIT_ID,4,NO
WORK_ORDER_SCHED,X_WRK_ORD_SCHD_2,NONCLUSTERED,NO,NO,WORKORDER_SUB_ID,5,NO
WORK_ORDER_SYNC,PK_WORK_ORD_SYNC,CLUSTERED,YES,YES,EVENT_ID,1,NO
WORKFLOW,PK_WORKFLOW,CLUSTERED,YES,YES,TYPE,1,NO
WORKFLOW,PK_WORKFLOW,CLUSTERED,YES,YES,APPLICATION_AREA,2,NO
WORKFLOW,PK_WORKFLOW,CLUSTERED,YES,YES,TEMPLATE_NAME,3,NO
WORKFLOW,PK_WORKFLOW,CLUSTERED,YES,YES,REFERENCE,4,NO
WORKFLOW,X_WORKFLOW_1,NONCLUSTERED,YES,NO,APPLICATION_AREA,1,NO
WORKFLOW,X_WORKFLOW_1,NONCLUSTERED,YES,NO,TEMPLATE_NAME,2,NO
WORKFLOW,X_WORKFLOW_1,NONCLUSTERED,YES,NO,REFERENCE,3,NO
WORKFLOW,X_WORKFLOW_1,NONCLUSTERED,YES,NO,EVALUATE_ON_TIMER,4,NO
WORKFLOW_EVENT,PK_WORKFLOW_EVENT,CLUSTERED,YES,YES,CREATE_DATE,1,NO
WORKORD_MILESTONE,PK_WORKORD_MILESTONE,CLUSTERED,YES,YES,WORKORDER_TYPE,1,NO
WORKORD_MILESTONE,PK_WORKORD_MILESTONE,CLUSTERED,YES,YES,WORKORDER_BASE_ID,2,NO
WORKORD_MILESTONE,PK_WORKORD_MILESTONE,CLUSTERED,YES,YES,WORKORDER_LOT_ID,3,NO
WORKORD_MILESTONE,PK_WORKORD_MILESTONE,CLUSTERED,YES,YES,WORKORDER_SPLIT_ID,4,NO
WORKORD_MILESTONE,PK_WORKORD_MILESTONE,CLUSTERED,YES,YES,WORKORDER_SUB_ID,5,NO
WORKORD_MILESTONE,PK_WORKORD_MILESTONE,CLUSTERED,YES,YES,MILESTONE_ID,6,NO
WORKORDER_AUDIT,PK_WORKORDER_AUDIT,CLUSTERED,YES,YES,SCHEDULE_ID,1,NO
WORKORDER_AUDIT,PK_WORKORDER_AUDIT,CLUSTERED,YES,YES,WORKORDER_TYPE,2,NO
WORKORDER_AUDIT,PK_WORKORDER_AUDIT,CLUSTERED,YES,YES,WORKORDER_BASE_ID,3,NO
WORKORDER_AUDIT,PK_WORKORDER_AUDIT,CLUSTERED,YES,YES,WORKORDER_LOT_ID,4,NO
WORKORDER_AUDIT,PK_WORKORDER_AUDIT,CLUSTERED,YES,YES,WORKORDER_SPLIT_ID,5,NO
WORKORDER_AUDIT,PK_WORKORDER_AUDIT,CLUSTERED,YES,YES,PASS_NO,6,NO
WORKORDER_AUDIT,X_WRK_ORD_AUDIT_1,NONCLUSTERED,NO,NO,SCHEDULE_ID,1,NO
WORKORDER_BINARY,PK_WORKORDER_BINARY,CLUSTERED,YES,YES,WORKORDER_TYPE,1,NO
WORKORDER_BINARY,PK_WORKORDER_BINARY,CLUSTERED,YES,YES,WORKORDER_BASE_ID,2,NO
WORKORDER_BINARY,PK_WORKORDER_BINARY,CLUSTERED,YES,YES,WORKORDER_LOT_ID,3,NO
WORKORDER_BINARY,PK_WORKORDER_BINARY,CLUSTERED,YES,YES,WORKORDER_SPLIT_ID,4,NO
WORKORDER_BINARY,PK_WORKORDER_BINARY,CLUSTERED,YES,YES,WORKORDER_SUB_ID,5,NO
WORKORDER_BINARY,PK_WORKORDER_BINARY,CLUSTERED,YES,YES,TYPE,6,NO
WORKORDER_SUMMARY,PK_WORKORD_SUM,CLUSTERED,YES,YES,SPID,1,NO
WORKORDER_SUMMARY,PK_WORKORD_SUM,CLUSTERED,YES,YES,WORKORDER_TYPE,2,NO
WORKORDER_SUMMARY,PK_WORKORD_SUM,CLUSTERED,YES,YES,WORKORDER_BASE_ID,3,NO
WORKORDER_SUMMARY,PK_WORKORD_SUM,CLUSTERED,YES,YES,WORKORDER_LOT_ID,4,NO
WORKORDER_SUMMARY,PK_WORKORD_SUM,CLUSTERED,YES,YES,WORKORDER_SPLIT_ID,5,NO
WORKORDER_SUMMARY,PK_WORKORD_SUM,CLUSTERED,YES,YES,WORKORDER_SUB_ID,6,NO
WORKORDER_TRC_CTL,PK_WORKORDER_TRC_CTL,CLUSTERED,YES,YES,WORKORDER_TYPE,1,NO
WORKORDER_TRC_CTL,PK_WORKORDER_TRC_CTL,CLUSTERED,YES,YES,WORKORDER_BASE_ID,2,NO
WORKORDER_TRC_CTL,PK_WORKORDER_TRC_CTL,CLUSTERED,YES,YES,WORKORDER_LOT_ID,3,NO
WORKORDER_TRC_CTL,PK_WORKORDER_TRC_CTL,CLUSTERED,YES,YES,WORKORDER_SPLIT_ID,4,NO
WORKORDER_TRC_CTL,PK_WORKORDER_TRC_CTL,CLUSTERED,YES,YES,WORKORDER_SUB_ID,5,NO